conditional_dnp,142687
unknown_artist,56851
third-party_edit,29900
sound_warning,16581
anonymous_artist,8914
manmosu_marimo,6638
fuf,5378
tom_fischbach,4637
lonbluewolf,4547
marsminer,4440
fuze,4337
aogami,3990
sssonic2,3894
felino,3771
twitchyanimation,3627
furball,3561
doneru,3558
freckles_(artist),3549
kittydee,3531
suirano,3475
matemi,3464
zp92,3320
nightfaux,3317
dimwitdog,3268
argon_vile,3238
kitsune_youkai,3238
kevinsano,3171
daigaijin,3122
winick-lim,3015
zourik,2980
hladilnik,2929
quin-nsfw,2911
mastergodai,2835
avoid_posting,2718
yawg,2717
limebreaker,2679
dagasi,2645
soulcentinel,2634
sugarlesspaints,2618
kloudmutt,2604
piper_thibodeau,2604
mleonheart,2523
jaeh,2490
fourssss,2490
inkyfrog,2470
feretta,2464
lizardlars,2462
bigdad,2455
avante92,2427
thecon,2426
smudge_proof,2422
dbaru,2406
kadath,2390
tokifuji,2386
aaron_(artist),2381
imperatorcaesar,2379
saltyxodium,2373
cold-blooded-twilight,2366
lewdchuu_(artist),2365
flinters,2362
ultilix,2343
jrvanesbroek,2314
trout_(artist),2306
james_howard,2284
miso_souperstar,2247
senz,2242
angstrom,2219
roly,2199
insomniacovrlrd,2188
chalo,2185
lustylamb,2152
shane_frost,2148
erobos,2141
joaoppereiraus,2123
atryl,2121
ber00,2068
replica_(artist),2060
frumples,2057
chromapan,2051
xing1,2041
oselotti,2028
lavenderpandy,2022
slugbox,2018
ruaidri,2011
max_blackrabbit,1996
drxii,1987
meesh,1974
somescrub,1968
backsash,1966
backlash91,1938
1upgobbo,1932
viroveteruscy,1930
jailbird,1923
fluff-kevlar,1917
anibaruthecat,1900
justmegabenewell,1891
the_weaver,1876
redout,1850
e-01,1847
hioshiru,1827
twinkle-sez,1822
kihu,1813
hyaku_(artist),1813
hooves-art,1802
flavia-elric,1801
redishdragie,1788
thunderouserections,1787
roobin,1787
sparrow_(artist),1777
f-r95,1772
gyrotech,1763
crystal-for-ever,1761
tailzkim,1758
gideon,1756
bgn,1747
vavacung,1740
pia-sama,1734
glacierclear,1727
badumsquish,1688
twistedscarlett60,1687
ayaka,1686
geeflakes,1678
jollyjack,1677
sacrificabominat,1677
badgerben,1657
watsup,1656
jerseydevil,1654
latiar,1646
flashw,1645
lumineko,1644
rick_griffin,1643
blitzdrachin,1640
peculiart,1628
pandottermon,1627
ventkazemaru,1626
sefeiren,1624
parasitedeath,1614
marauder6272,1612
scorpdk,1594
maldu,1593
sicmop,1593
eldiman,1591
marjani,1590
zwitterkitsune,1584
domi3d,1578
sepiruth,1575
vallhound,1574
thebigbadwolf01,1566
aoizuri,1566
patto,1565
sirjzau,1564
joelasko,1557
theboogie,1555
skidd,1551
asbel_lhant,1544
john_joseco,1542
tush_(artist),1542
tenshigarden,1537
kaboozey,1534
tiggybloom,1533
fuel_(artist),1525
arania,1518
sindoll,1518
conrie,1514
pocketpaws,1503
r-mk,1498
pickles-hyena,1491
darkflash23,1489
youjomodoki,1475
welwraith,1475
bristol,1466
zummeng,1461
pankallisti,1458
krazyelf,1457
softestpuffss,1456
siroc,1453
alythewolfcat,1452
marik_azemus34,1450
photolol.03,1449
modeseven,1448
galacticmichi,1448
fabfelipe,1435
mizzyam,1435
anti_dev,1434
jcosneverexisted,1431
ike_marshall,1425
thekinkybear,1421
cooliehigh,1420
vdisco,1410
tinygaypirate,1408
peritian,1404
rov,1398
whisperfoot,1398
munkeesgomu,1395
drako1997,1390
nicnak044,1388
loveslove,1385
vimhomeless,1384
type,1382
elpatrixf,1379
ritts,1372
kilinah,1368
wolfblade,1367
darkmirage,1362
os,1357
superix,1356
dream_and_nightmare,1350
diadorin,1349
ankk,1349
norithics,1348
kacey,1343
psy101,1343
bloominglynx,1343
anthroponiessfm,1340
winte,1338
yaroul,1327
ymbk,1325
gammainks,1324
bassybefuddle,1323
sebdoggo,1319
the_man,1318
pace-maker,1316
mainlinemojo,1308
enigi09,1306
superbunnygt,1303
57tears,1303
todex,1301
shiuk,1297
burgerkiss,1288
symrea,1284
scappo,1282
mysticalpha,1280
seraphictiger,1280
jay_naylor,1276
berseepon09,1273
azaleesh,1273
cotora,1269
bastionshadowpaw,1267
screwingwithsfm,1255
anchee,1254
thefuckingdevil,1251
zaush,1250
eric_schwartz,1247
zeiro,1246
dacad,1245
seyrmo,1245
96panda,1245
personalami,1243
crazydrak,1243
komdog,1242
makarimorph,1240
deonwolf,1236
jinti,1236
inu-sama,1235
lovewood_studios,1234
harmarist,1231
xxsparcoxx,1227
caroo,1224
iskra,1224
rainbowscreen,1221
kekitopu,1217
blues64,1214
zer0rebel4,1208
nurinaki,1207
pokefound,1207
carrot_(artist),1205
visionaryserpent,1203
kuroodod,1202
angiewolf,1200
ashraely,1199
seraziel,1196
style_wager,1193
thesecretcave,1189
funkybun,1188
commanderthings,1188
eliana-asato,1186
toto_draw,1186
redrusker,1185
spelunker_sal,1180
dullvivid,1179
metal_(artist),1179
bittenhard,1178
matospectoru,1178
e254e,1178
xnirox,1176
vrabo,1171
desertkaiju,1171
trinity-fate62,1170
kalnareff,1169
dracojeff,1168
nexus,1163
the-minuscule-task,1163
jinu,1163
thaismotosuwa,1162
itsunknownanon,1161
abluedeer,1159
plankboy,1153
tai_l_rodriguez,1153
ecmajor,1147
sunny_way,1145
walter_sache,1142
black-kitten,1140
notkastar,1139
tojo_the_thief,1138
merunyaa,1138
ratte,1136
denizen1414,1134
dreiker,1133
sevsartcave,1132
truegrave9,1131
arbuzbudesh,1131
yogoat,1130
chapaevv,1129
sbshouseofpancakes,1128
asthexiancal,1126
pochincoff,1125
kandlin,1124
rukifox,1124
noname55,1124
neurodyne,1120
milk-jug,1120
pache_riggs,1120
0r0ch1,1119
kammi-lu,1117
trevor-fox,1114
mr.pink,1113
ldr,1112
rudragon,1112
wfa,1112
elvche,1111
bunnybits,1110
malicekira,1105
klaide,1105
mellonsoda,1103
3barts,1099
boosterpang,1094
dirtymac,1093
kitfox-crimson,1092
iudicium86,1091
furryratchet,1088
ota_(artist),1084
superiorfox,1081
general-irrelevant,1080
hungothenomster,1080
diives,1078
doxy,1076
haychel,1074
ratcha,1073
w4g4,1070
iztli,1069
fasttrack37d,1068
jwinkz,1068
xenoforge,1066
negy,1066
tsudamaku,1064
cursedmarked,1063
epilepsy_warning,1063
t0l0k,1062
foxovh,1061
stargazer,1060
rukis,1059
wingedwilly,1057
s-nina,1056
falvie,1053
canisfidelis,1053
anaugi,1052
dhx2kartz,1051
animancer,1050
blackmore,1050
bigdon1992,1048
posexe,1048
nikkibunn,1048
doesnotexist,1048
jaspering,1047
teckworks,1046
nezumi_(artist),1046
demicoeur,1045
frist44,1044
quanjiang,1044
el-loko,1042
compfive,1040
zerofox1000,1039
halbean,1038
kenno_arkkan,1037
longinius,1036
riendonut,1036
lysergide,1034
tsampikos,1033
jamoart,1032
wolfy-nail,1028
slimefur,1028
jumperbear,1027
aer0_zer0,1026
dragonweirdo,1025
danaume,1024
xylas,1023
goonie-san,1023
corzh77,1023
dragonplayer,1022
tricksta,1020
doublestuffed,1019
kuttoyaki,1016
imanika,1014
atrolux,1013
rotten_robbie,1012
argento,1012
azura_inalis,1011
mykegreywolf,1010
chochi,1009
romman08,1009
mylafox,1007
javkiller,1006
sogaroth,1004
kimacats,1002
sylvanedadeer,1001
faint,1000
chrisandcompany,1000
bonk,999
syuro,996
heather_bruton,994
ivanks,993
spinal22,993
meldritchhorror,992
tattoorexy,991
mot,989
seth-iova,989
bobert,989
kusosensei,989
rymherdier,988
satsumalord,986
sealer4258,986
lichfang,984
accelo,981
dripponi,980
captain_nikko,979
bastriw,976
grimart,975
ittybittykittytittys,974
prrrrrrmine,974
sqoon,972
oystercatcher7,972
fearingfun,969
fidchellvore,969
lostgoose,966
oposa,966
mhdrawin,965
himeragoldtail,963
inuzu,962
riorix,961
pinumontbalou,961
rinny,960
verdantphysician,959
sonsasu,958
cyancapsule,957
weskers,956
koul,954
niis,951
longblueclaw,949
dreamy_pride,949
revadiehard,947
forsaken_(artist),947
akiric,947
nimzy,945
zeklullaby,940
braeburned,939
dragonfu,936
miles_df,935
spirale,935
sketchybug,935
glopossum,934
connivingrat,934
katie_hofgard,932
thewilldpink,930
sabretoothed_ermine,929
kitchiki,929
skipsy,928
lunalei,928
johnmarten,928
slb,926
digitaldomain123,925
tohupo,924
emenius,923
doctordj,923
kame_3,921
spazman,920
camychan,920
iwbitu,919
bzeh,918
bleats,918
masterelrest,918
totesfleisch8,917
sorafoxyteils,916
sexotheque,915
punkypanda,915
kenket,913
shikaro,913
an-tonio,913
furnut,912
r3drunner,910
phenyanyanya,910
daire301,909
princelykaden,909
kredri,908
sammfeatblueheart,908
pizademokttero,908
girlsay,908
danji-isthmus,907
kingofacesx,907
riddlr,906
sparkibarki,906
foxinshadow,905
senshion,905
sana!rpg,905
marcushunter,905
nauth,905
halcy0n,904
mcfan,904
iriedono,903
maddeku,902
oro97,901
klutzatdusk,900
lollipopcon,898
moki_(artist),897
tsaiwolf,896
thousandfoldfeathers,896
lizet,896
keadanger,896
purple_yoshi_draws,894
theblueberrycarrots,894
wugi,894
bjekkergauken,892
blotch,891
lightsource,890
fakeryway,890
jrjresq,890
marblesoda,889
ajna,886
pillowymounds,886
borvar,885
reysi,885
famir,885
ambris,883
chewycuticle,883
asnnonaka,883
wyntersun,882
nettsuu,881
elzzombie,881
flynx-flink,878
uniparasite,878
araivis-edelveys,878
kanel,877
bear213,876
teaselbone,875
voidlesky,875
sincastermon,875
arh,871
frozenartifice,871
vono,870
aomori,870
white_crest_(artist),870
dramamine,869
zinfyu,868
alanscampos,866
milkybot,863
dawmino,862
mewpan,859
kanashiipanda,859
lavilovi,858
gorsha_pendragon,857
ceehaz,857
zooshi,856
isvoc,856
caliluminos,856
fierglief,854
schwoo,854
guncht,854
san_ruishin,853
bubblepuppers,853
furlana,851
neko-me,850
marlon.cores,849
elfdrago,848
isolatedartest,848
deaic,848
darkgem,845
harnny,845
someth1ngoranother,844
reagan700,843
the_giant_hamster,843
byondrage,843
shermugi,841
doug_winger,840
mehdrawings,838
kasdaq,837
danza,836
mr-shin,836
deadassspider,836
sandwich-anomaly,835
chunie,835
foot_ninja15,835
lordstevie,832
ponporio,832
boo3,831
sususuigi,831
santanahoffman,831
twostrokemouse,831
crovirus,830
jakethegoat,828
bna_v5,827
suelix,826
the_gentle_giant,825
uromatsu,825
rajii,823
unknowhiter,823
slypon,822
heresy_(artist),822
mustachemutt,822
jedayskayvoker,821
vylfgor,820
evehly,820
reilukah,820
sunibee,818
naughtyjester,816
elvofirida,816
mariart,816
tentabat,814
kokukokuboo,814
artdecade,810
viola_bat,809
inuki,807
nawka,807
icy-marth,807
makotoo,807
zyira,806
doomthewolf,806
zackary911,805
viejillox,804
magnaluna,803
dragk,802
oob,802
trias,801
teil,801
ze_blackball.d,801
yaoifairy,800
slashysmiley,800
tegerio,798
paperclip_(artist),796
bakuhaku,796
gillpanda,795
pata,795
topazknight,794
toby_art,794
renabu,794
jesterghastly,794
malachyte,793
renegade-157,793
megane_inu,792
dbd,791
thegreatmatsutzu,791
kogito,791
kazuhiro,789
mamabliss,789
dark-moltres,787
raveneevee,786
sepiaflux,786
xilrayne,785
plagueofgripes,784
neotheta,784
sulfurbunny_(artist),784
caribou_(artist),783
hunterramirez,783
tansau,783
roadiesky,782
pgm300,781
dr_comet,780
noodlestoat,780
tlt_echelon,779
kyotoleopard,779
furronika,778
tridark,777
torakuta,777
narse,775
kyrosh,775
smileeeeeee,774
daftpatriot,774
haps,774
selenophile,772
enaic31,772
tepigfan101,771
ebonychimera,771
fab3716,770
bloowolfy,769
masterj291,768
buta99,768
kabscorner,768
yakovlev-vad,767
sprockeyart,767
lazydez,765
feralise,765
foxenawolf,765
s2-freak,764
hyattlen,764
sukebepanda,763
007delta,763
cornchip21,763
gaikiken,763
quotefox,762
castbound,760
johnfoxart,760
sabrotiger,759
alradeck,759
bahnbahn,759
blackfox85,758
vju79,758
minus8,757
excito,757
nakoo,757
yshanii,757
oouna,756
jackrabbit_(artist),756
franubis,754
digitoxici,754
husdur,754
stevethedragon,754
dedoarts,752
negoya,752
milachu92,751
raccoondouglas,751
lunaris_parukia,750
wittless-pilgrim,750
smite_(artist),750
themefinland,749
pokehidden,748
colossalstars,748
magenta7,746
nexcoyotlgt,746
inno-sjoa,746
karno,745
daiidalus,745
thevarking,745
alasou,744
ravoilie,742
aycee,741
4chan_anon,741
blokfort,741
illegaleel,741
black-rat,740
kyander,739
nateday,738
silverfox5213,738
smutbooru,737
james_m_hardiman,736
hattonslayden,736
zerolativity,736
bambii_dog,736
arashidrgn,735
nx-42,735
acstlu,734
gmad,733
marthedog,732
mytigertail,732
jaynatorburudragon,732
ravrous,731
ralek,731
amberpendant,730
iggi,729
sligarthetiger,729
gimka,729
monstercheetah,729
shakotanbunny,729
tehbuttercookie,728
bucked,728
acidic,726
indigosfm,726
estories,726
symm,725
foxinuhhbox,725
dangpa,724
gerrkk,724
dutch_(artist),723
rainbowsprinklesart,723
blackbetty,723
nana_gel,722
eleacat,722
wooled,722
tbid,722
buxbi,720
plaga,720
chumbasket,720
kazecat,719
yakantuzura,719
had0u,719
ungulatr,717
trashbadger,717
shamelesss,716
purplepardus,715
seamen,715
tggeko,715
nevobaster,715
utterangle,715
thejoyfuldragon,714
takagi_kyou,713
saucymauler,713
shinysteel,712
fizzyjay,712
nepentz,712
smekbo,711
snowstormbat,711
sailoranna,710
sigenoya,710
aka6,710
chowdie,709
cheezayballz,709
zeromccall,709
inkit89,709
0ct0m0n0,709
cracky,708
hardyboy,708
nekocrispy,708
mewgle,708
nitani,708
manika_nika,708
grypwolf,707
aruurara,707
predaguy,706
0laffson,706
ripli,706
rodricoro,706
sarox,706
killthe_demon,706
catmonkshiro,705
jackaloo,705
nauyaco,705
soina,704
dongitos,703
goopyarts,703
reina.,703
higgyy,702
hyilpi,702
kthanid_(artist),701
beastofeuthanasia,701
hyenaface,700
shaibey,700
bravo,699
borisalien,699
reign-2004,698
rayliicious,698
phathusa,697
averyshadydolphin,697
skylosminkan,697
harlem,696
salamikii,696
crownedvictory,696
ni70,696
fivel,695
crepix,695
cottontail,695
nobby_(artist),695
moodyferret,694
elfein,694
ruth66,694
satsukii,692
syvaron,692
alfa995,691
trufzn,691
lovelesskiax,689
dakkawoof,689
saku1saya,688
mofuaki,687
zeriara,687
creatiffy,687
chano,687
karabiner,686
skoon,686
kiseff,686
rayhuma,686
miu,685
shaolin_bones,685
wolflong,685
link2004,685
redpixie,685
skeletorskeletonized,685
jarnqk,684
angrboda,683
lagotrope,683
foxball,683
isyld,683
nokamiwd,683
leonifa,682
submarine_screw,682
mcsweezy,681
penguinexperience,681
morethreedee,681
kostos_art,679
utopianvee,679
desbjust,678
cainesart,678
dafka,678
damian5320,678
alcorart,678
ozoneserpent,677
xpray,676
mdgusty,676
pikajota,676
latchk3y,676
adios,675
grisser,674
pandashorts,674
sunnyclockwork,672
bunnywhiskerz,672
changbae,672
discordthege,671
omny87,670
corablue,670
lunate,667
amwulf,666
karnator,666
smitty_g,664
don_ko,664
teathekook,663
electricplasmid,662
zedrin,661
raikissu,661
inunoshippo,661
asaneman,661
toughset,660
ketty,660
t72b,660
aztepyeen,660
syngie,660
ruanshi,659
yuguni,658
secretly_saucy,658
himimi,658
shannonrat,658
king-cheetah,657
kinkymation,657
pu_sukebe,657
manitka,657
pridark,656
azuma_minatsu,656
coffeechicken,655
agitype01,655
lawyerdog,655
hyperstorm_h,655
rapel,654
complextree,654
ajin,652
spotty_the_cheetah,652
meraence,652
shonuff,651
blackshirtboy,651
feliscede,651
incase,650
plantpenetrator,650
booboo34,650
bigshow,649
bikupan,649
wastedtimeee,648
oddbird,648
bobbydando,647
ratofdrawn,647
gin-blade,647
ifus,646
the_other_half,646
dnp101,646
solaxe_(artist),646
narusewolf,646
dasharky3d,646
nekowuwu,645
coyotek,644
nerdbayne,644
moddish,644
dsan,643
link6432,643
discreet_user,643
toxoglossa,642
juiceps,642
plushtrapboyuwu,641
kaylii,640
babystar,640
el-k,640
zi0808,639
lunarii,639
valkoinen,638
foxboy83,637
leobo,637
codyblue-731,637
kiffy_(artist),637
terrie_smith,636
ziegelzeig,636
kristiana_puff,636
takahirosi,636
cettus,636
itsymitsy,636
furfragged,635
gewitter,635
guoh,635
advos,635
kotobuki,634
chrysalisdraws,634
lonnyk,634
fourball,633
rika_(artist),633
redxbacon,633
callmewritefag,633
tenebscuro,632
larru-larru,632
pasaran,631
shoutingisfun,631
slavedemorto,631
seibear,631
nukerooster,631
stemingbunbun,631
viper-desires,630
booponies,629
bacn,629
magnetus,629
napalm_express,629
lycangel,628
arizonathevixen,628
fiercedeitylynx,628
ketzio,627
k-9,626
virmir,626
rairai-no26-chu,626
mcfly0crash,626
picturd,626
hierophant_green_(artist),626
kitsunewaffles-chan,625
yookie,625
anglo,625
wonderslug,625
catjamn,625
polygon5,624
wolfyalex96,624
dark_nek0gami,623
karol_pawlinski,623
kaboozle,623
1boshi,623
lockworkorange,622
phosaggro,622
jhenightfox,622
jarlium,622
izzy223,621
signirsol,621
strega,620
dumdum,620
daigo,619
vader-san,619
poulet-7,619
naughtymorg,619
yasmil,619
knightmoonlight98,619
jindragowolf,618
anthroanim,618
puggy,618
cadaverrdog,617
ficficponyfic,616
snao,616
baron_engel,615
maririn,615
ocaritna,615
minum,614
mystikfox61,614
vexstacy,614
dewwydarts,614
shido-tara,614
inuhoshi-to-darkpen,613
fetishame,613
swaybat,613
takotyutyu,612
gingy_k_fox,612
semiitu,612
ultimatellurker,612
beanontoast,612
luckypan,611
pudgeruffian,611
j7w,610
dm29,610
mcfli,610
delki,610
mdthetest,610
scruffythedeer,609
sigma_x,608
wolflady,608
grinn3r,608
jubb,608
zaviel,608
ncs,608
omegasunburst,607
dododragon56,607
max_draws,607
exed_eyes,606
efradraws,606
hakkentai_pkdn,606
evilymasterful,605
iguanasarecool,605
janner3d,605
murazaki,605
garouzuki,604
meatboom,604
cherrikissu,604
bunnykisses,604
fatal_dx,604
cocolog,603
enookie,603
artsy-theo,603
chokovit_(artist),603
8-bit-britt,603
s1m,603
kishibe,602
lamiaaaa,602
valsalia,602
zex,602
reptilligator,602
skylardoodles,602
band1tnsfw,602
thatdawgmurray,602
dashboom,601
thewyvernsweaver,601
frenky_hw,601
msdeadsoul,601
kwik_(artist),601
marco_fanjul,601
korichi,600
kiaun,600
v-tal,600
strawberrytfs,600
laser_(artist),599
zetsin,599
tatsuchan18,599
trashtoonz,599
xlkev,599
pony_dreaming,599
lightmizano,599
snoopjay2,598
ziran,598
speeds,597
blackjr,597
suishou0602,597
no_swift,596
porin,596
ghostoast,596
vonboche,595
kardie,595
ingi,593
feversfm,593
tabbiewolf,592
lotusgarden,592
orlandofox,592
prsmrti,592
carsen,592
tsitra360,591
sincrescent,591
lazysnout,591
fenrir_lunaris,590
dash_ravo,590
machinewithsoul,590
skelly_doll,590
zlut385,590
chilllum,590
julius_zimmerman,589
ryunwoofie,589
wolfeed,589
lyme-slyme,589
brian_mcpherson,588
roy_mccloud,588
syrios,588
12beat13,587
nutty_bo,587
skecchiart,586
derek_hetrick,586
rockthebull,586
faf,585
chango-tan,585
alec8ter,585
crushpepper,585
cranebear,585
rem_phase,585
doppel,584
catcouch,583
kespr,583
alsoflick,583
bigcozyorca,583
silfoe,582
dekomaru,582
gothbunnyboy,582
jijis-waifus,582
blazethefox,582
natysanime,581
devo87,581
dalwart,581
tetsushi,581
hibbary,580
starit,580
mifa,580
alorix,579
twiren,579
melonleaf,578
gotobeido,578
lyorenth-the-dragon,578
hinata_sakamoto,578
drow462,578
paper-wings,577
qlock,577
koorivlf,577
somik,577
mrt0ony,577
sonofan,577
keishinkae,576
setouchi_kurage,576
sundown_(artist),576
youwannaslap,576
omesore,576
nr_ac,576
dirtyscoundrel,575
wildblur,575
smogville,575
supersatanson,574
glitched_securitron,574
nishi_oxnard,573
vf-01s,573
modem_redpill,572
zenthetiger,572
sunitai,571
glitter_trap_boy,571
anutka,571
diacordst,571
pencil_bolt,571
hallogreen,570
kyrakupetsky,570
ancesra,570
prometheuzone,570
quillu,569
scalesindark,569
cybercat,568
crisis-omega,568
aduran,568
wolfie-pawz,568
infinitedge,567
virito,567
gavbat,567
stormdragonblue,566
tanutanuki,566
unknown_artist_signature,565
whygena,565
maynara,565
banana_da_boi,565
cloudeon,565
shadman,564
dashthefox,564
furryrevolution,563
misterstallion,563
ipoke,562
lion21,562
dtalvi,562
captainjohkid,562
kissxmaker,562
juicyducksfm,562
richard_foley,561
dengon,561
sijimmy456,561
sonyan,561
corrsk,560
theblackrook,560
bobthetanuki,560
securipun,560
madmax,559
oksara,559
cownugget,559
euyoshi89,559
tanukiarts,559
thekidxeno,559
snowskau,558
felicia_cat,558
thehades,558
my700,558
foxgumie,557
pusspuss,556
cobalt_snow,556
dashie116,556
horokusa0519,556
rockbottomfeeder,556
jeri_kleinlowe,555
kajinchu,555
hoot_(artist),555
kola_(artist),554
incorgnito,554
poofroom,554
blubluumon,554
letodoesart,553
mercurial64,553
derpx1,553
muzz,552
jbond,552
twang,552
vipery-07,552
inumatori,552
boot_(artist),552
kinsheph,552
sachasketchy,552
vesper_art,552
jyto,551
syrinoth,550
azathura,550
coffeefly,550
enginetrap,550
pawpadcomrade,549
ben300,548
justathereptile,548
milkteafox,548
papadragon69,548
tekandprieda_(artist),548
batspid2,548
nedoiko,547
dark_violet,547
evomanaphy,547
zafara_(artist),547
aennor,547
opqhlak,547
kaion,547
angellsview3,547
kakhao,547
tohilewd,546
mr_harinezumi,546
starfighter,545
kaitycuddle,545
amur,545
natoli,545
saidra,545
sharkysocks,545
thebigmansini,544
thony_dog,544
honovy,544
krokobyaka,544
dlrowdog,544
nullraihigi,544
huskii-s,544
brushfire,543
satsuki_rabbit,543
willitfit,543
knight_dd,543
mrsakai,543
fred_perry,542
dktorzi,542
underpable,542
bearlovestiger13,542
dryadex,542
pururing,542
0119_muu,542
dreyk-daro,542
lvlirror,542
lewd_dorky,542
maverick,541
kirbot12,541
ishiru,541
viskasunya,541
reclamon,540
elbestia,540
chelodoy,540
noviraine,540
presialexander,540
lord_magicpants,539
dmxwoops,539
cobu,539
mizo_ne,538
caluriri,538
rufciu,538
bluecoffeedog,538
cerealharem,538
shirokoi,538
grumpy_griffin_creations,538
kuribon,538
cotton_(artist),537
wolftacos,537
tatu_wani_(artist),537
aeolus06,536
el-gallo,536
zinnick,536
maiteik,536
shinigamigirl,535
nanoff,535
rikose,534
tinydeerguy,534
screamoshaymin,534
vkyrie,533
smooshkin,533
agroalba,533
namagakiokami,533
wizzikt,533
tierafoxglove,531
latex_(artist),531
zephyxus,531
twistcmyk,531
naomy,530
lettuce_(artist),530
yamatokuroko965,530
fureverick,529
doggomeatball,529
kuroran,529
danellz,528
rakisha,528
katahane3,528
marie_merkh,528
purplebirdman,528
tarobandit,528
shyryp,528
mcnasty,527
geekidog,527
raccoon21,527
dankflank,527
kicktyan,526
sollyz,526
dabelette,526
rotten_owl,526
nikraccoom,526
teastuff,526
cocomania,526
oatmealpecheneg,525
alacarte,524
ewgengster,524
rilex_lenov,524
haolde,524
sweet.lemons,523
zombikiss,522
plna,522
virtyalfobo,521
aimi,521
re-sublimity-kun,521
qwertydragon,521
realius,521
joykill,520
cydonia_xia,520
ed_mortis,520
artonis,519
plaguedogs123,519
spicykiwi,518
tailtufts,517
rz54,517
twotail813,516
slightlysimian,516
ichduhernz,516
za-owl,516
conoji,516
fdokkaku,515
petresko,515
karakylia,515
ikakins,515
tontaro,515
kingbeast,514
chigiri,514
raunchyhaunches,514
lynncore,514
nathanatwar,514
blackbear,513
himerosthegod,513
arsauron,513
nastycalamari,513
draeusz,513
kittentits,512
aseethe,512
b-epon,512
zhengfox,512
hasukii,512
thericegoat,512
kami-chan,511
steelshark,511
shamziwhite,511
dain_4201,511
seiiartworks,511
robyn_paperdoll,510
dr.bug,510
custapple,510
krezz_karavan,510
zambs,510
teavern,510
snoiifoxxo,510
nelly63,509
rayka,509
jooshy,509
rimentus,509
silent_e,509
rickleone,509
umbraunderscore,509
braford,508
holivi,508
trigaroo,508
ezukapizumu,508
heartlessangel3d,508
tderek99,507
herny,507
princess_hinghoi,507
tsukune_minaga,507
naircat,507
shinodage,506
dustyerror,506
novaspark,506
steel_cat,506
freepancakes,506
sanders,505
trixythespiderfox,505
salaciouslx,505
marshmallow-ears,505
olkategrin,505
thepatchedragon,505
kevwrite,505
jam_(artist),504
marumytami,504
psychorodent,504
mynka,504
monarquis,504
b-ern,503
whisperingfornothing,503
yupa,503
dieselbrain,502
huffslove,502
libra-11,501
davidsanchan,501
rabbity,501
liveforthefunk,501
chikiota,501
thecore34,501
droll3,500
akitaka,500
rubber_(artist),500
horrorbuns,500
mosa,500
hyoumaru,500
musikalgenius,500
tacticalfur,500
smushpretzel,500
camseven,500
billynr,500
azelyn,499
prince-vulpine,499
puppkittyfan1,499
kikurage,498
daredemon7000,498
spectrumshift,498
padjetxharrington,498
cuchuflin,498
al_gx,498
meandraco,497
benji_(artist),497
thehumancopier,497
bebebebebe,497
rapistwerewolf,497
clyde_wolf,497
el_booki,497
tinydevilhorns,497
llametsul,497
gnaw,496
kuroma,496
mike_sherman,496
schmutzo,496
claweddrip,496
hexteknik,495
darkdoomer,494
snofu,494
fluttershythekind,494
gabshiba,494
dizzymilky,494
edtropolis,493
rossciaco,493
melianah,493
fennephilim_fox,493
tolerain,493
mnxenx001,492
nuzzo,492
ultrabondagefairy,492
ei-ka,492
tall_lizzard_(artist),492
solterv,492
welost,492
pancaketiffy,492
cmitchell,492
michele_light,491
sr,491
aintsmart,491
mr.smile,491
theycallhimcake,491
bikomation,491
dragmon,490
trioami260,490
yurusa,490
idlepotoo,490
lost-paw,489
kero_tzuki,489
pacevanrign,489
prismanoodle_(artist),489
kyleroo,489
miniferu,488
thevale,488
sergeantyakirr,488
kaviki,488
manwithnobats,488
autumm_airwave,487
tutifruti_(artist),487
hardscales,486
jooper,486
nextel,486
twintails3d,486
inprogress,486
granitemcgee,486
geminisaint,485
matypup,485
smashmat,485
darknaigart,485
freeflyspecter,484
usnarbit,484
tekahika,484
cocoline_(artist),484
thatoneaceguy,484
crowundeadcat,484
nnecgrau,483
missy_(artist),483
ashley-arctic-fox,483
edjit,483
mawmain,483
dr.kiyo,483
woebeeme,483
null-ghost,482
vulapa,482
animew,482
suurin_2,482
blasticussaturn,482
bitebox64,482
kori-nio,481
r!p,481
primodrago,481
teranen,481
ariannafray_pr,481
potoobrigham,481
oddjuice,481
nightterror,480
drks,480
doodle_dip,480
jay-r,480
thedarkzircon,480
o-kemono,479
terdburgler,479
not_safe_for_reality,479
dexstar,479
liryal,479
the_dark_mangaka,478
masterploxy,478
doodledoggy,478
spazzykoneko,477
lurking_tyger,477
repzzmonster,477
katfishcom,477
aspirindabaitu,477
volkokot,477
thewill,476
frankly-art,476
birdpaw_(artist),476
holly_marie_ogburn,475
vitrex,475
sanguine_paladin,475
risenpaw,475
doost,475
spuydjeks,475
louart,475
grindavikbydaylight,474
dream_mirage,474
kiddie_jukes,474
mirapony,473
nommz,473
eiroru,473
eclipticafusion,473
fumiko,473
seven_(artist),473
istani,472
nobody147,472
kinoshita-jiroh,472
yordraw,472
artlegionary,472
shutterflyeqd,471
senimasan,471
zombieray10,471
meatshaq,471
biobasher,471
bomb_(artist),470
crackers_(artist),470
nulloffset,470
goolee,470
ok_bruh,470
bloo,469
juzztie,469
merrunz,469
roy_arashi,469
dalipuff,469
cosmiclife,469
lechecker,469
baileyx,469
nukochi,468
aaron_amethyst,468
brownieclop,468
sagestrike2,468
daikuhiroshiama,468
zeta-haru,467
fastrunner2024,467
goudadunn,467
tahlian,467
keke_(artist),467
daserfomalhaut,467
cumbread,467
darknsfwindie,467
flyingtrace,467
katsuke,466
cactuscacti,466
pencils_(artist),466
oogamikennta,466
flutterthrash,466
skeleion,466
captainkirb,466
sorc,466
edmol,465
blueballs,465
umpherio,465
keeltheequine,465
unrealplace,465
eigaka,465
testowepiwko,465
arufina_w,465
megacoolbear_(artist),465
ivorylagiacrus,465
nagifur,465
impishhyena,465
masshiro,464
wbnsfwfactory,464
ecru_(artist),464
electroporn,464
naive_tabby,464
gazaster,464
akatan_art,464
mykiio,463
puddingpaw,463
chloe-dog,463
hacony,463
yourdigimongirl,463
markwulfgar,462
helsy,462
sebafox,462
amocin,462
mancoin,462
kencougr,462
sarek_aran_desian,462
xytora,462
reindeerviking,462
ryuko_rose,462
ugly-rat15508,462
pichu90,461
wherewolf,461
spicyocean,461
jackalope_(artist),461
raljoy,461
aktiloth,461
nikoyishi,461
steamyart,461
blen_bodega,461
tuke,460
kageyama,460
hazakyaracely,460
dandi,460
pltnm06ghost,460
tyunre,460
casparr,459
rrowdybeast,459
fuchs,459
silvergrin,459
croiyan,459
ninetht,459
bnbigus,459
moesouna_gomi,459
drunk_oak,459
khayen,458
daxhush,458
twerpishimp,458
ark_warrior,457
kaylafox,457
dudedle,456
takataka,456
kamperkiller_(artist),456
outta_sync,456
jeanwoof,456
konzaburou,455
cudacore,455
mxl,454
nikiciy,454
sellon,454
picti,454
luxurias,454
shepherd0821,453
firetally,453
tyson_tan,453
haaru,453
zorro_re,452
zzvinniezz,452
roksim,452
catherinemeow,452
wick_(artist),452
shriekingmagpie,452
aaaninja,451
dragontheshadows,451
kuroame,451
gaokun,451
sidnithefox,451
cev,451
skyelegs,451
piero03432812,451
kinkykong,451
gaiki,451
skykain,450
nihilochannel,450
amazinggwen,450
pkfirefawx,450
dracreloaded,450
amegared,449
hoodie_(artist),449
phuufy,449
durg_(artist),449
mikrogoat,449
kapri,449
punkpega,449
ukan_muri,448
paddedulf,448
mr_rottson,448
1ceberg,448
splashyu,448
mr.brapion,448
cerberussenn,448
thestory,447
gaturo,447
bernielover,447
hinar_miler,447
kardinaluz,447
electricsnowfox,447
romarom,447
scificat,446
shyguy9,446
kurtassclear,446
zhanbow,446
coffee_demon,446
casloafy,446
koveliana,445
drmax,445
gi0,445
stupidgnoll,445
aromatic_hyena,445
fruitbloodmilkshake,444
nsfwzhenya,444
amakuchi,443
megasweet,443
hatake,443
chiro_(artist),443
schwarzfox,443
saintversa,443
dradmon,443
cloufy,443
rekin3d,443
yellowluster,443
toyomaru,442
michiyoshi,442
alexaxes,442
david_lillie,442
wmdiscovery93,442
gylala,442
noill,441
yuniwolfsky,441
vera_(artist),441
audrarius,440
cannibalistic_tendencies,440
thatblackfox_(artist),440
toshi_(artist),440
fermusieboir4,440
ai_assisted,440
bluebean,439
kakuteki11029,439
avioylin,439
gusta,439
jishinu,439
scale_(artist),438
j5furry,438
klongi,438
the-alfie-incorporated,438
undeadkitty13,438
neytirix,438
fredek666,438
toonarscontent,438
lechugansfw,438
papayafurry,438
trainer-mana,438
fir3born,437
vermelhatan,437
artca9,437
tylerstark,437
gold-white-kott,437
shinkaku,437
alectorfencer,436
hitec,436
sunnyowi,436
stylusknight,436
panken,436
kbiscuitcat,436
vu06,435
syynx,435
hane,435
sirmasterdufel,435
koorinezumi,435
mintyspirit,435
thecatnamedfish,435
qwerty_soda,435
zgf_art,435
evilbanana,434
fladdykin,434
scarlanya,434
friztwolf,434
tenaflux,433
redemption3445,433
akitokit,433
kamelotnoah,433
icelectricspyro,433
skye3337,433
poisonsneksoffie,433
nekostar,432
drgraevling,432
sfrogue,432
heylaw21,432
vhkansfweer,432
zhadart,432
plundered,432
hirurux,431
shirokoma,431
kick_(artist),431
ulitochka,431
anonymousfm,431
jonas-puppeh,430
erunroe,430
avencri,429
chokodonkey,429
nirvana3,429
robertge,429
utsuki_maito,429
howlfeiwolf,429
mr.under,429
da3rd,429
wolfpsalm,429
dogear218,429
hauringu,429
alanisawolf777,429
tgt1512,429
kabula_(artist),429
nekoni,429
seff_(artist),429
toots,428
mumu202,428
tzarvolver,428
patohoro,428
mickey_the_retriever,428
ariveil,428
devil-vox,428
rooking,428
djayo,428
spike_the_furry,428
lodi_(artist),428
blu3danny,427
neko3240,427
loshon,427
bambookat,427
xlyuz,427
akkusky,426
modca,426
underscore_b,426
sake_kemosalmon,426
vorechestra,426
i_am_kat95,426
jiqqy,426
tochka,425
loverofpiggies,425
krekk0v,425
bonifasko,425
littlesheep,425
colrblnd,425
brolaren,425
ricky945,425
wayesh,425
parooty,425
skywater,425
jonas,424
iko,424
photonoko,424
fenn.perrox,424
minedoo,424
blarf022,424
svarz,424
blargsnarf,423
tydrian,423
viwrastupr,423
lawkie,423
aozee,423
areye_(artist),423
foxynoms,423
yowesephth,422
stoopix,422
kambo,422
elronya,422
macmegagerc,421
tonytoran,421
thepurp,421
completealienation,421
clockhands,421
smokyjai,421
hikari_gamba,421
melaisen,421
zomacaius,420
filthypally,420
bucklebunny,420
sarcolopter,420
ashimaroo,420
beargarbage,420
skullwife,420
hayakain,419
xaenyth,419
nishikunsp,419
thathornycat,419
silentjack,419
amad_no_moto,418
snuddy,418
dawnlux,418
ziffir,418
nauticalcanine,418
chibineco,417
metalfox,417
noise_(artist),417
crackiepipe,417
kionant,417
singafurian,417
aymbord,417
axoarts,417
super-tuler,416
ke_mo_suke,416
zeekzag,416
zillford,415
darky,415
virus-20,415
nowandlater,415
lapatte,415
taran_fiddler,415
mariano,414
inuyuru,414
hijackerdraws,414
gudlmok99,414
lostdragon01,413
penlink,413
boris_noborhys,413
umisag85rabb99,413
illbarks,413
toxicsoul77,413
veyll,412
ken_sugimori,412
tohfu,412
fox_whisper85,412
cervina7_(artist),412
chibsarts,412
lunlunfox,412
vestina,412
p_rindustries,412
pyruvate,411
marenlicious,411
inshi,411
aoino,411
aimbot-jones,411
sunhuiz,411
son2j,411
cyberdaydream,411
fek,410
devilscry,410
skweekers,410
xjenn9,410
pawzzhky,410
jizoku,410
kuma,409
habbodude,409
killioma,409
eerieviolet,409
capaoculta,409
thendyart,409
nonbinary_bunny,409
blithedragon,408
raptor007,408
antiroo,408
dannoitanart,408
mrxrickyx,408
whitephoenix52,408
chatski,408
upai,408
outletdraws,408
demien,407
houtengeki,407
darkluxia,407
not_a_furfag,407
gunmouth,407
bbc-chan,407
km-15,407
tolsticot,407
nuclearwasabi,407
hyucaze,407
azuza,407
leothelionel,407
djpuppeh,406
orange-peel,406
ujishiyo,406
lemondeer,406
9x9,406
chasm006,406
amaichix,406
ekkokenight,406
polyle,405
appelknekten,405
trooper036,405
jamminbison,405
zingiber,405
aygee,405
gekasso,405
dustin_c,405
miramore,405
fake_face_(artist),405
dolorcin,404
tgwonder,404
fsmaverick,404
cloudz,404
bowserboy101,404
jeffthehusky,404
meganemausu,404
beingobscene,404
stogiegoatarts,404
odisia,404
roxythefoxy,404
nyankone,404
chimeracocks,404
khaimera,404
herro,403
reccand,403
darkdraketom,403
ziggie13,402
otterjunk,402
berk_rider,402
cranihum,402
saruuk,401
tacokurt,401
tyroo,401
kaeritai07,401
raiyk,401
yousan,401
james_andromeda,401
cricket-inc,400
folwilliar,400
inert-ren,400
krd,400
replytoanons,400
doctor-sfm,400
hotkeke1,400
lilmoonie,400
komenuka_inaho,400
bighornsheep_(artist),400
rabid,399
kokoro-doll,399
box_xod,399
bit-small,399
kingdraws,399
lovetopullmicke,399
shi_nominmin,399
lurkin,399
feral_frenzy,399
binturongboss,399
banco,399
jeffusherb,398
keffotin,398
spoogiehowl,398
chibitay,398
nyuunzi,397
ictonica,397
mindmachine,397
cocicka,397
bassenji,397
lustragon,397
redeye,396
cosmicminerals,396
soul-silver-dragon,396
eri-yo,396
captainjingo,396
jmg,396
asheraart,396
kolkolukija,396
porldraws,396
luciamaribela,396
atoastedorange,396
crookedtrees,395
68_(artist),395
saransaran,395
kamui_shirow,395
missphase,395
sweetcreamfizz,395
ikutasemi,395
disfigure,394
bypbap,394
kyaramerucocoa,394
bisamon,394
danandnite,393
comatose,393
safiru,393
renthedragon,393
neverneverland,393
spaca,393
alna_fratcher,393
galehowl,393
denlusty,393
pokegontc,393
mt_tg,393
nariikhan,393
spazzyhusky,392
presto_(artist),392
skidoo,392
proxicute,392
pngx,392
unie,392
tetetor-oort,391
chaoscroc,391
whimsydreams,391
battler,391
jamearts,391
julicat,391
oldshep,391
furboz,390
markie,390
sayuncle,390
kisukemk777,390
kraken_(artist),390
pabbley,390
thecumrat,390
lucreteer,390
arwenscoots,390
daemont92,389
feralcatalyst,389
kiss_the_carrot,389
ouka,388
wolfkidd,388
strikeanywhere,388
deymos,388
waddledox,388
dotkwa,388
atherol,388
oaks16,388
subakitsu,388
piporete,388
misx,388
solarlewds,388
muskie,387
timidwithapen,387
bastika,387
taurika,387
roarey_raccoon,386
wolflance,386
kammymau,386
hector21314,386
wooky,386
pure_command,386
boneitis,385
luraiokun,385
redoxx,385
cobatsart,385
succubi_samus,385
expand-blurples,385
jigglyjuggle,385
yaki_atsuage,385
carliabot,385
lobokosmico,385
viosgit,385
drstrangeluvve,385
nitro,384
marmalademum,384
zoyler,384
gcfmug,384
toomuchdynamite,384
nyaswitchnya,384
yagi_b._(artist),384
delicatessen,383
sinfulwhispers15,383
raburigaron,383
dsw7,383
alyrise,383
hemuchang,383
stylish_apollo,383
chazcatrix,382
shirako,382
rex_equinox,382
thatworgen,382
ponsex,382
xdarkspace,382
dizzyknight,382
fleet-foot,382
mistpirit,382
scafen_(artist),382
momamo,382
rainset,382
czu,382
arturfox,382
sneefee,381
mickeymonster,381
arrwulf,381
jcdr,381
faeki,381
robcivecat,381
takiminada,381
winter_nacht,381
muffinlewds,381
drake_fenwick,380
wyla,380
rebeldragon101,380
badsheep,380
harpseal,380
queervanire,380
wolfmask,380
wardraws,380
rumine,380
katerezonate,380
threek,380
momiji-kun,379
methados,379
giraffe_(artist),379
noriburu,379
anixis,379
exe_exem,379
amphlow,379
luccatoasty,379
ratatooey,379
necrodrone,378
hufnaar,378
mabit,378
albinoart,378
akitamonster,378
geno28,378
beez,378
andyd,378
moonfluffmf,378
tenkellyart,378
tatsumichi,377
ponehanon,377
catsudon,377
artbyyellowdog,377
shad0w-galaxy,377
whiteleo,376
redcreator,376
damianvertigo,376
absolutedream,376
yitexity,376
omatic,376
sharkinthepark,376
joe_randel,375
xchiseaxmargaritax,375
delirost,375
tjpones,375
lkiws,375
amara_burrger,375
dark_natasha,374
daxzor,374
h155296,374
diesel_wiesel,374
danomil,374
flittermilk,374
bugzilla,374
renee-moonveil,373
galo,373
tanio,373
slickehedge,373
empskit,373
ghastlygh,373
lewdewott,373
sin-sational,373
stoic5,372
magpi,372
stoopedhooy,372
pkuai,372
realvinyl,372
sabuky,372
hanuvo,372
vtza,372
aptom7747,372
splashtf,372
ultrahyper,372
tcsrjx,372
robotjoe,371
otakuap,371
tingtongten,371
crossman,371
dvixie,371
kittellox_(artist),371
cheetahpaws,370
purplelemons,370
hollo_nut,370
da~blueguy,370
vanzard,370
rashchaos,370
mr.albafox,370
negullust,370
20pesos_sopa,370
taoren,369
deadpliss,369
littlerager,369
ultama_lokshar_(artist),369
dreamalgia,369
psicoyote,368
black_kitty,368
hyenatig_(artist),368
codyf0xx,368
fernando_faria,367
gorath,367
adjatha,367
penta002,367
gats,367
ncmares,367
slowderpyguy,367
charmrage,367
feetymcfoot,367
apple-faced,367
hiddenmask18,367
inoby,366
acidapluvia,366
dragoon86,366
jamesfoxbr,366
petrock,366
nearphotison,366
sicklyhypnos,366
vale-city,366
chaoshetra,366
dogyd,366
tasteofchoklit,366
eye_moisturizer,366
thehuskylord,366
blizzieart,366
dasherslash,366
lalamedli,366
holidaypup,365
newyorkx3,365
carifoxleopard,365
codeine,365
koopacap,365
fullmontis,365
rapscallion,365
thatgryphonguy,365
luanctoons,365
shawd,364
homogenousrule,364
lenyavok,364
staffkira2891,364
falcrus,364
josun,364
pancarta,364
eyeofcalamity,363
quakehoof,363
t.f.a.n.c.s.,363
rinrin_(pixiv),363
katxfish,363
psakorn_tnoi,363
sinisterheaven,363
raizinndx,362
legoman,362
vest_(artist),362
angelofhapiness,362
analon_(artist),362
arc_rose,362
pakwan008,362
graskip,362
lluisabadias,362
demonkussh,362
reallynxgirl,361
wolfroad,361
pearlyiridescence,361
saneaz,361
kyubbi-arts,361
hyuvevo,361
chirasgi,360
animatedjames,360
x-leon-x,360
nekuzx,360
hardtones,360
witchtaunter,360
rabblet,360
apinkgrape,360
norakaru,360
giru_(artist),360
harusuke,359
pherociouseso,359
foxserx,359
lightningfire12,359
lucyfercomic,359
aipeco18,359
diamond_grenadier,359
meggchan,358
eto_ya,358
jadony,358
plgdd,358
hexami,358
polygonheart,358
jintally,358
ather_os,358
theenyface,358
ghostwolf,357
paintchaser,357
deadanthro,357
ekbellatrix,357
naughtygryph,357
nondelismell,357
gatogenerico,357
kentuckiyucki,357
fiddleafox,357
dibujito,357
spearfrost,356
wolfmalro,356
eqamrd,356
sanfingulipunrapin,356
jimfoxx,356
mikey6193,356
vorusuarts,356
lesspie,356
crade,356
wetsealky,356
spacewaifu,356
coel3d,356
pupspace,356
bose,355
silgiriya_mantsugosi,355
marsonaut,355
nozomyarts,355
daveman1000,355
kuromu,355
idrysse3,355
puppyratcat,355
donryu,354
snappygrey,354
thehuntingwolf,354
furfit,354
alenkavoxis,354
araidian,354
min_(artist),354
allandox,354
agonwolfe,354
funkspunky,354
aval0nx,353
javanshir,353
neelix,353
mangneto,353
mr_canvas,353
zyria,353
reaper3d,353
wadorigi,353
tomek1000,353
dk-,353
kawfee,353
lofiflavors,353
badwingm,353
sinningfox,353
idkuroi,353
gat0pussy24,353
espectro111222,353
husky92,352
skully,352
crisstail,352
adriandustred,352
dinogaize,352
dgemporium,352
doeboi,352
faejunkie,352
fleshformomo,352
sjevi,352
hunnihoodie,352
themercart,352
zambuka,351
fabio_paulino,351
kashmere,351
alpha0,351
soulgryph,351
dankodeadzone,351
run_rabbit_bounce,351
citrinelle,351
chung0_0,351
ssssnowy,351
biffalo,351
y0dare,351
sadcat16hrz,351
happy_harvey,351
minettefraise,351
gavanzude,351
warden006,350
garnetto,350
pregoo,350
n0nnny,350
nib-roc,350
ichthy0stega,350
zelripheth,350
hitsuji,350
blazingcheecks,349
kify,349
patrikthedog,349
wagnermutt,349
strangerdanger,349
suddenhack,349
omiart,349
l-a-v,349
lunar57,349
tigertooth,349
darkwolfhybrid,349
alex_spastic,348
chalk_outline,348
kivwolf,348
tril-mizzrim,348
heavymetalbronyyeah,348
dirty.paws,348
dudebulge,348
hacatiko,348
milkcrown,347
xtreme7,347
geiru_mirua,347
assasinmonkey,347
atane27,347
kappadoggo,347
menmen_kesinn,347
kumao,347
kin-shun,346
shebeast,346
osos,346
luxuria,346
infinitydoom,346
dreamscreep,346
poorsal,346
archenarie,346
wolfjedisamuel,345
pandapaco,345
okioppai,345
yasser,345
captaincronus,345
wireless_shiba,345
succubusbnny,345
zak_hitsuji,345
mrpandragon,344
d685ab7f,344
wolfywetfurr_(artist),344
averyhyena,344
redmoon83,344
mr_fuwa,344
tokaido,343
dtcx97,343
shouk,343
commandg,343
fluffx,343
pux,343
vitaly4321,343
maehdoggie,342
yamimarik1994,342
pommn_mn,342
meg_hoi,342
strigiformes,342
scaliepunk,342
mklancer00,342
kobu_art,342
f_draws,342
nikkyvix,341
ofuro,341
the-narutoshi,341
warlocke,341
eipril,341
takemoto_arashi,341
newd,341
phallusbro,341
pervertguy341,341
theoryofstrings,341
xaveknyne,341
loimu,341
klr-rio,341
amon-sydonai,341
hon55728,341
nelljoestar,341
dumderg,341
spider_bones,341
carrioncat,341
sonne,340
neronova,340
nitrods,340
ailuranthropy,340
chococosalo,340
light262,340
cynthiafeline,340
sprinkles_(artist),340
woolrool,340
m4n,340
kayw2324,340
nanimoose,339
matoc,339
tartii,339
witchofavalon,339
fridge_(artist),339
garuda_six,339
vir-no-vigoratus,339
sillywerwolf,339
carniscorner,339
greame,339
smush-sin,339
andrey_4k,339
onykr,339
prate-dragon,339
androidz,339
pyotr_repkin,339
darrow0,339
fiamourr,339
cooner,338
aoino_broome,338
tamberella,338
krocialblack,338
pastelletta,338
lovespell,338
thelionfish,338
ohs688,338
alex.fetter,338
bakemonoy,338
linyxart,338
dragon-heart,337
augustbebel,337
etheross,337
hitmore,337
wolfarion,337
kkoart,337
nononge,337
noctoc,337
adri164,337
renita_reed,337
juano,336
helixjack,336
miscon,336
d-rex,336
miau,336
manene,336
spe,336
bottlebear,336
kyurisawa,336
flufflecraft,336
exsys,336
lapinstein,335
wkar,335
tazara,335
tg-0,335
toy-bonnie,335
kellwolfik,335
katarhein,335
umikit,335
skianous,335
run_aki,335
furromantic,335
ritorutaiga,335
yongdasom,335
ayatori,335
sinood1e,335
clone26,335
kindreddemon,335
caedere,334
shugowah,334
qrichy,334
serialdad,334
dizzytizzy,334
snarkysardine,334
zigzagmag,334
derickk76,334
mayrin_(artist),334
papayathebun,334
fox0808,333
bamia,333
anisis,333
anothermeekone,333
liarborn,333
shade_the_wolf,333
johnithanial,333
raichoclub,333
hunter-husky,333
frooby,333
daws19,333
darkajugin,333
softailfox,333
pmoss,332
gray_impact,332
nayaa,332
kadohusky,332
itoruna,332
maxspite,332
arumo,332
birdvian,332
jenny_jinya,332
domasarts,332
cocaine_(artist),332
taphris,332
hereapathy,332
icaron,331
jowybean,331
tsaoshin,331
tatiilange,331
nite,331
bluesh,331
wolnir,331
shintatokoro,331
bunihud,331
piranha_fish,331
albinoraynedeer,331
leviantan581re,331
sushiamazing,331
jackrow,330
evov1,330
bluechika,330
rakkuguy,330
unbreakable-warrior,330
kabalmystic,330
teteteko,330
aventis_vixxx,330
reptilian_orbit,330
ravieel,330
haxsmack,330
lakeslug,330
healingpit,330
mrdegradation,329
junyois,329
gau_(artist),329
suddendraft,329
sikai,328
iginger,328
revtilian,328
redustheriotact,328
phinja,328
gayousi7,328
fleurfurr,328
cherryfox73,328
nottrevbe,328
scarlet_side,328
ahoeforcoffee,328
arkaid,327
iceman1984,327
shariea,327
catchabird,327
fellowwolf,327
beezlebumawoken,327
nitricacid,327
qwaxi~lixard,327
shudayuda,327
fluffydonuts,327
tvard,327
dr.bubblebum,327
wolftangart,327
purplefondue,327
kagarimachi_ame,327
hentai_boy_(artist),327
galaxyoron,326
kaitou,326
cai1448331577,326
vateo,326
teebsly,326
pepamintop,326
youki029,326
neph,325
angelthecatgirl,325
ponythroat,325
hnz,325
damienkamien,325
cozymun,325
macop,324
hinami,324
metalpandora,324
shinn,324
twistedterra,324
tanks_(artist),324
spunkubus,324
60percentscalie,324
dandy_(artist),324
fkk,324
doodlelu1992,324
zachc,324
nanodude78,324
canastus,323
chakat-silverpaws,323
wolfbaloo,323
amethystdust,323
spefides,323
smiju,323
nerton,323
satanic_monkey,323
crittermatic,323
miosha,323
hunnipanda,323
stampmats,323
100racs,323
soomir,323
lobovalkiria,323
cumcadaver,323
chipar,322
nomax,322
sirredbenjamin,322
etskuni,322
notglacier,322
bob-jiggles,322
skyleesfm,322
monian,322
slickerwolf,322
airfly-pony,322
midnightgospel,322
cloudpie,322
moon_pearl,322
thisnameistaken,322
ai_generated_background,322
neenya,321
lynxgriffin,321
impaledwolf,321
drockdraw,321
hambor12,321
ukenya,321
varium,321
kotadash,321
kaliburr_advanced,321
imalou,320
pony-berserker,320
o-ro,320
whatinsomnia,320
thegeckoninja,320
lefthighkick,320
gimmemysmokes,320
shibatanukiti,320
roz_gibson,319
urielmanx7,319
xtrent968,319
cainethelongshot,319
vurrus,319
tatujapa,319
fensu-san,319
tankh,319
aaassstaro,319
serth,319
ladyfoxheart,319
currentlytr_ash,319
smoothlabs,319
adamb/t2oa,319
nightdazed,319
armorine,318
cubi,318
redraptor16,318
shiba-kenta,318
ehrrr,318
ooo-belise-ooo,318
wafflebond_(artist),318
berkthejerk,318
petsoftthings_(artist),318
moblie,318
kusarikakemono,318
awaldkize,318
chris_goodwin,317
h0rs3,317
venlightchaser,317
goshaag,317
sinalanf,317
cubboard,317
mosin,317
mac-daddy,317
snackbunnii,317
lostwisdom,317
yuio,317
kimero_kat,317
canaryprimary,317
praiz,316
anyare,316
ozi-rz,316
metalslayer,316
higsby,316
radiowave,316
clock-face,316
hataraki_ari,316
mishabahl,316
littlefisky,316
sixsidesofmyhead,316
buta5kawa,316
kento267,316
megfluff,316
argosornstein,316
zacianswords,316
tuftbox,316
dracovar_valeford,315
shia,315
sum,315
yellowpower,315
shnider,315
raikoh-illust,315
otterbits,315
xingscourge,315
blueondrive,315
godoffury,315
geppei5959,315
juliathedragoncat,315
zetsuboucchi,315
dippubear,315
shiroepsilon,315
kaltespur,315
jm-luxro,315
dark-ahroun-friesian,314
k0suna,314
hickeybickeyboo,314
akineza,314
rayley,314
bluedraggy,314
whimsicalsquirrel,314
causationcorrelation,314
ladnelsiya,314
galacticgoodie,314
vilf,314
horemheb,314
annaengine,314
flabberd,314
nancher,313
krazykurt,313
bigshine000,313
notbad621,313
zanamaoria,313
dcheese,313
eclairscollection,313
volinfer,313
lionfloof,313
hyhlion,312
bitterplaguerat,312
biozs,312
arareroll,312
mushbun,312
urakata5x,312
gyu_hydrogen,312
flamespitter,312
fridaflame,312
unousaya,312
luxar92,312
toumator18,312
sean_blackthorne,311
vagabondbastard,311
monkeyxflash,311
da_goddamn_batguy,311
devil_hs,311
nargleflex,311
tabuley,311
emufu,311
miloff,311
mykendyke,311
ketei,311
wub_(artist),311
novaarts,311
azoomer,311
duskiglow,311
magnificent-arsehole,310
dunewulff,310
crombie,310
hihikori,310
fiona_(artist),310
dibujosv12,310
tres-art,310
munsu89,310
psychoticwalrus,310
dewbber,310
drawalaverr,310
shanher,310
arkailart,310
caraluca,310
pinkgirlpen,310
forceswerwolf,309
buttercup_saiyan,309
notorious84,309
littlenapoleon,309
palmarianfire,309
jadf,309
incredibleediblecalico,309
panzery25,309
protagon,309
roccorox,309
yamatopawa,309
bunnybaphomet,309
nezirozi,309
inker_comics,309
knockedoutdragon,309
canson,308
cartoonlion,308
oli_snowpaw,308
plaguedobsession,308
xorza,308
vcrow_shuu,308
biglovealicia,308
demireality,308
igglypou,308
stray_prey,308
dahurgthedragon,308
paradoxing,308
lightly-san,308
brainsister,307
skateryena,307
lizombie,307
zumjakal,307
martinballamore,307
whooo-ya,307
anawat,307
neo_geppetto,307
derpyfox_36,307
caninelove,306
tamanosuke,306
theneonfox,306
unnecessaryfansmut,306
idsaybucketsofart,306
akino-kamihara,306
kierus,306
nakimayo,306
jumpy_jackal,306
kaerufrog,306
aakashi,305
wantaro,305
ziemniax,305
keisha_makainn,305
rikuaoshi,305
xennos,305
urw,305
junebuq,305
jtveemo,305
goat-kun,305
0227,305
arachnoid888,305
sakamata,304
ashwolves5,304
yus-ts,304
risingdragon,304
weasselk,304
missaka,304
cenegan024,304
jorge-the-wolfdog,304
reyn_goldfur,304
magsama,304
cracker_(artist),304
arcsuh,304
deanosaior,304
destabilizer,304
thehelmetguy,304
zephy_03,304
r18alphawolf,304
silavos,304
twistedfurby,304
azuo,304
onm11,304
oribiyo,304
cpctail,303
fredryk_phox,303
konbu,303
shintori,303
daimo,303
l-i-t-t-l-e_f-i-r-e,303
gangstaguru,303
infamousrel,303
nummynumz,303
thibbycat,303
levelviolet,303
harara,303
fanofthefurr,303
borky-draws,303
chimeratechspyro,303
h1draw,303
walk-w-igny,303
ner0_kobold,303
fujiyama_samoyed,303
ko-gami,302
raianonzika,302
milodesty,302
herpydragon,302
3rdharleyjoe,302
dezz,302
hakiahki,302
banni_art,302
t.y.stars,302
cumlord,302
baltnwolf,302
jezzlen,302
blackarabi,302
maniacalfork,302
jesus_y,302
sandara,301
khyaber,301
locosaltinc,301
twistedteeth,301
sachiel_666,301
zacatron94,301
thingshappen,301
klent,301
meowcephei,301
ahnik,301
finalofdestinations,301
trololohstuffs,301
battle_angel,300
ky_(malamute),300
shirokumaou,300
atori,300
remanedur,300
givo,300
resachii,300
pawplants,300
bboing,300
shallowwin,300
maximus21,300
bunonthemoon,300
dontfapgirl,299
gutovi-kun,299
margony,299
exelzior,299
hashdrawingslasher,299
alfa_quinto_(artist),299
elicitie,299
heliofox,299
four-pundo,299
sataenart,299
sneakyphox,299
grolarbearsins,299
mrmelted,299
starlyve,299
pachi_rizuu,299
knuxlight,298
servo117,298
pokemoa,298
golde,298
raptoral,298
revous,298
nolollygagging,298
shinerai,298
anxiety-chan,298
amazinky,298
idolomantises,298
neo_goldwing_(artist),298
tabaarus,298
impwitter,298
susieruu,298
cabimangaka,298
razplus,297
frostwyrm102,297
theowlette,297
ikiki,297
cobaltsynapse,297
sasamino,297
strayserval,297
omega56,297
tommysamash,297
skyvo,297
justbirb,297
neodokuro,296
spiritraptor,296
simonaquarius,296
badcoyote,296
rach_verity,296
re-re,296
christomwow,296
freeze-pop88,296
ridiculouscake,296
namoke,296
tzokatli,296
noblewolfa,296
jimnsei,296
kurolatex,296
statik,295
mixermike622,295
launny,295
canyne_khai,295
tatwuyan,295
kingretrokirby,295
askart,295
vitashi,295
nastya_tan,295
jackintaro,295
18_(artist),295
maxkore,295
xexeezy,295
james_corck,294
candyfoxy,294
florecentmoo,294
artblush,294
sukiya,294
cakecatboy,294
anykoe,294
leprzil,294
fruitz,293
lovkuma,293
sir-dancalot,293
baraking,293
kaynine,293
maplespyder,293
sherathoz,293
vammzu,293
dezmine21,293
magangz,293
lewd_latte,293
dolphinproject,293
sanythefox,293
kifyun2,293
lemonbizate,293
ayato,292
l1zardman,292
reddragonkan,292
redgreenfluffball,292
lirkov,292
tibbs,292
shinigamisquirrel,292
jeniak,292
trevhart,292
denyfake,292
mrchasecomix,292
dinoalpaka,292
paloma-paloma,292
omenyanozero,292
cosmosarts,292
sophiathedragon,292
theenfman,292
spottyjaguar,291
tvma,291
akira_volfsar,291
bendzz,291
temrin,291
starykrow,291
wuffinarts,291
thekite,291
kiichi,291
adelaherz,291
tales_foxdale,291
dogfluid,291
tenerius,291
neom-daddy,291
shinyumbre,291
silvyr,291
sparklyon3,291
thelunarmoon,291
chipposter,291
darksideofdiscovery,291
kalivero,291
babymoon,291
catwolf,290
orphen-sirius,290
toradoshi,290
sarki,290
haiku_oezu,290
fatz_geronimo,290
rime_the_vixen,290
juantriforce,290
pizzaozzy_(artist),290
qalcove,290
ricky_hoffman,290
aurru,290
miphassl,290
hotsatyr,290
lizzyglizzy,290
tleatlnox59,290
stufferzz,290
pizzacat,289
skaifox,289
spectral-bat,289
vant_talon,289
pembrokewkorgi,289
dredjir,289
vistamage,289
discount-supervillain,289
burrserk,289
gendomx,289
bruteandbrawn,289
mazapan,289
darknetic,289
minnosimmins,289
shadowboltsfm,289
gabe,288
klaus_doberman,288
kyodashiro,288
sub-res,288
m-47,288
juanmao1997,288
myarukawolf,288
trashtikko,288
jaylus_t_meowstic,288
tozamtr,288
sleepiness18,288
bunnie_love,287
teer,287
morhlis,287
paoguu,287
mistydash,287
aereous,287
highoncoffee,287
deuzion,287
deanwolfwood,287
lightningwolt,287
unsafescapewolf,287
quangdoann,287
koto0v0haru,287
turbinedivinity,286
itomic,286
ivory-raven,286
ritsukaxan,286
htpot,286
naruever,286
rhk,286
smartwhitefang,286
raaz,286
oughta,286
poethewondercat,286
xu53r,286
ritzcat,286
thatsexdog,286
ping_koon,286
kurus,286
dragonfood,285
nyar,285
vasuki,285
dingoringo30,285
lapres,285
bantar2,285
arody,285
spiritd,285
redvais,285
treyer,285
cerf,285
hatsumiilkshake,285
yurari_yr,285
hexecat,285
aka_leopard,285
nsfw_def,285
belsnep,285
chaba,285
donglysfm,285
lazy_ruby,285
furcynxied,285
oce,284
redic-nomad,284
sudonym,284
oze,284
pheonixbat,284
mayar,284
donutella,284
argos90,284
dahecksajerry,284
gato_matero,284
hidenafox,284
bagu,284
drydude,284
delta_dewitt,284
sinful_pie,284
duo_(artist),283
utx-shapeshifter,283
monkeyspirit,283
minami_juuji,283
kodardragon,283
zinzoa,283
plantedpot,283
its-holt,283
sadflowerhappy,283
nikoh,282
joakaha,282
wulfer-shepherd,282
sketchy_skylar,282
eikasianspire,282
ardail,282
spirit_dancer,282
alibi-cami,282
yildunstar,282
gllorvillain,282
pochemu,282
kazoko_(artist),282
naoto,282
euphorica,282
n1k0,282
wanikami,281
domovoi_lazaroth,281
nirriti,281
iseenudepeople,281
dreadwolfclaw1990,281
rini-chan,281
moorsheadfalling,281
kinokoningen,281
traver009,281
dep,281
hebokun,281
reddyrennard,281
dancrescentwolf,281
nightlyflare,281
cinnamimi,281
kotori,280
kalahari,280
longlevy,280
obaum,280
stripedcrocodile,280
025aki,280
acev,280
screwroot,280
slash_freezen,280
synnfultiger,280
nowykowski7,280
theterm,280
wamudraws,280
nefitail,280
blackscour,280
jordo_(artist),280
rekkadraws,280
fydbac,279
redflare500,279
jesonite,279
lumo,279
rahir,279
stirren,279
lobofeo,279
lynjox,279
mozukuzanmai,279
jinxit,279
tapirclip,279
gardenminttea,279
ruthredmane,279
sagaris_uwu,279
mabibabi,279
cosmonaut,278
colo,278
eggo21,278
up1ter,278
xanthor,278
robthehoopedchipmunk,278
k_98,278
jacketbear,278
draite,278
fluffedwings,278
privvys-art,278
curtis_wuedti,278
savourysausages,278
k0bit0wani,278
maxydont,278
miyang_draws!,278
fish_birb,278
rururaida,278
shalinka,277
blarf,277
ruri_tsubame,277
darkarlett,277
aeonspassed,277
doctorpurple2000,277
honeymono,277
voicedbarley,277
xenoguardian,277
naughty_cube,277
poppin,277
tsarinart,277
paliken,277
ayame_emaya,276
vic34677,276
wolfiecanem,276
eto1212,276
rhyu,276
packmind,276
fugtrup,276
black-husky,276
overflo207,276
difetra,276
free-opium,276
beepunz,276
crowskull,276
pepper_gomashio,276
shellyochunks,276
goz-o,276
g-sun,275
dewclawpaw,275
sl350,275
geier,275
aestheticc-meme,275
indigochto,275
potatonebula,275
waspsalad,275
darkito420,275
gabgbb,275
thirstydraws,275
foxibiki,275
pulred,275
mhicky93,275
knell_bell,275
ekaki510,275
morinetsu,275
hima_nsfw,275
edvardiko,275
sinfrou,275
kyma,274
pdxyz,274
daf,274
kobi_lacroix,274
twstacker,274
unusualmatias,274
blazbaros,274
thebatfang,274
compass_(artist),274
zokva,274
chameloshi,274
jay-kuro,274
kianamai,274
igazella,274
noitro,274
moucchiato,274
coriponer,274
admiralobster,274
whitev,274
bulochka,274
allurmilk,274
anuvia,273
syoee_b,273
chanta,273
mizky,273
sruto,273
telleryspyro,273
muskydusky,273
fossilizedart,273
euf-dreamer,273
furufoo,273
battycat,273
entitropy,273
kittykuscell,273
flick-the-thief,272
kurapika,272
wildering,272
lemoco,272
ennismore,272
ahiru621,272
tenyati,272
lynxbrush,272
enroshiva,272
oofrowdy,272
narikusha,272
phluks,272
choki,272
startop,272
sniffsnorf,272
kurohane_karasu,271
red-izak,271
bagelcollector,271
bobthedalek,271
bakameganekko,271
canopus335,271
swain_(artist),271
blattarieva,271
kumak71395,271
nazuranoke,271
sketchytoasty,271
mohurin,271
urusee584,271
rayoutofspace,271
corinoch_(artist),271
qoolbunart,271
java,270
kame-sama88,270
crocdragon89,270
lemurlemurovich,270
dinkysaurus,270
breastwizard,270
wrappedvi,270
rubberbuns,270
unidentified-tf,270
magayser,270
cdv,270
bastiel,270
beamerbruh,270
baalbuddy,270
hdyly,270
halo-pano,270
fuzzywuff,269
rthur,269
malaika4,269
v-d-k,269
dragon-v0942,269
radasus,269
train_(artist),269
afrobull,269
selianth,269
allatir,269
ratherdevious,269
ukisudori,269
theannoyingnpc,269
silveredge,269
goldmikun,269
sh1vss,269
potato_12_13,269
nolansnsfw,269
kazushi,268
jasonafex,268
cavafly01,268
darksorm,268
jerro,268
koffeekuma,268
khrunkisillegal,268
mintyderg,268
knightferret,268
hornyforest,268
itskorrie,268
godforgiveme4,268
martindosent,268
ethersaga,267
randomboobguy,267
galaxxxart,267
greatm8sfm,267
ruco,267
giidenuts,267
fyixen,267
nonarycubed,267
arzdin,267
twistingtoxic,267
blurrypanda,267
flophelia,267
jacket_ignites,267
onnanoko,266
pira,266
aledonrex,266
shinobe,266
evalion,266
caraid,266
wildside,266
dark_ishihara,266
positive_wishes_(artist),266
zackdadawg,266
darkriallet,266
kaminosaki,266
vagoncho,266
xeoniios,266
dodudoru,266
owligatorstudios,266
sluggystudio,266
moonabel,266
kiunata,266
sprucy,266
squablodecomplash,266
4ears_5eyes,266
wuwutim,266
thezestiestbone,266
tiarawhy,265
aries84,265
mrmadhead,265
falleninthedark,265
navitaserussirus,265
matimus91,265
rawrunes,265
mrscurlystyles,265
blue_bender,265
denzeltip,265
mr.ink_(artist),265
sharkrags,265
fizzy-dog,265
midnight_blue,265
toshabi,265
acidwuff,265
edalv,265
kitt_kitan_(artist),265
oscar_marcus,264
rain-yatsu,264
bashbl-ux,264
fight_(artist),264
immortalstar,264
hamili,264
dannyckoo,264
impracticalart,264
09hankris,264
pomupomu490,264
jabuhusky,264
arteficialtrees,264
errokioslem,264
orbitalis,264
solard0gg0,264
shirsha,264
junebug69,264
chromamancer,263
rodrigues404,263
unistaart,263
linuell,263
alsares,263
shenzel,263
lezified,263
ptcmtr,263
bckiwi,263
lowkey_nottoast,263
nelldemon,263
mttbsmn,263
punkinbuu,263
wigfritter,263
puppetmaster13uwu,263
tirrel,262
yang_(artist),262
tcw,262
darkshadow777,262
colarix,262
dipingxiangtr.d,262
omnipresentcrayon,262
yoshimister,262
coolryong,262
tanutronik753_k,262
pukaa,262
vilepluff,262
abesdrawings,262
flong,262
feyhearts,262
martincorps,262
nudelinooo,262
mistyy_dark_story_(artist),262
orilas,262
taurin_fox,261
jerberjer,261
rarakie,261
panzerschreckleopard,261
oouyuki_benten,261
oneminutesketch,261
deusexmoose,261
candy.yeen,261
anuki,261
coatieyay,261
wit_1,261
monsterbunny,261
frostbite80_(artist),261
canphem,261
kiukiu,261
yenocwolf,261
kemoduelist,261
ertonhin,261
time_fluffy500,261
sethpup,260
spazkid,260
clamcrusher,260
day-t,260
essien,260
wolfgerlion64,260
fcsimba,260
dober,260
nekubi,260
clawlion,260
digitalpelican,260
badroy,260
spunkie,260
deerstail,260
honesty_(artist),260
raemyshu,260
minxydoodle,260
khuraji,260
bruce_mccorkindale,260
eyeball6300_(chiv),260
behniis,260
berrypunchz,260
delicioussoup,260
sunstripe,260
ansart,260
rasterraccoon,260
siberwar,259
delta.dynamics,259
ryarik,259
unyin,259
ezpups,259
shishi_juuroku,259
viga,259
the_crab_mage,259
cyn.,259
imadeej,259
boxgoat,259
maxhe,259
estper,259
vixie00,259
lunarspy,259
lovemummification,259
general_proton,259
glowhorn,259
qupostuv35,259
cockiestspaniel,259
razy,258
dannyg,258
abubu,258
antelon,258
zonkpunch,258
skajrzombie,258
bubonikku,258
bitfly,258
hurikata,258
purplealacran,258
beastmilk,258
ranadi,258
kayasamix,258
labjer,258
lawealewd,258
gravewalker,257
antar_dragon,257
vaesark,257
debirobu,257
leonkatlovre,257
sajik,257
hopelesshighschool,257
shishikasama,257
velrizoth,257
kaislair,257
onihidden,257
colty8,257
mikapoofs,257
blossonflower,257
ti-suger,257
heyitsjaq,257
greg_panovich,256
turk128,256
drakeraynier,256
werethrope,256
sumeriandragon,256
cecily_lin,256
longtailshort,256
peskybatfish,256
taillove_(artist),256
ferilla,256
brachyzoid,256
seniorseasalt,256
huitu_c,256
destruteka,256
blulesnsfw,256
v3nusbby,256
mekaska,256
yuumisocute,256
darth_biomech,256
willie_piv,256
arty_the_frog,256
rohan_scribe,255
a.b._lust,255
ivan-jhang,255
howlart,255
benjipaws,255
nasty-pink,255
baroque_(artist),255
o-ishi,255
amarihel,255
catsockjus,255
tayronnebr,255
crazydonkey,255
lio29227541,255
ludexus,255
loaf3d,255
ephemilie,255
oliburgob,255
pixelkitties,254
iontoon,254
pockyrumz,254
cadmiumtea,254
morokko,254
ashnar,254
creamygravy,254
darkenstardragon,254
doritohead,254
mordorinka,254
littleblackalas,254
color_fox,254
guppic,254
hideki_kaneda,254
centinel303,254
masterzoroark666,254
g3mma,254
phrannd,254
goatboydraws,254
katsucoffee,254
notsafeforwanking,254
bagheera,253
mukihyena,253
verona7881,253
vibrantechoes,253
twistedhound,253
gizmo0sue,253
lizheru,253
jellymouse,253
perfectlynormal,253
alphadesu,253
deervvitch,253
darkynsfw,253
fever-dreamer,253
jasminthemanticore,253
chipchell,253
monamania,253
lyahim,253
ferwanwan,253
izra,252
dragondrawer,252
powfooo,252
axelmedellin,252
dimfann,252
buried_frog,252
frostedchase,252
eparihser,252
telehypnotic,252
thiccbuns,252
snekkobean,252
xmetalhusky,252
tinysmallman,252
evenesko.d.fox_(artist),252
riku9797,252
hive43,252
izzipurrito,252
jrxt,252
gogogrey,252
morbidlycutecrunch,252
ursofofinho,251
gothwolf,251
anonipony,251
drerika,251
majmajor,251
einshelm,251
kryztar,251
blvejay,251
fossa666,251
art-abaddon,251
gekko-seishin,251
thatpotoo,251
drjavi,250
zaggatar,250
ukent,250
nekokagebevil,250
howl_echoes,250
secretden,250
treebarkdragon,250
sinshadowed,250
stagshack,250
shadedance,250
boastudio,250
kult2k,250
furfnsfw,250
dsub9,250
yukkoo,250
cancatbeans,250
johnthelewd_art,250
david_a_cantero,249
dbruin,249
oniontrain,249
okunawa,249
sip_i.a.,249
mt,249
rollwulf,249
bashfulsprite,249
geckoguy123456789,249
hazukikai,249
freebird11,249
atlas-white,249
devilbluedragon,249
staro,249
rube,249
novery,249
goldcrustedchicken,249
notmypornaccount,249
fiftyfifthfleet,249
maefeline,249
rolo_stuff,249
bimboaudino,249
moonlitmoff,249
rotarr,248
ryuta-h,248
thetransformtentacle,248
pumpkinsinclair,248
omegazuel,248
rikitoka,248
solratic,248
standing_tough,248
bonnie_bovine,248
00murice,248
shredded_wheat,248
lddraws,248
skashi95,248
manahallowhound,248
arkanman,248
mrshu,248
hollowpup,248
nduli,247
karukuji,247
notactuallyhere,247
hentaib,247
ayame42612,247
kirlanlion,247
silvrsterlng,247
e-zoid,247
happyroadkill,247
7b7a2f,247
kiri-anko,247
dannoartista,247
anowotternpc,247
tani_da_real,246
vilani,246
cureboltium,246
impious,246
katai,246
livinlovindude,246
hidden_(artist),246
duly_noted,246
dg254,246
whiterabbit95,246
minami_(artist),246
haibet,246
tofu_froth,246
sunofureiku,246
lemondude,246
pique_raj,246
justsomenoob,246
54321awesome,246
wolfyzeeb,246
cjfurs,246
koko2unite,246
zakiredlight,246
bng,245
jilo,245
snk_(artist),245
mr.tektite,245
bronzecatworld,245
samaraka,245
cuddlesong,245
ashesdrawn,245
moisesgrafic,245
dogeoisie,245
nekoforest,245
sodacaps,245
dogguyd,245
yourumi,245
ultraviolet,244
sanssouci,244
komeko-nk,244
d3mo,244
grumpyvulpix,244
kairunoburogu,244
pumpkybutt,244
tassy_(artist),244
sinensian,244
superbinario,244
sevi_blaze,244
underchikichan,244
rygel_spkb,244
toye2004,244
razzper,244
lisaamint,244
chromakoros,244
angelbreed,243
lionsilverwolf,243
yinller,243
thaz_(artist),243
vogold,243
supplesee,243
crestfallenartist,243
tiri_mama,243
taighet_28,243
pewas,243
moetempura,243
vulpevex,243
knuxy,243
natt333,243
yonnixart,243
clyndemoon,242
shenhibiki,242
loupgarou,242
fid,242
thanshuhai,242
cyborg-steve,242
syberfab,242
lil_scooter56,242
masterbrony,242
sexylinguini,242
cum.cat,242
irgramfox,242
purrcules_(artist),242
shadyadi,242
nuclear54,242
sparky_the_chu,241
zenu,241
kitsunekotaro,241
suck_mcjones,241
faustsketcher,241
tolpain,241
beavernator,241
sparkydb,241
schizy,241
silentwulv,241
sutibaru,241
koekoek,241
amazin-arts,241
silvarus,241
ralic_turman,241
sverhnovapony,241
k-10,241
sharperit,241
alfredblaze,241
ebi10000000000,241
laundrymom,241
laserkitten,241
azre,241
palisal,241
hermesdidit,241
yencatx,241
misty_morning,241
dadoradefit,241
9_6,240
blyzzarde,240
mick39,240
kaisertaylorproducts,240
tf-sential,240
p-v-s,240
nocturnalfuzz,240
derpyrider,240
nigiruri,240
rookieanimator210,240
eruprior,240
jouljehart,240
killerqueen1911,240
shuuko,240
rozalid,240
itsme_hilo,240
log_(artist),239
huiro,239
blondefoxy,239
dovne,239
jeck,239
greenendorf,239
cicada_(artist),239
fuyoudo624,239
miramint,239
kastoluza,239
auntymoira,239
eldingo_(artist),239
tribaldragon,239
starrffax,239
neo_hajime,239
onigiri_punch,239
patacon,239
hocolatemilk,239
sherilane,239
alwaysfaceleft,239
kurokiriririri,239
vonepitaph,239
deaddragonp,239
lizzard_sama,239
tubfy,239
alkan,239
ian_(artist),239
kamino1,239
itameshi,238
enon,238
garabatoz,238
ronnie92,238
dstears,238
nako,238
nanodarkk,238
dona908,238
gofa,238
zadirtybish,238
parumpi,238
thwillartz,238
metalisk,238
fujoshiineko,238
nerdyreindeer,238
nyushi,238
trapknight,238
rhari,237
340m/sec,237
vempire,237
stradivarius,237
kheltari,237
velannal,237
kinaj,237
halotroll,237
kittykage,237
ghangaji,237
husdingo,237
rotalice2,237
nsfsushi,237
xezeno,237
kurohime,237
cabezilla,237
g4rron,237
boingfarm,237
bardo_en_krisis,237
sildre,236
gorilka,236
yoako,236
flipside,236
cocoronut,236
meheheehehe,236
red_panda_mirr,236
highguard,236
zhekathewolf,236
suzuinu,236
augury_(artist),236
imgonnaloveyou,236
unit_no04,236
faustanon,236
winddragon,235
mrsk,235
lucien,235
kartos,235
xyi,235
bhawk,235
burquina,235
i-psilone,235
seriousb,235
coolblue,235
skymafia,235
mikaduki_karasu,235
xuan_sirius,235
incrediblecrocodile,235
notdonebaking,235
elektr0,235
starshippizza,235
theo_young,235
ttothep_arts,235
jenokamui,235
triadfox,234
heartlessfang,234
acethebigbadwolf,234
my_pet_tentacle_monster,234
potionmastercernun,234
aryanne,234
doggettdouglasmcdog,234
spintherella,234
tangobat,234
dopq,234
bonedra,234
trailssfm,234
sleepysheepy17,234
rogone2,234
xiaoyaozhi,234
taraelblackwing,234
cheap-wazoo,234
morsylvia,234
mizumizuni,234
manfromearth,234
fallflys,234
alanottaviano,234
raccoon_sama,234
zoidrawzaton,234
mrchocolate,233
slate,233
toonbat,233
skygracer,233
goblinhordestudios,233
fionthebunny,233
leokingdom,233
mej,233
woadedfox,233
fibs,233
niniidawns,233
buffbumblebee,233
sallandril,233
anixaila,233
buke3jp,233
inkune,233
tsukane_yoda,233
ffjjfjci,233
websheck,233
ilot,233
chris_sawyer,232
equus,232
weaselgrease,232
dragonasis,232
bubble_kitten17,232
mark_m,232
demimond23,232
makoto177,232
killianwalker,232
braffy,232
goldendruid,232
graedius_(artist),232
voider_(artist),232
shieltar,232
jodero,232
zortie,232
silkworm205,232
susuoro,232
crescentia_fortuna,232
sammyphan,232
ponypron,231
requiemdusk,231
cocampplus,231
lonewolffl,231
angelauxes,231
tabirs,231
tachiuo,231
ssu_open,231
solutionwcs,231
zexyprof,231
mcdoogiy,231
wispypie,231
twinkworshiper8,231
gamma-g,230
stagor55,230
darkgoose,230
tomcat_(artist),230
killryde,230
alexdraws,230
neracoda,230
raaggu,230
analpaladin,230
orcfun,230
amamidori,230
riska_(artist),230
baronflint,230
saphireshear,230
elewdfurs,230
lunisnightwind,230
justiceposting,230
kappa_spark,230
raki_boi,230
feralfather,230
moonix_xero,230
zanthu,229
proxer,229
misterkittens,229
imago_ic,229
renv,229
harryclopper,229
evange,229
anearbyanimal,229
ragujuka,229
croxot,229
drpolice,229
vashaa,229
ruruduu,229
mel21-12,229
son237,229
devilenby,229
yamatoji201,229
bitterstrawberries,229
whygenamoon,229
muffinvinvin,229
werewolfdegenerate,229
papyreit,229
garo_(artist),229
feathered_diva,229
pantheggon,229
weirdkoaladream,229
xenopavilia,229
curseofdreg,229
sandentwins,229
foxxfire,228
etuix,228
woory,228
jagon,228
ripped-saurian,228
tsunamidusher,228
shdingo,228
redwolfxiii,228
smoaer,228
poisindoodles,228
katnay,228
pinkcappachino,228
badassbaal,228
planktonheretic,228
igiveyoulemons,228
krackdown9,228
crocodiler_owen,228
uochandayo,228
anchors_art_studio,228
sprrigs-,228
taurusart,228
sweetburn,228
yamaraim,228
ais05,228
olimacdoodles,228
antoszowa,228
rook_kawa,228
hardmeow,228
kantan,228
freckledcoat,228
weonraro123,228
milligram_smile,227
kosian,227
zone,227
telson,227
pkaocko,227
timoteihiv,227
dksk30,227
aleone,227
shydale,227
sirphilliam,227
bin_(artist),227
syukapong,227
tinder_(artist),227
tail-blazer,227
96tning,227
drawpanther,227
doxxyl,227
lennoxicon,227
kamyuelo,227
mandyfoxy,227
jackofak,227
unpopularwolf,227
kuroi-kisin,227
volodyanocturne,227
hitmanatee,227
nekokat42,227
galette,227
noirbutt,227
awoogasm,227
mr_valentine00,227
universaldragon,227
dedreds,227
lemendigogoat,227
2n2n,227
xtoka_samax,227
shen_hokori,227
mingchee,226
gmeen,226
delicious_(artist),226
miiyori,226
dolpix,226
adeloo,226
nightmare-arts,226
nicolaswildes_(artist),226
theobrobine,226
neosavias,226
cutesexyrobutts,226
kerneldecoy,226
furrypur,226
diamondstorm,226
cyandrive98,226
shizameakanzatsu,226
jinx_doodle,226
gaikotsu,226
skeletonkid5,226
superhypersonic2000,226
mymu666,226
ivxair3p,226
onigiriad,226
welcometaco,226
halfpricesouls,226
kajiura,225
hatiimiga,225
dlw,225
brokowski,225
ethanw,225
hitsuzi_taro11,225
skiba613,225
blitzpitz,225
eternity-zinogre,225
bhtoss,225
cheese_cake,225
thebigslick,225
vetisx,225
danonymous,225
brick_break_after_dark,225
anikifaux,225
hikku,225
sstinkies,225
holaxes,225
deskmaniac,225
folvondusque,225
dragon_night800,225
nangnam,225
arsenic_iii,225
bee_haji,225
silviaxrk,225
tianhua,225
armada_(artist),225
imbynova,225
glowfox,224
gblastman,224
oddrich,224
kamikiller,224
maddworld,224
fklow,224
iliekbuttz,224
irkingir,224
ursa-m1nor,224
rokie38,224
allbadbadgers,224
skaydie,224
qqmelon888,224
jacko18,224
pyroxtra,224
wolfanine,224
debudraws,224
nikku_lunatique,224
redsmock,224
guispe_opockjha,224
spindles,223
scarlet-frost,223
aurancreations,223
raster_dreams,223
foxnick12,223
foxmusk,223
hevexy,223
lobar,223
thorn_paw,223
patecko,223
nightmareroa,223
mrwhitebear,223
quavernsfw,223
roco,222
yojoo,222
agious,222
helaviskrew,222
damn_lasso_tool,222
kita_9999,222
orionart,222
miltonholmes,222
snow_utamaru,222
kiliankuro,222
tootaloo,222
jace_apollo,222
trail_arnak,222
parclytaxel,222
cxcxxcxxxx,222
notkadraw,222
faroula,222
wolps,222
depictionexpress,222
duokhay,222
zipper_7z,222
koba,221
jabberwockychamber,221
lady_snakebite,221
beherit,221
horatio_svetlana,221
siyah,221
dosh,221
hukitsuneko,221
igphhangout,221
boke_(artist),221
cinta,221
tupidwithouts,221
lets0020,221
alaiaorax,221
h-key,221
bds_charmeleon,221
tosx,221
renaspyro,221
physen,221
tfc0234,221
juniorjosi,221
box_chan,221
kemira,221
i69himdaily,221
yamabat,221
qtpoison,221
sinfulspikes,221
mrgaleo,221
chat_noir_(artist),221
lentilghost,221
daria_mcgrain,220
rinzy,220
severus,220
endium,220
emikochan,220
whatsapokemon,220
facelessjr,220
strikersa,220
rublegun,220
sidekick,220
hentist,220
foxfoxplz,220
ittybittyshark,220
syaokitty,220
grungecandy,220
literaturabdsm,220
yo-lander,220
apluss,220
sketchotterly,220
sadbitch,220
darlondemonic,220
jonky,220
sokoyo_owo,220
tritscrits,220
maned_kitsune,220
japy7u7,220
sato_leone,220
mereo,220
froogg,220
katzenart,220
paul_lucas,219
morticus,219
taintedstar,219
sony-shock,219
frozen_over,219
hexacult,219
chicobo,219
theredghost,219
coot27,219
howling-strawberries,219
juicyghost,219
leilan,219
verawitch,219
dado463art,219
pedalspony_(artist),219
lindaroze_(artist),219
pornwhal,219
shinystarshard,219
nebssik,219
oxfort2199,219
purinharumaki_karameru,219
cavemanon,219
doginacafe,219
fairyfud,219
sanny,218
anakuro,218
drakawa,218
tiger1001,218
boulevard,218
drxsmokey,218
amadose,218
okiyo,218
enryo,218
purrchinyan,218
xxtheoneguyxx,218
ka-samy,218
keltaan,218
donkles,218
tobbywolf,218
gurochanop,218
peachmayflower,218
eryz,218
maxpany,218
xstupid_furryx,218
bunnag,218
nx147,218
danilokumriolu,218
spincraze,218
hemelarix,218
beralin,217
deskai,217
grape_jelly_(artist),217
hotdiggedydemon,217
madhotaru,217
mauroz,217
costom10,217
ramul,217
neksu,217
sampsonwoof,217
anormaluser,217
hottophoto,217
keyhat_tk10,217
chikaretsu,217
mohitopaw,217
eugeniyburnt,217
hexanne,217
hydrabb,217
giantboonehusky_(artist),217
gmerk,217
ghozt,217
dracks,217
pandoraingrid_(artist),217
fairyfudge,217
joellovejuno,217
comfycushion,216
nexivian,216
banderi,216
doomington,216
captain_jerkpants,216
singingbirdstudio,216
impximon,216
melloque,216
shadarrius,216
oriont,216
delta-eon,216
thevgbear,216
evergreenplate,216
ginko0101,216
voviat,216
thetyrant,216
ffog,216
mrdarknesswolf,216
sassylebraix,216
chorsinnell39,216
cham22,216
leglegleg,216
salvador_zabrali,216
1pervydwarf,216
kt80,216
sousaku_san,216
antonsfms,216
theotormon,216
kolaa,216
horny_imp,216
sly_shadex,216
flowerpigeon73,216
zenrii,216
frezezyk,216
senor_nutria,216
kimberco,216
adeer,216
aucherr,216
dracozhilla,216
ratta78,216
demonnyuu,215
maaia,215
kairaanix,215
winteranswer,215
here-kitty-kitty,215
jedader,215
miraoff,215
6my,215
spiralingstaircase,215
kaneru,215
frank-79,215
villmix,215
hb-viper,215
heresvix,215
yamausagi0619,215
kingchan,215
kentowan,215
impstripe,215
irc_(artist),215
albinion,215
gomezcat,215
shieshuqqq,215
karri_aronen,214
blaze-lupine,214
kuron,214
queblock,214
actionbastardvirginblstr,214
nabesiki,214
covertcanine,214
xenthyl,214
spinater,214
swedishsnus,214
teamacorn,214
bardju,214
madacon,214
hear_(artist),214
nyghtmar3,214
rampage0118,214
stealthnachos,214
hopping4,214
yiffy1234,214
afraart,214
mightycock_(artist),214
sem-l-grim,214
nolly_(artist),214
insaneeighteen,214
snoutless,214
thalislixeon,214
aogitsune_jitto,214
thechurroman,214
a1tar,214
goatesque,214
valorlynz,214
venomsquid,214
elelite,214
rockpankake,214
apollyondragon,214
blackteagan,213
muhny,213
domzywomzy,213
thehiggles,213
blpanda,213
neighday,213
nox_(artist),213
misterpickleman,213
bitemylip,213
puinkey_(artist),213
sv_grart,213
barmaku,213
imric1251,213
yuzu_zuzu,213
pixylbyte,213
xenoyia,213
acky05,213
sinsquared,213
izvy_(artist),213
sinribbons,213
themuffinly,213
tabhead,213
donya,213
crossroadspony,213
moomis,213
lordofnothin1,213
grubbs,213
statiik_(artist),213
dvampiresmile,213
nekotanyanneko,213
reymonrr,213
limettin,213
husky2paws,213
rusho,213
usuario2,213
mistystriker,212
fuckie,212
joe123123123,212
ryuukikeito,212
bbsartboutique,212
sorrynothing,212
azural_cobaltros,212
sleepingpowder,212
macaronneko,212
kejifox,212
cabura,212
mr._deathcat,212
xurora,212
trippybunny,212
mattiyyah_lion,212
jizzus,212
hanaarts,212
aimpunch,212
averysweatyboy,212
showkaizer,211
straydog,211
kaittycat,211
crimsonrabbit,211
bpq00x,211
thunderfap,211
happyanthro,211
savageshark,211
krayboost,211
ineedanaccount,211
frusha,211
darknud,211
dima_(artist),211
metalhead97,211
blossomblaze,211
enrique849,211
rogbiejoke,211
snaftfc,211
hastogs,211
team_penny,211
onechan,211
drawligator,211
lunarpanda8686,211
rilesthecat,211
ghastlyfish,211
daytia,211
j_axer,210
sophiecabra,210
volkenfox,210
crunchobar,210
concave_(artist),210
rd406,210
visiti,210
norphen,210
adorableinall,210
adondis,210
bored_user,210
taranima,210
sinfullapis,210
phrostbite,210
pinkaxolotl,210
pawoo,210
loxchi,210
grumpy_gray_guy,210
squidking,210
yboon,210
tametama,210
madpolar,210
lilchu,209
spookable,209
chris_sutor,209
pak009,209
discordmelody,209
desubox,209
caramelcraze,209
liteu,209
venusflowerart,209
travon,209
merong,209
runningtoaster,209
beavertyan,209
vellvetfoxie,209
yoshizaurusu_n,209
lewnoli,209
evangellos,209
skulkers,209
kingparked,209
sfmoclock,209
sugene,209
andrefil360,209
mellonbun,209
georgesabertooth,209
kingcreep105,209
cross_samax,209
archerteamr,209
zendrid,209
laught468,209
horumu,209
cyan_asdf,209
furu_flami,209
beeferdart,209
jonas-pride,208
linkin_monroe,208
shade_okami,208
lenexwants,208
jaxneesen,208
namygaga,208
rusheloc,208
masamaki,208
watatanza,208
inkanyamba_(artist),208
kuroisumi,208
rantan_chan,208
ai_only_dream,208
rin_tyan,208
spazz_bear,208
niichan,208
kawattame,208
perrox,208
duskguard,208
okata,208
im51nn5,208
unluckyoni,208
ori-doggo,208
vinqock,208
whyvern,208
polt.avi,208
nephilia,207
ishoka,207
natalie_de_corsair,207
b-intend,207
cybercorn_entropic,207
ninjakitty,207
norasuko,207
f-ss,207
matuska,207
ellistia,207
happyending,207
choreuny,207
pirin-apex,207
zeamaeri,207
fetimation,207
plattyneko,207
aliaspseudonym,207
kareca,207
ripushko,207
np4tch,207
supersonicsoup,207
iniquity,207
stronkfurry,207
mii2sii,207
smol_aberration,207
tabloi,207
rakkyoarts,207
sbxn,207
arabesque,206
basketgardevoir,206
starman_deluxe,206
sallyhot,206
pollo-chan,206
foxxj,206
lethal_doors,206
cynicalstarr,206
skullman777,206
phlegraofmystery,206
minerea,206
othukimi,206
borba,206
zanzagen,206
boiful,206
gralicbutter,206
mrrrn,206
alexa_neon,206
hentype,206
zapor666,206
capikeeta,206
1ndigocat,206
obrien_(artist),206
jackboot_ihi,206
samuelwolfo,206
sintronic,206
dustyspaghetti,206
nulia,206
glubtastic,206
netardado,206
scorchedrose9,206
elly_(artist),206
luminared,206
gazpacho,205
exwolf85,205
whoop,205
mochashep,205
hua113,205
rayzoir,205
paintfox,205
concupisco,205
o-den,205
anojaa,205
petpolaris,205
foxventus,205
cereus93,205
0ottotto0,205
spacecolonie,205
pechschwinge,205
marcodile,205
the_knight,205
rexon02,205
perpleon,205
vladichslg,205
confusedraven,205
fake_anna,205
magic_(artist),205
carlos_jurado_cartoons,205
shar0makai,205
netherwulf,204
daniruu,204
liontaro,204
zaftigbunnypress,204
xnanchox,204
scorci,204
ascar_angainor,204
itisjoidok,204
jamil_gonzalez,204
bigjazz,204
mexifurfoof,204
marysquid,204
jo-vee-al,204
vksuika,204
biggreen,204
locitony,204
nicolaowo,204
blaedic,204
zuboboz,204
reygunpocket_(artist),204
lightningb0lt01,204
tateoftot,204
rosecreates,204
bucklucky,204
lukabun,204
amborah,204
fuegosonic93,204
petroverr,204
kuge,204
you_miichi,204
trump,203
malachi,203
thetiedtigress,203
ducky_(artist),203
cashier:3,203
ebvert,203
redfred,203
graventhax,203
yuta_agc,203
derangedrake,203
athosvds,203
flash_draw,203
high-bear,203
radcanine,203
chuurow,203
malekart,203
ilovejudyhopps,203
chunknudies,203
bestfriendforever,203
esahma,203
blazkenzxy,203
comorito,203
souley69,203
anon2000000,203
lavochnica,203
sempers,203
usury40,203
deerkid,203
felineflustered,203
shane_nelson,202
knifeh,202
zangusuu,202
blx24,202
nut-case,202
digitslayer,202
infernal-beggar,202
nollety,202
redimplight,202
kanevex,202
dazreiello,202
dorian-bc,202
flicker-show,202
chanrom,202
sepulte,202
zigrock001,202
badfidhell,202
kettukarkki,202
boobsgames,202
mintytempest,202
misterdonn,202
loonertick,202
slusheep,202
avogadrotoast,202
mousesix,202
poraka7,202
farfener,202
scrambledeve,202
aztrial,202
canxue,202
payanuma,202
zombiecat,201
curiodraco,201
mulefoot,201
shiverz,201
chocolatekitsune,201
soulman1,201
ricegnat,201
arcticlion,201
reinkorn,201
foxkai,201
juicydemon,201
sonomatic,201
wazzaldorp,201
tabasukotrr,201
bumomomoboa,201
hazumazu,201
pyne,201
petronoise,201
mrease,201
jinnoaka,201
puptini,201
makowolf1,201
dogslickingsoda,201
selinatc,201
ac_stuart,201
syst,201
vixeyhuskybutt,201
tocatao,201
bdmon,201
dendryte_axxon,201
zyneru,201
luckfoxo33,201
coonkun,200
tyelle_niko,200
ignatius_husky,200
phurie,200
ethanqix,200
harkrun,200
dabunnox,200
the_fatcat,200
blushbutt,200
dam_(artist),200
sprinkah,200
by_dream,200
heartbeats,200
petruz,200
solardelton,200
mechaclank,200
whiteskyline,200
sockodrawing,200
joonkorner,200
pwslz,200
countersfm,200
rattfood,200
tussamag,200
bruskaroo,200
azulejo,200
bisonvega,200
toodamncycle,200
cervikalova,200
osterars,200
farorenightclaw,199
tan_(artist),199
kiyo,199
neash,199
lobadelaluna,199
behind-space,199
berruchan,199
asderzx,199
glass0milk,199
mobian_monster,199
yuuya333,199
akabane_jin,199
nagainosfw,199
hedgehoglove,199
psibunny,199
deaddomovec,199
albertomangala,199
tashalisets,199
gatotorii,199
artmarshmallow,199
kdmn,199
fisuku,199
r4c00n,199
pootanger_sfm,199
ladydino,199
samirachuni,199
pavotyson,199
floppyhuman,199
kewpiekills,199
aurapuparts,199
keovi,198
autumndeer,198
rangarig,198
tristikov,198
jeffron,198
freako,198
reliusmax,198
danmakuman,198
the-chu,198
crobat_(artist),198
shinobiya,198
neayix,198
ursso_(artist),198
achakura,198
ramdoctor,198
kristakeshi,198
combos-n-doodles,198
antira,198
sakaeguchi_okarina,198
drafthoof,198
rabbitbrush,198
sushirolldragon,198
doctor_artemis,198
dasoka,198
lordcuckness,198
snips456fur,198
wintersink,198
stormrider,198
sky_gomi,198
noahdoesart,198
plastiboo,198
ookamiwaho,198
rhode_arts,198
noryega,198
blackfury,197
nken,197
kida_howlette,197
saltcore,197
celestina,197
huka,197
kraidhiel,197
jay-marvel,197
sunnynoga,197
artz,197
souladdicted,197
merffle,197
vellum,197
albinefox,197
meryiel,197
daikitei,197
enro_the_mutt,197
gold97fox,197
wintermadness,197
box_(hajimeyou654),197
stardep,197
skyart301,197
barggmel,197
reddo12340,197
jludragoon,197
okdrsutsu,197
4pcsset,197
sinsquest,197
trick_rex,197
tkc2021,196
demona69,196
fupoo,196
cupcake992,196
dclzexon,196
saturdaymorningproj,196
pfh,196
neocoill,196
monds,196
sanka-tetsu,196
ribiruby,196
ses_vanbrubles,196
atode_kimeru,196
loreking,196
tsukielewds,196
gutter-bunny,196
phess,196
hirothedragon,196
lameboast,196
tubasa,196
secretsableye,196
sinfulkitz,196
wolfblack43,196
xikitsune,196
arjuna,195
dj-rodney,195
dragonofdarkness13,195
kanada,195
skuttz,195
gadoran,195
pandora_(artist),195
kilver,195
zombineko,195
yagi_the_goat,195
ruddyrzaq,195
thecoldsbarn,195
austrum,195
missmixi,195
miscellanea404,195
jupiter_europe,195
audunor,195
vapplepie,195
pozole,195
sonokido,195
duase,195
sackrany,195
avalath_tiger,195
yxxzoid,195
bav,195
hunner,195
skeleton265,195
megan_giles,194
luvon,194
shardshatter,194
reiduran,194
darkmagic,194
huskyman24,194
owlalope,194
howsplendid,194
letsdrawcats,194
luwei_(artist),194
monmokamoko,194
monoflax,194
ligoni,194
katlin,194
zcik,194
ultimateshadow,194
natttttalina,194
zenfry,194
kyuq,194
goldenyuusha,194
vexedlupine,194
bundefault,194
aspenofsimpcon,194
omeki,194
velvet_requiem,194
vaniwall,194
vaporotem,193
kiske_7key,193
das,193
neokat,193
novawuff,193
upstairstudios,193
queenkami,193
cheesecaked,193
grandall_(artist),193
kammypup_(artist),193
uwotinfokm8,193
bearbox_doodletimes,193
shadoweyenoom,193
wolfwithwing,193
captainchaos,193
driosawm,193
lewdlemage,193
hijirinoyuta,193
bunybunyboi,193
baebot,193
pxlfur,193
gulpspooky,193
samur_shalem,193
redmn,193
dennhaze,193
smewed,193
dynogreeno,193
masterokami,193
zerpreros,193
alpha_rain,193
anukkyt,193
usa37107692,193
white-devil,192
terrenslks,192
risuou,192
inuryu,192
tsurugi,192
strebiskunk,192
gashi-gashi,192
gard3r,192
heibanhikaru,192
blazera,192
skunkjunkie,192
foxmode,192
ittla,192
ezcett,192
kemoribbon,192
mokabur,192
vincher,192
jokoifu,192
rexwind,192
clopician,192
fizzpop,192
wolfrad,192
bootydox,192
bayron_(artist),192
clawzetto,192
reddrago,192
barlu,192
racf92,192
supermattym8,192
youzaiyouzai112,192
unrealrui,192
liechi,192
sketchygarden,192
chip_at_night,192
parttimeyeen_(artist),192
lynx_scenting,192
malkytea,192
maligaytor,192
olyester,192
luckfoxo33ad,192
glenn,191
zorryn,191
kenkou_cross,191
hectorthewolf,191
generalthunderbat,191
lokidragon87,191
kanou,191
noob_the_loser,191
snowyfeline,191
scuzzyfox,191
seviyummy,191
reddoshirousagi06,191
flamez,191
ravinosuke1,191
nightskrill,191
hale.,191
zetaskully,191
fenixdust,191
violetechoes,191
baiyushou,191
zaramecatnyar,191
crizbn,191
petro_(artist),191
mixterious,191
knest,191
ashley432,191
levsha,191
gaze_(artist),191
barndog,191
teochronico,191
peanut_(artist),191
sepiascribe,191
oxyoxyoxyox,191
abyss_creature_(artist),191
rawdawgcomics,191
keiron_white,190
syntex,190
fefairy,190
feher,190
kansyr,190
piyotm,190
numberfour,190
the-wag,190
dirtyfox911911,190
greeneyedwolfking,190
shadowreindeer,190
trashdrawy,190
irisarco,190
ribbontini,190
veliren_rey,190
corruptedcryptid,190
reminic,190
kokosetto,190
sibi_the_messtress,190
tweenstrip,190
marcus_gray,190
heskynn,190
steven_stagg,189
wuffamute,189
danielssj,189
shinragod,189
arvalis,189
jananimations,189
the-butcher-x,189
uotapo,189
vikifox,189
wolvalix,189
magnta,189
dimonis,189
darkmare,189
onikuman,189
jurassiczalar,189
yosioka_san,189
badart_(artist),189
mendobear,189
elitedog,189
lonelycharart,189
djcomps,189
thesociallyawkwardpinguin,189
sleepytoy,189
terribleanimal,189
koda_walker,189
schpicy,189
catkitte,189
lc79510455,189
brouva,189
blackrabbitshone,189
cheezebawls,189
sralivewolfox,189
fansl,189
protonmono,189
charliepops,189
tideripples,189
rainichi,189
marc_leonhardt,188
harumi,188
tc,188
riis,188
novsilv,188
bakki,188
sya,188
markydaysaid,188
tisinrei,188
eyrich,188
porygon2z,188
clb,188
flabbyotter,188
frostedscales,188
vagabond_(artist),188
tchaikovsky2,188
hark,188
ironkongstudios,188
atlas_(artist),188
htg,188
r-rova,188
notesaver,188
kalimah,188
lcshian,188
nsfwoaf,188
pawberry,188
klifflod,188
cryphalen,188
eledensfw,188
wizardlywalrusking,188
misaki_furry515,188
michikochan,188
p.v.su,188
goatanimedatingsim,188
darkadibuja,188
blackdragon4444,188
geometryboymejia,188
dogpig28472,188
nopetrol,188
puffylover69,188
auveiss,188
observerdoz,188
manyu,188
fukurou_ya,188
odd_lee0,188
mezcal_(artist),188
redeye_samurai_(artist),188
violentcicadas,188
mjw_darkmode,188
calheb-db,187
redmoa,187
ryo_agawa,187
fingerprint_(artist),187
mindkog,187
xngfng95,187
furlyfe_redux,187
racoe,187
ksejl,187
tito-tonton,187
thaasteo,187
flair_projects,187
riolutiny,187
twtr,187
xeono,187
peyotethehyena,187
moirah,187
datbx,187
shadyhouse,187
windwttom,187
heshieokf,187
hotbrotkuroi,187
coffekat,187
joxen_star,187
tailbyte,187
zal-cryptid,187
cydennis2,187
sunflower_fox,187
carmessi,186
fugasvbashnyu,186
fuzzikayu,186
evulchibi,186
whitefeathersrain,186
caboni32,186
freelapse,186
yatosuke,186
ni_jikan,186
birchly,186
clockbirds,186
aveloka,186
lerapi,186
naughty_skeleton,186
kiit0s,186
ahegaokami,186
oumseven,186
thepsychodog,186
koopacoon,186
batruse,186
etchgerbil,186
87sukiyaki,186
thescarletdragon1,186
kotyami,186
maxizz,186
piilsud,186
demongirl_demoness,186
shieradevil,186
mewmus,186
sunr4y,186
yimingsama,186
frackhead,186
jwbash,186
nick7005,186
yeik_art,186
dummydoodles,186
maxima,185
katja,185
dorosheva-e,185
maxime-jeanne,185
heyitshappydoodles,185
angellove44,185
lordstormcaller,185
wabutt,185
sutasl,185
toribako,185
sentinelwinder,185
pixelyteskunk,185
taki_kaze,185
andytakker,185
ailaanne,185
ammylin,185
angoraram,185
tempestus_vulpis,185
bbdworks,185
emperorstarscream,185
voidtails,185
purrr-evil,185
carduelis,185
liloli_(artist),185
only0neman,185
oleanderin,185
diamondbackdrake,185
kranson,185
ferrissimulator,185
flapcats,185
fkimnsfw,185
lovelysquishythings,185
lexi_arts,185
dozighost,185
drmellbourne,184
caliosidhe,184
suppainu,184
arekishi,184
halsione,184
upright-infinity,184
nanuna,184
bubbeh,184
svenners,184
sloss,184
cirruskitfox,184
karina_farek,184
eda,184
c-3matome,184
hakkids2,184
amenlona,184
krakenparty,184
littlestfuzz,184
snow_angel_(artist),184
dew_dragon,184
space_zin,184
nicopossum,184
sukk-madikk,184
kingdorkster,184
orionsmaniac_(artist),184
erdfurry,184
arttukorppu,184
joerat,184
buxy,184
onomari,184
spiralart_(artist),184
nekopumpkin,184
akikosfm,184
hyperchibiabsol,184
dividebyezer0,184
cafongterua,184
theelgenerate,184
oagoner,184
doofwuff,184
helmeet_el_gato,183
dnapalmhead,183
dr_zombie,183
commoddity,183
joziododoi,183
bluebreed,183
prettypinkponyprincess,183
evlampyshka,183
mangolynx,183
skitalets,183
zixiong,183
pester,183
raydio,183
mrkipler,183
dubindore,183
thiccwithaq,183
ewmo.de,183
markoriginals,183
taigerarts,183
churrosolixoso,183
yuzuki_fang111,183
same22shark,183
gikowinko,183
xedrykthedragon,183
floppyearfreak,183
felinecanis,183
emolga_1,183
yakpup,183
possbooty,183
felloweirdo,183
flockdog,183
dweet-tea,182
miketheuser,182
royalty_(artist),182
silverfox057,182
diablo_the_rex,182
lady-darkstreak,182
drawholic,182
ahoge_(artist),182
extraspecialzone,182
thatweirdguyjosh,182
hierro_(artist),182
katabreak,182
mike_argentum_(artist),182
big-fig,182
hyperflannel,182
likasomboody,182
starstrikex,182
araru,182
strohdelfin,182
canid_kaiba,182
sky_chaser,182
wolfdawg,182
sudsypup,182
miuraon,182
unuxory,182
hazed01,182
itisd9,182
ghioel,182
dregna,181
sillydraco,181
cookiedraggy,181
claydust,181
oddwilds,181
hikazedragon,181
iceblizzard,181
higglytownhero,181
scrungusbungus,181
brushart,181
diru,181
sindenbock,181
rohgen,181
ikugo_(artist),181
39coit,181
alex168wang,181
panda_po,181
greedmasterh,181
tangerine_(artist),181
magaska19,181
moonski,181
fatzoimp,181
thehenwithatie,181
suizilla,181
ground-lion,181
shawoo,181
baconfetish'ntomato,181
kiwyne,181
dullyarts,181
huynhduyad14,181
ricthecusco,181
thehuskydragon,181
lodetail,181
eldiipiid,181
natedhernandez,181
sneakerfox,180
korrok,180
rackun,180
darkminou,180
jammerhighwind,180
rimefox,180
soranamae,180
zevex,180
rmtwo,180
bayeuxman,180
kazzyboii,180
wolver_mustang,180
tokumori_kaisen,180
neozoa,180
leafdubois,180
deerrobin,180
remarkably_average,180
fuzzy-britches,180
aliena-cordis,180
danero,180
wanderertamplior,180
crimellgrim,180
skailla,180
zamzi,180
sendar,180
plive,180
matheusps555,180
honhearthy,180
kittyodic,180
clrfoolished,180
nerdmouse,180
aerth,180
cougar_leon,180
dr._pizza_boi,180
sasanoha6011,180
lost_andsafe,180
deathzera,180
zerlix_fox,180
spicyichizo,180
randomdragon,179
milo_nettle,179
salireths,179
mewdles,179
tarian,179
pienji,179
soraawoolf,179
mtflying30371,179
honky_kat,179
jumpjump,179
acino_(artist),179
menhou,179
goujuyu,179
furryrex_(artist),179
ziggy_fox,179
thecaptainteddy,179
harzu,179
ashendawger,179
chita_(ketchup),179
thesp97,179
mdjoe,179
toilet_man,179
bananastheleech,179
inkudoragoon,179
yerolay,179
hailberry,179
six343,179
zombiedolly,179
i_will_dance_only_if_the_beat_is_funky,179
tracy_j._butler,179
z_dragon,179
frederickjdr,179
trmk2,179
zortrex,179
dibujuani,179
whitephox,178
celeste_(artist),178
skunkdude13,178
armadirou,178
darkstylerz,178
scrappyvamp,178
kurokuma824,178
melamoryblack,178
beholdervee,178
nakitacat,178
shio_inu,178
greenlinzerd,178
vondranart,178
fiyawerks,178
justtaylor,178
alpi,178
bumpywish,178
jariloxe,178
xintro,178
apsel_bluestar,178
ninjatreecko,178
lotolotl,178
koluarts,178
plentyofsoup,178
sosu-the-blue-wolf,178
tigerlilylucky,177
shortwings,177
lundi,177
berty-j-a,177
damingo,177
auradeva,177
lopoddity,177
may825,177
harry_amorós,177
psyk323,177
lunarmarshmallow,177
probablyfakeblonde,177
rikuo_(artist),177
lindong,177
yoko_darkpaw,177
rinkamo,177
rsotart,177
artofthediscipline,177
the-hydroxian,177
angryelanoises,177
rainven,177
bunnyfeet,177
azrealm1,177
cocothezebra,177
pizhma,177
doommusk,177
guttybee,177
possumgod,177
xvii_(artist),177
vezerem,177
vanadiumvalor,177
uulitch,177
david_hopkins,176
pokkuti,176
unregisteredcat,176
dboy,176
dunstanmarshall,176
graystripe64,176
spiderweber,176
3sthrees,176
dosanco15,176
pixelsketcher,176
axelferdinan,176
danawolfin,176
bizymouse,176
raptorroper,176
moth_sprout,176
zawn,176
necroizu,176
jayjay_(artist),176
kianara,176
filthyopossum,176
fenrir_osbone,176
mathew_(srmmk_mce),176
nashi_(intothe_bluesky),176
zmsfm,176
klempner,176
gausscannon,176
noppe-bo,176
fisk24,176
spicedpopsicle,176
repomorame,176
domizoni,176
zoquete,176
popwitter_ox,176
miazuma_shouki,176
kids_gamera,176
katsumizi,176
eriklechugaa,176
poundfulpanda,176
xpasha122x,176
missebony,175
hysk,175
inu-jean,175
pippuri,175
wob,175
addickted,175
srfx18,175
thetenk,175
pashoo,175
kouseki0024,175
endless_(artist),175
neltharion290,175
lupelongo,175
magpiehyena,175
roxyrex,175
blackontrack,175
sevenarms,175
billmund,175
kaidzsu,175
kureto,175
nic-m-lyc,175
ig1119,175
holtz,175
nsfuwu4,175
quinto,175
pitfallpup,175
miyuka,175
bullstarhaku,175
cybeeyoru,175
crimsoncreaturecreations,175
chaoji_xiao_shou_he,175
blazedscarf,175
zeecibee,175
elicazzz,175
dominismortis,175
skeptail,175
gunbangjindog,175
chibi-marrow,174
psyredtails,174
lako,174
fedupfox,174
jojocoso,174
sonicguru,174
pluckyninja,174
kolae,174
mrfatcakes,174
midnight_meowth,174
neshi,174
wanderlustdragon,174
marsel-defender,174
mixeeeel,174
mkcrown,174
magzol,174
blacklite,174
raventenebris,174
kohev_kass,174
k_gutless,174
furzota,174
v2wolf,174
yopy,174
shyybuchi,174
civetstranj,174
yura_inaho,174
thechavicgerman_(artist),174
smolspearrow,174
ventesthefloof,174
lordflawn,174
ergomancy,174
tja,174
saeko_art,174
foxmccloud287,174
darkburst_(artist),174
skeletalheart,174
klemens,174
lykan284,174
puppy_meats,174
tanno_radon,174
kemono_inukai,173
pandora's_box,173
myenia,173
innocenttazlet,173
rafflone,173
gloryworm,173
fangdangler,173
harwick,173
el-yeguero,173
electrikestorm,173
plus-alpha,173
stepanda,173
iabelle,173
anticularpony,173
pyc-art,173
dyriuck_kaos,173
kanannbo,173
komoroshi_(artist),173
swetpot,173
ayvore,173
sakifox,173
omegaozone,173
mr._mist,173
castrodour,173
bernardol22,173
seyumei,173
srrizadventurer,173
snakedakyoot,173
catpumpkin,173
bananaramasama,173
yaldabroth,173
mashiro_sssinohu,173
elisasharky_(artist),173
pedrohspacewolfy,173
cyberlord1109,173
mevka_(artist),173
toxik_enzis,173
ikstina,173
vivarin1969,173
ferrn,173
carameltsi,173
hiverdose,173
bonebees,173
kelly_hamilton,172
xianjaguar,172
jobo37,172
finir,172
lurkergg,172
samoji,172
daxhie,172
silverscarf,172
qtipps,172
minakamin90,172
pepperchan,172
devilturtle,172
hutago,172
garruuk,172
bonfiredemon,172
pawsmasher,172
momobeda,172
mcdave19,172
powzin,172
ranara,172
itsdante,172
tororoudn,172
mawaifu,172
arcatech,172
theyeager,172
sombird,172
zairuz,172
md34,172
jollysart,172
tokuya,172
lichgirlart,172
sockiepuppetry,172
mcerror,172
cdt2s,172
dreamerknight,172
keinga,172
natsuki_takano,172
bunnemilk,172
eviltqf,172
champchidi,172
bryya04,172
togetoge,172
celdwyn_(artist),172
mishajeans,172
pandazar,172
ferris,171
jk,171
floebean,171
kumbartha,171
wintersnowolf,171
relevancy,171
chesta,171
josemalvado,171
annoy,171
date_natsuku,171
iguanamouth,171
bebecake,171
gombay,171
feve,171
bludermaus,171
adam_bryce_thomas,171
yojek163,171
fffffolder,171
antanariva,171
sugaryhotdog,171
marii5555,171
bake_gosut,171
aleksikashvets,171
verybatty,171
beartouma_0517,171
deormynd,171
pesty_skillengton,171
tofu-doggo,171
aquest,171
ksaiden,171
tenynn,171
trevart,171
dustedpollen,171
usssar12,171
avian-king,171
mooncheese,171
geebie33,171
annham,171
owner_(artist),171
aquaticvibes,171
morgan_gorgon,171
lordburqan,171
foxvomitarts,171
navi_(artist),171
inventor_(artist),171
zixzs-redlight,171
nightlydayart,171
day74art,171
monsterplus,171
kappy,170
c0nnerc00n,170
megawolf77,170
snowfyre,170
mlock,170
raxkiyamato,170
dagger_leonelli,170
chaos-draco,170
plussun,170
gashiboka,170
casynuf,170
unknownlifeform,170
zephra,170
slendid,170
koishi_chikasa,170
den255,170
jhussethy,170
themongrel,170
z-t00n,170
bran-draws-things,170
punishedkom,170
chunkerbuns,170
indynd,170
yaudizz,170
vaktus,170
dondon,170
redradrebel,170
harikuran,170
kamilazu,170
iaredumbo,170
awarebear,170
hunamarts,170
kazarart,170
suiro,170
dmoon,170
gurglegluts,170
mamayong_(artist),170
dragonantojos,170
kenuwu,170
greengrizz,170
emmet_twunks,170
lustwasp,170
the_padded_room,170
mister_d,169
victoria_viper,169
cherushi,169
petaroh,169
mikeinel,169
pvt._keron,169
mcsadat,169
nolow,169
evil-rick,169
mrs1989,169
kyrio,169
sweltering,169
fruitymilk,169
vandclash,169
bokonus,169
dirtybird,169
hachi_duchi,169
nivy_(artist),169
nailstrabbit,169
spamjamz,169
possumpecker,169
gaothunnfsw,169
flamingtitania,169
shesamonkey,169
misoden_(artist),169
tohtori_crow,169
theyiff,169
ekayas,169
drakk_art,169
chrisbmonkey,169
spruceloops,169
kochapatsu,169
rikosakari,169
kint,169
rousal,169
foresttherotten,169
ritios,169
kaizocns,169
gardegu,169
fennyfen_1,169
hobbes_maxwell,168
jocarra,168
veggie55,168
tfancred,168
amuzoreh,168
ragingsemi,168
tasticstarlight,168
renoky,168
kipaki,168
canes-cm,168
no-name-no-problem,168
dagapuff,168
kas20241013,168
the_gory_saint,168
jademerien,168
boypretties,168
magnetiorchid,168
fullbodywolf,168
reathe,168
mustard_(welcometothevoid),168
atomic_cat,168
misterdonut,168
leafjuly,168
freeedon,168
azuu,168
jolly_the_lizard,168
yoshuacomoyoshu,168
thevestige,168
darkboss,167
kabangeh,167
tsukinori,167
lightdevil,167
fol,167
grapeyguts,167
amixeduppuppy,167
lukiro,167
redras_shoru,167
sanzo,167
shiike999,167
whiteabigail,167
diaminerre,167
mitsuharu,167
bard-bot,167
miakameron,167
bogexboog,167
mr5star,167
dank_wankem,167
mind_drive,167
tourmalice,167
t.n.,167
felestell,167
that_j,167
bitterk4t,167
jacqueling,167
truemew,167
judasthesinner,167
ethersilverfox,167
kuru_tyan,167
ursula_vernon,166
briskby,166
amit,166
shadowwalk,166
oo_sebastian_oo,166
grispinne,166
maniacpaint,166
willisrisque,166
ket-ralus,166
toco_(artist),166
djcoyoteguy,166
fralea,166
skade_(artist),166
kam,166
nekoyuu,166
neverwolf,166
mamaduo,166
muhut,166
aquas_sirenix,166
mizuse_higomaru,166
kumakum,166
holemann,166
tora_gy,166
koike_09,166
catboyz,166
goallonely,166
naholadydragon,166
bafbun,166
alekoin,166
red_wulfie,166
byghosteduard,166
drawsfigures,166
blu_rent,166
mochii_tiger,166
maximilianofox,166
mmhorrors,166
ferretidk,166
littef,166
cl.rudolph,166
manya,165
whitmaverick,165
eddiew,165
slyus,165
bd,165
sogaya,165
metalowl,165
kinkypinkie,165
vicioustyrant,165
neonyx,165
mizukithia,165
okithau,165
wallswhisper,165
kalk427,165
darkskye_(artist),165
a_drunk_dragon,165
muns11,165
pillothestar,165
endermoonfur,165
k9player_(artist),165
zlatavector,165
atsuineko,165
roof_legs,165
sleepyhelen,165
manwiththemole,165
atsuii,165
luryry,165
kanakakia,165
rat_bastard,165
kaffii,165
thehonestrival,165
loonanudes,165
nero_eternity_(artist),165
popstick,165
rogywantscoffee,165
nikucomics,165
zantanerz,165
milkbearbunny,165
corgi_(artist),164
ookami-kun,164
robomax,164
azurei,164
grumblepluck,164
rt001,164
drychicken,164
radiantrealm,164
riddleaugust,164
lofi,164
allesiathehedge,164
kigoh-neko,164
tanookicatoon,164
platinumeggs,164
sunnyhoneybone,164
banglow,164
doggadee,164
ramzymo,164
plushcrochet,164
tavyapl,164
zuckergelee,164
redgreendied,164
kanizo,164
mentalcrash,164
creamygrapes,164
scottred,164
neon-chan,164
wolke,164
imadeus,164
kvnpoulsen,164
magentapeel,164
vjsins,164
sammehchub,164
sen_grisane_(artist),164
lendri_mujina,164
johnwulffe,164
noki001,164
cuknite32,164
yolabayola1,164
nuree_art,164
smokedsoul35,164
juppi,164
shybird,164
star_art_hd,164
zerrymon,164
momiji_yu-ga,163
zenmigawa,163
raghan,163
lunar_epitaph,163
dangan,163
perverted_bunny,163
t-kay,163
germees,163
kimubota,163
soukosouji,163
nightmaremoons,163
furikake,163
brendancorris,163
nokemop,163
applepup,163
cookieboy011,163
dachimotsu,163
salonkitty,163
rag._(artist),163
nahyon,163
happylittlecloud,163
spunky_mutt,163
kaiotawolf,163
cubow,163
stesha_di,163
shockstk,163
bambolbi,163
kiva~,163
wendel_fragoso,163
popogori,163
artesjsc,163
moomaid,163
aosano_tenpura,163
abnarie,163
totalgary,163
uno_yuuji,163
polunoch,163
heavensdoor,163
anjing_kampuss,163
barbonicles,163
debudave_12,163
zagz,163
nivi,163
stelladraco,163
v3rg3,163
gayoku_midara,163
had_my_way,163
postalk,163
takanuri,163
hhbrother,163
ssirrus,162
green_bell,162
brandi,162
easyspark,162
noah_(artist),162
sammy73,162
luthien_nightwolf,162
makoruu,162
grostenmeiers,162
m@rt,162
bluekomadori,162
vivzmind,162
cream.pup,162
pyritie,162
thediscorded,162
kunn_(artist),162
drenmar,162
lowerkuo,162
idoodle2draw,162
dust_yang,162
9999gpera,162
seintaur,162
lemur2003_(artist),162
crazybear,162
fishimira,162
reiko4835i,162
omyurice,162
gonewiththefart,162
backup4now,162
malivaughn,162
deadmimicked,162
kobold_dellarte,162
fudatsu,162
drokmars,162
lang_yus,162
niki3d,162
darbooart,162
cdrspark,162
silverray17,162
guak,162
night_creep,162
syn-6,162
markusd,162
randomtanstudio,162
natasha_cat,161
bludgeon,161
masha,161
90sigma,161
iwano,161
flashquatsch,161
darkai,161
hoverrover,161
lewdreaper,161
eroticphobia,161
perunagekko,161
mo_to_i_chi,161
kida_kuro_mu,161
vikhop,161
mincheeto,161
kdhynamo,161
botter_dork,161
zw3,161
kingjaguar,161
dobrota,161
redboard,161
medicinal_succ,161
twilightchroma,161
thorso_the_vile,161
ameizinglewds,161
nauiho,161
justagoodboy,161
nachan,161
brennan_d_vries,161
y32010g,161
emi_05_owo,161
coffilatte_(artist),161
drqube,161
nording,161
raccoonuki,161
bingbingo_(artist),161
lokabrenna,161
velvetdraw,161
sweetvixenarts,161
postpluvial,161
rareplushy,161
scottdeer,161
sherwood,160
nedroid,160
watermelon_(artist),160
da_polar_inc,160
malamol,160
negativetheory,160
oblivionrising,160
edesk,160
saesar,160
megawaffle_(artist),160
kawaoneechan,160
dogfu,160
malerouille,160
silentpassion,160
xptzstudios,160
tomatocoup,160
hanadaiteol,160
scarfyace,160
bk-mita,160
naahva,160
pencilsdgr,160
ichkoro,160
marota,160
ghost3280,160
sabbasarts,160
dako,160
40hara,160
travis_the_dragon,160
fluffymare,160
mononi,160
bustingmangos,160
remmyfox,160
whitebeast20,160
voidbeerfloat,160
thatguynamedjoe,160
ruttinren,160
blueberrygrizzly,160
sigma-d,160
ollieotty,160
amadchief,160
trichternet,160
g00eygutz,160
asmallotter,160
zhang_gun,160
budoti,160
janiskisa,160
hairlessboyblunder,160
chris-thekid,160
mishakun,159
chizi,159
dandoo,159
neltruin,159
jinash,159
lingrimm,159
johnofe,159
vanripper,159
nameless00,159
untied_verbeger,159
annairu,159
badenov,159
morris_(artist),159
qr-code,159
on_ice_(artist),159
anora_drakon,159
grumpyfloof,159
syntech,159
cheesoart,159
vesperinox,159
prurientpie,159
pestil,159
cinnahbunn,159
fleety_(artist),159
psychpsyo,159
lillymoo,159
jomaro_(artist),159
rofortyseven,159
soovka,159
sweet_chubbs,159
metrothefox,159
kobold_orion,159
elysianelly,159
park_horang,159
deerwalker,159
beanshaped,159
afterpawty,159
dodedo,158
jader,158
rooc,158
maplemoon,158
zeeka,158
hybernation,158
chirasul,158
coypowers,158
bigdead93,158
sm0shy,158
goronic,158
shiarah,158
mti777,158
galian-beast,158
glacierk,158
drawfee,158
lizardman_(artist),158
radvengence,158
funble,158
kogotsuchidark,158
witchfiend,158
grakata733,158
eihman,158
zephyr_lyall,158
felicer,158
pleasantlyplumpthiccness,158
kaze~inu,158
cornelia_nelson,158
obikuragetyan,158
saltorii,158
alterkitten,158
shewiff,158
neoxyden,158
sobieniak,158
nikkimory,158
local_cannibal,158
monobe_yuri,158
kironzen,158
exv508,158
degen3d,158
sofmallow,158
asusya,158
nuar_come_mundos,158
fsc,158
palister35,158
konekonoarashi,157
michael_higgs,157
trogan,157
aluminemsiren,157
xatanlion,157
biidama,157
blackmailz,157
gerph,157
coszcatl,157
maychin,157
huggablehusky,157
jlullaby,157
robosylveon,157
cat-boots,157
fluffysnowmeow,157
kreic,157
fuzefurry,157
lavasi,157
aokamidu,157
runt_(artist),157
inktiger,157
peanut.k,157
kingjion,157
sharkstuff,157
refegi,157
steeckykees,157
kevira065,157
cowardlion,157
camcroc,157
dollymolly323,157
owo_sfm,157
noblood,157
arino,157
tealsick,157
fug@9,157
meowolf222,157
sinna_roll,157
felixf,157
cutefckngbunny,157
netchy_boo,157
sparkittyart,157
kd_gai,157
fatalafterdark,157
foamytail,157
hinget,157
akoqev,157
tohaakart,157
samrunner,157
ahegarou,157
nongen,157
00niine,157
mertvykhcrows,157
mana_hannah,157
nyyakikki,157
bigbadbear,157
creativeclaws,157
doggieo,156
hitsunekun,156
witchking00,156
lemon_smoothie,156
arkanum_zilong,156
adalfyre,156
isuna,156
silvermoonfox,156
vandalistpikachu,156
nastynatalie,156
arucarrd,156
pastelcore,156
anothercolouranon,156
7nulls,156
zeetar,156
aradortd,156
fauvfox,156
cuccokingu,156
dorkinhorkin,156
thepimpartist,156
vanillayote,156
cake_top,156
es74,156
stareostar,156
darkdraconica,156
eqlipse_(artist),156
darkingart,156
eruca,156
sebasdono,156
cyberkaps,156
pawsve,156
waynekan,156
yimoon640,156
fenris64,156
snekkuu,156
mortarionlordofdeath,156
fattmana,156
rodd.y,156
caracalpilot,156
reku_illustration,156
boidbwain,156
convolute,156
shinyagaia,156
blueregardtwo,156
mindnaughty,156
nikki_sensei,156
basillicus,156
ratbat,155
ryou,155
balddumborat,155
rena_ayama,155
ovopack,155
sasamix,155
fadingsky,155
rigi,155
rorr,155
reit,155
d-lowell,155
masahikoko,155
negasun,155
cubby_chambers,155
patch_(artist),155
ljrmr,155
s-purple,155
sugaryviolet,155
scrabble007,155
dakkpasserida,155
nakayan,155
xenochelle,155
thelazydreamer,155
bluewhale127,155
pyu_ta08,155
mario-grant,155
feardakez,155
ifra,155
loppifi,155
spoof_(artist),155
butterchalk,155
hamham5,155
fluffyglitch,155
meowmere,155
tallion,155
ai_od,155
foooooxes,155
bootleggz,155
kemo_neko,155
wobblelava,155
dirtyduckart,155
polarisart,155
kailewds,155
alebehemut,155
ibukemono,155
yed,155
cylo_(artist),155
dziero,155
namespace,155
wicked_whiskers,155
veksim,155
ticl,154
sheer_(artist),154
eurobeat,154
kiguri,154
masemj,154
eternallytardy,154
yoditax,154
teddy_jack,154
graphene,154
h3nger,154
heyitscousindave,154
mayku,154
geng,154
dischimera,154
cosmicscourge,154
deermary,154
xdiegosilvax,154
rubykila,154
jaykat,154
tinycactus,154
fiinel,154
maron2475,154
sirdoomwolf,154
priscillasheep,154
uenositasayuu,154
altowovurr,154
douglas_kim,154
veoros,154
guccigarf,154
el_brapitto,154
ema_npr,154
raydonxd,154
fleetwoodbrak,154
chozogoat,154
bearafterall,154
zankytime,154
moordred,154
maxwtv,154
pegacousin,154
confetticakez,154
avaliy_conely,154
yunlongchen,154
nobori,154
true_fossil_soul,154
starwolfskin,154
vanillabeangoat,154
anjuneko,153
miri,153
unistar,153
archery_(artist),153
tsubasa1110,153
racoon-kun,153
dandabar,153
chibity,153
nviek5,153
50percentgrey,153
aoki6311,153
sheepuppy,153
eromame,153
ginnosuke,153
felisrandomis,153
dalley-the-alpha,153
beaugilliam,153
gynoidherring,153
bakukurara,153
magiace,153
alphasabre,153
coffeesoda,153
nihilophant,153
zombiate,153
nyuroraxbigdon,153
alisa-walker,153
zoruken,153
baigak,153
sinibun_95,153
sawch_cls,153
junkieboi,153
lizard_soup,153
firepawdacat_(artist),153
grepstrash,153
shtarfish,153
starampharos,153
dyna_soar,153
bedsheetwalking,153
kahlu,153
ahatas,153
dead.akira,153
scopedout,153
matthew-x,153
thyhsilverfeet,153
deltav,153
fawe,153
palewdas_arts,153
razbunny,153
bell-bell_(artist),153
rogero_(artist),153
akrolayn,153
bartek22,153
dexterthederg,153
zibyr,153
mechogama,152
nekonny,152
ranphafranboise,152
wwaxyy,152
lock-wolf,152
realiron_(artist),152
jessesmash32,152
squarerootofdestiny,152
manlyster,152
moonlightdrive,152
desfrog,152
paige_(artist),152
letfurry1t,152
nibhaaz,152
koraru-san,152
thefreckleden,152
bizzyniz,152
harmaagriffin,152
rokuyon,152
komarukoune,152
aishasoup,152
mackinn7,152
colelucario,152
nakamura,152
nightlycatgirl,152
moodytail,152
narram,152
prisma6,152
lorenzobrezo,152
sfmmations,152
conadolpomp,152
ishimaurell,152
danidrawsandstuff,152
jojobiz,152
how-about,152
blazar,152
orphira,152
geodat64,152
host_hu,152
dawrklawst,152
nehmkey,152
xaz3d,152
silentbandit,152
arcanelynx,152
fifybear,152
hoosierman9911a,152
hanazawa,151
liki,151
machati-sama,151
drakemohkami,151
vamplust,151
jin_(artist),151
jwolfsky,151
keedot,151
goattrain,151
hobbsmeerkat,151
renatetherat,151
redrabbu,151
slugsdog,151
yukaran_nosuke,151
sky3,151
rokito,151
nekonade,151
skyfifer,151
artsenravenbrave,151
vinfox,151
daryabler,151
shirosaru,151
corelle-vairel,151
livesinabag,151
furious_(artist),151
caeleste,151
victordantes,151
tach8,151
raccoonshinobi,151
cubedcoconut,151
dingding_(artist),151
endjfcar,151
needsmorefuta,151
pdude,151
rustyclawshot,151
bon_donuts,151
nat_127,151
zikeny,151
pomopuchi,151
norio_(pheromosa_times),151
cataxdrk2020,151
chobonolly,151
chia_mio,151
dragunsnack,151
zzx,151
brukki_gunar,151
usagi_star,151
noctibus,151
omegamax,151
sketchy_protogen,151
xxbrewbeastxx,151
botanics,151
krowbutt,151
budge_(artist),151
kbart,151
itooku,151
technesaurus,151
pawronik,151
datapony,151
raevild,150
docwario,150
oter,150
luigiix,150
tsukudani_(coke-buta),150
clue_(artist),150
theorangewolf,150
blueshark,150
terryburrs,150
yaoyasohachi,150
jambalayathepit,150
ottahz,150
bluepanda1,150
galaxyviolet,150
allagar,150
coderenard,150
q-blackbun,150
culixcupric,150
blackboltlonewolf,150
dishka,150
juggermelon,150
crystalberry,150
hypergal,150
mawarisaka3,150
yutakira92,150
galactabee,150
erostud,150
a8295536,150
andre_vazzios,150
graycatluna,150
duskari7,150
sillytoys,150
xerun,150
mrkeypoo,150
prophetpack,150
bigburrbailey,150
lil5parrow,150
venela,150
sourmagic,150
bluebambo,150
unsavoryimpcat,150
fluffyzit,150
aydaharart,150
feladrine,150
steel_tigerwolf,149
scott_calico,149
marukomuru,149
azzai,149
misericorde,149
kittikary,149
kruth666,149
animasanimus,149
astraldog,149
rainbownspeedash,149
bukoya,149
sesame_(artist),149
r18,149
hornbuckle,149
noronori,149
sakana8888888,149
uokkom,149
mitokep,149
cool.,149
thebestvore,149
kinnni-chan,149
kangy-roo,149
pompsadoodle,149
bigmi_nono,149
sskomu_(artist),149
sin_bruh,149
ohfourmouse,149
iceeye_ena,149
yukikazefactory,149
sovulsen,149
upov,149
awful_lad,149
kyameta,149
shycryptid,149
roxaszy98,149
marvispot84,149
defunctumbra,149
perromalo,149
osakana2gou,149
spicylotor,149
nonotoys,149
viofsa,149
countfire,149
aquakey,149
wandwess,149
marketablebunny,149
rwolf,148
daniel_kay,148
morphine_(artist),148
combatraccoon,148
nayel-ie,148
doublewbrothers,148
oyatsu,148
sinistereternity,148
ariozyn-soulcatcher,148
hicanyoumooforme,148
jetshark,148
tilionmaia,148
sho_shibamoto,148
greasyhyena,148
mglblaze,148
tweedabop,148
ghostli,148
petitecat,148
draconicmentalist,148
fluffyblarg,148
skunk_bunk,148
freakster,148
momosukida,148
swiftsketchpone,148
gwizzly,148
neceet,148
nanadragon4,148
maxartwolf,148
drboumboom32,148
rivvoncat,148
syringa,148
pokonuki,148
yogin,148
sashunya,148
beer_cock,148
triggerpigart,148
apocheck13,148
agent_0730,148
neiliousdyson,148
kutar_g,148
sin_teal,148
kostictoxic,148
catboyjail,148
crabtopus,148
sunshiu,148
ethan0,148
bobabunnibeans,148
miranda_leigh,147
skia,147
dsp2003,147
second_city_saint,147
vector-brony,147
c1-11131,147
volcanins,147
bluedrg19,147
canis3,147
lovepuma69,147
darbaras,147
pokeandpenetrate,147
blakenfen,147
eatmybuns,147
x-celebril-x,147
kemosara,147
nastypasty,147
faggotrat,147
episode0006,147
mochimochi39mo,147
alvro,147
tonosan,147
begonia-z,147
rokacake,147
tradelt,147
ibgross,147
zerov,147
illogicaljumble,147
marcofox,147
chivaran,147
daison_the_fox,147
hynvale,147
tenides,147
cumjarbunny,147
eebahdeebah,147
mattthetooncat,147
mechanicalstage,147
abzollozdol,147
the_dark_skull,147
him_army,147
virteil,147
soviicoon,147
gaddiel55565069,147
roboticsteve,147
ramssa,147
bounddev,147
haramikarubi,147
amarox,147
yuureikun,146
taharon,146
reiger,146
lemonfont,146
kogeikun,146
nakagami_takashi,146
bantha,146
inkerton-kun,146
bakugatou,146
nikubo,146
por_furryart,146
lady_drasami,146
tigerinspace,146
yazoe,146
foxxx321,146
johnfreak,146
gab0o0,146
kurtis496,146
lowkey,146
atmosseven,146
kaomoroart,146
saliant,146
doublescale,146
amber_wind,146
wball,146
dovecake,146
tektah,146
banbanji,146
croisshark,146
rocket_grunt_(artist),146
frowntown,146
ellie_saionji,146
huegirl19,146
shiratzu,146
runbasamba,146
gevual,146
chaptude,146
gandergeist,146
saasmimz,146
teitoryu,146
sleepyinu,146
orange_bongo,146
double_slime,146
zoba_(artist),146
speedl00ver,146
posspowered,146
catgenderzz,146
broth_nsfw,146
fennec_(artist),145
metal-renamon,145
tiquitoc,145
higoro,145
mongo_bongo,145
biri,145
punkydreamer,145
kasaler,145
dark_nurse,145
longdanger,145
nekojita,145
maarthul,145
perenthis,145
blackrabbit-13,145
friskalpox,145
sharparadise,145
nana-yuka,145
maximumpingas,145
aotoaka,145
marsccts,145
neterixx,145
shibaemonxsk,145
enderbendr,145
gapao,145
smokey_blokey,145
blitzyflair,145
runawaystride,145
umaishiru,145
lanhai,145
sleepysous,145
k-dra61,145
pepperbunny,145
momijizx,145
akibun,145
jaynt,145
plecopsar,145
la_tiapat,145
ptkd,145
alex_artist,145
naga_(artist),144
c-puff,144
weisswinddragon,144
vonderdevil,144
caramel-kitteh,144
miokomata,144
doktor-savage,144
mostazathy,144
audiophilekitsune,144
staggeredline,144
staggard,144
twistedgrim,144
mik3thestrange,144
horsen,144
tahla,144
grummancat,144
arkoh,144
cerebropodrido,144
kanogetz,144
dongoverlord,144
scataraxia,144
delisle,144
g-cat,144
poisewritik,144
bluedouble,144
brasslion,144
toragoru,144
bogexplosion,144
cremacat,144
unmakeyourself_(artist),144
kitorie,144
fozuna,144
stevechopz,144
icedev,144
kato200_0,144
noirnoir,144
chrislhi,144
blushing_yokai,144
quicktimepony,144
rosheatfreak,144
normi,144
doggydog,144
infernums,144
mysticaldragoon01,144
theember,144
biskydraws,144
knochka,144
erokaiga,144
asutatinn61,144
bomba_world12,144
dyyrlysh,144
korka,144
3gs,144
glossypenthouse,144
mame02550912,144
banoncat,144
lawgx,144
jon_noj,144
emmacat64,144
lance_the_lich,144
fluffy_void,144
lumpypaca,144
transfaled,144
catedging,144
omananimations,144
deerboynsfw,144
louis_wain,143
gtskunkrat,143
dmitrys,143
agemono,143
fleatrollus,143
ricocake,143
epic_soul,143
dalagar,143
aixen,143
archshen,143
throat_(artist),143
skdaffle,143
thedecisivepanda,143
auroriia,143
shikoyote,143
nyuudles,143
colonelyobo,143
nyagirl,143
brahkest,143
asatrua,143
chacrawarrior,143
moku_nameko,143
dzk,143
someindecentfellow,143
yoshida_hideyuki,143
folsky,143
honeyboyy,143
moiyablochki_(artist),143
lugen_kobold,143
dragontim,143
sora_png,143
goldiescales,143
nullma,143
vier_punksterne,143
nardodraws,143
whitecrocus,143
ehada,143
lewdookami,143
slasheramaya,143
roseonapot,143
tylerayrton,143
snippwapp,143
spotty.cat,143
phoxtrot,143
battleorca,143
maple_syrup_art,143
randomthunk,143
cofficremer,143
swatcher,142
toraya_inugami,142
henbe,142
mittsies,142
omunikin,142
natsumemetalsonic,142
aponty,142
kosmonius,142
studio-pirrate,142
0rang3,142
jamesab,142
escopeto,142
cate_wurtz,142
norataro,142
hotbento,142
ryu_masakaze,142
maiz-ken,142
toonvasion,142
etsu_cuprumfox,142
hisashino,142
road~abelgeym,142
foxehhyz,142
yetifish,142
noaharbre,142
toxi_de_vyne_(artist),142
tarkir,142
latea_hyena,142
piratefoxbox,142
hornygraphite,142
jonhexelleirr,142
hisashiyo_0705,142
rorrek,142
bramblefix,142
dash-the-cheetah,142
mechspazer,142
imato,142
earthclan3d,142
zachsroom,142
dream_merchant,142
nahadon,142
jacato,142
princess_samoyed,142
doukutsunezumi,142
milklemon5127,142
aleidom,142
akella-yukami,142
leponsart,142
iivochka,142
naughty_ram,142
vike_mike,142
critter_catcher,142
thighlordash,142
sodaduv,142
cuteconfy,142
angelohoshi,142
phosenpai,142
edis_krad,141
desiree_lee,141
dossun,141
juxzebra,141
washa,141
diaszoom,141
cesar23,141
rarewhoroastbeast_(artist),141
suns_(artist),141
nimushka,141
toot,141
tarantuloo,141
deathmask,141
pikapika212,141
theloanwanderer216,141
poge_jirushi,141
slipperycupcake,141
arf-fra,141
inake,141
memegmu,141
ra_tenpu,141
runasolaris,141
xoti_(artist),141
kobradraws,141
aidennguyen17,141
oversleeper,141
furrreun,141
qvq1024,141
thephantompornographer,141
kryadrawgin,141
deltavinny,141
khblacky97,141
dettyfenik,141
pedrodesenhador,141
bigoldoinks,141
kinkypeach,141
easyvock,141
mumu,140
chris_mckinley,140
galgard,140
valcron,140
rei_vagan,140
rubberskunktoo,140
deareditor,140
namarx7,140
jammiez,140
zica,140
kinojaggernov,140
andro_juniarto,140
crimsonmercury7192,140
scottyartz,140
afrometalmizu,140
inubikko,140
bibio,140
sepisnake,140
gasmaskfox,140
forastero,140
joeydrawss,140
knotsosfw,140
insanysage,140
barnem,140
viddharta-joshua,140
atelierlunatic,140
sweater_pups,140
johndoe1970,140
kasusei,140
chromamorph,140
fallen_(artist),140
peachygho,140
omegabrawl,140
wuirnad,140
asuka_kurehito,140
kisera,140
seuchenkater,140
maxmushroom,140
watagashikn,140
glaucablitz,140
rizdraws,140
asderat,140
bawp,140
shadesflame,140
ribr0t,140
docfurpanic,140
leelikessmut,140
shybred,140
piekiller,140
neatnick,140
taoreta,140
tahomich0,140
kurumilky6,140
naet,140
kewkungzn,140
rrevolight,140
sk3tchk4t,140
kopyorh,140
naysayingmongrel,140
lyonley,140
punch_pubby,140
ongongio,140
demon-man,139
donkeypunch,139
cyiakanami,139
tiki_san,139
schnecken,139
brucebadger,139
maquenda,139
blackbewhite2k7,139
larkdraws,139
rexx_(artist),139
kumagaya_shin,139
lightingsaber,139
theshadowstone,139
wasp_(artist),139
matataku,139
the_firebrand,139
blaketheflareon,139
hachirouta,139
chikkibug,139
megumigoo,139
suika-x,139
kikunoya,139
zyyphelze,139
reallydarkandwindie,139
yunu38,139
frevilisk,139
bluepanda115,139
sizable_danger,139
jayrnski,139
gattles,139
naikuma,139
xensilver,139
torou,139
bastardpalace,139
kyain,139
albalbalb,139
brewheardt,139
andr0ch,139
hirochanu,139
oraderg,139
zeidre,139
gerdeer,139
imabunbun,139
cherry_beries,139
leksi_(artist),139
raevi10,139
nanokindred,139
arofatamahn,139
nsfowork,139
reinbou,139
gramdraw,139
darkmaro_(artist),139
sky_necko,139
drain_scat,139
winterfrost,139
jdone,139
nylonhellhole,139
undyingsong,138
stasis_delirium,138
grimphantom,138
tsuyagami,138
brushstroke,138
quintonquill,138
lyosha,138
fleet_wing,138
wattchewant,138
shomunona,138
apc_(artist),138
dreameclipsewolf,138
leonirikuz,138
ninoeros,138
exlic,138
bluestripedrenulian,138
qew123,138
darkviperbara,138
trissyfen,138
kitsunepurin,138
ryukawa,138
crocodilianbooty,138
yunukopi,138
ponk,138
puapka,138
nunudodo,138
sulcate,138
randoramble,138
dubstails,138
naid,138
marvolk,138
spinneborg,138
angeloid003,138
pamen,138
mixedtoofer,138
yoru_vida,138
i3i2455_ivi394,138
st4rs6,138
yakkotsuki,138
feelferal,138
alleycat8706_(artist),138
mgferret,138
aslinino,138
koffeecake,138
btascandalist,138
kctk,138
fel,137
ryuakira,137
guimontag,137
hitori09,137
kannos,137
doggie999,137
farkhan,137
ciriliko,137
baneroku,137
e-w01f,137
moonwulf,137
leovictor,137
subdivisions,137
vermilion888,137
azuraracon,137
jailbait_knight,137
al-cat,137
armomen,137
piebunny,137
ty_arashi,137
somewhatsketchy,137
seanica,137
firael,137
materclaws,137
naaraskettu,137
sblueicecream,137
gokhan16,137
kojiro-brushard,137
erzabloodred,137
woobaloo,137
taffyy,137
pb-art,137
noirchaton4,137
cocco,137
calmnivore,137
veryfilthything,137
nadacheruulewd,137
billboi,137
sat_v12,137
prismosis,137
flicklock,137
negativedye,137
oldman_artist,137
sarcoph,137
vexxyvex,137
ultrazeta120,137
ll-ss,137
yamwamm,137
aetherxov,137
daemon_lady,137
anitwenty,137
idel,137
qs75834_(artist),137
thelousy,137
welive,137
str8aura-no-not-that-one,137
ando,137
2vv7,137
matz_the_kames,137
molnyshko,137
eroticbuni,137
baek-myo,137
kisschris,137
pomiart,137
kirkland897,137
spiritdeer,137
scoutthecat02,137
marbleous,137
cyber_d1e,137
solidasp,136
pav,136
ubanis,136
koki,136
samagthrav2,136
bsting,136
diorexity,136
foxene,136
melangetic,136
octoboy,136
dracky,136
marudi,136
hage,136
chromaskunk,136
taka_(artist),136
dancingchar,136
tim_o'rourke,136
ndragon3,136
stowaway,136
eternal.knot,136
mataknight,136
visorelle,136
momdadno,136
evilfoxyfull,136
tc-96,136
allannocte,136
dominate_(artist),136
narija,136
piemations,136
chiakiro,136
respecies,136
leqha,136
zensintemple,136
darkeros,136
fchicken,136
cheesecrumbles,136
kokobiel,136
foxyghost,136
mashiromiku,136
80sarchosaur,136
dirtyhorror,136
diethyl,136
mythil_flower,136
adriano_berjillos,136
benjibat,136
k1ngl30n,136
galv3z_(artist),136
shadowmatamori,136
jwecchi,136
suger_phox,136
unibro_pi,136
rusal32,136
get_it_go,136
ninotrash,136
afoxywitch,136
merlinmakes,136
izm_rm7,136
lalavi,136
roga141,136
tedd77,136
pretty_werewolf,136
rexhastala,136
suicune_queen_(artist),136
bewskyss,136
freddyv7205172,136
difinex,136
probablydemo,136
tha_randomu,136
azik,136
0l-fox-l0,136
jim_davis_(artist),136
g1r0r0,135
hexxy,135
mistresssparkles,135
lizebra,135
dragonlove,135
twilicious,135
ferobird,135
crazedwd,135
retros,135
tithinian,135
equum_amici,135
richarddeus,135
maocrowhard,135
gefauz,135
juneduck21,135
teaspoon,135
xc404,135
detnox,135
00freeze00,135
skymachine,135
amanddica,135
greey,135
cumminham,135
snickerlewdles,135
scimunk,135
ozzybear,135
ferrety-lixciaa,135
riipley,135
aronhilistix,135
bravo44_(artist),135
juliagoldfox,135
lunarlacepony,135
mistleinn,135
zkky,135
biskblizk,135
ciavs,135
a1ph4w01v,135
sirn_0121,135
n0rdbara,135
panickingad,135
charzcavern,135
zhulya_(artist),135
yrac,135
doodlemark,135
doodledox,135
traknoch,135
estebamilk,135
techiesxc,135
marblepan,135
moojuicers,135
dominica9,135
murfa,135
queen_susie,135
vuaisu,135
yurie_sekiya,135
06junior11,135
homuro,135
daeriusus,135
themanwithaquest,135
flowerbud,135
turborenegade,135
nagabe,135
greenmonkey,134
hammytoy,134
racoonwolf,134
antti_remes,134
ikuta_takanon,134
jimmyrumshot,134
parkdale,134
piranhapettingzoo,134
mitti,134
mutantnight,134
essence_of_rapture,134
kendratheshinyeevee,134
flame-lonewolf,134
undertaild,134
sudkampsin,134
kerun,134
jaysee,134
la-frugele,134
mortic_ox,134
pedverse,134
taracod,134
scruffymusk,134
aerosaur83,134
ziravore,134
robedart,134
audiophilliac,134
pixelhat,134
haltie,134
hawtmoon,134
guil_bunny_(artist),134
blackwhiplash,134
baburusushi,134
himachi,134
zelles,134
seatohao,134
chan_kiti_chan,134
shon_arts,134
shadowthespirit,134
millkydad,134
an_chobi94,134
osada,134
scocks4you,134
madbeak,134
kelkessel,134
frihskie,134
hiccyart,134
creator_ant,134
wenqu0304,134
moo2,134
xelli,134
lionberrymochi,134
blaski,134
sumiaou,134
samantha_whitten,133
suule,133
magolobo,133
koda-kota,133
kyuuhari,133
vani-fox,133
stevenlew,133
purple_bonus,133
waitress_(artist),133
vannie,133
koosh-ball,133
ace_stryker,133
toxic-mario,133
oonami,133
hasana-chan,133
kohtek,133
fantasyblade,133
stilettopink,133
cosmicunicorn,133
dogma,133
nelson88,133
gammanaut,133
doctorzexxck,133
kotetsu_rexen,133
kokkoman,133
squidapple,133
day-tripper-guy,133
principericardo,133
duplicitousmachine,133
kuramichan,133
wdh3905,133
pesimist,133
sakusan_kc,133
olethros,133
lotusaur,133
mintyskin,133
rxq,133
sinister-jordex,133
twistedlilheart,133
nobro,133
quotermain,133
mossa,133
a0nmaster,133
mels_monster_(artist),133
kingdoujin,133
sergevna,133
adma228,133
pastel_please,133
kluclew,133
mizuty,133
twoscale,133
kotezio,133
metonka,133
wallyroo,133
sickbelle,133
hushloafs,133
elonga,133
lycadio,133
fantum_fox,133
ginsingoo1,133
sergld,133
juanonyx,133
donisette,133
deepcreases,133
oxkingky,133
gamesfan,133
1500jiangbao,133
god-ale,133
gimpis,133
decodecker,133
joeumbre,133
bustin3d,133
ende,132
namu_gunsou,132
green_roon,132
fatyogi,132
kazerad,132
niban-destikim,132
jiandou,132
little-gray-bunny,132
carelessdoodler,132
ohakotome,132
barretxiii,132
siriusdog,132
ladyvenommyotismon,132
chaindecay,132
fonyaa,132
liard,132
naegi,132
pabloalderfox,132
m0n1e,132
zushou,132
scottieman,132
fluffyxai,132
fuzzies4you,132
thegreyzen,132
pixelflare,132
kukumomo,132
dongwongtang,132
crescent-blue-zero,132
kanutwolfen,132
themeshow101,132
holt-odium,132
kuuneho,132
hatakerub,132
lakehounds,132
helemaranth,132
zhenai,132
zebra10045,132
axentooth,132
dpronin,132
elysios,132
kotokki,132
darkholm1,132
inversecalamity,132
boyhowdy,132
ewr_115,132
glin720,132
bredlaybagordh,132
lbt9000,132
theslimedragon,132
tfwnocatgirlgf,132
sinnerpen,132
tucolewds,132
tkaloniesfm,132
amawdz,132
3cir_cle,132
ligma_(artist),132
tonkotsu_spicy_noodle,132
raposanaranja,132
chervyarts,132
alliartist,132
vulkyasha,132
stanmort,132
xammyxx,132
kunugi,131
chestnuts_(artist),131
drpickelle,131
zmeydros,131
northernsprint,131
bedupolker,131
toddrogue69,131
ember-dragoness,131
halapmir,131
odu,131
ethriol,131
navanastra,131
thevillager,131
isisazza,131
wolfybuns,131
araiguma_11,131
tsukigata_rossi,131
thelasthope,131
kamukamu6392,131
lildooks,131
ritter,131
squeeshy,131
nashiholy,131
mycrys,131
suzume_333,131
muhjob,131
muzzzzz,131
pipyaka,131
eggbot15,131
drake1dragon,131
pantyranger,131
dorobo_39,131
piporinton,131
kuroikiri,131
mautis_skunk,131
honorboundnoob,131
dergum,131
snapps,131
scaleddelta,131
ghostth39,131
jigglephysics,131
k1ko,131
artietheartbull,131
kojot,131
eocvevo,131
ionai,131
radishflavor,131
viktorvaughn,131
fazbeast,131
catniplewds,131
evan_harrey,131
dragheti,131
awooboros,131
darkafterdark,131
nawoshida,131
rekidesu,131
tomixp,131
tuggg,131
squaresville,131
thewholof554,131
captaingerbear,130
kubikitsune,130
gs,130
vanja,130
korosuke,130
deimion_j_shadowwolf,130
culpeofox,130
wolfgangcake,130
evillabrat,130
mn27,130
kl0ndike,130
hel,130
nekoarashi,130
aaros,130
rariedash,130
mysteryfanboy91,130
amara_lemur,130
double_deck,130
nyxapnea,130
yantaro_keno,130
mei_(artist),130
darkpotzm,130
padzyan,130
nanukkluik,130
shoguru,130
progressoftomorrow,130
pullmytail,130
mahmapuu,130
alasta,130
pongldr,130
arfventurer,130
avalonsfm,130
hidden-cat,130
toffee_(artist),130
1cassius1,130
hamuga86,130
cinko,130
aotadobukitch,130
fire_conejo,130
5ushiroll,130
gemerency,130
yumelle,130
critterdome,130
to_fat_to_fly,130
cm26,130
2dredders,130
kajabuubuu,130
supermoonshroom,130
talentlesshack,130
sherwind52,130
spongebandimark,130
do_obmmm,130
467adv,130
greedyorb,130
mrsnek,130
nanori-chan,130
dddoodles,130
catmakinbiscuits,130
longtailshorttemper,130
gassybigears69,130
darbedarmoc,130
boyclussy,130
furryonline1,130
beanthusiast,130
dokudrinker,130
spec_almond_(artist),130
mythrava,130
axislewdsrep,130
lnb,130
ev3d,130
visark,129
karbo,129
foxx,129
lucretia,129
black_jackal,129
avinz,129
illuminatii,129
dakota-bear,129
cyanzangoose,129
dark-dusk,129
kimmundo,129
kailys,129
sfan,129
sarikyou,129
grimm3d,129
drake_drachenlicht,129
naivintage,129
demondragoncyan,129
danslittlefurs,129
kenjikanzaki05,129
riskitforthebiscuit,129
kevintheradioguy,129
box-s,129
passionatefloorromance,129
goyemon_k,129
bulumble-bee,129
remert,129
averrisvis,129
sterr,129
flugeldog,129
miistniight,129
taro_heppoko,129
seirva,129
smallsrabbit,129
comictf,129
pizzakittynyan,129
gotikamaamakitog,129
psychedelic-lemur,129
dahliathefox,129
zeglo-official,129
tool01k,129
cchilab,129
slates1n,129
44vex,129
kooriki,129
batmanholecover,129
lion_granny,129
knightsfm,129
rappenem,129
itsspoopsb,129
voy_barranca_abajo,129
m2vcjtad5hsdvla,129
lumen_fox,129
soda_uyu,129
liend,129
aib_leyley,129
qrnrr,129
kusachi,129
mekkyaru,129
sirenstudios,129
toxis,129
mandro22,129
half_dime,129
spudnikmutt,129
pinkuh,128
wolfyama,128
fluke,128
rabbi-tom,128
deezmo,128
bluepawpanda,128
stonecircle,128
dahs,128
hellbridge,128
arti4000,128
krinkels,128
kaeaskavi,128
norithecat,128
irootie,128
cinna-tree,128
kenshin187,128
tamfox,128
lekisceon,128
soupbag,128
merfiller,128
006_zerozerosix,128
ladychimaera,128
rabbitdx26,128
weeniewonsh,128
valerie-v,128
mawile123,128
hyde3291,128
nobody3,128
tetto,128
thegentlebro,128
thugji3,128
saltyserpent,128
spikysketches,128
devergilia,128
saintcocoa,128
alphax10,128
kebi,128
trickate,128
shinyglute,128
venjiiart,128
wienermozart,128
marcie_montis,128
convexpert,128
fauxtellno1,128
3rr0rartz.stud10,128
cryptocrisis,128
shnuzzlez,128
dreyol_(artist),128
sethraven4,128
esealia,128
linen_lolita,128
aisaredogtoneko,128
baggashame,128
hermitpioneer,128
nootkep,128
uro0000,128
platinumlust,128
dreamywolfdd,128
wu_capy,128
arskie198,128
toni_scampers,128
lottieplus,128
deino_(artist),128
lunalust,128
vexyfursure,128
darkshasion_(artist),128
pteri_(artist),128
shiny_astrem,128
hohohonse,128
cajuzinho02,128
barrin84,127
kaiizree,127
tiliquain,127
wkd,127
huztar,127
vibershot,127
polartoons,127
grievousfan,127
deusexequus,127
rhynobullraq,127
x-kid,127
kaitofletcher,127
the-killer-wc,127
hungrypaws,127
wolfsoul,127
crap-man,127
zandermanith,127
whitepone,127
lotusshade,127
honeycalamari,127
ramiras,127
zempy3,127
thirtyhelens,127
marrubi_(artist),127
mzhh,127
siretoko_panda,127
fluffolio,127
rcblackdie,127
saljidark,127
hubie360,127
juutton,127
zorym,127
jadenarts,127
nobodyshouse,127
prismatic_wolf,127
therobd,127
breech_loader,127
toso,127
friita,127
s_anima,127
iepelppa,127
ddgio,127
fuguri,127
pseudokym,127
ztalex,127
tasuric,126
rawdarkness,126
cdi,126
darknessminotaur,126
gryph000,126
adleisio,126
capt_hairball,126
hot-gothics,126
swordkirby,126
rileysockfoxy,126
highwaytotartarus,126
deeless,126
pwcsponson,126
ubermonkey,126
nahura,126
futaku,126
naughtysableye,126
cervelet,126
hawkvally,126
flamevulture17,126
warskunk_(artist),126
cibastion,126
chooy64,126
tehbluebubble,126
morgdl,126
jackiethedemon,126
fozzey,126
tombola1993,126
nakedsav,126
ueno_ebi_sen,126
d.angelo,126
kiba24,126
jumperkit,126
rastaban_coal,126
va_art,126
rtzero,126
elkir,126
yessys,126
sanusanu,126
appl,126
tawa_1908,126
ravenpen15,126
raidak5,126
yuckydizzy,126
honest_radish,126
loneclaw,126
mindoffur,126
doggasaurio,126
bro_aniki,126
flamberry_(artist),126
ultrastax,126
mantucat,126
dummycervine,126
illustratorfake,126
lomlynx,126
birb_allegro,126
shouka_2810,126
fluxcore,126
awesomemazda04,126
demonrat,126
schreckengast,126
riggedreded,126
wannabeyourdog2,126
myaxy,126
jasentamiia,125
littledoll,125
scott_ramsoomair,125
kemonono,125
fudchan,125
saillestraife,125
spera,125
creamytea,125
maguro,125
senpuuki-chan,125
purpleground02,125
bondagefanart,125
beastlyjoe,125
cerezo,125
kyrie_eleison,125
coffeesheizen,125
mcnubbies,125
sodiav,125
kake0078,125
improbable_(artist),125
kempferzero,125
foxra,125
fullfolka,125
metalling,125
radonryu,125
neboveria,125
airiniblock,125
garbagioni,125
inked-waffle,125
thenaysayer34,125
gingerlybreadart,125
zeltha,125
tawny_otter,125
mamimi_(artist),125
sealled,125
lefantis,125
to(matto)3,125
angelface,125
ombwie,125
sashacakes,125
cocodrops_(artist),125
xenopera,125
yom_mido_plus,125
ebiinari,125
con5710,125
skbld,125
rhaelrhaelrasputin,125
nsfwronin,125
bangboodoragon,125
fira3dx,125
voltek,125
rapidpanda_(artist),125
awrpie,125
ara_love_kirby,125
truescorn,125
moynzarek,125
dustyvalentino,125
hmdkoba,125
fr34kpet,125
syeenyeen,125
erocanvasart,125
carbonfloof,125
svkhaiminh,125
cactilaine,125
lallamitan_t,125
faucyv,125
dreke,124
team_shuffle,124
amber_williams,124
denim_(artist),124
shizuru,124
moltsi,124
ouroporos,124
faeseiren,124
kyabetsu,124
theothefox,124
zippysqrl,124
royaljellysandwich,124
malware,124
drake-rex,124
notepaddy,124
cosmic51moon,124
alios,124
jerome_jacinto,124
mklr,124
dynoex,124
dead_stray_bear,124
cerbera,124
huckser,124
q_wed,124
nisetanaka,124
nastysashy,124
jadedragoness,124
marycitrus,124
landysh,124
rabbittakahashi,124
silianor,124
smeargle20,124
aggie_(artist),124
storm_(artist),124
yellowparrottw,124
furipon,124
haokan,124
saylir,124
grausummon,124
ggan_ggandi,124
fursin,124
turkojar,124
quasarbearcat,124
smallfryspy,124
mazmaven,124
andy_234,124
foxialewd,124
nakadashimashta,124
kblankii,124
shenki,124
doodlebunnyart,124
ourobot,124
wolfertinger,124
lan_rizardon,124
soskyee,124
itsjag,124
pitta_the_italian,124
spraykitty,124
theavanherst,124
coresvoid,124
plus2sf,124
chromer_exe,124
feeshyartist,124
nullenigma,123
fleki,123
kolshica,123
ultrafem,123
tanithjackal,123
sdx3,123
gsphere,123
lotix,123
piti_yindee,123
tenderule34,123
mostlyfunstuff,123
nihonthedragon,123
unknown_(artist),123
boneless_hamham,123
arniro,123
tragicfame,123
andelai,123
insaneproxy_(artist),123
taiarts,123
skippyarts,123
yu_chi_i,123
halu_1129,123
coffinpaws,123
littleslice-sfm,123
gigawix,123
zaboom,123
didihell,123
extremespeedslowpoke,123
sentharn,123
tacomytaco,123
daisukitsune,123
pinktaco,123
stu_(artist),123
nazebesu_hobby,123
alicethedeer,123
darkthorns,123
thixxen,123
loodncrood,123
ursk,123
ev_htf_(artist),123
k_hashiba,123
margevonn,123
treniea,123
vvoolfe,123
mamaubear,123
taro_bubbletea,123
janjauwu,123
bluevelo,123
onyxsplash,123
blushingrosewood,123
bigladydragon,123
dallastmouseboy,123
hexnoid,123
yogurt200,123
bussaca,122
kabuki_homewood,122
cirrel,122
extro,122
inkcookie,122
nudog,122
iji,122
powderkona,122
chromefox,122
fatelogic,122
xxangeluciferxx,122
ruffu,122
eraquis,122
thunder-renamon,122
wouhlven,122
simul,122
rindeadsong,122
boarred,122
neoncel,122
begasuslu,122
sylviajo,122
fennecat,122
tairedfox,122
mortimer_todd,122
relatedguy,122
redphlannel,122
shinyfoxguy,122
darkfang100,122
mackstack,122
lennonblack,122
nightmarebros,122
tenzide,122
mina-mortem,122
theshamelessfreak,122
wwredgrave,122
acreep,122
spaal,122
barontoko,122
angrydraconequus,122
doggonut,122
rousemouse,122
smagma,122
little_hareboy,122
dutchsyndicalist,122
islate,122
srcook,122
jmf,122
azserfy,122
oniiyanna,122
disiwjd,122
owahi_ego,122
xzorgothoth,122
dawnelle,122
panthra78,122
shoobular,122
miscuitsxd,122
jackerwobb,122
foxxxiny90,122
nauskills,122
vekrott,122
astarvingfarbeagle,122
ardeo,122
shoocharu,122
skulldog_(artist),122
cressalias,122
mikeantilike_(artist),122
fledgedragonfox,122
kyaro,122
helloimfurry,122
silentravyn,121
mayoineko,121
drages,121
zairiza,121
classified-crud,121
boxman,121
firefly8083,121
dingbat,121
kamina1978,121
bourbon_(artist),121
senbiku_mew,121
konpeto,121
wafflefox,121
souleatersaku90,121
ffuffle,121
yellowroom,121
bombay_(artist),121
toddnet,121
portugueselynx,121
tofuubear,121
alipse,121
golden_fox,121
bythebook,121
zeta-la-angie,121
milkwyvern,121
captainskee,121
jouigidragon,121
rariatoo,121
bozi,121
unicuck,121
skybeatz,121
bilabee,121
hashu,121
shiaz,121
doink_(artist),121
xsatanielx,121
fishys1,121
fisis,121
anamosus,121
bizyvore,121
kawma,121
noinipi,121
inkart_flow,121
sebaku,121
pixiecatsupreme,121
bookman_v,121
lewdstuffart,121
honigkuchenpferd,121
yuuri_splatoon,121
sinamoncake1,121
phelpsfilchat,121
thefluffyrey69,121
athom,121
aaronhibiki,121
spakka5,121
tooeks,121
starthewerewolf,121
basedvulpine,121
vxserenade,121
lxzylux,121
barely_sly,121
cinicalvoice,121
hexdisciple,121
krim_hue,121
flufdustbunny,121
klovs,121
olive_cow,121
yeamurumi,121
ponynok,121
bloocherrypie,121
arbiter1209,121
astat1ne,121
astra_lupus,121
blakezarks,121
apollysabyss,121
dreammaker810,121
spitthesauce,121
klonoaking,121
locknvt,121
dark_rya,121
komododad,121
pupsnbuns,121
voidpastelchalk,121
gummi_art,121
slimyjaws,121
rog_minotaur,120
olympiaxylaige,120
zajice,120
annonymouse,120
corvuspointer,120
creaturecorp,120
motogen,120
meshpet,120
fuckit,120
pawn,120
tapiko,120
roger_bacon,120
jalmu,120
animeflux,120
hokku_(artist),120
lagalamel,120
growingdragon,120
nethil,120
shushup,120
niviox,120
beelzemon_(artist),120
swish,120
nongqiling,120
grose,120
yakou,120
earthb-kun,120
rhaenjarr,120
ad-games,120
brokenvocaloid,120
p5ych,120
itsdraconix,120
cephei,120
operculum,120
behemoth89,120
geewolf,120
kitsune2000,120
derrysome,120
deliciousq,120
aozora_(tasogare_aozora),120
bulluppa,120
rosemary02,120
hthfp,120
dascarl,120
ovorange,120
isal,120
magniym,120
xevv,120
mushketeery,120
wasileus,120
judasyfox,120
yuuuki_desu,120
adrim,120
onxel,120
ediblecrustables,120
catfox22,120
ri_denueth,120
vendetta892,120
chaclaveloz,120
l.gecko,120
jizzyfox,120
crilix,120
sprigatitoartz,120
erinthebat,120
nudaya,120
bloodtail,120
moonelmalito,120
kennedy_oz,120
amadboii,120
gatonejo,120
lavenderscent,120
zaqnon,120
fishkittn,120
isaiahtse,120
firekitty,119
lilinfeng,119
raukue,119
brian_reynolds,119
flo,119
requestfaeg,119
zehn,119
brll,119
napalm_(artist),119
cydergerra,119
telem,119
kira_nerisu,119
fortunefox,119
doctorproxy,119
leafysnivy,119
cayo,119
veigar-chan,119
aetherouranos,119
superspoe,119
palavenmoons,119
no3512,119
ra4s,119
dorito_ru,119
muetank,119
kevemperor,119
yoshi2332,119
glassesgator,119
ziuki,119
iceman_(artist),119
henk,119
ryky,119
laobai,119
generalgodzilla,119
naty,119
inukami_hikari,119
galacticham,119
spedumon,119
starrfluff,119
lytta_the_bug,119
gaiawolfess,119
simmsyboy,119
misakatsuneko,119
pastelassz,119
gabobon05,119
mohumohudansi,119
bfkitsu1550,119
28gooddays,119
skeletons62,119
tamada_heijun,119
unrealcereal,119
blackblood-queen,119
gametimeasia,119
stalvelle,119
igotdragons,119
yarpi,119
trex_b6,119
mysterydad,119
star_rifle,119
abigrock,119
feelin_synful,119
runewoof,119
splashburr,119
9dtq0,119
heckfrog,119
helelos_(artist),119
turboranger_(artist),119
pocketmob,119
baterco,119
scaty,119
smagloosh,119
darli_buni,119
otternito,119
toggle_(artist),119
deadinside97,119
dedoggyskullz,119
zephyriwolf,119
drawing_trans,119
zaverose,119
gonda,119
sugary_skye,119
birdofanatic,119
isaaac_owo,119
neeno,119
lumiink,119
rizal_ok,119
pea4thefre2h,119
gyrbdark,119
deceased_bunny,119
hakkim,119
tbfm,118
gadonstriom,118
noelleneko,118
sakimichan,118
johis,118
hashire,118
dolphydolphiana,118
fighterjet,118
lorded,118
terrabutt,118
ravindra,118
chrno,118
vetrowolf,118
sixpathoffriendship,118
symbianl,118
spunker,118
woofyrainshadow,118
neylatl,118
datfurrydude,118
kippy,118
rifthebit,118
oversheep,118
air6ornepig,118
badquinque,118
famished_(artist),118
fejess96,118
kabrro,118
arceronth,118
tiggon_the_great,118
7th-r,118
nebaglubina,118
botak,118
nrool,118
mono-fur,118
butteredshep,118
pugthe2ro,118
trpcafterdark,118
hiroyko_art,118
miu_vamcat,118
sharkcatsg,118
ruribec,118
yashak_(artist),118
nageruamado,118
tinypigdraws,118
mossyartburger,118
nicky_illust,118
sheecktor,118
katazai,118
notsafeforweh,118
xeniyy,118
cinnameana,118
sateco,118
anxiboi,118
elawaxd,118
killboo,118
pla0net5lai8ka,118
puppyemonade,118
onehundredandone,118
shibacream,118
saran_kit,118
snowyblue1,118
albasora_(artist),118
squitoo,118
the_mist_walker,118
zetamath,118
mawkvlt,118
somekindofsnake,118
sheebibites,118
mrfuga,118
azuretto,118
littlepinebox,118
sunkenshrines,118
soft_bugg,118
etoilenocturne,118
nx-3000,117
surfing_charizard,117
morca,117
dr_nowak,117
calolily,117
fenris49,117
orca_(artist),117
antiander,117
andava,117
cidea,117
hax-the-monster,117
thegreatrouge,117
muh-arts,117
zagura,117
maremare,117
ciel-wolf,117
g_brigander55,117
fd-caro,117
lukurio,117
bra1neater,117
waru-geli,117
stickmanwww,117
l1nkoln,117
whistleristler,117
cogsfixmore,117
bearwivme,117
aliscik,117
doritomon,117
yumiakiyama,117
icydirtball,117
yorusagi,117
marleybraun,117
novacantnames,117
charbold,117
warr,117
hiad,117
leo-wolf,117
nobunagapero,117
sahary,117
kelvin_hiu,117
icecreamwolf,117
vetiver_n,117
yvem,117
alexandradane,117
rex_santos,117
kristiadder,117
inflatingskunk,117
rhox,117
del_(artist),117
malberrybush,117
ghost_drawings,117
trashybag,117
rockpup241,117
alrecsolus,117
nastybearz,117
camp14,117
tanzmitmir,117
velvet_charm,117
galma,117
ajizza_(artist),117
isaacyote_(artist),117
puppeon,117
buffysaintfury,117
ket-dawnatsunset,117
saberzelgrath,117
neodrani,117
marius_tygo,117
escuinclita,117
eddiebrije,117
vetero,117
tatianrus_kartowka,117
lolobot,117
goblin_serf,117
momorodent,116
veramundis,116
fuddy,116
flygon_(artist),116
itsuko103,116
karzahnii,116
kippykat,116
kronexfire,116
celebi-yoshi,116
wiredhooves,116
beep!,116
howxu,116
soonico,116
synecdoche,116
shtoltz_(artist),116
moonlitbrush_(artist),116
tfsubmissions,116
ketsuneko,116
hidoritoyama,116
dawnav,116
ausjamcian,116
tempson,116
rollingstoneeeeee,116
xnassyx,116
pananovich,116
almos-tiroshi,116
edgar_rice_burroughs,116
skelbely,116
saberhorn,116
huwon,116
izrez,116
hizake,116
savemekitty,116
chubby-shark,116
iloota,116
cedarwolf,116
parallax05,116
forgetch,116
sparkchu01,116
beaverbastard,116
kumajjjj,116
toast-arts,116
pears_(artist),116
kcn,116
mrjimmydafloof,116
whitewolf20xx,116
spiritalpha,116
lizardwizard,116
thousandarms,116
aas,116
clementyne,116
rizzyofen,116
probablynoon,116
yeenstank,116
ccruelangel,116
gnauseating,116
mo23,116
serareldeer,116
talidrawing,116
yakumodaisuki,116
possumcrimes,116
creature_sp,116
bunbunmuffins,116
tagxo_(artist),116
nsfwbunniii,116
kubasama_(artist),116
moonrick,116
akoshak,116
sinaherib,116
br333,116
sticki_bun,116
zenith741,116
foxmanad,116
mrmeatlovers,116
jayjaycholo,116
gamal,116
skshadowknight,116
luckyonn,116
carpdime,116
low_res_art,116
bluebirdoasis,116
evilpenislair,116
belaro,116
woopyy,116
achromasloth,116
athus,115
kekpafrany,115
greycat_rademenes,115
micki,115
snus-kun,115
darksoul,115
vck,115
sewlde,115
darkereve,115
jaxonian,115
grillo,115
triuni,115
locksto,115
colesense,115
seikeikei2015,115
gilgash,115
x231_(artist),115
cybertuna,115
rino99,115
wildwolfproduction,115
dsharp_k,115
mocha-wing,115
teba_motoko,115
heatherwolf,115
see-saw,115
hotoshuken,115
azerta56,115
mono_g,115
lagoon_bluebear,115
mangobird,115
titusw,115
ikaribunbun,115
shurueder,115
lumarten,115
capdocks,115
creamyowl,115
poduu,115
rt0no,115
subaru_aotk,115
tobitobi90,115
tinto_(artist),115
ririmaru,115
inkgoat,115
pandarita,115
lazertooth,115
tweezalton,115
tanaka_kusao,115
marshbreeze,115
mojaloo,115
j.fbelen,115
homohomofever,115
razzberryboat,115
apulaz,115
shan_yao_jun,115
cindersticks,115
denaturedalbumin,115
ardan_norgate,115
trench-meat,115
bongwater777,115
kurogewapony,115
9klipse,115
papa_soul,115
gobsmacker,115
metalslay3rs,115
yokaiduck,115
beatriz_rebollo,115
oopsie-gay,115
drakonst,115
kryzyasha,115
drunkrussianman,115
cai_yuwang,115
mr_dark_and,115
miiyauwu,115
jupiters,115
zeg_yoros,115
kingdragyn,115
silver2299,115
king_sumo_(artist),115
lilkon,115
toxy_squishy,115
titallulah,115
heartsick,115
kan419_k,115
tonydapig,115
fuzzledfur,115
woofington_gator,115
woofarin,115
foxtea,115
midnightpurrs,115
muskymei,115
lesicko,115
avilon,114
pac,114
houkuko,114
netiel,114
aoi_takayuki,114
cosmo_(artist),114
ducati,114
fallenfolf,114
tarolyon,114
rekuuhh,114
osmar-shotgun,114
psychoseby,114
mrcbleck,114
lokpik,114
empyu,114
flookz,114
zolombo,114
cobaltcerberus,114
undyingwolf,114
puccaruu,114
somevelvetmorning,114
jonsthaman,114
dotoro_(artist),114
extyrannomon_(artist),114
mudkipful,114
mothercrow,114
yogurpodrido,114
kenzofong,114
diddydoo,114
jeinsx,114
james_killian_spratt,114
an-m,114
secret_desires,114
ariesredlo,114
tdtbaa,114
plasmidhentai,114
deeroni,114
nekogaki0324,114
silipinfox1298,114
flipyart,114
beastsauc3,114
hi-ku,114
kaepotassium,114
amhidden,114
ayabemiso,114
peppercake,114
kiu-wot,114
kopy_k,114
smokii,114
strawberrywith4,114
pinart,114
rckke,114
heatzone,114
streif,114
digiqrow,114
ioenami88,114
gojich1,114
teeveeomegas,114
cho_second,114
samonaa2,114
creesa,114
lucy_moon,114
servali_sketch,114
qftalorz,114
taylornoir,114
bronyant,114
malegardevoir,114
nenanauso,114
vroorv,114
ashi_foot,114
lari.ros,114
revifrry,114
infraredturbine,114
hakudoge,114
evilcrispicular,114
sawert,114
ashblondekittyy,114
greyshores,113
nanogrrr,113
suvaru,113
ashiji,113
slushy,113
conoghi,113
pitch-black-crow,113
rokiloki,113
locofuria,113
kittehkatbar,113
dlpeattie,113
ecchipandaa,113
xiamtheferret,113
myly14,113
python13rp,113
cavitees,113
obakawaii,113
azsola,113
dragroon,113
bandlebro,113
ambrosine92,113
sy_noon,113
shocking_(artist),113
guzreuef,113
kirumo-kat,113
ventox,113
winterblack,113
justkindofhere,113
xan_(pixiv),113
novah_ikaro,113
cygni,113
ryofox630,113
narwhal69,113
trash_anon,113
saaxon,113
niku405,113
jager-darklite,113
marshaxmarshmallow,113
panapoliz,113
digitalkaiju,113
jjem1920,113
kadeki,113
flyntdraws_(artist),113
heftyotter,113
0508madaramoyou,113
ivnis,113
chocomintshake,113
stercore_murum,113
flunky,113
makinglemonade,113
mrbooshmaster,113
ennmedoo,113
blitzit,113
sweetmeat,113
kemari,113
bepinips,113
puniwanko,113
spidersnax_(artist),113
takatiki,113
muniversalarts,113
cayugo,113
purplevelbeth,113
kawarage_yatano,113
kunstwaffe,113
draw&nap,113
urbanica,113
warhamon,113
dormin-dim,113
marvelous_managerie,113
elisalevin,113
mochifoxxo,113
beheleaf,113
murizy,113
kryatlicious,113
kaiden_da_dawg,113
fluxfoxart,113
springycharna,113
stangart,113
seraphimka_(artist),113
sinisterslyfox,113
smutdriottfuck,113
wyebird,112
katie_tiedrich,112
isaki,112
furinkazan,112
echin,112
mukomizu,112
ikanomaru,112
madturtle,112
luna777,112
suto,112
zeta_r-02,112
aldergames,112
bleakcat,112
dlost,112
momorawrr,112
foxhound220,112
foster-tony,112
shadowfenrirart,112
sand-rain,112
anso/rez,112
sandunky,112
nobusuke,112
sagara_shino,112
musuko42,112
gabbah,112
7fukuinu,112
cyanroll,112
queenbloodysky,112
coffeeslice,112
lupiarts,112
rupie_(artist),112
rady-wolf,112
rizapiska,112
butt-berry,112
omez,112
afurreak,112
baniflakes,112
koshak,112
blue-senpai,112
ketirz,112
naika,112
yanidesu,112
empressbridle,112
planz34,112
nivek15,112
erumeruta,112
sheryl_(artist),112
altenusy,112
jotun22,112
imjim007,112
ayzcube,112
panthera_cantus,112
fellatrix,112
kykyro,112
tanquito,112
rawslaw5,112
tod_d,112
tos_tos_f_ski,112
duckhere,112
tabezakari,112
zhephyreart,112
akachionmain,112
aipangpangdeyua,112
stumpeg,112
cytrusawa,112
xsissa,112
moraysupreme,112
ravan,112
kellsmiley,112
josycid,112
megusuri,112
nerobero0,112
babanasaur,112
leleo,112
terryskaii_(artist),112
xenolith0,112
snorlaxk,112
knowdwagon,112
jimnydaisuki,112
m3g4,112
noconcession,112
katanasmirk,112
gaygoat,112
taetae,112
bonbonsart,112
lumii,112
tangkookie,112
zaikudo,111
kathy-lu,111
yuricrabking,111
deretto,111
riverglaive,111
scythemouse,111
lex-icon,111
fursat,111
iopichio,111
kensan,111
denmoko,111
shapeshifterprincess,111
rawrcharlierawr,111
blindcoyote,111
quitetricky,111
wahitouppe,111
cakewasgood,111
funeral-paws,111
moozua,111
rusk07,111
splashbrush,111
ghostbro,111
kei_kun,111
poisonkinoko,111
oouichi,111
pixel-perry,111
sertaa,111
lucusold,111
corporalbackrubs,111
sephrendemon,111
shamanguli,111
widdlywham,111
malakhael,111
vaini,111
sandcavern,111
razorsz,111
sinlesscelery,111
alibiwolf,111
ulvbecker,111
james_turner,111
wrabby,111
broken_(artist),111
mrsafetylion,111
haymaker,111
bokustar_fox,111
tr.anonymous.h,111
nameko_no_neko,111
meimei_kia,111
xizzdot,111
funnybox,111
highpups,111
kosafordraw,111
kasuka_(kusuki),111
kodaibun,111
dr.whiger,111
v7eemx,111
severalbaps,111
xensoi,111
cucarachaaa,111
emilios,111
mafekoba,111
said_the_saisio,111
poppy's69,111
minekoo2,111
paeonypetals,111
macyw,111
sarah_dellen,111
vibur,111
artykfrozt,111
sparky-,111
maewix_(artist),111
veryloudopossum,111
caylleen,111
woofersfm,111
lil_beetle,111
zapklink_(artist),111
tiny_terrible,111
potateymatey,111
zk_(artist),111
melomor,111
smolreapy,111
sshartfest,111
nobody_shapes,111
sajay,111
peregr1ne,111
ilica,111
eggnaug,111
kaiske2,111
yetsu,111
pucco,111
omgawd,111
anaroth,111
pknoel,111
mikeyfen,111
vicky_wyman,110
airu,110
drgnalexia,110
saixyuniz-xynz,110
jakegr,110
toybadgers,110
roaringmoon,110
handmantoot,110
redhand,110
rogueliger,110
haganedon,110
mainnm-e,110
wolfsecret,110
azumaril,110
thatwildmary,110
red-9,110
tomol6,110
shenanimation,110
waywardmutt,110
boreoboros,110
pencil-arts,110
tailsup4tyranno,110
edogast,110
ryshokka_syre,110
thescarletartist,110
susfishous,110
vetarix,110
beezii,110
sparksstars,110
zoroj,110
1oi,110
itchyears,110
moon-s,110
uken_l,110
boar_stag144,110
bitfang,110
mocho4266,110
takeshi1000,110
kumamikan,110
rhinoking,110
noko_illust,110
frde,110
yarharcannon,110
niktarin,110
inget,110
ricksteubens,110
reagan_long,110
ailaiweiyala,110
gypsy_king_(artist),110
basicbiscuit,110
kumir,110
bukikobuta,110
eerieeyes,110
lentejota6,110
ronchainu,110
kristall_krit,110
user_cpsf8285,110
gearfox98,110
neondonut,110
1mp,110
ray_cyber_tech_(artist),110
guillion,110
flawedspirit,110
smokedaddy,110
ranillopa,110
doomlard,110
makioraku,110
rhp,110
mutantail,110
noxoic,110
furvidd,110
espiozx,110
saloo,110
sweatysabel,110
oliversart,110
bunnyboi0108,110
gojiteeth,110
tcg_(artist),110
peppercorn_kiddo,110
slem,110
lazy_sunshine,110
tauttum,110
rami35x,110
fenneckiro,110
lalonchera22,110
nekochanoff,110
nes_panda,110
gaertan,110
daxm,110
thewolvenmisfit,110
dryvial,110
reiq,109
rikku,109
kenn,109
anupap,109
pokemonfromhell,109
sprout,109
bunearyk,109
slinkoboy,109
majime,109
saphiros,109
bodyattk,109
hewge,109
magister39,109
sorcererlance,109
macro710,109
qwertyas1,109
redmok,109
billmurray,109
konomofu,109
diskodeath,109
tim_weeks,109
necrosmos,109
idlecum,109
memento~mori,109
crimsoncolored,109
nao_(artist),109
ltshiroi,109
ximema,109
thompson-vonjung,109
alphaaquilae,109
dabbledraws,109
aquila_chrysaetos,109
coff,109
glo-s-s,109
titsunekitsune,109
shinki_k,109
somanyfangs,109
zaldenvire,109
pikative,109
vuko-jebina,109
shaesullivan_(artist),109
toranoyouhei,109
kipchin_2nd00,109
deathheadmoth00,109
wolfox004,109
sparrowl,109
kitsuneten,109
unnero1,109
rektalius,109
sonicthebitch,109
azureinthedark,109
niogupoke,109
shizumoh,109
mynameiscomic,109
jknewlife,109
maverickk_(artist),109
aar0njay,109
uiokv,109
diagamon,109
vorochi,109
nofuture,109
bunnydewart,109
velveteksotica,109
davidthewolfx10,109
asleepchef,109
poogyl,109
dacsy,109
bakedpotateos,109
10_cosmo_24,109
fishy_fizz,109
coffeetoffee,109
wyerframez,109
maseru,109
xdragoncam,109
saimelon,109
aciag,109
foxette,109
hashidoodle,109
adeviantcritter,109
lhacedor,109
cafet'zin_(artist),109
paindemonoidsex,109
alikars,109
andeddo3boo,109
tokkot,109
fungimagi,109
jazzelart,109
hexdust,109
youfrasn,109
ian_ng,109
uaykan,108
epicwang,108
darkpenguin,108
engineskye,108
cryptozoo,108
psyg2,108
eleode,108
zinnthos,108
nikcesco,108
cuteskitty,108
wolfwood1,108
cladz,108
d.howk,108
unknownspy,108
kkerotix,108
kleinvoimond,108
mechagen,108
gud,108
tekimi,108
vexyvoo,108
zpectralkrystal,108
sexybigears69,108
kameloh,108
skitter-leaf,108
sanory,108
tacdoodles,108
basch,108
hhazard,108
ink-leviathan,108
dragonfoxgirl,108
fanartiguess,108
wirberlwind,108
vigmarr,108
rufia,108
lowkeydiag,108
alruic,108
greedygulo,108
itswolven,108
melancholicmash,108
akiya-kamikawa,108
psi_(artist),108
mc_morrales,108
spunky_(artist),108
akaunkel,108
tachimi,108
slimewiz,108
togaed,108
fluffydasher,108
lalalalack,108
darkman-zero,108
atokitsune,108
dreamyart,108
ratontheraccoon,108
wolferion,108
wenisberry,108
waffl3sk4t,108
edtertainerd,108
cloudcat,108
owy,108
chilldog,108
yellowcyann,108
monsters_and_mutants,108
prnbillion,108
henrycharizardboi,108
keni_kun_sama,108
romancruzzz,108
hayatohalada,108
drunkarcher,108
moonabloom,108
bunnyqueen,108
desesperadoleon,108
tsupunya,108
mayghely,108
rileyavocado,108
mrxrayfire,108
hoyt_keylee,108
ryaniko94br,108
muart242,108
mantrinrus,108
zeo_(artist),108
jasperthecrab,108
docsye,108
poyolewdo,108
artechka,108
rsbr,108
psikokinetic,108
alonelyopossum,108
snappy_snaz,108
lichelet,108
toxic_love_nsfw_(artist),108
fembunns,108
cappulait,108
rdy,108
plateous,108
kryotea,108
boker,108
logan_wulf,108
white_slime_(artist),108
destiny's_art,108
horniicat,108
ollie_canal,107
curby,107
agouti-rex,107
chu,107
ek_goya,107
razr,107
leopold_visette,107
desingahv,107
firekeeper77,107
majalis,107
latrans,107
crazy-husky,107
nikuyoku,107
pocketmew,107
ponyographer,107
yajima,107
sythgara,107
norza,107
uzucake,107
fishboner_(artist),107
vee_stitch,107
donaught,107
sambaneko,107
mrpotatoparty,107
raymond158,107
lazzylad,107
bdanimare,107
hikako,107
snejek,107
strawberry628_(artist),107
eggshoppe,107
vulgarstarling,107
doomghost,107
caffeinecanine,107
lunadial09,107
gemskull,107
mazzlerazz,107
dschunai,107
k0ira,107
eroskun,107
smoxul,107
youraugust,107
sheep_magik,107
lofnirv,107
chickenass,107
pronghornpunk,107
argigen,107
kein_avp,107
aesir_(artist),107
h56_(hikkoro),107
hoaxy,107
taka_studio,107
paramour_(artist),107
kira_larsson,107
reddishfox_(artist),107
hyflin,107
munie,107
poofbuttrocky,107
katlovesshrimp,107
moofles123,107
kiseki_art,107
lhjal2,107
frenhm,107
wiprogress,107
zinpatink_m,107
kaizooki,107
riushi,107
srgreja_(artist),107
kawaiiredpandas,107
davespaceman,107
rolling_beast,107
wector,107
yarney,107
ichig8miruku_(artist),107
notafurrytho,107
thfooxxir,107
5_square_meters,107
deadingdog,107
skandiniwi,107
aiyhav_nouneim,107
softpandabear,107
shvarno,107
dudles,107
srirachamander,107
furry_ghosty,107
argonchann,107
kai_oshima,107
bonnymama7,107
pincoosh,107
cuprohastes,106
borni,106
shenanigans,106
machv99,106
theburningdonut,106
weirdhyenas,106
bask,106
joesanchez,106
supremekitten,106
hellticket,106
yulliandress,106
dakuroihoshi,106
jecbrush,106
animextremex,106
ponchuzn,106
chaostone,106
neitsuke,106
nastyspook,106
joycall3,106
gerardson,106
ohagi,106
aokabike,106
ratatula,106
chrisarmin,106
scarlet-spectrum,106
diamobster,106
theartmanor,106
metaljaw75,106
witherrose1,106
hypohate,106
zionnicoz,106
mirroredsea,106
sonicgamer,106
rad-lizer,106
skewedl0gic,106
eupharrow,106
wolf250,106
pennawings,106
alduinred,106
jinku_56,106
theawkwarddork,106
arizuka,106
saintsucrose,106
tenderegoist,106
erebonbon,106
aafox196,106
elcy,106
skyebold,106
kehta00,106
panscolipede,106
deepfriedlasereyes,106
soarinarts,106
kohane01,106
zadrex,106
temiest,106
nowax,106
pinklop,106
travis_mayer,106
cappuchino,106
cyanu,106
everyday2,106
demon_ascended_(artist),106
matcharyu,106
kumammoto_(artist),106
bmbrice,106
monke_brush,106
trigger12_(artist),106
see_is_see,106
tinky,106
conohacoconoka,106
n31l_(artist),106
juicestandmango,106
nocturne_(artist),106
mkz_kabeuchi,106
alyaska2201,106
burhuru,106
liafurr,106
xredpandax,106
diorionarh,106
startlin,106
wushruw,106
fullpillow_(artist),106
thelordjoshua1,106
hecreat,106
r3ptart,106
farodor,106
baphypaws,106
jbun07,106
lustbirb,106
milkis2000,106
puppysnackz,106
sawlamander,106
mylife42,106
cherrybombnsfw_(artist),106
ainro,105
thirteeenth,105
yosuke7390,105
battle_fennec,105
brun69,105
bartucthebloody,105
reykat,105
shinoda_hamazaki,105
wanisuke,105
swissleos,105
surgicalarts,105
bluedmoka,105
mkvero,105
permavermin,105
huttsergreywolf,105
hatarla,105
evonallure,105
jeffybunny_(artist),105
domafox,105
ashcozy,105
cinnamama,105
ebonyleopard,105
catniped,105
little-munster,105
bitnarukami,105
guwu,105
keijimohumohu,105
xyder,105
mohumohuotou,105
soulyagami64,105
polakuma,105
weewizzylizzy,105
sleepingeel,105
mepwep,105
toruu,105
caatnip,105
k_busho,105
sugoi_kinniku,105
likunea,105
justafallingstar,105
hydlunn,105
hexado,105
hukeng,105
bluethebone,105
detpoot,105
redcoonie,105
pipitasout,105
weepinbelly,105
katsurokurosaki,105
b.koal,105
wolfland,105
yukihoshiak,105
alvedo_vhiich,105
littleclown,105
curemitsuba,105
astrograph,105
cerdeorhys,105
vorpale,105
bluewolfartista,105
huzzhuz,105
flax_(artist),105
foogyakumo,105
guywiththepie,105
teot,105
bindweed_(artist),105
turtlessoul,105
spottymichi,105
angry_platypus,105
nozukznsfw,105
kittyrosie,105
therasis,105
mesoplush,105
ariwalter,105
dr._welps,105
alamander,105
molvno,105
nikunigushii,105
niur,105
asriren,105
kkron_m,105
orcalx,105
pinkpalmingo,105
catsnbriefs,105
eric_dream_everyotherheart,105
logan_silver,105
ano_delta,105
urefunest,105
tass_the_bovine,105
anami_chan,105
astroodragon,105
swoomy,105
nightowlartx,105
occamsrazorart,105
schplingnops,105
clairemilk,105
ducktape_lizard_inc,105
spud-arts,105
hotdogsauau,105
coolsalad,105
foxylilshrink,105
girlpenisworld,105
bat_squeaks,105
stargal_galexi,105
furry_(artist),104
enaya-thewhitewolfen,104
fbz,104
stinkehund,104
vorelord,104
ehime_mikan,104
gettar82,104
ryonggay,104
kaivolate,104
devs-iratvs,104
king-kakapo,104
jadedjynx,104
gearfactory,104
mynokiarules,104
dyaniful,104
archeryves,104
wastedtime,104
nicobay_(artist),104
virate-chip,104
anthro_claw,104
epke,104
zentagas,104
regnar,104
moketiw,104
bontiage,104
rie_(artist),104
foxyfaxer,104
theboundraccoon,104
zoobastik,104
senpailove,104
goroguro,104
litchi666,104
racingwolf_(artist),104
disturbed-mind,104
tomtc,104
despairchanpu,104
shockstarbaby,104
aleks_pakaralex,104
x-zelfa,104
fitletter,104
cactuskiss,104
under10mato,104
daich,104
pet_foolery,104
iandragonlover,104
ujac,104
awr_hey,104
pippi913,104
ethrk,104
yukio_ammy,104
wasylthefox,104
red7cat,104
cinnamomo,104
frommarstomercury,104
pita_potato,104
eeveecholo,104
chocoscorner,104
blacksheeptfs,104
tirashanks_(artist),104
yorzis,104
nookprint,104
epsi110,104
hardenonn,104
ishton_(artist),104
shadart,104
0mr-wolf0,104
haoming,104
mutedlavender,104
bellenightjoy,104
fishingmanmax,104
sparklyblanket,104
mega_moppa,104
mysteryboy18,104
blushbrush,104
bayachao,104
snailbail22,104
omnii34,104
dragon696,104
skxx_elliot,104
flybeeth,104
siriussly,104
xxkingskeleton1,104
s4n,104
absolutestabber,104
vaultlad,104
psycheapple,104
angie_imagines,104
feefal,104
skyl4378,104
zero3delta,104
knottybuppy,104
pilvi_owo,104
rub_lug,104
ikarapopsicle,104
zlvuxx,104
emulsified_bungus,104
badipoki,104
anotherartboy,104
thedirtyant,104
salchikokokoko,104
aleron,103
8horns,103
flucra,103
pipisan,103
erosuke,103
sidgi,103
ksharra,103
3dinoz,103
ventious,103
rodemaru,103
lobogris,103
7theaven,103
kryptchild,103
voshiket,103
chubbyjam,103
leeterr,103
bangabear,103
wodahseht,103
asphagnum,103
floppsies,103
gekk0,103
rhodesio,103
erickredfox,103
tarakanovich,103
oseron,103
d._e._belton_(artist),103
nei_chi,103
mina-the-pie,103
yairo,103
wahafagart,103
blakjakal,103
wakasumire,103
maxine-dragon-787,103
batesz2,103
7th_heaven_(artist),103
dazidentevil,103
mazedmarten,103
zucchinifuzz,103
i.kain,103
mabo_(artist),103
seekgr,103
pastelpastel,103
shinywark,103
doodlemouser,103
jameslewis,103
necrobern,103
suyasuyabi427,103
blue_formalin,103
dizzyvixen,103
berrythelothcat,103
dekoude,103
markmanez,103
komodo89,103
solar_gush,103
aseysh,103
ponzu_tas,103
zozo_draws,103
ikitsunyan,103
guchiyama,103
mal_lock,103
mashakseh,103
kafrizzzle,103
psychflood,103
kynmedia,103
weaselclaw,103
commandercross,103
leptail,103
chimeracauldron,103
dblack,103
bluefoxsart,103
papriko,103
madheaven,103
chromaticmood,103
princedragonsfw,103
thehatredburrito,103
remaninglife,103
captainquack64,103
bittervow,103
basedbinkie,103
noruru3737,103
boolishclara,103
snailerpark,103
keesandwich,103
harucat,103
project_alex,103
dex_appeal,103
krampusivyy,103
zyasixpear,103
teddyclowns,103
golub.lol,103
perturbedmania,103
mihukoro,103
caesarcub,102
elfantastico,102
scoota,102
banrai,102
grind3r,102
zapapanda,102
imaranx,102
soty,102
raesheris,102
furreon,102
cheepard,102
marquis2007,102
dragonslash,102
argodaemon,102
loopend,102
caleb_magness,102
guerillasquirrel,102
syuya,102
kuroblood,102
tailshigh,102
moonlight-kat,102
blackchaos666,102
jakensitou,102
baconking,102
otterlike,102
dark_guardian_corporation,102
kmkch,102
samantha-dragon,102
chillyphillix,102
blackspoiler,102
happy-cat,102
hikuchi,102
thighsocksandknots,102
amaruu,102
bjpentecost,102
atherbirochi,102
ancientonyx,102
cirkus,102
blackburn538,102
auzzie,102
checkhoff,102
capte,102
ikkykrrk,102
lech_lewds,102
wolf-con-f,102
hagom,102
sakanadaze,102
rchammer,102
hikinks,102
shinolara,102
daru_brek,102
fluffydisk42,102
proann,102
applespicex,102
fang-and-fantasy,102
artejaxton,102
devildaddy,102
wight-troox,102
matsuura,102
hiromoru,102
jesterwing,102
baehotline,102
watte,102
abunbot,102
peruanoart,102
sensen,102
sad_zarya,102
junatah,102
fluffqween,102
havoc63,102
deliverymutt,102
maldoando,102
rattdawg,102
deedoss,102
nojaaaaaaaarori,102
teemoty,102
karoshi_satan,102
rileyfoxxo,102
vulpivoid,102
leeny,102
neo_x6,102
unattendedmilk,102
lindwormduality,102
theumslayer,102
biddoboss,102
m1lkb4rk,102
dduns,102
marzuyo,102
vedacia,102
j450n2080,102
sillyniko,102
bunlewdparadise,102
87octane,102
dodgesthehusky,102
classica_p,102
ratcandy,101
shigoto,101
keto,101
lonefox,101
j3t,101
cseed,101
lyc,101
magumataishi,101
deamondante,101
mei5683,101
leyanor,101
simski,101
mlp-silver-quill,101
laohu,101
salanchu,101
yoona,101
johrnyreport,101
tigran_the_werewolf,101
stardragon102,101
vsdrawfag,101
dwn000,101
churoe,101
bigbig,101
kinkykeroro,101
naexus,101
valtik,101
zoarity,101
royalsobatya,101
kusanagikaworu,101
diru11,101
colt3n,101
frostyribbons,101
grivaire,101
leoponleopon,101
lanoodles,101
dopeyarts,101
felicesta,101
blankieplush,101
trexqueen,101
tsuchi_dash,101
tawni_tailwind,101
xeup36,101
nasiri_(artist),101
hecchidechu,101
nitrosimi96,101
jenery,101
frmcast351,101
junibuoy,101
glue_(artist),101
beachside_bunnies,101
speedoru,101
mama-hyena,101
kentachen27,101
zenarator_(artist),101
regolithart,101
lime09,101
mametanu_tanuki,101
pachislot,101
rumakis,101
hoodie_stalker,101
lionkinen,101
ignitus_(artist),101
jishwalob,101
smolevn,101
quizzical_(artist),101
raxel,101
fuka_(kantoku),101
milkiipetals,101
rusoide,101
catlad,101
sh-4rk,101
kraaisha,101
krimsomskaizo,101
5danny1206,101
colanukl,101
ruum,101
alleyballey,101
tascom,101
sabitare,101
wolfinasuit,101
gekishiro,101
igxxiii,101
unbakable,101
videonastyz,101
fangedotter,101
bitterfucker1,101
redremy7,101
scottderg,101
sevens_artchive,101
zelainthedark,101
ghostfuckrr,101
maiky_atk,101
puppy_in_space,101
dugdog,101
jascoe-sauce,101
bitterrbunz,101
ettechouette,101
princefiend,101
tarkish,101
b.d.a.r.,101
foxsuo,101
c3ilin,101
kutsiihvost,101
endwl,101
perhapsmaybe05,101
umamipenis,101
khalfy_kun,101
teztaz,101
nu_m00n,101
spyz_(artist),101
grimy291,101
rjquaty,101
fullhero,101
steamfox,100
ebonytigress,100
slushie-nyappy-paws,100
mabyn,100
nekomarudon,100
knownvortex,100
soraslipheed,100
sageofotherworlds,100
atariboy,100
eddy_okapi,100
toongrowner,100
peridotkitty,100
huntress,100
gavalanche,100
jyoka,100
osato-kun,100
boltswift,100
ionic44,100
fatigue_(artist),100
cuteancuddly,100
mingamia,100
foot-paws,100
nenemaru,100
wooy,100
rainbowraven,100
mirroidal,100
dfectivedvice,100
rine,100
rann,100
goldenemotions,100
rpbbw,100
zaiksmckraven,100
slashner,100
john_doe_(artist),100
divinemello,100
charlottechambers,100
eymbee,100
magnifire,100
bd_collie,100
walloruss,100
puki,100
black_gargoyley,100
huffpup,100
darius_leodragon,100
antoreakk,100
corneliousrr,100
fiaskers,100
setharu,100
detectiveneko,100
hexadec,100
cocaine-leopard,100
squealydealy,100
pokebraix,100
blazinahegao,100
sukendo,100
shinyluvdisc,100
feodaron_sd,100
egocider,100
relaxablefur,100
simple-phobiaxd,100
jeremeh,100
saucycorner,100
nomuralok,100
popkage,100
anoningen,100
joelbearb,100
clopmaestroman,100
sad_tomato,100
chocend,100
basilllisk,100
lazyollie,100
faeyyaa,100
e-ward,100
variri,100
mangoyena,100
kinksiyo,100
karukim,100
echo_saber,100
mgangalion,100
tomotomo15,100
okuri,100
jaribka,100
uglycoal,100
tunk_saray_lovesta,100
phosphoruscrow,100
cjzilla88,100
pokachu_(artist),100
integlol,100
ktk's_sky,100
freekiller,100
bag_of_lewds,100
ratdraws,100
unoroute,100
lucyhaupdarsteller,100
lizardfungus,100
mi_lan,100
brunisdraws,100
purrynx,100
lapushis,100
drawreshi,100
lynxcorner,100
midnite_fsnax,100
doomsday_anthro,100
blahblah866,100
kupopo,99
sean_o'hare,99
nekoart,99
negativefox,99
leomagna,99
ribera,99
z00p,99
natsumewolf,99
dragonnetstorm,99
guffaw,99
miburi,99
suce,99
onda_seki,99
hoihoi,99
sarovak,99
pacelic,99
alexyorim,99
steen,99
krimzen_redwing,99
pixel-prism,99
swift_(artist),99
the1king,99
gavel_(artist),99
mizuiro_megane,99
krells,99
cageyshick05_(artist),99
subaru331,99
percy_technic,99
alkalinearts,99
roina,99
ganguro_(artist),99
voxell_voxell,99
hmage,99
tryfag,99
gyro-furry,99
hibarikatsuru,99
aogoushitsu,99
geetee,99
knullox,99
hit_ton_ton,99
logtut,99
ultrayanto,99
thebonezonedeluxe,99
gabrielarchgod,99
sgsix,99
natamaru_a,99
whywhyouo,99
orang111,99
the13thblackcat,99
geshkaw,99
inabaart,99
eoks,99
pinkkoffin,99
kaithunderstone75,99
the_hookaloof,99
delta's_art,99
ausp-ice,99
exmoz,99
alystaircat,99
nikorieru,99
asura_(artist),99
inosagi,99
nohtuy18,99
kozacasa,99
sapho_berga,99
notravi,99
grimmy,99
90percentdenny,99
gompami,99
arcus_valarian,99
remnartx,99
shandrawaka,99
du_amae,99
shadoca,99
cremekuma,99
inkyflush,99
tenacitrus,99
kintubaovo,99
linorgoldenfish,99
conkycorp,99
glebyshka78,99
josephsuchus,99
throatspit,99
unsigned_nez,99
vaqueroserg,99
sadness_hao,99
inickainiers,99
kinneru,99
xefino,99
rockethaslanded,99
lewdchord,99
rabiesram,99
furr3ak,99
nsg_editor,99
savo,99
jimmiezangoo,99
deepspace_(artist),99
dlrp99,99
mango_juicebara,99
suitedwolfie,99
raubr1tter,99
grenym,99
casperahoyo,99
ebon_lupus,98
hammy,98
dalehan,98
moroq,98
draik,98
unifawn,98
joixxx,98
saetia,98
devoid-kiss,98
evil-sprite,98
melzi,98
ponykillerx,98
feathers_(artist),98
intricatevision,98
vanadis,98
rayjay,98
bronypanda,98
nolycs,98
cuoqet,98
axlwisp,98
chek,98
serena_valentine,98
drago-kun,98
tomoyamaru,98
maid.,98
quirky-middle-child,98
nekomajinsama,98
zepthehyerian,98
oreocakes,98
sharkall,98
echoseed,98
screamqueen1991,98
cap.grolarbear,98
maruzyrukun,98
nesskain,98
wrendeer,98
1397_david,98
vivigator,98
charonnix,98
creativeevil,98
drizziedoodles,98
lyn_nyl,98
loonyellie,98
kassillea,98
warrnet,98
esasi8794,98
littlegeecko,98
kokomo_niwa,98
kokoni,98
zed-s,98
judyhopps44,98
ridge_(artist),98
tekilao,98
torfur,98
eden_fries,98
marianokun,98
gorchitsa_(artist),98
noxu,98
negieggy,98
zipperhyena,98
loose_noose,98
girok,98
eftiinsfw,98
bewitchedink,98
chief_gilbert,98
starreuges,98
doronkomajo,98
rosycoyote,98
jaybeyyy,98
punimofu,98
anotherpic,98
sugata1616,98
canadian1579,98
pixzapix,98
shiryujack08,98
tad_shummar_(artist),98
its_coldpizza,98
saturnafox,98
vool_jin_cortes,98
carbonizedaki,98
odabuttu,98
lin_fluffydragon,98
x_e11e,98
mookkzhy,98
swallowpancakes,98
eltoonsz,98
zexlynk,98
mazemaus,98
kirudi18,98
sir_molo4ko,98
sydney_onmars,98
lapki_yoshi,98
max_fresnel,98
zelyonka,98
martovskii,98
sugarsnare,98
lonewolf,97
grinex,97
adjot,97
poop_(artist),97
ducktits,97
lf,97
neko_no_hito,97
casetermk,97
rayfkm,97
chisa_sa,97
namelessenemy,97
frakass,97
purevil,97
j-fujita,97
spacecadet,97
eosphorite,97
greenteaneko,97
tenecayr_(artist),97
average-hanzo,97
mitarashi,97
harmonydescent,97
calm_(artist),97
eudetenis,97
safurantora,97
madmaz,97
accidentalaesthetics,97
marbearis,97
finegan,97
blurthefur,97
battouga-sharingan,97
ramudey,97
doedog,97
heyimteedo,97
vlc525,97
kittenboogers,97
lolzneo,97
i_0rai,97
itroitnyah,97
ironhades,97
amano_jack,97
nelnal,97
nooxgard,97
xigma,97
targso,97
theserg,97
ryuusei_(mark_ii),97
baikobits,97
forurune,97
allorexx,97
drshanks24,97
smallsavant,97
ponpuramu,97
tkraccoon,97
vyprae,97
likanen,97
syndhart,97
bunnysinfull,97
omopaws,97
devyshirehell,97
amarali_(artist),97
erroremma,97
chibikoma,97
dragonblue900,97
snaketeeth12,97
zcdartz,97
theidiotmuffin,97
birbdrain,97
tf2_demo_2004,97
podo,97
wisty,97
mink_of_the_end,97
leeksaltboy,97
kofomy,97
axel_hell,97
wetwaffls,97
nt6969,97
moschythehyena,97
anxy,97
lune_cat,97
ewademar,97
geomecs,97
hackainax,97
kendryzak,97
ruffusbleu,97
gooblie_2,97
ream_n_cream,97
aitherheart,97
mixterart,97
xiao_langao,97
sirkerner,97
skellyroon,97
perfecthorizon,97
bigtiddyfox,97
jayzac,97
skeletonhearts,97
nyxartstation,97
demmy,97
50beowulf,97
jjboywuxia2008,97
nekouri,96
chadrocco,96
ibengmainee,96
pawfeather,96
rain420,96
adamios,96
graphite_(artist),96
kourney,96
hoodah,96
mapdark,96
dombrus,96
nomad_genesis,96
buffurun,96
ponylicking,96
trunorth,96
rektum,96
chirenbo,96
redfirestar,96
americananomaly_(artist),96
hauntzor,96
raptorkou,96
retro_parasite,96
onstatobol,96
jackiry,96
kiiko,96
drakthug,96
dynamicfuncorner,96
kantachibli,96
twymouse,96
aoinu,96
rifykoh,96
hvost,96
fredrik_k_t_andersson,96
leo-artis,96
kenjin,96
komissar_bav,96
mentha,96
zeru_(ma),96
blackbatwolf,96
usagin,96
lfer,96
lemonlime,96
nativefall,96
cholericat,96
senorkah,96
m_ikky,96
jerichoe,96
torgore,96
erie51,96
illis,96
onicristice,96
raiouart,96
tanu-tan,96
wandering_lizardfolk,96
hicheeras,96
91o42,96
xtreme3246,96
landypommel,96
neko_kaminari80,96
profannytea,96
bagelbytes,96
betsuto,96
jasienorko,96
n-kosi,96
kilka_k,96
v-i-e,96
picco_(artist),96
tekitourabbit_(artist),96
ne_i_ro,96
zcomic,96
priestofjashin,96
tyrartist,96
artistissues,96
cedrato,96
sos_or_loss,96
weshweshweshh,96
flowerdino,96
chunkolilt,96
bellylliumu,96
cheesefries,96
simoncross,96
tutmut,96
joeyjazz,96
vtalna1,96
luodejun,96
acutegabby,96
jollybizz,96
dangodragon,96
sluggabed,96
madabalone,96
faelinalive,96
makota_toh,96
yonivi,96
aoibeast,96
realdash,96
palurdas_arts,96
carlarzall,96
furward_thinker,96
iloveslutyshortstax,96
shikayoshi,96
samtrix,96
ratwork,96
.f_9578,96
fairyfox,96
biscotti5000,96
1heart6minds,96
liquidmark,95
ignigeno,95
flamingbeaver,95
synxirazu-niam,95
bb,95
murskahammas,95
taeshi_(artist),95
white-stripes,95
quickdraw,95
howz,95
5-d,95
santafire,95
capseys,95
fersir,95
achromatic,95
muffinlicious,95
kahito-slydeft,95
tsudanym,95
beowulf1117,95
thehyenassbe,95
reuben_(artist),95
frostbone,95
dino.d.dice,95
tigura,95
bluescape735,95
voraciousollie,95
coldgemini,95
ilikepandaren,95
sfh,95
yamatoooooo,95
sinisk,95
ilustrets_spoks,95
necrolepsy,95
ludis-luteo,95
thebrokencog,95
fuzzymaro,95
yuanyuan,95
tofudumps,95
zeefirka,95
rickwulfk95,95
nibroc-rock,95
riroburo,95
niwatora,95
sourlemonade,95
dreamertooth,95
sutamasque,95
a-fitzga,95
teragabba,95
momo_fox,95
eneirem_(artist),95
kurtcbrox,95
mr_shy,95
themaestronoob,95
grizzlyear34,95
scratchdex,95
crentonigen,95
umikazenet3,95
7575el,95
bibbo,95
kaohto,95
zouletsentiment,95
commander_braithor,95
yeehaw_goth,95
gantan,95
arch3y,95
naomi-tyan,95
dunkin_kk_(artist),95
sharkinwaves,95
de_ktgr,95
sushigoat,95
roder_vasquez,95
caviaporcellus27,95
wolfalaska,95
cynical_furo,95
vestavice,95
luke_c419,95
yamathegod,95
franklyfurry,95
angel_lazzu,95
fukashinx,95
neotaurus,95
deerbone_(artist),95
milkmeister3d,95
flait,95
iwaiz,95
guzzlord420,95
zadscat,95
xanodice,95
tammilicious,95
nekothesaber,95
inayurinko,95
baraturts,95
regularcitrus,95
chadotexas,95
lewd_catto,95
kefiregg,95
kakroon,95
octavetothink,95
big-e6,94
yiffmasters,94
humbuged,94
starsoul,94
kemosuke,94
zankuro,94
ambercoyote,94
darknesshaven,94
necro,94
a-,94
redapropos,94
akai,94
missblue,94
xylerthewolf,94
aiko_stable,94
radicalweegee,94
ratchetjak,94
king_of_sorrow_(artist),94
alphamoonlight,94
eeekay,94
jc_(artist),94
mtttut_(artist),94
jamesgrim,94
dagantfus_(artist),94
kusunagi,94
glitchedweasel,94
ocerydia,94
bebl,94
koginoro_28,94
toshaviktory,94
ghj103,94
chesshire,94
5bluetriangles,94
wuffeet,94
conqista,94
madkrayzydave_(artist),94
lonegreenorcacalf,94
18plusplus,94
himme,94
horosuke_(toot08),94
russell_allen,94
rastacakez,94
messyszop,94
redacted,94
leokato,94
acacia_dune,94
ballad-of-gilgalad,94
pompuffy_(artist),94
kanekuo,94
holymeh,94
hospitallerinaboat,94
sasizume,94
reathroch,94
thesorapoi,94
maxx-ros,94
co_asomasom,94
jaquin_s,94
leo_llama,94
anakoluth,94
snackhorse,94
mozzieslaya,94
bremonqueen_(artist),94
rottenrollz,94
loquillo66,94
erazorrazor,94
whitelister,94
meowcaron,94
inunodaidokoro,94
hb_lint,94
roguecolonel303,94
kai_kageo,94
artply,94
fightinlove,94
dozendav,94
horitoy,94
gotadraw,94
anselme,94
john002021,94
tenzing,94
erynerikard,94
acupa,94
gunma747j,94
thefoxsista,94
seuppi,94
zaflep,94
murderdroid_(artist),94
kylerpup,94
tadhkm8330,94
tafy_tail,94
pawprincess,94
kinhey,94
hechaxianzhi,94
ulala_ko,94
jinsang_(artist),94
exagono16,94
olivialovesfur,94
mohrlex,94
doggonotebook,94
teremunart,94
oyasmis,94
reakuthecrate,94
ttux3,94
infernalsparkle,94
jingzhou14848,94
emmm,93
ackanime,93
luka_(artist),93
pearleden,93
shigatake,93
gwon,93
thedirtyshark,93
uni,93
jmynstyx,93
refer,93
12-tf,93
drawain,93
darth_saburou,93
suzamuri,93
shilumi,93
sugarboy,93
bristles,93
denbukuro,93
unp,93
aoru,93
kamikitsu,93
flyingram,93
drawloverlala,93
crystalwhisker,93
gator_(artist),93
robinthefox,93
tigerfestivals,93
jegc,93
mad-project,93
szafir87,93
nitefire,93
kaikoinu,93
nemo2d,93
vixikats,93
warfaremachine,93
skellertom,93
shmallow,93
ketzel99,93
veryfluffy,93
sozokuu,93
lromstar_(artist),93
virenth,93
seldom,93
kyuubi360,93
morrigan_the_marwari,93
turismoturbo,93
jlazarus,93
ann-jey,93
opstah,93
aeolius,93
eigetsu,93
2b-ge,93
grizzledcroc,93
poi_(artist),93
corrompida,93
rivy_k,93
zimabel,93
rhythmpopfox,93
seabreeze629,93
kapralpelikan,93
sleepiitreat,93
plache6,93
luxx,93
mrlolzies101,93
barryfactory,93
duragonart,93
sharkiedude,93
narley,93
allanel,93
morain_xs,93
lykostherium,93
scuttlfish,93
vulnec,93
piiunivers,93
freschrenders,93
lura_dura,93
breadbitch420,93
ggu_open,93
katzenkompf,93
jirafona,93
dankbudgie,93
racal_ra,93
matchattea,93
papermintus,93
suru56nee,93
papermint,93
fanfurry,93
hollyvardia,93
prozak514,93
gglloooopp,93
natuss,93
puppybf,93
ik_related,93
frostidragon,93
black-kun,93
kogo,93
novasuperstar,93
orangejuicemann,93
ara_squawks,93
nous_(artist),93
softkathrin,93
tabascomilk,93
lewd_lorraine,93
terrathewizard,93
karacuzzy,93
kriek_wildebeest,93
autumn_sunrise,92
arctic-sekai,92
canon15,92
annie-mae,92
ukabor,92
urekemo,92
rtil,92
nojo,92
eightysix,92
c2ndy2c1d,92
fluorite,92
powree,92
24651,92
ryusuke573,92
guinefurrie,92
shockley23,92
dunnowhattowrite,92
yuuki_ray,92
jarvofbutts,92
krosbar_(artist),92
jmadoc,92
lunakia,92
aurawing,92
uluri,92
faliet,92
funfate,92
blaker,92
akazulla,92
tengo,92
captaincob,92
rookie425,92
axelwolf,92
maplepudding,92
grimev,92
slushee.,92
zilya-lya,92
pokilewd,92
geckozen,92
yogher,92
hyenahonk,92
fu_ren_chi,92
nookdae,92
groggyghoul,92
avocado_seed,92
chikarasox,92
sippo,92
marmoratus,92
heckded,92
glimglam,92
kyubimaru,92
kotia,92
kaerfflow,92
imaaahorny,92
monstrifex,92
radaq,92
ima_att,92
sharkdark,92
siam_fox,92
uncannystuff,92
cierras,92
holeymole,92
silly_imp,92
cloudidoodles,92
type_moll,92
asme,92
useful_bear,92
nyaasapphire,92
wastester,92
ksfrost,92
biskierisky,92
stickdora,92
juanp1arts,92
natural_habitok,92
ahobobo,92
misseren,92
maoochao,92
chipsgm,92
sleepywozzy,92
jinsariakhavra,92
lolla4567,92
phytophile,92
bruhsugga,92
picantetortuga,92
fricken_stoat,92
lsheena,92
lewarfire,92
gorka_fujimoto_holgado,92
k0moya,92
armedantagonist,92
puppeypawbs,92
winteriris42,92
brad's_collective,92
velvet706,92
yuta1cc,92
dahlia_(artist),92
marthan_crowl_(artist),92
portzebie,91
silvermidnight,91
ardest,91
rockgaara,91
ts-cat,91
diegotan,91
gibbons,91
billy_fore,91
seisuke,91
ole,91
niuxii,91
dross,91
sakura_ani,91
yolk_(artist),91
kite512,91
nyquil,91
coast_(artist),91
fuzzychicken,91
nuroi,91
monsterblender,91
g-blue16,91
xwingedvixenx,91
fkey,91
lovelyneckbeard,91
natsu-nori,91
culu-bluebeaver,91
dante-feline,91
miyanokoko,91
sirartwork,91
theicedwolf,91
twindrills,91
leskarmory,91
g_reaper,91
jimmuarts,91
artbynit,91
plinko,91
snuckums,91
pewbutt,91
rexsatou,91
crys,91
trigoat,91
gojho,91
thedragonred12,91
randomgirl1265,91
toonpower,91
jolliapplegirl,91
xanderg_(artist),91
magumomo,91
minamikoboyasy,91
kemonobito,91
lahuncham,91
shimo_kawa,91
grandpaced,91
luxury_gin,91
chobikuma,91
alcohors,91
oruka0827,91
chocolate_bunnie,91
knottytracker,91
sinsigat,91
jcm2,91
kalfy,91
sergiroth,91
tanukimaru,91
bun_butts,91
yukimushi6,91
kukan97,91
atomicmeta,91
vio023,91
vixycore,91
minamo_(pixiv17726065),91
thelightsmen,91
eltaile,91
gigaboy,91
roamingthrough,91
charlieleobo,91
deidad_dissitum,91
vincentdraws,91
graham_(artist),91
pubbipaws,91
pikanodannna,91
kimirera,91
bittenbun,91
natsumeggggg,91
exyli,91
blueflarefox1,91
yonkagor,91
myoukky,91
linkz_artz,91
ch40t1c,91
sohornyraccoon,91
pixiemuledonkey,91
hentaimimi,91
itsdanfango,91
lazier_boi,91
funkys0da,91
luneytuney,91
bernesealexxx,91
fluffycato,91
honibnuuy,91
joeri_kunisaki,91
iliothermia,91
magikarpii,91
neptunebunny,91
solarflare02,91
eyal_(artist),91
fu_kawa_(artist),91
furchev,91
ishitmypants,91
demedemedemead,91
kashicats,91
taral_wayne,90
ken_singshow,90
tieldraggy,90
zoophilic,90
silverdeni,90
galmgaruda51,90
no-ink,90
cargoweasel,90
siman-clifton,90
jacques00,90
lovehinba,90
emperpep,90
crackajackin,90
galvinwolf,90
jadenkaiba,90
coal_(artist),90
thedandelion,90
nadnerbd,90
moisteaglevent,90
arcarc,90
yanaka,90
coinpo,90
ladynoface96,90
samuriolu,90
carnivorousvixen,90
basilthedragon,90
lunasfolly,90
antizero,90
saddnesspony,90
izzyhime,90
chessi,90
cocofox,90
avezola,90
ripparu,90
milkbreaks,90
nlr_domain,90
xmu,90
zerauskii,90
fujiokaaika,90
rev_(artist),90
how-did-we-get-here,90
kektails,90
sol-lar-bink,90
yeenr,90
yinyue_(artist),90
cat771115,90
crona_(artist),90
stupidshepherd,90
foxart950,90
pixiveo,90
shinard,90
twrlare,90
dragonwithgames,90
soroka-ne-soroka,90
draltruist,90
mdwines,90
battaph,90
shiitakemeshi,90
puffypinkpaws,90
cubcore,90
tracer_painter,90
dante_yun,90
malachi21148,90
kwns_s_(nemu),90
cryowolf9,90
asakura_kento,90
swadpewel,90
blepwep,90
radicalraccs,90
okazu,90
kuatabami,90
tamaro,90
yuwi-cyu,90
hornyyawnss,90
muhomora,90
nate_foster,90
badcat,90
eonbr,90
edtrash,90
davyboi,90
fallen_angel_(artist),90
therealaisek,90
tacoghastly,90
drunk_ferret,90
callichrome,90
foxfawl,90
borkbawbaw,90
jamiephut,90
somedutchweirdo,90
renrailos,90
locodemon,90
tunemon,90
aurorabound,90
aubrey_leung,90
vwpologt,90
ksenik,90
meng_mira,90
laizd,90
jellli,90
doooo2424,90
kaionart,90
ireading62,90
lewdaesthetics,90
skwmt4,90
hdhxrrfg,90
kamui_behemoth,90
alexboom11,90
starrydraco,90
orangedog,90
pb_doodles,90
nrpwccold221,90
byjovewhataspend,90
ponponthebonbon,90
dethtwink,90
pinkshinyhorns,90
bestiademimbre,90
remiman,90
kindrose,90
fructoruu,90
kariwolf197,90
freakpaws,90
yahuiasiahao520,90
chewtoyys,90
roidelcoco,90
juindalo,89
akabur,89
rael,89
keigai,89
svadil,89
rongs1234,89
34san,89
hiyoko,89
alma_aurora,89
leongon,89
wegcremington,89
dirtymutt,89
randomguy999,89
narcotic_sprinkles,89
adlynh,89
neon_(artist),89
dof,89
phillipthe2,89
joltik_(artist),89
animatics,89
srmario,89
gray-day,89
zaigane,89
anubis-kruger,89
siriusandpyri,89
copymirror,89
disclaimer_(artist),89
tamarinfrog,89
anthropornorphic,89
arkomeda,89
alpacapala,89
donuts72,89
vk102,89
alexclimax,89
aggablaze,89
llirika,89
totentribe,89
pihlaja,89
arkay9,89
puivei,89
zaaru,89
sleepymute,89
sharkinn,89
edgarkingmaker,89
tabascocat,89
vermine,89
hikagenootimsya,89
ghost738589,89
ahekao,89
yungknight,89
monuke30,89
pomela_(artist),89
nova_nsfw,89
gyrodraws,89
foxtide888,89
nikuq_owata,89
thehoneybutter,89
blueumbra,89
yorutamago,89
surrealatorium,89
layer_(artist),89
peachkuns,89
ailoy4,89
jack_mulroney,89
dzat,89
dregadude,89
kippycube,89
veiled616,89
telepurte,89
nikaidooooooooo,89
moderately_ashamed,89
alexzozaya,89
onae,89
mrs._stein,89
ladycherrybomba,89
homodogo,89
holidaydipstick,89
melvelvin,89
palchamon,89
alegrimm,89
kitajadner,89
comicstormcreations,89
torotale,89
shizumi_tsubasa,89
camuushamuu,89
wildegems,89
olexafox,89
unonyx,89
volpek6,89
cluelewd,89
superlavplov,89
demichan,89
lucknomz,89
beirey,89
vexedcalyx,89
around_drum,89
saulgreatman,89
skeleslay,89
valbits,89
titandraugen,89
yororo,89
savagensfw,89
lux_fox,89
az12lol,89
milkbuni,89
lilbunpinky,89
snowie1_(artist),89
frazy,89
jxzuke,89
sketchy_shelby,89
tuffthecat,89
alivion,89
netiscraft,89
i11ogica1,89
buns_and_foxes,89
milkypuff,89
selfdestructking,89
nugitos,89
andetheslayer,89
cynthiaacid,89
cobayashi,88
snowroserivenstar,88
jax_the_bat,88
chival,88
sirod,88
rand,88
fabercastel,88
okayado,88
konsuke,88
sankam,88
andybunny,88
john_barrett,88
cula,88
nim-nim,88
corrvo,88
speccysy,88
fvorte,88
arrkhal,88
quartzz,88
ayvee,88
meteorsmash,88
themrock,88
root8beat,88
takesu,88
senos,88
s-o-husky,88
alexis_kitsune,88
kael_tiger,88
rileyomalley,88
vincentcc,88
de-flator,88
nishiko24,88
datte-before-dawn,88
cyancoyote,88
z-afiro,88
half-dude,88
conbudou,88
alonwoof,88
dar-kuu,88
sunsetsarsaparilla,88
tuwka,88
hawkilla,88
tiedernas,88
jinksa,88
nam,88
pi9o,88
handsdownhound,88
planetmojo,88
kyubun,88
bokurei,88
bear_hand,88
guayo,88
ddil,88
kemojin,88
arkveveen_(artist),88
lynnsnowmew,88
katlek,88
thewizardstick,88
yamame513,88
nonamoth,88
dashinthedark_(artist),88
soryuu,88
clearvision,88
mister69m,88
a_dusty_wolf,88
casseroleafy,88
malcontentus,88
sophiepoof,88
oilblkrum,88
bluewavecon,88
zerokun135,88
crazy_water,88
rerepop,88
mysaowl,88
retromander,88
rileyisherehide,88
hmiokun,88
akaighoul,88
ateni,88
crouchingli0n,88
likeablemouse,88
modern_bird,88
koko_comet,88
juvira,88
blacknemera,88
crescendeon,88
citris,88
mojiuwu,88
pomegraniter,88
wyth,88
mitsuthesune,88
seanyleas,88
blueryker,88
vyvs,88
ward0r,88
echto,88
edricmarcry,88
furvie,88
mochi_taichi,88
lewd_can,88
scruffasus,88
interz,88
orenjisalmonpaw,88
jarp-art,88
potatobud3,88
mightywheelchair,88
tiburalgo,88
jdanieloart,88
coolietf,88
the_fedor_corpse,88
junkbag,88
riotbackup,88
ctrl_alt_nut,88
mikifluffs,88
edwino22,88
saardequeen,88
nova_pendragon,88
xannador,88
almualim,88
silvetz,88
06betos11,88
sala3dart,88
luftydays,88
kelsdungeon,88
flosar,88
veganlettuce,88
calcatrix,88
savy_(artist),88
geryorias,88
retsito,88
karikhuri,88
miyabita_cheetah,87
sinto,87
furgeta,87
yuni,87
technicolorpie,87
zenia,87
zeeman,87
chaora,87
deyvarah,87
teiirka,87
silverclaw1,87
thecrazydragon,87
zst_xkn,87
koruro,87
gor1ck,87
sa-dui,87
bleuxwolf,87
prisonsuit-rabbitman,87
canadianbacon,87
shrabby,87
valderic_blackstag,87
deltaflame,87
kukat,87
mu_(artist),87
ikazu,87
ebonyrubberwolf,87
yukiin,87
scittykitty,87
sanyo2100,87
graboiidz,87
gameroo,87
aliensymbol,87
whateverbender,87
ethancostas,87
sonson-sensei,87
darkdorito,87
laurel_dog,87
vanillaghosties,87
metalfoxt,87
decent.,87
tintiai,87
hokshi,87
nanoless,87
pervymarioman,87
kuruko,87
drawsputin,87
iriai_inasa,87
saintdraconis,87
memburu,87
noxybutt,87
tsurikichiyuyu,87
gemkin,87
weedwolf,87
arinadler,87
hetomy,87
varollis,87
rumpaf,87
kaikururu,87
jose-497,87
batibatizekkyou,87
chocobibear,87
shellsist,87
stormcow,87
ruslorc,87
elenmory,87
binocszoomx10,87
teenagebratwurst,87
granolapunch,87
aikaanarchy,87
hakya11,87
furfe,87
sarquiat,87
hofi-peak,87
albinodragon,87
mr._frenzy,87
malafox,87
revertigo,87
vanimate,87
araneesama,87
kiwi_hugh,87
sakana_maru,87
soft-dogs,87
sora72iro_kaba9,87
rammionn,87
a_z_artist,87
tomiwoof,87
bloomz,87
koufun,87
sadnicole,87
kkcq20yk0db5mak,87
tenjosan,87
pepperuranus,87
not_person420,87
kimono_kemono,87
wzzzki,87
chainilla,87
undnift,87
theevilfallenone,87
bellyboi13,87
sapphicslob,87
stankbank,87
coolboy01fa,87
chapsan,87
birbpan,87
greisoul,87
openfracturesday,87
yumiiefox,87
perxenate,87
pecivalrat,87
sourcebumbiscuit,87
vicekillx,87
sweet_hunter,87
demidoggo,87
chair_activities,87
onesaucydragon,87
sharkavian,87
cassis,87
bunzillaking,87
netmors,87
critterzone13,87
joe_rosales,86
mark_haynes,86
zeroseven,86
xexus,86
creature71,86
skyshadow_(artist),86
rabidraccoon,86
demitri012,86
killy00,86
bernard_doove,86
funi,86
nogitsunegabriel,86
34from1800,86
drawfag,86
nastacula,86
ryuseihikari,86
moodraw,86
mistressadaira,86
latecustomer,86
fb1907,86
owen_edwolf,86
plsgts,86
homebro,86
amber-aria,86
senatorwong,86
biohazard_(artist),86
flying_fox_(artist),86
beuwens-folder,86
tsbellatre,86
wasajoke,86
kajhiro,86
kaeku,86
seamaster,86
violavirus,86
inubashiri,86
futon_(artist),86
flaich,86
shira-hedgie,86
ikaring,86
snowmutt,86
husky_(artist),86
yellowhellion,86
phylloaurea,86
drachenmagier,86
thewinterbunny,86
fawnsdraws,86
hanukami,86
rezflux,86
the_urge_within,86
ciwi,86
vodcat,86
simamanta,86
mila.moraes,86
temils,86
squiddy62,86
cu_sith_(artist),86
orangetaming,86
sasamaru,86
meleon,86
satanbear,86
jodelr,86
gelangweiltertoaster,86
powderrune,86
larikane,86
annaklava,86
boleroofbooty,86
thelivingtrashcan,86
bedethingy,86
redeyedgazer,86
murzikteijiro,86
tinymunch,86
toukurou,86
the_texorcist,86
batya,86
yzmuya,86
jackneft,86
mathythemathy,86
karipup,86
ryeono_kemo,86
cancerdoge,86
munieru,86
xartknight,86
fleshysack,86
sushiartstudio,86
kaurimoon,86
kouh,86
criminalbunnydraws,86
fluttershyfann80085,86
todding,86
devour1129,86
gothstoat,86
nikozoi,86
pcraxkers,86
nuumatic,86
c_andreartz,86
andikapatok,86
bun-e,86
takisan_oekaki,86
427deer,86
sadmishutka_(artist),86
kaedeno_yuu,86
slimey_art,86
kakau221,86
lichee,86
momu9172,86
chimkenthighs,86
miliandpaint,86
zak898,86
undeadsparrow,86
transtorracat,86
hita9,86
chabble,86
miii_cho,86
quemetioeres1,86
caloxya,86
insaneanimus,86
akefesauce,86
miumyara,86
raguda,86
alex_hound,86
catheadyy,86
furdle,86
milkshoba,86
arti-ramon,86
eternitythelabb0,86
bolero_of_booty,86
lizardbeth,85
tina_leyk,85
arlon3,85
machino_henmaru,85
ryuu_majin,85
berlin,85
ishiga-san,85
kinkyturtle,85
kuni,85
sawblade_(artist),85
incertusfatum,85
blackby,85
tetsuo_oshiba,85
heartman98,85
alumx,85
rheumatism,85
twilightstormshi,85
limitedvision,85
kpnsfw,85
kmd023,85
keno9988,85
ohohflamethrower,85
scritt,85
pandx,85
atticuskotch,85
extreme-ember,85
wuyabottom,85
xduskstarx,85
o-ruff,85
voregence,85
oooeygoooey,85
pooding,85
scavy,85
crashgall,85
raven-ark,85
launcher_r,85
generaldegeneracy,85
tsudashie,85
vensicle,85
maxner12,85
vishykin,85
kennzeichen,85
han_moz,85
fraydragon,85
detra,85
stellizard,85
aesyr,85
borkthunder,85
themorghull,85
nekomata_ftnr,85
terryeternity,85
shan3ng,85
katrosh,85
nevan_nedall_(colorist),85
wavyrr,85
capra_kid,85
frostbound,85
nineka,85
en_1_9,85
goolahan,85
imafetish,85
kurojojo,85
vixvixart,85
akibarx,85
galutine,85
djannetur,85
artoonu,85
the_g0lden_0ne,85
racingtime244,85
ira_the_carnivore,85
svevato,85
sunny_frostwolf,85
freddieindaboxx,85
thrisker,85
toridiaz,85
jaypixi,85
supersoupnova,85
cowprintsoda,85
pazymomo,85
cubble_chubb,85
yo_zee,85
dativyrose,85
ruark,85
sssshark_(artist),85
chloeelaw,85
englam,85
plapjax,85
seurat,85
anemonemisc,85
doktormalefic,85
nolanhaldam,85
knight-of-syrinx,85
sakai_(artist),85
slorp_art,85
tomaire,85
thicchips,85
park_draw,85
okgaki,85
purpbatboi,85
dangermons,85
crawlything,85
averag3artist,85
enda_myx,85
squeezysquisher,85
znackyartz,85
jellybeankofi,85
liwenenix,85
teabrush,85
delax_(artist),85
ambberfox,84
selker,84
rybiok,84
cloudy_kitty,84
kemonon,84
harag,84
lil'_shock,84
pemyu,84
chadthecartoonnut,84
emerald-physics,84
larathen,84
garek_maxwell,84
zombbh,84
born-to-die,84
efenrai,84
geckonori,84
audie-gryph,84
hiddenwolf,84
zabraxas,84
horu,84
nataly-b,84
talynn,84
quarko-muon,84
blazeymix,84
knon,84
hiroshi-tea,84
sixsydes,84
dogrot,84
xxmysteryxx,84
mrpenning,84
derfisch,84
inkybeaker,84
phillip-banks,84
alin_raven,84
jontxu-2d,84
akanisen,84
thecluelessfox,84
spider26,84
b-dorai,84
tatara94,84
tempestryder,84
mgmr,84
darkcresentskymin,84
pocketcookie,84
alpha-thunder,84
dainoth,84
toxic-boner,84
samanator_club,84
trencalos,84
nystemy_(artist),84
nearu-senpai,84
poofy_dragon,84
kaptain_spicy,84
rinkai,84
fayren,84
oddbaillie,84
hazelkisses,84
cbear624,84
dryftwood62,84
shukin,84
shadowponi,84
cherry-gig,84
blacksaikou,84
thatweirdguy,84
och5,84
ganondork,84
kyron-ladon,84
beautyfromabove,84
fuzzle_(artist),84
pickle_juice,84
maruskha,84
peachymewtwo,84
obfuscator,84
tuoni,84
twisoft,84
fineceru,84
gaafus,84
garbagegarage,84
difis,84
mikeyama,84
not_texmex,84
evlass,84
irongut_(artist),84
kodraws,84
kemoppai,84
pandear,84
thebartender,84
vrart1,84
noktivus,84
kannepaz,84
elseirius,84
munrei,84
darkbuckforest,84
invidia_saunder,84
rubbish_chameleon,84
queenrupti,84
bmbrigand,84
compsy,84
mikanishi,84
lino_the_lion,84
agitoryuusaki,84
marshall123x_(artist),84
nehocane,84
bringeall,84
cordicedraw,84
tp10,84
kehveli,84
gatofashado,84
55mango,84
motherfucker_=_receiver,84
luckster1234,84
stompsyeen,84
dogwash,84
hudojishe,84
hwolfhr,84
junker_draws,84
floofnfluff,84
riverxa,84
the_latest_kate,84
dustythebat,84
bizr,84
zoul_illustration,84
cocoach3rry,84
shinychaonsfw,84
artcondedaniel,84
skarrfox_(artist),84
royalsimp,84
kaelash,84
innotsu,84
zotz_(artist),84
wyrmling_(artist),84
call_me_ink,84
kenonsfw,84
suippupupu,84
areoants,84
shep,83
skadjer,83
shin_(artist),83
susan_van_camp,83
galen,83
bubblewolf,83
kazat,83
razor231,83
velociawesome,83
lulubell,83
seyorrol,83
huussii,83
pheel,83
lord-kiyo,83
0k0j0,83
rakihiro,83
shysiren,83
padunk,83
joey-darkmeat,83
stargate525,83
drakxs,83
loulouvz,83
zigword,83
heir-of-rick,83
tabykat,83
icariusunlimited,83
paperlover,83
ottomarr,83
iceshadow13,83
vampirika,83
felyn,83
padoga,83
fatalis_(artist),83
fr0stbit3,83
saterina,83
katuu,83
kalchivo,83
forbiddenknights2,83
sleepyras,83
galrock,83
benj24,83
xboxking37,83
deoxi,83
starry5643,83
keroa,83
silicon_chub,83
fukmin-dx,83
formalinov,83
sheeplygoatus,83
redwolfalang,83
woong,83
nafyo-toons,83
riversausage,83
whitecrow,83
dera_kimidori,83
cjweasle,83
rockmai3,83
young_intellegent_furry_friend,83
megnog,83
thebrushking,83
blakixtekzer_(artist),83
vinzin_(artist),83
zander_the_raccoon,83
pipepo,83
shikibetsuko,83
ohayashi55,83
joeyzliaotang,83
thatmuttmarie,83
oddbutokay,83
falseseke,83
shamerli,83
sessa,83
wayn_animation,83
kira_adelay,83
rosanne_(artist),83
oini,83
calico_kai,83
lewdzure,83
zoke,83
eisekil,83
blazekemono,83
astralynx,83
makumba,83
eguchi_tumoru,83
lunarclaws,83
cold_quarantine,83
badlandsdrws,83
wetchop,83
myriadmood,83
wolfluffyfly,83
omegax,83
mirukwi,83
brown_tail_(artist),83
frankenjade,83
furrholic,83
soft_sizzle,83
maskedfurry,83
themimicartist,83
asmotheos,83
scuotivento,83
olivepup_00,83
zentaisfm,83
mrgolla,83
nuxinara,83
artsywoodpecker,83
moonraige,83
qwell,83
niko_stargazer,83
zytkal,83
strawberry_lynx,83
theshadydoodles,83
koofey,83
mofumi_corvus,83
garwaron,83
scribble-potato,83
whcy,83
wiishyishii,83
ssjtim,83
cupcake2007,83
pinkpoffinz,83
codans,83
holymolydeer,83
jozzdagoat,83
baxter7020,83
monsterfurryr34,83
beetleartz,83
refl3ctron,83
hikaridraws,83
alvanarry,83
bulka_(artist),83
lilstarlite,83
rabbitadvisory,83
oreobird,83
badartist,83
shark64bitz,83
rosepits,83
djtaka,83
causticutie,83
aceydrgn,83
badday_(artist),83
caroll,83
futaba_anon,83
litehase,83
kerilyn,83
riproarrex,82
bleedman,82
nemurism,82
bleuhawke,82
sylo,82
salmacisreptile,82
spookaboo,82
superslickslasher,82
meanybeany,82
proteus,82
mewball,82
somniferous,82
duragan,82
temporalwolf,82
hush-a-bye,82
corrupteddiscipline,82
thizorac,82
sneavile,82
joebluefox,82
eliotak,82
linlvjia,82
ogomi_yatai,82
ian-exe,82
tamaryuu,82
dragonataxia,82
nogi,82
okka,82
hecticarts,82
si_ra_ta_ma3,82
menoziriath,82
viktor2,82
lewdicrousart,82
buttersprinkle,82
bigmoon206,82
puddlepup,82
shmeepo,82
manzanaringopai,82
gyarusatan,82
ronin-nc,82
gigantilewd,82
duskdragyn,82
nawa,82
erimad,82
sagadreams,82
riilu,82
finikart,82
starman75042,82
benign_light,82
lamoz571,82
hupi1008,82
rosphix,82
ytrall,82
sa-chat,82
almatea,82
taiden2,82
gankgoat,82
shapeshiftinterest,82
djano,82
cosmic_noodle,82
extry,82
quidhansed,82
highwizard,82
captain_mooncat,82
devin_arts,82
snackcracker,82
noodlybat,82
dansharkman,82
unregistereduser,82
fermata_suzuka,82
marshort,82
reizohozon,82
awa_awa,82
nerdawaykid,82
sebboh,82
gozso-alako,82
mangakitsune2,82
nakaasa,82
maddencreatures,82
gatox_(artist),82
saltyseaskunk,82
marufox,82
carnecalary,82
bonepie,82
alienpoosy,82
yalen-the-untaggable,82
janslobonejo,82
skinaflint,82
lisovik.,82
leoooliooon,82
pacific_coyote,82
glitter_galaxia,82
lecigzz,82
ted_jones_(artist),82
hevinsane,82
whorgi,82
buckyboiyo,82
reducktoe,82
pricklepants,82
pu94_d1de4c,82
mystery.dog,82
splussher,82
blacksisters,82
rejy1,82
itskaarts,82
harryiff_art,82
jitonajott,82
veilzebub,82
saba_subdup,82
lazybracket,82
transient001,82
softspecies,82
saintmarmo,82
donutnaz,82
enlightenedcat,82
dergdrister,82
flamingazalea,82
gyy,82
unluckymireille,82
alexleviafan,82
xxthegreyfoxxx,82
yujiuchuixue,82
ramzryu,81
zannah,81
nekonohige,81
ry-spirit,81
knox_(artist),81
omegaro,81
aspeel,81
exawolf,81
oomizuao,81
fairwind,81
zoharwolf,81
diraulus,81
ichibangravity,81
hae-hyun,81
murcat,81
harigane_shinshi,81
ijoe,81
koshkio,81
akari,81
yami_griffin,81
skiaskai,81
9air,81
white6000,81
optixpanda,81
wildcatf14,81
artisipancake,81
tala128,81
gattatta,81
kate_starling,81
homekeys,81
kongaritosuto,81
creepychimera,81
sangelia,81
fluffbug,81
mangamaster,81
dwps,81
smallcircles,81
diablito_(artist),81
howlite,81
giik,81
causticcrayon,81
luraknot,81
imlutio,81
hitokuirou,81
minze,81
really_vile,81
seachord,81
katherine_murray,81
philfox,81
dipo_(artist),81
nekinu_the_outsider,81
tinntira,81
kittytitikitty,81
roder,81
kuriusagi,81
snowyowlkonnen,81
kenobear,81
diaperdork,81
unagi_bukuro,81
ninebuttom,81
mrkatman,81
kurosuke0755,81
plumbelly,81
mailner,81
thirstspace,81
dirtyjace,81
wintech3112,81
atta_catto,81
damoart,81
ch_ia_ki,81
sunderlovely,81
mosquitostew,81
hodiaa,81
aubreganimations,81
cilok,81
scarlena4,81
s1nnerfox,81
mommomma114,81
marshiro,81
avogado6,81
comicfiruko,81
timmothy_arts,81
catluvs3,81
nejumipro,81
sypherus,81
pervydoe,81
kenkudog,81
batnaps,81
gronnulv,81
kubota_keita,81
bigbeanpole,81
t_roppart1,81
crybitur,81
nixxxbot,81
kralex_(artist),81
aralyre,81
artdemonslair,81
xsad_manx,81
s_putnik_2,81
lewdstuffstack,81
bonnytoad,81
robbiewallace,81
queenkoko,81
toxicmilkyx,81
xanadu_corona,81
kumazawow,81
hepicant,81
pink_kutal23,81
sam_nevadito_(artist),81
mailoshy,81
aspirantpill,81
abbytabbys,81
lucardo_cruz,81
moriapup,81
ssnejikk,81
jinasault,81
biohound,81
sulldfox,81
vivvanne,81
digeldickerson,81
neoncityrain,81
cottonwaffle,81
remy_boydell,81
neemyart,81
chefrens,81
cookiebandit,81
lewdnova,81
yuckyalternate,81
blen4k,81
tehhank,81
cyantmov,81
lucah,80
guardianslade,80
sapphwolf,80
atmongoose,80
toku,80
fyxe_(artist),80
saintblue,80
croft,80
oni_(artist),80
mobilemutt,80
tyrranux,80
milkybody,80
toratora,80
metalforever,80
magnum3000,80
jerkcentral,80
nsfwdozer,80
caseyljones,80
virus.exe,80
zody300,80
hornybunny,80
kousen,80
oogzie,80
volac,80
myett-wrath,80
tezcatl-ayauhtli,80
donzatch,80
booshie,80
hisexpliciteditor,80
raph13th,80
lavenderrose,80
elijahelegia,80
potheplatypus,80
charrcoal,80
lykenzealot,80
bluebun,80
narrimander_(artist),80
fluxom,80
boxollie,80
problematicpossum,80
ails,80
sniffur,80
st.boogie,80
deserter_(artist),80
carbiid3,80
smashmael,80
softlight289,80
kanrod_stavoyan,80
strawberrycucumber,80
aerotransor,80
teaksamin,80
hoya82,80
blackfreeman,80
meno,80
nonksoit,80
kespuzzuo,80
y_leaves,80
akuro-,80
squish_(artist),80
snegireva,80
caramelthecalf,80
emositecc,80
lokey,80
geargades,80
fibilis,80
cat_pepper,80
hetfli,80
soot_in_suit,80
thisdingo,80
incogneat-o,80
altermentality,80
kajin-sama,80
tesan,80
furrier,80
gremm,80
thesquidycipher,80
dominokotya,80
silberhoernchen,80
pinkanimations,80
shoelace_(artist),80
mesidukainumaru,80
cookingart,80
rougenine,80
lgag006k043_(artist),80
beruzumi-m,80
saikorodekimeru,80
varknakfrery,80
saintbullart,80
makkuroscar,80
st4rsbucks,80
masvino,80
bluedeluge,80
kajizy,80
mylen,80
justdavefnd,80
hermit_moth,80
dodosh,80
afelwft,80
bwrd,80
thebigblackcod,80
poundbandana,80
artdexo2000,80
switchbit,80
enen666,80
artkett1412,80
foxretro,80
lugiem,80
keytran,80
gemsum,80
dcat07,80
dream_weaver_pony,80
nitrozo,80
coolmaster98,80
moopsart,80
mechanical_monster_factory,80
lewdcreamy,80
20daysapple,80
flutterpink_3d,80
arun_six,80
natsuhakoura,80
good4life4ever,80
jammedvhs,80
fluffels19,80
castinly,80
layala,80
lucentleader,80
big_chief_bakari_(artist),80
pakusta,80
crazy_8_animations,80
anotherbearsimp,80
fuckermare,80
pthalo,80
northwoooof,80
tami_wolx,80
bubblecat,80
foxpit,80
stickybait,80
tobydoge,80
qavc,80
mochabaebae,80
dark_wolf,80
kemonoyou,80
synthet1c,80
bookabashka,80
cuddlybloodily,80
mehtrashycoon,80
razzbian,80
daki_woo,80
mazahi-ani,80
ryokusetteh,80
niceartlmao1,80
the_dumbid,80
catatex_69,80
thenewpassion,80
xennochan,80
dickinoatmeal,80
yakukitsu,80
jackunator,80
xvx_magenta,80
dropsofmoonlight,80
littlearrowdog,80
monduck,80
freak_magic1369,80
strikefrommidnight,80
5naptrap,80
mrmystery_guy,80
tiosqr,80
mutabouru,79
jeacn,79
lyenuv,79
tohofuhai,79
ribnose,79
ckt,79
gochou,79
limpurtikles,79
playshapes,79
yuji_uekawa,79
jazzycat,79
redfeathers,79
rayhiros,79
shiin,79
hydroftt,79
tamyra,79
datbadger,79
glowingraver,79
sidonie,79
calorie,79
pointblankfluffpistol,79
lunarez,79
elkaart,79
inusen,79
ihavnoname,79
detts,79
dinobutt,79
stickysheep,79
varlastreak,79
villainous_muse,79
darkcandle,79
shawnthegirl,79
jeki,79
holliday_(artist),79
galaxia22,79
tigerxtreme,79
kajinman,79
moxaji,79
imaani,79
regsmutt,79
aramatchan,79
gentle_puppet,79
jigglet,79
k0yangi,79
n3f4str10,79
mankor,79
ritika448,79
asmartboy,79
unclescooter,79
zupat,79
anchors_(artist),79
amedama12321,79
serulean,79
gonzarez1938,79
obscenecanary,79
omochalaroo,79
esmeia,79
triplecorne,79
blanclauz,79
sparksreactor,79
strawbear,79
wafflecat,79
takaneru,79
pankanchan,79
rokesys,79
sherwind,79
onetiredbear,79
katruna94,79
lornsky,79
mr-haitch,79
chicostyx,79
moeouji,79
jomokin,79
junethekitty,79
pinkierawr,79
jekerela,79
dupli,79
eipon_tarou,79
sarifairy,79
energyvector,79
olexey_oleg,79
yukocamicats,79
raptorart,79
zyfoh,79
adios_(pixiv),79
momou,79
lw_88,79
ale-tie,79
axiomtf,79
hstudios,79
gelato24,79
kouhaku773,79
zfou,79
criegrrunov,79
lilypawpads,79
typh,79
arrteen,79
almy,79
warlocknyan,79
kimbies214,79
pentarch,79
madboart,79
wadaji,79
bumbleblues,79
whynotwynaut,79
wemt,79
akittu,79
p0nyplanet,79
bbravaa,79
itzimiau,79
kazrune,79
blackholedog1,79
hauhau_mg,79
passionpit777,79
humbug_(artist),79
arrow_hearted,79
soulwing98,79
ohayou_milk,79
garyu_ryuto,79
kcnite,79
setrixart,79
devfoxnsfw,79
latiospegasus,79
niochem,79
sebastian_almric,79
dokuase,79
discodemon,79
robin_dassen,79
bloggerman_twit,79
marz_(artist),79
heavenlyheart,79
colono,79
barkwuff,79
chamuskinha,79
bb_rain,79
markybuns,79
hornyfoxjade,79
whitestellar,79
alunka,79
brradett,79
domisket,79
deety,79
sonotiq-poya,79
joseph_ny,78
arabatos,78
the_search_for_lost_wings,78
blaquetygriss,78
afd-yred,78
pokelai,78
9-puzzle,78
lesang,78
noha,78
onyxavia,78
xskullstomperx,78
featherhead,78
misukitty,78
tropicalpanda,78
spamcat,78
zen_(kemono_artist),78
kewon,78
quaraci,78
bara-diction,78
ardidon,78
froggy_wobbly,78
annonguy,78
garnnet,78
thestrider,78
oscar_the_purrloin,78
flappydog,78
epic93,78
tentacle-muffins,78
coffeestain,78
n0ncanon,78
ebluberry,78
nukde,78
recurrent,78
ojififo,78
akeahi,78
darkartist,78
jujala,78
oleola123,78
foxx.dott,78
foxy101,78
otterscience,78
kiddeathx_(artist),78
a5wagyu,78
the-b3ing,78
lerchief2007,78
dawn22eagle,78
catmuti,78
taggen96_(artist),78
pang4746,78
kabe2mugi,78
dullpoint,78
aozora_(nosada),78
rikuta_tp,78
8-tomb,78
dront,78
luoluokun517,78
dimidiummorsumbra,78
yelnatsdraws,78
lettherebecolor,78
kukkiisart,78
lispp,78
shawnguku,78
deadflow,78
zark,78
vallycuts,78
jayaero,78
jmeo1230,78
punkcroc,78
zamuzaza2,78
loveboxf,78
pukkunnnn,78
sirevisconde,78
heatboom,78
naschethelion,78
masc0t361,78
lourkanda,78
puss3250,78
gulasauce_(artist),78
ninjamoon,78
kenikenikeke,78
southnorth,78
sookmo,78
sdjenej_(artist),78
thorn193,78
lumieart,78
medusalewdles,78
the_frosty_chemist,78
sakuragiyomi,78
nsilverdraws,78
voirath,78
xealacanth,78
daaon_dragon,78
wani_panic,78
sharalythesheep,78
skunkhotel,78
biocrine,78
meyk,78
thenameisradio,78
orange-lin,78
fugashi4090,78
candy_tooth_(artist),78
tabbyseraph,78
rimann,78
lanllan,78
phosbara,78
meatyr,78
jankey18rnbadd,78
overcyan,78
tigerlovedog,78
siakstuff,78
chenannanm,78
covenant_(artist),78
rawhell,78
generic_fur,78
bittertooth,78
cookie-pone,78
dorisss,78
ganghandog,78
lljh,78
killer._ez,78
assassinfenrir,78
water_enjoyer,78
atlas_jkb,78
cosmictail,78
leborkss,78
artfox26,78
sunny_draconis,78
chris_the_dragon,78
lumipetals,78
pashapencil,78
foxy_concept,78
kaberlici0us,78
riiikuta,78
sparkothefailure,78
arloatdusk,78
stopych,78
kaijinapple,78
hlg7777,78
swiwwel,78
axian6777,78
grrrwolf,77
ian_r_soulfox,77
chimera_synx,77
foxer421,77
whitecolt_productions,77
arcc,77
inumania,77
vinvulpis,77
schizoid,77
kyoht_luterman,77
skyler-ragnarok,77
gloomthebat,77
kittmouri,77
passchan,77
einom,77
dredd,77
vexxy,77
happycrumble,77
seigen,77
danwolf15,77
coconutmilkyway,77
garam,77
wiira,77
dritazura,77
evilfrenzy,77
libido_(artist),77
rule34rox,77
corganda,77
ryuuzenga,77
goina,77
yassui,77
ultrahand,77
yana-r,77
ya-ya-tan,77
bada-butterfly,77
i-am-that-japanesse,77
less_(artist),77
himitsu,77
ire-k,77
angry_koala,77
meep_(artist),77
thesolarwinds,77
nomifuki,77
kuro-gane,77
lewdua,77
sintacle,77
shumey,77
sidotama,77
boundlightning,77
jewel-thief,77
saygoodbye-sfm,77
wyvernn,77
sath15,77
catzino,77
nunutaro3,77
zoroa553,77
scheadar,77
mahoxy,77
man0.,77
bezdomny,77
zaphod,77
blockman3_(artist),77
mothandpodiatrist,77
kascz,77
dynoddiprydain,77
oiruse,77
rubrad,77
bileshroom,77
tinywag,77
tony_takara,77
zeym,77
dekotf,77
starbirbz,77
amashiro_natsuki,77
sega-htf,77
sk8th,77
dangerking11,77
lewdyroom,77
freshly_uprooted,77
cywolf49,77
amailemon,77
lewdshiba,77
sybervenn,77
charcoal_inpachi,77
lunesnowtail,77
zaahrich,77
trashcamell,77
wittleskaj,77
thenicedragon,77
peachcupp,77
danil4h,77
mokamoshi,77
matchstick_39,77
redpandawaifu,77
mochimelted,77
octojo,77
v1sage,77
pixelkebab,77
arts_of_indiego,77
gothmeup,77
tzuni26,77
nyxiettenyxstar,77
siripim111,77
dreamingnixy,77
sir_cums_a_lot,77
myoniis,77
e4hargus,77
kuulongarl,77
onyx666,77
stypek_(artist),77
ruttingstrap,77
mr._blue_(artist),77
foxchen,77
rfta,77
terrible_existence_(artist),77
motylek,77
fraky_arts,77
tenshi_ai,77
000atanerriaper000,77
kimcuongnguyen,77
akuma_nemui,77
benecia,77
arcadebunni,77
nerftheyordles,77
spindasher98,77
cinela,77
lionbun,77
allsonwa,77
fuckwolfamy,77
sloppyheadwind,77
scared_bum,77
pajamamcham,77
coffaebeans,77
mimill3,77
dizzy_weas,77
itmy09,77
jirux,77
dank-artistic-fox,77
ratify,77
k1o_gl1x,77
bicikliszelep,77
spoopy's_art_slave,77
avengerseraph,77
savielle,77
hiddenraptor,77
augmentedleaves,77
y0urd3sir3,77
wolfplush,77
mametunu,77
goldenwolf,76
aubrin,76
hisahiko,76
fiztheancient,76
twotails,76
gilbhart,76
juanomorfo,76
windpaw,76
rinienne,76
katibara,76
jiayi,76
razorfox,76
tyrnn,76
cubikore,76
nickwolf,76
kairyu211,76
methodia_rascal,76
takeshima_(nia),76
hokkyoku_kuma,76
moneychan,76
psychosocial,76
etness,76
liljdude,76
vd-dv,76
davecartoons,76
jigglybutts,76
coffaefox,76
mingaru,76
jiggydino,76
whitesky,76
kecomaster,76
arcnod,76
erozer,76
qualzar,76
germainethevixen,76
catbeecache,76
gahowolf,76
anythinggoes,76
xvvajra,76
jessen,76
wattacat,76
rheobear,76
kokoro-tokoro,76
yomari_u,76
yukiharu_nyawate,76
indycat,76
shadify,76
tooboe_huusuke,76
moonagvaze,76
multyashka-sweet,76
mranthony2,76
rowf,76
rancidious,76
almee,76
artofadam8_(artist),76
camotli,76
epitaphkho_(artist),76
sakuhuu,76
nikowari_(artist),76
strobe-totem_(artist),76
certedia,76
nyong_nyong,76
monodie,76
h_rin0u0,76
abigfathen,76
gooseworx,76
pheloniblazyk,76
pepperpkmon88,76
pufftor,76
kitsuumi,76
genjii,76
spikexen,76
wolftapioca,76
la_volpe,76
3000vnd,76
youhei79384157,76
footfoxxy,76
hc_hybriddave,76
lamont786,76
disregard67,76
kodigozoot,76
sonicluxhedgeman,76
meddy,76
joshin,76
kevbot,76
nitrus,76
spinycatto,76
keyshop_miss,76
dirk_aukea_(artist),76
jaythefox333,76
pilot129,76
officialpeachbumz,76
vntn,76
rovindeer,76
frecklethefox,76
ryuzka,76
galaxymaw,76
vicvance,76
deluxl,76
nikowhith,76
koropatel,76
115meg,76
spezvolf,76
kitchidrachenblut,76
rentressy,76
ff_glu,76
kamek_sans,76
mtmnkmn125,76
ampersand_ad,76
gooeykazoo,76
edbwolf,76
awoope,76
lemonkyubun,76
macarroni,76
buriburiri2,76
softpawcafe,76
sad_sun_knight,76
shokyshoky5,76
stormkinght,76
ackee,76
chase97,76
sonakariart,76
boobataro,76
hellezra,76
richa_picha,76
myssedakes,76
yibian_sz,76
poskapaints,76
ghospe_moth,76
tanatos_aaa,76
akiradrawslewds,76
slysocx,76
furminko27,76
crazmax,76
misspopa,76
vitor_swissidoldragon,76
fervourbunny,76
meowtat,76
analizer2345,76
sutagaki,76
dkfldptm1,76
l3ftbl4nk,76
lesangd_tw,76
zaraunitymasters,76
cristalyzed,76
heelipmo,76
adansin,76
corvidtree,76
spacemoth,76
insertthenewblhere,76
dragonmanmike,75
sarsis,75
tiffany_ross,75
zunu-raptor,75
spidu,75
blueberrysnow,75
lunicent,75
teien,75
motaro_(artist),75
zedzar,75
cam_(artist),75
chatai,75
nightargen,75
liz_art,75
yoshi-eats-your-pie,75
anasheya,75
gamermac,75
almar,75
lordaardvark,75
kollerss,75
lugus,75
muttasaur,75
blacky-moon,75
rotton,75
r_ex,75
kigisuke,75
sveemon,75
kazukio,75
chinpo,75
sajophoe,75
senka-bekic,75
brianxkaren,75
qmanshark,75
creambake,75
selixjackal,75
alliums_(artist),75
reezythegarchomp,75
featherystorm,75
orcaxdragon,75
kardukk,75
plainoasis,75
lionclaw1,75
noke13,75
garrus368,75
poiuytrew,75
warioeag,75
freckledbastard,75
zeir0,75
nidrog,75
ahastar_(artist),75
rhodenspire,75
ahappypichu-mod,75
azzunyr,75
brickoven,75
ezumi_mh,75
kuroneko_waltz,75
sugarnhoney,75
kaiberu,75
matomonstera,75
kawara_gawara,75
jellcaps,75
raynadkins,75
beardie_(artist),75
bear_2key,75
lenny_(artist),75
omithefox,75
remwithpen,75
grey-yordle,75
redo_(artist),75
twolfe,75
petrovolt,75
natricle,75
momo_92698,75
janrock,75
leakyroot,75
df43_(artist),75
alice_yagami,75
daz1319,75
allstatus3,75
mklxiv,75
indigobx,75
shitsu_kushi-mono,75
kasetsu_hanga,75
enlisentity,75
redcrystal,75
zhearun,75
skyversa,75
divdurvart,75
sebtheredpanda,75
ibukyu,75
dizzysauce_nsfw,75
scarfshepherd,75
shnibbles,75
momiji_werefox,75
scalywanderer,75
acaris_(artist),75
the-crowfox,75
rodinsinker,75
mschalk,75
bitelickart,75
blackgtr72,75
amamizu_sl,75
krepht,75
rlyshypanda,75
srmko,75
gfox404,75
diforland,75
ruedeath,75
donkeyramen,75
yonooshi,75
onibi,75
rem99,75
palehorntea,75
zweikopfeinhorn,75
dragontzin,75
ony01,75
cozydivan,75
shoestrang,75
kindofabigseal,75
pearl123_art,75
nikosita,75
spookieghoulie,75
pl227,75
digboye,75
zhivago_(artist),75
wtperv,75
harryharold,75
cxrryart,75
robertsilva,75
dinopalcooper,75
shadowsoulful,75
rtootb,75
yukein,75
joooon,75
meocondainhan,75
vinstacc,75
d13w0tt_(artist),75
wagooga,75
raynui,75
beozar,75
fokkuzu,75
itzjaylock,75
mmuhu,75
imboredhh,75
paladyart98,75
totii,75
raylopez,75
franchico1994,75
mr._woland,75
anothercat,75
jutsapostion,75
glacefrostbite,75
lordwolf,75
silly_roll,75
slightlyarousedguy,75
wonderfox712,75
rubberjett,75
oddkangal,75
nxyitn,75
steve_gallacci,74
brian_o'connell,74
kaputotter,74
darksilver,74
salamander_(artist),74
littletiger488,74
mudshark,74
kraven-gothly,74
denton,74
rottencanines,74
blakefox,74
ricedawg,74
birdy,74
qsteel,74
uthstar01,74
tomdantherock,74
c-trigger,74
meghan_mauriat,74
ghostblanketboy,74
fox_fury,74
hm3526,74
fent,74
violise,74
schitzofox,74
niku_18,74
shade-shypervert,74
ifgirl,74
latenightsexycomics,74
tntkl,74
ookm,74
sapsan,74
scas,74
musorok,74
gohami,74
duop-qoub,74
sparkdraws,74
jayecho,74
skibby,74
duskie-06,74
teckit,74
paintdog_(artist),74
ponlets,74
masonparker,74
peeel,74
kingraam,74
rebel_nightwolfe,74
lordzbacon,74
incogneato,74
thundragon,74
bcpony,74
sooperman,74
krixata,74
neversoft,74
pilitan,74
tagovantor,74
colonel-gabbo,74
evilthabad,74
kupoklein,74
redjet00,74
nikohowlii,74
marumori0619,74
thegrumpiestpanda_(artist),74
raythefox,74
amarian,74
rockosedits,74
vaithun,74
niucniuc,74
emberwick,74
temitess,74
rd-rn00,74
draringoa,74
gum-k,74
tatotake_mono,74
fenrik_(artist),74
elwynofastora,74
fullmetaldude,74
joooji,74
riukykappa,74
cokesero,74
deaver,74
mythabyss,74
tommybunz,74
dicksndemons,74
didky,74
windspan,74
mawliet,74
sockrateesy,74
hano101,74
supearibu,74
unusualboo54,74
givuon_(artist),74
warlordhunter01,74
hoka,74
moito,74
lucariolover448,74
hajnalski,74
fongu,74
smutzkii,74
tekup1n,74
wrongcable,74
jana's_lab,74
waitfurgodot,74
simpleesteban,74
buzya,74
ero-bee,74
gothicc,74
shorple,74
buvanybu,74
redactedinlight,74
sarcobutter,74
reapcreates831,74
maimoonrabbit,74
zenvist,74
aarqon,74
lewdhank,74
barkyeet,74
allodoodl,74
zenia_wolf,74
gunya,74
fefece,74
shano_541,74
mr.solar,74
chappystick,74
haloluli,74
spicetail,74
skonczonyidiota,74
chostrawbie,74
deng_keon,74
thaliaglacyswells,74
chocolateandmilk,74
isakalts,74
misumasu,74
alrezaham1,74
gtogta,74
arcadeafterdark,74
shadydaone,74
dankwoll,74
onimiere,74
matachu,74
grossdice,74
saucimango,74
nicklusious,74
cleo_(artist),74
taffhazy,74
eddybird,74
mrloquendo,74
yonstar_studios,74
rofakuro,74
rampageguy,74
dominogooper,74
affront,74
henrique_rick,74
ququqee399e,74
spirit(paw),74
yeenngoat,74
kitt3ngutzz,74
zulu_uwu,74
lunarium,74
slugcats,74
samzan,74
inkdoll,74
cosmicat,74
theor,74
redleveret,74
auric,73
drybone,73
amonomega,73
fatalsyndrome,73
havemoon,73
fang_asian,73
greenmarine,73
comjuke,73
r-fenrir,73
neyukidou,73
scobionicle99,73
txlegionnaire,73
uc77,73
foulfrost,73
junglepony,73
tovio_rogers,73
shikakaka,73
pepipopo,73
korokke,73
macroceli_(artist),73
rcc2002,73
57mm,73
andersonicth,73
dogson,73
mokanyann,73
rip_k,73
sunspotfish,73
dagos,73
zantyarz,73
blueblaster,73
galactic-overlord,73
pastelmistress,73
mu_plus,73
skylight_(artist),73
storyteller_(artist),73
thetroon,73
yen_rin,73
veo,73
sheycra,73
slinkydragon_(colorist),73
avj_(artist),73
nsfwquynzel,73
tabletorgy,73
minila,73
kribbles,73
krabby_(artist),73
uvfox,73
sugarbandit,73
raozone,73
kovaltiel,73
matchesyashi,73
angusburgers,73
medaya,73
w0lfmare,73
dittodotto,73
shianko,73
thed4rk1ord,73
aceymari,73
rettriverr,73
kalidragon,73
kadomarco,73
resinger17,73
skunkbutts,73
aldharoku,73
848siba,73
psydoux,73
nova_rain,73
ixkouu,73
whalegourd,73
doppledadko,73
k-dromka,73
northfelle,73
shin_kerron,73
secretkitsune,73
mochagato,73
charliemcarthy,73
pincerpencil,73
tahoma,73
chillbats,73
al_sensei908,73
dimsun,73
sneel,73
mr_ultra,73
haribo-arts,73
boxofmonsters,73
angel_patoo,73
aldenyates,73
sparklepupfaeri,73
katamichi,73
quasart,73
rouwrf,73
mommyosha,73
osiriix,73
joushi,73
neumokun,73
morningbread16,73
grishnax,73
crocobu,73
vulprofox,73
eukayoticprokaryote,73
dogmanart,73
wwbot,73
thornedog,73
princelykos,73
dickarmdaryl,73
haylapick,73
baggy_(artist),73
ppandogg,73
ceschi,73
kadahat,73
hatakeclarissarts,73
law_azure,73
crazy_sll,73
tacofoxbrazil,73
luniel,73
blackinkwolf,73
heathermactavish,73
laffulaffubread,73
lyncario,73
foulserpent,73
terevinh,73
codabun,73
kawa_the_asparagus,73
kecafur,73
scarythesustire,73
kayashima_soru,73
mr_ctm,73
eljarochofeliz,73
nibisu,73
neon_lion,73
fluffygirlfriend,73
voluox,73
sonlink,73
seregore,73
corbin_(roscy),73
puppybrained,73
matchaijuice,73
ineptoutcast_(artist),73
little_scarlet_rose,73
spicepumpkinlou,73
pecco_occeq,73
sr_empanada,73
blankyart,73
kyle_wolfz,73
nisaku,73
dottodottodott0,73
duskyer,73
murlbius,73
creamytako,73
artimusdraw,73
fanimal_creations,73
orlek,73
kitapult,73
pink_prawn,73
obsceneeighteensfm,73
guz9,73
jdbo-arts,73
feline_element,73
sunylira3d,73
crispycreamxd,73
sori0414,73
andy_avalox,73
spicyscaliearts,73
unknownwolf,72
orangy,72
arche_kruz,72
rawchomp,72
guttahpup,72
taus,72
ishigray,72
vawlkee,72
chico,72
drafthorse,72
spacesmilodon,72
v-invidia,72
kloogshicer,72
scream_(artist),72
caroxmaster,72
xheten,72
peterandwhitney,72
wrenzephyr2,72
plejman,72
gtoyaannno,72
floorninja,72
sr71beta,72
threewontoo,72
zraxi,72
cappuccinocat,72
prettypinkpony,72
gevind,72
docmoreau,72
imflain3d,72
keitronic,72
kotya-ra,72
reddandwhyte,72
daniel-sg,72
savalkas,72
wasabitea,72
cattont,72
fidzfox,72
gf,72
mochi-squish,72
polarissketches,72
wiess,72
fauxpawe,72
qweeli,72
abasirisippo,72
sindaj,72
skyspeardw,72
freakyed,72
naoki_saito,72
mstivoy,72
cowfee,72
ickleseed,72
burnbuckie,72
destona,72
mayhem_(artist),72
fenriz278,72
liteee,72
heart0fink_(artist),72
solapi_(artist),72
hidoihito,72
osopolar-kun,72
quququl,72
hourlessmage,72
giratina_(artist),72
iggy_bomb,72
violabossanova,72
zillabean,72
mochi-bun,72
mogy64,72
munax_od,72
wolfikous,72
mosstheopossum,72
gyrodoodle,72
notrip,72
kersync,72
monapic_chang,72
padlockedpadding,72
yiwol,72
shixiexiaomo,72
daydreamed,72
drake239,72
krorenshima,72
chirros,72
ktandoku,72
nighdruth,72
notsafeforwank,72
catd,72
bearbeer,72
mrguy820,72
zebrov,72
vitki,72
kelniferion,72
freakdan1el,72
cornymember,72
p0sporo,72
ryo_yambe,72
limebeatz,72
moko_(artist),72
bl4ck-cl1n1c,72
wingdavon,72
yiezzas,72
zead_(artist),72
weirdcathq,72
jackace_(artist),72
acacklinghyena,72
babslechat,72
drawller,72
cedamuc1,72
walliscolours,72
pink_cat_enthusiast,72
ninon_(artist),72
almond_deer,72
kingdomvelvet,72
wannabe_pendragon,72
snaildoki,72
raccoon_mints,72
freddymartin,72
heartermobs,72
greepurl,72
bakamaokun,72
fafnir_stardust_(artist),72
lot_par,72
adrovmike,72
ugnaughtsden,72
sassycat531,72
clawiope,72
monsterbox,72
jhoneilerld,72
azuredeer,72
janet_k_wallace,72
schermann,72
reggie_rakun,72
the_nameless_guy,72
obleacream,72
ton618,72
yaksicle,72
itsfloofy,72
dekonsfw,72
literaldeerirl,72
renoahemiru,72
atotekio,72
cryptiacurves,72
apolonoise,72
kotacat4,72
aidenz,72
ferexes,72
galajo,72
tomiku,72
satsuki_supreme,72
taigazkr,72
fexneel_denisse,72
yabeweny,72
itz_smi73,72
hxveuseenmypen,72
ninesm,72
rougethedaisy,72
meekax_x,72
amygdahlia_(artist),72
drasha69,72
midaten,72
ceeytin,72
manyanz,72
buyo_(artist),72
breedypupper,72
baconbearart,72
gnolub,72
samucafujiwara,72
fancheesy,72
meowtinz,72
toonpimp,71
mifmaf,71
hajime_sorayama,71
drawn-sex,71
flyingrotten,71
jingx1,71
arturo_juarez,71
urahyu,71
twisteddragon,71
foxychris,71
aleximusprime,71
shynjy,71
jonfawkes,71
tateha,71
jepso,71
slydragoon16,71
kedama,71
redvelvetbat,71
corvidius,71
erkhyan,71
donguri,71
dansyron,71
otter_grafitsnake,71
furukara,71
input-command,71
chizu,71
concoction_(artist),71
that_kei_guy,71
kikimochan,71
gothicsiamese,71
lovingwolf,71
pinheadchains,71
pinkushika,71
nekogarasu,71
cosith,71
canned_(artist),71
katputze,71
dreamous_(writer),71
jotaku,71
miss_rain,71
terry_grimm,71
lonelyworld,71
chocobo4869,71
kosperry,71
reddishmaroon,71
joy_ang,71
snowiezegreight,71
pochowek,71
anymouse1968,71
mrw32,71
shen_shepa,71
intimatewolf,71
interstellarmachine,71
zhaqez,71
justsyl,71
mightyraptor,71
gao-lukchup,71
noriega,71
proxol_(artist),71
xylious,71
lapinousmalice,71
swiftriff,71
sashaviel,71
jumpscare_warning,71
srw225we,71
vorekingdom,71
pheanir,71
verelin,71
zetaxen,71
okudami,71
clerian,71
soranotamashii,71
furrchan,71
gabu2929,71
triplecancer,71
delfucko,71
by_spoon,71
nebulabat,71
evan555alpha,71
zana6_(artist),71
outcast-stars,71
teedraws,71
kotik_rin,71
blizzmaster,71
albinadainer,71
barefoot05,71
zeflex,71
gildedbonexfm,71
cro-iba,71
hidarikiki,71
ambysweetdragon,71
dicorn_(artist),71
akylie,71
pumex,71
foreign_girl_lovers'_association,71
pize,71
nightfury2020,71
xetajts,71
wolf552906,71
katzenfaust,71
hdddestroyer,71
meringue_(pixiv),71
jakeseeker,71
orionfell,71
fanatic-heretic-101,71
hainequem,71
garbageman,71
custos_lunam,71
carpallove,71
gaek,71
phant0mhat,71
sadosaurus,71
uriex,71
toroi,71
zephyrchill,71
iaian_luxo_fox,71
beanii,71
nyasplush,71
choclattemilk,71
yonsia,71
sphynxx11,71
infected_heart,71
noona_plz,71
boni_(artist),71
neonsheath,71
orhifw,71
cupic,71
arisel_uwu,71
metaporin,71
mamavixy,71
aigsaft,71
yorozumaru,71
buckovskiart,71
scribbleshanks,71
rufe_squirrel,71
index_3,71
haribunawa,71
spacefluuuf,71
duckerzzart,71
dirtypaperjoe,71
jui_nichi,71
garbageboxxxed,71
v4mp1333,71
hachikxma,71
miao_jiangyou,71
nimari,71
mutedeclipse,71
gassydragont,71
hoodwinkhuffer,71
hako_niwashi,71
vina.ink,71
kaburion,71
arceus_tummy,71
360dori,71
neruk,71
hoshi_kodomo,71
milajanh,71
besidesbunny,71
forsakenedbread,71
otiksimr,71
san_renard,70
thumbclawz,70
merystic,70
doc_nickel,70
shana,70
kizaruya,70
barraqda,70
thornbeast,70
hornystorm,70
hithog,70
edef,70
incarnata,70
bitcoon,70
poo-ky,70
konani,70
dragonith,70
paperdrop,70
umeguru,70
bit-bite,70
m@k,70
m7,70
skunkfrakker,70
sexilydrawn,70
fuvi,70
leafrunnerk,70
lil-heartache,70
s_mino930,70
uselesslizard,70
ehbear,70
hareluca,70
foxicube,70
maaty-s,70
baron_montesque,70
nyxondyx,70
rasalhague,70
oneeyewolf_(artist),70
smokeyocity,70
hamsteroftime,70
morosuhe,70
uleezoo,70
nayunata,70
alvh-omega,70
tomukemono,70
churroshiba,70
neoarcadianx,70
nekomellow,70
peng,70
bwcat,70
clydeli,70
wynterhorn,70
henkeiusagi,70
mirokuj7,70
pdart,70
kirill475,70
smiyao,70
gimnie,70
drunkavocado,70
moonwhitetiger,70
anifansy,70
monsterfuzz,70
foxzor,70
bison_black,70
lonerdemiurge,70
nosch,70
ruetteroulette,70
vulpesvant,70
faetomi,70
homebearstudio,70
zardoseus,70
bundle0sticks,70
flufflewdzthings,70
cloudboyo,70
kaxiota,70
discocci,70
dysart,70
anthromage,70
staerk,70
justirri,70
r.g.buzsz,70
scaliecrocs,70
synkosium,70
paperclipper,70
gombee,70
qunteki,70
gravitysinning,70
assassyart,70
werewhisky,70
pyroashes,70
spacebunnygoxe,70
goldlightyou,70
lightningknight,70
cinnamonrug,70
spermelf,70
4yd0_yctahobka,70
goldendoqqs,70
snowsnow11,70
mike_santos,70
herseyfox,70
sturdyplywood,70
spooky_dune,70
ashleyorange,70
buttpalace,70
mustelabr,70
vfcou,70
ratopombo,70
scwambledeggs,70
dragokaizer666,70
ds0ivi0,70
lovemilliesm,70
tillkunkun,70
dot_executables,70
conto,70
gashamon_(artist),70
reinecke,70
izuku.,70
lisikazima,70
uramenu,70
sleepyly,70
bittersyrup,70
buzzindorf,70
rioxvii,70
nervouscherry,70
idler_r,70
oracle_sphinx,70
teasyrat,70
thymine,70
gromdrawing,70
spleeep,70
mmad,70
fleshtones23,70
tusky_rayan_(artist),70
cindablimp,70
jejunumiper,70
roshu39,70
squishcap,70
tw1nkd3m0n,70
kemokemo02091,70
andre_moraph,70
gorarati,70
stuffguy123,70
rennmoose,70
kitiroshi,70
pale0punk,70
yucca,70
mildmeat,70
tulipsanddragons,70
shayda,70
eliolovicos,70
coffinberry,69
z-lion,69
orangebox,69
selucilia,69
eosfoxx,69
niking,69
dmann892,69
forsen,69
zephyrpanthur,69
kolossal,69
superbabsy123,69
fiszi,69
blak-dragon-boymk2,69
sabudenego,69
stupjam,69
okatana,69
cynicalmoose,69
justpony,69
black_howler,69
ladypixelheart,69
thecooler,69
4te,69
disarten,69
mordwyl,69
dannon-5,69
xxxx52,69
mynerva,69
tolbi,69
whatsalewd,69
saruki,69
anapnea,69
tacticalmagpie,69
amatsucat,69
vitorleone13,69
r-a-s-p_(artist),69
steelph,69
myiko,69
amboyna,69
tooneyd,69
aky,69
kavaeric,69
ibuki_haruno,69
asestrada157,69
judylavernehopps,69
ohiekhe,69
boardmindless,69
ginkko,69
fawxythings,69
zsloth,69
krossan_(artist),69
keavemind,69
foxiful,69
yasuaki023,69
marema_kishin,69
lunamuenster,69
prestomajesto,69
radixpanther,69
missuspatches,69
bow_(artist),69
ferret-badger_(artist),69
arwokom,69
kingheron,69
hamagiato,69
haduko1,69
bluesxx,69
skutchi,69
phil_sux,69
rebouwu,69
taillessbunny,69
goldeyboi,69
junkmixart,69
gumcrate,69
parupoke,69
mayin,69
pheromosa1111,69
baylong,69
oldoldman,69
thydris,69
aladeen,69
mr_sharky,69
8762e13,69
complex_vortex,69
palomine,69
chaosdraws,69
custardalvis,69
pistacho,69
mrschllyay,69
yanununununu,69
yuuh1212,69
a-pony,69
caww,69
joze_osaka,69
9x8bit,69
inksplot,69
mechapen,69
neofi,69
corromon,69
verakultura,69
akilae06,69
ronci,69
whike,69
psychobun,69
fluffyw0lf,69
stilioweirdo,69
maeworl,69
kae'est,69
nekkouwu,69
key_rooki,69
annna_markarova,69
gojo_preto,69
myfurrymind,69
aiofluff,69
st_storynode,69
shugariosa,69
ari_dibujitos,69
null0patience,69
kamume833,69
pimientanas,69
ry_o,69
neoshrek,69
ashenbooper,69
wastelander_drex,69
trinitroid,69
kun_blackcat,69
grimeat,69
husky_hangover,69
morgan_deer,69
worgan_freeman,69
nyan-o-lantern,69
ak1ta_one,69
sinsab193,69
smol_boye,69
tianiseul,69
mylittlewarhose,69
shenanart,69
kuerno,69
festive0goat,69
darwinthejockey,69
ki0nyxie,69
pliica_22,69
el_bigotez,69
gem_andromeda,69
reachahighernoon,69
sergalrenders,69
da.nilkaz,69
ghostyxtoasty,69
cafeaubandage,69
imprettynormai,69
heartear18,69
vicariousvixens,69
froxifox,69
wolfe_fubuki,69
greaserdemon,69
ruxvel,69
estebon89,69
sugar_but_nsfw,69
dirty_bunny,69
chaotikat,68
aku_tojyo,68
dhstein,68
adonis,68
besped,68
milkie,68
styxandstoned,68
fakerface,68
rozga,68
unity,68
nemesisprime909,68
riot41,68
recklessarts,68
vcampan,68
tieria,68
foxey_(artist),68
ashleyzombie,68
yilx,68
almasy,68
masabowser,68
turtlechan,68
itimu,68
signhereplease,68
tokenworks,68
nucahfox,68
fishine,68
sue-chan_(artist),68
cahoon,68
jellybats,68
sorakirbys,68
azafox,68
playjoe2005,68
kruk,68
byowt,68
arkanoego,68
tortuga,68
xenstroke,68
captainjusticevirtsuoso,68
spier17,68
taykoe,68
hicane,68
creamydonuts,68
jitenshasw,68
chioro,68
b00mt00b,68
wolferno,68
akudrache,68
pyonko,68
vinoda,68
koreanhusky,68
izumi_(artist),68
starseeker,68
kemo_nuko,68
paulpeopless,68
thickick,68
breakingcloud,68
alhedgehog,68
inereigan,68
rokumaki,68
jalle,68
jen_foxworth,68
fandroit,68
rainypaws,68
charlotteray,68
fuwayuuko,68
cosmicdanger,68
mochigolo618,68
necrothant,68
esterr_(artist),68
drawful-s,68
theroflcoptr,68
cecildeatrio,68
kameri-kun,68
aeva_risis,68
hotcoffeecat,68
spookybooty,68
ritkat,68
ruolina,68
neungsonie,68
sensiive,68
numbro,68
dtrreuaem,68
mothmandraws,68
mukitanuki,68
domidark,68
misentes,68
hriscia,68
rawgreen,68
shadow2007x,68
nightmarebearpuff,68
decourem,68
thiccc,68
mostlymlpanthroporn,68
baleinebleue,68
ohelladarian_(artist),68
totsaarkonn,68
smotrilla,68
technocaster,68
feraltwi,68
moromorowephi,68
shepherdart,68
sparks_99,68
sakuyako_kyora,68
sephaloid,68
yukino_kouta,68
parovozik,68
neonway,68
nokia1124_a,68
killergrizzly,68
nico-mo,68
berettiger26,68
ahornsirup,68
wolfbear303,68
twi_paww,68
sidmonthebear,68
mushyotter,68
tybalt_draws,68
mc1,68
gatoggy,68
reshsfm,68
flyer_(pixiv),68
hypno_neet,68
bluekiwi101,68
crystalhaze,68
kodota,68
doolyboobieboy,68
eringi,68
natadeko_kitsune,68
adullperson,68
kosaa4,68
thetransformistress,68
ttherandom,68
stcaipirinha,68
kitai_su,68
xionxiii,68
nudiedoodles,68
c52278,68
c91,68
maxwellshiba,68
ileomaru,68
doodledaeng,68
bigplug,68
angusart,68
grossarts,68
puffer_puff,68
elyzalizah,68
kevlar_productions,68
copinlighter,68
maiiyumi,68
suruga_(xsurugax),68
basdl2003,68
xenopony456,68
caramelhooves,68
earthist,68
lewdexpert,68
kiwikiwi555,68
evgheshkafx,68
thaliati,68
forbiddenlight,68
latotabo,68
blem-bop,68
zincxiron,68
insany3d,68
fanathir,68
kuwsh,68
crimenes,68
nakachidragon,68
tengzai05,68
jazzyrakk,68
froot_art,68
giovannilol19,68
techymight,68
notteethboy,68
rarvalu,68
vympel,68
pusszone,68
vulpine_corvid,68
zenfetcher,68
newtmoss,68
catsnotart,68
chocopaws2,68
permaclot,68
mellodillo,68
neysheli,68
laonarou,68
ponie666,68
somesnowleopard,68
floofyskydraws,68
fluffytush,68
concosive,68
tiotiored,68
wickedwhiskerz,68
evepoesy,68
capy_b,68
kickingkeldeo,68
tem1tem,68
glampistachio,68
evaacii,68
fabio_pochet,68
po-ju,67
jessica_willard,67
pornthulhu,67
cautioncat,67
amyth,67
bombird,67
chaossabre,67
blackpassion777,67
kuma25-ya,67
eriray076,67
sierraex,67
rainbow_(artist),67
ninjapony,67
mamandil,67
teramegagiga,67
darkflame75,67
fauxsquared,67
makuran,67
oneobese,67
sukarabe,67
adc1309,67
mojacookie,67
minna_sundberg,67
the-rasp-b,67
rabies_t_lagomorph,67
amaterasu_(artist),67
cheshirecatsmile37,67
1trick,67
ralefov,67
nikisupostat,67
zanezandell,67
mr_iddi,67
joeadok,67
evan_stanley,67
silas_blackwing,67
blazingifrit,67
ravensflock,67
taneysha,67
shadowwow,67
alekksandar,67
foxbtails,67
boywiththebrokenhalo,67
kazukoto,67
chickhawk96,67
moofus,67
thegoldensmurf,67
reishuseyu,67
dav-19,67
oneflymagpie,67
whiteleonard,67
furtshi,67
maru_show,67
glury_the_unown,67
urbanmonster,67
hadalmartian,67
romanginzburg,67
kidcub,67
fish-ears,67
kirasunnight,67
ranthfox,67
silverfang725,67
aquariusfox,67
itsmorti,67
creamgag,67
wetwasabi,67
masked-agent,67
krideg,67
fixink,67
neogeokami,67
aquafreeze,67
roostax_wilddog,67
yasuokakitsune,67
syc,67
gigasaddle,67
runapiero00,67
introvertedpooch,67
roughlady,67
zuwardo,67
clovishusky,67
takeshi_kemo,67
hotvr_(artist),67
keidragons,67
yakoalyarin,67
circumjacentity,67
pzf_(artist),67
mfive_(artist),67
paomer,67
ananafruit,67
gottagoblast,67
zenodos,67
pagrynga,67
by_moan,67
toothandclaw,67
matixcs,67
wolftea42,67
roquemapache_(artist),67
yokikana_yk,67
aarondrawsarts,67
kingbriarturtle,67
kompeito,67
elking,67
nicolasthewolf,67
shy_ayu,67
trinitygodag,67
bonelesswolf,67
thessus_(artist),67
beefrequency,67
ashfordkingston,67
sketchy_knight,67
fumonpaw,67
dakoten,67
wanaguma,67
blackreaper_bk201,67
bernie_burr,67
pardusliberty,67
idoraado,67
tuberosekotoki,67
hyenaboi_(artist),67
krona999,67
coffeekit,67
strugglebunny,67
deadair3d,67
mossist,67
commonbleat,67
fantomartz,67
kandovanykocicka,67
dirtymache,67
bayou_beaver,67
spoilla,67
lucky456852,67
dyrmun,67
nastybluepal,67
mootsider,67
yaboiskywardmochi1998,67
balnurk,67
crumbleumble,67
hoc2pus,67
alym_(artist),67
jjoyplus,67
uglyskeleton,67
xofrehpyc,67
chaiteakitten,67
void_dragon216,67
doweljump,67
ruoain,67
zealotdkd,67
roseburst_(artist),67
millkefats,67
deu,67
namu_(artist),67
japansadface,67
jazzaaro,67
cattowsky,67
bulkrolly,67
himo_peter0409,67
canguuro,67
azziearts,67
b00b00keys,67
da_ra_ra_ra,67
keryel,67
ryukinoodle,67
drakei,67
valerayu,67
alphasoup,67
looselou,67
dustyjcircus,67
freetao,67
hornyskull_(artist),67
significantother,67
littlecowgomoo,67
nucr4r,67
yes_xing_mao,67
7thmeta,67
toxoplasmosis_(toxoplasmatinae),67
wilelter,67
foxpudding,67
houndeater,67
nikora_angeli,66
sonderjen,66
konda,66
fishyboner,66
chris_sanders,66
yow,66
misokemo,66
7010,66
profec,66
gb_of_bs,66
fatchaos,66
brindle,66
vahnfox,66
ripper_torsent,66
tsu_ji,66
irregular_fetishes,66
tracy_yardley,66
deejayhan,66
cthulhu666,66
deilan12,66
joh29,66
4n,66
dshou,66
smexyoryx,66
lilshark,66
wot,66
ajvl,66
dean.winchester,66
drnx,66
lockerobster,66
kurube,66
acru_jovian,66
khurje,66
shun1124,66
spectre_z,66
nosen,66
juliojakers,66
subuser,66
owyisensei,66
discrete_turtle,66
thehashbaron,66
isna,66
lessthan3,66
rainihorn,66
lu123,66
area_(artist),66
pangurban91,66
nazimi00,66
fjorge,66
yagi-no-baka,66
revolverwing,66
sanaki,66
mattumby,66
robertfiddler,66
nell_two,66
ekoi1995,66
badday28,66
otherthatguy,66
entsk,66
mcmadmissile,66
tentacless,66
sal-sal,66
pespeso,66
doxhun,66
vikozlav,66
thespicypaprika,66
tavin,66
paintrfiend,66
take_tsugu_roh,66
takatsuki_nato,66
a-wh-b,66
hotchkisstank,66
valentinapaz,66
sexualdoggo,66
papayamist,66
kinakomochi_199,66
ilp0,66
nikujuu_uc,66
drangir,66
gosetsuki,66
poodlewool,66
oldgreg,66
garamando,66
kase,66
skunkbutt_(artist),66
lazybutt_(artist),66
rnarccus,66
rebrokota,66
kirkir,66
panteon013,66
anne_barnetson,66
erthy3d,66
ditoxin,66
skeleito,66
cgu0906,66
buffreyra,66
panda-chan_(artist),66
yanzihko,66
croconut,66
jamkitsune,66
10ne-v,66
kittbites,66
baconatordeluxe,66
oatmegaplus,66
penny_prickles,66
caronte,66
zirilon,66
clauschristmas2,66
lavabath,66
razzle_the_red,66
nohmad,66
goatjeph,66
ffisf,66
azucana,66
bayonet_(artist),66
knives4cats,66
valuthar,66
fenwick_art,66
bubbluechy,66
r3znor_x,66
mawstrife,66
3sdice,66
coloredprinter,66
darkandlife2,66
weelzelu,66
zovos,66
fayrofire,66
tokonuri,66
tartnsfw,66
higgsfigs,66
el_zeta,66
doncogneetoe,66
cj_fauxx~,66
yenvudu,66
nikitayarrow,66
a_stranger12,66
buruthebull,66
luminousdazzle,66
amidasuke,66
chocomint_texa,66
impboyz,66
softimp,66
guaishoudm1,66
buntomo,66
gothicguttz,66
sonaokun2,66
lavtheghost,66
myuruu,66
msc_cat,66
gatojack3,66
filthybunlab,66
lewdamoid,66
bertydraws,66
kato777,66
borzoibeans,66
teymosoo,66
gooeythings,66
jacky-arts,66
timreet,66
zenthecaracal,66
spicynoodle,66
min_furry,66
ferocious_ferals,66
hrelterskrelter,66
100licorice,66
boyofenigma,66
naughty_derg,66
nocneko,66
mmbct01,66
tofffffu,66
vinoveto,66
verbalblade,66
luxartking,66
masik00masik,66
dynabird,66
ghostar656,66
peacespiecesnsfw,66
astralia_(art),66
alice_pisoni,66
alexander_moonflower,66
ezalias,65
harami,65
landingzone,65
haruki,65
rockcandy,65
hizzacked,65
karlo,65
celestialwolfen,65
guppy_(artist),65
silverio,65
wildheit,65
jotunneko,65
sydneysnake,65
vinny_van_yiffy,65
blackmorass,65
bonaxor,65
rikitsu,65
robaato,65
thaman,65
yuumei,65
stereoplair,65
susiebeeca,65
muffinshire,65
aaaa,65
caramelroses,65
zeusralo,65
dori-to,65
ango76,65
mon311,65
iguky-neky,65
punkinillus,65
inuiookawa,65
carat,65
wickedsilly,65
eroberry,65
gardeaalgedo,65
fishypony,65
amezawa_koma,65
perokisu,65
osaki_eru,65
3doss,65
emberkaese,65
mikazuki162,65
niko_(artist),65
zaxstar,65
mellos,65
vaiderman,65
punxsimon,65
galaxyboy,65
jimahn,65
winterbalg,65
mikinyaro,65
tokemaru,65
koriarredondo,65
zixxxous,65
totolove35,65
lobodelamuerte,65
dravening,65
nenerhea,65
mitoro,65
scissorsrunner,65
zziowin,65
tomlad,65
kumotta,65
kunaboto,65
arulouprouge,65
chinchy,65
rampie,65
nayrin,65
bendacriss,65
nezumickey,65
hatter's_lye,65
redtoblack,65
miitara,65
okoge_16,65
killb94_(artist),65
m0000rgn,65
eraanthe,65
eztp,65
theawesomefoxguy,65
chirun,65
omochiwotakusan,65
gokrakstyle,65
daily-incineroar,65
thedeadtimezone,65
ashardy,65
wanko0487,65
shikokubo,65
juandelcoyote.inc,65
marcusunderwood,65
nylonlyon,65
lecerf,65
vera-panthera,65
nicecream,65
liqueurmask,65
tobyou_222,65
pikatiu,65
furiquarter,65
kerbaru,65
imces,65
malawrist,65
shirojackote,65
alshir0,65
3yo4yo5yo,65
oddkao,65
teeterglance,65
silkyfangs,65
myrotiggy,65
twintailssfm,65
socchinn,65
sozoronabi,65
edgeartstation,65
cloudyfurr,65
kounfuyu,65
silverqueen0,65
zeighous,65
hayashi_(artist),65
derekdragon,65
rasik,65
mozes.ipg,65
gumiboie,65
gundanw,65
zeckle,65
lawnmower333,65
kestenan_(artist),65
jamejarrs,65
blackstarv,65
mirashefreak03,65
sidruni,65
twelve_steps,65
akrodraws,65
syforg,65
levidos,65
geeswest,65
sv3n,65
lewd_bunnie,65
2yakitori2,65
yokogami,65
curious_boi,65
ugly_tortilla,65
swolptr,65
tadaoardo,65
3apa3a,65
vitzeal,65
aggr.mor,65
seasonalfungi,65
red8ean,65
parura_lew_(artist),65
pustcat_vanie,65
bored_draggy18,65
rondonite,65
whitewo1f,65
nilemonitor,65
6eyesandhooves,65
graviidy,65
sachiko2s,65
hitsujigoods,65
gayletrotter,65
arzy_parzy,65
poofythedragon,65
ghosty_cult,65
gomifox,65
kimoiworkshop,65
kitkiy,65
keyboard_warlord,65
theslutyfox,65
roksodraws,65
vulpinepanther,65
kinkaxa,65
sodawave_(artist),65
fluffy_hinu,65
cocoinepony,65
oxart,65
flomarcy,65
u4e,65
freakwithatag,65
sstoh,65
mironack,65
dense_ink,65
caine_latrans_(artist),65
kawaakumma,65
skye_cloud,65
buddycanary,65
cuttlehonk,65
panpy_draws,65
duckaphion,65
stardustspears,65
unskilledude535,65
touboutenshi,65
foxify,65
carbanogg,65
purplecider,65
macamacrez,65
lokion,65
brohnka,65
zegzagun,65
locksnurf,65
plumflavor,65
impaer_jaster,65
bonnie_guerra,65
salem_revenant,65
sepulturegirl,65
tuvandalist,65
kitora,64
neoneon,64
seskata,64
ultrafox,64
miga,64
syukouakanaru,64
yuki-chi,64
demeterservant,64
kaa_bakensobek,64
zephery_hughes,64
nion,64
plain_white,64
aquadragon35,64
foxia,64
notama,64
dark_clefita,64
spaceweasel2306,64
finalroar,64
sirachanotsauce,64
punisa,64
katida,64
thedirtymonkey,64
hewhoerasesmost,64
quirachen,64
evil-dec0y,64
mysterious_mew,64
sd_(artist),64
suumunster,64
brekkist,64
deathlight,64
justinfox,64
wooxx,64
grandmasterfdc,64
isatan,64
frenchdog,64
vixx,64
dawntrotter,64
fates,64
cosmicvanellope,64
liebeslied,64
mrscrambled,64
wolfscar2810,64
puuzo,64
toothpasta,64
sweetpupperoo,64
espent,64
syrup_(artist),64
arcticfrigidfrostfox,64
jiffic,64
omoi,64
maiofu,64
packge,64
devore,64
xinaelle,64
haifisch_ehrlich,64
blackguard,64
znhc,64
evgenydion,64
drakkin,64
pokyuii,64
poisoned_(artist),64
darkpatito,64
mavezar,64
avantaberrant,64
home-cooking,64
jackheretherealone,64
luminyu,64
abruptus,64
killian_joy,64
einnharder,64
ayuukuro,64
nat_the_lich,64
raytig12,64
pawpadpup,64
relax_lion,64
goliathcpg,64
bakudanarare,64
dividedwreck,64
rubiont-47,64
dekatanu,64
vincethetiger,64
shigehisa_nakaue,64
tjin_(artist),64
sprucethedeer,64
kurtvaliant,64
nanodeath,64
smuppetfan69,64
lullaby_of_the_lost,64
bennycartoonist,64
7oy7iger,64
choecoga,64
kwzu,64
pyro_enthusiast,64
ijpalette-color,64
lox_(artist),64
teknomekanoid,64
mafty_(artist),64
pawssfm,64
inksgirls,64
phol,64
wellbredkitsune,64
sushiiifx,64
ravirr,64
shack_(artist),64
thediyemi,64
solahr,64
meltgar,64
holo_doks,64
gibly,64
spookyboi,64
elie-s_den,64
alaynakgray,64
fairycatcreation,64
noodletheartist,64
noarustar,64
relarity,64
seaweed_toast,64
langjingshen,64
yurai,64
bootyjam,64
justshu,64
softschwarz,64
uenii,64
simonsbathtub,64
amfy,64
imkn_626,64
merengue_z,64
ohlordyit'sjordie,64
artariem,64
makar-ro,64
rasmussen891,64
potachi,64
the3dmilf,64
zalbox34,64
katiedragonart,64
humukeaka1,64
nappywolf,64
caydedraws,64
kofu_grizzly_chubby,64
olozva,64
speccychicken,64
adumbkobold,64
valerie_halla,64
toni_oni,64
nosugarnohoney,64
echochamber,64
yhorey_san,64
1mitator,64
lilmeowmeow_senpai,64
slimewendigo,64
zynda_ae_(artist),64
bedtime_buck,64
shishibro,64
xiaoyee_moon,64
shebunu,64
a_guy_somewhere,64
frenchybaguette,64
aramis-savra,64
fleesoff,64
timothy_furry,64
miniscule_(minisculeiscool),64
cowcollar,64
horseonvhs,64
belgefor,64
ybkathan,64
l3landbunny7,64
bunsandnoble,64
delphyarts,64
kabarga,64
l3nkart,64
derppydog,64
hypnotic_haze_(artist),64
snarrl,64
hyginx,64
dumodemo,64
dumetummy69,64
ayannzer,64
killmite,64
cozygrey,64
sodacrumble,64
skrivhatoro,64
toddjackjuster,64
sketchingerrror,64
kultist,64
joalmidon,64
raccoattack,64
jaeger3d,64
dalus,63
incendax,63
chana,63
nai-chan,63
dragon-chan,63
alyn_gryphon,63
denike,63
mess1ah,63
suruga,63
michael_caddell,63
noe_barreiro,63
silkysworld,63
aquabunny,63
demon_royal,63
doc_icenogle,63
greatwuff,63
eura,63
fallinnight,63
semiotica,63
daria_arbuz,63
pina,63
thejinxess,63
frindle,63
ib,63
rb,63
dontbeazombie,63
silversketch,63
opblaaskrokodil,63
zat,63
gepredators,63
nelsonnoir,63
ashsky,63
sirtroglodon,63
midsummernightsdream,63
tharakaos,63
okawari_jiyuu,63
mochizuki_tooya,63
emeraldwing,63
dogg,63
yaoimeowmaster,63
nini_(artist),63
nook-lom,63
soliscanis,63
rockyhardwood,63
ahmes,63
blinkpen,63
inkmaven,63
fenix31_(artist),63
kingdomxathers,63
nobody_(artist),63
artbymadara,63
korafuro,63
akuma_tlt,63
efudek,63
jacqal,63
monochromepup,63
tiberius_creations,63
snowberry,63
jellyfishjulep,63
cakeinferno,63
sovaka,63
berrywoof,63
kinkmasternero,63
minya,63
dorak_(artist),63
hecatefroz,63
flufflix,63
kirillk,63
dragonlordfluffyxd,63
kunaru,63
kastmi,63
kabalca,63
wia,63
lumixdragonfey_(artist),63
kebchach,63
huntressgammerz,63
lifejoyart,63
clarabellecrow,63
panthera7uncia,63
bdone,63
fetishsketches,63
hsp,63
aussiecuno,63
cottongryph,63
mrbroomstic_(artist),63
asekeu,63
izzybsides,63
fiddagracepaws_(artist),63
mirtash,63
gamera_(artist),63
justsantiago,63
lanwin,63
madkuzya,63
goddamnitrobin,63
wilsondlmb,63
ringstudios,63
fuddyblog,63
deepspacebug,63
wyverness,63
apache_(artist),63
banzai.puppy,63
nirsiera,63
wallyswildride,63
liuoie2,63
drememoto,63
whooperscooper,63
radioactivemint,63
garuganofu,63
rinthalox,63
nendo,63
velkiel_(artist),63
jones_boi,63
vaalgarth,63
temtem_lover,63
blauehexe,63
issilora_(artist),63
vainovalkea,63
bo4a,63
talvitwister,63
harsh-mallowz,63
yaravik,63
suda,63
lipecachorrinho,63
narwhal_iv,63
ajmarekart,63
maiyabuhantang,63
raccoon24,63
totatetta,63
madjoker,63
nanks_(artist),63
zeke_dile,63
led_owo,63
mr.guinea_pig,63
rudolph_trnd,63
cas_van_de_pol,63
ray_raider,63
hugh_craig,63
steve_jones,63
moyoki,63
cyanbluric,63
hzfow,63
chuuta_(pixiv),63
that1guy,63
mobzylewd,63
tyler_3d_(artist),63
rozgi,63
bluewoman,63
stuckupslut,63
sleepingwoolf,63
bragotiger,63
nurirast,63
ornateraven,63
kinozel,63
astrum_(artist),63
calima,63
yeehawt0wn,63
clovergame0,63
liltelltails,63
wolfwireless,63
ruionrollers,63
worldeaterart,63
tomo_(tmtm_mf_mf),63
puppynsfw,63
mxquill_(artist),63
voctopie,63
karouart,63
guydude01,63
mayo_(artist),63
anstingdude,63
the_line_goat,63
farrythedragon,63
ohmygoditguppy,63
overlord_gabriel,63
ruby_panda_(artist),63
tsukipaw,63
hexkates,63
fnafgamern,63
t3ns3n,63
ghostgallora,63
oni_senpai_art,63
timberdonk,63
commonguard,63
mrgenoraven,63
paccha_(artist),63
smellslikejavier,63
catrash,63
sachsech205,63
grimeire,63
evolucifer,63
paprikablend,63
recorder_(artist),63
lagartixamesmo,63
obsuniq,63
thiccomode,63
guayodraws,63
emmyliquid,63
bootleganime,63
hydro678,63
olly_moss,63
coolbug,63
fox_the_hyena,63
drayyko,63
yaramoshi_satoshi,63
woodhouse3d,63
vammatar,63
9live,63
magnum_mk,63
wolfgirl9million,63
rakurawr,63
nitrogen,62
mayra_boyle,62
tincrash,62
kourourin,62
yuski,62
shenanigan,62
ryukyur,62
mr_happy,62
kobraa,62
harusupu,62
coochan,62
mousetache,62
zephir,62
bato_the_cyborg,62
whitediamonds,62
rienkarrot,62
candykittycat,62
nekozneko,62
volatus,62
ruhje,62
thispornguy,62
intest,62
gegegenomin,62
madness_demon,62
yourfur,62
subject_(artist),62
mennsuke,62
lui-ra,62
fannfare,62
tartaurus,62
dukebarbatos,62
redfoxsoul,62
pranky,62
ltr300,62
afterglow_ampharos,62
pixel-butts,62
cutiepoppony,62
raota,62
h_futako,62
loque,62
hittoga,62
weketa,62
revolver64,62
questzer,62
silversimba01,62
zelen,62
mrflaptastic,62
longging,62
daletfours,62
jagal,62
arofexdracona,62
gray.wolf,62
kodacine,62
fluffyroko,62
scribs03,62
hecking,62
josephtl,62
bodbloat,62
bakufu,62
saeki_makai,62
kappax,62
kinoko.kemono,62
te4moon_(artist),62
bearp_(artist),62
thelordoflemonz,62
charly-sparks,62
f-euphrates,62
lewdango,62
plushkinn,62
koalcleaver,62
teratophilia_(artist),62
countmoxi,62
kitket,62
pinchibird,62
mabaya,62
captain_molasses,62
yev-san,62
3033,62
inakamichi,62
kainkout,62
thebarabandit,62
red3engine,62
floverale-hellewen,62
newtype_hero,62
noodlerain,62
shima_laqi,62
kaitoharo99,62
monochrome_kg,62
mrlusty,62
just_app1e,62
affablesinger6,62
meg_megalodon,62
pavlu6ka,62
twopapers,62
pegu2726,62
animalcells,62
wispytuft,62
scottforester17,62
mikeyex,62
frankescobarx,62
sonigiraldo,62
yacteruc1,62
aarenki,62
amper,62
verysoft,62
mennnntaiko,62
rrrs,62
disabledfetus,62
parumpee,62
tsuraipossum,62
gram_berserkr,62
marcus_larry,62
juo1,62
theok_arts,62
darkpainartt,62
jollyferret,62
cherry_blossom_kid,62
pintino,62
nubruki_(artist),62
marbola,62
waackery,62
skipperz,62
frozarcold,62
madnevil,62
gumpang0,62
4rurui,62
bertyborts,62
gomdepp,62
ctrl-atl-replace7888,62
poper,62
infernaltee,62
yipthecoyotepup,62
wronglayer,62
dasinbun,62
bei_ju_luoxuan_wan,62
ruberoidart,62
drakaar,62
2000mitrasi,62
roboto_(artist),62
ykun,62
kuroi_kamome,62
magicalfurry,62
razigator,62
otterlythicc,62
jake_the_traveler,62
archxuna,62
igarashi_ta,62
vlad-lox,62
secretdwagon,62
zeroviks,62
shuphle,62
sande_(pixiv),62
astor_the_peacock,62
ebino_senaka,62
jared_dillon,62
nitarustarium,62
doodling_selkie,62
nomorhor,62
sappucaio,62
chompingbit,62
diaxis,62
ojisan_mopy,62
fycroh,62
nameigo,62
elcee_rod,62
akat/starfox,62
luminous_slime,62
fossfurus,62
lazyisopod,62
babyaren,62
salamanding,62
lill_esp,62
tofuuu,62
stillelk62,62
elmer_galarga,62
tagonkrat,62
sinarts,62
felinehexes,62
smitty34,62
hornedupbuck,62
kbh_kazuhisa,62
apollo_hart,62
falni,62
minusdanna,62
mistystar,62
mamasoyanini,62
pukijr,62
panda_omutsu,62
venom_melon,62
maoegou,62
endr404,62
volatilemask,62
kazhijun,62
taesponja,62
reiki_arts,62
lord_sarloc,62
juniperbean,62
theshadowsshelf,62
zacharysmith,62
perpetuate303,62
strange-selki,62
cherryterror,62
dynotaku,61
jazzwolf,61
crypticfigurines,61
apostle,61
mikoyan,61
phantom_inker,61
kp-yoshi,61
xids,61
abanob,61
zoy,61
shadowfenris,61
rancid,61
salkafar,61
474,61
proserpine,61
bokuman,61
thegalen,61
nisharu,61
fluffins,61
fullytank,61
ctog,61
loceri,61
dreamweaver4121,61
sillyme,61
adagadeprata,61
kaspersa,61
bri-sta,61
bluemaster,61
sasukex125,61
astrozerk,61
furcollector,61
vertex,61
coltsteelstallion,61
headingsouth,61
clownboy1,61
threeworlds,61
snugundies,61
miharushoka,61
amata,61
gear_(artist),61
kaceuth,61
fureffect,61
ryou_tani,61
bakap,61
burstfire,61
furii,61
thrasian,61
mewscaper,61
crocface,61
r4,61
tamura_kazumasa,61
ndnode,61
grosspotoo,61
kotobuki529,61
mlice,61
scarecorrode,61
tatugon,61
celebrated_earl,61
hym_(artist),61
mattythemouse,61
9de-light6,61
ky-jane,61
isomaru,61
darkoverord,61
kirena-kaya,61
chumpy,61
goodbadartist,61
fairytalesartist,61
gerpuppy,61
goozie,61
box-cat,61
lockheedskunk,61
derthevaporeon,61
aloejuice0917,61
maneframe,61
avionscreator,61
xxmileikaivanaxx_(artist),61
jugend,61
nyusu_ut,61
joaobear,61
franciscassidy,61
tellico,61
ryujisama,61
krokodos,61
lelnopem8,61
lexorez,61
skarltano,61
redbright_(artist),61
flyttic,61
flashequestria,61
yerbabuena,61
deanka,61
de2w,61
6xiachunqiu7,61
smpthehedgehog,61
whiskeypanda,61
greninjazz,61
flauschdraws,61
riffraff666,61
silentjay,61
tobikara3,61
banicsidy,61
divine_wine,61
redlynx369,61
justautumn,61
kracker,61
parker_simmons,61
gr1m_1,61
zaunis,61
ahcocqui,61
shimm,61
5groo5,61
dewstar_(artist),61
hibris,61
scrapcorcist,61
ottmutt,61
unfinishedheckery,61
noctnoc,61
pochizizi,61
tenmathemaiden,61
kooni,61
kaishi_brek,61
krakenkatz,61
bencs,61
dragonsnakeowo,61
draftgon,61
hostile-elf,61
kuma-arts,61
kuro_kemo28,61
artofmander,61
snazzamazing,61
arssyarts,61
megi,61
underground_(artist),61
capra_goofus,61
loafsfm,61
bug_thief,61
ameth18,61
volcha,61
lentocn,61
luhrak,61
kamabokobun,61
khanyvor,61
milkboners,61
maxim_theos,61
snaphappy,61
coelhinha_artes,61
la_pockis,61
drawing_sofa,61
bootywithabolt,61
demura,61
kiwanoni,61
pticelov,61
therot0,61
bebatch,61
lazy-a-ile,61
mistrct,61
karie,61
grimsvault,61
simplybobcat,61
furvilous,61
poegryn,61
biggslorp,61
dariusaurelius,61
pengi_nsfw,61
lerasmel,61
aman_(weibo),61
chazzychanz,61
spellsx,61
zr_furious,61
kawahagimizuki,61
icey_(artist),61
zorgy,61
nottanj,61
kcstando,61
woemutt,61
cassthesquid,61
chonzo,61
serpent_x,61
disastercat,61
feelingfun,61
foxdee_foxtail,61
pholewd,61
kiwifizz,61
admiralgus1897,61
thorny_gremlin,61
yawar,61
cuihongshi,61
foxwiththesocks,61
chonkymouse,61
voidsdroids,61
ankhwav,61
querq,61
undifinder,61
cheetoeater,61
bbear,61
lumia_the_merchant,61
hogara,61
crock2121,61
latexkaktus,61
kaminokefusa,61
rick_lewd,61
turkenshtane228,61
nikeshka,61
aquinas_audax,61
patatero69,61
tambangwoof,61
cocri,61
dayohiko,61
auzzipup,61
rammygoldfinch,61
fentirsa9,61
birbobuzzle,61
riro_ryder,61
fdaapprovedbeef,61
fungirussy,61
the_cartoon_love,61
8bit_familiar,61
fizzykity,61
galax_vr,61
mlp118edit,61
wheatleyy,61
mrpunkmorph,61
mirandaths,61
stormrayneart,61
winterdabeast,61
looweezah,61
viat_on,61
znone55,61
tehcreechibi,61
khemmmis,61
lexi_collins,61
blackburn,60
kierstal,60
genzoman,60
endenden,60
gs-fox,60
the_furfather,60
naginata_katsurino,60
mbt,60
colormeviolet,60
glenskunk,60
subjectnumber2394,60
felox08,60
sueanoi,60
zapa,60
cymek,60
20pixels,60
lates,60
ladygreer,60
tartare,60
zokkili,60
slitherpon,60
chi-iz,60
yaoi-no-mikan,60
deroichi,60
virushunter,60
acornart,60
topony,60
miyao_yu,60
secoh2000,60
sexy_doll,60
vallshad,60
io8044,60
skaiahart,60
zxc,60
val-cat,60
noodle-lu,60
monsterdongles,60
seirei,60
gettingeggywithit,60
tooners,60
mukitsune,60
kenjiii,60
buttdawg,60
rosetti,60
musso,60
kemonokoko,60
sharemyshipment,60
rasenxoru,60
spacefur,60
thekatdragon49,60
girokemo,60
mastr7up,60
booohira,60
gamukami,60
star_parlor,60
q-nik,60
soranoiro_(artist),60
torionion,60
fan_no_hitori,60
princecoffeecakes,60
razter,60
pigburger,60
naruka,60
maruyama_(artist),60
eu03,60
coldesthands,60
hazelmere,60
kyu-maru,60
amekomi_lover,60
ohu,60
kutekittykatt,60
gav,60
hattsy,60
logan_sato,60
tiger_cub,60
1md3f4ul7,60
ohemo,60
mythrica,60
shinyillusionz,60
sketchyboi08,60
arcanethewoof,60
velcro74656,60
dahbastard,60
djako_hyena,60
akferal,60
moyashi,60
velvetomo,60
49ersrule07,60
2d10,60
dragonboy618,60
thepandobo,60
omo_kemo,60
monocerus,60
cafin,60
noxfurybox,60
velocirection,60
mandu_kuma,60
purmoral,60
toonsexual,60
sorenstar,60
bitassembly,60
zock_feather,60
chinchilla3333,60
yutmutt,60
tiredfizz,60
basil9,60
dymitr3,60
caprice_art,60
mikelocesterlanders,60
all-starwarriors,60
sotcho,60
wufrick,60
novalynxa,60
awintermoose,60
parabellumpony,60
articaartes,60
kinkivas,60
bcm13,60
mocheccino,60
registereduser,60
detectivecoon,60
oddertheotter,60
thb886,60
amberdrop,60
furfurric,60
0611_shokun,60
asakitty,60
wolfdan86,60
stevlong,60
torartlol,60
geuremon,60
sauce-guy,60
creamedpufff,60
ajdrawsnice,60
artdumpofeeeee,60
aggressykhressy,60
orca24a,60
bluescr33m,60
lewdssonk,60
deadlocked,60
tiama,60
lucareelo,60
xabelha,60
spanklet,60
dry_skeleton,60
bunnysuitconman,60
rottenheart10,60
fuzzo,60
spicymeat,60
blandy_(artist),60
papermoonqueen,60
mrjosh47,60
lakryu,60
stefano_d'angelo,60
d0ncassidy,60
jagshiro,60
luce_bontemps,60
hgythshs,60
asteriusfongrif,60
fanterfane,60
mrblack_eye2,60
peppergecko72,60
howzit_toyah,60
crowdi,60
grossy_vulpen,60
denilsexo,60
viurrr,60
pariahpuppy,60
cornus,60
weebmochi69,60
fluffyyutyrannus,60
sheor,60
re1akko,60
asscaster,60
crow-bone,60
selem997,60
koredex,60
nexxiethejester,60
jauntyweb,60
yun_bino,60
sqwek,60
binkybnuuy,60
caesarmeow,60
lustfuldemon,60
dewebu,60
barbouille_pierre,60
billy_bo,60
leafeon0927,60
scrublust,60
sayuraa,60
torito_moo,60
toastyboi,60
fetish-art_(artist),60
giacomo_boni,60
zaw,60
mrferaldd,60
xolotl_59,60
genosladart,60
blujie,60
punipuniii,60
scott_ruggels,59
steve_martin,59
sookta,59
whitefenrril,59
timberwolfmax,59
reddragon,59
kururi_itachi,59
fenrirwolfen,59
alloyrabbit,59
hairtuss,59
tryst_entangled,59
rath_raholand,59
tsuki_wani,59
haska,59
sharpy,59
sandy_schreiber,59
isteltheblue,59
jakthedrox,59
ricter,59
starbat,59
raiettei_(artist),59
shazzi,59
hanmonster,59
obsidianlit,59
yoh-sl,59
aosion,59
nivrozs,59
akuann,59
whinge,59
dusty-pixels,59
askfrosty,59
volamont,59
leokitsune,59
birdcheese,59
ziats,59
mikiron,59
usagiwithglasses,59
pon3splash,59
xxmidknightxx,59
tastytales,59
yanamosuda,59
ropnolc,59
shipo_aki,59
nsfwshamecave,59
valavari,59
yukomaussi,59
emoster,59
krolik,59
friisans,59
zodiac-z2,59
pvtscott,59
weegeen8or1337,59
hidewolff,59
novaberry,59
deathlyfurry,59
iris-icecry,59
ormtunge,59
alexw95,59
crimsonhysteria,59
cabrony,59
justis,59
mochiri,59
noodlewd,59
elisawind,59
soendapuss,59
chubchow,59
catfistingparty_(artist),59
calazotauvu,59
youzora_samo18,59
piippujalka,59
cristalavi,59
rorero,59
catsikune,59
lynxwolf,59
nzuuure,59
artesderatzyu,59
frankuwu,59
wysdrem,59
otsu,59
merunmohu,59
circa,59
pawgyle,59
kennythebobcat,59
rdroid,59
ongi,59
flowerfondler,59
kehushka,59
charlystone,59
toastii,59
ssurface3d,59
chikorita_moon,59
spurr,59
tubswubadubs,59
mulberrytarthorse,59
okrizo831,59
sarybomb,59
squiderdoodle,59
ashtonsparx_(artist),59
u_lu_lu,59
dirtyt's,59
spottedp_anda0046,59
rinkae,59
tengridus,59
shinki_(artist),59
ao_(pixiv_145813),59
luxiger,59
megaomega,59
bitesize_art,59
thr33y3dg0at,59
sspore,59
doc.b,59
doctor_ark,59
barnikan,59
ollicantskate,59
zerohours,59
shikyotis,59
simon_7617118,59
castitas,59
rockeythelombax,59
lobi_top,59
nibe.a,59
alexalaz,59
burgerpocalypse,59
nekowyn,59
spoophoop,59
whit3salmon_23,59
rollerlane,59
honi_do,59
buutymon,59
wispsings,59
fuusenroba,59
zzinhimsum,59
jseph,59
mono_ka_tarl,59
othoxon,59
spoopy-abby,59
bananagaari,59
liltaiga4,59
tally_nihil_(artist),59
avastra,59
santiagomt,59
darkyapper,59
peppermintwolf,59
axy_usagi,59
shine_ali,59
crunkerton,59
velociraporn,59
yannirosegold,59
mr.gayle,59
thael,59
momoskinks,59
tyogebou,59
loah_wunny,59
izanagi_creations,59
yuuko891,59
art.eje,59
prehistoric_predation,59
ryanburr,59
mourn_the_buck,59
konozawa,59
kyoriichi,59
the_tao_swordsman,59
araywo,59
v-olk,59
lamty8,59
kochinsfw,59
gaster77,59
hornamoo,59
replicant_skrunkle,59
merrivius,59
ireallyliketanks,59
smollco,59
cyberface,59
strongmoist,59
nicksfm,59
pie_1710,59
chunkiroll_(artist),59
mrraboot,59
sneplord,59
carniviousduck,59
nohunuh,59
mathc0re,59
purtropos,59
jaymisc,59
kayo_kz,59
phifo_(artist),59
mr_nellory,59
cracklewink,59
jellypeenoddities,59
peakon,59
atomicsopp_sfm,59
newzorra,59
sosak0622,59
minostofes,59
diego_mejia,59
nathyness,59
sethwijez,59
bell_crd,59
mhc-perchub,59
egg_concept,59
doctorlux,59
adriangcornejo,59
kurimo_jinguy,59
pelnsfw,59
sme4,59
sxckbug,59
smort_bee,59
aolieloong,59
rinkoree,59
drakkie,59
moxiplap,59
porkingmane,59
lovecutv,59
crybringer,58
aramet,58
chiro_ookami,58
kosmikophobia,58
reo_grand,58
yamiikarus,58
dazen_cobalt,58
jason_chan,58
gammachaos,58
tiaamaito,58
eyecandy,58
ryoken,58
ulos12,58
yonezmi,58
baaleze,58
ten_nekosupi,58
maikeru,58
opium5,58
ryuu1ch1,58
hybridprojectalpha,58
kawa-v,58
blackcat,58
n2o,58
kemonokun,58
grriva,58
billybaphomet,58
sasq,58
fableiii,58
skinbark,58
swanlullaby,58
etchpony,58
zeitzbach,58
punipaws,58
jezzel,58
seaside_(artist),58
moisture_(chichi),58
lumpsofcole,58
kiro-kat,58
ura,58
rainbow-flyer,58
cooltime-fooltime,58
priincessu,58
theviktor,58
tessy,58
fumio936,58
taga,58
loneless-art,58
neonlink,58
gunpowdergreentea,58
borushi,58
m-da_s-tarou,58
badrainbow,58
xsrwe12,58
nomidot,58
kodaac,58
boxtop,58
foxlett,58
sometimessmuthappens,58
chiji,58
kaotikjuju,58
deadro,58
phantomx999,58
zirius,58
kit-bash,58
jazcabungcal,58
shaneinvasion,58
jumajumi25d,58
kungfufreak07,58
hushabyevalley,58
motsuko8,58
arvie,58
tenuousoddity,58
an_ancient,58
chinchira_(pixiv13404505),58
animeclipart,58
tayun_x2,58
reedflower,58
atendedordeboludos,58
ibero,58
draco-canine,58
rougetenjoname,58
stallionslaughter,58
evil_anaunara,58
xupo,58
acah_orange,58
xx-junglebeatz-xx,58
hadronighini,58
jojo218,58
sirbossy1,58
chaosangeldesu,58
aternoir,58
pk_dragon_(artist),58
melieconiek,58
cutepencilcase,58
ulven-f,58
makydeli_(artist),58
isi,58
annetpeas,58
lufty,58
halvid9508,58
akiione,58
samodora1030,58
kumaneko,58
o.z.y.,58
horizon-fucker,58
richirichi,58
lionmom,58
tudduls,58
gmarrascapache,58
kadith,58
alex-dep-998,58
naiterion,58
emperorneuro,58
zhibita,58
blueblaze95,58
ragnadope,58
khaba024,58
matidramon,58
azzydrawsstuff,58
kangwolf,58
inutsukihasukii,58
koa_wolf,58
damageisreally,58
mucdraco,58
bluevanilla_(artist),58
tylwing,58
moronileon,58
litchie_d,58
thelordp_chan,58
cartoonwolf,58
tuikinito,58
candyxxxcorpse,58
lubanart,58
xamz,58
butterfliess,58
legswithsnake,58
shibadoodles,58
barkfur_(artist),58
doregami,58
not_denko,58
tachidomatte,58
shmny,58
hikoero777,58
palmerita_uwuy,58
nanozapz,58
alpog21_(artist),58
agidyne,58
umekemo42,58
mishiranui-san,58
goth_spitter,58
kaysa,58
sugarblight,58
nuitt,58
nihaku,58
letter_route,58
fluffybunz,58
butter_sugoi,58
silenttandem,58
marcyandmathy,58
sonicboom30813,58
hagalazd,58
emiwcat,58
zilikslider,58
zebunnyparadise,58
kirichiiii,58
randy_d_raccoon,58
mx_ragam,58
justablank,58
fieryashy,58
skunkstench,58
agrixxx,58
bump_attack,58
sillygoose,58
kemoniku120,58
imgloka,58
yaboo,58
thanie,58
annietaylor,58
zinthings,58
vv2609,58
munneh,58
art_uza,58
wozzu1,58
jaskitohura,58
aitch,58
hangyakuneko,58
yece,58
kolsan,58
kudai,58
bbo,58
dein-schatten,58
theorangepumpkin,58
bee-unit,58
xxwolf_buttxx,58
ishitaka_uwu,58
darkforestt,58
kanrix,58
devluca17,58
dollylolly,58
supersquishy,58
jayme_universe,58
vivzlover,58
artlex,58
snachsugar,58
ghostec,58
matrices_(artist),58
sub20211115,58
white-dragon,58
inschaal,58
nineplusten,58
overunder,58
pekkorekko,58
1p3p3nis,58
filthivore,58
bloodhound_omega,57
mab,57
bucky_boy,57
greyofpta,57
sirfox,57
moriguru,57
route9,57
dharken,57
pikuna,57
torisan,57
rimestar,57
taski,57
nolaf,57
the_neopets_team,57
takipsilim,57
rei98,57
kinoko,57
sefuart,57
blackdragon-sama,57
devanstar,57
tinkerbomb,57
craymin,57
unknown_colorist,57
lilaira,57
sco0t,57
lemonscent,57
jakkal,57
dj-black-n-white,57
leadhooves,57
zoomerboomerz,57
dream_breaker,57
snowyzi,57
kotenokgaff,57
iados,57
tobicakes,57
kakuheiki,57
thefemininesangheili,57
foxpawmcfly,57
johnbrain93,57
a_inc,57
punipuri,57
wingedwolf94,57
ramzi,57
lanoya_(artist),57
elsera,57
rubbermage,57
arvo92,57
extra-vertebrae,57
chromatophore,57
r-z,57
daclusia,57
xkax,57
naughtybigdog,57
sealguy,57
noet,57
spork321,57
wunderknodel,57
diavololo,57
dgfox,57
zwijgen,57
noko_ume,57
nibinoylin,57
aquaticas,57
franschesco_(artist),57
crashwolf,57
volp3,57
starberyl,57
liminalbean,57
nemesia/haineko,57
diamonds_(artist),57
whiteraff,57
lumihanta,57
supersegasonicss,57
nocimon,57
helloanonmyoldfriend,57
purpledragonrei,57
anakitsune,57
crrispy_shark,57
bluespice,57
aspeneyes,57
darkwufflez,57
standby,57
matainfancias,57
lockjawsfm,57
dirtywater,57
gomerz22,57
smokey_the_menish,57
blushbaker,57
aedbc,57
rhewlif,57
triplesevens_(artist),57
takakei1,57
yenchey,57
dttart,57
tori2tea,57
nocure21o,57
kemoizumi,57
nele_chung,57
campfire_donut,57
ppmp,57
pokenerd8,57
sleepy_sealion,57
brisky~,57
retro_future,57
mauve_(artist),57
dergorb,57
yukusasu,57
theking_salt,57
lunatic_pangolin,57
reydzi,57
hidane,57
aaron_schmit,57
krapinka,57
catn1p,57
biotari,57
frozentrovador,57
komolord,57
virexialislight,57
julunis14,57
crinklemouse,57
sulfur_snail_(artist),57
jorts_(artist),57
nekodon_san,57
wdkinc,57
kikiluv,57
verkele,57
strawbearer,57
gerovort,57
yuumin148,57
deltadrawz,57
olenchik,57
slippdipp,57
selinaeagle,57
xelsword,57
movd,57
sacorxi,57
yuhbuh,57
dez-fm,57
burstingseas,57
etivka,57
raferafe,57
whitebats,57
chisara,57
kumadasi,57
goobone,57
blackheart_xi,57
skylordlysander,57
sush1d0g3,57
paradoxinhead,57
kagekave,57
barutan,57
fancy_foxx_(artist),57
zephyrgales,57
hnav,57
luisdawolf,57
drugolld,57
mrincred,57
hyenalattes,57
flat_triangles,57
tetragon,57
kapetoelo,57
kingjnar,57
eljelicsnsfw,57
clouwly,57
gixar,57
polarfoxpat,57
kumedaira,57
3loy,57
peeppepi,57
runicnature,57
pickynickit,57
reenub,57
fauna_island,57
agal1502,57
amypast_(artist),57
asdwefr5508058,57
higanbana_zero,57
blueseamoon,57
lemonadepikachu,57
chamma_retsuden,57
strahinium,57
lausig,57
michwolfestein,57
kyubicat,57
kinipshun,57
limetentacle,57
makutatsuki,57
sweet_whiskas,57
nouvaera,57
awarz,57
gaypaw,57
bladetiger,57
vancanto,57
belty42,57
crism200_(artist),57
aardwolfz,57
psaik4,57
arizone,57
bootyfeather,57
martyjade23,57
rory_arctic_fox,57
exzamiel,57
fuseadrift,57
anoraknr,57
senordraws,57
vahlyance,57
shweetmagnet,57
lofinebulae,57
wastepaw,57
vyarwolf,57
mexisabine,57
doomchik,57
kurarifox,57
grozza,57
lewdview,57
ae_9_9_9,57
aph_(artist),57
seryfoxx,57
maxnoward,57
froggsalt,57
kiumba_(artist),57
prettyparty,57
yuezai_1,57
cugaculoproductions,57
monochromanis,57
zarjhan_mary,57
dvdshka,57
oxtra,57
cloudweaver_(artist),57
bruno_borker,57
hornyicakes,57
mrazel,57
2001maxx,57
kitune1tu,57
cajunfoxnight,57
giahryan,57
nyanfurry,57
manroru,57
fiwzycat!,57
piyolondres,57
witchpanda,57
oddscreen,57
wizard1997,57
mofu_guys,57
lokaner,57
flamigoat,57
tokeki,56
kharnak,56
arsemaus,56
cinnamonhunter,56
suchi,56
greenhand,56
jikylio,56
isil,56
poland_(artist),56
holydust,56
tlk92024,56
nick300,56
sketchkat,56
kkatman,56
syrae-universe,56
myoti,56
nama,56
speed_(artist),56
pirate-cashoo,56
wolfespada,56
onigrift,56
kymsnowman,56
tehstupidbug,56
infinityplus1,56
yata,56
fc32,56
333456,56
pacmancorp,56
sentientsocks,56
edowaado,56
asdfasfasda,56
dwalker,56
skittleytwix,56
pokuytred,56
regentshaw,56
vulpessentia,56
kurokawasudou,56
sion_(artist),56
korurun,56
ahro,56
snowlik3,56
thunt,56
stallorde,56
1jaz,56
tailverknk,56
formal_gentleman,56
kamui_(artist),56
garbledina,56
disembowell_(artist),56
mimi-fox,56
neon_noble,56
saberjackal,56
n0nd3scr1pt,56
ryelletibun,56
kit-ray-live,56
teta,56
holt5,56
dinogoat,56
extremexworld,56
mrponeswildride,56
nacchan96,56
sweetlemondragon,56
frigadae,56
truedevirish,56
angrylittlerodent,56
xscar10,56
milkexplorer,56
boredomwithfriends,56
i_ship_it_real_hard,56
dai.dai,56
theyamori,56
mizz-britt,56
ruka_(artist),56
gamibri,56
regal-bowser,56
dogihotdogi,56
seecle,56
solosandwich,56
blanagami,56
inkersod,56
teasfox,56
gogarty,56
alecrc,56
zereno,56
franset,56
taiko-sihori,56
mtapartstuff,56
masuyama_ryou,56
mistyrdis,56
xxsnake_spiderxx,56
chocolatechippi,56
alabasterlion,56
nchproductions,56
furbait_(artist),56
bloodymrr,56
morpskorp,56
hausedge,56
peachan,56
enmapsycho,56
aftermoles,56
wigmania,56
starmilk,56
ira-arn,56
protatypo,56
sophymn,56
eshu-chan,56
ftnranat,56
dioni5,56
zowslli,56
verobunnsx,56
doromiez,56
nezulet,56
star-rod,56
pinkmoth,56
general_buta,56
kirkesan,56
ayetae-plum,56
mouezu,56
midnightsultry,56
ryuryutwins,56
shado3,56
rica431,56
hoshino_kedama,56
mindfucklingskelly,56
sollace,56
ihzaak,56
hunterz263,56
tototlfluff,56
jude_(artist),56
roughlove69,56
burritokitten,56
crown_(artist),56
peekeroro,56
freetobegreene,56
polki,56
kemorau,56
jamesbunny007,56
noupu1115,56
akishycat,56
jolteontravis,56
iyhuh7vxmhdc9ht,56
zabozamojo,56
astralantipode,56
venus_noire,56
bumblewish_(artist),56
foufi,56
ari_guardian,56
panininha,56
ren_izayoi,56
h3llvixn,56
spinstellar,56
okamical,56
gone_goblin,56
mzzrlaraz,56
guadr,56
aeroartz,56
hallas,56
welfi,56
solarissativa,56
superbusty,56
chocobanana,56
nanniras,56
umixign,56
bruno_hirschkoff,56
koukysato,56
vreygal,56
athosart,56
this_lukk,56
imaginaricide,56
freshlysqueezed,56
cavasomnia,56
nickgray,56
albertmg33_(artist),56
pixelz,56
mister_redintong,56
hellcat120,56
narganimare,56
revenant_(artist),56
pb472,56
lilya_nida,56
alpha_werehimbo,56
heffalumpjump,56
arsworlds,56
wheover,56
peq42,56
dizzyt,56
furrawin,56
vin_oliver,56
ajujurabu,56
zusie_vorare,56
popansfw,56
milkyeightysix,56
sexykid,56
gomadare_papi,56
harleyfunnycat,56
sleezylobo,56
screelee,56
citrine_lion,56
dingodeptrai,56
lowhangingfruit3d,56
fenrir_brown,56
obenpanda,56
artdeitech,56
caninewine,56
vekyn,56
chikichikitaron,56
ohgnoll,56
voyager's_scrapbook,56
fanteliscio,56
grumpy_loaf,56
torasansousaku_(artist),56
korecat,56
cammypuppy,56
major_carter,56
vadamecox,56
alissa_the_artist,56
darkusha,56
maxcatuwu,56
lazy_fish,56
wolflly10,56
pervnamedregazz,56
nightowlarts30,56
dummydurzz,56
kenresek,56
f4ephantomii,56
ericphoria,56
spicynoodleart,56
hypnokoo,56
ethynia,56
mightyk,56
ryudorubr,56
kaprakaz,56
tuskonline,56
drahati7,56
sinsoda,56
magnetstuff,56
yinglizi,56
olicus,56
anxietyfilledfluf,56
kathekatt,56
bladedbard,56
seedy_stitches_(artist),56
cu3rvo,56
jephhh,56
sydneysnack,56
couldbestella,56
kinkykikker,56
yaginioi,56
ebora,56
vikhuskffee,56
kaktajl,56
beachfox,55
narffet,55
andy_price,55
articfox,55
hizzie,55
muq,55
tachyon,55
ahundred,55
deuce,55
corgii,55
yattermang,55
ganassa,55
candy_(artist),55
raygirl,55
gouguru_(artist),55
catapult_beetle,55
dysa,55
block_(artist),55
riseson,55
zavyn,55
hopfel,55
rainbowclops,55
bcrich40,55
exaxuxer,55
glassfish,55
raus,55
dahliabee,55
quake-1,55
rapidstrike,55
rougefetus,55
kitsunekit,55
catsmeow,55
sdmax300,55
ashesg,55
shu-hoocooh,55
sevour,55
hypnofire86,55
angelickiddy,55
emmapresents,55
skyeder0,55
itsdhani,55
sw1tchbl4de,55
stripes-the-raccoon,55
oppaihobby,55
felinesyndr0me,55
drcockula,55
emerald_raven,55
spocky87,55
gasaiv,55
finimun,55
flamewolf22,55
tonde,55
princessharumi,55
fairdahlia,55
feanor,55
animopron,55
yuuyatails,55
gamemaniac,55
jungle_poppo,55
venvatio,55
fuzzt0ne,55
bishkah291ax48,55
tsavo,55
yourfurryotaku,55
s00t,55
jackajack21,55
rockii,55
bleachedleaves,55
mezzanine_(artist),55
minashirazu,55
malezor,55
lucheek,55
notyoursagittarius,55
jde10,55
lorliz,55
thecomet,55
vress_(artist),55
cheefurraacc,55
naitokitsune,55
hamatnk,55
ojijinotete,55
tom_ree,55
onegianthand,55
sinningsneasel,55
8xenon8_(artist),55
riisago,55
suspendedpain,55
seiya_mesu,55
nante-p,55
lickagoat,55
gatorbeast,55
nokucroc,55
stickyguts,55
gutsumi,55
sumiwohakuneko,55
arnius,55
takorin,55
dragostewolf,55
oohagari,55
takatmadisney,55
alejandrogsd_(artist),55
keendeemiyavi_(artist),55
madiblitz,55
emu34b,55
majinizombie,55
milkibee,55
po_chf,55
othalam,55
namabito,55
birdofgrain,55
jimsdaydream,55
honnari_hannya,55
nebulilac,55
drawsyraccoon,55
crazy_guy_(artist),55
zemlya,55
scraffyraccoon,55
kiirono,55
hentwi,55
dakuterooty,55
d-6alaxy,55
shumpy,55
nagasava,55
nicohhusky,55
shadyshapeshifter,55
pwnagespartan,55
utouchmyweird,55
awakeningwind,55
mr._jellybeans,55
ehidney_(artist),55
xanderdwulfe,55
dangerartec,55
friendly_unit93,55
walnutgecko,55
ricowolfdog,55
mlavieer,55
carboncopy612,55
rocket-lawnchair,55
ullr_(artist),55
hoshmyposhes,55
jos_bobot,55
xszwhr,55
hisseefit,55
cerberus966,55
ydart,55
neotorakuma,55
azhax,55
lewdpunch,55
sevenserenity,55
thatphatbun,55
th3gadfly,55
zypett,55
ioshiazul,55
nishiki_(artist),55
saijosatoru,55
kinkopia,55
scarletopalite,55
reachea,55
apple_pot,55
nova-umbreon,55
ollydolphin,55
alonsocas15,55
raymodule,55
crispcactus,55
marsaovo,55
strawmush,55
sooxand,55
kaolongbaoo,55
lowndrawthing,55
masso_nullbuilt,55
alexander_bite,55
mituni_(artist),55
king_quince,55
outtabellets,55
zaclyn,55
graysheartart,55
dr4ch3n,55
mikripkm,55
reiko_u,55
throws_up_on_u,55
redviewer_55,55
sepiakfox,55
procyoni,55
squishymare,55
charmerpie,55
seanmalikdesigns,55
3rdperson_iz,55
kuuchor,55
kartobes,55
lemonspark_nwt,55
kurotodraw,55
zangokunatenshi,55
leafhoof,55
vr457,55
diabolusridens,55
smut_leo,55
ahkwatishiw,55
s_miles_art,55
shinyumbra,55
ichinoseura,55
amiryth,55
inner_key,55
spicebunny,55
sleepiepup,55
psychobatsu,55
cawbaret,55
xphantomk,55
k9manx90_(artist),55
neelam_(artist),55
yoyoro,55
houssem,55
unlimited-edge,55
goa7boy,55
bruce892741,55
jimothy_dickerman,55
erontauren,55
jojomingles,55
tegfox,55
tinnier,55
walkinho,55
medlinss,55
darkergrey,55
zenith_arts,55
theopieart,55
kuro-freak,55
ruptureowo,55
monkibonk,55
dualsoul1423,55
sour-apple-studios,55
lok_cat,55
bluepudding,55
rochin1000,55
zenith-bell,55
milin_goatmonsto,55
anentheotter,55
misscinnabunnie,55
veisz_stories,55
cha_tuo_yan,55
andyfurfulz,55
cactigang,55
kentrl-z,55
sevokin,55
krunnnnnch,55
pokochu,55
yumuyumu,55
fyekoz,55
notadrian,55
sleepysalami,55
hilloty,55
phano,55
kaitopitoo,55
pamaht9,55
jan_ke_tami,55
rnpanda,55
sundevu,55
nixmoonl,55
tailsrulz,54
mek,54
anaktis,54
pasikon,54
iisaw,54
ganson,54
cherri_(artist),54
daisuke_amaya,54
ze,54
drakainadawn,54
mr_person,54
djdarkfox,54
rollingslash,54
centradragon,54
horlod,54
takoto,54
hguy44,54
karate_akabon,54
kunako,54
fenoxo,54
nibiki,54
bololo,54
nick_bondra,54
habatakuhituji,54
nielsdejong,54
sapphire1010,54
delsol,54
caracol,54
lvlv,54
shiratsuki,54
deep_rising,54
garr_(artist),54
herculesrazor,54
outlandish_studios,54
turria,54
venauva,54
soruton,54
marrazan,54
draneas,54
tygar_tiger,54
cuteosphere,54
shadowninja976,54
ruua,54
soroxel,54
mistresssable,54
iavan,54
lowemond,54
thelivingshadow,54
thebigbrap,54
reginaprimata,54
shaadorian,54
itsbirdyart,54
xwhitedreamsx,54
mizaru,54
jecsh,54
simona,54
mofuko,54
snozzy,54
jamesjackobgermany,54
tawnix,54
fuyunon,54
zannathedragon,54
delilittle,54
7624cq,54
anaxus,54
kampferwolf,54
ask-scylla,54
lilith_(artist),54
lo-carbquine,54
jiangshi_(artist),54
samaella,54
peruri,54
shiki-kun-baka,54
kmf97,54
xinwan_(artist),54
lorena_(artist),54
jamsnjellies,54
pinguinolog,54
nennsen,54
starblaze25,54
adalore,54
lylas,54
biggcuties,54
yaegerarts,54
viridianvariant,54
drawable_(artist),54
toxictigerex,54
somniumfox,54
orcasanddragons,54
matzzacre,54
pokebii,54
sakamata_orca,54
mervvin,54
fluffyboobs,54
arcr-cric,54
thandor,54
lutti,54
negigi,54
sa_no,54
kokobuttz,54
spicychaikitten,54
buns-n-spurs,54
icedragondee_(artist),54
tipsycanvas,54
minhpupu,54
newt_wolfbuck,54
dsixzey,54
rayoriens,54
biobrony,54
hoedeer,54
monstrovod,54
testostepone,54
elvenbiker,54
greenbeanyeen,54
lotus55,54
foxifyer_(artist),54
guratan_wa,54
jesterhoro,54
shelterinen,54
emule,54
bmf_6666,54
skwidbone,54
pnoll,54
furasaur,54
f0rever13,54
harufeng,54
hissoriing,54
idlerawr,54
koncon,54
speence_(artist),54
dengus-pengus,54
bluutheferret,54
ulako,54
flades,54
skunkwerks,54
cbasej,54
sonatadragon,54
fennelseed,54
colacoot,54
kinkmilk,54
arkkusx,54
vitamin_t,54
riso_bianca,54
kitsuakari,54
sokz,54
jolo,54
lustfulaves,54
matmat,54
aleks_howes,54
vaguecreature,54
priapup,54
mythruna,54
noichi_53,54
t-boy,54
siggiedraws,54
mipsmiyu,54
lewdersheep,54
magpie_magnetism,54
anyyuum,54
jagonda,54
ressue,54
raithvaneal,54
vranimeted,54
popodunk,54
funktilda,54
skooma_whore,54
kouga0225,54
pervertedgiants,54
fluffy_hypocrite,54
dylarts,54
l0ad1ng,54
shigouki,54
casiika1,54
ciervorobot,54
whisperingstone,54
zen_allen,54
repgg,54
sshurart,54
kdraws,54
lofihill,54
suchmim,54
il'ka,54
cattheanimator,54
inugamihito,54
huffenpuffy_(artist),54
mokochii,54
citrussluggo,54
coldarsenal,54
ser_halo,54
bloney,54
arcadius0505,54
mxnster_fxcker,54
madragon,54
chunkypandaroo,54
juninhooficial,54
skoren,54
jebbthefoxy,54
dattay,54
galdway,54
fewiesh,54
teres,54
flarefox,54
machacapigeon,54
misscaine,54
teern,54
partb_(artist),54
luchosfactory,54
junkochi,54
actualblueblu,54
arustuff,54
panika,54
neo_nakamura,54
darkwarks,54
zzavok,54
sparksaxel,54
aerosin,54
blackmoonx,54
mhaelt,54
aevris,54
cursedanchovy,54
spoldier,54
protogenqueen,54
neon-nano,54
alytarch,54
damelty,54
catwheezie,54
k_o_tsitraeht,54
no2r0066,54
cinderroo,54
nick_jennings,54
yungcreate,54
whippedmint,54
moomoonjun,54
ramahuro,54
matsumoto_hk,54
hotcocopon,54
leafytheleafer,54
phrenpai,54
tokon_(artist),54
radiosonic94,54
doomboy84,54
avet3d,54
simusart,54
flamingpickle,54
yukalala,54
darlsol',54
tombstonnie,54
ridasep,54
frostlock,54
projectssuz,54
mainyck,54
ki_kidrew,54
animalboyfriend,54
kawaiirosiechan,54
vampfemby,54
nitrat,54
fieryfur,54
foxyoreos,54
furroneta,54
emovulpes,54
vadaver,54
from_the_archives,54
katoneko,54
vesper_thee_bat,54
sl33py_demon,54
slushieverses,54
stic1,54
torturabbit,54
akanemnon,54
amiral_aesir,53
dadward,53
deadjackal,53
peterson,53
weebl,53
ffl_paris,53
ron9,53
hal_(artist),53
vladcorail,53
arcturusx1,53
inspector97,53
sarustreeleafwolf,53
skyraptor,53
shina_(artist),53
ratchetsly,53
ouse,53
fundles,53
b9tribeca,53
glancojusticar,53
greenninja,53
franarok,53
efrejok,53
meegol,53
captainninja,53
kabos,53
geckzgo,53
flashspot,53
gomtang,53
companioncube,53
xxzero,53
linart,53
countdarkhugs,53
iro_suzume,53
treefyleaves,53
crankyconstruct,53
hanya,53
chaos99,53
shimille,53
pony-butt-express,53
sinner!,53
smaggthesmug,53
shempu,53
askadolesentspikewebcam,53
crazygreyrabbit,53
rabbitexe,53
kizion_ksharr,53
valravnconcorde,53
michael345,53
theodrekr,53
greenhill,53
ndrnight,53
draconder,53
doggycoffee,53
mirkrali,53
nemesisilit,53
tiredanon,53
heffy038,53
yotomoe,53
mike-,53
kenron_toqueen,53
rafaknight-rk,53
octacats,53
hibiki2,53
rolz,53
wenni,53
tvcomrade,53
keycaliber1,53
sideshow-spottus,53
baphometbimbo,53
legendanger,53
rioeg,53
cutedeer,53
aemi,53
yabuinu,53
crimson-flazey,53
digital_hysteria,53
thorstone,53
fluffylambbooty,53
stechow,53
darktronicksfm,53
crushtar,53
cerebral_knievel,53
bankmango,53
blue-rum,53
charmcharmcharm,53
kiloart,53
civibes,53
mojimojirou,53
capras,53
mallowchu,53
louvely,53
nemonutkin,53
dragonsaviour,53
tasteydonuts,53
ituduki_aaa,53
inushishigami,53
rgtdwtbr,53
nevolsky,53
honey-beest,53
lipezkaya,53
radiant_scar,53
mr._e,53
leoafterhours,53
ligynkey,53
zem_(artist),53
26regionsfm,53
egnahcio,53
noonun,53
torchembers,53
lizardmane,53
kygen,53
mannysdirt,53
uglyshadow,53
yamikoneko,53
kris-kawaii,53
028-mendicantspire,53
afraidpichu,53
classyorange,53
pillowtummy,53
voluxpto,53
roundabout_(artist),53
severeni,53
sailor_bomber,53
caoscore,53
tirildraws_(artist),53
afro_chan332,53
vglewds,53
rabbyrabbithole,53
mayoooon_626,53
therazzdazzler11,53
meltingfoxy,53
cthulhusdream,53
cassettepunk,53
mid_skb,53
yoshi.kaoru,53
otorize,53
aetherjack1,53
smilingscorpio,53
cobalt_canine,53
mecanik_panik,53
popemadara,53
bugga_beau,53
lexiedraw,53
valeria_fills,53
thatgaygoat,53
notquitehuman,53
hatokamek,53
nexusthelife,53
riddleheart,53
wjs07,53
humgeronimo,53
mauviecakes,53
valkaveri,53
memjioof,53
teckwolffr,53
bigbearbruno,53
seepingooze,53
higashi_cc2,53
rocketshibaa,53
story_delight,53
zeniarmr,53
dorkass,53
emynsfw06,53
rielle,53
delloknon,53
cottoncandycoon,53
glowstone2001,53
fuzziness,53
drewscomics,53
nofapplease_(artist),53
rarehare,53
rabbdo,53
rinhatsuyuki,53
hamu_ym,53
tonchii,53
mintyskunk,53
kiss_the_pata,53
doathejackalope,53
lerntern,53
rockyjstinkston,53
arcwolfdragon,53
manebaloart,53
sleepysluff,53
vash_art,53
timdoodles,53
katkichi,53
4foxsakes,53
vampirsttg,53
randompasserbyer,53
ripa_ria357,53
gridbull,53
wolfonia,53
teseirei,53
rustyfoxdraws,53
nitriumzigma,53
tserera,53
masteroflasagna,53
reznoo,53
equinox_341,53
johnnypescado,53
the_soda_bug,53
sansyonoki64,53
ms.sunrise,53
rneves_069,53
hob!,53
choobsters,53
naanahstnil,53
ssunsalm,53
perezoso_draw,53
lonneva,53
anilover16,53
zneazel,53
diicks,53
stillzero,53
saphirathefur,53
mintychipart,53
kous,53
chipxdip,53
lonely_cri,53
coleman12345,53
cupsofjade,53
fennecbutts,53
roo310,53
effedupspecimen,53
biofspades420,53
mr_slow,53
ghwostpawz,53
derocrossh,53
bari_ricardo_artwork,53
sopa-chan,53
kahto_taph42,53
poisonedcherry_(artist),53
rhapsody_tenrai,53
fleshslinky,53
niffad,53
ovis_wooloo,53
valrionwrites,53
joyvell,53
eggnog_(artist),53
atkaso,53
farvvie,53
kumasaturn2,53
ultraneeks,53
yawaoru,53
amomonz,53
gaminggranny,53
wwsnke99,53
canoart,53
rydryd,53
lirium_chevalier,53
vesnu_studio,53
frederik_peeters,53
gerosandias081,53
goombato_dibujos,53
zelkothezeeb,53
redblissex,53
thenoodleshop,53
zabby_arts,53
shelvert0001,53
kazuteru_inui,53
sultryswan,53
snuwkthelewd,53
mcho,53
!dodn,53
dragonlady_(artist),53
misplaced_spigot,52
vixen_tamer,52
silverlonewolf,52
kiryu,52
seitora,52
shinooka,52
notveryathletic,52
haratuka,52
dlion0000,52
synthean,52
magpie_(artist),52
meken,52
shunpei_nakata,52
reality_undoer,52
dark_tatsuka,52
jinzhan,52
malcolm_douglas,52
c-v-m,52
sketchyjackie,52
octobertiger,52
solarbyte,52
kcee,52
6suan,52
anonjg,52
ms-seven0,52
grinch_(artist),52
truce,52
arineu_(artist),52
felixspeagel,52
chromosomefarm,52
smokedpone,52
krystalvix,52
orintakoda,52
eldrige,52
lowrider-girl,52
coxaplenty,52
lilithrose,52
gakuseigitsune,52
null_(nyanpyoun),52
squeeeshie,52
likkezg,52
kloe_(artist),52
chauvels,52
ihara,52
moffuriini_(artist),52
triku,52
bucklesandleather96,52
cheeki,52
su1ka,52
tailzkip,52
pomutop,52
temmie_chang,52
myebi,52
dogbomber,52
wandrevieira1994,52
soukouryu,52
dotsfa,52
reabault,52
kayadult,52
crazy-matroskin55,52
lucky-neko,52
wolfbuns,52
bishopbb,52
jessijinx,52
floatiesoda,52
blenderknight,52
ranoa02,52
sayeth,52
phillabuster,52
nanashi-arts,52
crystalvapor,52
konarofu,52
evilbunnyking,52
heathecliff,52
s-q,52
carafalsa,52
quiritum,52
pettankon,52
osansyoup,52
tropicana,52
afuckingcamel-zenge-art_(artist),52
sa_ba_can,52
jellyenvy,52
kresto,52
heyriel,52
loonyjams,52
archiblender,52
e-rar403,52
magferret_(artist),52
taliesin-the-dragoon,52
gloomyacid,52
jazzumi,52
boxmingle,52
knotsafefurrwork,52
tram15vay,52
airisubaka,52
krishadraws,52
foxavril,52
zebcrush,52
xbc9,52
kosatka,52
meegatsu,52
nule,52
hakumimis,52
kenbr_arts_(artist),52
colorcoroded,52
squeezable,52
yajuuraku,52
fantine,52
taki_takoyakis,52
davidkyatt,52
mr.russo,52
yamacha012,52
draconic_burners,52
enarane,52
smallking,52
koyo_draka,52
12-9,52
posduroo,52
cddi_h,52
gwyvern,52
hellap,52
hiore,52
sondinker_fazbear's,52
marothedarkrabbit_(artist),52
fatty_pryanik,52
mouthmoth,52
bluepants,52
hypnosiswolf,52
firenox1559,52
gingerrey,52
swameliz,52
barawerewolf,52
cassettecreams,52
boardwalkfogg,52
flushthebatsanta,52
wickedcake,52
bugafterdark,52
silver_foxxo,52
magpie_igor,52
room_kinoko,52
samuraijackin,52
paxemerson,52
yzyhet,52
duskcy,52
oddbuffet,52
td_(artist),52
that-girl-whodraws,52
wildcardshuffle,52
sugekuma,52
13titoazazel,52
konazarame,52
infinumf_(artist),52
alister_(art),52
blackterio,52
vvmilotic,52
fluorings,52
moxiepawler_(artist),52
weaseldumb,52
hotpixa,52
toiletmaw,52
fantharubi,52
tittybat,52
fenrir_ovekovoy,52
pixelt,52
shyning_fingah,52
apexyotie,52
lolscarletxi,52
atpandotcom,52
birshy,52
frostedmilkshake,52
notsafecat,52
kordcross,52
glitterawrxd,52
tullymonst3r,52
pawsy-paws,52
alekseyvvcx,52
hazker,52
hakkerman,52
vegashasfrozenover,52
khyleri,52
teinwilde,52
notyuky,52
misscrex,52
rbismut,52
furrypinups_(artist),52
tsubutekuro,52
oreon_smol,52
worm_(artist),52
dreiden,52
oukaarts,52
hideki_moshi,52
toongstar,52
spassticus,52
unluckypika,52
linreddragon,52
toonsite,52
fftempest,52
kuma_richards,52
undergroundj,52
friddscat,52
azphyr,52
aban_wrench,52
nijocest,52
mauricebeverle2,52
zer0.zer0,52
notsafeforvee,52
rohaz,52
warioanon,52
deegee,52
notloccomics,52
epicfacepowwaa,52
cwasaunt,52
allikitti,52
rriesgo,52
macon_maro,52
druidogger,52
renzaku693,52
skarma,52
veiled_lioness,52
volfislav,52
mindof,52
rohan_furries,52
cosmic_pirate,52
1ksrw,52
elkomodito,52
demon_deity,52
greystwitpage_(artist),52
frank_motta,52
macromolly,52
goopystem_(artist),52
cami_gz,52
lumens8ite,52
thegunkster,52
rucho,52
kt0414143919,52
ko_op,52
dane36,52
inkkey-studios,52
collaris,52
secret-greed,52
fironmaplez_(artist),52
vincead,52
foamv_(artist),52
bigbustb,52
chuchowriggle,52
maebeasheep,52
bitterdrink,52
wolf_islander_(artist),52
tabby_x2,52
lewalrus,52
xilent_9,52
777bronzestar,52
whitill_fluffy,52
comerboy75,52
onlyygaru,52
karmacollar,52
shadnoir,52
setriaphtfj,52
warmageragnar,52
theonehornedimp,52
dianaslippers,52
nsxfdw,52
dogmasque9999,52
parazari,52
showfran,52
venuscava,52
gummyfruitcup,52
dog_brained,52
lilo_pino,52
blazerfurro,52
tannith_hyena,52
arkaneanarchist_(artist),52
geminart,52
peresvet,52
slightlyhopefulromantic,52
razgrizdl,52
de_volt,52
logan_dreadwood,52
keinor,52
toysaurer,51
lynxia,51
midnite,51
sickeleye,51
marymouse,51
labbedog,51
oliverfox,51
jardenon,51
mentaiko,51
roninsong,51
brelo_(artist),51
donotdelete,51
toumitu,51
marmelmm,51
drake_tigerclaw,51
ishaway,51
twilightflopple,51
dotrook,51
drakedragon,51
tylowell,51
wicka,51
namelessimp,51
kemokemono,51
flightless,51
in_abyss,51
supki,51
alexmakovsky,51
hobb,51
unknown_artist_(artist),51
tenchi-outsuno,51
template93,51
cyndi,51
chevronfox,51
dizzydills,51
waniharu,51
furpics,51
reiser,51
scarletseed,51
mixvariety,51
mrsorange,51
garigari,51
manestream_studios,51
laew,51
zhean_li,51
neos8,51
feedfancier,51
studiofow,51
weighty-kyte,51
alucaje_(pixiv),51
jay_malamute,51
dolar,51
ethelas,51
x-teal2,51
rochestedorm,51
mizumew,51
bastianmage,51
alabuster,51
graft_(artist),51
noahsense,51
pate,51
queencomplex,51
danielasdoodles,51
bronzebanana,51
renge0101,51
hynik_(artist),51
rantanatan,51
poncho_(artist),51
gunso_p,51
penni-chan69,51
freenzy-plant,51
foxyane,51
24cakes,51
santystuff,51
kuglu,51
larrybay2,51
tesomu,51
mrkashkiet,51
general_barcode,51
xerawraps,51
wcd1959_(artist),51
futaloliisbest,51
plinkiepoi,51
xblueashesx,51
kajimaru_0507,51
xneostarx,51
satanickpaws,51
vailet_deer,51
burryro,51
imactuallygarbage,51
diana_barron,51
buublybutt,51
blvckmagic,51
ktdz,51
moonrunes,51
daisy-marshmallow,51
moawling,51
youmadsin,51
cromren,51
steve_stamatiadis,51
kanachirou,51
shio-bari,51
poneboning,51
donburikazoku,51
t-fruit,51
617foreverwithy,51
velvetdelusion,51
terrethemageslayer,51
juliantheturtle,51
kumahachi0925,51
starselle,51
moisty,51
wolfthatmeows,51
shikapandakuma,51
vecnarvi,51
gatobob,51
pustyxox,51
yoshka,51
whaleoil1,51
leafpath,51
seamonsterping,51
muddytiger,51
m115,51
racesolar,51
tolder,51
dirtyboy,51
arilopez550,51
leondraw,51
archspirigvit,51
utya,51
ortwin_rd,51
tailgrip,51
tkckid,51
will-o-wish~,51
littlehyper,51
jerrydamato,51
twokindswierdo,51
chiralchimera,51
gaypornaficionado,51
trinitynight,51
hooki,51
knightosaurusrex,51
madrathefox,51
slowaf,51
nudeknightart,51
dragonsica,51
joshii,51
bahamutgreen,51
0711kdes,51
walas21,51
powfeen,51
b0liy0,51
crysnickel,51
aroohwahoou,51
orbical,51
kittehlazer,51
jakusanseimk2,51
raedainfossa,51
leanfide,51
peso3avr,51
maruikito,51
club3,51
gazuki,51
alkhimow,51
nyonyoimpact,51
orangegoon,51
octoling_ghaul,51
x_ten_ten_x,51
okasaira,51
marmenuar,51
drillmole,51
dkqthf,51
vampiricpig,51
verysleepycat,51
cornelly,51
ouroborotter,51
mitiz-art,51
bigdogenzo,51
wooodies8,51
iamapoliceman,51
korndoggychub,51
epicurean_delights,51
praceph,51
kieba,51
lied_etal,51
l-conhero,51
knoxisnotdead,51
yamapollogee,51
danananana,51
moonpill,51
mdctoby12,51
saamon_1010,51
pantsu_smiley,51
ryess,51
loansharkmann,51
pondart_studios,51
suta-star,51
cloud04,51
shoes_(artist),51
cyanusowo,51
midnightflight,51
jozzu,51
ringpaw,51
rocketpepa,51
suzuapi2,51
mvsnake,51
corpse_eater,51
sogflesh,51
sleepweed,51
teliars643,51
puhba,51
magicdawn,51
klyopa,51
striding_feather,51
zudofu,51
elchuydra,51
hibby3d,51
tuesday_after_dark,51
saureal,51
nereidamare,51
squaresalami,51
ogwyn_dieselo,51
artsmikas,51
reganblair666,51
whiskerdoodles,51
furmirui,51
naxius_noxy,51
seikoarts,51
bbibiarts,51
suinduckhu,51
emapaprich-nsfw,51
kurodfox,51
templar_ponyboy,51
fiuke,51
rankedredpanda,51
molly_trainor,51
lost_izalith,51
darkplayers,51
onyxmeow,51
monarchyart,51
scratch_wub,51
therealmessyroomguy1,51
cor1998l,51
pangenus,51
myojinius,50
bureido,50
wagner,50
ten,50
kantoku,50
emptyset,50
circlea61,50
pd_(artist),50
lennox,50
caltroplay,50
zwolf,50
kevindragon,50
quiet269,50
saphine,50
matthew_taranto,50
redeyedwolf,50
pornography_(artist),50
destiny_blackmoon,50
kyoshinhei,50
kudalyn,50
iluq,50
sorako,50
lockheart,50
swfpony,50
efe,50
cannibalus,50
iizuna,50
bludragoon,50
laptopgun,50
punkpandora,50
aedollon,50
lauralien,50
ujike_shinobi,50
tesslashy,50
justvisitingg,50
norang94,50
ocho,50
jstarwolf13,50
naik,50
exonite,50
remonpie,50
nennanennanenna,50
rawenski,50
dynexia,50
mayobug,50
kumakuma,50
razalor,50
10art1,50
bratcatt,50
oshawott222_(artist),50
x13,50
periodic,50
kennen4,50
pecon,50
pinknuss,50
smug_nuggets,50
akaece,50
chigusa_amano,50
borges,50
fooga123,50
abyssalchimo,50
waffleirony,50
gryvvath,50
twili_z,50
cinemamind,50
axelegandersson,50
luckymax2012,50
suicidebones,50
shinotsuku,50
lulemt,50
overnut_(artist),50
murlik,50
theironmountain,50
blackaures,50
renardfoxx,50
dangerouslygooey,50
pandyshera,50
ruruscube,50
sigmarion,50
trashtail,50
kyatune,50
uxdragon,50
paper_demon,50
biformis,50
mudwuff,50
greentapok,50
pattan,50
jetraraven,50
menma911,50
helloggi,50
raxastake,50
splishsplat,50
raf_art,50
haizuru,50
ph0que,50
voui,50
erganyfox,50
lewd4food,50
redwix,50
sakayasaka,50
nuba_ball,50
irondragon5150,50
psithyrus,50
tsukasawa_takamatsu,50
halu,50
yokappa,50
henryweasel,50
krimble,50
andythetanuki,50
nontan_mobusagi,50
cylent_nite,50
kyu-bum_lee,50
purplelove,50
m_ssk626,50
plaguedoctorprincess,50
soniethedog,50
sejha,50
khodu,50
lionstorm,50
eiminsansan,50
theart_10,50
lithium0522,50
anonyxnugax,50
giftheck,50
fiffer,50
zarakon,50
wereshiba,50
blepishepi,50
larretthekinkyferret,50
monbetsu_kuniharu,50
gabu_art,50
thiccturtles,50
jona_kazuo,50
mizue,50
sparxel,50
zestycuke,50
therealf1rebird,50
regakoala,50
kukurikoko,50
cxeroannuki,50
arimura_taishi,50
nekosnicker,50
karbik_(artist),50
amoriashop,50
nisikemo,50
dargotdruid,50
otterdownunder,50
maoshan,50
dracokaito,50
kehreazerith,50
vamrack,50
marlowws,50
silver_fox_cn,50
fuchikabi,50
sleepypandaburr,50
dragoness31,50
carbine_wolf,50
coalcat,50
regreto2,50
sadtoasterr,50
john_hundred,50
silvertale,50
sloppysnuffer,50
chillyspicky,50
thevoidwalker,50
yakkokatto,50
doinks-ahoy,50
leloli,50
itsrainingsome,50
maio,50
ashantihyena,50
fedmry,50
aviesergal,50
spacehorndog,50
suicidalpixel,50
onensfw,50
alexaboom,50
purplevulpes,50
anuvisur_(artist),50
ractoons,50
macchiato_fox,50
pekopekokuma,50
samma,50
mark_parisi,50
hugoriolu,50
shellyghast,50
tringa,50
sigher,50
kzy_r9877,50
sssmazkaa,50
cuadra_side,50
reiji_tanukian,50
kaniku,50
rinidisc,50
saucymist,50
interxpecial,50
toracanix,50
waniiime,50
furbeyond,50
agron_u,50
skapu,50
multifaker5,50
astradoll,50
kuperseeper,50
anubianoddity,50
amideo,50
sheeptastic,50
lewdkitten069,50
yuris_(artist),50
honeyu,50
thebunslover,50
iwilldrawalmostanything,50
sky-rouge,50
shtein,50
nonameqwerasd,50
sirinathehedgehog,50
neeh,50
linplays,50
juneberrysprout,50
dankitsune,50
sandman_strange,50
stuh_art,50
anarchoblues,50
panthera_arven,50
drcreamsoul,50
gauox,50
magicallylewd,50
augdensden,50
koyatofu3,50
cosmicfs,50
daglassman4797,50
autenticovadito,50
floofykinkumiho,50
necroeddie,50
tbdborzoi,50
thedarkjudge96,50
emote-o,50
posstype,50
fendrel_smith,50
stlkr,50
cakebufu,50
zatoart,50
vinael,50
mrnoname2059,50
napkinbot,50
garavakarian,50
bombcat14,50
vattarena,50
amugea,50
rabbitpatches,50
ka_kuwu,50
slavanich,50
redvelvetstar,50
yaboyfoz!,50
bigbun_3,50
daviddarient203,50
melassa,50
angrygentoo,50
celestebunny,50
smugh,50
erotiotter,50
thesummerwitch,50
winguthings,50
captnsquarterz,50
ora_ozen,50
aimskull,50
sockobocko,50
sillyseacreatur,50
yirus9,50
badfurgood,50
smokyquartz1917,50
hgleoz,50
sagilmito,50
orange04,49
zterry,49
zavian,49
fuzisawa,49
doli,49
emily_chan,49
jajala,49
himitsudragon,49
ta-ek,49
idess,49
mitei,49
jim_sugomi,49
hazardouskink,49
aphexangel,49
manoreo,49
kurobear,49
thekc,49
bigbang,49
cathricorn,49
reallyreallybigbang,49
rondonu,49
fuzzycoma,49
saltedtea,49
ginzake_(mizuumi),49
genchi,49
sukemyon,49
irie-mangastudios,49
toorin,49
xelvy,49
twilightsaint,49
stubbornstallion,49
silver723,49
grennadder,49
rorix,49
mnty,49
tetrodotoxine,49
tankdragon,49
dreiko94,49
thefoxydragon,49
snowy18,49
biological,49
professordoctorc,49
eud,49
twistedg,49
shiroi,49
foxy_harris,49
felixfellow,49
miagecko,49
sorakan,49
gofenix,49
razzlespup,49
ayayanagisawa,49
c-smut-run,49
cesium,49
123autumn,49
zecho,49
samareck,49
lucky_(artist),49
zylothefusky,49
blunt-katana,49
hax_(artist),49
b.cat,49
calzone_(artist),49
lucknight,49
mysterywhiteflame,49
gravyfox,49
gd-058,49
liowako,49
timon-berkowitz,49
lenika,49
etezarumonkey,49
kuo0,49
m3nsfw,49
qualske98,49
darc_sowers,49
anontheanon,49
fluffyslipper,49
mao.j,49
octaviados,49
drakonika123,49
boreuben,49
cellcone,49
galidor-dragon,49
dream_maker_watanabe,49
hellcross,49
kulplant,49
lunamann,49
guiltstar,49
groenveld,49
sharkieee,49
sirokitten,49
gharne,49
jackiepancoon,49
vonnir,49
catarsi,49
kenjilokung,49
kyenz,49
slapstick70,49
beleoci,49
fenefell,49
rocner,49
vensual99,49
usikuma6,49
nekosteck,49
foughtdragon01,49
lutivian,49
norihito,49
kyawei,49
batterbee,49
the-boar-house,49
astral_girl,49
xenonnero,49
mine_yoshizaki,49
icecreamtiger,49
akasiosio,49
magyo6,49
nelewdy,49
milkydreams,49
esferaosamael,49
arrowdark,49
ruvark,49
featheryboy,49
ao_gravity,49
foxcyen,49
henryisraptor,49
jojo_hernandez,49
dinodoggo,49
bakedanooki,49
j2n,49
sinnah,49
antabaka,49
leoniro_the_inklion,49
zin_teki,49
sinthetic,49
izzyrain,49
redelder,49
javigameboy,49
ketofur,49
goatboner_(artist),49
sasha_khmel,49
onojeff,49
blaccura,49
kyuukon,49
brotha's,49
loganarcania,49
moduckten,49
kitsune-2000,49
litsi,49
emufur,49
koalarobot_(artist),49
laspyke,49
youmoxto,49
fluffydave,49
jflare205,49
temnelc,49
firstletterj,49
goms,49
johnnyzzart,49
shasya,49
jaguatiric4,49
snivybatt,49
4622j,49
lloyd6675,49
gur-gahar,49
hellbrain,49
maltus_vandrel,49
nezubunn,49
screwbulb,49
carrotcaramel,49
toby_mongobery,49
zarniwoop,49
alpaccasneaky,49
darksidefighter,49
hermanworks,49
archivist-kayl,49
motley_ad,49
addde,49
bonestheskelebunny01,49
tempura_puppy,49
ho_jiro,49
pfeffaroo,49
toxyc,49
fthesalt,49
elinnayt,49
armaleos,49
big_daddy_(artist),49
just_mae,49
honeydew_stars,49
sangguri_32,49
somemf,49
deltasomnium,49
lewdert,49
tbsktbwa,49
dragonryuusuki,49
tcrakman,49
chufflepop,49
shyder,49
bari_mu,49
thescornfulreptilian,49
pimstacja,49
junkedart,49
yukidrimurr,49
caliginous,49
miikotorii,49
espurrito,49
ttaki,49
matchaghost,49
zaffbanana,49
magalnik,49
doremifaso64,49
nivaria,49
ambergate,49
chopanther,49
klebo,49
soolopik,49
jully-park,49
699mha,49
greatalmightyjj,49
darefloofy,49
artist-kun,49
magna_nsfw,49
tezy8,49
nyrox_(artist),49
eat_sui,49
drawee_draws,49
muepin,49
mateora,49
karkrx23,49
ahkvenir,49
jazovyx,49
nirit_ling,49
wax_feather,49
bumblebunny6,49
freewaythecat,49
akima1232,49
kinkydream,49
hornyhoneybunnie,49
miauarf,49
tomnookusedjock,49
z0ri0n,49
hyacinth1971,49
bugurugu,49
scalesack_(hex),49
kingkuraselache,49
baronyifflikfard,49
bakertheskunk,49
39_taro0,49
capaint,49
beastlygemstone,49
anaquariusart,49
laika_2,49
plastic_pyramid,49
astarlos,49
flightov,49
guilo91p,49
patadeperro,49
anonpupb,49
limxxaa,49
konaditto,49
astella1204,49
avox_(artist),49
shiningcanc,49
kaijurah,49
flailingfornication,49
vanilla_candy,49
arsinnamon,49
lynxfurr,49
kodiff_wolff,49
adr,48
mitsene,48
kisu,48
dennis_pawers,48
grymmbadger,48
asanagi,48
daelyhelaxon,48
pukao,48
gunzcon,48
eixin,48
vorry,48
darkpandax,48
k-ho,48
mixxiwuff,48
razile,48
saimon,48
mrbowater,48
keglunek,48
thebravelittle,48
pegibruno,48
paint_(artist),48
awilddrawfagappears,48
monkeysuit,48
yosshi,48
inukami,48
ws,48
not-fun,48
bun_(artist),48
shaffer,48
geomancing,48
justduet,48
skadog,48
kerokamina,48
vird,48
gunslingeratticus,48
chacumera,48
akam,48
fantdragon,48
aruse,48
zephyrus_orgy,48
nanasun,48
bewbchan,48
krunchycroc,48
trbox,48
eggplantina,48
aklazzix,48
findingdeb,48
codedcells,48
lastik,48
404bot,48
zedeki,48
taiikodon,48
mooco_(artist),48
tippycat,48
angelskitty,48
perinia,48
mamaito,48
dailevy,48
chesschirebacon,48
asiagosandwich,48
couldnotparseline,48
raykayra,48
distantcognition,48
pinkypills_(artist),48
deygira-blood,48
blackshaya,48
cattsun,48
pingthehungryfox,48
thehuskyk9_(artist),48
raudegil,48
raivenderouthelion,48
yarem4,48
thataveragedude,48
atlantica0208,48
tealtentacles_(artist),48
bano_akira,48
geekfox,48
vanshart,48
ne_(nefuraito336),48
littlenaughtypony,48
fawkesdrox,48
naglfar,48
sonic-mj,48
kanaking,48
di-fl,48
wiener-fag,48
un0sk,48
catnapstar,48
maryvirgin,48
nanntaro,48
verdrusk,48
artsy-rc,48
zat_virgil,48
ftrashman_(artist),48
animana21,48
mapleblush,48
makumo,48
agropuer,48
randytheartdog,48
crocodilchik,48
dana_simpson,48
vantablackbox,48
kotaro_kurokawa,48
willemsvdmerwe,48
neiiio,48
veltis,48
laphund_(artist),48
toumoro_22,48
notsafebear,48
thepakshi,48
oopsynsfw,48
steamedvegetables,48
dynafurryart,48
capydiem,48
zeriie,48
jetmongrel,48
fimif,48
retr0foxx,48
dragonboii78,48
lewdamone,48
lewdbones,48
iyako,48
udontarai,48
mistic_hobo,48
clingyhyena,48
donttouchmylasagna,48
fulconarts,48
hokin_the_bear,48
immoveableguide,48
rtf-m,48
nullshark1,48
keenadraws,48
sibluself,48
bixiekz,48
sakisukem,48
hasukichi,48
lefcoyto,48
tarumeow,48
sugarstar-ru,48
smallpanda,48
shock_beast17,48
dickergazer,48
chaokocartoons,48
o_squeaks_o,48
x-red,48
lewdles,48
tkupbook,48
starraisins,48
sushiotter_(artist),48
catanddog36,48
quantum_lapiz,48
redahfuhrerking,48
snowleandre_(artist),48
0onooo66,48
epicbunbun,48
qigiu,48
fritzbonn,48
kyouman,48
elhuachicolero,48
buneposter,48
jeronmuh,48
mpanda_kuma,48
nojimmyplz,48
rai_kun,48
rednroge,48
elechtronshock,48
nodis_node,48
ameliemercedez,48
glacialpain,48
rajas_ledies,48
wxyjs1997,48
kuueen,48
tunx2,48
duskshield,48
ecn,48
lanopoli,48
phoenix_peregrine,48
azmut,48
charlottefloof,48
michel0dy,48
middlefingercat,48
zharxart,48
zero_winchester,48
akarism,48
rabbitholes,48
anomoly520,48
umireomi,48
lewdcoalpuff,48
cyber_comet,48
pebthedrabold,48
null404err,48
deodrac,48
emito,48
laranxart,48
akai_(artist),48
omegahaunter,48
galanartworks,48
gyosh,48
hot_dog_wolf,48
lazyyysheep,48
buckhori_hardker,48
king-triangle,48
devince2911,48
sugarsaturn,48
honeymooo,48
azul35art,48
mkiiisystem,48
theartsygirl94,48
kwakapaint,48
lonelywolfyboi,48
rogue621,48
dude-doodle,48
comfei_puppy,48
sgguzz,48
darkolynx,48
rustymiko,48
samuel-neocros,48
just_arai,48
alexthewolf1337,48
brg1r,48
outbackdile,48
wolfrick,48
suhar,48
tokuni,48
feanordark,48
towerpractice,48
whitefroggim,48
ltzodd,48
hael_the_goat,48
deegeemin,48
b_inteligence,48
cdan2022,48
d1cknballs,48
melodyofforest,48
bembosdoggo,48
lewdabis,48
zoledream,48
sidewaysmirror,48
xxvvxx,48
buzzybub,48
rednewth,48
thegooper,48
tlen_borowski,48
sunhawk12,48
alanhamster,48
friendlyfeesh,48
redneck_redoubt,48
ratboyheart_(artist),48
cherifokkusu,48
pokegymsparks,48
mangomaniacz,48
zazami_d,48
critters_collective,48
soulfullhyena,48
renjoy,48
notsobretheren,48
bullchicken,48
palesnake,48
bbqnboots40,48
duskizi,48
draygoezz,48
dalethblack,48
zaku6584,48
azcein,48
aishirokbeta,48
kovensden,48
superplus,48
xypherdraws,48
tzair_(artist),48
nelfee_09,48
dr_artist,48
squiggelsquirrel,48
binkykun,48
zilonking,48
chemicalcreature,48
randomrabbidramblings,48
sharkidly,48
ivybeth,47
daphne_lage,47
kxflyer,47
chaoskomori,47
blade4649,47
shibara,47
p.chronos,47
the_roop,47
nathradas,47
tenseiani,47
rearhwhitetail,47
pantsuneko,47
deaffinity,47
shabby_blue,47
badwing,47
okko,47
apis_(artist),47
matelk,47
h-picaso,47
asterionblazing,47
ukkappa,47
ship-wreck,47
discommunicator,47
gentlemanpaux,47
japanda,47
451kitkat,47
olly,47
rollingrabbit,47
temiree,47
2snacks,47
ecoas,47
kyder,47
bigtyme,47
deannart,47
ketsa,47
lexibutt,47
asimos,47
dixievonfur,47
choco_monaca,47
dragontherapist,47
hamsy,47
lemoncore,47
derekireba,47
quick_e,47
sheeque,47
loboleo,47
highheeledjill,47
gontadanuki,47
vespur,47
kaneoya_sachiko,47
lawgick,47
a2,47
nme,47
amadeusvirus,47
tygre_(artist),47
fantajii_dm_(artist),47
yasano,47
pichigani,47
gully,47
shax_(artist),47
zelamir,47
zehfox,47
esprit-arait,47
puppypaws,47
mrmilky,47
burning-heart-brony,47
sporeman_(artist),47
kaijusundae,47
x-zudomon,47
shibeari,47
chococlass,47
callmebisky,47
karatakewari,47
fire-fox-sf,47
ballistic-cottontail,47
fenalia,47
ponyquarantine,47
mootcookie_(artist),47
rana_(artist),47
orf,47
cupckpo,47
thevioletghost,47
harddegenerate,47
badtiger,47
aimf0324,47
cristalwolf567,47
hyenahijinks,47
socko,47
monterrioashmore,47
heim,47
tuta,47
honezika427,47
akweer,47
confusedewe,47
araphre_(artist),47
miklia,47
empaws,47
randomobliquity_(artist),47
roropull,47
twinkletwilight,47
netamikatze,47
kitterjitters,47
hehky,47
flytermo2,47
badbeawzone,47
nozabii,47
okaeri,47
theunokcringe,47
ratsxteeth,47
zuekrz,47
luditima,47
lupus5903,47
azzaraeus,47
jarofslime_(artist),47
hydez,47
thespanker_(artist),47
aretna,47
lynxwolf2,47
xeirla,47
artist-chan,47
arts-la-huska,47
yan_wiah,47
chana_kim,47
cbl_art,47
intox,47
pokemania,47
eyepatchedfloof,47
autumn_sushi,47
vetoknox,47
gigardrawz,47
sanikink,47
m5mona,47
zaks,47
akelun,47
plumage_(artist),47
glittermiilk,47
october_flixard,47
san_jaguar,47
sketcher92,47
mew_arts,47
wizaria,47
blackhornet,47
konstantin_kholchev,47
ju-ki,47
kgh786,47
kaltt_deelohial,47
starfinga,47
phosphobos,47
silver_warrior08,47
wisemans,47
kknssd,47
lemonbat,47
darksly-z,47
syncbanned,47
czerwonya,47
golub1ka,47
mohalic,47
racketraccoon,47
bloobiesus,47
akatadobuchiki,47
nanochetha,47
hehdgd,47
sheenie,47
futashi,47
kilbi,47
kadzukai,47
nuk_sun,47
fishsticker,47
deadyoung7,47
nsfwulf,47
aimia492,47
oursweetlove,47
paggi,47
natchan,47
firestrot,47
ledge1606,47
cozy_cum_(artist),47
cobra0281,47
spiffygreen,47
6i6as_(artist),47
nicoguer,47
xenozaiko,47
hamperhamster,47
kimako-desu,47
pingumarci,47
byletto,47
felestrist,47
bullelewds,47
dalilallana100,47
o_miso_n,47
southernyote,47
jokku,47
jazzynsfw,47
kenshinho_arts,47
penumbraart,47
drkot,47
manex57,47
cynicallysly,47
redrainsfm,47
nerfechi,47
selitoxicmoon,47
yonpii,47
michopanq,47
nofurynomad,47
styhi,47
rhonbon,47
happyraccoons,47
zennyc,47
starbucke,47
drakethefox,47
lewdsidequest,47
ggashhhissh,47
akenju,47
heyupyoursjr,47
kopk,47
hylidaeoff,47
psycodraws,47
tumugiv,47
tysuga,47
nerizolikonotomie,47
eel_(artist),47
excaliburwolf,47
asd5,47
zzzhadozzz,47
eljotafurro,47
einrotica,47
shoko_contane,47
fluffydango,47
grape_shifter,47
dhalek,47
xenrevv,47
drawcat13,47
rosarium,47
sinnple,47
alviriaart,47
steelsoul,47
asphalt_(artist),47
dollytraiter07,47
diam_snow,47
lostworkszx,47
boomstick_0,47
witseoc,47
novaconis,47
iceghost_(artist),47
rabiosin,47
thatonehornydood,47
malfaren_(artist),47
gabeccoon,47
bacon_sama,47
wolfram_sparks,47
araslisio,47
bymetalala,47
ciel.chevalier,47
miagiza,47
meosh,47
hartomiel,47
holkaqonka,47
cactie,47
yong_yong_yeee,47
cthuwulhu,47
pinky_bestia,47
arquemipe,47
kingstreasures,47
jebedotpng,47
cassicat,47
mikansfw,47
shachath3d,47
acetofurtuber,47
ha_a_monkey,47
erbrobruh,47
heavyrivet,47
amelia_mi,47
irishfeller1,47
raysixtails,47
mekaatomic,47
halzin_hizenberg,47
cryptid_jhin,47
ilmentosli,47
smittenpuppy,47
3lues,47
purrmaxxing,47
bettyfox,47
alexdehell,47
fox_banchan,47
korsia,47
kuddlykodiak,47
dakaliginous,47
kittem4,47
artienvy,47
ozzie_the_otter,47
toastlotl,47
wickswaresnsfw,47
pseudo_manitou,46
helena_soderberg,46
inspectornills,46
shalonesk,46
hutoumei,46
kokuryu,46
tokaga,46
sdawg,46
megane_dragon,46
nixx,46
camiod,46
xrayzebra4,46
fr,46
sunamori,46
kazashino,46
poor_yorick,46
bamboodog,46
emlan,46
hereticofdune,46
mercrantos,46
jayboppity,46
pisho,46
loki_(artist),46
kuroryushin-kuma,46
overcross,46
black-kalak,46
dr_emery,46
herbie_bearclaw,46
ohohokapi,46
mark_patten,46
thestarwarrior,46
renaissanceofchaos,46
naomi_(sekai_no_hate_no_kissaten),46
balooga,46
runawaydanish,46
kahei_yattsu,46
lintufriikki,46
mofumofu,46
texasuberalles,46
bcokami,46
iamzavok,46
evanrude,46
not-a-comedian,46
monoeye_(artist),46
starvinartmajor,46
shoroch,46
fionafortunecookie,46
octonnibal,46
radlionheart,46
noiz,46
seiryuuden,46
ponegranate,46
anidra,46
waismuth,46
laionss,46
tigerlukke,46
karathefox,46
lalox,46
xaigatomon,46
hentagon,46
nogicu,46
tetisuka,46
adroan,46
little.sparrow,46
gamblefur,46
agentmoose,46
thescarletdevil,46
gianttoby,46
renx,46
bonete,46
havesomemoore,46
setmann123,46
frolov,46
helium2,46
lupycat,46
graros,46
ttrop,46
bloxwhater,46
delidah,46
säikky,46
boggartowl,46
pafull,46
gkg,46
sirdooblie,46
random-bard,46
thatwhiskeredthing,46
veesocks,46
alex_ries,46
heartszora,46
shironaga67,46
masmas,46
boopmysnoot,46
mysticaldark,46
tamazuki_akiyama,46
spaghettiz,46
operationfluff,46
tutexl_(artist),46
boman100,46
934,46
bullseye_(artist),46
ravenousdash,46
bootlegjones,46
kui_lin_chen,46
baramx,46
higgington,46
deijii,46
cynlonyth,46
srmy_nkjd7,46
nyaur,46
unconventionalrender,46
fakesword,46
lil_tarap,46
oncha,46
demortum,46
keumano,46
matatabi88,46
deriviera,46
xc,46
m6,46
kyufuru,46
orchidpony,46
keeb,46
jraisins,46
driiadi,46
sheerheart,46
spaboofy,46
irura0323,46
zibanitu6969,46
oofycolorful,46
anon_1515,46
kitsunal,46
reegusthedrake,46
dressari,46
noscium,46
hakuhyogaki,46
komanyachi,46
rtsfm,46
gidgeesheep,46
saucetyan,46
tsm-draws,46
hb_runo,46
perish_(artist),46
saja1222,46
john_vithor,46
wi3llowbee,46
zurdomon,46
tevit_15,46
fountain_malchemy,46
playzone,46
shalon,46
paraepa,46
sosya142,46
aureldrawsstuff,46
rashishibe,46
0w0wer,46
bunny_nebula,46
sugar_morning,46
bluezeru,46
vulpes-vulgaris,46
bullbluedog,46
sugarcave,46
hokolee32,46
detectivebubble,46
tai_tai_kun,46
hermaeus_xerxes,46
tooundone,46
deputy_rust,46
sapphicwetpanties,46
big_mama_yena,46
bootyelectric,46
kaspiy,46
venisin,46
rips_(artist),46
shreddyfox,46
ryuukei8569,46
tomskeleton,46
valu,46
temetnosce88,46
wolftrap546,46
ruby-milk,46
jillofsandwich,46
k2146938,46
jupiterorange,46
aliv141,46
kayama_akimaru,46
mcl,46
pinkdiablo,46
strauburi,46
noiretox,46
tekkymunster,46
butterflysneeze,46
scalesnveins,46
oni_draws,46
lobo_serchwolf,46
fizintine,46
zenonclaw,46
the_creacher,46
l0sskim,46
imposter_dude,46
orez_art,46
splitalien,46
mitabi,46
tiger_jhobs,46
rodraccoon,46
dirkstridoritos,46
jumneyarts,46
himburr,46
lettuceoncat,46
lewdware,46
chinya,46
fdj,46
bloodred739,46
soul_nero,46
toxic0266,46
mr_sadistokun,46
pandadough,46
runxforest,46
wimbocs,46
rgb_(artist),46
manedfucc,46
unasunas,46
ridgeone1,46
ollie_rabbit,46
divifilly,46
keyboard-draws,46
erocoffee,46
chizitx,46
pppanth,46
violetghost,46
spooner_kai,46
sir_ishinn,46
stickycunter,46
shirou_muffin,46
minzemilk,46
the_golden_stallion,46
rediska600,46
sufficient_gravitas,46
windreg1,46
eevilish,46
flufpan,46
kingsus,46
rurua,46
gh0stfood,46
dreff,46
wywyrm,46
fibbelous,46
arrell_(artist),46
praquina,46
kaiori,46
shabi96522,46
binibon123,46
jaimiel,46
leprechaun_(artist),46
lynofdeath,46
yelloastra,46
isuno,46
zymaani,46
nonyammychoko,46
quuynart,46
samjpeg,46
gaydottiff,46
keeperaft,46
milkypaws,46
ktyco,46
grape_ad,46
ma5ka4nai,46
daichi_akimichi,46
pangotime,46
abzel,46
pumpking_wolf,46
maxfloof,46
fromariels,46
snake28,46
spookytre,46
jg_genesiskeys,46
newmoonnsfw,46
blue_archer_(artist),46
roomwithavoid,46
mothyking,46
dharmony,46
workakeius,46
mewler,46
pinkie.lovesu_(artist),46
norehana_art,46
glifer,46
hpyononyo,46
nekodoiko,46
sayolino,46
alex0731,46
toasterstealer,46
raskalaskal,46
awordnax,46
worngside,46
animation_5,46
maximum993,46
aegiss_(artist),46
ze0metric,46
trifuson,46
retsuzyohana,46
beabea.,46
sheerly_(artist),46
gillysfm,46
rabur3su,46
stencil_(artist),46
swarentaiger,46
konathestinkydog,46
kingkapro,46
penturice,46
doggie358,46
tracho,46
kaizosn,46
nasthane,46
anonymous_0ne,46
caymartworks,46
mscyan,46
t_cayoti,46
exquisiter,46
xao_art,46
silverywhite,46
kajivore,46
sheeple3d,46
anatoly_var,46
bulletproof-kitty,46
roralon_(artist),46
dalemdaury622,46
dragonfetus,46
yasterwolly,46
vussybussy,46
envyblacksun,46
nutto,46
ichirotc,46
jojispoon44,46
urfavvpuppy,46
stellaamoris,46
tempestpaw,46
realta22,46
zombie_maykr,46
rustycat,46
darlan_space,46
wallcroft666,46
blossompolarium,46
clawheld,46
gullswoop,46
ham_won_art,46
andres_chung_jr,45
balaa,45
cattivino,45
neophyte-zero,45
opius,45
e!,45
brian_edwards,45
graphicbrat,45
petit,45
mash_(artist),45
vidfox,45
xxpoizenxx,45
purra,45
sienna,45
kampfisken,45
seylyn,45
byser,45
boopeep,45
rizcifra,45
kallus,45
shoppaaaa,45
derigrowl,45
komatutororu,45
tumiohax,45
kaijusamurai,45
saturnspace,45
kaczy,45
quagsireofvp,45
purplemantis,45
shakumi,45
kirsch,45
sleufoot,45
ct,45
tkfkd5362,45
pandadox,45
pcz,45
songgoishtar,45
ken17,45
tko-san,45
brevity,45
pronista,45
bluespaceling,45
bluhellwulf,45
santagiera,45
boblios,45
silverane,45
bredgroup,45
baitong9194,45
furanh,45
akiru01,45
silver_shadowheart,45
hews-hack,45
dirtypawz_(artist),45
kemorate,45
emmonsta,45
syntheticimagination,45
coliser,45
papaya_(artist),45
aku_no_novi,45
lurelin,45
cup4eney,45
grimgrim,45
suki262,45
smappa,45
cubewatermelon,45
mistress-honey,45
dubudubudubudub,45
darkartskai,45
caribun,45
lasso_(artist),45
furrychrome,45
pekoneko,45
trinket_(artist),45
zuphyx,45
ayerart,45
zeusdex,45
janong,45
vitaj,45
mortal_rot,45
akumakanji,45
lager_(artist),45
lakalando,45
mando,45
breakersunny,45
sinful-spector,45
spiderman123,45
grilder123,45
furrytiger_2012,45
lier_magician,45
7-light-of-shadows-7,45
vixel,45
star_ko,45
smallcoffemaniac,45
bumpty_(artist),45
jargon_scott,45
maxraiden,45
aster_crowley,45
tomatoztp,45
flaktaryd,45
spottedchai,45
egsaku,45
carrus,45
wilczeu,45
twomario_(artist),45
delightful_shiny_pie,45
copycatz_(artist),45
sillysinz,45
drabbella,45
tamboribora,45
levaligress,45
023,45
manifest_harmony,45
inkgelato,45
sweepyy,45
andy_ristaino,45
fattydragonite,45
xbi,45
reimena,45
robirobi,45
fennfeathers,45
zagiir,45
failsafe272,45
karamimame,45
lewdydoo,45
madlag,45
tabo_bear,45
e-pon,45
vavelu,45
negsus,45
otokoter,45
spectronic,45
vulkalu,45
chiubear0214,45
mkogwheel,45
yasaikakiage,45
neisa,45
cloroxformius,45
smurli,45
astr4ltr4in,45
after2,45
celestbrook,45
horntfrog,45
kahunakilolani,45
combat_ready_(artist),45
stakeho_lder,45
ancestralpotato,45
mr.cdg,45
alvidz,45
ezzyecchi,45
kaptivate,45
moonlynxx,45
rho_art,45
canonthought,45
kapusta123,45
skiffkhariben,45
liamjackal,45
ooredelen,45
cheese.crisp,45
hanakatsuo10,45
frieder1,45
revhearts,45
freehdmcgee,45
ninanidorina,45
tsukiya_(rajx3523),45
ale_vananice,45
mikathefluffywolf,45
shakuto,45
pigmyhippotam,45
ed-fokk3r,45
iijackie3678ii,45
berryvapor,45
reploidmanxxx,45
magnificentsexygals,45
thearashi,45
nami955,45
kemomoz,45
zeedoor,45
imobi,45
thegamingzilla,45
macrolee,45
celsty,45
toxic_soda,45
sipuha,45
mooexe,45
hirokitty,45
kuzugitsune,45
catzakir,45
the_horns_lounge,45
demira_lilian,45
keysquid,45
pastryglaze,45
sinsxie,45
dsaprox,45
batako,45
daspurplesong,45
klopsiak,45
davirook,45
puffpuff_sugar,45
jollux_(artist),45
mooneypup,45
krahs_tsai,45
deaathtraap,45
fyre_wolffie,45
rottentuttifrutti,45
jjmanilla,45
thecrowartist,45
bruce_morgan,45
chura_chu,45
manothesea,45
septicemic_(artist),45
bakvissie,45
poverty_(p9),45
jolbee,45
herrerfx,45
slyasafoxibou,45
sweet_tomato,45
vm94,45
duemeng,45
dumliz,45
juki_zu,45
aoihinoki1024,45
elele,45
snowcario_(artist),45
nolidae,45
knotalot,45
hyth,45
avery-valentine,45
peach-,45
robinmg_45,45
ch4ng3,45
hase_popopo,45
ginmaruxx,45
seonmi,45
jokjaebissi,45
atlas_the_fox,45
bruhboi69,45
thedrunk,45
lazza,45
broitscody,45
metrosaurus,45
flaviomodezto,45
kabuki-aku,45
r30b0m0,45
neodeer,45
lewderdaydreams,45
iamoddabellatay,45
aresanchor,45
pineconedraws,45
ounxh,45
demenmenabung,45
bunbury,45
patcheeks,45
mighty-whydah,45
mugita_konomi,45
victhetiger,45
o_hashi2020,45
perezadotarts,45
dezzy_draws,45
tdfoxoo,45
katzenstrand,45
doragy,45
night_kota,45
airashinsfw,45
mehstrosfm,45
brimm,45
paul_0w0,45
yamorio,45
jackbaphomet,45
gelatingent,45
pleskoslez,45
yuck07,45
weremlems,45
thenovika,45
spicyfish157,45
ariagoldberry,45
crezz_crow,45
asdf16,45
hootingfish,45
qwqspeed,45
shindortes,45
riizatensely,45
jacob_the_mistake-ob,45
erival,45
froki,45
angryburger,45
cowdypie,45
elias_kiff,45
cagorical,45
fuwa_(artist),45
floydfiveeyes,45
rager-ermare,45
bull3t,45
gaypassionfruit,45
nbusagi,45
detsu,45
ayuyabo,45
fw4455,45
ginorru,45
azzybunn,45
mourph,45
jinbuuck,45
pancakesbakecakes,45
chromawolf,45
dashid,45
tendocake,45
asdfgh01,45
limbo6_6,45
cinderwishes,45
speendlexmk2,45
sillybunny9623,45
sunrise_hooves,45
deertaru,45
sunny_furr,45
paddedvulpine,45
nomoretigre420,45
diegochirinos20,45
nuggetk12,45
bakothemimic,45
4m4i,45
nikukyu299paw,45
raynkyper,45
tparafrast,45
jus60201,45
olifawn,45
submarinechamomile,45
alexnikky,45
drakebythelake,45
wellrosa,45
browniesnsfw,45
atlasfugged,45
cowcatgames_(artist),45
wabbitears,45
k0_bemy,45
zegorav,45
spikeybluething,45
lexbunsfw,45
plutoumbreon,45
mr_ache,45
simargl_(artist),45
shibatoast,45
ha-man,45
darkdemon74x,45
ghostgengaming,45
artxtcy,45
catptapathy,45
kemonohenry,45
linkxilynx,45
ashcinderwolf,45
customaera,45
elenmilk,45
troppygutz,45
camilla_d'errico,45
hesneyr_kamu,45
fuzzycreature,45
jidane,44
preykill,44
zidanerfox,44
kakumatsurou,44
blackfrost,44
aubrey_ferris,44
hushhusky,44
kiroki,44
ryouta_sumeragi,44
karja,44
tiger-paws,44
yashendwirh,44
mysticsabreonic,44
sleepymaid,44
weremagnus,44
gou,44
kc_green,44
daedalusui,44
shadowzero20,44
bogrim,44
ahobaka,44
xpfoddball,44
nirvanilla,44
apoptosis,44
oyashirothr43,44
kasia88,44
g.f.d,44
ban,44
rawr_(artist),44
zhiibe,44
jaunty7,44
isismasshiro,44
dv-ch,44
xenium,44
ecchi_graffiti,44
tediousramen,44
skizu,44
dearmybrothers,44
celestiawept,44
quanno3,44
angsthewicked,44
mehawk,44
zokoira,44
tasteful-clopper,44
neifaren,44
forgottenscales,44
teqa,44
tan575,44
gluepaw,44
airless,44
schizoideh,44
raven555,44
dissyshy,44
aquagalaxy,44
tomycase,44
fimoman,44
fortunae,44
nat10730,44
hatsuen_kikan,44
elek-tronikz,44
i_animate_ponymotes,44
furshinku,44
t3gray,44
johnsergal,44
rainingskys,44
whatwhatwhoa,44
namjalicious,44
gheyblin,44
clara_bacou,44
metaball,44
nissei_(artist),44
rao_(artist),44
koyashaka,44
ctrl-z,44
setonanaki13,44
tallarra,44
infinitesimal,44
aipiepo,44
sirzi,44
dangernoodledraws,44
tdk,44
kane780302,44
yabby,44
spiggy-the-cat,44
cauguy,44
emberwood,44
zachseligson,44
karasu_akitsuki,44
mangybones,44
kizi0n,44
lopearedquentin,44
azenzeph,44
artrockt,44
tgtf234,44
toxicempress3,44
thecynicalhound,44
ilan1985,44
rokuya,44
brokeguy21,44
luigi-vaporeon,44
raven2dx,44
floralfawn,44
cinnamoncookies,44
wildkicheko,44
kundofox,44
redrocketsfm,44
greenlion,44
darkshiner8,44
kevinrogers,44
burume,44
lordyanyu,44
ourflatcoat,44
inabayasuri,44
esperpenta,44
ko1chan,44
sketch-mantel,44
nyl2,44
foxidro,44
ero_jasper_(artist),44
azlech,44
infrayellow,44
theeldertrinity,44
winterwarning,44
skwid,44
lucidlemon_(artist),44
rainingrush,44
sketchmantel,44
pukopop,44
honowyn,44
huger_smot,44
nequamars,44
jeanne_droue,44
karhumies,44
ennfet,44
nsfy_(artist),44
lotuschild,44
karasu_chan,44
kyelyn_(artist),44
softsorbet,44
dr_whooves_(artist),44
anarchy_puppet,44
ukkaritanuki,44
elasid,44
sadleen,44
pofuilly,44
sin-chan,44
dyzd1,44
chedx,44
raikarou,44
acechan_f,44
picaipii,44
stinkybuns,44
yelftea,44
kings-gz,44
ebelisk,44
bluewollvieh,44
whenwolvescryout,44
otterboxed,44
sevesiya,44
cadslime,44
kinvil,44
lovernios,44
zurezuredesigns,44
dunnhier1,44
heigani,44
ihcaris,44
tailhug_(artist),44
joylewds,44
dazzlekong,44
borotamago,44
amphissal,44
arkross1999,44
dexie93,44
rutkotka,44
drai_(artist),44
takiune_(pixiv),44
thux-ei,44
ghostekey,44
yakumomidori1,44
r4t1cky,44
the_draft_horse,44
enso_t0324,44
atlas-66,44
tvmob,44
madmark,44
chiggedychew,44
kiwi_cutie,44
beefburner,44
moldofficial,44
makaronnie,44
boysa_228,44
chromethefox,44
endn,44
sovierdas,44
mexicanjoe,44
smd_yubune,44
dazswole,44
dudemantix,44
brachiosass,44
karrnade,44
hiryuuuuuuuuu,44
hans_lewdington,44
thyro,44
blackpatapon,44
ranlunghsu,44
sketchdragone,44
shibori_kasu,44
vitpla,44
cloudsen,44
hebe_(pixiv),44
sleeps-darkly_(artist),44
delta_hronum,44
mindofor,44
sirikakire,44
fenrir's_revenge,44
nikanuar,44
norikowolf,44
peterh_lewd,44
hryanart,44
guronolock,44
foxero,44
qethwyrm666,44
whoofly,44
kafiro_element,44
daleport996,44
inui_j_isohata,44
eggplant_nacl,44
maarzdud,44
tolild,44
simplepossum,44
ningerion,44
lord-reckless,44
forbiddendraws,44
shimon_(artist),44
right_side_down,44
semidraws,44
cigarette_kitty,44
fapolantern,44
alfred0sauce,44
nk63171432,44
morusaart,44
sframboob,44
floofyboyetime,44
altelier_t,44
sleepy_poss,44
adra_(artist),44
woobin94,44
lavenderaraliya,44
gabrilis,44
sibugaki_2810,44
severingaxis183,44
dokyudokyu1,44
aryentai,44
8zeon,44
makupatoo,44
asaridaton,44
kisha_(artist),44
jigjig,44
abeybubble,44
snackable,44
pongpongrun,44
artywitch,44
mukinky,44
do!_games,44
drayx,44
maaudaan_tg,44
belvor,44
gvz_7,44
cerealbowlsystem,44
tolsche,44
sandblastcoyote,44
neyyrie,44
greensodafennec,44
jadebbutts,44
risziarts,44
lou_lubally,44
yeetboi420z,44
papudor,44
gonzalo_costa,44
aljune_art,44
siwiko,44
hanaman,44
eli_nygma,44
deanm1ken,44
tharrek,44
lewdthealess,44
caddea,44
tefemmosus,44
blury,44
zerosenpie,44
yummercummer,44
stinkvali,44
1danielscott,44
ozzymandy,44
alexander_clambel,44
silver_tilver,44
wowstuff,44
yakukage,44
gravvure,44
osaka_myun,44
oiamoeyh,44
octo_toaster,44
renyartz,44
nevrhka,44
ottotopus,44
hardflipthehorse,44
ziu_nyu,44
hunnter,44
dragonaurix,44
notaventura,44
dognoms,44
maimeetung,44
tails981,44
ghastlyghatz,44
weksoida,44
daukus,44
krusha64612042,44
delaysinpains,44
goatsworth,44
spot_caution,44
matingheili09,44
htjz-jhon,44
lolcat00,44
element_discens,44
materialcoin,44
bronybran,44
koeru,44
bratwurstcat,44
t-bone589,44
zerbug,44
lgnida,44
inuart2001,44
gammackkk,44
shmike1,44
hedonophobia_h,44
softbunnyhouse,44
booneyard,44
allagainstyou,44
hohoroko,44
justgya,44
z_hado,44
avgvst,44
cometdragonite,44
riddyvrc,44
bellial_grotenbell,44
vasdocor_09,44
itameowmeow,44
cachuchas,44
snowhund,44
scottydoesstuff,44
mrn0b0dy20,44
cherry_kotya,44
thisguyxyq,44
jhony_ryu,44
dekudog,44
majika,44
ohno_(artist),44
herculesart,44
panqueik,44
starstar000,44
divucup,44
redturt,44
roflfox_(artist),44
gaypastabake,44
gree,43
amber_hill,43
collagen,43
nelly,43
lilyness,43
aestheticmachine,43
totem.v,43
kso,43
krona,43
ducko,43
crux_(artist),43
seiren,43
gawein-dragon,43
angello_cauich,43
dci,43
ephorox,43
racthetmechanic,43
interval,43
sonicsfan81,43
tanathy,43
bojog,43
korak_sinatra,43
ontsuna,43
astrofenn,43
freefox,43
quelico,43
ageaus,43
alekthebeasty,43
swomswom,43
lunaismaiwaifu,43
melancholysanctuary,43
paradox-sin,43
blueroses,43
rio_(artist),43
moonestone,43
hogswild,43
dian,43
darkdragoon,43
87,43
cameronwolfe,43
cryme_the_cheetah,43
big_muffintosh,43
raggedy,43
alcasar-reich,43
bodyxcount,43
cevelt,43
haradoshin,43
zer0ember,43
dragga,43
diction,43
drpepsi,43
redsaber,43
nemesis_qq-type,43
pusheen_corp,43
dance2forget,43
andaluce,43
runsammya,43
ferret_cyan,43
kyoumoto_takayuki,43
zarkayrin,43
psydraggy_(artist),43
ignis_rana,43
kritterart,43
antena27,43
eccentricchimera,43
fyrephase,43
mcpartyworld,43
prywinko,43
nonuberis,43
dragoooon1223,43
xierra099,43
detruo,43
sakiiti,43
discordnight_(artist),43
suimatsu,43
bloodymascarade,43
kory_bing,43
kurumiken,43
sfm-dh,43
darkgate,43
plum_(artist),43
theonyn,43
tiger_blueberry,43
plumfsh,43
sami01,43
frava8,43
tumugi_topia,43
collectollider,43
sergefoxpaws,43
camboody,43
chainsxwsmile,43
jessicarae,43
donkboy,43
pizzle,43
rookitanuki,43
nightangeltdc,43
bickpixx,43
mist_xg,43
spokle,43
pinksyrup,43
aoba_(artist),43
tash0,43
karmanseph,43
catnappe143,43
amateurcooper,43
kokidius,43
dark-lunch,43
sagittascuti,43
toroitimu,43
mspaox,43
ghost_thewolf,43
archmage-rykarr,43
zubuzz,43
cormac_(artist),43
roresu,43
odenzzi,43
wulfusweid,43
mitsuharu_nene,43
okmt_redbull,43
xenahasaclit,43
tamlin123,43
amnesia_creations,43
filler_shmazman,43
kyur4_th_ich,43
francesca-ictbs,43
david_morston,43
slapfuzzy,43
arexualex,43
mr-walrus,43
caesarus,43
bearhybrid,43
suenbroe,43
animal_math,43
fuzzywooly,43
tygriis,43
niranna,43
arjinmoon,43
anon_bardos,43
doon,43
zaiel,43
dradicon,43
bluechubbywolf,43
kawazu_fumi,43
miso-roll_(artist),43
moonatik,43
appleseed_(artist),43
butterbit,43
pepper0,43
shugggie,43
silverdrool,43
acrylictoon,43
frozenfangs,43
piberius_w,43
lex-i,43
darlingsocks,43
kamushek228,43
erigawn,43
red_clover_(artist),43
harukaze110,43
imaspacebar,43
nennachan,43
aukives,43
kinxybunny,43
levxrus,43
kalza_12,43
blutep_(artist),43
s_gringo,43
radopossum,43
farran_height_(artist),43
zeydaan_(artist),43
vancefluff,43
cuadraws,43
quentinmimikyu,43
coelhoposa_(artist),43
rico_chan,43
kalystri,43
nadialilium,43
skippysbonezone,43
l4zily,43
whiteartblood,43
askknight,43
thekoboldsummoner,43
blobslimey,43
bubblyred,43
seraphsigil,43
greasymeta,43
coombrain15,43
sufficient_(artist),43
marumu_5656,43
alekiki,43
holrolly,43
redjack_036,43
wolfbread,43
castagno,43
leopon276,43
ruhh-roh,43
wolito,43
nach,43
soulharvest,43
fourway_(artist),43
vhb3art,43
falco_works,43
little_ddraig,43
phantomfuz,43
jakuya_art,43
iceblueeyes3d,43
falseknees,43
aleak_r,43
cybiscus,43
amorousartist,43
snowxwx,43
noxavious,43
devilbeing_(artist),43
atroquine,43
softhanten,43
rockonvelzmor,43
sakehabera,43
peculiar_doll,43
skachy,43
goatdraw,43
leonileo,43
something_wicked_(artist),43
romanwildernessofpain,43
fazmaz,43
octorocktopus,43
tenshio,43
jnkyrd,43
raspberrydragon,43
ayasakiace,43
rauta2,43
sludgetoons,43
alli_paeonia,43
danipika,43
monstrousfrog,43
porncooby,43
munsshy,43
sybar14,43
daymoon_100,43
fwankie,43
dreamatwrite,43
justahoot,43
hiei0221,43
caramelthegoat,43
vag_(pixiv),43
jellystripe,43
muto2000_(artist),43
sakurami_ruruko,43
maylynne_long,43
psychostars,43
a_midnight_cat,43
like-a-beee,43
coyotebbbusted,43
neonnnzz,43
vespbee,43
the_lost_cinnamon_roll,43
holorilla,43
nudii,43
pandzart,43
holidaysoftfox,43
kamimation,43
drijuce,43
hypernova_(artist),43
bubblepop2001,43
sea_pupper,43
comisariomcnuggets,43
patto_pib,43
lewd_supernova,43
hallowgen,43
zephuur,43
nathylution,43
sweetiesoul,43
furrxatinity_delovia,43
mellow_hops,43
paprikachunk,43
gneffbutter,43
asura-00,43
litelikesart,43
leapsandtumbles,43
cassava,43
dr.holiday,43
yudvacof,43
hazarts,43
hindae,43
koken_artwork,43
angxlmeat,43
wasabi_kitt,43
regain_illust,43
squibbleink,43
arties_sauce_(artist),43
archiiscuteboy,43
rux-uwu,43
mrripper338,43
homerus,43
hell99999,43
dashlostudios,43
dagothurfanclub,43
rasetaa,43
anzeray,43
aozorart,43
gurli,43
springhell1201,43
kolemus,43
hexagooba,43
lil_gardon,43
lewdartistboy,43
kirbugo,43
chi_panpan,43
forfun2,43
blast-furnace,43
tyenov,43
orcakingu,43
willywea,43
usagi3_comic,43
juxi,43
softending,43
eddyratt,43
pantyking,43
lorcat,43
kaffeinn,43
zombvie00,43
smokerfennek,43
dustbunny404,43
kotobulka,43
dannysartworks,43
nello_the_tiger,43
diamoreting,43
unfunny_kitty,43
remochi,43
token_taker,43
xpuppykittyzx,43
chewyennui,43
nommsalotl,43
mc233tkx,43
fishbonedd,43
ivnislykun,43
themonkeyjack,43
putty_(artist),43
chilemeister,43
persipeach,43
psznnp,43
vulpeku,43
duart.tales,43
yamayza,43
coyotesocks,43
velixx,43
packs_3d,43
dogbonedraws,43
ponyzilla,43
theonetruesinner,43
ashsniffer,43
mrfurelli,43
icelyon,42
naoki,42
pablocomics,42
winstar,42
dragonrage,42
lobs,42
razzek,42
darkzel,42
adriky1012,42
kizu,42
twilight-goddess,42
kashe,42
htfcuddles,42
lonewolf666,42
inju_otoko,42
eri,42
kuma_kun,42
clexyoshi,42
lazydoogan,42
gloveboxofdoom,42
kitsuneymg,42
exige,42
allymoodyneko,42
dankwart,42
swegabe,42
jeffk38uk,42
josilver,42
hotpie,42
wtfeather,42
maskedpuppy,42
esprites,42
peachiekeenie,42
yad,42
zelo_lee,42
pinderhooks,42
mikituu,42
seiren_(artist),42
stoney-pony,42
kimichika,42
blue-paint-sea,42
bloss,42
victoriano_the_chief,42
soddy,42
marshmallowvinyl,42
mr-dna,42
blaqink,42
cheezypb,42
mirry92,42
ast,42
lotorloon,42
onodera,42
coffuu,42
vogelrove,42
garroh,42
kernelewdies,42
crimson-karma,42
pardok,42
starri,42
lilythekitsune,42
setup1337,42
bluejr,42
quiet-ala,42
waltz,42
fuzzybear,42
mlpboxing,42
enryuuchan,42
bae_bunny_(artist),42
byron_howard,42
eyeswings,42
draquarzi,42
wusagi2,42
kogiinu,42
babynarwhal,42
darkestmirrored,42
baguette_(artist),42
hound_wolf,42
kajy,42
ratteu,42
osiimi,42
creeps,42
capital-h,42
satynapaper,42
joosiart,42
vallus,42
miss_moosie,42
chasey_ultra_beast_goodra,42
charry,42
daisypayne_(artist),42
thereaven,42
apex_(artist),42
onat,42
promiscuousmaractus,42
tnargraef,42
wispowillo,42
cidius,42
catastrophy,42
silvertain,42
mimizu,42
kikisinkspray,42
putricia,42
shu_20625,42
zipzap,42
ssorobo,42
sarukaiwolf,42
untier,42
sandune,42
mustachedbain,42
neebaridge,42
valiance22,42
bu2ma,42
reis94618,42
aromasensei,42
bernie-buddy,42
ultranidd,42
goatmystic,42
zusie,42
purpurrot,42
jadeyarts,42
emiramora,42
just-another-vore-artist,42
sheep_riritoto,42
doberman_moralist,42
vixieblues,42
hjkr,42
matydraws_(artist),42
canvassolaris,42
moonlit-comet,42
shon2,42
zombiehk,42
nade,42
harushipanda,42
ferolepo,42
eenocs,42
lylejones,42
kisaragi_syoo,42
speeddrop,42
oqtozille,42
itwasscatters,42
cfoxblu,42
balthysstuff,42
libertades,42
furlasziv,42
seandemon,42
lonelytear,42
dibujos_tutifruti,42
cosia,42
isohak23,42
wunp,42
lizzykoopa,42
davias00,42
sano_br,42
vox_glass,42
chatora_(pixiv),42
maskedcube,42
bittercream,42
theonewithoutaname,42
marcfox,42
korouxus,42
moshi_chan,42
cashmerekangaroo,42
homemosaco,42
shero-chan,42
xenoyparxi,42
feralyama,42
geboku,42
acyace,42
badgefox,42
artians,42
ibuo,42
auramargaret,42
foxmelra,42
somethingstarry,42
dizrahk_(artist),42
leofel_barraund,42
tueddelkram,42
caffeine3,42
rockin_candies,42
anfani_(artist),42
snuggydoug,42
sheryaugust,42
thejestermime,42
nephiclav,42
lithiumred,42
tsukiji,42
sosososleazy,42
eifiemoth,42
bubbashiad,42
gumbahgoo,42
15roacxs,42
catto_(artist),42
hedgehogblue02,42
cosmicpussycat,42
rawnchyrancher,42
greenzlie,42
goldenautilus,42
bluebarrel,42
conquart,42
cho!cho!,42
funkydeer00,42
tigeraf,42
kuttzawarie,42
wontonrhino,42
2414,42
ratcatcher,42
donguri306,42
zombieartz,42
noah-the-husker,42
psyertitan,42
sethmetparriere,42
i_sexed_the_pumpkin,42
paddle-boat,42
vitamin_unknown,42
ryev_alki,42
saberpaws,42
ferocaniz,42
chancethecheetah,42
felix_vincent,42
nathan_w,42
ichigodawashi,42
terrehaute,42
acario,42
marcy's_lewd_images,42
ideltasarc333,42
bacun,42
hashcopyrice,42
cothswoller,42
nickofthebra,42
kahlua_caribou,42
fluffy_sketch,42
asmodeusdeus,42
sonimad_(artist),42
kydronaegis,42
baashi,42
gravtitty,42
kwskkaruta,42
ccr_graph,42
plumlucky,42
slippy_o'donnell,42
sundaecorner,42
mellow_uni,42
luckywhore_(velvetlamb),42
averagezebraboy,42
nanodox,42
zhuki_(artist),42
zettoart,42
c3b4,42
fr3yo,42
demilustdragon,42
zataekink,42
0907_kapi,42
nylonics,42
lin_(artist),42
1bit-deviant,42
teyuw_puppy,42
ryukak,42
ainava,42
sushilegion,42
faeriin,42
maridiansnack,42
rosy_fun,42
cynically_wolf,42
pumpkinnaughty,42
seemurena,42
darkgalgani,42
acidarmageddon,42
coyohowdy,42
dsgh,42
ganii,42
reetogoth,42
smashed_(artist),42
quickcast,42
doublespace,42
poptart_paints,42
jjeoe,42
badabingbong,42
quizaro,42
naughty_cat,42
kaokaoarts,42
mirukiblue,42
badartvirtuoso,42
colbycat,42
skartyuz,42
ketsumoa,42
kvaseus,42
nyalinch,42
mightyoceano,42
nathanlepoyo,42
fireclown,42
roonefox,42
momobutt,42
wyo,42
nebulaburr_(artist),42
laverne_3r,42
fc5,42
gayguyfella,42
zimsanada2,42
junkzero,42
chump1_tnl,42
buransan,42
xero_(artist),42
bracketsxxx,42
hoofcoochie,42
nakharin,42
zunno_furr,42
freckelz,42
lev0on,42
baranarts,42
shockathy,42
redsinity,42
u_kno,42
fromitalywithfurore,42
jtay,42
frencore,42
bexx,42
kanaeshka,42
ketchup_coke,42
slinkmayker,42
bitalie,42
pekisart,42
usershaden-07reads,42
inko_blue,42
scott_arts,42
confeito000_333,42
demoncubs,42
wan_txt,42
madmanart,42
bean0tastic,42
yagihorns,42
halanari,42
dietranch,42
vernt45,42
kentobi,42
minty_after_hours,42
river-zombie,42
rottingxrooster,42
cool_cola,42
kazuma_kaneko,41
trashcanchampion,41
goldenfox,41
voondahbayosh,41
kittiara,41
dare_(artist),41
trix_the_cat,41
nyaongssi,41
esartist,41
dahr,41
tao_2carat,41
scarlett_the_red,41
dayan,41
lukoi,41
blumagik,41
flakes,41
mikakitty,41
kakukaku,41
pequedark-velvet,41
zerospanda,41
roo_boy,41
ghq,41
fox-die,41
maximillianveers,41
anadukune,41
leylahshan,41
junkersquawker,41
ovens,41
mleth,41
xjkenny,41
sambers,41
ganbanman,41
kinyama,41
silver_fly,41
sokolas,41
darkhatboy,41
weegboi,41
damakrell,41
redbeanviolin,41
m-p-l,41
mopan,41
aizawasilk,41
bluemeganium,41
cynos-zilla,41
altairxxx,41
suplolnope,41
iyumiblue,41
mgx0,41
allosaurus_(artist),41
bodalack,41
mia_(artist),41
mlpanon,41
theflankbank,41
chikiko,41
white-kano,41
fiuefey,41
rainebow,41
kumanaut,41
dognextdoor,41
kenshiki666,41
l077,41
mamesuke,41
buru,41
kokopelli-kid,41
scootiebloom,41
bunnylace,41
sugahbite,41
suk0tto,41
killystein,41
kabeu_mariko,41
sapphireluna,41
sourspot,41
li0nie,41
valuvial,41
tail_person,41
verdilacs,41
studiouac,41
greenpolygon,41
dashiesparkle,41
eluku99,41
moenkin,41
conformitywhore,41
twoots,41
andreia-chan,41
furrypuddingthegreat,41
berrypawnch,41
glazed_(artist),41
purpleninfy,41
krazyivan,41
ponyanony,41
hayhorse,41
sp3ktr3,41
crescentpapermoon,41
dream--chan,41
mothernoroi,41
nayshie,41
dashiathebunny,41
alovion,41
tofuboyz,41
caiem,41
reyriders,41
postalroo,41
digbox,41
commander_star,41
essentialryu,41
maniani0122,41
reymur,41
st637,41
wo262,41
komusou_(jinrikisha),41
woodenplankstudios,41
rice_(artist),41
smutphibian,41
goatboyalex,41
stardragonhorse,41
katauni,41
blanch,41
aquasixio,41
leynadtsio,41
lemurfeature,41
kadrion,41
traashmann,41
jackle0rgy,41
irollyouover,41
laurelhach23,41
cyth-swag,41
zoruabydefault,41
somestickygoo,41
pepsi_man_(artist),41
karin_apple25,41
thesneakyzone,41
sciamano240,41
pikaqoo,41
nemao,41
itohiro0305,41
velyash,41
mr.shigglesworth,41
luichemax,41
hukuroushi,41
lost_out_gi,41
rovafur,41
snartles,41
millerotic,41
vic_senpai,41
jacksleight,41
sovesute,41
jmacgregor,41
angart_(artist),41
yonachka_doki,41
y40ifan,41
annyui0611,41
iryanic,41
henry_vargas,41
gaelfox,41
buffalonickels,41
cimche,41
inimus,41
vic_p,41
mikeknight19,41
saika076,41
surrealtone,41
shiredo,41
powerandy,41
kaikaikyro,41
chuchodraws,41
cazinkwolf,41
firefangdragon,41
kuroamekemo,41
zest_(artist),41
joenobody,41
ragerice,41
clarevoir,41
darkgoku,41
madslads,41
chunkyfunkys,41
violetmadness7,41
torrn,41
tattanbu,41
diver_(artist),41
authorialnoice,41
chelo,41
lynxcatgirl,41
kmicamica,41
pur-fox,41
foulmonster,41
voidyy,41
zenon_s2017,41
limehazard,41
devellix,41
kaboodles,41
oseterollicete,41
tuzzleton,41
azzidraggy,41
secretgull,41
sterlingrizzly,41
umine,41
invdrscar,41
byukanon,41
korick17,41
crizostar,41
pushpup,41
gayrider8,41
niliu_chahui,41
stampertpandragon,41
bxb777,41
gamblepaws,41
pubbi,41
kawa_(artist),41
vanasmuttin,41
fish7163,41
soulkibble,41
lewdshark,41
amiel_(artist),41
lazy_tiggy,41
syo_you9,41
aseniyaaa,41
zigstripes,41
jinsidraws,41
padawanko,41
ascaniololololol,41
jewellier_(artist),41
robotbarista,41
kiu_piu,41
argohazak,41
spotxy,41
randrel,41
meo_miou,41
crimsontyd,41
tsukemono,41
13uckaroo,41
naatti_(artist),41
sleepibytes,41
primeviale,41
wiitchguts,41
yournightlydesires,41
pplpvtr,41
titanogoro,41
ntremi,41
demon3sigma,41
inmersion,41
darasuke,41
miicchii,41
phatmewtwo,41
pitania4,41
wisdomdanae,41
alternate_text_(artist),41
caffeinekobold,41
kimemoonstar,41
artform42nd,41
poochybig,41
acomfyblanket,41
dumbandgreen,41
summoning_square,41
melonpuff,41
tinstarsp,41
jaeger_wunderkind,41
c-r-s,41
emil-gee,41
pink_marky,41
leofwulf,41
apollo_(artist),41
berngruff,41
lewrancelaura,41
wokky,41
cammyjazz,41
premiumdraw,41
lukehealy,41
wg_suru,41
seindrak,41
iamameatballl,41
sugarjester,41
kuzuyu,41
jayfrid,41
purplehorny,41
primocreatore,41
oroborus,41
tangeluscious,41
howyabenn,41
chromaticfox,41
eyeseedee,41
whitechip,41
possummachine,41
pinkutora,41
burrbito,41
d682,41
milch_und_gold,41
missingphd,41
i_dk_i,41
freemindstuff,41
rocky_rakoon,41
tailsltx,41
bigfap,41
floofychi,41
rosutoriano,41
geramime,41
yanrwolf,41
drizzlingprince,41
jerbeartraveler,41
tamainu,41
thebeart,41
toxybabu,41
donnitro72,41
koboldklaws,41
fufer,41
lobsteritus,41
cafe-grimful,41
sangpress,41
pribako,41
keccubus,41
3drendernoob,41
ruentn,41
harukaroto,41
avisheart,41
lewdy_ludi,41
bitelava,41
wfafa,41
jdoe_p,41
dreewe,41
zaqiizawa,41
maximumuwu,41
lonelywolfy,41
fiddwe,41
tuokemao,41
blanc_nasties,41
izneg,41
blopfry,41
aoi_tachi0,41
piecrow,41
capitankoki,41
kiskjeez,41
bunnewitch,41
novav33,41
dondedun,41
kaneda_chan,41
ulithefurry,41
anon_and_knux,41
potatocherrypie,41
johnn_lima,41
deltablackk,41
shillcat,41
pikavani,41
erotaiga,41
onwanwa,41
agitongunohoken,41
voidryes,41
alexc,41
forestpunktiger,41
hilyasp,41
protolady,41
ketinha,41
catlord,41
snoozysoozyy,41
shuoying,41
re-yyyyyy,41
half-coco,41
dali_(pixiv),41
uniomie,41
coyotebass,41
morguepimp,41
sparrowlucero,41
eaglerick,41
aspensplaypen,41
test_pattern_(artist),41
indigested_omelette,41
darkryn_(artist),41
yellow_omen,41
torinohito,41
latexm4n,41
bashka,41
relyt2442,41
koiyaroid,41
dcelestial,41
kapigator,41
jalpunny,41
rubbersolutions,41
d3nofur,41
fenchfletcher,41
adamphoebe,41
scab_nsfw,41
nyactophiliac,41
the_ponya,41
chibemo,41
sixshades,40
xanaeth,40
zarla,40
mursa,40
chibibass,40
kazami_karasu,40
tiuhu,40
nanojam,40
manaita,40
kui,40
koh,40
aikon,40
kkmck,40
fawnbaby,40
xkoshiji,40
thiscrispykat,40
damnevildog,40
paint34,40
fer,40
athestnox,40
darkghost,40
olient,40
hydrowing,40
wakeangel2001,40
faelis,40
redintravenous,40
kigekigahou,40
arekusuwulf,40
gradiewoof,40
kerestan,40
quirkilicious,40
muscleartguy,40
dasmuskel,40
vito,40
penmark,40
yui.h,40
lemonpuff,40
horitomo,40
twarda8,40
tetra_(artist),40
leatherlick,40
livriel,40
dragoncrescent,40
suddenlytsumi,40
fairycosmo,40
sum_kemono,40
cynik,40
feline-fattale,40
tecfront,40
quas-quas,40
ekihnox,40
ni3ls,40
bones_(artist),40
dorrex,40
unholysoul,40
tayarinne,40
theecchiqueen,40
dawnrn,40
razinoats,40
eerieeden,40
dingots,40
sirbrownbear,40
ullamaliztli,40
eoki-san_(artist),40
bobguthrie,40
graybluestudios,40
nonananana,40
egging_(artist),40
lukas_artair,40
drazelle_(artist),40
seturou1010,40
nubsy,40
fastflight,40
verulence,40
viciouscroc,40
shilohsmilodon,40
ricebunny,40
infected-ellis,40
colydos,40
seeka,40
fang29,40
flemaly,40
jman0525,40
atlasf4,40
bullydog,40
mondoro,40
cheesepuffs,40
fearmywaffles,40
neattea,40
captyns,40
naze,40
beau_555,40
koreanmadfox,40
sanjiseo,40
cyrie,40
thekzx,40
arcticneu,40
akella,40
dr_lazarus_lamar,40
hodgepodgedl,40
sliderspoint,40
d5ma,40
gingatokkyu,40
nsfw-hideous,40
fuwuart,40
milvusb,40
tooni-pi,40
nappana,40
vendant,40
refe2,40
digs,40
medicatedcannibal,40
leo-ravioleo,40
abthegreat,40
harkonner,40
meatroza,40
pinktabico,40
suutooroo,40
orenjimaru,40
ailu_h0,40
homo_the_domo,40
atehrea,40
kemono_tk,40
ryks,40
triatelx,40
polkscastle,40
thetarget,40
anges,40
sculpture_(artist),40
besthetz,40
umbradraws,40
nivarra,40
moemneop,40
raikuma,40
whateverthefox,40
imaslowperson,40
lewdsharx,40
crowlix,40
axelspike,40
dancingchar-fetish,40
tuomas_koivurinne,40
onsti,40
krocodilian,40
fufucatu,40
karmen16,40
lirietrai,40
harbingerofchange,40
theartofvero,40
brazhnik,40
sparkpad,40
chubbachunks,40
weirdmarks,40
duplicatename,40
rovak,40
ottersoup,40
sukoi_(artist),40
slimecatt,40
gamgyuls,40
aquapaulo,40
penna,40
aldyderg,40
mirrorreach,40
wolfenwares,40
zavi-chan,40
classicmuzzle_(artist),40
petplayer976,40
chiko_mew,40
angrycaboose,40
monstadog,40
u5rilla_ktzk,40
technicoloris,40
soulasexypanda,40
aruberu,40
hellox2,40
sukedai_haniwa,40
zerika_(artist),40
bartolomeobari,40
lemonscented60,40
garvan,40
anhrmgzo,40
geosaiko1267,40
jodyinkfist,40
ink-dood,40
pol6473,40
dstitan,40
1107263,40
syrupcoyote,40
ethan_forestfox,40
ddguy,40
yuuki-abe,40
secretcorgi,40
enetheligthingdancer,40
kinoselynn,40
naudiz_(artist),40
chinigan,40
mospy_(artist),40
wolfladylouise,40
yellow_elephant,40
doomrior,40
elijah_zx,40
fluffybuck,40
docdraw_(artist),40
lionclaw,40
56_june,40
reoisready,40
strawberryvixen,40
andyaoa,40
naxylos,40
planaria,40
dash23,40
tapeworm_(artist),40
lycaenops,40
kinky-roo,40
cheezar,40
swirlzeez,40
i2lsx,40
koda_kattt,40
bromeister2,40
terito,40
vulkinx,40
kiophen,40
chrystaldraw,40
pokithekat,40
cogamori,40
micchan_sense,40
saturn_ribbon,40
vensaru,40
sailby,40
bydena,40
mixplin,40
nootherway,40
artistnjc,40
in_30000,40
rowanzero,40
boxley_(artist),40
za_barro,40
omegaminti,40
leleack12,40
syrupglazed,40
horuru,40
stars_(artist),40
warwickislovely,40
ninja-max,40
dumbwoofer,40
alex_art's,40
gutmixer,40
shira_stargazer,40
jamsire,40
megaswitchsfm,40
lagupus,40
wilsondoggo64,40
blurau,40
hoccult,40
nebelviper,40
saradrawsart,40
mstdndkkkkk,40
louijanaa,40
sludgegutss,40
nmtokimori,40
nickncyberspace,40
surryfox,40
morito_(artist),40
moshihun,40
hammymushpants,40
josiedink,40
lilfatpepper,40
mferite,40
dvan_arts_(artist),40
hassillio,40
onetruefanatyk,40
the_dirty_mind,40
astralc0de,40
hiyori_(artist),40
fumochi_n,40
blissade,40
squibstash,40
varlus,40
vega_(artist),40
nyame8,40
notherneon,40
chocoholicmonkey,40
eskofox,40
tochtli_luxuria,40
fallenangel,40
justelliscub,40
pondfeesh,40
berss,40
rengaboo,40
nomrico,40
nsfwtheodore,40
alikiwii,40
appelsaus,40
theblueorc,40
hhhyyyiii,40
saltysweets,40
lizard_tamming,40
somedivs,40
painedpinata,40
vixenpeeks,40
opossumvalley,40
floraltrash,40
bigandbounce,40
sonokare,40
huskyralvar,40
artemissaturn,40
poppy_feral,40
ajtr_95,40
chel_motley,40
aeteranix,40
dorans_flea,40
nahnah21,40
macha_zr,40
adrian_dough,40
oxygeni,40
taru_8naru,40
freggsnsfw,40
aomaarts,40
nickhiroshi,40
artxol,40
a.u.tumn,40
velkhana4396,40
thunkytank,40
arevix,40
ghostguppi,40
ninelivesaved,40
gegegekman,40
tecnicide,40
tcflsfm,40
travis_fowler,40
janek5,40
akan_mori,40
galvanian,40
maiseyissilly,40
omalakai,40
danyredlion,40
soulsdrawing,40
ajicitoart,40
cybrokrimson,40
bluewyvern,40
hydrocity,40
morkzaytf9,40
questionable_aesthetics_(artist),40
superduck,40
bonanusfanan,40
haral,40
fabella,40
shonencore,40
tukoshuko,40
mestysa,40
gatoradeew,40
ravi_skunk,40
twomornings,40
nsfwgiraffe,40
tailjira,40
wild_strokes,40
chorny_vasiliok,40
aquaeagle,40
kalu_fox,40
cubbycorner,40
sean_serpentine,40
stoneheron,40
rileyarlic_(artist),40
boobfan06,40
cohavmuzar,40
itadakicat,39
kaiven,39
cappuccino,39
dawkz,39
marci_mcadam,39
haison,39
tsukushi_akihito,39
hakijagu1,39
pinkle,39
rudethefox,39
fox7,39
asdfjkl03,39
alaitallon,39
kiki-uma,39
catfiddle,39
fyriwolf666,39
emboss0320,39
shmorky,39
dreaddenimpirate,39
shune,39
qarrezel,39
ev133,39
tonywolf,39
zdemian,39
nasu,39
fliegen80s,39
kiai,39
digidredg,39
cobra_mcjingleballs,39
nattya,39
jcharlesmachiavelli,39
lord_foxhole,39
hutchyy,39
gnarlton66,39
hythrojin,39
rifel,39
sweetvixsin,39
bulletsoup,39
mamuru,39
kooshmeister,39
kitsune_nyx,39
heroesheaven,39
vampirekitty,39
syrahfairbairn,39
bass_(artist),39
therabbitd,39
wasabi_(artist),39
mezasalvador,39
reaver2kl4u,39
30clock,39
tyruas,39
matt_rat,39
tinycurlyq,39
rivercoon,39
primer_(artist),39
ahseo,39
nimtai,39
conejoblanco,39
daustmasana,39
leatificat,39
moonshine_(artist),39
huebris,39
slimytongues,39
knockabiller,39
colorfulhoovednights,39
jetwave,39
kitsunedark,39
zepht7,39
farcuf,39
kuritama,39
howling_wolves,39
vhyena,39
matsukura,39
northernironbelly,39
yellow-dragon,39
peekay,39
tren,39
kaiuchiha15,39
bloomth,39
luckywhispersjellyfish,39
sapphynhoa,39
maenomeri,39
samasan_(artist),39
secaz,39
mcpippypants,39
dong2fm,39
thegworks,39
nitefang,39
catin-milk,39
zuppu11,39
kerespup,39
ultra-ryo,39
emiridian,39
fiship,39
redx331,39
quantum0,39
tony_crynight,39
wootmaster,39
madkaniini,39
ssalbulre,39
kuroshinki,39
maxdigipower,39
thatpeon,39
trcfan,39
lionrion,39
370ml,39
notfornothin,39
cyberblade,39
nahami,39
flutteringpie,39
sairine,39
squatlord,39
zeveth,39
denki_shougun,39
ydk1226,39
shaza_(artist),39
marmar,39
wotan888,39
sonicfoxhound,39
segainfinity,39
sheenny,39
madnessandgiovanni0595,39
badcompzero,39
bumbleborb,39
deee,39
/d/non,39
hope_brielle,39
neon-b,39
v-sarg,39
baraodornelles,39
madkaiser,39
wattyo,39
aybr,39
barbearian,39
cotopes,39
mrplow34,39
kinako_(artist),39
aomaroo,39
doopnoop_(artist),39
aerosouthpaws,39
sfl-art,39
playzholder,39
pixiemiata,39
orenjipiiru,39
fluzzbuzz,39
maloroid,39
fpsblyck,39
artybear,39
96_gatefield,39
airwolf1987,39
charr_starz,39
bolt-s_(artist),39
yinhu885,39
amadeen,39
stann_co,39
morguebuddy,39
jacklantern_11,39
meertak,39
gundypip,39
sinful_ink_(artist),39
babysp00ks,39
lynxrush,39
mezzmar,39
ransomone,39
hkluterman,39
postal_(artist),39
v12,39
erovsaaaka,39
zetsubouironfang,39
darama,39
00makumakuma00,39
anagod,39
konishi,39
mudamura,39
monokurosekai06,39
bb-cumming,39
ev1lp1nk1,39
arkdoggo,39
qwert,39
kurozu,39
sirius_hoshi_s,39
askalin,39
shyphorra_(artist),39
ankie.,39
yosshi_(yo41),39
ottlyoo,39
hiyo_(hiyoratory),39
kalonezhno,39
siwo_(artist),39
mr.takealook,39
hillmyna,39
unawarey,39
rubberbark,39
mr_roo_(artist),39
lackofcomfort,39
artorias_(artist),39
rabbitinafoxden,39
lordweegee64,39
landomcflurry,39
x1aoyaoya,39
kivuru,39
josendall_art,39
syrenbytes,39
eggseru,39
deepfriedlemons,39
the_broadcaster,39
kashikomishotta,39
setthh98,39
cylynix,39
tabu-rat,39
dljoe,39
ironhawk,39
iro_gomasio,39
bestbake,39
forshu,39
majuv,39
clariarikari,39
mbf-p02,39
omzzimeow,39
linzer_(artist),39
ninety_xc,39
jamison_hawkes,39
orbitpaws,39
kevab,39
rafvicalv,39
jwbalsley,39
wsad_(artist),39
cresxart,39
dreamtanker,39
millymay,39
boldbeaux,39
chenxiao_bull,39
botransforms,39
feerone,39
g3xa,39
naughtyxerigart,39
dragon_well,39
xinnainai,39
nimbletail,39
nazunita,39
lora_mclaren,39
rmmlusitania,39
maulnarch_blooderfly,39
efoav,39
pinkerie,39
redjasper,39
kafka_(artist),39
anthony_milko,39
taylor_titmouse,39
foxygrandpaa,39
chrono_(pixiv),39
killiansatoru,39
shibuya_2810,39
irrationalgeek,39
neo_mecha,39
mucci,39
euspuche,39
liliana86973943,39
rexyseven,39
oboii,39
dani3019,39
geshache,39
fowel,39
ghostart,39
loafofbirb,39
mavrickzoo,39
ekzonzz,39
honeyson,39
raven30_(artist),39
kiahl,39
gdn0522,39
claragonza3,39
jefflink,39
neonpeppermint,39
screwbones,39
awhorewhodraws,39
pea2,39
haruaneki,39
cryptidcoyote,39
cobaltgrande,39
rakntl,39
astridmeowstic,39
bigtimekudo,39
adamant_unicorn,39
milkesheique,39
buttermoth,39
some_sangheili,39
raviolisnake,39
lamekun,39
mazik~,39
zhangkuu,39
anjydrawslewd,39
rogerwoof,39
skoufidios,39
lazaxus,39
floofthefennec,39
shov_16,39
yotsumeddd,39
tazatail,39
spidernickels,39
pinkookie,39
zorroenojado,39
ncimpuu,39
chazthewolf,39
joycawn,39
thecheshireguy,39
hatkopf,39
sidioskiere,39
wsuphapkun,39
drz_nsfw,39
sam2up,39
furryscorpion90,39
vincytheprincy,39
taihen_(artist),39
peuzzabaiano,39
d_geazz,39
jukkavali,39
haitbe,39
redmox,39
havoczo,39
yto_6,39
riolukidd,39
caxy_creations,39
axismarcy,39
mengcuteye,39
andyocelot,39
draneko132,39
nekovid,39
ayaxstudio,39
rous_fox,39
kinkyskinky,39
entropy_(artist),39
vesnyr,39
absolise,39
dragonfron,39
urumin3939,39
sheriffpunchy,39
thatfat_cat,39
meejikom,39
darkcyndoge,39
macarena_vizuete,39
stealthyspirit,39
mccheeky64,39
reppu,39
lordchica_(artist),39
sinzx80,39
fyreblazes,39
minabaudelair,39
soiledvessels,39
drowsypuppy,39
fuzzylynx,39
threehorns,39
g472y,39
gol1ath,39
ankorthewolf,39
fukksitacin,39
hikleloveshiking,39
yultzr,39
valdemar_fordragon,39
cloudyiki,39
krakencalamari,39
rottenfox,39
plague_w,39
windowpossum,39
vernoncaolo,39
raindristashka,39
cookiead69,39
mervil,39
dinim,39
softdiamond_(artist),39
dreks_thel,39
nowu,39
bamb00,39
jessejuss,39
resrabbutt,39
bybuckett,39
citrusseed,39
squashortstacks,39
5uicideleopard,39
kristhelynx,39
furkobayashi,39
floppyoppy,39
sayoko,39
4hazelstreet,39
tulrang,39
kesha_kotolapa,39
shelbyzangoose,39
roguemorpho,39
blude550,39
piddlepuss,39
tsunoart,39
trem.hunt.er_(artist),39
furflection,39
tanbagel,39
c2d2,39
ghostlymainfra1,39
sara.roman,39
hailey_png,39
ratfucker616,39
lisyrnik,39
finny_finegan,39
kukiyuusha,39
feralclaw,39
korncob,39
ellael,39
watawatakuro,39
nerunaur,39
barkxfang,39
eneki_sei,39
charon2,38
kasedries,38
bitterjackal,38
larathelabrat,38
decaf,38
louvelex,38
reho,38
cameroo,38
yunicoon,38
shiroisora,38
kiartia,38
shinokorosha,38
yaise,38
richard_moore,38
srklmsama,38
joshcraven,38
houndgrey,38
inubito,38
darkrobin,38
oca,38
gasmask_(artist),38
the_veterinarian,38
familliar,38
frickabee,38
renezuo,38
soupandbutter,38
apofiss,38
lamm,38
necromuncher,38
theparagon,38
drakerogers,38
hotaru-mia,38
xander_the_blue_(artist),38
sowia,38
otakuwolf,38
sorrel-wolf,38
ondine,38
unrealfox,38
sirmeo,38
tersethra,38
kelso-crazy,38
scramjet747,38
cedargrove,38
mr_samson,38
ghstkatt,38
oniei,38
baralust,38
sketchyyvun,38
illusiveelusive,38
hackman23,38
undertaker,38
foxielove,38
putinforgod,38
quickhorn,38
balloon-quilava,38
coffeelsb,38
birdsmooch,38
commodor-richter,38
rebeccacablah,38
furemani,38
leokatana,38
doe-shmo,38
meteorreb0rn,38
fapmasterflex,38
domoipetti,38
manlyshark,38
sonicharinezumi,38
nestkeeper,38
blacksnake,38
pshyzo,38
ripperelite,38
spacekitten,38
bkub,38
i_am_nude,38
irae,38
smashingrenders,38
katuro,38
the-wizard-of-art,38
yamiji,38
devicre,38
neokandra,38
puflitos,38
seoxys6,38
torte,38
hanybe,38
pokewanko,38
rei39,38
thejedhenry,38
theyands,38
oddciders,38
toast435,38
kelvin_kombinat,38
cyndiquill200,38
mrfarrow,38
ktn_kuta,38
spacedog,38
ranken,38
lowergold,38
neckroo,38
sodiepawp,38
mort3l,38
bilebubble,38
lupar,38
ovvv,38
melon22,38
kezmmar,38
yuskenn,38
iahfy,38
tailsoft,38
chigico_u,38
blushmallet,38
krystune,38
ixum,38
sismicious,38
ningenzoo,38
arcing_light,38
dragon0324r,38
xerlexer,38
umani,38
rednoodle,38
raironu,38
ottar,38
white-snow-wolf,38
kandox_tekzer,38
naughtycatnick,38
keryo_wolfe,38
baru_x2,38
kassc,38
gamutfeathers,38
lawychan,38
colfaxwulffy,38
takezamurai,38
vdru7,38
idaialo,38
robakusa,38
bulletfang,38
dannycare,38
nikoyosan,38
kotalis,38
lao_cia,38
greydaboy,38
nklove3104,38
owlletta,38
naritsu,38
mechamonkeyz,38
kanicra,38
smutbase,38
minacream,38
virusotaku,38
sz,38
onecherry,38
doguma-sin,38
leno_woof,38
kafekafei,38
flou,38
ncpk,38
whiteshadowhare,38
pearypanda,38
befuddledbunny,38
ka92,38
takeo_(artist),38
bjyord,38
nsfw-tofu,38
kate-nikki,38
kuroneko_coffee,38
ricederp,38
gagmanzx,38
ender_malcolm,38
nire,38
emoti,38
kellerkangaroo,38
ksuwabe,38
endoudouhu,38
ante_flan,38
n647,38
teapose2,38
clevzx,38
yafath,38
abraxocleaner,38
gallardo,38
ottotheavocadoslayer,38
tenkoles,38
littlebird,38
strana_(artist),38
shoutless,38
kobuld,38
mothrianna,38
bravobunny,38
nightmarishnova,38
olerr,38
kakure_eria,38
stitcheddolls,38
icebounde,38
durlead,38
zady,38
mike_cubes,38
doodlebun,38
skade_nsfw_(artist),38
lurker_bot,38
drinkyourvegetable,38
labrastroodle,38
yakinikuinu,38
kevintrentin,38
princess_rari,38
milkdeliveryguy,38
dan7821,38
nostracon,38
lasersloth42,38
rahisauce,38
cracky45,38
dirtyero,38
neilenk,38
ecplise,38
matokiro,38
armiv,38
silverplatin,38
fjollettigeren,38
gentlemandemon,38
bbb_aiueo,38
siegerabbit,38
loodboyo,38
toaster_aaa,38
sassyspicy,38
kasloth,38
geowaffle,38
hurbles,38
kifirelava,38
neginoheya,38
adynamical,38
robunii,38
fuzzyfuzz,38
boarteeth,38
shelly_tar,38
kumadrw,38
undead_cashew,38
esubatan_prpr,38
juicyman,38
dracksart,38
xarr,38
ddevil,38
captain_spade,38
nachiwanko,38
ashary,38
poivre_moulu,38
garbatge,38
mystalker,38
mukarmor,38
nns,38
thegantian,38
gravelurkertsk,38
pg_enaena,38
weedymeadowfawn,38
alldropped,38
partlysmith,38
zendir,38
neenbeanmachine,38
froggiepaws,38
yanzer,38
avalony,38
xiel_milano,38
kazukirakugaki,38
pixiv_id_1806579,38
fanzeem,38
katscarlettkat,38
pche,38
changed_remake,38
manekomon,38
xanadu7,38
potatokamaos,38
gekkowizard,38
parkwillbark,38
painted_cora,38
xan-gelx,38
blakey,38
pop2hotzz,38
danelaxy_(artist),38
depsu,38
gusty8787,38
dragon1900,38
dottfeet,38
saury_(artist),38
naryumi_(artist),38
zwishi,38
boras_art,38
cashmeremoo,38
deadpotato,38
mike_dramon_(artist),38
eromorudo,38
velvetbunn,38
kiboshx,38
witcherbird,38
jinxi_frauder,38
bode_fuceta,38
infernaltanuki,38
echowocha,38
malgluor,38
baps_fucks~,38
nliiz,38
st.likhod,38
boloid,38
mikosi,38
navisludge,38
bamiroon,38
hollydaysheep,38
maliborg,38
froskury,38
mr_johnhalo,38
nenechucks,38
lemonoki,38
kaonari,38
luvbunny,38
ng_hus,38
osiol,38
zeta_zeraora_(artist),38
alexnik,38
gureko11,38
yeshh,38
armus_(artist),38
purplebubble,38
chadrat,38
bastardcat3,38
lepetithelvete,38
pat3awelitas300,38
la_sandia_(artist),38
nekoyashiki,38
hatwolf,38
cand1tty,38
wickedhounds,38
supergal64,38
mimidumpi,38
staplerad,38
foxofnightmares,38
shrimpaws_(artist),38
sonic_gaming456,38
illarts,38
avm-toons,38
misael4ever,38
endoras,38
chokinghazard,38
takeichi_abaraya,38
youzin,38
glhiro,38
goatykai,38
antifreezetea,38
guyzep,38
rioni,38
thepinkpandacat,38
8ushman,38
luterre,38
isagoodfriend,38
ekrea_jan,38
fawnpawss,38
skulboogie,38
lewdylithical,38
arekage,38
azusagp,38
one_01,38
ladyluckfate,38
aceshellshocked,38
lilly_3d,38
entitycore,38
spiderpeets,38
morimoridraws,38
yogore_shark,38
nekokaii,38
haru41113,38
pierogipie,38
maybilecandy,38
pauseprogress,38
marinaneko,38
vulpixxeon,38
lizards0ck,38
saveslot,38
nibblyknuckles,38
chicken_soup_(artist),38
baohellhound,38
ranabysson,38
lightmagician893z,38
dogflops,38
tabs_huoo,38
feelieowo,38
shirom,38
melody_maku,38
sharnom,38
dwelne,38
citrusbunny17,38
creamsodage,38
morria_a,38
daimengxiaoyan,38
clubvixen,38
gorochuinboxers,38
pirpole_haze,38
sharpybutts,38
us_cannonfodder,38
fuyifuji,38
hititecstasy,38
reaching_art,38
candybleed,38
doncraneoart,38
ekkeves,38
jamiebirby,38
mrs_dexie,38
sei8,38
ouchlucas,38
duxeite,38
planet_kind,38
kepchuk,38
why2kz,38
f3lixc4tus,38
alcoholy,38
anxiousboar,38
sakaniyame,38
seb_mujinn,38
virg925,38
snubbyarts,38
federico_maria_cugliari,38
glassjawboxer,37
tigerblack,37
utilizator,37
c0sm0,37
mutsukemo,37
fluffy_(artist),37
captricosakara,37
humbird0,37
rayverak,37
mirri,37
mr,37
edi,37
krillos,37
bloocarrot,37
chasington,37
wolfmaster,37
tenzen,37
astolpho,37
besonik,37
sibsy,37
thatdamngoat,37
awkwa,37
cheetahlover,37
nubs,37
kuromiya,37
senseibushido,37
4ofswords,37
seikox,37
synad,37
suzidragonlady,37
carnival_(artist),37
gweek,37
mizusawa_nino,37
liomynx,37
trapmagius,37
cane-mckeyton,37
wyldfire7,37
bluari,37
chinad011,37
thebrave,37
tamahana,37
argoth,37
ashitarimai,37
gryx,37
discordriderr34,37
symbolhero,37
adnarai,37
canime,37
prdarkfox,37
guppo,37
bleeding_dragon,37
mike_(artist),37
dtkraus,37
sinligereep,37
dochyde,37
rfswitched,37
dragoon-rekka,37
spacemaxmarine,37
tonpuu,37
pepooni,37
fjnm000,37
siraviena,37
frankieancelotti,37
berriessparrowmouse,37
renokim,37
iri-neko,37
lyeni,37
enormous_(artist),37
desireeu,37
ooo_(^_^),37
salemcat,37
ronff,37
kour,37
keilink,37
chibi-depraved,37
lordzid,37
pablofiorentino,37
mtpcrew,37
stx70,37
airlemi,37
yuras12,37
zodiacnicola,37
flash_(artist),37
tar0,37
blackmesajoe_(artist),37
rustin,37
ajuka,37
rinkhet,37
kumi_pumi,37
shimazun,37
bobbycheez,37
tria_(artist),37
alex_solis,37
fluffymaiden,37
kaizen2582,37
maegsker,37
beauty_snake,37
scamwich,37
cummysonic,37
lycoris,37
olchas,37
foxteru,37
astr0zone,37
decentperversion,37
crayonchewer,37
sarmon,37
duck_hunt_dog_(artist),37
sheepish,37
frostedmountain,37
noctilucent-arts,37
meepin~bloodeh,37
cleateater,37
zetrocci,37
akazai,37
stealth-brock,37
amemati_0,37
phietto,37
mukucookie,37
okadu,37
hashburrowns,37
bigbidoof,37
caramelix,37
bloominrose,37
pancakebunny,37
sweetthesour,37
hielodogwolf,37
darkra,37
boston.babe,37
lizardsmooches,37
zefirotreddi,37
numairiaoi,37
mikeluckas,37
james_silvani,37
silentsound,37
purplesplash1372,37
fooooly,37
ch3cooh1231,37
yuuneechan801,37
estranoh,37
cleverfoxman,37
ta777371,37
2b_(artist),37
cyrusthecat,37
argent_cookie,37
ask_dark_molestia,37
flucky_bat,37
hulksmash31_(artist),37
pplover,37
babayana,37
kogarasumaru24,37
gutsout_(artist),37
whitestarfoxline,37
halabaluu,37
isaaclou,37
bdsmtoall,37
brokenrekordbro,37
raccoonkind,37
dwzaafi,37
junijoobs,37
apin59,37
terri_the_dragon,37
spiceboybebop,37
blacksaw,37
pocki07,37
renaphin,37
thedemonfoxy,37
leafymyllee,37
crazykat,37
jaspurrlock,37
lambofanubis,37
azaeldragon,37
hirainaoto1,37
asarimaniac,37
harkin_theflyinghog,37
flippin-rad,37
tapcha,37
blurriwod,37
musabo3neo,37
fanakfurry,37
coyzoi,37
[in]vader,37
fffftony,37
fatkylefat,37
satana25,37
pakaproductions,37
rinjiro3,37
alphs,37
zipper_(artist),37
hozunomi,37
jerry_5779,37
greywolfie,37
mod_lemon,37
ericherilan,37
crazybluedog.exe_(artist),37
yukras_abyss,37
otorigin,37
mr_jugger,37
dirty-palms,37
hulksmash31,37
raikugan,37
kondo_musashi,37
blazing-infurno,37
sam_eeveelutions,37
hel-ish,37
catewolf,37
huxiaomai,37
kakithefox,37
hartery,37
lucyon,37
gnarlybastard,37
amayasenpai,37
dtfrisk345,37
thekingbros,37
shiromon999,37
delbi3d,37
sofit,37
courtesyart,37
oldwerewolf,37
mskah,37
darkwolf79,37
goobysart,37
derelict,37
deromofo,37
ravenemore,37
glacier_up_sun,37
lacasadelosdibujosua,37
mixiorca,37
dragotrashcan,37
viktor0r,37
pascalthepommie,37
nekosay,37
ulna_moon,37
makisy,37
blueclayman,37
anormalzombie,37
elgato17,37
jeto_calihan,37
sevk,37
kinathefox,37
caffeinatedhornfox,37
mysticwaffle032,37
lilyamae,37
bigrbear,37
66wolfreak99,37
fridaylugia,37
mikojin,37
superagro,37
konami_yung,37
josel,37
wild_tapioca,37
drawmeaponynamedbob,37
ssecrets151,37
shiiorina,37
smash-d,37
71er,37
rhesa_dox,37
nia4294,37
tetz_(artist),37
firesalts,37
pendoraaaa1,37
sleeping_isotope,37
spoongod,37
kozumetako,37
bubblecop,37
avariceprism,37
goulingtfs,37
birchsin,37
replic,37
dominohyena,37
rosti,37
bulkca1783,37
musaparadise,37
flashfigure,37
blukek,37
yulzana,37
diffusedlizard,37
k'draws,37
mistresskamba,37
vinzzyart,37
harumuname,37
houkaisp,37
its_cerverus,37
merore,37
salsen,37
ghostlyfoxy,37
kusonikumarukun,37
penelopisspiss,37
chopangigante,37
yiffoliousstank,37
mankokat,37
pierreperifel,37
bullyableshiba,37
itazura_(artist),37
smugbluefaun,37
hss_dada,37
drakkmac,37
richard_gaines,37
kammuraqi,37
mishythesheep,37
pupcatnip,37
m_bruiser,37
oomanagarcha,37
roachelle,37
totobun,37
akysha,37
allanthesergal52,37
m3_(pixiv),37
pelzibat,37
pough,37
tenebrisnoctus,37
delphixander,37
windbiom,37
lewdwithlogan,37
ni_draw,37
mike_griffon,37
lavender_lily,37
majimartbcn,37
nonny18675309,37
lystraoleg,37
szoch,37
xiiiofi,37
bananitryi,37
nitropunkarts,37
shinlalala,37
zetsuya06,37
slowdancer,37
loverk90,37
berside,37
3d_horsey_3d,37
ginz,37
mudosa_3_1,37
brikot,37
letusgomaki,37
heydaysfm,37
dinkden,37
kaokao,37
dakuromii,37
phantasmalfurry,37
forrest18,37
natdraws,37
umeiif,37
alexandliberty,37
nudimane,37
arttatoe,37
spyrook,37
twizzlrs,37
flowsie,37
mckodimus,37
karl0,37
misterj,37
sabamiso_(sabamasasix),37
lextoondog,37
ejavox,37
ignoremeee22,37
nyarii,37
raylak_m,37
rottieridge,37
novalewd,37
smokin-chip,37
nekuchan,37
tukiguma761,37
lyraarts,37
twigsyy,37
scraggy_(artist),37
sanppa_popo,37
tomotiso2k,37
foontanu,37
chinju_r,37
honey_maple,37
lattemon,37
wolfyxcharged00,37
mamas_hell,37
pieklo3015,37
typicalwalker,37
helices3d,37
shchrit,37
valentinesartx,37
watagenodebi,37
potvoheu2,37
draggieposs,37
nexart,37
forbobs2,37
varva,37
fizzill,37
mohich,37
lustful_zen,37
pocket_fluff,37
bluefoxzaza,37
sheinvc,37
bimbini,37
enrgydrinkeater,37
capivara_furra,37
scottsktch,37
contort_desire,37
bigkami,37
seadewgin,37
dodgerpng,37
dylanaildon_no_2,37
flam3s,37
bmq,37
sarahratte,37
oofmasterxd,37
illamajamma,37
luciradraws,37
mochasplash,37
peto3001,37
void_opossum,37
brewfilter,37
anders_285,37
greko_the_cat,37
chuyy,37
kirlecore,37
melongoat3d,37
heykerart,37
koturitsu,37
lee082176180909,37
lephkas,37
gabrycat28,37
kazutor0,37
p1aymannx,37
nokasdungeon,37
clovedex,37
evilfiendish,37
dronema,37
dieseldoden,37
dyloteryx,37
dragonmorfer,37
schuppenritter,37
leyla0223,37
cameohasdied,37
blarkel,37
mr.puerco,37
worny,37
eisuke_art,37
vizaz,37
maxmulticroc,37
pivoiacher,37
melonvino,37
bruhmantwt,37
hamham_gd,37
madameeclipse,37
michele_marchionne,37
unhappy893,37
greenbuncafe,37
bluescale_(artist),37
fox_lee,36
alakser,36
richard_bartrop,36
pave,36
moonbyrn,36
xiin,36
calli,36
skycroc,36
bencoon,36
flintex,36
chris_fischer,36
the_red_angel,36
incognitymous,36
jyu_han,36
belo4ka,36
bloodhound_(artist),36
shoxxe,36
raptorsr,36
nemo,36
fritzlesticks,36
konkitty,36
volkcreed,36
ahirulion,36
keatonnoir,36
vulpesco,36
ponyparty,36
sho-n-d,36
vixy_(artist),36
fukami,36
cm_august,36
tt-n,36
fuzzdrake101,36
nialus,36
shirow_masamune,36
pn09,36
kushina13,36
liea,36
barbariank,36
diaboso,36
steffy-beff,36
caelacanthe,36
fast_and_furryious,36
kane-neko,36
umbra-b3ar,36
icefire,36
ponyboom,36
rokudenashi,36
cuson,36
lazorchef,36
erotibot,36
maximilo,36
usbdongle,36
splice_(artist),36
aymint,36
muraachi2gou,36
yan,36
jaggiekant,36
amauta,36
foudubulbe,36
alazak,36
askscissortwilight,36
kazgok,36
chiroina,36
keebles,36
reina_(artist),36
ron_spencer,36
darkartistkaiser,36
collieh,36
pawsnfurs,36
ebi_193,36
acdc,36
hyruzon,36
uniporno,36
blue-the-unknown,36
rebornica,36
hastegan,36
shambles,36
apimpnamedcheerilee,36
tamineko,36
sunbetch,36
aze,36
wellek,36
mozu,36
00kaori00,36
cyra1172,36
uitinla,36
mr_baton,36
krayxii,36
quib,36
jackasss,36
ostinlein,36
tzulin,36
boait,36
silver-stag,36
kkhoppang,36
buttsteak,36
purenova,36
j4kl,36
spicedevil,36
mramp,36
honeytongue,36
kisu-no-hi,36
dalluwn,36
furryporky,36
kaenidi,36
suzumiya11,36
bluekumabox,36
jking1200,36
linkerluis,36
sunoko24,36
mrdoccon,36
scaleground,36
hotneon,36
squizxy,36
rabin,36
deedrake,36
n64_(artist),36
lpawz,36
cloak_and_dirk,36
zalasly,36
cardinal_screen,36
scarneck_(artist),36
darzycat,36
breeoche,36
jin_(mugenjin),36
chico110,36
boneboxy,36
marshmallowfury,36
torata3220,36
malorne,36
draw-till-death_(artist),36
ziyane,36
neboone,36
yakiniku,36
cortoony,36
belovedfoxx,36
genericboxhead,36
pukupukudragon,36
dinobust,36
sinamuna,36
shadisfaction,36
milkriot,36
martith,36
reskaro,36
karatachi,36
theinspiredsphynx,36
resondog,36
virensere,36
mathewmii,36
aisuroma,36
warlus,36
roxburyfox,36
levan_zan,36
sleepyscientist,36
hulder,36
ayyk92,36
valvi369,36
bibarel_rei,36
buchineko,36
taj_(artist),36
wizzdono,36
poroo-mi,36
rattykai,36
saffronic,36
atelierlily,36
alator,36
joltink,36
hyprknetc,36
beribeardraw,36
mikaila_turkleson,36
gyfu,36
rad-dan-art,36
zevrant_bapt_(artist),36
moujya,36
valeris,36
artiskarushi,36
doomfister,36
guzu_kuo,36
onmodel3d,36
leo_zeke,36
bonfirefox,36
roumgu,36
apollo_caelum_(artist),36
theheckinlewd,36
wilderlove,36
kiro_fennec,36
knimzknov,36
milileonaorochi,36
mochiskii,36
gurobase,36
og_idk,36
luckyruby,36
taka_fin9623,36
coyate23,36
haika,36
qixart,36
zefa,36
puertero,36
danielsung,36
squeedrii_(artist),36
lostspotschee,36
pedi_supea_(a140fox),36
sinelesh,36
momhopantsu,36
palomap,36
tora_oekaki,36
bullstorm,36
wanderer1988,36
royer27_xd,36
jzbthx,36
cpt.lovers,36
tyviania,36
niick_galaxy,36
shamanbr96,36
stickface,36
teknotyk,36
kaibootsu,36
lewott,36
artisyone,36
deadboltreturns,36
paranoiddroid,36
symbolicproto,36
goatonomous,36
cherusdoodles,36
da1k1ra,36
nanadagger,36
brozoi,36
deme_0816,36
posnno,36
sword-dance,36
heathenpixel,36
sofi_harper,36
coughytoffee,36
frostyphox,36
maneymaw_(artist),36
wyatttheriot,36
bearwithabroom,36
natsuminyan,36
merrytail,36
endo_(artist),36
67marshmallows,36
amycow,36
bishopi,36
syscod,36
whatever9903,36
vausep,36
dragonium_(artist),36
heroin-burn,36
alluringcryptid,36
corkiicorgii,36
vorchitect,36
bonkieblues,36
thescraw,36
ivolein,36
erch_toons,36
mk_artichoke,36
belwulf,36
pandam,36
nospots,36
elpiratalakshm1,36
serenaught,36
chitgor_daimei,36
masking_(artist),36
sterlingsilver07,36
pkpk_arrow,36
mythiilewdii,36
hirame42,36
pantsu-ripper,36
pluke,36
void_lizard,36
fhcat,36
e_convenient,36
null_and_void,36
shamelessgrimoire,36
shortbred,36
fizzymola,36
queen_kemono,36
corvidbelow,36
labirhin,36
super_kubo,36
naycelium,36
nasumaki,36
raylor_7,36
pudutoast,36
kiszkot,36
systemsearcher,36
yuruyuru,36
nikkora,36
bromojumbo,36
catinatrash1,36
anmtns,36
bluelada,36
sallylla,36
feith-zr,36
angrycontra,36
r_anon_4,36
pixyfox23,36
ryanmakana,36
aiasuru,36
peachmuffin,36
tuubi,36
cryptidfelinoid,36
mzzzzzzzz,36
thyvixie,36
skull_bunz_official,36
yuhokyattya,36
qadyx,36
faustoxiii,36
iwtbat,36
bombayeen_(artist),36
pidgedouglas,36
koori_sirokuma,36
cheexy,36
hibernotion,36
ryogo,36
php137,36
paranoiya,36
sam0120,36
impiousred,36
jjjmek,36
phalanx_b_deer,36
leo19969525,36
queenkittyok,36
speedsmygame1,36
legendofnerd,36
ninathepun,36
omurice-kun,36
high5art,36
wolfox90210,36
wubcakensfw,36
insaniousjaydonius,36
gadthegod,36
accelevik,36
valthelewdtino,36
spicy_triangles,36
alts-art,36
adelfrey,36
tristana_gllant,36
coopitchu,36
heartssoul,36
bigtboss,36
depravedstar,36
irago,36
lissa_bee,36
powpink09,36
cycadaacolyte,36
huckypaw,36
newt_trz,36
lockedsdcard,36
mrvalentim,36
breadcatta,36
hexuru,36
bootimax,36
silvershield88,36
aweeeson,36
aant,36
hornthorns,36
poofybunx,36
toastyfuzzbuns,36
destroycode,36
wormbin,36
blazinlink,36
hgh-pine,36
amiliya,36
fizzyizzi,36
beemxddd100,36
wethamster,36
sokkacherimoya,36
storagepc,36
coralhunter,36
sightsear,36
mutagen_(artist),36
burnable_garbage,36
swift_bristle,36
mikiyani,36
j-naz,36
clayton_h,36
jesuscheesus,36
julio_lacerda,36
artmaphoxy,36
yourbuddybooze,36
kyjaanka,36
theeldritcheyes,36
wolfrayay,36
chikidoodlez,36
ninoninoniruaaa,36
kloe_mone,36
blumarshmallow_(artist),36
fanaya,36
coel_(artist),36
itz_not_v,36
ferinexia,36
weirdocat,36
artpunishment,36
southger,36
.xil0.,36
pineconepaladin,36
blue_in_den,36
shyny48941006,36
shimshimakaze,36
little1234blood,36
gatotacato,36
wowthisisgreat,36
kemonoyao,36
drosgrassy_06,36
supersuperrare,36
karurvn,36
suna_sand1,36
funamusea_(artist),36
p1c0_p1c0,36
darkspite,36
fluffos,36
megabox,36
lalo_oliv,36
eternal-chronicler,36
saddragon16_(artist),36
amesawa_yagi,36
xiaoshengsm,36
cnb2804,36
soarfloh,36
echodragon,36
silverfancyarts,36
tropicalcyclone,36
vlizz,36
stinkdierr,36
janewolf,36
raunchysurfeit,36
kockroach,36
pawkers,36
gostlywolf,36
starpeeen,36
burrymare,36
foxium,36
viotailed,36
kaaski,36
bunny_maloney_meko,36
zunda_d2002,36
radiomann01,36
atelierphos,36
freaky_fel,36
paulpla,36
zeraniumz,36
yatagarasunopen,36
lui2,36
av-15,36
lopsalien,36
activeajames,36
hypeu,36
aka_meyneth,36
wereren,36
hurricane_weaver,36
wtfshaz,36
jig,35
smokeforears,35
lyanti,35
chewtoy,35
kayiko,35
everruler,35
konu_eikuku_hentaru,35
soulstealer666,35
machina,35
otama,35
supon,35
nokoppa,35
beastmaster,35
tyson_hesse,35
furrine,35
barkwoof,35
hiroyuki_setogawa,35
teddybearlumpkins,35
raphiel,35
thea,35
fetalstar,35
anthony_sarkasuo,35
themirth,35
c4tspajamas,35
kipper0308,35
artgerm,35
remywolf,35
azirik,35
sofakinggood,35
suzumaru,35
lovely_mawile,35
inkohaulyc-1,35
maishida,35
cote,35
renashe,35
nycket,35
hidden_mudkip,35
dragonsushi,35
kagesan,35
hinoraito,35
unknown_editor,35
studio_cutepet,35
pennicandies,35
mrawl,35
seismic,35
katiramoon,35
victoriadaedra,35
beart,35
anz,35
len4ik555,35
koshimoto,35
jaquelindreamz,35
tokeitime,35
walnut225,35
shojiku,35
boxice,35
nightlinez,35
japananon,35
jakejoke,35
takame,35
yuu_h,35
necrofeline,35
oinari,35
brubearbrown,35
kadzu,35
naesyroc,35
gusana,35
sonictopfan,35
inkyblot,35
alex_kl5,35
wobbleblot_(artist),35
cybera,35
loculi,35
nintendarkland,35
inotetu,35
bluesuedepuma,35
potchi,35
restluck,35
hippiewolf,35
ponyecho,35
jaimeprecoz,35
simply-wrong,35
rura,35
morningpanda,35
xxxbiliwinxxx,35
lurry,35
maro,35
dd159,35
maniacbox,35
sammy-upvotes,35
eggonaught,35
luki13lol,35
silverfish_(artist),35
famous_comics,35
z0mbieraptor,35
yuriyuri_(ccc),35
akairiot,35
igriega,35
noodlefreak88,35
defalt,35
lewdhorses,35
candylady,35
lucioro,35
carpemortem_(artist),35
werew0lfyiff,35
titankerberos,35
fazar,35
natsuakai,35
zettadragon,35
blackligerth,35
donitkitt,35
doggiemonkey,35
ajder,35
hatebit,35
ko-shu,35
ruef,35
tipsie,35
pteryon,35
dizzy_demon,35
charchu_(artist),35
artistawesome,35
sakatagintoki117,35
howllie,35
corsack,35
buckwulf_(artist),35
emiechii,35
eth_(artist),35
jawsfm,35
aibou,35
terverai,35
iiimirai,35
maximussolini,35
peachy-pudding,35
yasuno,35
hypnotickitten,35
mrardilla,35
thepainfultruth,35
starryvolta,35
tardor,35
itty-bitty_(artist),35
endivinity,35
huglust,35
bxblazexd,35
goshhhh,35
henjikotetsu,35
kujalla,35
rayana_rezaque,35
eddie_holly,35
pinkpunk95,35
lil-potion-shop,35
dinamitecupcake,35
devildjmachine,35
banira,35
wookylee,35
kijima222,35
topazxwolf,35
octo-risotto,35
sinfullysweet-tea,35
davidsone,35
numpia,35
coodee,35
malicorne,35
ineka,35
sleepysealion,35
fizwack,35
paulgq,35
trem_trrn,35
dogfurno999,35
amarynceus,35
felidre_(artist),35
elwysprigg,35
kadikadisake,35
mongrelist,35
gondwanagod,35
minminsemi,35
randomdud,35
foxinajacket,35
kimsan-stuff,35
shadownight456,35
ghunter,35
bastardo,35
ieyasu,35
ekubo,35
etcexera,35
frost_norde,35
sammaeel,35
justausernamesfm,35
rulean,35
art_hoshi,35
brevman,35
vdrebi,35
alm0nd,35
vivid-day_(artist),35
framebuffer,35
infiniteshades,35
brallion,35
unik,35
furjoe0,35
ukhansson,35
cartoonsaur,35
taoz,35
zorzero,35
panman11293,35
lincugunnis,35
creamy_kitty,35
doverstar,35
darkness35wolf,35
maraart,35
nico26b,35
abyss_kiryu,35
pororikin,35
ofstrial,35
toastyscones,35
tsubasagahoshi,35
charkie,35
luaky,35
nignogs,35
quackrobo,35
kaliber,35
feedtheboss,35
eddward,35
pichetlepichet,35
drignov,35
imightbemick,35
ggponk,35
nyoronyan,35
k-cxvii,35
kyosuke_fujiwara,35
promedio,35
fu_touer,35
orioz,35
magictukai_aaaa,35
omumorning,35
mauimoe,35
hebinoashura_(artist),35
reykoli,35
norules_inmyrancho,35
etrola,35
mizu_(pixiv),35
miikesobi,35
porygonleft,35
shanutaka,35
slurpiedoo,35
darkbearcave,35
nibv,35
hauoli47,35
h0y0n,35
cello2424,35
vapebrowoeon,35
vahn_yourdoom,35
jberrserker,35
traitmill,35
gm_laz,35
shirokumani,35
smoosho,35
someshittysketches,35
noxseban,35
fapmew,35
kordarin,35
lovemet123_(lovemet_room),35
thesketchfox,35
merakburr,35
64k,35
doof_rabbit,35
inudium,35
camih,35
kdromka,35
mochikirb,35
smolsnuff,35
nikomi1080,35
robotic_pastries,35
gay_farting_raptor,35
dasoupguy,35
kripi,35
badwagon_(artist),35
senakun0530,35
werewolferos,35
arkeus,35
ergoruz,35
ershd,35
koki_1,35
shinonizaru,35
wahuku18,35
zephhyr,35
subnormal5000,35
mechanical_jaws,35
melisareb,35
toriellove,35
hlebushekuwu,35
mugicaan1,35
austinarts4,35
lazy_work_horse,35
sheena_ink,35
cyrovon,35
fluffymonsterart,35
zanbonsen,35
koshhhata,35
xenon50mm,35
molisen,35
savaj_bunny,35
idobata_hp,35
pachirisus,35
tachitamachi,35
starston,35
cafefluff,35
naiacreations,35
hazyblackcat,35
devianthorde,35
lian_(artist),35
theta_k23,35
smog01,35
daruzenon,35
viixenpiixen,35
pinkuunegai,35
analog_raccoon,35
kolajo,35
sobeloart,35
mikeiscool12345,35
pazek,35
quetza,35
peabert_jaybert,35
thornybush,35
ekagos,35
kobaltoco,35
hirofence,35
jellycakeslice,35
spazlovesdew,35
splendidsplend8,35
shinymagpie,35
kinkybird,35
wriithe,35
grayviz,35
bunibelol,35
ffloofball,35
69saturn420,35
immunefox,35
thejameater,35
buckgalley,35
tur0_dx,35
fiberll,35
selles,35
dxm8,35
indigo_cho,35
edioretysa,35
tyso_art,35
npc5554,35
tgab,35
cloud_coffee,35
spunkmcfunk,35
sadist69,35
inhabitedartist,35
baraboy,35
epic_derzito,35
corginamedbruno,35
demoniccat1,35
lewd_factory,35
sixth_quadratus,35
moiidesho,35
kava_(artist),35
lirudraw,35
spicydrag0n,35
mcrepsi,35
koivyx,35
uid,35
chlorine_artworks,35
yapan,35
sieepwalking,35
kitafune_matsuki,35
littlelombaxart,35
fogata,35
fupperbottom,35
whattheflix,35
rote_haare,35
dirtyredpaint,35
fusu,35
lizardanon,35
shiokisylvia,35
lotte_cherman,35
slappps,35
tavvy_tav,35
greenmasck,35
skalelsky,35
ho_salt,35
lumino,35
hoomanex,35
akeowi,35
hexentatze,35
genyacero,35
huntings,35
yume_mitaatode,35
misspooks,35
coffeelilauwu,35
waspwarrior,35
skeletaleagle16,35
clintr007,35
disease_dis,35
thelewdshi,35
kuroonivt,35
momoart,35
lantiangou,35
unsavory_stash,35
nabotart,35
candypawz,35
cataliser2,35
rabidplushy,35
fragilescales,35
po-ar,35
mvikt,35
dreamdragon89,35
murrdusa,35
woosp,35
sarctrue,35
yose_stones,35
prelares,35
lince11,35
mousedoll,35
bajableat,35
kimz,35
sartex,35
bify,35
bosstariamuss,35
liluay,35
schorl,35
softceiling,35
coffeeco,35
acorn_furry,35
nixynebula,35
canofstars,35
sinnerbuns,35
gottagetagrip,35
caringsins,35
mschaox6,35
frostwallart,35
danger_alex_draw,35
confidentartist,35
nanuk_(artist),35
ponchiko,35
nickbravecomics,35
riftskeen,35
gremlingrounded,35
ndk7,35
cheesyx3d,35
helfyr,35
hedgehogstew,35
spazticcat,35
ivy_arts,35
v3nomdr3nch,35
littl3dipp,35
thegoo,35
mizuiro_chizu_(artist),35
crybabytomix,35
gabby94,35
kanespider,35
catgirlsupreme,35
art_of_emm,35
catalystconverter,35
asizeimock,35
duckfeatherz,35
ferrethazel,35
jamesdog,35
pinnati,35
mikabb,35
shieol,35
artemi,35
psyjohn,35
agavegator,35
puppins,35
saintlycharles,35
lust_mutt,35
lucaforever,35
nobodick,35
an0malyz3r0,35
zdx,35
kenfoxx,34
dreamer69,34
jumpyneko,34
timothy_fay,34
soro,34
monoth,34
raver_roo,34
kcravenyote,34
yokkora,34
darkwolfie,34
decko,34
shaw,34
mxgurl89,34
ailah,34
shiyusu,34
dragon_soul_e,34
nicholas_gurewitch,34
samael,34
fard,34
atimon,34
zorusky,34
stephanie_lynn,34
dezi,34
felixpath_(artist),34
weasely,34
narcoticdream,34
toro29,34
farellemoon,34
pzero,34
deaddog2007,34
7-car-pileup,34
yarnjelly,34
kattymouse,34
sugarcat,34
big-red,34
jaffe,34
mirotic,34
tezukuri,34
hannahugs,34
radial_(artist),34
raphial,34
lucidpariah,34
elosande,34
sdark391,34
ectasy26,34
makkon,34
chip_n'death,34
thex-plotion,34
great_nix_fox,34
bloodfart,34
menaceatrois,34
caramelfox,34
serule,34
secret-pony,34
folo,34
leche,34
thelastgherkin,34
cayleth,34
jklind,34
7nights,34
chrono-fur,34
326,34
masterxxxl,34
meanmotorscooter,34
kf_furry_design,34
sweetsushi,34
fayleh,34
chainedbirds,34
geckomania,34
5j4c720,34
furronymous,34
gtsdev,34
darkchibishadow,34
cii_(artist),34
transgressors-reworks,34
mr2cats,34
ariesartist,34
oot,34
crablouse,34
bajanic,34
asadama,34
xantouke,34
malaki,34
fantasyisland,34
balamoo,34
monorus,34
sketchywolf-13,34
epulson,34
pelboy,34
emilythepenguin,34
rain-fox,34
pawneddyfurry,34
demidelerious,34
missmillerz,34
indexer,34
kaylink,34
raspbeary,34
potes,34
htodinth,34
crystalshards,34
ion-27,34
kurosilverfang,34
obscurabuns,34
kochimel,34
mistressmunchies,34
anonyartist,34
pandaking757,34
yuu-chan,34
nenenero,34
midori_(artist),34
axelshane,34
derpixon,34
valkiria,34
karura_(artist),34
cloudman,34
skle,34
dyani-yahto,34
steelphox,34
edude,34
phantastus,34
iremi,34
shameful-display,34
saberuneko,34
drchops,34
conquistabear,34
gonnaneedabiggerboat,34
skyverchase,34
ratipiko,34
soupcanz,34
quartet_(artist),34
archy-,34
flamyphantom1,34
tallyburd,34
nom-sympony,34
gidora_(artist),34
charliebarkinq,34
zidanemina,34
chapiduh,34
konoeikreations,34
inputwo,34
ambunny,34
mintgears,34
biakela,34
fakerface45,34
lemlem97,34
bhloopy,34
rugia1992,34
landidzu,34
origami-orange,34
zuel32,34
milkywhy,34
xxomgx,34
bigshadowdragon,34
mittensmcgee,34
stickyglobule,34
r3dstar69,34
slipperyt,34
didichann,34
notcuti,34
remivalism,34
tochinoko,34
orangekissess,34
gianghanz,34
shembreopheline,34
samanta_(artist),34
mecha417,34
whitexterior,34
komorebihebiart,34
dreycothewyrm,34
hinako_iroiro,34
iwano.kal_(artist),34
yusioka,34
weon1119,34
falkeart,34
zisak,34
kororoman,34
bluefield,34
xedit,34
snizard,34
delta26,34
doriangolovka,34
reubarbpie,34
naughtybirdart,34
virdemis,34
kukseleg,34
koron-dash,34
eracin,34
stockingshot56,34
sacredsun519,34
reitounek,34
biko97,34
aorumi,34
crazy_company,34
defaultuser12,34
ruddi,34
zipsha,34
hazeker,34
grizzlesbear,34
weers,34
littlemomoko,34
paqaaqap,34
epicsubterfuge,34
bream,34
gorezing,34
chunkyoreo,34
mrvonfuzzlebutt,34
sheebu,34
yumich,34
frostynoten,34
meirune,34
krugell,34
famousartpotato,34
cana_(artist),34
siurize,34
sertralion,34
mame_taro,34
strangersfm,34
effses,34
7gaku_7,34
e1ectronicchimera,34
professor_fluff,34
freezietype,34
difman,34
god_wanko,34
busybunny,34
akacia,34
silvertongue_(artist),34
scorchedup,34
rankanri,34
myxi,34
eon54,34
11768hoshi,34
foxraver,34
thiccrobots,34
elsian,34
drdeadman,34
alexyoshirama,34
luluangel,34
fujiweeb,34
double-zr-tap,34
akipesa,34
silverfishnsfw_(artist),34
grang34,34
princeofchilledbros,34
aaa-its-spook,34
p2yong,34
thanuki,34
iimia,34
bitsofjam,34
sh_in_ys,34
eggman_(artist),34
frillious,34
alq,34
woozysfm,34
clarissa_arts,34
nigazi,34
chemicalkirin,34
dirittle,34
hikerumin,34
poxygon,34
infiniteapple,34
la.xtc,34
leisure_bug,34
vaaan,34
elevatorvibes,34
ziggy_s,34
nanbuskhan,34
pendulous_g,34
ayylmao0129,34
tdph2dubnoxxthu,34
shexyo,34
sasha_shkip,34
hypercawk,34
sylverow0,34
aztodio,34
yellowcrom,34
kohaku_q,34
randomkooldude,34
arilace,34
polarbearanimation,34
girlwithdrill,34
wulfenski_(artist),34
ondatra,34
nigauritaruto,34
imperial_loser,34
vipy,34
akelyx_(artist),34
gaby-t,34
rompinpomps,34
keromasou_(artist),34
mazinga669,34
suckmycoccyx,34
cirothicc,34
karukan_(monjya),34
reversecall,34
wolfen_deschain,34
edward10186,34
aluxander01,34
vixxier,34
scourgesolace_(artist),34
zerofenrir,34
noizen,34
diboci,34
chef_cheiro_(artist),34
russianbluenx01,34
itazura_igen,34
bangerofsticks,34
marul,34
shanikafaceless,34
novaray,34
wigwoo1,34
jessicanyuchi,34
liamhowardfluffyboy,34
almondpidor,34
travesseiro,34
cringebird,34
iuno,34
jawful,34
sneaselsnee,34
dangodanger,34
gnoshy0,34
primsylveon,34
laureano,34
peterdamart,34
deepmovth,34
taru_psd,34
higurashi029,34
danoodle,34
piggy_noah,34
dolecat,34
existenc3,34
teppuko,34
kasdraws,34
birthnight,34
frohti,34
n-art,34
cookieglory,34
adolphe_millot,34
eelmeal,34
kuremura62213,34
mawfulme,34
ravedoq,34
lazlowo,34
wlllll,34
lumspark,34
crocuta_county,34
squishheart,34
goddamncat,34
op7804620,34
archaeotter,34
hacsaw,34
nazena_ra,34
blindstash,34
tooboshoo,34
demdoq,34
haira,34
davenachaffinch,34
kyde,34
sheepish_spice,34
bonk_town,34
rojoslushy,34
jarethnerl,34
genta_iwayama,34
unatazaamarilla,34
itann,34
tillwoofie,34
michisamael,34
toyslave344,34
kumatann,34
aujko,34
paddedpurr,34
ivie_(artist),34
sopa11uri,34
gao_53937056,34
ryme,34
lonely_animation,34
bunbijou,34
sawavhs_(artist),34
jdwalkrat,34
polly-lolly,34
xaren1234,34
werewolfguts,34
bluesnowshoe,34
naviheart,34
eyvind_earle,34
kawaiishinitai,34
thesquarestart,34
vvolfaith,34
hawtlava,34
mas_square,34
butu_z,34
herchi,34
sabita_kan,34
paceplusle,34
hyuron_shiro,34
konoshige,34
kathai,34
beetlemoses,34
dijiax,34
skink_hisshiss,34
ashikoshi_jakushi,34
neo_yin,34
thedeirdre96,34
bagelcollie,34
crescentcanine,34
crossxvii,34
donohusuu,34
peach88,34
cplk,34
sweaterbrat,34
kirani_art,34
krixroos,34
hot_knives,34
edukart21,34
valytine,34
toon_draw,34
cyan_melody,34
bellowez,34
briiiz,34
emadbz,34
rapoof,34
jolli-ceta,34
kacaii,34
chuwuvy,34
seikatsueclipse,34
object0fdesire,34
ctankomega,34
jayfeather233,34
funkcho,34
sstarr,34
shrewhub,34
kapptastic,34
jacsn,34
jagrabbit,34
mrbuttonboi,34
dionelart,34
kasdal,34
thegrossmind,34
bnuuyman,34
the_heking_(artist),34
hopnscotchart,34
lustdevil,34
kelvinash,34
alyxavian,34
bambii_arts,34
kemocha,34
birdism,34
5tflldartist5,34
prettynetting,34
pinwin,34
tam_m3,34
masedumpy,34
inazuma_kat,34
bytesduh,34
mocomori,34
vstlm,34
feralasar,34
littlescylla,34
seriftarkus,34
jd_churro,34
nullkunstt,34
fourleafisland,34
yawaraky,34
itsokhidden,34
martin_ansolabehere,34
gao_xio,34
badaspen,34
m1m1cal,34
judy_anon,34
chopishx,34
decompose,34
androidass,34
kyuuoku,34
ririzael,34
strangetcl,34
squishygator,34
vorewizard,34
collarmecandy,34
liz_(nsfw),34
apple_bombs,34
mintcashew,34
bakenek0o,34
glairedaggers,34
katla_(artist),34
meweeze,34
dbunno,34
kasumin_(artist),34
dxxk_tokki,34
ta_me_ba,34
sine_nomine_x,34
tatsubold,34
surfer_murfer,34
wasplit,34
nyota_(artist),34
pinkcandyzhou,34
bombeebus,34
komm64,34
nvmind,34
katgod101,34
ruffonaut,34
errorrobotic,34
soaphisoap,34
gaylord_(artist),34
eepytune,34
lewd_angel,34
punkt.punkk,34
yeehawcannon,34
anthrovr,34
borealhao,34
altergott,34
roxo_(artist),34
eviesdumb,34
baby_chi,34
kkplus,34
miobadders,34
earth_pony_colds,34
hill_patre_saint,34
nkaiz00,34
seinki,34
dog23333,34
akariisnthere,34
dvalinarts,34
orangedo69,34
alexumka,34
nanabsylve,34
firion-mien,34
nomi-yaki,34
tenge_mage,34
erauue,34
werehouse,34
hahazzar,34
nand_maple,34
bigoyatsu,34
machastudio,34
deararkind,34
tragiccurse,34
espressothegoat,34
romandoom,34
sukhart,34
nympholingdraws,34
by:_muun,34
snufflepwuppy,34
zoyeensadart,34
fuposey,34
craoluck,34
blueguylie,34
gooeyboop,34
xxseraphimphobiaxx,34
moxxiecd,34
allmand52,34
myra_(artist),34
jun-system,34
chowmalgamation,34
breadinatoarts,34
lady_owl,33
gueuzav,33
amanda_payne,33
paul_defenbaugh,33
uchider,33
wonderduck,33
iomar,33
kee,33
jeffr,33
syntarsis,33
hornydragon,33
cooper_(artist),33
artimas,33
pikanjo,33
fuyu,33
bar1,33
cutesauce,33
mearu,33
frontierbrain,33
blackberry_dragon,33
rubendevela,33
nelone,33
hun,33
fushisha_o,33
arakupa,33
charu,33
kah,33
82ma47u,33
spring_bane,33
candra,33
starfig,33
saeto15,33
snow-wolf,33
futsutsukamono,33
sickyicky,33
anniehyena_(artist),33
legacy350,33
jaijai,33
ottanta,33
christaphorac,33
collinscorpio,33
steve_purcell,33
stickymon,33
blackgryph0n,33
schopenhauer,33
leinad56,33
tentaculeo,33
shout_(artist),33
kumbhker,33
fongsaunder,33
holimount,33
lilirulu,33
filthy_perfection,33
kokido,33
onzeno,33
bhavfox,33
hy_thegreykatt,33
echoeternal,33
frozesolidfox,33
iceroyz,33
gemwist,33
willdrawforfood1,33
ykoriana,33
hasuki,33
contingency,33
patoriotto,33
ada_oz,33
simon11028,33
garugirosonicshadow,33
jomblluc,33
twindrags,33
coshi-dragonite,33
drahgoon,33
rorykenneigh,33
yunaki,33
seaandsunshine,33
mister-saturn,33
yaking,33
ankard,33
vaako-7,33
clcoon,33
queencold,33
nessysalmon,33
menebunny,33
mzstallion,33
che_ri_ni,33
queen-zelda,33
rydenan,33
amagaeru_(hylathewet),33
lufeed,33
agtaur,33
deathlyinnocent,33
japanese_meowstic,33
zeussunspot,33
ere-yandara,33
ostuffles,33
neguchi69,33
naoren,33
cloudshywolf,33
metallicumbrage,33
taihab,33
negasimon,33
khaki_leaf,33
birdpawss,33
merenge,33
greatredfoxwolf,33
bear-box_doodletimes,33
yuuki_yuma,33
chikuwabu,33
icysage,33
fleurdeiris,33
ximen99_(artist),33
dualberettas,33
volezor,33
seaer,33
skitterpone,33
ghost_(artist),33
teknikolor,33
merrymaladies,33
boarball,33
l00dpanda,33
sa1ntmax,33
nergal.bragi,33
betlv,33
pixel_flare,33
trishabeakens,33
sunbusting,33
petite-pumpkin,33
sosoft,33
meoxie,33
bosomancer,33
koutanagamori,33
zukaro_travon,33
gaypyjamas,33
salacious3d,33
gojirag,33
splatypi,33
shadry-chan,33
nobby,33
nekan,33
hypno-hatter,33
kazzypoof,33
lunarnobis,33
saltypantz,33
jack_hoo_(artist),33
norijaga,33
dekitama_(artist),33
dgenr,33
rexam-1,33
shimomaro,33
halgalaz,33
yusarang,33
lapsushominum,33
nando_wolf,33
tan_po_po_tan,33
no-zp,33
kai11k,33
q14658091,33
mnstr,33
fultemounte,33
tussytot,33
darsovin,33
meowdolls,33
olla,33
noise-tanker,33
lorderat,33
yasha_the_husky,33
laosduude,33
ghuraok,33
shit-tier-skunk,33
tygrysiolowek,33
crazyman1337,33
kip_cat,33
reactorguardian,33
thedarkestt,33
0oita,33
ghgbn,33
specky-arts,33
pidgopidgey_(artist),33
witchness,33
vena_tasuh,33
untrustedshopkeeper,33
gabmonteiro9389,33
noogatdelight_(artist),33
cabronpr,33
brinstar,33
tasmaniandevil,33
kudo_the_fox,33
manaozyfolf,33
unfairr,33
zazpihuts,33
sorrow2art,33
kronte,33
annvee,33
sherlock_davis,33
generalecchi,33
parsujera,33
mizuno_fitz,33
passigcamel,33
65wata,33
aizenhower,33
sowod,33
guayabajava,33
bashira_o,33
mrramone,33
meisan0107,33
pistachiohorror,33
junthebun,33
z2727,33
snickersthecat,33
lueduar,33
godbirdart,33
xiaoshun,33
himerosy,33
meowchan,33
lotulist,33
kitunelovealt,33
keetahspacecat,33
glitchslime,33
locote68,33
blueapple,33
gordian,33
alive_(artist),33
oneko_takasuke,33
unluckypaw,33
m_artifex,33
scruffmuhgruff,33
mbhen114_(artist),33
mountainjade,33
ishan,33
moongator,33
inkoart,33
aysaflamepaw,33
goodbiscuit,33
pittory,33
filemonte,33
elafi,33
ssseeesss,33
darinakanfff,33
monkeywithaafro,33
madelezabeth,33
boyonomo,33
littletrixter,33
honeybeebonfire,33
lexor_komuga,33
darkcat613,33
little_b0t,33
khatnid,33
cyber-fiber-optics,33
tristanalexander,33
grimmith_(artist),33
zinco,33
re_jin37,33
sourcherry,33
yamik64,33
goldentail2,33
rexton_industries,33
norodoggo,33
frankensteinsmonsterfucker,33
bunnynha,33
gummuru,33
pandaemondx,33
guacamolesenpai,33
kobuchi_(524koki),33
raik_arglack,33
yipkin,33
tinydevil,33
zilvanv,33
harpsichord_(artist),33
zakiko,33
baphowet,33
chibiemiko_(artist),33
no.1_machine,33
sleepykeeper,33
nnightbear_b,33
marko_comics,33
besky_(artist),33
robuttschei,33
kiliminstra,33
aurorasylveon,33
fern_plant,33
mistress_ruby_(artist),33
milkshake-lion,33
bluebl8d,33
jackkdaw,33
ramish,33
d-art,33
deterex525,33
miscanthus,33
l_buffer,33
lemonzealot,33
orin331,33
nakku,33
arcadepup,33
lovlxshed,33
tittydispenser,33
fedoguck,33
sazemek,33
guepardoxart,33
prezer0,33
seologi,33
dragonnom,33
aamakuruu,33
cringecorecat,33
zener_(artist),33
scarletgreninja,33
xinnai0485,33
trast113,33
sueliz,33
finbeard,33
moodang,33
puku216,33
matt_the_rain,33
soggygoat,33
dlovolb,33
bkmat55,33
wolfschulte,33
chiefkaine,33
izhardraws,33
feelingdrowzy,33
gryblak,33
somnolentdoll,33
angelfs,33
she_scale,33
mohnot,33
figgdraws,33
just_a_small_pup,33
luchodraws,33
foxfurries,33
cajarito,33
gobcorp,33
sakukitty,33
parfaerie,33
kinkykaida,33
coffeelove68,33
crab_art_studio,33
garrrzzz,33
luck_like,33
lancethewereyena,33
sakutake,33
sonelos,33
vulpineadonis,33
penguin0700,33
rahony,33
baiying,33
skullsbesan,33
kanto05,33
uwunice,33
haraboudgg,33
gothgoblin,33
sir_arion,33
yanisp5,33
darkiri,33
moghrlor,33
panquequecin,33
brush_pen_ten,33
sharksfin,33
rnghat,33
melancholiclion,33
charcoalwaffle26,33
beckerdobermans,33
aesopp,33
nihilishn,33
gomchichan,33
sarumoji,33
tombutad,33
sinscaliecringe_(artistdragon),33
lorens_j,33
cryptidbits,33
darkplot,33
oruen,33
wata-ridley,33
sidtheursid,33
okra_sticky,33
echonioni,33
butterdubious,33
sataantoris,33
drakeinflates,33
yeu,33
marbles_(pixiv),33
flucosse,33
royal_cicada,33
aleuoliver,33
viktiipunk,33
kutv,33
emberdibuja,33
newtrabbit,33
chippybooru,33
carrydraws,33
sparkat150,33
domoatdark,33
dokapi,33
ranall,33
rj_zenith,33
lucky_luxio,33
etchasketchy,33
pitayapunch,33
harmonidemicum,33
radanon,33
westonini,33
sfmsalandit,33
mrevy,33
grafayay,33
mini_river,33
pest0sauce,33
liecomj,33
doomed_predator,33
toonyderb,33
eliasvol,33
unolvidadomas,33
myrneko,33
bearry19,33
llama_davv,33
mkaiast,33
sekie,33
yiffster,33
sluppydoodles,33
thunderlewd,33
kippyskippy,33
maru_winters,33
puppyypawss,33
rufus_iox,33
renpage,33
pinscher_5d,33
cherrybungm,33
pokefancompletionist,33
boganafoganasee_(artist),33
blu_shun,33
aethelwulf,33
fremy,33
artofjiji,33
hiliwd,33
dok2_mo,33
sketchyvillain,33
smashedplate21,33
hinyo731887,33
cronolm,33
sosoni,33
huandoodles,33
chicowin,33
winter_sunshine,33
voramera,33
sbeve_wagon,33
ncize,33
molesondrive,33
rodrigoh,33
pureolliebranch,33
merkury,33
axelwolfloyalty,33
sue36v,33
lustjou,33
betarat,33
slvtshep,33
cheesecakebunno,33
hechangjun250,33
darky_wings,33
soysoakedjelly,33
tea_patriarch,33
aquafuafu,33
ai_generated_reference,33
richardbunbon,33
cylios_creciilin,33
foppydiskart,33
decentfailure2319,33
leslichu,33
riderrr,33
dumpster_shark,33
inutora08,33
rudytheshark,33
joe_dud,33
felixst,33
kamakitoron,33
sahara_congo_bongo,33
sallos_(artists),33
cedarott,33
deviantstyle,33
tonzy,33
kippinz,33
the_unknown_mangaka,33
guran_demoneko,33
some_(someone),33
gloomyyummi,33
reedfox15,33
thekitsuyt,33
ailensolid,33
kore_eon,33
tacogatooooo,33
brappybark,33
kirelics,33
cowhour,33
stellanova,33
raftail,33
tntwonip,33
theairevolution,33
sox6,33
s1ck0z0n3,33
liosoun,33
dn28,33
schmrgl,33
aaron_pictus,33
glazeddonuts0,33
81yffulfmm,33
tobydraws4,33
osdok,33
crunchychip,33
bobbipup,33
mrfrogington,33
koharuno2,33
lunny_sketch,33
auriemoony,33
kris_(artist),33
fangyy,33
knil_(artist),33
nosinned7nsfw,33
cmbonza,33
healerart,33
axiang_cai,33
mokuro,33
naughty_borzoi,33
komododrogon,33
lucaslora,33
mrlarions,33
udmoxsg,33
furrymammy,33
ch4mm0zotz,33
blitsartist,33
osokamu,33
truly_fates_(artist),33
bingoblin,33
spaceg3n,33
homura_kyuu,33
darkpatches,33
nacht,32
kuja,32
laffykat22,32
riftryu,32
foxywolf,32
locopelli,32
joon,32
sigu,32
kfutaba,32
lightstep,32
raux,32
salvation,32
yoyofreakcj,32
xizana,32
melody_rose,32
gothyk,32
blacksen,32
ohgodwhy,32
imiak,32
ushimaru,32
caltro,32
coway,32
killpanda,32
b_j_bear,32
dave_rapoza,32
craftyandy,32
pranktail,32
kuronekotarou,32
nightshroud,32
mokamoka,32
xration,32
da_boz,32
the_anthropomorphologist,32
teriyaki,32
trotsworth,32
starlight_spark,32
frankier77,32
molkrom,32
deathjingle,32
gujira,32
until_i_scream,32
artzilla60,32
equalicus,32
renamonpaws,32
thedracojayproduct,32
rhemora_(artist),32
ziom05,32
kinglom,32
keterok,32
extradan,32
teenluma,32
chutkat,32
dawm,32
wolfcat95,32
yifftrooper501,32
marooned,32
chombie,32
jadeitor,32
aimyneko,32
vampi,32
superedit,32
vicse,32
ares165,32
xxxfurryneddyxxx,32
pirill-poveniy,32
axel-rosered,32
vitaminbob,32
tweaker_(artist),32
soulofmusashi,32
tourbillon,32
virtigogun,32
shutupjen,32
uba,32
cornfrosty,32
whiluna,32
tilobear,32
kinoayuri,32
themasterdramon,32
sexualyeti,32
wildhound,32
cake_(artist),32
tomodachi,32
eixy,32
uro_99,32
likangel,32
ponyguy67,32
superboo,32
nasbak-cryman,32
grasky,32
somenity,32
skonk,32
nekoshiba,32
catninja13,32
kanahu,32
mysterymanbob,32
russy_(artist),32
furari@,32
radio4ctive,32
sarichow,32
omegapex,32
tonycrynight,32
emererre_(artist),32
merumeto,32
klaudy,32
salnith,32
toynuke,32
xdtopsu01,32
computerdeathglare,32
kaze3481_(artist),32
whitewolf351,32
digitalfurbelow,32
oregene,32
gabbslines,32
jago_dibuja,32
mikalovesyou,32
sketchyknight,32
anonopony,32
kotaotake,32
kulbara,32
madartraven,32
ionyen,32
earlybird,32
togenanafushi,32
4ere4nik,32
xneobeastx,32
nilla_(artist),32
timmy-22222001,32
mastersounds,32
dark_prism,32
saigordon,32
candyshybat,32
tomu,32
cheekles,32
pinkgermy,32
shorty-stories,32
monroethelizard,32
rockarboom,32
blushy_(artist),32
messer-aramis,32
betsythebeaver,32
hornymustardsauce,32
dudey64,32
funahashi_yugoro,32
calinbeast,32
yuif0x,32
tmgt26,32
zionworldartist,32
missdetrop,32
kindbunny20mx,32
korol,32
iyzeekiil,32
astroblush,32
ameliacostanza,32
manekanaineko,32
flak_wizard,32
cacuu,32
nee,32
jarv_(artist),32
eden0130,32
grizzlydafurry_(artist),32
blood_infestation,32
smokescreen117,32
oozutsu_cannon,32
rentcg,32
nil_sunna,32
lewdishsnail,32
yora,32
fernley,32
kijimaru,32
blackbird_(artist),32
dandon_fuga,32
risqueraptor,32
frogela_(artist),32
discon_rat,32
octavio-monstero,32
maunderfiend,32
sadonghao,32
taitora,32
principenegro,32
lewdliege,32
pinktooth,32
greenpidge_(artist),32
meowmavi,32
whireds,32
ankofox,32
kina_heijima,32
macadam,32
only-1-wayup,32
xannu,32
quvr,32
vird-gi,32
fringedog,32
torushitakara,32
caimbra12,32
nethartic,32
starfallhybrid_(artist),32
grimoiren,32
baku_hosamo,32
mast3r-rainb0w,32
annmaren,32
tlacuicani-studio_(artist),32
gyan_nightwolf,32
rasmuslikestodraw,32
enokorogusa2,32
korbendallas,32
boogeestro,32
guaxraccoon,32
asenak_(artist),32
termiteterror,32
daebelly,32
temporarywizard,32
foofyscoop,32
doggo:3,32
bachri,32
mrwhiskerz,32
marealeopard,32
animatedmau,32
angelofalls,32
drexotter,32
meloeatta,32
dinosknight,32
kyrgz,32
thebunwiththescarf,32
xanadus,32
brimsnaps,32
bbn,32
boonedog,32
atlasimperial,32
bayjaw,32
tomush,32
missmccloud,32
sillyfoxart,32
frikinky,32
wolfeddown,32
supeario,32
feneksia,32
glassrunner,32
kupocun,32
glooum,32
soulless_lumos,32
tokumei_tm,32
pinkvain,32
frostshin,32
32rabbitteeth,32
zoecinno,32
thorthelizardgod,32
riderx,32
bibbidy,32
kira_dra_h,32
ujanskiy,32
hinzen,32
plushifications,32
lunacatmia,32
horny-oni,32
rufusinuzuka,32
tetramelly,32
littlebadwolf,32
tonythegoat,32
jhonnyseitgut,32
batboybasil,32
v_ig_v,32
toba2110,32
shirt_(artist),32
hedax,32
xxxl+,32
mythosart,32
pongotora,32
royalbootlace,32
moonbane_(artist),32
popcornduck2,32
jdarts,32
jiim_01,32
grumpy_feathers,32
croqs,32
hudifeiren,32
enderselyatdark,32
halfbaked-hope,32
lewdxcube,32
eoss_air,32
sweet_yissus,32
fapchop,32
yoshikage_anon,32
kai_lionbear,32
interkos,32
himitsuarts,32
futuretankcrc,32
baw0sox,32
miragepotato,32
rinyabjorn,32
kiiro_endings,32
himacat,32
oozee,32
plumpenguinn,32
chewybun,32
yonaga,32
bismukky,32
white_lie,32
imposterpuss,32
redangelart,32
apple_girl2000,32
jurij_bajer,32
lewdity,32
gummixfrog,32
lukaerd,32
pururart,32
pop_glace,32
kekinfuntimes,32
jakiebean,32
emboquo,32
ryinn,32
slappyshottest,32
pan_red,32
kassis_orange,32
meturem,32
undermouse,32
marinemarines2,32
aoshi_kn,32
snowycrystalangel,32
brocksnfumiko,32
lukkylk,32
shi_ba_ki_chi,32
devilukez,32
richard_pinkman,32
jakepankeke,32
6heiang27,32
shiki_2p,32
ferelay,32
nackey,32
zerperay,32
captein,32
azzyjackal,32
toynnies,32
elmejorlecheroart,32
gil_softpaws,32
demontoid,32
makoto-thunderstorm,32
radbmaboo,32
dcayorcus,32
samsti,32
hyenabait,32
foxtrotarts,32
squirrelfromthesouth,32
usedusername,32
enokimaru,32
commander_d,32
dxmdwq764027,32
lewdlagoon,32
robocattnsfw,32
shori_d,32
adorkablecollin,32
huyesangwei,32
yeen_shield,32
skydreamsparkle,32
blueteaa,32
teelokay,32
theborderiserased,32
axianorange,32
qunke,32
ashwolfie,32
bepboye,32
fenrih,32
pinkfalcon,32
souponmars,32
zekkymzn,32
inafox,32
ei_art,32
ridicbird,32
redsummer,32
puffylover1,32
statx015,32
sleeplesskiwi,32
hrisaura,32
mataki23,32
elfox691,32
cerberain,32
luner96_(artist),32
kirogamuro,32
sweetcendrillon,32
blushi_(artist),32
the_sheepl,32
alex-toons,32
awekiazaruwulpy,32
snootydogg,32
lockheed_martini,32
saudax7,32
mr_hdclobin,32
edgydogsoftlynx,32
dualitydot,32
rocking_jjj,32
narrsvans,32
jrodslammer,32
seanwaald,32
gustavgiles,32
redrime,32
doc002,32
remurawr,32
nilnco,32
cornstick,32
drazelleverse,32
mercumius,32
2_coleslaw,32
kinksty,32
darthzz,32
jinxed_arts,32
darmengine,32
lexibeetz,32
jublee,32
elmasiosare,32
smutbank08,32
lunarlillium,32
tozzmutt,32
tsonic,32
verzisphere,32
kuso_800t,32
jitterclaws,32
redken_dex,32
berryrpgmakerb,32
maiku_yugen,32
yamakake,32
jeancito93jean,32
falirchik,32
user3345,32
mommylemon,32
oonakuni,32
popokachip,32
hamsterball,32
uro_(artist),32
berry_tail,32
nsfwsal,32
monemi,32
nachitamajr,32
ask-macro-rookie,32
palegarbo,32
strawbdragon,32
foggy_capybara,32
snakemayo,32
sailorsonic,32
rucknatto,32
degensalt,32
moon-watcher,32
yourmay,32
birbmabe,32
perros_god,32
suncub,32
pockyco,32
lady-fantasma,32
cathwulf,32
twistyblitzy,32
blopkid,32
mrtoastsandwich,32
overlordgirgy,32
bewbdraws,32
blista_kanjo,32
noofs,32
you48249728,32
mudakura,32
porshapuff,32
leheart,32
thecoatl034,32
drc1369,32
vulpeh,32
jonathanvair,32
sleepingwithpirates,32
udjina,32
orangestheasd,32
theunnoticedone,32
rotten_paws,32
serpi_lilo,32
lixiaochake,32
kettushka,32
yabalbes,32
baahn,32
rurii,32
davidga12rg,32
ryder205,32
tabyhyen4_(artist),32
droptopdawn,32
chunkychip,32
kofikofi,32
pricklyx,32
rsmania5,32
lawsonia,32
decusq,32
rex_unit09,32
agoiika,32
armorlessgoat,32
dan_scarf,32
moochibeth,32
gen-toon,32
ammyfatxolotl,32
roastedgarlics2,32
erunas,32
murace4,32
chadzadd,32
moonpaw17,32
kamaleoa_drawings,32
mochida0201,32
manofmanyfaces,32
mrsdaqota,32
lillyluvmonster,32
lenderednel,32
sum5hadow,32
casver_w,32
flashpointgear,32
chlorinovi,32
vxast,32
pyoin,32
soul_healer,32
sad-ist,32
teruni-inamor,32
danielito,32
watchit,32
zzommie,32
gravydood,32
nikoransfw,32
chutos,32
plushway,32
sfmex_studios,32
matt_user,32
skitterzo,32
nyamus,32
droptineart,32
adawndraws,32
wobastt,32
jeijei,32
parassite,32
zocehuy,32
kittycatz,32
omenocta,32
jelentheslav,32
not_bgz31,32
doeydeerie,32
greenstar,32
inccubusdracokaito,32
kukalakuku,32
butterontoast,32
coolbirdmanstuff,32
chromulus,32
nutdoesart,32
tapiocadraws,32
aaaaaron122,32
stikcs,32
potatosheep,32
valisire,32
ssawnds,32
animalatnight,32
biggus_nutter,32
kurupi_(artist),32
gigabonz,32
cs-lewdis,32
scarletscaleddragon,32
erraisigma,32
malcha_soda,32
v3sterp0nk,32
alexen_0,32
chronicmeowmeow,32
thorns_roost,32
scylez_(artist),32
cinnamofox,32
notdink,32
ladyjekyll,31
redsilver,31
dasaod,31
enig,31
nobuyuki,31
jason_canty,31
joveehusky,31
kangaroo-boy,31
siekfried,31
tex,31
prophet,31
aerynoustinne,31
shadowwolf,31
raylude,31
embriel,31
tsuderou,31
nosantee,31
yu_3,31
kairithekat,31
shorty-antics-27,31
keaze,31
jenovasilver,31
gforce,31
knaveofclubs,31
kalika-tybera,31
polecat_(artist),31
nerevar,31
dragonlovers,31
groovebird,31
skeeve,31
domino_(artist),31
rickenbacker,31
kosyo,31
khaosdog,31
maxi-rover,31
corwyn,31
gnollykins,31
ryotsuke,31
lachland-nightingale,31
zicygomar,31
sandybelldf,31
lorddarke,31
gingerm,31
semi-colon,31
madoc,31
shootingstar,31
carex,31
kb-unlimited,31
sashido_zerako,31
ryuta,31
sayo,31
leandro_comics,31
onagi,31
nambroth,31
xniclord789x,31
soloid,31
kondas_peter,31
skyffan,31
bellum-art,31
shadowsky,31
tastytoxins,31
spooky192_(pixiv),31
amby,31
ghouliegrim,31
kinkycoyote,31
spanking649,31
tomcat_in_sky,31
technijui,31
blackgriffin,31
tomtornados,31
ray-pemmburge,31
fa20xx,31
stringmouse,31
kitajiro2,31
mecaw,31
ajvulpes,31
levvvar,31
charmandrigo,31
exiled-tiger,31
donburi,31
hoodoo,31
rumash,31
rosemary-the-skunk,31
picorna,31
flowamai,31
lotosu,31
baraqueen,31
slaveofneworder,31
hijabolic,31
exedrus,31
hinia,31
zeroslash,31
drakecreator,31
stonerabbit,31
keeroh,31
loverslessthanthree,31
rotodisk,31
theeyzmaster,31
canvaskat,31
thatgrouchybadger,31
ronindude,31
huskeeburn21,31
salt_(artist),31
mintybit,31
molasses_(artist),31
ogura_anko,31
terraraptor,31
manifest,31
vincent_(artist),31
darkyamatoman,31
chatonbleu,31
bigboy4025_(artist),31
urbanator,31
kronilix,31
justice_(artist),31
20thx5150,31
elmutanto,31
c.t.elder,31
redheadpika,31
mrscroup,31
nn_197069,31
5-prime,31
darktree,31
doran_(pixiv_artist),31
trubbol,31
krasnyakoiot_(artist),31
sollarian,31
renoit,31
fatmanass,31
faymantra,31
wunderhase,31
1deathpony1,31
cian_yo,31
yamsgarden,31
izumi_mahiru,31
tsutsun,31
shukinhekon,31
choco-floof,31
hellosummers,31
remulle_(artist),31
ryuma210,31
o0aquadragon0o,31
oddthesungod,31
optibyte,31
finamuw,31
cepto_(artist),31
frots,31
skycrown,31
dotaluit,31
taylorillustrated,31
deadlycomics,31
toraneko38,31
sunset_nivaris,31
nodusfm,31
missypena,31
drapzootopia,31
the_coast_is_near,31
chris_sketch,31
foxysoul,31
sinicalsix,31
artbeta,31
ashley_nichols,31
bon_feather,31
morningstar_(artist),31
aarifleman,31
mr-punctual,31
ningukt,31
enaeric,31
marmaladedoodles_(artist),31
orzero,31
crunchyspoon,31
currypuppy,31
dangus-llc,31
shido_ya,31
mak.s,31
strangelymediocre,31
detritus,31
tabaxitaxi,31
sinicore,31
lunati,31
ursiday,31
hhhori,31
undergroundwubwubmaster,31
fratz,31
dynamo-x,31
hippothrombe,31
suspicious_spirit,31
larroqm,31
viceviev,31
charlie_mandango,31
khuanzg,31
yukibuster-z,31
mt800,31
dizdoodz,31
iotto1026,31
tettyamansp,31
terishaeilian,31
tataporn,31
naviwavi,31
jaltoid_(artist),31
dunothewolf,31
strayva,31
yaoifairyxxx,31
prunuscerasus_(artist),31
codras,31
meguru_salmon,31
dysk3,31
snow_kitsune,31
goocasden,31
taliamirai,31
dzemon,31
dilukha,31
aoree,31
itachi_guma,31
likos,31
richyminer,31
jojoe,31
milk-knight,31
red_panda_qt,31
bowbowbowie,31
10den,31
hotchkiss,31
fuzzyfelt,31
shykactus,31
zaemon,31
mfus,31
tastelesssandwiches,31
foxydraws,31
the_goukou_zone,31
sirfy,31
techranova,31
james_cabello,31
bigmsaxon,31
b4llistikb34n,31
annoad,31
silverferak,31
adamayster,31
konory,31
suephy,31
hachura,31
sonicaimblu19,31
sojin_advance,31
pozpoz,31
barsfrommars,31
orama_ura,31
acealari,31
pandaischub,31
jakuson_z,31
ao32686845,31
kirsenter,31
junajuice,31
slknight,31
mittz-the-trash-lord,31
fox_cub_noodle,31
shinkei_shinto_(artist),31
nalu_ame021,31
pipinonopino,31
gku,31
awkwardlytrashy,31
plagueburd,31
ureos_(artist),31
st4rvy_(artist),31
cocopudu,31
gifdoozer,31
nekotthebrave,31
hierozaki,31
innunammi,31
cowaii,31
tachaal,31
dohade,31
iuncco13,31
zokucyoo,31
ribbonne,31
melanpsycholia,31
jodi_(artist),31
lapzy,31
somecrazybastard,31
noruu,31
kaiki_hito_ningen,31
i_quillian,31
draxley,31
killingtea,31
flutti,31
93_kcitshctam,31
dreamflowerbunny,31
chinchilla010,31
ruusen,31
spooniel,31
robo-sama,31
regulartf,31
anniejwsh,31
yanbonan,31
suni-okida,31
albtraumwach,31
acidskunkwolf,31
mous69,31
allentrap,31
mop_(artist),31
baogacc,31
crazymangak,31
warmpawsart,31
fourbythree,31
sursiq,31
highforce059,31
heioart,31
bezzeroo,31
frigidmidnight,31
jackolen,31
magmarift,31
arume_lux,31
fylumi,31
dvlsh_(artist),31
dr._proletariat,31
felris,31
tritoneternal_(artist),31
kemonngo,31
aooni,31
rotsw,31
umbreonthewhovian,31
phat_smash,31
outottered22_(artist),31
dakkoku_jiro,31
zeso,31
velow,31
toffee_32,31
bebe_bernarde,31
crescent_yeen,31
oni_unicorn,31
beefjerkie,31
dumato,31
spicy_wahtte,31
liuke448,31
dibillboard,31
ask-colorsound,31
karakusa.p,31
jaguarfootprint,31
sansan_ocha,31
itsmilo,31
therizkpiecraft,31
ivorden_bar,31
gimuza,31
heymayaart,31
reallycoykoifish,31
hambinito,31
mossyfroot,31
natutuna,31
musca,31
hendersimp,31
artakura,31
pleasemoarr,31
crayola_foster,31
fullmetalsketch,31
verolzy,31
theprincesskari,31
logax52,31
devilstophat,31
paskanaakka,31
aoncyth,31
hottopicpiss,31
joecat,31
shirimeart,31
skeet_(artist),31
gomogomo,31
koofdragon,31
futatsuchi,31
pricethecamel,31
domiborealis,31
kemonuo,31
maysnowos,31
sicklizardman,31
pinoren,31
bluelikestea,31
zarra_(artist),31
shinyrubberpuro,31
shrimpiing,31
moitasart,31
akatosh_el_shota_furro,31
bowsarthekoopa,31
zibeline,31
yovi_thing,31
pig_p0318,31
suda_8823,31
skai_art,31
chiguibara,31
festeringfungus,31
nanobutts,31
nuskalion,31
foxihfox,31
gutzkinq,31
pearybear,31
trashdogeking,31
lynraccoon_(artist),31
sparkmelon,31
kody_moore,31
dendollae,31
f0xb0y01,31
rose_puppies,31
ranxfanx,31
exobelos,31
artharuhi,31
torausimuma7,31
furrytan,31
marth_wait,31
amatsukitsune,31
j_goose,31
teddypaws,31
pink_liqueur,31
dexel's_arts,31
josh-u4,31
vaalhard,31
shyghost,31
nwopi,31
honeyslushi,31
chaossu,31
spicyredfox,31
saltychocolate,31
citrine1105,31
apollosardor,31
bluecarrotdick,31
tarimel,31
ranranparadoxx,31
uslurp,31
haferkraft,31
anomalynexus,31
kyraz_(artist),31
ryunishi_okami,31
vaitins,31
chocomilkamy,31
nyabellart,31
squeakycanine,31
seferen,31
dodecahedron_(artist),31
nyuru,31
kitsukky,31
ditchu,31
antalauzt,31
kiikoi11,31
snesti09,31
goathics,31
hosses21,31
fertifo0,31
ne0k4t,31
gontyan1015,31
draslan,31
25circle,31
monty_smug,31
=djoyk=,31
amber18db,31
n_sktch,31
greyy,31
vitzypie,31
peperott,31
canadianshark,31
mysteriousmilk,31
linkido,31
reno_0709,31
unfortu-nate,31
quadropes,31
conmasitco,31
unposturedfile,31
ggez2341,31
dundundun,31
mrlls,31
pixelluvbytez,31
elementaldraws,31
huehuerhuest,31
beepisboop,31
zevulpes,31
da_ddy22,31
mateocorv,31
r10iwr,31
sugarcollars,31
roberttristeart,31
twf,31
mg0rx,31
jamie_bun_(artist),31
tabiihana,31
aury,31
velo_agogo,31
pawssionate,31
felix_bardner,31
kurulz,31
comifur,31
xibinsfw,31
sabrinaleaarts,31
axelarion,31
deanshornies,31
seyy_nsfw,31
dodogpog,31
fuchsiafeatherz,31
sindr1,31
pokumaju,31
longfluffering,31
peppernsalt,31
natsutheott,31
furtissier,31
de4dset,31
bbpxls,31
caypaisley,31
jakinsstudio,31
nudeprincesss,31
needleart,31
trejoshurtado,31
gianluu1999,31
spikelove15,31
reena_dreamer,31
666calistaxx_(artist),31
az0000,31
aoiyokai,31
saiyaman22,31
michaelwave1997,31
deadnikki,31
raccoongirl,31
shomo,31
na1su,31
latteswingin,31
lucas_mist,31
witchtheghost,31
fatio_catio,31
hayata_461,31
yejibudingzi,31
newguy1091,31
sliinky_(artist),31
naitoh,31
saberlinsla,31
sweetykai,31
goncheeto,31
destrustor,31
jun_snowy,31
goop_original,31
2dliquid,31
beltimerperbus,31
shappysway,31
mrdexxxs,31
devilpanther,31
4four44,31
kirarayakubou,31
drisp_skolt,31
joupulee054,31
blousquidly,31
crazysnuft,31
philahorns,31
sharpski,31
howdypeepos,31
ushiji,31
helloguish,31
whlelly,31
redacted0049,31
fuzymuze,31
lumina-panda,31
corruptedsnout,31
ikytaru,31
mokson,31
lsdxiii,31
kerner04380771,31
0_7us,31
mur_mryaka,31
gdei,31
holocesaphira,31
gagoronn,31
shinogiu,31
enkah,31
novarraveditoa,31
cherryfoxy,31
tigersnowflake,31
shockinglylazy,31
opusnine,31
cheryfan57,31
gojo_skull,31
dead_eye_(artist),31
spoonfullofdirt,31
137rt,31
tlittleginny,31
jabutico,31
akilashitu,31
nemuimori,31
vulpeware,31
tanpa_(artist),31
ninmnon,31
thiccsmough,31
plinkgrn,31
kazuo_ichigama,31
chikrazy,31
mrpanovvy,31
yaiski,31
the_wandering_jake,31
thefoxwife,31
smilingpest,31
sillydork,31
soft_and_wett,31
kyogummi,31
fakesigss,31
ryoosakuling,31
chalaren,31
sonique,30
roochak,30
fio,30
passage,30
ayelet_ripley,30
ahkahna,30
jaime_sidor,30
mondegreen,30
fenikusu,30
malroth,30
nelena,30
beastcub,30
3trees,30
thera,30
op80918,30
todd_sutherland,30
ctw36,30
oglaf,30
arius,30
wom-bat,30
mikachu_tuhonen,30
marm,30
nokino_k,30
subaryun,30
wolf_nanaki_(artist),30
golfinho,30
3pac,30
as40728,30
shotien,30
kogamaru,30
blink_(artist),30
gonzahermeg,30
dormant_otter,30
marc_debauch,30
princess_rei,30
jacqumo,30
tess-27,30
lopsidedworld,30
sikes,30
quixotically_erotic,30
lament,30
frfr,30
vimz,30
celestiathegreatest,30
cartoonjunkie,30
janse,30
fajeh,30
lowgravity,30
nastylady,30
ponilove,30
dymasyasilver,30
wild_eevee,30
ric-m,30
nautilusta,30
bolin,30
topaz_(artist),30
punichu,30
wolfsrain88,30
maytee,30
snowjune,30
pentabins,30
cmaggot,30
nyowa,30
luffsas,30
velenor,30
raindancer,30
thefishe77,30
ageinu,30
thingrei,30
plastron,30
hagiasophia,30
barrzalex,30
kikatsu,30
spookysushi,30
tim640,30
animewave,30
hindy-poo,30
darkprincess04,30
honwell,30
oddwarg,30
dmin,30
gaia1234,30
luna_lupin,30
krazu_wolfdoom,30
hikariviny,30
neonicink,30
powaito,30
chaosrruruus,30
chelostracks,30
juice87,30
vswitch,30
roksanadiamond,30
hati-skm,30
wish-granter,30
gufu_kandagawa,30
akita77,30
cybert,30
ookamicasha,30
kyrieru,30
fleetingember,30
bojiku,30
vpn,30
pentoolqueen,30
2n5,30
narox22,30
myfriendsmustntknow,30
joe-anthro,30
hyperwave9000,30
arcticdunx,30
cold_yellowtail,30
murskme,30
devilkitten_yami,30
koutou,30
klavinova,30
alex_ahad,30
jayfri,30
yasumitsu,30
butcha-u,30
captain-cheto,30
34no404,30
agiran,30
yeagar,30
larrydraws,30
sr_pelo,30
hybrid-no.1,30
crysalia,30
rockset,30
squeanus,30
viriden,30
shadowfangz,30
watercolor_(artist),30
pdubbsquared,30
bayzan_(artist),30
dei,30
inakagurashi,30
kushishekku,30
gamer2,30
ichthys25,30
ymskk,30
blackxeno_(artist),30
lolicept,30
didi_(artist),30
lightnymfa,30
kriwu,30
abtp,30
filtrandez,30
rachellebun,30
typhoonteaser,30
john_bridges,30
waterproof-pigeon,30
szaris,30
alibi,30
rileykit,30
lent_si,30
dragonketsu,30
thebmeister,30
vivamus_lican.,30
keona_tempt,30
faust1173,30
you0210_(artist),30
1uped-art,30
sixfour_(artist),30
pahanrus2,30
beau_(artist),30
curiousgarchomp,30
kateshi,30
antif10,30
aw008166,30
zillionaire,30
jaybotmechaniac,30
blumb,30
kigupony,30
pibou,30
creamylewds,30
night_owl_zz,30
sasisage,30
cannibal-prince,30
miriamthebat,30
revonlieke,30
kahix,30
f-thefirst,30
rokkerth,30
dedalo,30
sergaljujube,30
diapered-buns,30
rett,30
egohusky,30
noctoon,30
trinanya,30
andiiiematronic,30
kyssick,30
yuzpoco,30
onirin,30
xzk,30
coinlucky,30
revelion,30
savrasova,30
sp-rings,30
akkoarcade,30
cephalo,30
suzumusi114,30
kastronome,30
prometheusblack,30
dangercat,30
tairak,30
thehereticlocomotive,30
nightarm,30
nsfwoo,30
marcaneg,30
naughtycactus,30
mtcerber,30
sarier413,30
liczka,30
amaoto,30
postblue98,30
breedingduties,30
mioui,30
jackal_(artist),30
mega0923xxx,30
ferrilo,30
kawakyun1,30
kittew,30
cosmicsevour,30
hikaruthewolf,30
marquessbronze,30
troglodyt-3d,30
eradossfm,30
fatglaz,30
nagawa_tomo,30
laon8130,30
kyetwolf_(artist),30
channydraws,30
db0rk,30
hydaus,30
mrundead,30
in_a_gamepxv,30
tigrsasha,30
kosame,30
magatsuhinokami,30
doughroom,30
tacoma,30
lafcream,30
natunokemono,30
watersucc,30
maikox,30
mako_030201,30
trashbinpanda,30
hikaristar_art,30
unclecucky,30
kuavera,30
mix_2180,30
coinn8,30
futaholic,30
skunkphunk,30
squchan,30
limereptile,30
gaoemon3,30
kirinit,30
floaff,30
forteque,30
kurokey,30
inuyama_kensin,30
zhongs2011,30
xexue,30
arebeano,30
nakios,30
foxialist,30
carman19652003,30
spicypepper,30
herakidpatrol,30
nmvsolidus,30
iideek,30
bakabakeneko,30
angryfur,30
pie_furry,30
visibel,30
furiousart,30
connercoon,30
unoryoku,30
amimalcrossin,30
jumbogumbo,30
skullbird,30
nitroneato,30
ironpotato,30
marugome_rs,30
kitakettu_(artist),30
captain_kobold,30
enia,30
hello.byeperson,30
kinuli,30
iglioatelle,30
wild_thunder06,30
lantu_(artist),30
jasoned95,30
jaestring,30
silentknightowl,30
nekazzy,30
calliecho,30
crimmharmony,30
wetwoof,30
beichtstuhl,30
potatotime,30
dainerissindra,30
wildtail_(artist),30
kaelba,30
meltycream,30
cryingfatcat,30
horusla,30
vivalex,30
ajfurryadoptables,30
brew_sleeper,30
fuckallofit,30
caffeinatedsins,30
not_enough_milk,30
lewdpurplgoo,30
stainedglasslh,30
bbrt534,30
peargor,30
lushle,30
vvulfbara,30
e-c98,30
shoolmail,30
donovanlightning,30
monokosenpai,30
kolt,30
clownstongue,30
wallross,30
dantez,30
grakerrbraconc,30
coccui,30
kallz,30
nynehells,30
moronsuka,30
enticia,30
clovie22,30
kirbirb,30
nephewly,30
felinelux,30
pink_ball_smoke,30
pterotired,30
amartolocheri,30
bunzerk,30
sinmarshmallow,30
sski_0,30
shinchiichu,30
1461_1641,30
jutorry,30
k4cea,30
foxxylatte,30
severed_tail_(artist),30
konbas,30
xushibeetle,30
unfoe363,30
psyfly,30
lykimowl,30
gensuke,30
roxas617,30
stinkup,30
andrewthewolf2018,30
ravagaard,30
bearlylegal,30
mawzzi,30
ashalle,30
roolthelion,30
pinkupinkish,30
drewfsfeet,30
crowhite,30
x0009000x,30
aerodoggy,30
pony-thunder,30
mujina_uranoya,30
nefarious.cum,30
hex_sinstolus,30
gopher_chucks,30
zdnoz,30
catree,30
loodrick,30
memonius,30
nafan,30
workerq,30
slumberdoq,30
mrneo,30
zasshu,30
ajun_(artist),30
artspam,30
lil_doggy_(artist),30
thurkitten,30
justdock,30
sidpoke,30
jxitrash,30
katanagirl,30
dragon171,30
lilakimoka,30
diamondtears,30
pibbnchips,30
luiixury,30
geks,30
huskrblight,30
16.6_(artist),30
mrybina,30
chickpea_(artist),30
elcnusmedy,30
tobbyc2,30
oatdote,30
phickic,30
guillotine_rabbit,30
rymogrime,30
forkat_bau,30
shirasiyuki,30
shchavel,30
warewolf_(artist),30
henko,30
hokaiarts,30
cherryfurvixen,30
ignitioncrisis,30
daemonanimated,30
kielarts,30
leoria,30
cuminbread,30
c3ga,30
luccagrizzly,30
sho-sho,30
burrrnt,30
toraisix,30
cosmicboy02,30
awwchang,30
strawberry_milk_(artist),30
boodapooks,30
terzeebo,30
beatbox474,30
sutihukka,30
ame_kitsune,30
skillet91,30
kemokemumaki,30
rixtry_oficial,30
vampimorph,30
teenosix,30
sajji,30
citrusfumes,30
c.dash37,30
limoncella,30
rhodesy,30
undercover_bluejay,30
h1d,30
iarterlyx,30
red_breadd,30
artemis-polara,30
friedxgold,30
cepsil0n,30
foxydoll604,30
dntks_4320,30
listrymistery,30
exqmaster,30
malcombtheteadragon,30
yeenlust,30
haydendjredskin,30
kuromonsart,30
pornshlub,30
vixenwrap,30
collisiongazer2,30
azeldraws,30
marsh_bunn,30
glamarts23,30
ms.quote,30
juneylewds,30
lopus_(artist),30
bamithq,30
kandoka,30
sanido,30
thepinkjay5,30
terens,30
bodohcibai,30
sputnik21,30
zodiacsc,30
annoyingmoth,30
cactus_balloon,30
edgyanimator,30
chchellyme,30
wolfsnebula,30
2toastyyy,30
joshiensfw,30
kiwidox,30
kasa_beanie,30
dipfanken,30
void_dew,30
stonic,30
hyrat,30
astrogarlic,30
bubbacterial,30
antaresmultiverse,30
savsadstuff,30
kopkins,30
16cmtothemoon,30
julionoob100,30
sketchfins,30
maggotnizer,30
unfurgivable,30
saskatoon_nu,30
bigsteppies,30
averrbaverr,30
jadeoffragons,30
smexyneko,30
sonazith,30
weaponizedwarble,30
lynhug_bb,30
niallz_(artist),30
onkinky,30
aspara,30
allisin,30
edworld,30
hazmund,30
cookietanooki,30
lycanimation,30
echros,30
remloww,30
bunnydoart,30
akaihimi,30
whit3pinkmann,30
emptyinside,30
minoruaniki,30
nabito_dan,30
ghostcoronel2,30
ludwigsilver,30
noah_maxine,30
thelonearch,30
trongle,30
chewtoything,30
roganlin,30
gremlinchalk,30
kokopingas98,30
saleecatto,30
floyote,30
keelpowah,30
lamonadedead,30
klbblez,30
sugardusto,30
kiyathejackal,30
doqqo_png,30
null_abyss,30
maiconsandey,30
xcrst1,30
thiagoefrancesco,30
srnava015,30
m-a-dragon,30
hwantsarts,30
wind.fy,30
dannycris121,30
lionraion,30
simesaba_poteto,30
cdepraxis,30
cartoonwizzard,30
magiccorpo,30
pers0nmag,30
grimorhu,30
spacepanda,30
emmavania,30
pitzspecial,30
porbol,30
ahedeg,30
lade_illust,30
krazytoonz,30
pamela_colman_smith,30
dulone,30
littlepi,30
mimithedragoness,30
bonniblair,30
lobito_jony,30
zankandreas,30
envivr,30
larrymaxs,30
suchimonix,30
udontseeme2403,30
trueblue3d,30
kennroko,30
phyzix,30
andatra_blue,30
xuyachu,30
valus_shadewalker,30
navigator8,30
bbgg_(artist),30
havhavoc,30
cluelessstarstream,30
dumbtanuki,30
hazelfox,30
berrie_lattee,30
deadzephyr4114,30
bongftah,30
rubber2d,30
filthyskull,30
susfortressa,30
junipermaxima,30
marie_gelebart,30
brett_booth,29
jennifer_l_anderson,29
chris-sowden,29
gunnmx,29
revenfox,29
heresy-darling,29
karakina,29
richard_katellis,29
exuli,29
phrozt,29
escoria,29
hoshi_kubi,29
lysozyme,29
twinfox,29
gingertail,29
mstuarn,29
zennithm,29
nyaasu,29
ganten,29
gatten,29
ruko,29
unicornblue,29
wolfoxokamichan,29
puppyloveimani,29
gdane,29
takosen,29
redrevolution,29
ben56,29
may_dog,29
twifoxy,29
snakegood,29
saina,29
snyperfox,29
slipe,29
angelpaw,29
matthewbrandon,29
misterdavey,29
hinoarashi,29
dragon_nexus,29
boobytrapzap,29
bluelimelight,29
umigarasu,29
gajo,29
darthhell,29
momomo,29
lord_friez,29
christopherlee,29
pembroke,29
grey_scarborough,29
jyaguti,29
davide76,29
freefraq,29
oystr,29
wolfox09,29
elwinne,29
noctulov,29
dragon-storm,29
ben_morbez,29
bc4life,29
kinbou_soukai,29
petaro,29
sinatzeek,29
frostypuppy,29
ekuhvielle,29
chocolatechilla,29
fox_gungrave,29
tael,29
bluse,29
designjh,29
byokiboy,29
warumono_tomii,29
wicked-at-heart,29
albatross_(artist),29
conkerbirdy,29
jupiter_fox,29
abysmal0,29
emukon,29
discombobulation,29
kamechuu,29
mrhart,29
saebira,29
booou,29
dubious,29
furryaoi,29
mustang-blaze,29
kabramari,29
sexyspots,29
kawiku,29
darkdpx3,29
wazzart,29
luniquekero,29
zantchan,29
dieselblue,29
runelocks,29
derpsickle,29
legionoftoast,29
6strife9,29
kurohachuurui,29
lutherine,29
deviliveb,29
terrykurosu,29
disnomia,29
mackeymike,29
misterbunny56,29
thewildwolfy,29
qoppa,29
pokeality_love,29
nekochan90,29
burenai,29
tyobetyobe,29
wolfen2,29
astronautdk,29
2tipsie4me,29
powerjam,29
durpy337,29
goldeklovr,29
akikan,29
ido,29
ahzi,29
modestyshorts,29
kurothefox,29
iancsamson,29
aludrakijurorin,29
randolfsparks,29
yougrover,29
zonuche,29
flarethedragon,29
lowlysquid,29
nextime,29
jamari,29
drunkengeneral,29
zafo,29
hotlegmeme,29
dullehan,29
sintastein,29
sixfoot,29
centaurus,29
stinkslinky,29
stratica,29
graybeast,29
emberslament,29
natsuco_7star,29
akane-ichii-kitsune,29
coaster14,29
kochich,29
rainbowdash2000,29
kinglikeme,29
cyberamethyst,29
sayunu,29
muttninja,29
ritwell,29
ancientbot,29
mayoi89g,29
friedrich_wilhelm_kuhnert,29
lsw249,29
dakr0819,29
holmssie,29
ioscythe,29
envtoxic,29
gbrushandpaint,29
acephlosion,29
konno_tohiro,29
crazy-fox,29
khralzar,29
solomonvolfovich,29
vaskurknsfw,29
nighthead,29
naotohirai,29
hecktop,29
softscone,29
floofflebutt,29
mcarspec,29
5keys_x86,29
sakamoto_ahiru,29
peludo,29
rionkion,29
dkdevil,29
goblintown,29
gonzo0o,29
foxtrap,29
srfkkk,29
smilek,29
wuta-tumaki,29
nightcorelights,29
schesta,29
raunchyninja,29
evilcraber,29
naughtyrodent,29
koidelcoyote,29
takkusk,29
zeshapyra,29
event_horizon,29
handlebarsprites,29
stargrave,29
extralife,29
dralighieri,29
paintedawd,29
molasteak,29
k_hunnicutt,29
flbl,29
vongulli,29
titania_(artist),29
xvarchonvx,29
corpsmanwelt,29
kinkykenku,29
nooken,29
ha11nu,29
belfryluna,29
ardi_pink,29
kemonofluffy,29
alicefrainer,29
powerofsin,29
ne_sun,29
keycock,29
midnight_rampager,29
privateotou,29
zillastudio,29
notsafeforcurt,29
milkpudding,29
kimagure_monja,29
kaiduka_akuta,29
piao_miao,29
jespassinthrough_(artist),29
ciggybunny,29
scapulari,29
veevulpes,29
nyupu,29
vraze,29
siroihigenokoi,29
barabybones,29
topazice,29
ameryukira,29
ploommy,29
corgimarine,29
elapid_(artist),29
rofu_kagazaki,29
elvendays,29
partlyclowder,29
yapo,29
utamu_d28,29
polychaete_(artist),29
lewd_lotl,29
epithymia,29
nat-cha,29
trashpandalucas,29
yukitashi,29
angrytotemwolf,29
b2u5n,29
wingmandraws,29
ladysgusting,29
kripperok,29
grimmla,29
shimazanbagu,29
lugio-france,29
kidaoriginal,29
yezi_fff,29
spicy_flakes,29
apelairplane,29
nananana,29
kongthegrain,29
myof,29
should-be-drawing,29
fillerbread,29
bucketoflewds,29
kayfoxii,29
magnamorous,29
alargewoodenbadger,29
petadodu,29
voltybee,29
luckyclau,29
xama_pro,29
zaeryn,29
startgenk9,29
niwa0w0,29
mothersatana,29
amarixa,29
kippz,29
noupie,29
lulitadarkrose,29
dorothy_(artist),29
thunder_maid,29
syuriusuhusky,29
bunta_(sisiwaka_3),29
nowego_(artist),29
justtoast,29
akiannakatt,29
wisespeak,29
darkdukewolf,29
actioncoaster,29
rin_i9,29
princessnapped,29
chrm,29
shait,29
jeffman24,29
gaouu,29
adoohay,29
gyuumu,29
furtiv3,29
zzz3,29
kurogin_(artist),29
grumpmuzzle,29
mono_(artist),29
chubbyfurries,29
donshadowwolf,29
brunchpup,29
aistarin,29
bunny_boy_(artist),29
swanlake,29
glaucous_grey,29
doritoderg,29
pastry_donkey,29
maski_(author),29
john_fell,29
ourboiroy,29
surrii,29
eyegis-garr,29
yauhasart,29
k_kp_18,29
mondlight,29
richdraw,29
orizendau,29
noctobi,29
weso,29
adachilemon402,29
zuhishy,29
foxixus,29
squiggz_(artist),29
paphvul,29
skarlett_cynder_(artist),29
hinotama,29
581rsiy,29
yutic,29
pinkelephantfetish,29
snak3,29
martuguma,29
dexechii_(artist),29
katze_zucker,29
bublelery,29
kikagaro,29
notamo,29
possumkiddo,29
nala_urbff,29
dulce_ratoncita,29
konejo,29
ryuzoku_seitai_chosa_han,29
oroz_kun,29
charlotart,29
shazy_(artist),29
odadjian,29
wolfmanwilk,29
aitchdouble,29
tigre-io,29
hiddend8,29
thinecrawler,29
celexxis_(artist),29
redtale,29
keilthemongrel,29
kindakismet,29
handgunboi,29
mozeeeeeeeee,29
cricketkisses,29
inugatami,29
ro_momod,29
sakanagashima,29
dogava,29
hiena_yeen,29
dbzdr,29
maraschinoo,29
etoz,29
bellumnsfw,29
gerdash,29
1ce_h00ves,29
redxelxet,29
djuuicebox,29
slog,29
skellisquid,29
whinyfox,29
emptylovings,29
jacksito,29
tongmung24,29
raio_owo,29
deerest_stag,29
sunk00_(artist),29
triceramonster,29
waa153,29
thebombshell5,29
diaperedshaman,29
archibald_thorburn,29
wondershove,29
them_nasties,29
the_last_envoy,29
fishingferal,29
matte_exe,29
alpineping,29
lewd_die,29
blueovenmitts,29
tenebris_umbra,29
pountach,29
goutos,29
isaach0lst,29
1nfer0,29
shoomiboop,29
gameralfa117,29
soruchee,29
spicyramen,29
behamu,29
dewith,29
awooboys,29
kirukato,29
zunaha,29
druidyordle,29
thirstfur,29
copii_chaotix,29
wrattales2022,29
goatsludge,29
sleepycause,29
rentalgf,29
cupoflavender,29
dustifang,29
fangy_boyo,29
a_glitched_cat,29
19sinzer,29
rbds_mixture,29
ill_oracle,29
harper_deer,29
leaf_sheep,29
henryfda,29
cyynapse,29
jragon,29
clitcereal,29
faunbrosia,29
sungerart,29
foxyrenew,29
pachiimochii,29
steelsart,29
sadness3verde3n,29
luvian_art,29
binca_233,29
leenah,29
pocketfurry,29
ratty0poss,29
eks-out,29
yuyuitudou,29
soldierhunterm,29
maxxivee,29
austyn,29
scootscahoots,29
nt_kichi8642,29
crito,29
kurage444,29
lilly_mega,29
snow_nex,29
luxivox,29
fosbat,29
red_bluster_(artist),29
deepmouf,29
royal_compost,29
tentakus,29
venerabilitor,29
theredroo,29
bluehiyokobunny,29
crushtrap,29
clownshope,29
ksujo,29
danel,29
seriuswolf,29
smeet_(artist),29
azrunin,29
yaperstuff18,29
the_flyingnimby,29
owenyuyin,29
caffeinatedzeph,29
alxdraws,29
xibalbakat,29
pkmgx,29
oshaviolation,29
voidhound,29
zen_crael,29
ashenhare,29
ra_devours,29
meerwasup,29
sheppyduke,29
devil_draenor,29
deadrena,29
valorkoa,29
celery_kin,29
tompi_(artist),29
falcat,29
kit3d,29
xca,29
djboom,29
sfxlompad,29
maplespider,29
azzy-art,29
steamydonutz,29
fulgoraga,29
nsfw_jackie,29
kertit,29
zenko0,29
solflatter,29
feline_threat,29
akumma,29
efefxk,29
methakaiman,29
2blunts_9sluts,29
dog_teru,29
rabbitemperor11,29
boxo,29
jorgeroman574,29
asetsotory,29
neisucksatart,29
sowo,29
teguimore,29
skull_geck0,29
jensh_nx,29
carmelcaker,29
mythrasboobhead,29
fartsniffer69,29
whinouart,29
rokkofennec,29
lazygartuz,29
nyo_la_nixan,29
z4rk0,29
unclefruit,29
abirdeer,29
strayd0rk,29
bunnymutt,29
varakaska,29
swcoyle,29
lief_kishibe,29
cyberqueenindustries,29
satogaku,29
gender_stupid,29
varmbnuuy,29
chisheq,29
artdcora,29
pi_suke0a0,29
puffycrow,29
wc6ff,29
basttard,29
eltefo23,29
erynsinclaire_(artist),29
cinnamonbeehive,29
atychiphibian,29
ovo019,29
mr.foxman,29
sekutsune,29
foulveins,29
art-accountant,29
toothlee,29
zelferry,29
yaminoneko,29
akumasinner,29
dragomor,29
thesnickity,29
alester_nibras,29
iluvrabbitz,29
cubupaws,29
godafterdark,29
kassadiro,29
kreteny,29
astrayd0g,29
sketchotto,29
5idestep,29
thez3nith,29
booiaher,29
pandemoniumisle,29
fox_the_time,29
melfunnysmell,29
mewtrix,29
notsophatmatt,29
acedark258,29
razuneku,29
nighttime_fishy,29
slash_void,29
pezho,29
tokuura,29
inkor_(artist),29
therealbayonetta,29
hyena_beans,29
clinkoclinko,29
maidcousin,29
heronin868,29
molly_derp,29
gelatinwoof,29
skellybeanz,29
twiks,29
gian800,29
lavir,29
woomi_e,29
bublijoestar,29
eddodoodle,29
zerkowolf,29
myuger,29
nooshka,29
afterglownsfw,29
vixay,29
jimmycervix,29
joker0,29
davidsonfoxy,29
dabblefox,29
supersonicparty18,29
mushroomwolf,29
zatira,29
rosepawsarts,29
hcrimsonknight,29
bigbossnsfw,29
wasisi,29
runicvixen,29
infinityartistix,29
crischar_foxito,29
claudia_tuci,29
silber,28
mr_dog,28
katzeh,28
sylus-foxdragon,28
angel_blanco,28
uniformvixen,28
omgtkb,28
blackchain,28
tensor,28
maruku,28
jahgo,28
allan_mcdougal,28
arboreal,28
ryoji,28
sasaki,28
lillium,28
it's_a_trap!,28
dennis_clark,28
lionheartcartoon,28
psychobat,28
nekonote,28
mow,28
roneethestray,28
aazhie,28
xk2x,28
chaud_magma,28
neku,28
wooferwoof,28
jcheetah,28
cgeta,28
equestria-election,28
xuu,28
reddyeno5,28
sergaelic,28
bearpatrol,28
braindps,28
demarticusstone,28
borochi,28
juba,28
badmanbastich,28
sage116,28
art-act,28
zakoryu,28
simina-cindy,28
patrickgainher,28
blackwind_zero,28
hoikarnage,28
zaiyaki,28
mazume,28
damie_m,28
nyrumx,28
captainhoers,28
deckland,28
inkasylum,28
iron-dullahan,28
morose_ambrose,28
majike,28
lazy_amp,28
conicer,28
rapid-rabbit,28
tizzle_bizzle,28
smogyday,28
abhishri,28
master_oki_akai,28
trancesequence,28
abrahamsillo,28
abyssa,28
thepurplemaniac,28
daikikaitou,28
koda_jd,28
lawlspasm,28
vintem,28
surge-on,28
pervynamek02,28
lacgl,28
cube85,28
foamy_(artist),28
brainsucks,28
edwiener,28
oko-san,28
echinoderma,28
purochen,28
jojje,28
tenzen_miyabi,28
nikkisheep,28
waffle_(artist),28
aoiuchuu,28
nekoama,28
nadvgia,28
caffeinecat,28
urii,28
ravica,28
saittamicus,28
floccinaucinihilipilification,28
zdrer456,28
passpartou,28
vyriss,28
blueast,28
connie_yang,28
serfass,28
lunar-haven-studios,28
wolfgirl_(artist),28
gaf1117,28
lotusthekat,28
kerock-ketu,28
sadieyule,28
ninjatertel,28
aboywithscales,28
mistergre,28
quill-tail,28
backalleyfallz,28
gurimjang,28
solopipb,28
battle_tiger,28
legoguy9875,28
luxianne,28
bonbonboy,28
chobi-pho,28
mirtilo,28
anoroth,28
yoshu_makato,28
starcrossing,28
momiji_the_dolf_(artist),28
ajie-g-sketchbook,28
herzseele,28
thalomine,28
linkzerofurry_(artist),28
umejiru,28
hoshicchi,28
jt-metalli,28
anna_matronic,28
barasaurus,28
syationthecop,28
foxvulpine,28
cheetahs_(artist),28
zeker,28
rye-beer,28
yttrium_(artist),28
okytheoky,28
wckd,28
jaizub,28
serb,28
jollysaunter,28
gthusky,28
prismara,28
osamu_tezuka_(artist),28
stalafarnahe,28
villagesman,28
puppenstein,28
narico,28
gaminggoru,28
lalieri,28
futalova1,28
zee-rage-man,28
sredrahs,28
popsicledog,28
dekunobou-kizakura,28
mattdarey91sfm,28
largehadronkalidah,28
ima,28
luxatile,28
v-v,28
redboi,28
puppymachine,28
mienvian,28
mothux,28
phantim,28
monokurome,28
danilo_correa,28
fox4,28
gnull,28
neone,28
phsueh,28
sinrar,28
sonicsky2337,28
maruboku_b,28
lluumi,28
kkhorseplay,28
angele_hidden,28
ginn_tnrnrngnsr,28
katilina_(artist),28
rengeki,28
dovecoon,28
tanpopo_hayabusa-maru,28
dynamoheart_(artist),28
isodoma,28
trgreta,28
sprinklepoo,28
oppaimagpie,28
nerdthatdraws,28
cbd,28
biowolfmlya,28
yoshihiko_arai,28
mcmint,28
beetlepie,28
ovelhadogelo,28
chubbypandabastard,28
alfafilly,28
gooompy,28
diskwuzting,28
dirtytabs,28
quatre_aaaa,28
daisy-pink71,28
ubernerdmaster,28
lessertaro,28
lewdbyaj,28
gureeookami,28
009w,28
lusinka,28
futuregalaxea,28
mestisoart,28
rindou_(p41neko),28
baniraad,28
darayajonjet,28
jade4ink,28
supersly-mouseguy,28
ciderbunart,28
abstractunitorn,28
sapple,28
nikolaspascal,28
ikomochi,28
ghostlydoodles,28
location_now,28
inkbuns,28
haita,28
rna_(artist),28
nathan_yaffe,28
1393_noam,28
chokaso,28
tacophox,28
amamiya,28
sir_scaliehole,28
koogspup,28
chivox00,28
manazlash,28
yiffmachine,28
cariboops,28
vanron,28
arijuno,28
kaleido-art,28
rebe-it,28
naughtybynature,28
gorrym,28
taistone_tw,28
ssb_(artist),28
leottorobba,28
mugibunbun,28
pacificside18,28
tensazangitsu,28
brothbowl,28
drawindonkey,28
seraphim_(artist),28
burgersnshakes,28
kaosu0195,28
noxeorn,28
lemonbastards,28
filumbitu,28
misterchi,28
ka'zar,28
orinvega,28
udaboutthatbass,28
himuganeya,28
fuyugaki15,28
luca_(nyucs),28
reshirii,28
caphound,28
adsouto,28
hagalazka,28
yuriguba,28
rtuenuik2,28
hazardhead69,28
cbreturn,28
u_rakaz,28
laceysx,28
casey-damore,28
faroutboy,28
dogseden,28
vivisexxion,28
enemytal,28
voxtheowl,28
kairy_draws,28
pervenche,28
kasugai,28
chef_(artist),28
nobox05,28
wayward_martian,28
thepasserbye,28
brokenmojo,28
zonkeyshow,28
katazaki,28
darkblue,28
bunbuncreamery,28
stardustpony,28
salmonmcclearn,28
deachuu,28
deer_in_a_onesie_(artist),28
shelbysmol,28
windzurartz,28
batmilk,28
love_sushi,28
dousbrata,28
bartending_crow,28
artofrhues,28
decafbat,28
glinfoxart,28
esotericer,28
luxury_furart,28
bzew,28
makardraws,28
netcrow,28
teratophallia,28
shurikoma_(artist),28
irbeus,28
fruitysnacks,28
tani_d,28
arachnymph,28
golecko,28
chamomilearts,28
twisted-doctor,28
pestilad,28
allet_weiss,28
marumaru_hh,28
furyraptor23,28
littlethieflyra,28
littlelionman,28
thorinblender,28
paramour-art,28
no_name_(artist),28
kenergi,28
mtraon,28
dawnyr,28
ryokoneko,28
thevixenmagazine,28
hc4art,28
vorix,28
varnish_(artist),28
frosoda,28
ryokun,28
sunsetrey_(artist),28
archilycant,28
shreddy117,28
ydrevam,28
dymkapics,28
hannah_daigle,28
uuforya,28
pepsiminus,28
oofwoof,28
cherrufox,28
ara_chibi,28
vampybooxo,28
tmnt_omawari3,28
adrenalinedradge2,28
lvx,28
dwy_yeddog,28
srcfur,28
garf_of_finland,28
yuri_arisato,28
sdeekkk,28
zbernkastel,28
mistysnugglebug,28
joltrex,28
ibisskb,28
space_cyan,28
lisochka_69,28
saphgriffin,28
cocktees_(artist),28
juneopulus,28
graveyardcat,28
mortyfini,28
blizynx,28
kusama,28
drnotafurry,28
cupofuwu,28
porqueloin,28
esacosaverde,28
vertopaz,28
pechaberry,28
suro964708,28
rivin177,28
orions-tipp,28
pencilpiper,28
purpleflamensfw,28
ssnowstalker,28
jacklyn_brown,28
deebu,28
shenvalor,28
mizuriba,28
tebabestbae,28
dazz_(artist),28
spookyryder,28
nyabeyo,28
jinn24149477,28
ash_louren,28
chase_shinien,28
saikyoryuuougi,28
smenco_(artist),28
kuroji,28
pipex,28
radioicetive,28
cung,28
jakeshepherd502,28
darellzark_(artist),28
jochico,28
mazemutt,28
zeanlain,28
blursedart,28
kevzep1,28
dtstat,28
gambaurata,28
dammabems,28
gothabsol,28
chonkyjohn,28
chromaboiii,28
dwunny1,28
shutupblurry,28
jaldmic,28
tsuchinoko_(artist),28
bonktubaroa,28
muto_scapulari,28
hugothecorgo,28
angelwingart,28
chuy_draws,28
mmorroxzks,28
art_by_cherep,28
hauberk888,28
peacherry,28
rickityrabbit,28
clubskunk,28
owan8181,28
gicme,28
hot-shelter,28
kiniax,28
art_wumpus,28
delta_spats,28
baicha,28
hollowedwood,28
markisss,28
ningning,28
quicktoneart,28
cawkbox,28
giannipapetti,28
sooga,28
thedeernoah,28
piina,28
taihoup,28
duranomates,28
noms_(artist),28
meneo,28
sirnurbs,28
2angelisimo,28
stockinger,28
mitsuifox,28
yurbiv,28
kriegerstein,28
iynize_(artist),28
houndlycat,28
nicholaideus,28
tap34,28
dojerodesigns,28
attifyon_(artist),28
boxx_wrench,28
spacedimsum,28
singlesalt,28
furrpaimo,28
korigahaku,28
prafalc,28
pekopon,28
zetameow,28
eikisama,28
azllimaz,28
nsfwfuan,28
aetrix,28
takomishadow,28
hornyavey,28
bunnipie,28
famousfen,28
infezmite,28
flyagaric_(artist),28
mayunie,28
laudrawin,28
oshyfriend,28
mickeyryona,28
taitangtai3,28
toridachi,28
inkor,28
licker69666,28
ixthyria,28
incidental_(artist),28
highyenaarts,28
icarus_the_lion,28
roundedpentagon,28
sblitos,28
ggtfimz,28
hoofydeer,28
artimishka,28
usamari_atari,28
rutiwa,28
caimanresurgunt,28
pixelcap,28
dragonpatches,28
marcsello,28
gorgodenwiener,28
eeeshimaenaga,28
sussynny,28
dognightmare67,28
ramsacked,28
sohungr599123,28
kaho_nishikawa,28
davidson769,28
inky_entropy,28
vich,28
kapricore,28
gweyhorny,28
remmus_d,28
kaichitsumon,28
snake89,28
mrferret,28
wilds_closet,28
chaiyi,28
erharia,28
bhiik,28
puppydirt,28
sadbox10,28
tyedie,28
chilispice,28
coolranchdoritoes_(artist),28
mishellyuser,28
meowwabae,28
ohdeerydeer,28
r0siearts,28
ras2,28
sxftdmns,28
shenaniganzaa,28
zexium,28
xzenonart,28
moldyloam,28
artbunnyink,28
lewdbunnyink,28
randomly_649,28
cobaltapple,28
colahanerqwq,28
rhymeofstrophe,28
kombat300,28
ruffus_woofus,28
true_pengon,28
machki12_ka,28
oliviwott,28
wobbybones,28
p3ntagasm,28
ravage41,28
ikiis,28
gretta14,28
delaysjewel,28
derpy_nature,28
louslewdss,28
atsuoru,28
justelm25,28
olxexlo,28
sleepyspirit,28
misterfuchs,28
sofn54,28
natonesave,28
kalpeakoira,28
jiushi_is_90,28
completedlemon,28
thatfennecdan,28
dcd,28
salsa_squad,28
zzzilart,28
preghorrors,28
itsanewday,28
greensadpixel,28
johndoe8771,28
sjey_arts,28
hydrareality,28
s1m0n,28
borocore,28
mattydoro,28
entom,28
remruff,28
lotnik5,28
flayfright,28
monolitwec,28
kobita09,28
kassbb,28
essenza,28
clubbin_(artist),28
ilovevibri,28
kurosita,28
viridiusgreen,28
lunalyst,28
seaserpenttailor,28
lucas_yuan_ww,28
cmaster1987,28
azemkek,28
cheems_gin,28
barn-owl_(artist),28
yporolsya,28
greenfuzzyboii,28
kitty_soda,28
eyahara,28
vannillama,28
cutoffcutiemark,28
mansilite,28
bufforang3,28
mastermochikun,28
spesssmutcentral,28
samichott_(artist),28
halvitty,28
kayfaricus,28
tinytouch,28
densk,28
sharkboi,28
demolishrex,28
diplomatreal,28
glottiful,28
shosho_oekaki,28
creepsterrr,28
analog_vorer,28
uisuki45,28
jiangter,28
violetv0ids,28
fluff_pampz,28
doodlehog,28
bliss0tter,28
everdog,28
coolskeltal95,28
p1nk3u,28
muroo,28
1-bobu,28
mousedrive,28
softfurscale,28
scissurs,28
freaxorz,28
jouh,28
gusa,28
pataconm,28
chopchop,28
fufayka,28
suchaeliott,28
hater_lly,28
seraphinetheyeen,28
boppidafterdark,28
syberfox,27
bigok,27
agent_orange,27
retehi,27
colesutra,27
boggle,27
thorny,27
theshizl,27
mythcomplex,27
patiroku,27
desa,27
branch_(artist),27
rezzy,27
reed_waller,27
zeurel,27
sakitastar,27
sn,27
raven_(artist),27
spikeheila,27
plumpdragon,27
chief_inquisitor,27
dexter_cockburn,27
badendxxx,27
senphyro,27
demfox19240,27
xen,27
ellowas,27
hedgehodge,27
nightfire,27
visual_commodity,27
triple-shot,27
rednight,27
danterain,27
cth,27
monak,27
guglehupf,27
shadowkan666,27
fancymisslady,27
moongazeponies,27
xxmioxx,27
tofutiles,27
skybrigidrain,27
fen-fen,27
felix-kot,27
ricket,27
shadowcat_(artist),27
braxia_(artist),27
blacktalons,27
cansinodx,27
drgn8d,27
senzoc,27
splooge,27
kirron,27
postscripting,27
xxxbattery,27
thetigress,27
soul-gryph,27
gokai-chibi,27
hoodied,27
devinian,27
meloncholy,27
tunderi,27
zelc-face,27
regalweasel,27
bronybyexception,27
wargreymon43,27
owler,27
miles57,27
selinis,27
daisuke,27
chris_rahn,27
mithril07,27
poopysocks9,27
makootter,27
shadysmarty,27
hanekumo123,27
megaherts,27
high_score_(artist),27
kalama,27
crockwad,27
barbadosslim,27
silverzar,27
jave_the_13,27
fuzzyhead12,27
pawknight,27
post-mortem,27
sizma,27
ajani_(artist),27
overlai,27
yuki-menoko,27
shunori,27
miss-jessiie,27
nethervane_(artist),27
inufaiya,27
fruitybootyraptor,27
nargaflex,27
breakerpangolin,27
distancedpsyche,27
lemonart,27
reimon-master-ii,27
naoki_wolf,27
scratch_gryph_(artist),27
neonbluh,27
aaron_neathery,27
mightyworld,27
ltl,27
naughtyimp,27
hyakkin,27
kimpze,27
kibazoku,27
shonomi,27
supertito,27
darkneji,27
thermalcake,27
kittykero,27
kythos,27
bearlyfeline,27
dama624,27
kujo,27
bruno-dz,27
kmorrisoncartoon_(artist),27
ganym0,27
kokumotsu,27
patchyeah,27
so_(artist),27
elmont,27
themonstarmash,27
t.g.r.s.l,27
korhiper,27
kimmy77,27
snowhip,27
yakimo,27
mukutamukumuku,27
ktrk5,27
neala-appaloosa,27
misswerehog,27
ponydoodleday,27
kazibug,27
thelaughingkitsune,27
ja-punkster,27
sabineko,27
mou3dayo,27
mintymousyx_(artist),27
lord_ocean,27
stormspike,27
the8bither0,27
lady-darky,27
obakedazo,27
sabs,27
boobart,27
baron_puddin_paws,27
kitsoone,27
zue,27
thekings_(artist),27
vesrin,27
lu9,27
setoangel01,27
shadowraiser,27
0ishi,27
yaku_(artist),27
tyzain,27
asarkadraws,27
halphelt,27
chippo,27
lobstersnail,27
doodleboogle,27
izumi_h27,27
aqui,27
mokotomuku77,27
arbiternidawi,27
joemike,27
berriiazul,27
coal-heart,27
vins-mousseux,27
jeimorph,27
dk.senie,27
jordan_wolf,27
yorozpony,27
apheront,27
juliart15,27
pinabble,27
rei_illustrator,27
dkqksms1004,27
scalefish_520,27
heart-of-a-dragoness,27
gnj97,27
isuckusuck,27
artisticburr_(artist),27
theflerffyburr,27
gittigiti,27
mioki,27
konashi,27
biche,27
nendoggo,27
curritoss,27
midnightmuser,27
frenchthenhen,27
bardeaux,27
stamin-up,27
skitsniga,27
cloudypouty,27
daddy_pone,27
aku_(artist),27
abruptolivecz,27
snoway,27
velk,27
reflium,27
jiant101,27
jazzyz401,27
ajira,27
denverend,27
carousel-cat,27
pollenoxide,27
hozure,27
harborsorts,27
swatchfodder,27
dynamictrigger22,27
chemicalcrux,27
arztin,27
nerfocalypse,27
shion_humine,27
sublamy123,27
rafer_grand_(artist),27
storyman,27
g0masolt,27
neoshka,27
eastlog,27
icarozilla,27
basketbollin,27
ryukiro,27
theheliumtiger,27
risque_phantom,27
deel,27
saphistar-tries-to-art,27
raccoonpie,27
thatblackcopfromdawnofthedead,27
fastfooddemon,27
sherr,27
leonheart54115,27
gritzoz,27
n_gata21,27
kristof-wulf,27
silvergriffin21,27
zakurujay,27
lindsay_cibos,27
delta3814,27
4_ira,27
artolvrsmth,27
heckley,27
linsaya,27
4040tinta,27
mophingu,27
2b-labs,27
sharkguts,27
sunbull,27
naked_dan,27
neoanton_(artist),27
shakeandbake,27
shadowboxer,27
kaiser_dragonstro,27
nilomne,27
pandaranohako,27
sfm_eclipse,27
erick_ahtanohj,27
zorodora,27
head_n31,27
donabe,27
sweaterch,27
lizardpuke,27
minmiki,27
<vampirefuuucker>,27
lumpy_touch,27
krusid,27
thespacepon3,27
almyriganhero,27
meebeehyena,27
tayrawhite,27
danielpup,27
bredtolove_(artist),27
imply,27
mosca_juanin,27
fiishdude,27
animalk,27
gaybadgerncat,27
dorogart,27
pumadime,27
best_bes,27
hyponova,27
twoshoesmcgee,27
kimblee_(artist),27
fawndog,27
ashentail,27
belfezon,27
thedispenser69,27
catwarrior_(artist),27
oumi,27
nakigara,27
mrff25,27
jackira,27
mrxharlequinn,27
griffinphillis,27
dino1fan101,27
lemusuniverse,27
hirowo,27
alphathewerewolf,27
maplessssss_(artist),27
shimachan,27
raccoonthing,27
ruffythelion,27
starrberry,27
doublecatte,27
pinkeyesoda,27
nemane,27
aspev,27
einin,27
kynosura,27
pencethehence,27
i4_kan,27
danteslunte,27
4rchf1end,27
emailty,27
stingercorps,27
pancookie,27
wintersoul,27
zentt,27
ooshio7734,27
cherrybxnnie,27
artlamelt,27
lyinart,27
louffay,27
nightynight,27
pixwell,27
geodani,27
zawkian_puppy,27
sleepysuccubusstudios,27
nebula64,27
liskis,27
siggy_atrox,27
angelofthecode,27
ccced,27
inuwoo,27
chaina,27
tod0231,27
jawsandcorp,27
surturthewolflord,27
domestic_maid,27
kyuune,27
coremindsdark,27
bartlebyjones,27
mellojellowo,27
coffune,27
6kix,27
lunasimia,27
chocolate_muffins,27
wayayu17,27
dogfuji15,27
virginwhore,27
notedwolf,27
argylesockx,27
oniblonde,27
pretaxrat159,27
demonceelin,27
cordi,27
drunkrembrancer,27
kim_wang_jyang,27
spica,27
skmnt01,27
ostarn,27
ledove,27
saiko-pyon_(artist),27
azi_4081,27
antrimbull,27
bluberry712,27
spicemanart,27
winnigrette,27
bigjoppa,27
ladybugk,27
mikurulucky,27
chrismono,27
the-lazy-llama,27
hbky1101,27
kiraco,27
mugi_cinderace,27
neondos,27
darylanimates14,27
krowndconvz,27
javacatdotio,27
shellan,27
thirty8ght,27
eduard_arts,27
lykim,27
lunarhoffen,27
naughtybrownies,27
astrosquid,27
suntramp,27
janemoroh,27
loki_lemuria,27
l-mafia-l,27
3k2xv,27
slutydox,27
arcafterdark,27
milliemonster,27
sparecoyote,27
steven_huang,27
woopo,27
helregin,27
coughee_aholic,27
reverse_frog,27
dskn,27
princessmisery,27
saheul_s,27
fuboku,27
mxmanagement,27
emperornortonii,27
goldengryphon,27
cap'n,27
privy,27
flowbish,27
pon20021202,27
watagashi_k,27
wofflemint,27
putzpinkie_(artist),27
callie_senta,27
sir_fluff,27
neormk,27
flashyscloset,27
thekingvillain,27
solitarybagel,27
infinibeans,27
coffeline,27
brdzandbiscuits,27
droogiesparrow,27
usagi1923,27
malletspace,27
fyko_fox,27
foulfur,27
muldithekobold,27
pyjyamas,27
rorondo4,27
dragoneater,27
lemeonlemon,27
resint5,27
daretaris,27
morikoke,27
poccky,27
sosalkis,27
jagaimoto,27
cremanata,27
spiffybunny,27
takedaconomi2,27
zees1,27
disgruntled_(artist),27
itssunee,27
yoshirotoga,27
squigor,27
choshigaiden,27
reydam,27
nickelcatengine,27
nohaburr,27
sunnyhero,27
misaligned,27
olivershiny,27
nightcrow,27
zappydoesart,27
itzkoaro,27
box_of_floof,27
pompidu-polya,27
cueliton,27
miksu4542,27
maw-malice,27
blargen69,27
leviapanda,27
snek_ad,27
someguyoffthestreets,27
mtmcats,27
urotori,27
pokesymbiote,27
ka_ramono,27
fiskdisk,27
hidden97,27
nersaart,27
andreita14ajhq,27
skyhighaero,27
joaquincarre,27
dumbochumbo,27
kazjester,27
submori_521,27
okaliz,27
leeeee_l,27
tsaotsaow,27
earthwormgd,27
morino8484,27
itsamehornio,27
seerkitty,27
shirio,27
oldfoxdla,27
cotton_punk,27
jfenixs2,27
antares_alexanyel,27
shapie_(artist),27
chikomokii,27
eldelascosquillas,27
boofbuppy,27
gus_arts,27
jollyjersey,27
scruffydraws,27
rhunter13,27
shimisen,27
lickerdemon,27
edamrit,27
user001,27
dragoon343,27
shachi_ojisan,27
jakatoshi,27
chronobauble,27
vermonttheseagull,27
sunnybunny37,27
scimbos,27
pumpkinbon,27
hotterthanjuly,27
xx_hahamonsterpp_xx,27
nolongeranimals,27
stupidtemplar,27
wickedstag,27
miclbero,27
fenecoou,27
malish,27
sudonart,27
butcher_pal,27
perseve,27
bastard_rat,27
sunsleptos,27
kynesart,27
verdedeer,27
atrophene,27
muyang_fort,27
axedraws,27
mrs.black,27
passiona_roo,27
koratkat,27
vistrou,27
shiningnoise,27
misahero99,27
thecakeee,27
gekkart,27
catjeady,27
minigoat,27
ang3l404,27
epeon,27
jakearmorsmith,27
hornyharpy,27
jonsfw,27
zariel_darkangel,27
soulsbenjor,27
kvolik,27
nonnoko_nonko,27
konen,27
linthewicker,27
mrf0zzy,27
spartancandy,27
yunnylynx,27
bad_bovine,27
loleczeq,27
paulo_z,27
rottenarmor,27
box3693,27
shortfuze,27
rosarydraws,27
cyanekite,27
li_geduld,27
ksyker,27
chaoticgintonic,27
teagandraws,27
ccaimeo,27
anglwshot,27
cafe_ydonas,27
chaco_(illustrattyako),27
imrachets,27
anonymous_gardevoir,27
yellingbox,27
hyenamancer,27
leafywolf,27
rexuranus,27
wriggly,27
finalcord,27
a1x1az,27
wapken_(artist),27
just_sunel,27
hamtaroso,27
lewdoverich,27
aya_ryona,27
otter_oasis,27
woodlouse_(artist),27
shyestmind,27
redem0n,27
verinity_v,27
bonkdoge_3d,27
donny_blevins,27
midnekite,27
starabbit,27
starbunnii,27
moonshadows,27
teewhup,27
blightstarero,27
werdopon,27
floofingoop,27
eddotheweirdo,27
bonnibelchu,27
simple_nicks,27
drank_hyena,27
brick_(artist),27
steno3d,27
doodlejuni,27
katciao,27
seozen,27
salmon_no_kaori,27
hz_foxy,27
l.s.cat,27
smug_prince,27
colaoaoiacquy,27
lolitiaowo,27
exaltr,27
batdeadinside,27
fluffybeeboy,27
nissiko,27
tuckerin3d,27
amplected,27
nanocorpx,27
skribblepage,27
lustration_team,27
keraphyart,27
yogurtbeans,27
reeviro,27
dulldi,27
alithia,27
supereft_(artist),27
jaypinho,27
asht0n,27
pankacake,27
randompersonguy,27
fox4_19,27
warest,27
rxmenxxdz,27
gooey_(artist),27
spinarooz,27
gisa_lenshin,27
ballerkid,27
v01dst3lar,27
buffgourmetking,27
raitohyou,27
monana-yo1,27
maya_bladewing_(artist),27
napkingdraws,27
sergal_mowgli,27
syo0x0,27
luzonfa,27
irradiatedpiratebooty,27
the_blondeh,27
lovebuffpg45,27
madladdeluxe,27
shaqiqi2077,27
nastytentacle,27
mariam,27
bumblesteak,27
salivahero,27
funeralfugitive,27
jajartiq,27
pavanz,27
chubunited,27
adlm13,27
iamhughmungus,27
jadedkat69,27
naevus,27
kilumi,27
lsampa6mlwoadn7,27
reizo666,27
pyrohawk,27
krampuscorner,27
johjohdodo,27
my_6633,27
dotboobs,27
rexalogy,27
ratsyarts,27
superstaryoshi6,27
bluevixenad,27
thyglia_fox,27
vinxent,27
teatotalerlewds,27
blipbugbug,27
noonearts,27
nmf_guy,27
shoko_steff,27
ray_karr,27
iglooder,27
aimee_major,26
icewolf,26
tygger,26
mo-hiro,26
lunarwolf,26
neji_neji,26
greening,26
foshu,26
fernando_vargas,26
kituneno-lullaby,26
irontom,26
sakkan,26
aonik,26
paul_robertson,26
c1a0,26
ashdragonfire,26
kure,26
monkeycheese,26
kiyoshi,26
toba_hiyoko,26
kipper,26
kovat,26
xanthippos,26
challen,26
thecapedmanlloyd,26
"walter_elias_""walt""_disney",26
ino,26
moomanibe,26
yosha,26
fennex,26
shadowhulk,26
maelice,26
pangaean-2,26
pedro,26
fiarel,26
re,26
k-y-r-i-e,26
magnum_(artist),26
bloodshot23,26
victor_(artist),26
lex_cypher,26
behemuffin,26
imago,26
whitehair,26
commissar-k,26
shestaroo,26
ozyosa,26
omnifob,26
lustrous-dreams,26
destijl,26
begami,26
puppyboy,26
unbreakablebond,26
mimy92sonadow,26
riosha,26
exvarn,26
jackoffrabbit,26
nightwind005,26
hypnocub,26
danimarion,26
sheanimale,26
zymonasyh,26
atari_mitsuku,26
sung_and_ama,26
alaer,26
sofunnyguy,26
ibee,26
nut-bar,26
jackalopedewey,26
shibatheinu,26
theomegaridley,26
storm_devil,26
winona_nelson,26
moneyshot_(artist),26
ryusei_(artist),26
goatboy,26
digipixelfluff,26
aurora-chiaro,26
themanesex,26
mixureru,26
crikeydave,26
jko_2,26
pinkthehedgehog,26
rivus,26
dkjmn,26
atomictiki,26
sapphire_(artist),26
siogo,26
zeemf,26
nidopug,26
silentpon3,26
hoshi_kitsunuki,26
oldmusic_(artist),26
mw,26
herutastic,26
runnerman360,26
afrosoldier303,26
kerothestrange,26
stickyfeathers,26
lizaosan,26
rieko,26
mistressbloodershy,26
aeroingo,26
yugklabs,26
shadeofshinon,26
avimedes,26
morto,26
ice-hero,26
seinobyte,26
nalesia,26
bunniehkins,26
sierra11744,26
multimedia_(artist),26
kiwi_(artist),26
gendoempertags,26
kakaodieb,26
gooeythedragon,26
reykay,26
blugrass,26
kawacy,26
velvetqueenh,26
tylersdad,26
maximignon,26
randomdrawpony,26
wat_son_(artist),26
kamesu_micchacara,26
spur,26
kais9,26
closetcanibal,26
pixelannex,26
2=8,26
nitorou,26
deepdarkfantasies,26
saintxtail,26
stoonbucko,26
afoxinabox,26
ohyuki,26
ruran,26
allesey,26
hollyk,26
sandopoliszone,26
jaydademon,26
jacfox,26
schandbringer,26
haripo_(artist),26
squirrel_amazing,26
mangus0723,26
genex,26
phuocthiencreation,26
babbuful,26
crankydove,26
chichibu3,26
beakbum,26
kaknifu,26
tornking,26
garoto_guloso,26
mitgard-knight,26
toothlessfan,26
foolgirl,26
tyrcola,26
gombee_s,26
kuroonehalf,26
silent-fly,26
veloceryx,26
plotcore,26
fappingff,26
zerozero,26
amidnarasu,26
jakashi,26
fu-do,26
lillayfran,26
anrock3,26
clarakerber,26
nak_anust,26
lushminda,26
onedirtydog,26
dentist_(artist),26
loukaina,26
blufeather,26
pokefusionman,26
yayster,26
valtykeaton,26
jxg,26
senshellshark,26
rairru,26
superlolian,26
vomits_(artist),26
popon13,26
stonedshiba,26
spritermx,26
hopwiresfm_(artist),26
avengedog,26
therealfalconpawnch7,26
royaloppai,26
splitterpic,26
forks,26
eskaria145,26
openlor,26
santalol,26
a-signature,26
dokta,26
kyrathehyena,26
schattenflamme,26
belphione,26
yagi_mutsuki,26
noel_(artist),26
krechevskoy,26
dendoro,26
weblure,26
lunabara,26
peterlangtonsfm,26
8haon8,26
darkempiren,26
neutral_nt,26
aoki_kanji,26
smusserd,26
woofzilla,26
colorwrath,26
yogert,26
rambamboo_(artist),26
crimsonrex,26
hotstuff,26
sturaptor,26
runeechan,26
leveretry,26
jaskenator7000,26
michizuki,26
ammy_rootpaws,26
tito_tha_raccoon,26
xolkuikani,26
thatdoggolinkie,26
inquisitorspurius,26
bodskih,26
gamepony-verysecret,26
blehmaster7,26
fennecsilvestre,26
bluizer,26
thekaimaster07,26
purplethecharmander,26
pocketss,26
colplasticat,26
1i3,26
abonzabay,26
yark-wark,26
schmuccubus,26
sushi1515,26
okami_(artist),26
kantex,26
thirsthound,26
itsthenutzone,26
saltyqtip,26
scotch_hideyoshi,26
jhony.,26
lulucien,26
jcthornton,26
whan,26
stockingfan,26
winklwink,26
themadsurgeon,26
ransu_33,26
zombiesunlight,26
harrybcd_(artist),26
tkongingi,26
demitsorou,26
elalvaradog,26
dabloons,26
stupidsmut,26
tribdinosaur,26
kuraon,26
furball_shirokm,26
benettblackadder,26
atsukosfm_(artist),26
wawo,26
theirin,26
smashcuenta123,26
rx1213,26
curesnow,26
numbertwos,26
mr.hp,26
willian_shion,26
thatdirgedude,26
malbavi,26
venasii,26
musachan,26
catsstuff,26
hmsm,26
walter_the_mix,26
kumakai,26
29_da2,26
dasoowolf,26
h_s_050,26
owlel,26
katoributa_a,26
polarwave,26
flufflion,26
smolkaiju,26
greatdude,26
b2xa1,26
lone-scarab,26
afc,26
geotalon,26
kalamariboy,26
gershanti,26
snesflint,26
athena0023,26
wittnv,26
elodoart,26
msdk_max,26
ketlimur,26
socarter,26
dogbit,26
ekko1939,26
kitsune_drifty,26
malle_yeno,26
solokhoniir,26
funboy,26
nio_kasgami,26
kjm_video,26
mofo_yaya,26
jeffieb19,26
adhiguna,26
whinnie,26
kmhr_889012,26
plushclover,26
olkl1234,26
takichizento,26
coconeeeco,26
uma_shika19,26
j8k_s,26
lewdloaf,26
vanthi,26
kuma_(pixiv_881259),26
briznaburr,26
yoshi00000091,26
nobinolife,26
ikouzhy,26
jovejun,26
infurmary,26
kaminakirei,26
splatinkle,26
kuramafurrypaw,26
dingy_pingy,26
uzon,26
occultgay,26
monooki333,26
doujinpearl,26
fantasy_(artist),26
hiastobasement,26
cashumeru,26
lolwutburger,26
komahu,26
nyamrow,26
ziatimberwolf,26
henmimori,26
azure_(star),26
tausen_lion,26
dolphysoul,26
peschinka,26
barakuma,26
cinnabus,26
ukon_vasara,26
slimedagger,26
nidinen,26
huniiheart_(artist),26
edsomez,26
zodopop,26
owl_light,26
butusan_p,26
spicysausages,26
snows_no_nos,26
nenkoket,26
psychomittens,26
tischotter,26
biggoodwolf,26
cupofcoco,26
k_pring,26
zxc14,26
sorisoru,26
phoenix_adverdale,26
gabbagebin,26
cardiaivy,26
bananathief,26
skrekdathird,26
specter_l,26
teapuffu,26
doggostar,26
bellfa,26
chisana,26
theoverloader,26
phaulis,26
ls0tapok,26
pandoboo,26
super_elon,26
gregthelion,26
ekcdayo,26
ptirs,26
daaglaas,26
yuyami_gaoka,26
royal_nod,26
mila_horny,26
neppyin,26
ralvar,26
c0draw,26
kindaprudish,26
ren_winterfox_(artist),26
max_muffin01,26
shodie,26
two-san,26
karin_kinako,26
lixten16,26
soup-laddle,26
vdezten,26
satoshijoga1,26
decisivetang,26
smollypoli,26
crevettpudel,26
jvbax,26
secret_d_devil,26
reizu47,26
tenenbris_(artist),26
xmobile,26
zerdaofdebauchery,26
layzuhcatz,26
icelernd,26
kabo-darkfields,26
noisebird,26
kiroc,26
adamthefool,26
cuteblack,26
nakatakoi,26
emerycallahan,26
wymek,26
komiko,26
snowflakesheep,26
nightbotgrey,26
bigshieldgardna,26
foxyreine_(artist),26
katthekitkat,26
adabear,26
niyuyu,26
dobiesketch,26
tyabasira0518,26
callmedarky,26
kinaisan22511,26
spicydurassno,26
jasper_fur,26
bonesandfeathers,26
machathree,26
mrming,26
duckoo,26
thordersfm_(artist),26
yokunaiplay,26
francoisl-artblog,26
soloemi3,26
privon,26
foxi_boxi,26
hottmutton,26
berrymilkbear,26
athingies,26
blushroom,26
twinklybun,26
apone3d,26
omeyega,26
sr_panda_86,26
ddzi_(zini),26
nihilistdigby,26
camazule,26
probable_trash,26
victory_clint,26
tropojet,26
saikin_san_(artist),26
dancom67,26
jonjonrenzo1,26
captainhornybotld,26
emeralds_(artist),26
luxoh,26
pintahyena,26
princess_jomes,26
v8glzz,26
soft_monster,26
tukareta_inu,26
inkypuso,26
uolf,26
pokko_(artist),26
nightrose_desires,26
purblube_scramble-prll,26
waruneko968,26
sarkvy,26
thedogface,26
gerusyu,26
ratta108,26
atom_sergal,26
fumao_jhaipei,26
chaningham,26
crazy_simone,26
spicybunboi,26
fruit-cake,26
judicatorkoo,26
ringo-0,26
axxxonn,26
nin10ja,26
mageinthedark,26
thepuph,26
hown_brash,26
degeneroid,26
itari,26
thermite,26
yuqiqiya54831,26
dante59,26
lileli,26
optichanalone,26
fuzzrock3,26
gariyuu_(artist),26
kemo_cafe,26
rolego/ori,26
steamedeggz,26
gyi.,26
jaguk9481,26
fr05t_protogen,26
sweety_(artist),26
sileynus,26
karma_iacobus,26
neroangero,26
likosart,26
vottie,26
tai_tanuki,26
argentdel,26
ryo_sumiyoshi,26
kyodori,26
ferretfolk,26
leftyfornsfw,26
buzzer_(artist),26
klaz1247,26
bird_d,26
yamada_(pixiv24040206),26
mlemgoober,26
machikado07,26
galaxy_cowboy,26
monarch_com,26
citrusfang,26
heraldicmage,26
ricky_arts,26
gluestudd,26
sabanasmiles,26
styxiansailor,26
alteredkrimson,26
impmussa,26
eviltoastedmw,26
srbunny649,26
twibli,26
ember21hk,26
yunbucai,26
pagliaccci55,26
aurzz,26
starcritter,26
starodinblack,26
eveleer,26
qwertyuiop4082,26
cosmicsaturn,26
bigsquidman,26
dixxbedru,26
regularex,26
hakuten,26
neglect_illusion,26
pixi_mikuxxx,26
megahand6,26
vhsrat,26
wanroywolf,26
zaffyx,26
swanpit,26
furry_fresher,26
yagamikuro67,26
tylernobody,26
redblast,26
edkuroki,26
kartavipirate,26
m0thteeeth,26
nezzieplump,26
thesigmaarts,26
novern,26
wesphin,26
bonguitoweon,26
sneakylupine,26
gdbr-1,26
bizzareraccoon,26
zolnix,26
turbidkiddo,26
thiritherabbit,26
sinnaspice,26
mobywidebody,26
dremetad,26
sldbeike,26
great_white_nope,26
readisketti,26
yakucabbit,26
leodamodeler,26
lithiumlps,26
eggsaladsandwich,26
drakehernandez,26
cyrockstar,26
eroinu27,26
enderryy,26
zopilotemenu,26
rr_sono,26
xux_(artist),26
admiralbushed,26
snek77,26
cyanknight,26
lynasdf,26
nagick_18,26
nyanaknifegal,26
dodekaminnhi,26
luxxari,26
winterookami,26
ada.tv,26
fauxfowl,26
arnkleblarn,26
soldierguy,26
signified-blue,26
sinflative,26
thatbirdguy,26
sanekfingerdraw,26
blu_moon,26
wickedlyundesirable,26
kyshan_(artist),26
diannadarc,26
itsminosart,26
cuernosblancos,26
delster,26
plankanon,26
laileagoob,26
agenexxthecat,26
blackyumbreon,26
otamin,26
bigfatartist,26
remilust,26
quill_avali_ad,26
lakkithefox,26
koshquasar,26
aussie_toaster,26
nodriot,26
megguado,26
why-isnt-he-moving,26
fornicata,26
akobeul,26
jetface5000,26
pizzaowl,26
xuao,26
nsfboxers,26
mochableat,26
takynu90,26
wata_(artist),26
the_mentos,26
fluxdivided,26
deezasterarts,26
kawa_kir_(artist),26
procyon_star,26
alletana,26
heavenless,26
hxboox03,26
depre,26
hiivenn,26
zerocloak,26
giyuyuchan,26
rinarooni,26
abbamusa410791,26
keynor,26
chaosferret,26
zako,26
pncholmeca100,26
bloatable,26
mcjhones,26
itzamug,26
seventeen1717,26
marypumpum,26
leewonteey,26
burgundy_wolf,26
logdoesrenders,26
wandomness,26
bluedomstar,26
samenei,26
shiling,26
domyn,26
duckbrained,26
forsakengraves,26
vitame83,26
larabnuy,26
otokakoto,26
khadhunter7,26
gumiki_bani,26
chelfoxart,26
4uka,26
jampalanga,26
mariamame,26
toafloast,26
fattcactus,26
delonius,26
vesi_sage,26
psychobirb,26
justnotcobalt,26
vensaku,26
not_a_lil_pesto,26
argentvasimr,26
rowan_crimes,26
yourkobold,26
honeybud,26
jesse_hamm,26
justyschultzy,26
jaeblorocks,26
enoxarts,26
vasgore,26
mgdire671,26
liscenuwu,26
lolrnomic,26
xxcontinentalxx,26
darkest_coal,26
anyol,26
serafphim,26
ivy-niji,26
momomichi_nsfw,26
glengrantsquid,26
sillydinoman,26
zopanda,26
shockpine,26
neato5,26
misslulumochi,26
meatcanister,26
kamirappa,26
tuk,26
pesdets,26
jakesart,26
snilkysnacc,26
3rn14,26
lavendel_(artist),26
wildside_45,26
mercurialentropy,26
nyaromeron,26
kaccvcate,26
kowloon7050,26
milkyshu,26
tani_lafayette,26
tekothedino,26
seasonedtrashxp,26
lewdly_gibo,26
lewdnote_studio,26
lokwx02,26
ghxztfaze,26
wen_yu_li,25
bbmbbf,25
yiffyraptor,25
likeshine,25
korth,25
krossbreeder,25
wangkingfun,25
beowulf_kennedy,25
dirtiran,25
petite-symphony,25
polo_jasso,25
snakehunter,25
fossa_(artist),25
bushycat,25
mikalapine,25
phantomapfel,25
dilgearwolfang,25
trip_(artist),25
rena_tamer,25
koi_(artist),25
inking,25
c4th,25
rasp777,25
jamesthedoc,25
susake_kes,25
kawaguchi_youhei,25
manafox,25
hodori,25
snapai,25
nagano_tenzen,25
heartz,25
black_lotus,25
vagabundo,25
janaita,25
l._frank,25
anarch,25
firestormsix,25
batcountry,25
bosshi,25
fr0st,25
batch,25
deep_hukadune,25
lizardking,25
honeyking,25
sponsz,25
czgoldedition,25
imaajfpstnfo,25
lokya,25
drew_gardner,25
star_ringer,25
slylemur,25
heilos,25
eamze,25
chandraken,25
sheppi,25
brothergabriel,25
tophatharry,25
relydazed,25
konnestra,25
nuezou,25
torakichi-gau,25
glitcher,25
cyran,25
pin_no_ji,25
flatrat,25
lorkalt,25
gompriest,25
gign-3208,25
dokumushi,25
blues27xx,25
helvetica_(artist),25
ladiesman217,25
francesco,25
dsninja,25
helg,25
mitsuhakai,25
zenith,25
fapplejackoff,25
defiance,25
chaoticbrony,25
mohawkrex,25
colorlesscupcake,25
giganaut,25
bbwpokedex,25
vandringar,25
naoya,25
dazed-and-wandering,25
bisco,25
azugarlic,25
kagekitsoon,25
azurenekoalex,25
perfectblue97,25
ponyclopsasaurus,25
carligercarl,25
balderdash999,25
kaku_mui,25
lock444,25
kaju_inu,25
princesssilverglow,25
fillyphalanx,25
sir-prince,25
icandy,25
joellethenose,25
elenazilla,25
yukihyo,25
tentabulge,25
zucchini_(artist),25
labba94,25
svetlin_velinov,25
petkitten,25
rielity,25
scratchmarks,25
thecruelseasons,25
knpn,25
lancer_buck_(colorist),25
shyshyoctavia,25
atusix,25
unafkennyart,25
kabutoro,25
chilon,25
carbonoid,25
cadenza,25
werepyre-warrior,25
pgm-m,25
amorecadenza,25
nsfw-pony,25
solt,25
souzousha,25
genyokuenbou_(pixiv),25
coyrin,25
elsr.lobo,25
albana-the-dragoness,25
the-cog,25
kirita,25
auto_(artist),25
chetty,25
sono,25
sceptile_(artist),25
void236,25
farionelle,25
eltonel,25
fearsfortears,25
talimingi,25
derpydewey,25
funnymouth,25
kimikun4,25
miekyll,25
deerpuff,25
rogenilinad,25
pawziclawzi,25
crylin,25
gonster,25
pervyangel,25
crazychocobunny,25
lochamotion,25
quoth_the_raven_(artist),25
x1x1,25
furrybeachclub,25
nantaly,25
stc3000,25
adequality,25
pawsitively,25
kogi,25
froggywithfries,25
hot_headed_clover,25
hitotsuki_nebura,25
manic47,25
kitty1208,25
jenny92,25
drak-arts,25
nikolokinina,25
esme_belles_(artist),25
doggie_bones,25
nyes,25
miss_kitty_mouse_(artist),25
geworin,25
dave_cheung,25
plebbles,25
eowin,25
maxx777,25
justaweirdogirl,25
railroad_mejic,25
persegan,25
fuya_(tempupupu),25
jag_(artist),25
malofantastic,25
orobas_(artist),25
owlhaus,25
chanceyb,25
jobless,25
romaine,25
rexwolf,25
cantershirecommons,25
liego,25
auroraweaver,25
weeeeps,25
foulex,25
doctorconnie,25
montypup,25
servojob,25
rachel_j_corey,25
dudleyiez,25
jellse,25
baile,25
jumblehorse,25
bossman1969,25
buranko,25
alexalan,25
sandlake,25
banjokazoo123,25
muroku,25
hutska_(artist),25
winserferret,25
knullmannen_(artist),25
zephyrflash,25
compmq_(artist),25
y_r_k_4,25
wolgensim,25
rebelgandre,25
akaikosh,25
asera,25
monanniverse,25
graphenescloset,25
mobile-kun,25
katkhol,25
barn_(artist),25
wizbooty,25
flying_afro,25
moondogg,25
pinklepickle,25
meetworp,25
anti1mozg,25
diasfox,25
327b_(artist),25
lightfurdragon,25
crazyeyes,25
villdyr_(artist),25
tj-45,25
badguyvivi,25
salt_pepper,25
moogan,25
sockhungryclutz,25
necrovert,25
buurgerboy,25
rar1990,25
insane_lizard_vel,25
osprey-hawk_(artist),25
plaguelizard,25
fluffysteambunny,25
herroverdober,25
toniko_pantoja,25
kete,25
ocelotlrama,25
kira_kitira,25
justicecaptainv,25
kmmm,25
riceserpent,25
corvian,25
sexyhalofan,25
log_draws,25
powerfulcrumpets,25
catlion3,25
lady-t_(artist),25
farsek,25
zyrtex,25
laralila,25
killero,25
ub_iwerks,25
pogoo,25
x-rom,25
deesamane,25
danchundemei,25
pervertdemondragon,25
tya.,25
gunsforeyes,25
wakamolez,25
puca-puca,25
bxhrd,25
dobie-ace,25
chitafokkusu,25
frottingotter,25
nutlety,25
fmirsokp,25
pinklagoon,25
vrisoka,25
juanito_medina,25
eccentricspider,25
jinnai,25
bootypatootie,25
lalupine,25
yiffnotgif,25
jmf32,25
mumimushu5,25
jf-049,25
rexiwiksi,25
pseudofaun,25
kinkangel,25
gosannana,25
junryu,25
fennecseed,25
omil16,25
amarthgul,25
grivik,25
h_rt2,25
celsian,25
oddskull,25
jnstudio,25
sigmabunn,25
hellonearth-iii,25
hylogon,25
km_kitune,25
zhutia15,25
tanzanite,25
doom12,25
fiworo,25
kogitune,25
everstone_(artist),25
rige21,25
tehsquishyray,25
kito_(sorahate),25
mizukage_(artist),25
eco19,25
hary96,25
cragscleft,25
lil_randum,25
kerodash,25
haraya,25
g_tsurimasu,25
zettdot,25
cutelewds,25
khamii,25
fuketsudan,25
tomomitartini,25
lainart,25
asurii,25
spudenski,25
metapuns,25
tantrictoons,25
ichiri,25
ruubeszdraws,25
kevsky_draws,25
sparkle_cat,25
sogravid,25
xaix,25
dekxer,25
eostex,25
srfennec,25
chimerastories,25
gartie,25
jib_kodi_(artist),25
boxxmore,25
villainy,25
kaufycream,25
sugar.rush,25
bariumfox,25
thankfullorris,25
maodun,25
cherrypix,25
starpeace,25
comrade_shy,25
sugoi-chan,25
danneroni,25
linaswalaf,25
jazzycard,25
ellkir_fox,25
ranaecho,25
bonbonbear,25
clyde_donovan_(artist),25
nexiv_foxclaw,25
mosilll,25
gnabgnoffe,25
jjigae,25
thoughtvision,25
ranshinumeda334,25
mayumochi,25
bladedragoon7575,25
bluetheboo,25
brannahgirl,25
vrobei,25
crowflyproductions,25
darcknessart,25
463_jun,25
luludeville,25
pumopumoshi,25
jack-in-the-box-sfm,25
imako-chan,25
linkscape,25
mu-wolfmkii,25
zeevaff,25
enkiefa,25
breioom,25
nikeneko,25
flasker,25
chyara_the_chimera,25
aoihitsuji,25
mazarku,25
muky-cuddly,25
tigrio_prulsan,25
hinatawolf,25
hastured_cake,25
shountar,25
buns_with_cinnamon,25
zeromegas,25
okura_0426,25
mirothefox,25
burumisu,25
silcybell,25
markyanv_(artist),25
uhotdog,25
starpaint0011,25
chooper8,25
puredarkness500,25
caribe,25
qoat,25
spritedraws,25
hellomyboi1028,25
graphite_midnight,25
egk513,25
mrfoxluck,25
chocochipviv,25
zhecklar,25
koyukomu,25
juneaupaws,25
icykatsura,25
tombstonejoe,25
fontez,25
roger98,25
nasuno_posi,25
brushwork,25
haydenskull,25
chu_twst,25
magnumimpulse,25
furry_in_a_hurry,25
ambroseyeen,25
marscanis,25
kijikijiuzura,25
rabanochan,25
xaypanda,25
tougu,25
skyline_comet,25
crasherchroma,25
altart,25
kingpillar,25
tinypwbble,25
el_caballo_oscuro,25
loinsavage,25
s_h_o,25
cryena,25
punished_kain,25
darckhumor,25
aurelya,25
madebychimi,25
altern015,25
zoroak88,25
uhokue,25
cryfvck,25
darakroft,25
zimzid,25
yozothescribe,25
dh29pcr,25
dragonhurd,25
jinastray,25
ixunsfw,25
crowsfire,25
shen_art,25
cantando_pollas,25
stri,25
daigo-48,25
jcfireescape,25
yellowquagsire,25
mr_jager,25
ante90,25
anmei_ftnn,25
rigid3d,25
whip_collar,25
furmazing,25
pallid-panda,25
eropersona,25
kettimurr,25
entomb,25
roxxxan,25
misskarma,25
grimmie2,25
rd_carpet,25
8i_ll_lon,25
jayshark,25
yasjo,25
tr_yithaz,25
vergewemyasb,25
oshoku_momiji,25
delightultrasonic,25
caproicyuhki,25
soothingbunny,25
zap_redfield,25
murasaki14134,25
catbed_(artist),25
cutelickart,25
monkelad,25
tm32,25
crapemyrtlemarket,25
erickatailsko,25
zzu,25
ludock,25
mrwastemaster1,25
melanth_(artist),25
busterretro,25
sashiki,25
makrap,25
modomodo,25
siri_sfm,25
pssina,25
cmy2k,25
bozlerart,25
hellz_rain,25
natsunouro,25
fighter_of_the_stars,25
khors,25
mizmage,25
ikkimikka,25
blue.rabbit,25
xymor,25
wingedwasabi,25
hatchlingbyheart,25
glazeddd,25
fushiana_ai,25
heiqi0,25
munchkinzilla,25
absoflak,25
nandarazzi,25
aplastante,25
crowspace,25
lolmcfallout,25
dollstaff,25
ryuuuta_200315,25
marvofun,25
icer_breaker,25
mavsharkie,25
tsukamototgg,25
mixers,25
lavbuns,25
arcticzzz,25
gflouf,25
jacobart,25
mannyestella_(artist),25
castell,25
sketchylimesliv,25
eclipsis_(artist),25
seagullart,25
shadowkat,25
scrapheap_(artist),25
asepriterico,25
drizer,25
ebbakatten,25
mama_mj_(artist),25
fuwadenki,25
joeleo55515,25
afrothicc720,25
vajtheunholy,25
originfurtkm,25
iluluna12,25
snegovski,25
crowncosmo,25
yumemi13,25
douglasinu,25
gfhs,25
probe044913,25
ixamidyne,25
shooshaa,25
sladdoska,25
alister_ik,25
fragomatesh,25
kiss_and_tell_(artist),25
zellrek,25
ruben_sling,25
kouchainu,25
45_neapolitan,25
aonoexorcist100,25
wolfiree,25
viciouscabaret,25
uri_(artist),25
squeakerbat,25
shiki_digi,25
aishin,25
spacecuyo,25
lakashb12,25
malphs,25
sugar_sock,25
chubbybunns,25
gorillabulldozer,25
fluchinick,25
yunartsn,25
ksatti,25
risl_zxc,25
iamzoey,25
obstacle033,25
royalllama,25
impsassy,25
reneone,25
senorita_tlacua,25
xxxxnil,25
gummigo,25
switch_dog_(artist),25
aya_tsuji,25
horiori,25
20secondstoshame,25
yenkoby,25
helenwoodsr,25
moneyhustard96,25
pokpa_(artist),25
fabingfy,25
gaussnek,25
dark_sparce,25
aquaticmaskfreak,25
phatracc,25
ccc_chisel,25
pauwer,25
gpiro,25
oxsso,25
femmebunny,25
kezime,25
rookiehiller,25
pleaxwolf,25
duq,25
kolett,25
kemonymous,25
bl394,25
robertwtf,25
cathypalug,25
roran_(artist),25
asyurahentain,25
maddoxile,25
nrok,25
goinky,25
squeakerbunny,25
goatdanger,25
shad-up,25
ineternet,25
tighesammy,25
dankpegasista,25
darmp,25
lewdkeyframe,25
irushi000,25
chaotickentro,25
nicoffee,25
mr_dinobutt,25
fuegopokato,25
axioxan,25
galaxy_swirl,25
nthestarhaps0,25
notsafenico,25
chuchugelee,25
babiduh,25
milesperminutemedia,25
rexyvexi,25
peppen_draws,25
ianicine,25
hauntedtuba,25
runningrabbit,25
morrch,25
90990,25
klaus_bloodstein,25
lucie_viatge,25
bonegrill,25
okidouchie,25
ambleve_river,25
jajahyena_(artist),25
chytin,25
hpiola,25
fharen,25
monday_(me0wme0wman),25
ziromoon,25
michaelthecat,25
messflino,25
w31rd,25
fucked_up_smosh,25
jellie_beam,25
peachhqa,25
383937h,25
dragonimator,25
melloncollies,25
p_n_g,25
riotaro15,25
cozy_morales,25
p4karose,25
pinkbit,25
hmnprsn_(artist),25
niko3rasu,25
wolfnes,25
dump_the_gallery,25
tracat,25
revaulik,25
leander_dk_(artist),25
sc916,25
duqueofdingos,25
nikittyiringiro,25
othercoraline,25
beakbonk,25
aliendog6002,25
filt,25
byemyfriends,25
meowloaf_bridy,25
cobaltkilter,25
zaykowo,25
gramy,25
infamous_alpha,25
rmds,25
tali-draws,25
peckishlydonead,25
wowow0214,25
millievonpuppo,25
gmomayonnaise,25
safir_fon_blitzgard,25
xvi_art,25
cutebeeby,25
seagullart2,25
bathroom-art_(artist),25
lutha,25
franix_art,25
uumi,25
non_nya_nya,25
thorius,25
boxidle,25
guiluo29_bo,25
michi_nwn,25
mikitng,25
electricbug43,25
rileyrilesfox,25
terminalvermin,25
cherirumiko,25
zamothos,25
angelabaddiees,25
spamzilla,25
ashthespeedster,25
zatsupachi,25
kercia,25
yuka_koshka,25
calypsomw,25
crimsnek,25
creedle,25
trash_bear,25
beerain,25
bulba_(artist),25
dydy_silva,25
artziidubz,25
existencial-fire,25
fancy_blue,25
milkmountain,25
illy._.bean,25
ps3_boy,25
meow286,25
kamen_no_hito,25
daddytwinkle,25
zalivkustsyganili,25
grandet,25
rokitsune,25
brainart,25
butti_myroom,25
sheglech,25
iryu_km,25
yourlocalracoo,25
69blackcat69,25
kojiray,25
ray_frost,25
misckass,25
roodyyelen,25
randomlyrab,25
petrochenko007,25
dister_rohtas,25
xangya,25
surjang,25
goldnamaterasu,25
perotoart,25
0_0_venus_0_0,25
chaikitty,25
sctick,25
wirepup,25
vep125,25
pukhnastyy_aks,25
hhcf,25
pregsnax(artist),25
laffisa,25
kinkyjar2,25
cirtuusfruit,25
lewos,25
kyouta_69,25
acewolfy1996,25
hentamonn,25
zoealbinofox,25
raddanart,25
redmanart,25
aryix,25
queenpurr,25
oddbaals,25
chimericecho,25
deadly-fonzy,25
irisu,25
tt3trop4ck,25
summapaw,25
kaanavali,25
furinmyeyes,25
monyauwu,25
bunnnyboi,25
warjenkins,25
sfm-for-dummies,25
allanhu3,25
qew744,25
scor-chii,25
jiecheng811056,25
superbage,25
will_ges14,25
citrigoo,25
fiddlefingers69,25
mewneats,25
killerhuaxuan,25
morgue2025,25
chisanakei,25
myu633nmnm,25
notilustregui,25
waterthissport,25
juno_666,25
roguejoey,25
bluevon,24
eclipser,24
cara_mitten,24
naomi_chen,24
egypturnash,24
kalira,24
sarahsilver,24
oguu0319,24
af,24
nagatsuki,24
wolfenfury,24
akiwarumono,24
bix707,24
maneater,24
itoril,24
wataame,24
hellgoddess,24
zetsho,24
sca_sii,24
supaucat,24
wereblood,24
ninjav,24
olimarpuke-chan,24
fallynangel,24
zefi,24
baddoganimations,24
sarcy,24
xranzem,24
roarwolf,24
konicoon,24
tabris,24
asahi,24
miji,24
skuell,24
kattotang,24
try-trial,24
blackm3sh,24
kadeart,24
biscuits_(artist),24
vonredwing,24
tiggie,24
paxredemption,24
kitteh,24
tentaclemonsterchu,24
hoyeechun,24
ario,24
whiteraven90,24
konokono,24
sqjgg693,24
xous54,24
mrbooblover,24
onisyra,24
t9fox,24
throughmyshadow,24
michael_whelan,24
kenta-san,24
gugu-troll,24
charco,24
metadragonart,24
eggplants,24
clumzor,24
clamories,24
goldenrod_(artist),24
slickpuppy,24
pton,24
amberblaze,24
rukasu,24
maachi,24
yorunekomata,24
rage_grenade,24
blackadder,24
pinkieinprivate,24
speet,24
blueberry_(artist),24
pixaltrix,24
dtmech,24
magical_ondine,24
sewind,24
lovingpony,24
grim-kun,24
erica_(artist),24
riscke,24
lasair,24
wicklesmack,24
d.summer,24
leylaligress,24
thelxlbloodlxlprince,24
sleuth,24
nozdraws,24
darksilvania,24
superkeen,24
luigiman,24
lasterk,24
shanegdraco,24
feralmoonlight,24
shimanto_youta,24
jagged,24
punkrockvampire,24
rinku,24
sharkliver,24
jacob_andrews,24
tolseer,24
synx_ryugami,24
septer,24
uselessboy,24
sagegami,24
cri-c4t,24
wmruckwr,24
saucytoast,24
isoink,24
sylvaur,24
emilysome,24
sunnyslash,24
robert8164,24
ass-stalker,24
epistaxiophilia,24
nekrozs,24
vinaru,24
derangedspazz,24
mbongo,24
dominion69,24
ellisarts,24
dingyote,24
luthy,24
ho-oh_(artist),24
furrlex,24
rjdog115,24
peanutsatiety,24
feralfelony,24
unstableimagination,24
thatcatzoey,24
lobowupp,24
fukari,24
icy_vinyl,24
adry53,24
hoshi_(artist),24
darkestmbongo,24
lavaar,24
dogu,24
hoof34,24
tengamanzero,24
chiba_tetsutarou,24
torrent_(artist),24
ivorystain,24
nitromethane,24
julchen1412,24
kitsuneskyy,24
artistorphy,24
ponut_joe,24
promenthefus,24
keith2002,24
carolzilla,24
unichrome-uni,24
aanthony_(artist),24
callistofox,24
finest-elite,24
jankingen,24
waniramirez,24
lazei,24
kanta_the_invincible,24
agliecosystem,24
vawfag,24
thrushes,24
figgylicious,24
inkoofficail,24
gruntchovski,24
nikodavis,24
fwuffyfurry,24
smieska,24
skydeertoons,24
alkipunch,24
softtailed,24
artararam,24
phallusfantasy,24
asianpie,24
starlyfly,24
hexfloog,24
tragobear,24
kenjn,24
troubled_(artist),24
doraemonbasil,24
maggwai,24
jimines,24
koma_(artist),24
sinbanter,24
sketchmcreations,24
rawrrarr,24
fenzole_(artist),24
cashmere_(artist),24
splatterbunny,24
lag,24
weirdoxs,24
nhibao,24
anthro_fox_(artist),24
whelpsy,24
10hmugen,24
southernsteed,24
vincewolf,24
kizrae,24
seateal,24
yuxare,24
suiton00,24
lusarthel,24
greenfireartist,24
magic-violet,24
silkycurve,24
armpitcore420,24
onde.pingvin,24
coolyiffer,24
d-gate,24
rubtox,24
themikefox,24
stratodraw,24
nezzux,24
pieceofsoap,24
bmxii,24
jeetdoh,24
blitzy-arts,24
optica,24
hungerynano,24
primehunterwolf,24
nidawi,24
maticdesigns,24
erixalu,24
fruitbuffalo,24
umyuta,24
na-nu-na-12,24
anjogatobr,24
5gomashio,24
rawrden,24
artsyrobo,24
sleepyscreen,24
mbvgfw1108,24
onigensou_(artist),24
darkness789,24
assel_asakura,24
imkrisyim,24
guiltytits,24
wolfi-hitory,24
coekj_(artist),24
gob_bluth_sfm,24
salad_pervert,24
odaibako,24
diathorn,24
zgrooz,24
fencydregin,24
kicoffe,24
shokly~,24
sweatpants_(artist),24
blackowl,24
hackfurs,24
aganenaga,24
mietere,24
iku-t0,24
blablasaur,24
lunaticthewabbit,24
eunnieverse,24
apolo18,24
watoson,24
88grzes,24
falseflag,24
regalia_(artist),24
fjoora_(artist),24
jojoesart,24
linhagen,24
subjectdie_(artist),24
akitakacbr,24
croxovergoddess,24
timigi,24
james_newland,24
kerydragon,24
sagabel,24
kolebania,24
turquoisephoenix,24
m9kndi,24
mattya604,24
desolatespace,24
dustybeau_(artist),24
smiz,24
loomins,24
shamefulcafe,24
sinpufff,24
blackprincebeast,24
storm_engineer,24
drdalefox,24
futomomomoe,24
clubviacavo,24
kaki_no_tane1,24
theunknownsoul,24
tsuvida,24
gid_g11,24
curlypie,24
trashdog420,24
kaminura,24
suyohara,24
jomasfaceisugly,24
senaelik,24
colordude,24
fembo,24
grung,24
nyanhiro,24
po-charii_hoshii_(artist),24
kurotama,24
shellvi,24
itzcharlie,24
spacepupsilver,24
jesu_cito,24
s_ouo,24
taurson,24
mayerling,24
kidlucid,24
goldenbuckles,24
vaquita_shoujo,24
babysteps,24
wicpers,24
raccoonbro,24
racebalto,24
kururur444,24
ivynathael_(artist),24
nagibator,24
nic-os,24
11natrium,24
broxoles,24
dudewhatthefuck_(artist),24
guojun2333,24
willow-s-linda,24
peakjump,24
pute_819,24
newworld-9,24
kressent_rhodes,24
marshmallow-pone,24
horsecat,24
kamuo,24
notenoughpink,24
salvador_bear,24
lundsfryd,24
moffeen,24
neveyk,24
tbkeesuu,24
dynamo_toon,24
mogpon,24
buick_skylark,24
fermrviper,24
crisisaura,24
shazzul_(artist),24
silveryfeather,24
colonel-strawberry,24
tobato_the_dog,24
tomocreations,24
kemonahi,24
maphi_assassin,24
lynxdts,24
imotaco,24
murasaki_nyaa,24
rykanokk,24
netsuki,24
isleofhando,24
5usdok,24
lunabae,24
mercilessmeep,24
gloedik,24
thosekidsnextdoor101,24
gomikuz539s,24
sea_urchin_(artist),24
haazbrinken,24
cl0wn_meat,24
el-ricado,24
lv_l,24
asuros,24
the-black-terror,24
minato_yuu,24
kisly,24
lucky_shelf,24
seiishin,24
sera-fuku,24
nekosuna5115,24
spacedragon14,24
murasakigezi,24
polinagribova,24
lewddale,24
todviorns,24
pachastuff,24
boxphox,24
bananasyrup_cat,24
boonieboo0,24
back2formula,24
sharkzone,24
holo_eden,24
waffle32547,24
sphaded,24
riccardus97,24
katrina_star,24
xiopath,24
bgredrum,24
smokeyaussie,24
canvy_(artist),24
airotf,24
kneenipple,24
rollei,24
vadoyeap,24
big_spike,24
piipperi,24
toffeepaws,24
backstreetcrab,24
hunterandom,24
continuity_(artist),24
tokemoemon,24
drekkorwolfsoul,24
pony-straponi,24
nifaumo,24
furrymang453,24
oceanic_scribbles,24
hollow-dragon,24
ottermajor,24
krid,24
mrdannyloco,24
kintsuki_soran,24
henry_dawg,24
cinnkin,24
morsyr,24
ladyshalirin,24
avianaress,24
carriontrickster,24
fenrir_shino,24
netuk,24
ichimoral,24
dingitydingus,24
titord,24
nightmare707,24
rodgeykun,24
tinbash,24
bowrbbear,24
squidt10tickles,24
lerkodtt,24
brasive,24
mikosake,24
skyguyart,24
pichurria,24
prettyhim,24
azurioad,24
axolotl_tf,24
generalkbee,24
paradoxide,24
neovixtadiz_(artist),24
bubbly_bubblegum,24
queentexx,24
tecoco,24
twentydollarnaughty,24
thiccazthieves,24
hyenas_dream_arts,24
bandoned,24
derjinzo,24
mikeblade,24
sbi_arki,24
aizalter,24
rollriver,24
trenchgazer,24
onehandsomefox,24
aramisstargazer,24
cherrypretzel,24
inkofneon,24
imo10yen,24
saintmonstre,24
sherrabast,24
boltheeye,24
alex_winter_(artist),24
shillon0610,24
south-breeze,24
mystax,24
daffytitanic,24
wallswallswalls,24
yuki_oto,24
crimwol_scorchex,24
potetecyu_to,24
iyarin,24
lucyfairypink,24
dooberpng,24
notbraveenough,24
hissmiss,24
sfm_noob,24
itsredcreator,24
geratakes,24
cenies,24
wizardjpeg,24
slomnir,24
rakuda0330,24
tyrant_rat,24
jazzymongoose,24
teaw00d,24
gaytrac3r,24
immortal_degeneracy,24
xunli_170,24
kiriyaokami,24
z.taiga,24
snoiller_fitzroy_(artist),24
hoshka,24
zokufox,24
v_rawr,24
noonetocareabout,24
radiospeed14,24
necromeowncer,24
darksheep46,24
jeki8998,24
damncheezy,24
catscratch08th,24
blaze_studioz,24
marshy_(artist),24
saltynoodles,24
voiddoke,24
chorogon,24
tenshokaiser,24
battybuttguy_(artist),24
sogolina,24
8989to,24
mrtaxman,24
rrougarou1,24
spicedrake,24
cyberboi,24
nimonichi,24
biolumine,24
cathodegaytube,24
zapatotriston,24
crazyassfox22,24
bonbonfirechan,24
gomibin_art,24
karina.gk,24
byakkotig,24
wumiaow,24
nostrem,24
tummyrubss,24
bluepredator,24
pencilsquire,24
breloomsgarden,24
cold-not-found,24
thebearalliance,24
norsu327,24
thekinkyquest,24
mazafu,24
ds_dirty,24
gwolk,24
karkow,24
lions_den_artwork,24
ariswuffo,24
bunnyshaped,24
spacegaylien,24
kfz114514,24
cobra_bubbles99,24
pretzelgremlin,24
phoofyman,24
najalatte,24
zanudus,24
paddywoof_(artist),24
eggboya,24
ohnobbsan,24
alphaismo,24
yen0028,24
ariin,24
mayo_the_fox,24
fowler17,24
shinnycoyote,24
muddy_(artist),24
waterwang,24
varanidius,24
mimizuku_kemo,24
bullkater,24
archery045,24
sinnykitt,24
mr-wolfapex,24
serdagonn,24
midnighthowlart,24
ralseibutbigger,24
neetbean,24
sutunununu,24
ms3ktn,24
esganoth,24
beobees,24
thextrem23,24
volan_art,24
guttergoon,24
stinknswirl,24
siva_inu24,24
mrjairorate,24
narney,24
xestrago,24
ules,24
blackholesun,24
superdive43,24
arctavius,24
lavenderstars,24
gikaa,24
goldgalaxy2004,24
miim10140996,24
backtrekwatch,24
bloodycat,24
mangomutt,24
redlemon,24
brayze,24
oxid,24
zol_(naniwacomteg),24
drakeledragon,24
slimybuttcheeks,24
mikefox2400,24
john_sludge1987,24
ariarik_o0,24
tophart,24
tsundora4,24
ronnie_amnesiac,24
murrycurie,24
lemontyne,24
zesty_marmalade,24
ramitas,24
otherpolanda,24
xevianlight,24
keramagath,24
bon_lee,24
cedric_feldmann,24
relejo13,24
loveluck,24
coomer_cave,24
xdzy111,24
mithgarx,24
fonkimonki,24
syndie,24
mosstheif,24
eppardwire,24
bundle-of-kinks,24
kariii,24
serakobold,24
ada_jokercat,24
hoofin-it,24
cheekie,24
owusyr,24
sneakyandy,24
glazedvc,24
elvikcin,24
tennettthedl,24
torakuro_kumezu,24
smuthe_(artist),24
chrim,24
meltymoth,24
fannyhellstain,24
arborialrodent,24
tsundora13,24
rockytherookie,24
choccey_milk,24
sin_tokki,24
kmarsh,24
nastyfr,24
xionthedog,24
nery_fn,24
bluejuniperart,24
chimo205,24
lukario_umbra,24
yanep,24
hikkamun,24
reonlock,24
puppy_b,24
trtoutoongo,24
pecicz,24
thejosehp202,24
fu_go_fu_go,24
pillowfloof,24
kattalu,24
sabuthedragon,24
zerapy,24
sharf,24
the_carrot_farm,24
trashy_jokester,24
evettrox,24
dadsniffer,24
fosmin,24
johnnyjellyjaw,24
kusochibikemona,24
08bitbandit,24
stink_panther,24
sodanalan1998,24
kinkojom,24
baodory,24
mokalynx,24
moroch,24
itstoshi,24
lewtrain,24
suspnik,24
moxiloxi,24
alcosaurusrex,24
pillynaps,24
neoclassical_succubus,24
deltatel,24
sussyrock,24
maxthecat,24
thedicock,24
elpinshifurro,24
spommmm,24
zoarblu,24
drunkennoodler,24
just_icy,24
thedarkgarage,24
goster40k,24
namutree,24
dreyg_kanima,24
galletoart,24
goryguillo,24
dragons_preggo,24
laladeei,24
danna_nsfw270,24
seb_valenz,24
nerumaru,24
neroart,24
toddavali,24
arrier_jewolf,24
banksauce,24
darkpolari,24
mittsu,24
jellomallo,24
melisssa9,24
noroniko,24
peculiar_doll2,24
brixneon2003,24
83exor,24
yaboinoir,24
rue_cunningham,24
nthclover,24
don_george,24
nightsome,24
baphomeat,24
requinn,24
rizent,24
vic_draw_betah,24
13254,24
soropin,24
rockandroar,24
root_doggie,24
mustard_gollum,24
goah_sparky,24
saehno,24
rotzedust,24
memberofdragon,24
daybreakshifter,24
jellylewdsu,24
mrfulero,24
transentience,24
avi.possum,24
lustyknightdraws,24
lemonbird,24
ruminoul,24
reykn,24
morgan_morningstar,24
kislix,24
tonydunkel,24
citsy_404,24
grandpaman,24
dusks_smut_place,24
watanno,24
deepslumber,24
muying,24
techbun,24
tomater,24
dukeofnowhere,24
fmrenderin,24
wolfs-niper,24
baragoon64,24
evelyn_ivy,24
arrax,24
shrubie_fox,24
capngoku,24
frackntoaster,24
yhr'ytr,24
furandguns,24
dirtygum,24
jameshtf,24
vornyrabbit,24
ryokuousann,24
overdoseaddict,24
cakefacedog,24
marett,24
kemonoharu,24
stonyonee,24
connr07,24
sefkitsune,24
wyirmblood,24
kevhypep,24
baltazarf,24
hypertron,24
jowoc_art,24
talons_tw,24
manguito_(artist),24
katsurou,24
priipit,24
wholle,24
kunfen,24
tednotbob,24
obsidianthedrake,24
raynstegn,24
kilih188,24
teamfurtress,24
voregonzola,24
megolotl,24
sys_bps,24
skippersaucecat,24
bravadospice,24
s2xyon,24
snaxbuns,24
nikiervhin,24
e-mana,24
phoxy,24
miguel_the_divine_dragon,24
ryonane,24
bajaboobey,24
andybrew,24
kouhakugohan,24
monjja,24
owooops,24
katovox,24
toasterwitch,24
nemiyakii,24
amillionbears,24
mertzdn,24
oscar_parke_(artist),24
zvar,24
ooaks,24
serrablends,24
ama_dench_art,24
mel_vixen_(artist),24
dustydonkgon,24
dialingnumber9,24
kronodume,24
tina3d,24
volgon_(artist),24
wolfninecloud_furb,24
flindasaur,24
balentazar,24
simplerat,24
mandarinaks,24
ice_nova,24
squishysheepie,24
katzepunk,24
domgbast,24
udbebu,24
carmeyfurs,24
alberto_omega,24
flickerfur,24
darkalcaline,24
lolpiss,24
user_wnnm5534,24
nightartf,24
nastymug,24
faronfloof,24
goomyloid,24
sapervash,24
nekoaiko3d,24
spmtnlove,24
ian_mcconville,23
naburus,23
yamer,23
potira,23
hazard,23
wovstah,23
ulbandi,23
dior,23
blackwolf,23
rage_viper,23
introducingemy,23
toronn,23
rachel1987,23
werepuppy,23
average,23
paran0id42,23
ashpond,23
sigurd_von_hosenfeld,23
caribbean_fox,23
severuscoil,23
stupidgit,23
kittfoxx,23
delta2094,23
dralam,23
kobb,23
rimle_mike,23
sigh-otter,23
simplepale,23
whitedragon103,23
antaeus,23
jackthorn,23
todd_lockwood,23
rockk,23
watergazer_wolf,23
chikokuma,23
fluffylai,23
phoenix-of-a-down,23
punnchy,23
sciphan,23
clemikou,23
peanertgallery,23
tetarga,23
torute,23
aomidori,23
the_oatmeal,23
morumotto,23
klaskk,23
defago,23
fukuwan,23
voronoi,23
kerem_beyit,23
dr.p,23
noma,23
faellin,23
reituki,23
theartrix,23
adcoon,23
dandzialf,23
keenfox,23
sakurayahonpo,23
x-cross,23
deathpwny,23
royal-pain-in-the-ass,23
tailbiter,23
ixbalam,23
giantmosquito,23
muffle,23
brass_(artist),23
misskin,23
atinka8,23
veronicaskunkette,23
bloodwolfe89,23
faithandfreedom,23
uchimaru,23
proteusiii,23
kago_shintaro,23
hildale,23
ironraptor,23
kaliptro2,23
full_stop,23
phraggle,23
boobcat,23
mspaintponies,23
federico_panella,23
messysketch,23
acus,23
wergis,23
thehungrysuccubus,23
anirichie,23
ppdraw,23
tiluta,23
runde,23
venicethehedgehog,23
kitigaru,23
artha-amberose,23
darklycan,23
fuzon-s,23
bark!_(artist),23
rast,23
monchi,23
wnhr08,23
jujubeeluv,23
mahsira,23
nayoko_the_kitten,23
sonnano_ari,23
all0412,23
darkelfaqua,23
theinexplicablebrony,23
kaenn,23
berndem-bones,23
alexandraflordicharlotte,23
kitticlub,23
marinaneira,23
naaby,23
earthowl,23
drdubz,23
pandain,23
aoi_k3,23
calvin_bowling,23
reiner55,23
cycloned,23
paleface,23
bylisboa,23
spiritwhitewolf,23
scruffkerfluff,23
dr.tanner,23
kaxlene,23
anotherdragon,23
shiroashi,23
alittlepony,23
lunamoth,23
brostone_brohoof,23
z-ton,23
maltaur,23
reigan,23
okayokayokok,23
maxa',23
lustfulhunter,23
minigun_(artist),23
pakobutt,23
seductivefeline,23
oddends,23
zotter,23
amoniaco,23
metalmanda,23
demonkitty,23
zvn,23
razor-the-cross-fox,23
44shio,23
dxoz,23
arorcinus,23
persephone_(artist),23
tj_tiger,23
kackysocks,23
caliginousmane,23
lengry,23
baron_the_raichu,23
zalsfm,23
arttmadness,23
missaria,23
j.f,23
poyu,23
hadriae,23
fiveish,23
g_atmosphere,23
scrawl_naguri,23
skurvy,23
allegrosky,23
therapitor,23
scorchingnova,23
enigma_(artist),23
zicker,23
ziz_(artist),23
weisdrachen,23
banana-of-doom2000,23
beastsurvivor,23
silly_soda,23
quilaru11,23
infernox-ratchet,23
mackles,23
revoltingrat,23
a3_lion,23
leda456,23
mentalraven,23
skimmywolf,23
zwiebelprinz,23
powergorani,23
dope-dingo,23
baeowulf,23
rondineviola,23
einthebusinessdeer,23
sephra,23
altrika,23
sfm-brew,23
lenmue0,23
cometu,23
stupidsexyrobes,23
lupinchopang27,23
tutankabron2uv,23
dsana,23
bulph,23
bloodsoakedsnow,23
khramchee,23
creaturecandy,23
eli-sin-g_(artist),23
mayo850921,23
fatcat17,23
daniel_goldcoin,23
sevie,23
magaru109_(artist),23
lizard_taro,23
knoll-noru,23
emit,23
danimate,23
snootbooper,23
ruperteverton,23
sam_scribbles,23
otakurec37,23
cleanplague,23
sharpt00th,23
flecks,23
poofy-shark,23
subtler,23
nikolaosflamel,23
ahegao8,23
lewdcario,23
badcactus,23
oofoe,23
feinreil_111,23
alexandrevla,23
mee0118,23
cactua,23
kkkkkkasgai,23
arnoldthehero,23
yiffler,23
r1ce,23
nordvarg1,23
gulp5959,23
kiathewolf27,23
gabriel1393,23
fyrefly,23
shabnack_(artist),23
hatori,23
nanokyuu,23
mog_(artist),23
zetrystan,23
solace~,23
seppuku_(artist),23
jin3_z,23
walnusstinte,23
tokiya_sakuba,23
drakanoms,23
garakutea,23
celandinefox,23
cynderella,23
thackerzod,23
derimiko,23
oddeyes,23
b0nf1r3,23
hoodee,23
nhornissa,23
rayray72,23
jovial_evil,23
misaeldm,23
gallonegro,23
bullet-blast-43,23
rainy4k,23
artjackal,23
kobbers,23
jaethebunny,23
blazingblazen,23
maynard0,23
sunlover611,23
jazzax,23
meshi-oshi,23
musou_luf,23
farorest,23
umbreeunix,23
omnishambles,23
mars.cacxtus,23
koabao,23
indarkwaters,23
kyudude,23
gulanerido_(artist),23
aji_arts,23
kolyan-artist,23
luckypupa,23
marymory,23
ponymaan,23
nine-the-foxaroo,23
mufus,23
derpwolfy18971,23
radracer,23
nega_threuy,23
joshua_slice,23
megasonic17,23
xeinzeru,23
jackspartan,23
rolrae,23
skarlet_jewel,23
miloart,23
latex_fox,23
zillion_ross,23
superfrodo,23
goiaba,23
zyonji,23
sinobali,23
p4n1,23
cheese_a,23
mpchto,23
porforever,23
skyhellefzone,23
dzyer,23
fluffboye,23
wroniasty,23
exophile,23
cronum,23
blader999,23
ama_imakuma,23
macsboredworld,23
crocwife,23
talegas,23
z-littlequeen,23
merryweatherey,23
derpynaut,23
mikanyeye,23
datguyphil,23
smogslog,23
ecstasy_(icyblue),23
pixel_star,23
mysticfluff,23
hellspawnmotel,23
no_tes,23
frosty_roy,23
pastelgeneticist,23
sich_rich,23
ciircuit,23
najti,23
gut0002,23
ajani115,23
desiredelta,23
pandskyy,23
dio_uryyy,23
arkwulff,23
bassfxlimit,23
thetunafish,23
pasong,23
stoic_seraphim,23
monster_sam,23
animaanimals,23
nagipon01,23
poniidesu,23
timejumpingfox,23
tertia_decima,23
gushyguts,23
bpflyingcircus,23
xiao_weiba,23
tigerfur,23
whitetail-designs,23
kinnachan456,23
puetsua,23
quival,23
jigglebonez,23
stanglass,23
nrj_275,23
cursedcorvid,23
lotic,23
thatnav,23
b1tk4t,23
t_kohaku2016,23
scaledfox,23
felixleong,23
jon_bliss,23
panduh,23
nerscyra,23
shadowhide,23
vhitany,23
maharen,23
squarewave29,23
moe_(artist),23
varagod,23
ocdraco,23
voxelcubed,23
kloseddoors,23
serenityunited,23
deadrock005,23
av_malina,23
flofluffy,23
quillmoon,23
esmentiras,23
0000cid,23
shazarc,23
jenthemouse,23
tabaticbloom,23
aukoon,23
captain_popcorn,23
that1greenbro,23
wasabimayo1129,23
yoshio_hiroshi,23
citruscave,23
thestinkywolf,23
goodorevil_(artist),23
kemmuono,23
patty-plmh,23
a_big_fish,23
geckone,23
mewverns,23
dr.abyss,23
layndon,23
lunar_cipher,23
zinovia_star,23
cocothemunchkin,23
denext25,23
sharkmaps,23
techboy1423,23
mouldirou,23
koriko_(kanikui),23
nika-rain,23
dazed_(artist),23
inkyobus,23
marsey_naarin,23
emily_art,23
superrravi,23
tigerboy0916,23
lionta,23
megamors,23
monsterchow,23
rassiart,23
paperbagpony,23
tagumi,23
michimuchimuchi,23
emeraldeye,23
kusacakusaet,23
dantewolfguy,23
kdkilo,23
cold_alcohol,23
terezifaps,23
mxxvous,23
bunniecope,23
mulebris,23
hoookerii,23
wooperworks,23
rod_akihiro,23
qurnix,23
hellpup_(artist),23
niki2ki884,23
shenaniwhagons,23
chaosllama,23
minguu,23
jeddicus7,23
koffeemilk,23
mae_magritte_(artist),23
jackerman,23
ofdark,23
poron53,23
yakiq,23
mrzetudo,23
reo_oil,23
xxsanitariumxx,23
fruitofficer,23
noritaro,23
thepinkfury,23
alsliensfw,23
reckless_rocket,23
kinaruoopsy,23
pptimewithd,23
coldersy,23
rettub_bear,23
the_shag!,23
greenade,23
sweet_queen,23
ten-kun,23
friskyfeline69,23
dust_wind,23
lstvz,23
nooks,23
roy_wolverine,23
orange_co.,23
tukino,23
ladywitchfox,23
armess,23
marshmallowgirl,23
luxythesheep,23
meifordart,23
babie_fluff,23
epicpotatolord,23
wizbird,23
hangarafterdark,23
tixnen,23
kraorozkurogane,23
oregano,23
puchidori,23
hplovehorse,23
luvshxt,23
crested_stag,23
mattdraws7,23
bunpetals,23
vitaminbara,23
hotcakehound,23
lukart96,23
garyu410,23
imbroglio_24,23
smutty_pancakes,23
lick1832,23
possumbones,23
local_candybot,23
greennie,23
chris_bryer,23
terragon,23
nsfwkingrian,23
oridore,23
pog_benis,23
merpzyberpzy,23
grandeclound,23
deeb890,23
settledowncowboy,23
toontk,23
bdrd,23
gomuhimo,23
ditzz,23
vank_shush,23
cartoonistdalmatian,23
afezeria1844,23
acoustic_skeleton,23
tabino,23
hardmoden,23
hajime_shark,23
ordinarysstar,23
iscofish,23
str1ker878,23
binbogusa,23
hitoya69,23
o_0@isogashitsu,23
astralkettei,23
zaruku,23
screencap_(artist),23
teikaku,23
jan0swaldo,23
gipgip,23
orz_can,23
muggsart,23
moxymax,23
gothicgalaxies_(artist),23
spookyfoxinc,23
foormer,23
therealnaffy,23
vaenerik_naarla,23
cozshedead,23
hunkinkalv,23
fungiart,23
haiae,23
celesseshading,23
lospa_mog,23
casimirevore,23
birdaftermidnight,23
astralblues,23
mike202112,23
chaki_chaki,23
womchi,23
9is,23
valeronich,23
eoq_urano,23
chaosatoo,23
ottyo_kope,23
pocketcat,23
pinecone_chicken,23
orange11803164,23
morc_orc,23
scorchwind58,23
horror_himbos,23
prim0rdia,23
ouijaa_(artist),23
kineris_(artist),23
mystic_dong,23
oddoldsoul,23
alessandrafurry,23
nojgumm,23
voidcatart,23
gikoko,23
agnimon11803164,23
pabu_(artist),23
kelova,23
dvillai,23
dixydelightful,23
vaalravn,23
belovedraven,23
bigbonesart,23
nicknamed,23
fourofour,23
dragmarok,23
yuuji7604,23
byebyefr0g,23
snowball22,23
nikkosha,23
amandovakin,23
anima_(artist),23
microbihon,23
returnaddress,23
adognamedkayne,23
hyzenthlayrose,23
nardy616,23
tailtrance,23
trexpel,23
ougon,23
cillian_girl,23
angrupan,23
rdnw0519,23
mousechop,23
alva_nsfw,23
toby_tiger,23
shuffy,23
neonlynx,23
jackelhaze,23
greatodoggo,23
azazelazzy,23
pavane,23
cola.miga,23
vodyanoy5,23
regunya,23
florida-milves,23
sinersedi,23
yakyarts,23
rainy_morning,23
slimyembryo,23
spotpot_live,23
pahbahnah,23
annadark,23
bigwolfkol_(artist),23
gt_grackle,23
chubchubbyart,23
gogomrdodo,23
patipiti_f,23
toonguy100,23
rivergravidade,23
aldermoth,23
lightluxcollie,23
mikesmike,23
thegreaterclaush,23
atlashasbignuts,23
chibetto,23
mrmidknight200,23
pyperhaylie,23
lmbr,23
im7yx,23
one-starry-knight,23
mikaelkristiak,23
voidsylphid,23
haveneuh,23
qqushka,23
mikosita,23
smutleyart,23
cowiie,23
wsdigi,23
shibaxiao,23
hsnkz809,23
k_riko_oekaki,23
kokemushi,23
cygnoserium,23
fynnley,23
hidi,23
dont_touch_rats,23
koziu_(artist),23
fishywashy,23
fekaiki,23
mangodrawscsp,23
risangdrawstuff,23
masterlinkx,23
joeguy,23
pinkshonen,23
juguitonsfw,23
zennybluegenesis,23
dh-arts,23
baothghalach,23
enotou_moi,23
pika-moo,23
jopperseyin,23
kitteninacage,23
candycatstuffs,23
stopcallingmeafurry_(artist),23
sodatusk,23
itsjustflesh,23
leveensky,23
tsanapi,23
ahwu_sensei,23
slushiebest,23
herradur88,23
haforien,23
emmpyfour,23
spidercheetos,23
minor_human,23
wrp_erpy,23
lukst,23
gintrieu,23
dyone_pro,23
lunella,23
squawq,23
kure_uwu_(artist),23
sabiksphinx,23
agurana,23
flopishh,23
xroshtag_(artist),23
nurunuruparty26,23
hapromeen,23
uwsponge,23
otterbutts,23
rot_ware_(artist),23
ashythousand,23
tonygonza15,23
creator_world_(artist),23
drawx,23
shatterstone,23
coyfang10,23
furrz,23
miskaris228,23
abyssalrabbit,23
jabaspicy,23
brokenflame,23
noritar0,23
mystery-goop,23
bobbellyboy,23
thehornyzen,23
eu_sou_infinito,23
robynfloof,23
blargasmic,23
roachkinq,23
caffee,23
nexusdeathclaw,23
queenoftherex's,23
ivywoof,23
beanwater,23
absollnk,23
h_j_ford,23
king-pika,23
coldbrewfuz,23
daodles,23
shimashima,23
ghostlytf,23
fihell,23
dog-n-shark,23
seynsin,23
toastbreeding,23
bean_shaped,23
allola1101,23
addylizardog,23
jellomeat,23
cringulitta,23
low_battery_(artist),23
zlatdesign_(artist),23
ruinslynx,23
acetrace114,23
foony,23
ticklespots,23
ebbedrawin,23
samdellsmith,23
isaac_pony,23
tigerakki,23
stinkymun,23
tute_bear,23
billybobjoey,23
uglyoni,23
anxiousfurball,23
furryma69,23
oz_l4n,23
bleakpepper,23
theottersurrii,23
barrygoldwatersskincream,23
phil_rynda_(artist),23
thegoldenshepherd,23
rennzoar,23
boobtardd,23
vulpedantic,23
dolohova_(artist),23
rainiechi,23
jozutime,23
dio_fish,23
hisscovet,23
cicvil,23
galaxiagalaxite,23
ninesart,23
foidile,23
shunya,23
ratsymposium,23
cara_meli_(artist),23
andy_bunny_(sleepu),23
alanora,23
blackravebow,23
dustookami,23
oshisaure,23
t-55dasha,23
mightyfilm,23
dah_showstopperz,23
tigermafia,23
tomasllade,23
bigwetslapper,23
lewddokkae,23
foxcuteuwu,23
francisthefurry,23
demitiger1,23
dazzlingfoxxo,23
gl4zedd0nuts,23
nuhoangxitray,23
brain_d0g,23
tsoap,23
sulviez,23
blktigerart,23
wafflesita_(artist),23
thecoffeeguy,23
mushkoe,23
otterbaux,23
dend,23
gaydotpng,23
mlerrhe,23
bouncymae,23
rahksart,23
callmetatsuo,23
cgamer,23
artslionbear,23
kitsoonie,23
rockbaker,23
juice_theclown,23
scatalita,23
ssevisx,23
fueko66,23
deentag,23
virtualust,23
laughing-frankie,23
biopulse,23
rakkasei,23
ukierr,23
zata,23
catstrokes,23
squibizill,23
ally_cream,23
matszu,23
forbiddenchees8,23
layruwu,23
calamaricakes,23
isxues,23
exhausted_raccoon,23
ladyshajoy,23
swordsofsevens,23
erosterone,23
churasha,23
555bunnies,23
funkyfetus,23
wbu,23
axxelroze,23
yoobec,23
ginga_ginga,23
insanecat,23
palkismspriest,23
nibsnack,23
sfys,23
mysha_(artist),23
attikipp,23
shanhorandraws,23
fluffy_r0se_petals,23
lpyro9,23
danamasco,23
kappi0,23
stitchwool,23
roosterbliss,23
alphawolf77,23
cclowndogg,23
sd_planb,23
viksourcensfw,23
yokai_rei,23
bikerboyart,23
ryou_heitang,23
shibashibs,23
sluggle,23
junkztown,23
artium_mo,23
doctorhiruluk,23
poisonmirror,23
girl_poss,23
tital_wave,23
nabb-kun,23
zephyreon,23
fraek,23
quiietjay,23
angry_app,23
pinksartdump,23
mbwillie,23
caninelatte,23
violet_opossum_typewriter,23
heymupau,23
tamhigan_(artist),23
rexkoire,23
jesterjerk,23
don_s_prime,23
bake_a_snake,23
eldrossss,23
dege3,23
pingeeiest,23
soliloquysol,23
respdragon,23
tajyart,23
faryart,23
viwhi_art,23
nomvial,23
silentmist,23
nelly's_illustrations,23
sheppy_bastard,23
wornpaladin,23
cassfu_(artist),23
ysundae,23
catalinansfw,23
harvie_sorroway_(artist),23
jeja,23
cerbi,23
requim_hd,23
shnuckshnuck,23
rhymald,23
can-be-quite-crude,23
josexo4k,23
naawadeer,23
serpentess,23
comfymouse,23
motosierro,23
flutra,23
aldi_(artist),23
boarboy,23
nemkr,23
vyralart,23
nmor_who,23
devarg,23
natural_plaid,23
pirruwan,23
jolly_ruine,23
flowzel,23
scruffymuskdeluxe,23
deaniealaska,23
wolfhusband,23
alkuuda,23
gyuragyura,23
justwatchingthings,23
railroad_rabbit,23
jocky_the_koala,23
mochfun2,23
rudehyena,23
saltypupcake,23
honkadoi,23
whitedragon1204,23
evangelina_pinku,23
rroostersauce,23
eugene_arenhaus,22
sonitweek,22
kim_arndt,22
psychodjinn,22
shadowraine,22
rayndancer,22
dee,22
amearare,22
riu,22
sandypants,22
marci,22
kuridora,22
zekit,22
mr_zero,22
ayndrew,22
kain3,22
darkuangel,22
sonjaarashi,22
meru_(artist),22
hypnoticdragon,22
mysterybbq,22
randis,22
headmaster,22
jupiter_jyohti,22
popcornkitten,22
marcex,22
glider_(artist),22
mighty_creation,22
sif,22
damalia,22
drawfurry,22
pilot_(artist),22
marisama,22
meraze,22
mikami49,22
mitch_beiro,22
jandan,22
yurimatsue,22
chronocelebi,22
joseph1105,22
electrocat,22
gnukko,22
ghostfire,22
foxykin,22
zikaur,22
chiyumilk,22
roksanath,22
thweatted,22
jesie,22
siegebeast,22
ryoku7,22
chimera46,22
makochin,22
maskopatol,22
xedgewolfx,22
sugar_(artist),22
sunsun,22
homealone,22
ameyamadenshin,22
zevtibull,22
burnt-toast,22
vaporeon249,22
spitshy,22
kaitendo,22
crimsonbugeye,22
bosstones22,22
theseus9,22
evilkitty3,22
monikano,22
yiffy_foxy,22
themauvestorm,22
tigra_watanabe,22
deanii,22
igor_kieryluk,22
wolfurryon,22
thematelija,22
nyuuchandiannepie,22
esteban,22
victorneko,22
gappu,22
toonlancer,22
vellacraptor,22
mkonstantinov,22
butlova,22
rocky_road,22
someone,22
yanimae,22
lavenderhush,22
yaya_han,22
neba,22
jubilations,22
deaglen,22
average_artist,22
infinitoa,22
pharos.e,22
mistressmayhem,22
nezudomo,22
vandroiy,22
liz_climo,22
synandcynaria,22
yuqoi,22
mattings,22
rainier_(artist),22
globalpredatorx,22
cageofmirrors_(artist),22
crashflash,22
leonoy,22
hitman_x3z,22
t2death,22
n-prophet,22
ninja-8004,22
asher_tail,22
plus5pencil,22
hanageruge,22
nisimawari,22
kena,22
urban_(artist),22
toastedfox,22
hyde360,22
real-warner,22
terribad,22
barn-flakes,22
ben_the_dragon,22
pixelstarpony,22
gray_bear,22
darkk,22
dieff,22
buttercupbabyppg,22
osoalex,22
rand_(pixiv),22
hybridmink,22
pseudonymous,22
bakuel,22
zrcalo,22
clouded_(fa),22
wildberry-poptart,22
nellonello,22
brellom,22
marchingball,22
tiredbrony,22
harijizo,22
grandifloru,22
skytea,22
kutan,22
stickypad,22
fringecore,22
nightonix,22
blackeevee,22
sukiyo,22
limb_(artist),22
zutabo,22
derilect_(artist),22
sonikey0_0,22
flesh-odium,22
dunceneygak,22
erohd,22
hirohiko_araki,22
nyarengadget,22
fluffabie,22
itou_ei,22
kukuruyoart,22
lightnife,22
jackpot_(artist),22
ricsimane,22
fa_plastilinka,22
diamonikon,22
stripetease,22
dunks,22
selphy6,22
hibakiti,22
lylia_faith,22
thekrakenislaken,22
xcometx,22
flowerxl,22
bennemonte,22
bradmanx,22
mesperal,22
mairusu-paua,22
chistokrovka,22
congee-painting,22
rabidclone,22
sheriff_(artist),22
zsky,22
flesh-amare,22
sirkiller,22
japa_wolf,22
e-why,22
violetrosefall,22
efi,22
treblinka,22
deepbluefox,22
simoon,22
hachisan5656,22
colormute,22
yina,22
liuthekitty775,22
haganef,22
noname_slow,22
acid-demo,22
saneperson,22
kahze,22
madokamagayka,22
blindwatchman,22
ry-u,22
lucidartdvc,22
rokh_(artist),22
ortensia_(artist),22
cerealkat,22
halphyos,22
weaselchu,22
blackwolf275,22
masquerade_(artist),22
ishioto,22
skellymor,22
kuranaga15,22
felfi,22
matsu,22
chickenzaur,22
crystalcheese,22
banditofbandwidth_(artist),22
jill_bridges,22
kusuka1,22
gfea_(artist),22
curious~red~fox_(artist),22
moonbat,22
iced-tea_(artist),22
foxworks,22
wetfox,22
hoshino,22
meammy,22
lexpads,22
turnsky,22
dante-ml,22
heni,22
ninja_fiction,22
gart,22
ntm.,22
lemonscentedbiscut,22
osaruyan,22
tenna1869,22
kanekoshake,22
ferionion,22
dirtynasty,22
mieno,22
yuriben,22
justwannadraw,22
ianmata1998,22
remixwesker,22
1183,22
pypixy,22
flora-tea,22
gothpanda,22
mcsib,22
emeraldfur,22
evasidelights,22
azuruff,22
lydemox,22
mindmechanica,22
jimjamdoodles,22
wulfondraws,22
sweethellgirl,22
enf-lover,22
mrmick,22
sarydragon,22
platrev,22
hiyaudon,22
swiftnicity,22
sumthindifrnt,22
phinci,22
lunaflame,22
heifer_(artist),22
labatate,22
tepidtea,22
nope_wpng,22
pandacouch,22
fusilier,22
minia,22
deathmetalglamour,22
vonark,22
salga_0310,22
s-dash,22
likri,22
nayoshi744,22
bate_(artist),22
s.wolf,22
hayrider,22
hyrika,22
jk-kino,22
tal_rex_(artist),22
lulu-chan92,22
doitsuken,22
zanakil,22
iaguara_bishop,22
littlerover,22
orcrest,22
allaros,22
wolfade,22
plaguetastic,22
meowpoo,22
xtermination,22
fahrencrysis,22
oxocrudo,22
punkchops,22
dusthiel,22
komekko_okomeya,22
calciumchloride,22
posionjoke,22
qwerty-0,22
doppleganger_(artist),22
lcklust,22
alzeaker,22
cube666dice,22
skylarkie,22
vixlries,22
jusu-tengu,22
noubott,22
yasiplay,22
ringofriend,22
ktn999999999,22
enduranthill,22
sugarcookiedoe_(artist),22
ghostbun,22
haruki_genia,22
takaoka_motofumi,22
rushdownbirdie,22
ugarasi12,22
ducka98,22
zelendur,22
yonaki,22
kawasemi27,22
zaruko,22
shrimposaurus,22
speckledsage,22
beepingbeepster,22
nagoshinikake,22
breaker-of-oaths,22
jangleforks,22
gohgw1,22
ma_wen,22
cheotdo,22
maceduu,22
techagau,22
nastim,22
iceeon,22
earcw,22
lewdkitten,22
keabuns,22
alice_lupin,22
dukesmith3d,22
nao901,22
khronosz,22
mamobot,22
cage_(artist),22
shiverfox,22
thesheerking,22
zenpei,22
vektorich,22
bluesnesscasual,22
pd04140298,22
shibyo,22
tyronestash,22
bonznsfw,22
toedi,22
odeko-yma,22
mufksin,22
mouse_sully,22
tompossum,22
spxwlf,22
scorbunny_(artist),22
mknrhsm,22
mapplesfactory,22
jercorgi,22
wheresmyale,22
kagetashi,22
shatteter,22
hituka,22
tattorack,22
conop-8888,22
artwithmoira,22
jyueng,22
starlimisky,22
ebnet,22
silverthings,22
desligar,22
jtcircus,22
niwan,22
aetherscale_(artist),22
kelpu_(artist),22
fahira,22
hanzotitmada,22
dimasbka,22
coille,22
kaizermelvon,22
huntervaners,22
saintmuerte,22
dotil,22
sige315,22
squarepeg3d,22
horsemanoftheapocalypse,22
inlustriusghost,22
the_fimbul_pack,22
warriorcunt,22
amarimo,22
akiratan,22
anon_1015,22
kumakichi_(tukihime00),22
skofi_(artist),22
softscale,22
mikiluque,22
nazaki-cain,22
blblchiyori,22
wolfoxangel.f,22
athavan,22
perverteddaemon,22
nutnut_kunisaki,22
josomez,22
nopulant,22
raystarkitty,22
barrybbeesly,22
da3riusus,22
littleoliviern,22
sumo_samo,22
angelowo,22
nablacah,22
icender,22
myuu_(arisumeria),22
anicrossbear,22
xxxyamayidaqi,22
thedinosaurmann,22
aimkid,22
mrkirboy,22
maguwhite_(artist),22
boytaurs,22
satoss,22
katsoda,22
roadkillcircus,22
cheshirrr,22
toadie,22
ral3m,22
109volts,22
az345g,22
hyperiontrash,22
bonybones,22
pinkpossum,22
paiirupie,22
nazuuuu,22
mintrimo,22
spooderdoodler,22
varix,22
bighunkwoof,22
fuanfokkusu,22
mirufuaa,22
cptn,22
tempuralobster,22
dusto,22
nicechan,22
ecto-luvr,22
gibudibu,22
saiwai_hiroshi,22
how2101,22
torusop,22
soronous,22
smolseto,22
elementz808,22
re_baiz,22
taleriko,22
miyakawa106,22
pig_fat_bat,22
saru-mars,22
yourhardnerdcollector,22
lewdpen,22
yamuretsu,22
nijtus,22
sorajona,22
hmeme,22
kemo_nikomi,22
dani86,22
freyjagc,22
mimechan,22
vreayu,22
purga_12,22
foxnose,22
exepresso,22
kurozatou,22
snarling_darling,22
purp1e,22
chancellorchomb,22
uovo,22
zhh,22
fellowthewulf,22
lumadelun,22
y_inuwashi,22
falko3458,22
corydingus,22
aureskarispriomnis,22
drum_skunk,22
dexter_draws,22
duskmoor,22
kernkraftwerks,22
saiyonara10,22
wingsandfire72,22
tommyowo,22
kemonoda_isuki,22
erwill,22
bugbean,22
lazypopluck,22
tackykat,22
raspberry-joe,22
slimedrippy,22
shivvisketch,22
omegaterasu_(artist),22
streachybear,22
claudeartz,22
lazychaek,22
delux,22
my_furry_art,22
conniesky3,22
ceryne_(artist),22
vonfluffington,22
marytoad,22
donnadoll18,22
figaro_(artist),22
moyexingchen,22
dromaeo,22
ramuchoppu,22
shepardinthesky,22
domiel,22
lentiyay,22
rush2112,22
swankybones,22
twistcumet,22
sharicgshep,22
timingtf_(artist),22
lordofthetroglodytes,22
ftrccn,22
maskofravens,22
minuwa,22
draxosdragon,22
lqqq,22
the_calm_shock,22
ctabb,22
seymourcox,22
yuki_shuri,22
cooper_toonhyena,22
mrdeepay,22
bernado_alte,22
potato_no,22
lewdshock,22
nautilusbomb,22
drawz_art,22
nakase,22
peteko,22
piganenuwu,22
chazster,22
blyfist,22
a_(deleted_pixiv),22
tatta75,22
monsieurcc,22
huskytheprotogen,22
kangoo_draws,22
balberit,22
crispyattucks,22
waketab,22
suck-nis,22
9999_td,22
fanet,22
aridolena,22
heikidraws,22
crystalplatypus,22
kageroh,22
sho99614288,22
ionicisaac,22
ddzarts,22
infinitedelusion,22
tokki-bam,22
triti_(artist),22
sora_idiotka,22
takoonart,22
jadeart9,22
oatmealkasha,22
kai_river,22
sheol_(artist),22
kannoie,22
supersempai64,22
charlyhorse,22
cheekychiru,22
kyabe2d0g145,22
critterslit,22
morinkashi,22
cynical_wonders,22
reanimatedrabbit,22
marqslewds,22
darki,22
deviltokyo,22
iokshinka,22
kuro_mamoru,22
skushi,22
kalo_89,22
scherzande,22
guyinslippers,22
legnax,22
wansyon144,22
yureith,22
insouwu,22
noodleartz,22
furrypickles,22
toficcino,22
kayllacat,22
chipsgowoah,22
wirecutter,22
mosinro,22
someniceguy,22
apricotsammi,22
diggermygrave,22
quetzalcoatlbeautiful0,22
pisspet,22
the_k-hole_(artist),22
aki_chan,22
k'joor_(artist),22
cldmkr,22
voretubeanimations,22
placid69,22
momikacha,22
xxjamiepawxx,22
eepdabunner,22
backstreetgirl,22
sefastpone,22
sourquake,22
killcuspid,22
zeo_helvein,22
serapi,22
therabbitsnsfw,22
catcomunist666,22
pixelboy,22
heenzkra,22
pooncartoonist,22
sekielmoon,22
shaiyano,22
milkylewdy,22
cryptidcritter,22
issack_wink,22
shifter_gamer,22
io_ths,22
leggy2fast,22
nokonorii,22
nosensebeing,22
hetakitsune,22
francat,22
ikunsfw17,22
nekonon_syano,22
levionb123,22
dieingartist,22
karinfysh,22
juliaavant,22
yonkusa,22
sadkoinu,22
uni_hkdm_gsg,22
johan_memoris,22
woofmadness,22
moxydraws,22
renhard,22
liet4649,22
munrudoodles,22
giroofficial,22
ydrials,22
mr.prince666,22
ren_eliwood,22
taradoggo,22
disco_chaos,22
nnknwnn_(artist),22
67drttk,22
cosmicpalomita,22
aredator,22
mytmyt,22
dapper_lil_arts,22
tappe124,22
kirby_stardream,22
asrielthewagon,22
xingiro,22
xmonstergirlshideout,22
gmil,22
the_good_guy_two,22
tailesi,22
sudabanan,22
jessedahcow,22
rakess,22
tangdog2,22
g4cruf0,22
nekopuoo,22
sanginaria,22
dogzeela,22
joliv,22
reka730,22
tamal,22
ordinarymanner,22
tdontran,22
reiyoyote,22
tea_reid,22
danai_box,22
gummyfishowo,22
aka_h,22
haodz,22
deadlysynder,22
suchicempa,22
ima_thing,22
kandykanejames,22
mrpandhew,22
lanveril,22
plasticbag13,22
bawdybird,22
broofdoggie,22
anapx,22
hellbibi,22
purring_cat,22
retromutt,22
mouse_kenny,22
tourdeleanie,22
lewb,22
patrick_weste_(artist),22
diamond_dust_(artist),22
mei_kemo,22
zzz4,22
mekk,22
noegenhed,22
ganmakurel,22
vasdocor_01,22
bazengo,22
pyx_up_styx,22
akins,22
krmkng,22
crmlcd,22
miochka,22
thediamonddustt,22
kosmokitty,22
galacticmonsterquest,22
twentyfur,22
darkdog,22
squeakitti,22
secondhandfursace,22
boiboi9999,22
animorph_maniac,22
lazulito,22
bunny0baby,22
sangsang,22
ari_ibarra,22
mao_draws,22
donfurro,22
la_responsabilite,22
dokitokiii,22
atiz,22
lustinhell,22
snowsietiger,22
heyimshibby,22
steelybird,22
patoso,22
ivy_draws,22
shadowpawrai,22
marosynth,22
jacqui_clk,22
theartbreaker1,22
cherrypieowo,22
zhe,22
thefoxxhole,22
maltapuppy,22
magthender,22
vaserem,22
rik_awu,22
turner_alx,22
kemrel_walker,22
passbass,22
toufucoo,22
atemylegs,22
funkybirddude_(artist),22
kandenrem,22
kitty20spykat,22
hfengfffff,22
okentya,22
nightlymoxie,22
arkham_(artist),22
thecatherd,22
mwike,22
phoxst,22
mind_n9,22
copi_cat_(artist),22
atlasnaster_(artist),22
kabalio-lll,22
resston1,22
gleantai,22
animation_sensation,22
redprocyon,22
grovesetter,22
1upmilo,22
shirufox,22
synful,22
u_ka,22
lewdmcgill,22
dagehot,22
peachquail,22
noxxlss,22
rexznov,22
pspspsy,22
spiralburguer,22
dabid,22
zamaz_zamaz,22
gukimagone_(artist),22
leishkko,22
kaeru333938123,22
toinkity,22
miiiyshka,22
furld,22
morshok,22
kamaleon89,22
smolscribbles,22
suahh,22
greenjunipertree,22
hrkc,22
gundyrrr,22
kuro_chromium,22
mukaxslivka,22
buoyantbliss,22
killer_outlet,22
manmaru_mao,22
henrytheprotogay,22
wakko_(artist),22
chibinchubin,22
xyldroth_(artist),22
jean_mcconnell,22
artemisarmada,22
mallang,22
dennismitterer,22
squishhee,22
littlefoxoid,22
chi',22
tenkuyaki,22
danniemang,22
xpbarq,22
kirby-popstar,22
signum-factorem,22
lagomorph_dude,22
kkozlarska,22
plakro,22
luxianodb,22
fictionist12,22
krinjuicy,22
spacencake,22
unknownplaces,22
wildfire_(artist),22
lim_limonn,22
voidworkafterdark,22
zelieldraws,22
skeletonya,22
rubberh0es,22
toastedtanuki,22
iamlevil,22
toto3_official,22
dniprodragon,22
pxlfx69x,22
cayotekayou,22
putai22,22
zombieze,22
masornydraws,22
hambusan,22
lilidae,22
zachyyy,22
outh0use,22
kawo_oshy,22
nsffinn,22
gess11,22
graysonthescalie4005,22
bleuhare,22
voltharbor,22
usamykuc,22
cilokyne,22
boobacafe,22
worushi,22
larzali,22
gl1tchedpup,22
9drd7hewklm81wz,22
midnightsunz456,22
tippydown,22
bamangojuice,22
mrsaitheon,22
jaed,22
mister_axolotl,22
tregyn,22
dangome,22
cowardly_werewolf,22
jeno520573,22
maggotmilk,22
ezeeshady,22
pickleticklr,22
maximuseditor,22
aronnecroman,22
ratbawz,22
avius,22
releasethebuns,22
lolbear_9,22
goya_1231,22
jonathefur20,22
frootbytes,22
abovesn4kes,22
a21foxtail,22
haolksou,22
goo_lover62,22
purrmystique,22
sharkskunk,22
nikchan,22
hybrid_kane,22
lmilkdog,22
insate,22
just-a-cake,22
titansong,22
dsmnut,22
thesnapperxxx,22
litti_kitti,22
leggicle,22
hizakatamaru,22
mr._m_(artist),22
wolfy_lobix,22
toxicrow,22
vaguro,22
centepeed,22
oogletvoidlet,22
little_driver,22
alexisgoyle,22
kronossoul,22
glassesdumpster,22
strugglingquota,22
ganbear,22
nicholasart,22
burnyburnstein,22
drakenor_drake,22
puffle_dreemurr,22
texticks,22
sharkxbark,22
cinderart,22
bnnuyhole,22
daniart_xd,22
lanolin04,22
suninverted,22
drunkmagpie,22
emionix,22
hiroki_katsumata,22
kitsukifluff,22
megaloma-nia,22
bratyeen,22
garmore,22
ginyertac,22
norrxie,22
ambrosiaphobia,22
batpupbourbon,22
aaaamory,21
blackheartspiral,21
bridget_e_wilde,21
manawolf,21
schmierfink,21
sangluna,21
foxfeather,21
zanity,21
balorkin,21
katahira_masashi,21
heriyama,21
spanking_(artist),21
parma15,21
neondragon,21
wred,21
x3dreturns,21
itou_yuuji,21
wdj,21
schizowolf,21
mikewulf,21
pinopino,21
little_dragon,21
alpacinosbaby,21
shivra,21
wdl,21
cervidian94,21
connychiwa,21
rimpala,21
kensukethecat,21
wayne_reynolds,21
soulhunter-amras,21
kagami,21
rabbot,21
anjila,21
emily_youcis,21
thebluevibrava,21
saberkenji,21
kogawa_kenji,21
cylnx,21
cb129,21
afterhumanity333,21
qwaychou,21
belun,21
tamagoro,21
purplegriffin,21
okamy,21
the_blue_pangolin,21
linni-fight,21
machinari,21
zoomswish,21
jujichanchan,21
esatu,21
hellodoctor,21
vamptod,21
ptptpt,21
ishi,21
sciencefox,21
rsdraco_genesis,21
huthro,21
drawg_t,21
griffsnuff,21
shinepaw,21
muttmonster,21
katanimate,21
bilkaya,21
spackered,21
ellis1342,21
coppertonepretty,21
d3monstar,21
twime777,21
colour_crusader,21
tigress_(artist),21
veck,21
riku_usi,21
bluechance,21
dynamo,21
keeyrow,21
matthew-fox,21
ellispony,21
ultamisia,21
the_kitty_named_terra,21
redcoatcat,21
un_do,21
twodeepony,21
kiyochii,21
haithe,21
daikanu,21
warlord-of-noodles,21
vizza,21
lovelybonez,21
ducktape,21
yinepu,21
boki,21
kimbyfox,21
hazama,21
hanaface,21
mecho,21
greenwind-bell,21
elslowmo,21
whysoseriouss,21
vicar,21
brisineo,21
8-xenon-8,21
scifer,21
femtoampere,21
fidgit,21
cubeychou,21
strive,21
naranjou,21
daringdashie,21
space-kid,21
austiniousi,21
xyotic,21
moyses_damasceno,21
hiorou,21
kuto,21
acesential,21
kisakarou,21
jggjqm522,21
w0lfb0ne,21
deer_bambi,21
brush_(artist),21
frumplechuck,21
silentcario,21
8aerondight8,21
kyle_twilight,21
lordfriez,21
tohko_saito,21
j_hughes,21
jooughust,21
ouma_tokiichi,21
hyro0o0,21
indigoanonymous,21
tenshimi,21
azzieworks,21
stormfeder,21
otakon_(artist),21
ragora57,21
a_traveling_wolf,21
orangesoiree,21
kog_smut,21
wuffypie,21
bunic,21
lycheepuddn,21
foxyxxx,21
aoshi2012,21
yobot,21
john_thomas,21
disturbia,21
kantarou,21
crystallos,21
xnightmelody,21
chingilin,21
rzhevskii,21
justinblong2003,21
icetf,21
kuruitty,21
joe_duncan,21
notsafeforhoofs,21
total-krazen,21
onegathos,21
crisisbeat,21
fur-what-loo,21
oneeyedsheep,21
lvl,21
dranixparemoon,21
bukibun,21
sensetivewhiskers,21
hellovivirose,21
szello,21
chane-ko,21
bell_the_otter,21
thetunnahaddict,21
dragman,21
azureparagon,21
myan_(artist),21
nickdales,21
couchcrusader,21
ransaryong,21
osu_a_karu_kun,21
prettyboy,21
soren_kisamora,21
dipp3rman,21
thehobbyhorse,21
jean_(artist),21
aspenbear,21
drawesome,21
thepipefox,21
ramblo,21
shirukawaboulevard,21
riznben_(artist),21
borusen,21
caely,21
waero,21
ask-a-deathclaw_(artist),21
jacktheripper2008,21
xain_russell,21
rakkigaru,21
smuttybacon,21
c_j,21
caldalera,21
light_natsuko,21
telefonmast,21
nexybutt,21
xx0morgan0xx,21
nerior,21
erosky,21
hornedrat,21
trimean,21
armeddillo,21
cherrysnak,21
enecoo,21
nroc-nuika,21
kaltet0818,21
osabakitina,21
isamu_yoshi,21
drawersden,21
mister-mediocre,21
hek,21
naughtywrens,21
brandyftw,21
bluestream,21
theslowesthnery,21
mysfortune,21
almondhusky,21
aturn,21
dragonking007,21
drawer_(artist),21
kidkuo,21
thepinkpirate,21
thatonegojimun,21
scarleteyedragon,21
wilcar92,21
freedomfightersonic,21
neoabyss,21
babbit,21
taurus666,21
behold_my_girth,21
rainhues_(artist),21
mspaintguy,21
bunny75,21
roseee_(artist),21
codywulfy_(artist),21
shinrai-fidelis,21
kuroshiki,21
squeaker,21
zlden,21
max_yunlong,21
polarpandemonium,21
svenno,21
nb-the-dragon,21
jun-kou,21
kuropapu,21
pandafox_(artist),21
e-122-psi,21
dangerously,21
venny,21
gearboy,21
c_rowles,21
malibupup,21
micaxiii,21
pj1191,21
fluffihoodie,21
tankarank,21
ebirichi,21
daikung,21
mierumonaru,21
a_user_to_remember_(artist),21
darkglider,21
rimedown,21
norenuko,21
rile-reptile,21
compound_lift,21
aidenmonster,21
phazyn,21
draykathedragon,21
dpbleu,21
inuwanko,21
krystedez,21
memoriesforgotten,21
nekr0ns,21
lazziewuff,21
the_saint_of_ravens,21
jaxbeef,21
narodii,21
omiya599,21
asuraa,21
taichiharuki,21
pokemonartist,21
miss-yazriel,21
thehurdygurdyman,21
viven,21
mugheyart,21
ezdbud,21
squishy_kitty_(artist),21
nashiru,21
karl_gustav_gjertsen,21
voraciousmoga,21
iceberglonely,21
shpo,21
bluwolfie42,21
artz2012,21
tsurugi_hagane_(artist),21
ichiboshi49_k,21
sheepwithcrystallicfur,21
lvl0,21
fakefur23,21
suzibean,21
wolfindex,21
frappeholic,21
staino,21
blitzenoo,21
septicsyntax,21
whcardinal,21
cheshirkas,21
jeibon,21
pathesis,21
ponnyattu,21
nachorocket69,21
the8mice,21
zhirone,21
francisco_goya,21
bipee,21
inkblot123,21
phtalo,21
lolliponybrony,21
tellarasa,21
ninja739,21
higemorigen,21
oriondreams,21
sweer-tomato,21
magenta-magic,21
moistcavitymap,21
1235_(artist),21
noquelle,21
pervohyena,21
kamochiruu,21
fryegg,21
tysavarin,21
marototori,21
brave_ulysses,21
dsketch3r_(artist),21
wrigglingwyvern,21
sunny4sunnly,21
moire_dragon,21
azumi_kix,21
zabumaku,21
sabergin,21
pookie,21
fluffychuck91,21
panzercaptjason,21
sinzui,21
pieman24601,21
veemecelli,21
kemononoko,21
yokoyoko468b,21
habiyeru,21
nomorebiscuit,21
ryukoeffect,21
shennanigma,21
ill825_(artist),21
marimo_chorobon,21
mattaku_mousuke,21
usashiro_mani,21
ingvas,21
ctahrpoe,21
tiziri,21
tantlysa,21
atelier_sol_aer,21
owatana0,21
moardor,21
saucererzz,21
levana,21
dodgyrom,21
eduuux,21
maji,21
shroudedmouse,21
benjithatfoxguy,21
bluetashi,21
scarlet_dragoon,21
ghen_(artist),21
amakagew,21
censorrottie,21
toomiro,21
negaposi,21
radiation.,21
aurorafang,21
extacy_devil,21
helixel,21
garrts,21
davyrawr,21
digimonforever,21
kaceymeg,21
razorkitana,21
zonbiumareta,21
la_verenjena-kchonda,21
toimo_2610,21
korial,21
lackofa,21
ruuji,21
louie_(pixiv),21
cartoonmeat,21
froste,21
greiser,21
tango_gunma,21
taylorthefox24,21
ducatislo_(artist),21
myos_(artist),21
uroko,21
lewdtime,21
lunarthunderstorm,21
greekceltic,21
shibusun,21
wixiefox,21
soureggnog,21
william_windham,21
scarrrrly,21
ronnie_crow,21
sumisumii,21
hanakusotokyo,21
syncrotrace,21
tsk03,21
sairusfrost,21
tevayra,21
lef,21
d-ser,21
shenshepa,21
palemoonwendigo,21
inklingbear_(artist),21
kanoodlebin,21
bewyx,21
makasia,21
bananana8729,21
addiekilos,21
ryden_dire,21
shark-py,21
reruponzu,21
koopakrazy85,21
tamatamako,21
shiny_anise,21
gjaravont,21
harper_del,21
pinnipip,21
kat-astrophiic,21
profitart,21
zack3d,21
enteiiro,21
laserflip,21
puzzleplush,21
55level,21
chizo,21
dawnwashere,21
rodin,21
algooriginal,21
goldfishdog,21
kody_fryzma,21
connardcf,21
polishbonnie,21
littlebrowndog,21
yakoochu1,21
scironex,21
cyrucrem,21
amenimhet,21
ateoyh,21
gasprart,21
hawthorn,21
thacurus,21
mangchi,21
oimotomeru91,21
mainarts,21
telstartelstar,21
kristinagoose_(artist),21
akiidiamondheart_(artist),21
chris_dunn,21
morrirylet,21
mountaincat,21
tatsune,21
sprocco_(artist),21
nasharan,21
zorrojerry,21
thesugarcoon,21
noxcuro,21
praxxwhal_(artist),21
p812p,21
foxyhunter,21
za1f0n,21
babawolf,21
harald_horfager,21
thewugoddess,21
sato_(artist),21
xhaart,21
metric_fox,21
kenjimantis,21
theartofsilent,21
snocotan,21
grondraws,21
shirothedragon123,21
endcoon,21
big_pepper,21
garbear,21
dirtydonutshop,21
hellfurred,21
moyoron,21
geeo,21
keane303,21
puffinza,21
lerionproject,21
neverdream,21
okamibley,21
ceya,21
squeezeddemon,21
donnydoggo,21
boris_grim,21
spacewoof,21
sam_wolfff,21
absalon422,21
thecreatorseye,21
nen_nen_koro4,21
hekk,21
mniampyra,21
scatrat,21
hildahyena,21
vaporblush,21
chiwidth,21
sanssketches16,21
domedvortex,21
sharkfloof,21
oshigama,21
naughtiusmaximus,21
ratatatat74,21
hiroketzio,21
angeldarien,21
beagle-bagel,21
leviathinh,21
rythaze,21
diemewtu,21
riux_xxx,21
sting_12,21
inkqi,21
unknownhornyartist,21
ikuze,21
mistersnek,21
willtrash,21
sins-n-sweets,21
seiune,21
liursinho,21
kisort,21
jorric_(artist),21
maxyg,21
skunkworth,21
phillbeep_beepbop,21
harry_85,21
r1zmy,21
knustvi,21
rathkin,21
thesplashmaster,21
bigchuru,21
truelolzor,21
cromachina,21
lunimoonvb,21
pork_baozu,21
dandude,21
adkt,21
smokiiie,21
autumntree,21
frazzlyt,21
slemka,21
caelum,21
kakothecruiser,21
chaospunk420,21
spicy_weasel,21
omulette_(artist),21
valeskart,21
6furutanari6,21
cuchufflay,21
becku,21
josue_pereira,21
morapandita,21
enmanuelart,21
rastishka_grasshopper,21
serarokusu,21
pirkka,21
ss0v3l,21
wetchannel,21
hungrydazzle,21
washikulm,21
smolsusie,21
bluefluffy_fusky_(artist),21
lun_(pixiv),21
kaiza_teira,21
yopo9810,21
rokutenachimutsu,21
demacianyordle,21
z_tsuruo,21
xx56su_x,21
thexlewdxmoose,21
furisukiii,21
yen_tokk,21
peachykeen,21
fawnishy,21
ninelove_kp,21
mau_(artist),21
shiroshisu,21
crimsonoutlands,21
blacklight_ltd,21
thedevilslettuce,21
thundernawr,21
fluffy_cactus,21
ultraohwormhole,21
anonbb,21
handplug,21
tactimoose,21
titi_k,21
big_bad_hotdog,21
saar_(artist),21
whyra,21
moritani,21
softshikioni,21
steph_chan,21
furtyap,21
yentai,21
whiteyonggari_(artist),21
fikanori,21
strayed_anima,21
kaizey,21
wolfwars_(bytewaretheproto),21
efextex,21
loodles,21
noir_young,21
lazy_simba,21
marlis_sig,21
kaeda.anom,21
peenations,21
draco_zero,21
xiao_lijun,21
fuenzesunny,21
joseph_jacinto_mora,21
vadytwy,21
x-monic,21
skye_borough_(artist),21
pequod_vl,21
hotcrossbunnie,21
cromwellb,21
amplitude,21
skelebot,21
mister-basura,21
regislowstart,21
ravenwolford,21
aoguma,21
the0blank0slate,21
signed.lavender,21
pastelmon_art,21
shagau,21
flag_(pixiv),21
konayu_craft,21
nxlotus,21
pupwolf,21
anomorashiaccount,21
bignikafan28_(artist),21
crab_(pixiv_id_12272845),21
trash_of_this_galaxy,21
sheico,21
narky_sawtooth_(artist),21
meltedaisu,21
chaikodog,21
skollchan,21
brappycatty,21
torrosketch,21
gaziter,21
tootlunch,21
koofins,21
bluecloud,21
majoradraw,21
deepfur,21
kemo_priestess,21
torifloop,21
shentuqaq,21
qingbai,21
tiku,21
beefparty,21
aidemcc,21
aquido,21
horny_furryboi,21
roses04,21
kiri_lewd,21
ddm004,21
garbeorn,21
majinjin23,21
jackash,21
jickmagger,21
wh1zzie_(artist),21
gewalt,21
burdog,21
mordecal,21
henriette_ronner-knip,21
mimu8150,21
minako0,21
blastering,21
glassfur,21
acherontia,21
vixdojofox,21
nsartist,21
nsfwillton,21
impliqued,21
canstraw,21
beeprlae16,21
zobbie265,21
foxeyewitch,21
jimmynimha,21
kobukeda,21
jon_zinoyda,21
pumpkinpinup,21
sr_biock,21
dimtarius,21
fuckggcool,21
kingzel,21
temora,21
exotic_howell,21
freakinglargeoof,21
watoki,21
mei-stray,21
amber-calliope,21
fears4bears,21
coladezorro,21
coconomi,21
carapace_(artist),21
rurydrawings,21
onebubblyboi,21
anommyself,21
jam_uo,21
sukep,21
klazo,21
vider,21
wiosvikulan,21
astrodrak,21
lewdnopann,21
e_kei1,21
panakotta,21
neverknowwhythis,21
ronansmut,21
kagami_jera,21
imptrash,21
el-recondite,21
chummybucky,21
kuma9903,21
plantpanda,21
frostyvee_01,21
soonsky_ksk,21
cheval_lachance,21
gobbocks,21
badebyrd,21
velesart,21
kirycan,21
cationalfa,21
copperboyart,21
dragonpecs,21
artur_oink,21
gardenkaiser,21
druggetcat,21
rattatootie,21
salandile,21
alltera,21
apparitionnumber2,21
@sunraw4,21
valenpornarc,21
puffy_the_destroyer,21
cardinalthered,21
jackrinzler,21
stitchword,21
liquidrat,21
plantyfern,21
phoelixhelle,21
runkpori,21
wavkei,21
saymrbeefyy,21
squeakdrakeart,21
cravenexx,21
mixyway_(artist),21
potaroe,21
alexaflub,21
thekingofsorrow,21
woofel,21
dreamatdusk,21
squeaky_shoes,21
toxic_pear,21
azeri_unleashed,21
azurelight,21
absoldraws,21
fernandlp,21
eloisanon,21
softmare,21
tylbo_dergun,21
suggsr18,21
banne,21
maryy2323,21
freddynsfwgay,21
crow_guts,21
embrioeldragon,21
slush5244,21
vhallur,21
buttbuck,21
liushahuiyou,21
svetkaabdurakhmanova,21
avp_jummer,21
rainyday,21
elweonfurr0,21
massivetwo,21
mrghostkey,21
stracciatellasauce,21
usv02,21
shiftshido,21
ssspankeer,21
12_iona,21
aligonzheimer,21
shinxes,21
lenny-chi,21
frizzmake,21
dimblyarts,21
zolthan32,21
toothneedle,21
escualoco,21
vaalkizuk,21
pikachufiknight,21
machetlily,21
nobody-64,21
waffles_latte,21
shino_coffe,21
syousinman,21
oslomanl,21
wowsibart,21
foiblex,21
queenbleat,21
nowfloating,21
goodbyellow,21
shantohru,21
thomas's_things,21
technicoy,21
omumacaw,21
cloogjammbo,21
cosmind,21
zym89622531,21
millouyre,21
shade_art,21
justsomeboye,21
kiba-draws,21
melancholia,21
xo-underground,21
wendigowannabe,21
marakasaya1,21
indie_vamp,21
magentademon,21
l4xx,21
enoopycat,21
nekoniku,21
dragonixa,21
tigertimeworks,21
stylussnake,21
kitmurade,21
taffyrukite,21
pybocat,21
conniethewolf,21
riseidokokana,21
bubbshalub,21
ks_simp_(artist),21
m1ndfvcker,21
quejumbrosoalex,21
ep745692,21
arcticvolt,21
sansalembic_(artist),21
bonnieazle,21
dizzydreadful,21
aquaticrecon,21
cire,21
rovintus,21
kodr,21
atomx,21
internaledge,21
ratbrain17,21
eunicidae,21
return026,21
asdro_(artist),21
maeesthetic,21
slumthechum,21
bo-the-sno,21
kotsumodic,21
connthicc,21
bloope,21
sunspot_(artist),21
fondoffrogs,21
yuika9200,21
badaseangsu,21
mrcookiws,21
unowo,21
bridy,21
toicobis,21
avatheavali,21
ogilenuj,21
rurihal,21
dotartnsfw,21
astral_kobold,21
anthropsychocratis,21
yukumaru3,21
tigrugo,21
c82102111,21
seabaskspice,21
p181,21
veggieafterdark,21
vapormakes,21
cumkeys,21
sakamtosng,21
jakiewolfpup,21
impossizzle,21
fallenpie_(artist),21
a-doss,21
babybumps,21
diru666,21
j1110_tanuki,21
long_and_soft,21
allskyart,21
critterstew,21
lbyluc,21
teasnapple,21
lazylynxboy,21
dreamingofcake,21
x_kemo,21
dragonmilk,21
4lmondram,21
dusk_thelycanroc,21
ayceedee,21
asstro,21
sipcyshepherd,21
chucksebasp,21
hrsknekoneko,21
leechpup,21
milkcauldron,21
boraluswilly,21
klydewitakay,21
nekobungi,21
whitebaloo,21
bearserker_og,21
kemo_leight,21
bimbimbambam,21
demosfen,21
footchicken,21
jeremiah_leckrone,21
jeanart,21
skyrilius,21
proto1340fc,21
journalfry,21
spicysugary,21
super_pretendo,21
inkstainedbunny,21
avi_the_tiger,21
ghoststripe,21
dragonczech,21
foxyartistc4d,21
searyn,21
kom_jis,21
s87,21
fernypaw,21
peachcorgi,21
impliedrainbows,21
thebigjustin,21
mr_disgusting,21
saturn_space_04,21
xiayabaier,21
m1lkrexxx,21
ishiexe,21
dogbro69,21
iovin,21
manunia,21
metaphos,21
daxlmonitor,21
bones_on_string,21
bananamilkbeer,21
lurio,21
sleepygirlthing,21
yuuyuu1771,21
curjupi,21
ernestina,21
pukizel_(artist),21
ptarodex,21
sbwc,21
nxf1l1a,21
whitegrapes,21
snailcityfad,21
asmodite,21
fringession,21
ciloh,21
ashleywolf259,21
biskvit,21
nickalius,21
typue_kartinki,21
ezi_zeke,21
spacehominid,21
anicecubedwolf,21
anyplant088,21
barbatosxiii,21
vloodozer,21
tade48,21
dahlia-mimosa,21
ruiiny34,21
leo_mizusaki,21
terrudolol,21
squishyskunk,21
taidumtime,21
hirunet,21
chibi_viii,21
tokitsu_yusuke,21
greengod,21
luckeeart,21
tyo_dem,21
blaze2012,21
charl33,21
jusauria,21
d._(artist),21
jman7407,21
vv0ltz,21
eroticgaze,21
mogdan,21
tresleches0,21
maddybakery,21
funsizedfox,21
scribbltyhibblty,21
onikuma_(artist),21
sintax_error,21
grizzlykubz,21
gengygar_(artist),21
bloody_doll,21
swampman,21
lazychee,21
goofbread,21
kalofoxfire,21
thanderfungi,21
rink_uwu,21
mariomaker69420,21
breedbowl,21
sa1ka,21
caramelody,21
umbreoncloud,21
zephyrclouds,21
dus,21
isatanaris,21
bluemagicsteban,21
unusualmoondemon,21
tasseya,21
eztli_(artist),21
pokrik,21
maximillianlad,21
rgdrwz,21
ashenwhiskers,21
manlykaz,21
jj_(pixiv_artist),21
wreckerqd,21
magosombra,21
joybom,21
bootyforge,21
fogspot,21
ravyn_pain,21
wahlgo,21
jfurby,21
gronkusdoesagig,21
teratori,21
busterstoat,21
jannyaaa,21
pinkbluensfw,21
heardnoevil,21
notjiffy,21
midnightbatizer,21
christmas_peaches,21
hellkass,21
equidata,21
valeferry_official,21
travendraws,21
overloc,21
alien_doge,21
ingridskogstad,21
miles_rosebh,21
d-monomicon,21
project-taofm,21
salvatore_ditrani,21
smonke3d,21
notwhatevers,21
stephsartlab,21
fabledfeeling,21
felidflora,21
kothony(koxok),21
solnaux,21
dreamknightjang,21
thadeef3,21
geta_(artist),21
jadetanuki,21
peta_hewitt,20
banjies,20
al_mackey,20
genetic-enigma,20
napkit,20
bearbun,20
ashtoreth,20
kabuto0495,20
tactical_snake,20
tomhoshino,20
kilcodo,20
cyberwuffy,20
awe,20
luna-v,20
uziga_waita,20
kagehara_hanzow,20
cyberunique,20
yamane,20
akito_yagami,20
fuzzballfox,20
quelyntr,20
tatsumaru,20
colifox,20
evion,20
goodwolf,20
xassassinx,20
okiyumi_kase,20
toraneko,20
loui,20
tamias,20
quetzadrake,20
graveyardshift,20
agentagnes,20
digisushi,20
chronoreaper,20
paigeforsyth,20
tsumi,20
fastspeedy,20
theuseless,20
stranillafennebi,20
skottichan,20
piia,20
loopus,20
jayron,20
icycario,20
featherscale,20
tekuho,20
robi,20
arandomdog,20
drash,20
lavosvsbahamut,20
r0ckya,20
sidj-6,20
arawnnox,20
parallaxmlp,20
tifu,20
nabbiekitty,20
araelkins,20
ryanbuffet,20
echowolf800,20
bluegirl91,20
xcopyen002,20
renepolumorfous,20
rob_durham,20
europamaxima,20
unyko,20
trancua,20
yeeeebis,20
jewzeepapercraft,20
parfait_(artist),20
acediaxailem,20
inusawa,20
th,20
blitzpony,20
eevo_(author),20
esonver,20
tram_pararam,20
idrawgayboys,20
crowley,20
tomoyokinomoto,20
baltomutt,20
sikafox,20
zerr,20
ssthisto_(artist),20
tamalesyatole,20
likey,20
bartol,20
mugenillustrations,20
tribo,20
derplight,20
bespectacled,20
phaeton99,20
wraith_fades,20
mandemolition,20
ctb-36,20
seme87,20
tumorhead,20
miyamae_porin,20
two-ton-neko,20
tarathiellyris,20
likemaniac,20
azulalapis,20
zuago,20
r-no71,20
nikraria,20
ausfer,20
earlybirdspecial,20
stonebolt,20
slappyfrog,20
senseidezzy,20
blush_(artist),20
falord,20
amano_taiki,20
xanafar,20
aeromagazines,20
the_negative,20
therealfate,20
cm,20
alsnapz,20
octopus_tadashi,20
noctisdragon,20
gabusan,20
torathi,20
ksapphire8989,20
momo-the-bunny,20
zenerotic3dx,20
seigen33,20
danogambler,20
skyox,20
blackwingedheart87,20
pepperoach,20
sailorsyaoran,20
suramo,20
owlizard,20
artiecanvas,20
gatekeeper,20
domny,20
spiritcookie,20
2ll2l,20
gita,20
clutterdrop,20
aestas,20
budakurosawa,20
ayloulou,20
buckitponydoodles,20
okami-the-wolf,20
alto,20
crossybear,20
pesakd,20
fuckemall,20
deztyle,20
slashweilerdog,20
klynolder,20
zvxtriad,20
tikka,20
matiu,20
inochi,20
mail-order-superhero,20
kira-minami,20
ylwkirby,20
cslucaris,20
mimic12455,20
kuronezumiinu,20
r3dfive,20
tarri,20
shuffahlong,20
260,20
lars_grant-west,20
evian,20
isamatu,20
ni_ki,20
fiberopticfeline,20
somethingsomething,20
kittyfred,20
nirai_(artist),20
linktoreality,20
bubblehermit,20
mushroompus,20
ferretface99,20
whiteweasel,20
akitary,20
apefromspace3,20
verrest,20
novaquinmat,20
tiaz-sfm,20
cynosure,20
thatmoondragon,20
adjustedbicuspid,20
tinycat,20
grandstorm,20
the-star-hunter,20
wiitenuant,20
hentai9ja,20
imdudrjsmi,20
mrd66,20
atomic52,20
fappingfang2,20
yellowstumps,20
mooshmouse,20
mistakes,20
niu-ka,20
candlebars,20
freelime,20
neoartcore,20
amethystos,20
pettankochan,20
robhinsha,20
ziyoling,20
bloopbeepfook,20
reptilies-conder,20
wkeeble12,20
deriaz,20
kumatsu,20
thedrawingblonde,20
hoi~poi,20
katelynntheg,20
bluecatdown,20
heavymetalrules,20
turtlepaws,20
sigoogle,20
arthurleoufdu60,20
molinatwins,20
ninjabunneh,20
lishak,20
meowstic_(artist),20
greykenny_wolfz_(artist),20
raichiyo33,20
hrfidy,20
nico_oyabin,20
pepperyena,20
cocoankimo,20
helloiamyourfriend,20
ki-software,20
shade-shark,20
evasolo,20
hunterdog5by5,20
blind_penguin,20
senpaiworks,20
twistedskunk,20
locofur,20
milkmaker,20
soruagreninja,20
flamen_famae,20
kirf,20
theonyn_(artist),20
darkshadow,20
sharpdressedreptile,20
bellspurgebells,20
varcey,20
hexadoodle,20
konsumo,20
kuki1210,20
ina_arazu,20
gryphon1,20
anitech,20
zilven,20
affectos,20
komuro,20
nordeva,20
sashatf,20
goober.,20
susono,20
dirty_bristles,20
xray32p,20
a-02,20
poku,20
tairenukitty,20
teevo,20
fallingwaterx,20
frawdoe,20
tummyacid,20
unnam3d,20
xxringoxx,20
dolcisprinkles,20
rineka,20
mabeelz,20
mochitig,20
timetime726,20
witnesstheabsurd,20
cryodrgnate,20
diva_(artist),20
silverslime,20
blueberg,20
kannae,20
dori_green,20
regigi9,20
pookahforhire,20
xana7274,20
volmise,20
annakitsun3,20
ropang,20
yaj_leaf,20
trinketsworkshop,20
jeykey95,20
lunaris21,20
wiizeru3950,20
thenompage,20
uniamoon,20
kanzakietc,20
rivak,20
dawnwalkerwolf,20
emiiz,20
insert_(artist),20
viiperfish,20
anarietta,20
bombstaticz,20
gaycoon69,20
vidnix_(artist),20
toryex,20
radiodelta,20
juacamo,20
bloody_snowballs,20
enter101,20
rokonrico,20
brohan,20
crynevermore,20
xxcougarxx,20
moonbug,20
sheph,20
cephalophilia_(artist),20
ginkgosan,20
racolver_(artist),20
princessyiris,20
hiccupby,20
sharkfurryman,20
yabi,20
teoluve378,20
xibalbapiixan,20
jiver_thistle,20
gantogan1216,20
dsolte,20
poisondynamite,20
cannibalharpy,20
jinyeon,20
maidfrills,20
totallytits,20
ectogoat,20
gomalemo,20
doodlelot,20
jaytrap,20
karosu-maker,20
racecarart,20
raptie_(artist),20
c-fed,20
jadehusk,20
gindan,20
sheepgnyook,20
dracouro,20
yajyu,20
cheunchin,20
ramensalt,20
jokiart,20
hamohabu,20
uns,20
unagimaru,20
ang3l,20
quark19601,20
murasaki_yuri,20
gui44,20
bagworm_(artist),20
neecheecoyote,20
jrpuls3,20
outenkun,20
snoot_(artist),20
blackmonster,20
umadura_ero,20
jadegullyzone,20
ennix,20
revythemagnificent,20
littlewoodlouse,20
gravityinbound,20
mashed,20
daram,20
akki_cnmn,20
willsonpoke,20
tummysoup,20
shensho,20
kumabear357,20
shimmi_(artist),20
ghostlewds,20
ayotizza,20
raf_grassetti,20
icecreamdraws,20
milkydynamike,20
holdplacer,20
amberflame,20
waltodile,20
ponponka,20
simsmaster,20
konaise,20
futuretist,20
aybara,20
nickelweiss,20
tagawa_mi,20
tanno_maru,20
lostipants,20
heavy_doodles,20
kio_(artist),20
ponpo_ko5,20
large-rarge,20
kawaii_raion,20
fluffyvulps,20
foldblank,20
hananners,20
caazerenam,20
meziro001,20
pieu-a-taupe,20
dobbernsfw,20
emericana,20
cosmicpizzabuffet,20
atacama,20
hitbass,20
nagisabus,20
pondis,20
vore_comics,20
rusa,20
cuchuflehest,20
badplace,20
neon_fox,20
potatos,20
oliverror,20
digital_flinch,20
tinhotarou,20
ratlovera,20
gyshka,20
jimmy_madomagi,20
draco's_proyects,20
blinian,20
brisskwinds,20
dden009,20
nurple,20
walnut_(pixiv),20
sejantlamb,20
fredory,20
kogut_klein,20
gingitsune_(artist),20
omtay,20
nymii,20
tinyhops,20
remekeirstead,20
gorrizz,20
gokusenpai,20
lazynacho,20
yamowl,20
jgbun,20
lesenka,20
alex_bluebird,20
theluckyestclover7,20
plusion_d,20
cranevein,20
hinokumo_f,20
goldencarrot,20
munchbucket,20
grech4,20
ttu2,20
kuroorcas,20
alakur,20
tito_curmudgeon,20
srgriko,20
wajirogi,20
siliciaart,20
tuokh666,20
lordwiggyton,20
hakuginnosora,20
kumakan,20
motothed,20
vixentine,20
jakel009,20
uni0421,20
vizelius,20
hikyou_takarasou,20
dragun,20
sihan,20
marsh666,20
chadzime,20
sonu_sox,20
fr3ggy_(artist),20
blitz_acerosin,20
jaff96,20
gooey_goon,20
zorah_zsasz_(artist),20
vada,20
d-nix,20
index_key_nine,20
slugmanoctavious,20
twoheadedtigress,20
whoismonday,20
wtmin1972,20
galinn-arts,20
kittenyartz,20
sylveonfuckoff,20
blazemizu,20
meng_ziya,20
killjoy0208,20
yaljes,20
nunyahbis,20
motaluliart,20
fffox,20
kazanari,20
hondaranya,20
fugorsa,20
yueliafreecs,20
inukuroo,20
glorper,20
agura_(pixiv),20
sr-g,20
1111122,20
ccgumi10,20
iw2kmsrn,20
calesote514,20
mantivvhore,20
accers,20
jazzhands,20
ocean_jewel,20
bayoshii,20
alegory,20
aetherionart,20
rsn_07,20
baghikat,20
mite-lime,20
tuxedowolfo,20
yaddoriart,20
furry_outpost,20
roughien_(artist),20
lonlon,20
winterfloof,20
bsan94,20
spicyrooster,20
furrllow,20
tail_box,20
the-j-man,20
superstarplasma,20
zerqster,20
huto_futon,20
ramen_mao,20
itsaorora,20
xevier_gilbert,20
wolfy_cyberware,20
murkyhaze,20
gutsybeast,20
peachyowl,20
corazonarts,20
loafbeaw,20
dcoda,20
leromor,20
ultra_binou,20
avelvision,20
himuhino,20
beberne,20
deathly_forest,20
dante_mutt_(artist),20
griffonshaped,20
shadic80,20
snackdumpster,20
xasslash,20
endoereanart,20
budpup,20
vexhaul_ramousa,20
nekokun28,20
bunnyinquisitor,20
1nar,20
dclxvi-heaven,20
rasuku@07,20
doubutsunosekai,20
snake_metal_(artist),20
frostbiteboi,20
ditaflower,20
o96657637,20
da_shangzhi_zhi,20
huan_tian_xue_lang,20
mythos_(artist),20
negativskill,20
artxcid,20
tsumeno,20
bl4z3blaze,20
captainelderly,20
re1o,20
kyoujinbe,20
nightshadeink93,20
nevermown,20
heathywolf,20
whispaleaf,20
robbleu,20
somesortacreature,20
lordroach,20
leamatt,20
hirichie,20
mileshoot,20
tsurugi_muda,20
maloba,20
anansi_dragon,20
2wuff,20
mssafiru,20
kittyq,20
hyakkinkunu,20
votm,20
vivien13,20
zveno,20
tangerin4yon,20
nytrodioxide,20
toboki,20
vickyvoo,20
street-panit2015,20
wigglelines_(artist),20
nevvia,20
svedkadong,20
asthma.daddy_(artist),20
moxydamon,20
sequestro,20
big_sis_(artist),20
wersman,20
nonneim,20
volkkiiroi,20
gleotee,20
daztoons,20
lunaexhibitix,20
li_(pixiv),20
komikoe,20
kristalkarma,20
no_entry,20
menthaam,20
fishtrout,20
birdfellow,20
emmisbadart,20
milkinquotations,20
crustonpie,20
pagie_(artist),20
azure-arts,20
okaminiboshi,20
mokiro,20
cannine_(artist),20
ramaelligre,20
marzipantwt,20
glazirka,20
fullmoon1,20
kasuga_dn,20
clenonwolf,20
eviltyto,20
heftyhorsehostler,20
faramound,20
ahkin,20
meskemovsmisato,20
banono,20
exosharem_(artist),20
theoraclefolf,20
mayo-san,20
polarbeark,20
soubarlikesu,20
juliayoon,20
ybhk77,20
aylornia,20
arikato,20
amoroussheep,20
superfrenzyhare,20
necronis999,20
maghost,20
flimsy_rivers,20
onewasho,20
scribblesock,20
astropandaart,20
ggs_ovo,20
orangefluff,20
pruh,20
worsesfm,20
soldtilidie,20
letsudraw,20
virgoart,20
mikeowolee,20
darebearart,20
siffey_wolf,20
jwxlfofficial,20
sumiso,20
wesitos_wendigo,20
scragglyassrodent,20
kut_kurry,20
faenatical,20
rik_grape,20
trott_on_the_rocks,20
duncanscocc,20
politepuppet,20
thatsquirrelly,20
buhk,20
umbrafang,20
mibston,20
0c95yzr015ps0j5,20
felineblack_(artist),20
flowerycubey,20
sirpopmmd,20
gveanel,20
ku_magination,20
poxy_boxy,20
blecksart,20
gloveboxpoptart,20
lunaiiire,20
hakaina,20
crowmatose,20
kai-too,20
deliciouscake,20
aksiradik,20
hayaken216,20
lingrejh,20
lb3,20
cherry_fox904,20
solwer,20
twa1kaart,20
aiws,20
remer,20
hidrobandis,20
bluedragon55,20
iam3d,20
slimorinkaowo,20
digital_itachi7,20
100_nails,20
breadplus18,20
asha_sonchai173,20
troytheartboy,20
caninecrypt,20
itsme_takk,20
casenpoint,20
lattechino,20
missonika,20
yeon-kun,20
sammyc96,20
jegzzeru(g.),20
sunriseuwu,20
the_orion_nebula_(artist),20
iie_efg,20
therusticferret,20
atlas_cloud,20
honeyvanilla,20
kura_rikko,20
nodoph,20
mtz007,20
calebcorduroy,20
plooshytooshy,20
jjw00123,20
sanispifo,20
jojispoon88,20
kadarts,20
bloopka1,20
oinu_kori,20
kurodrunk,20
g0ni25,20
smitewyrm,20
atecky,20
thotfulsuccubus,20
gogokun,20
0bon,20
jacobspencer04,20
mr.ant,20
wormliker,20
rottedpaint,20
riffen,20
lunarcey,20
mintyotie,20
mimy,20
irnoodles,20
zircce,20
pansear_lady,20
rooka,20
dicidius,20
paintedpikachu,20
1nfernalcat,20
aquillsfantasy,20
kaycraftytrus,20
unbread_yimori,20
hotspicygarbage,20
alluringtail,20
kerzemann,20
3gub,20
happy_mad,20
funtime_coxie,20
ewhattin,20
the_saver1,20
torva_maan,20
saltbutt1,20
desertranger8,20
getchoo_pup,20
dzukela,20
vapolygon,20
sallllltywater,20
dirtydragons69,20
fiyrflareon,20
maison_6,20
hezitween,20
moonpurr,20
sacrilus,20
sinfulhare,20
nikuzirupai,20
moltai,20
swaggy_tamago,20
pinkejack,20
renel,20
layla_horizon_(artist),20
fehya,20
madara_artworks,20
manedpizzawolf,20
octobland,20
reversedluna,20
horndogo36,20
ruanyue5,20
jellyborowski,20
rubenafterhours,20
mandofeovg,20
naylon,20
pocopocosaurus,20
el_tacc0,20
kokou,20
moaoxnx,20
yumiix,20
bluetoxic,20
053rex,20
tokay-blog,20
crowputerad,20
puffywaffles,20
vibestrike,20
freya_draws,20
goblinmodeon,20
happilytoasted,20
gallahan_osam,20
kust0k,20
dt_ralf,20
axxstripes,20
passtheblast,20
erratichammy,20
dahabi,20
yolkiin,20
paulmcbuzz,20
buraian287,20
emryshhorny,20
815147h,20
muffinfire,20
cherr_yred,20
liztdo,20
tobythederg,20
ge5ajtqitgcpx0m,20
weebdrawsnasty,20
nkwaru,20
9d00m,20
myth1carts,20
heart-buzz,20
droskimo,20
pothos8,20
ikerbuck,20
ifrinox,20
algaroo,20
bedtimecreature,20
vkbird,20
com50c,20
alsif_santoso,20
hopemillts,20
polnocnykot,20
trashship,20
rblxeevee,20
ingeir_palar,20
bumbsspaceship,20
solid01,20
demi_owo,20
waffledew,20
mchoi141,20
migart89,20
demonicdisaster,20
strawbee_fox,20
learningegg,20
mivomore,20
renebruni,20
yamacon0105,20
thribocarbon,20
tatososu,20
stoinkedazm8,20
magixel,20
sefex,20
azul_uwu,20
vulgarvictor,20
kilgorio,20
xmias,20
jeampyc,20
briarlupine,20
kakakaka,20
strawberryumbra,20
illutrator,20
peapeafur,20
priveranimation,20
tcpvagqnblkboji,20
crr001,20
do72k,20
l0xx,20
kazoncito,20
keykids,20
axelkirby,20
raishyriverzero,20
nexthargon,20
danio_1,20
hyracia,20
lizardillochips,20
isaac_andel,20
naru_papi,20
alotaart,20
judgement6x,20
mango_fox,20
enzea,20
lefemdoc,20
elijah_d73877,20
querkii_cat143,20
buukapa,20
mimixenmascarado,20
zergovhar,20
dastarman,20
xoicom,20
abyss_arts,20
bunhideout,20
denimdoggy,20
yifeng_lz,20
pankekes7,20
sotu,20
jabaox,20
loudnormal4,20
reisui,20
rolenzoart,20
dornew,20
pangsitrebus101,20
lumu,20
leafy97,20
bladapacha,20
supermariofann1,20
kyuvulpes,20
34frames,20
motherabigail,20
rowanrowlandridley,20
cr4zydonuts1,20
tapixt,20
groundedchalk,20
crazychanuwu,20
xise,20
fungerhead,20
lycoriswolfdragon,20
ratfrik,20
awgeezdude,20
catoninetails,20
srrealleaf,20
lilstarbit,20
mr_p0tassium,20
codename_nihil,20
lead_acid,20
lose_it_mister,20
edemevas,20
hiddenbird,20
sunshinecloud,20
peachylu,20
hornypurpproto,20
bolumsart,20
norkanimations,20
remberhere,20
zielong19,20
geben,20
op_gero,20
milkybunnyuwu,20
lycheespot,20
grinriff,20
avocadom,20
pedantic_horror,20
scrimer_the_artposter,20
abrakabadarka,20
77crabbary77,20
natsuwatch,20
jordevoir_(artist),20
aoi_hoshi,20
mintza_bo,20
yoizm,20
gonsia,20
ama_a93,20
kirowatermelon,20
cyrus-inkubatto,20
obrykozzy,20
lintian_artist,20
feridoodles6,20
rancidwyrm,20
astrogeneticist,20
kasicz,20
drago_tatsuki_(artist),20
neyfufu,20
malliseeed,20
crispyfox,20
enredadera,20
dogeist,20
venkpng,20
snowdoeer,20
olimis,20
kih34rt,20
triadastar,20
renegaderobots,20
ka_band,20
setymus,20
icacus,20
jeannette_arroyo,20
sqrkyclean,20
imrs_21,20
feitadenectar,20
cassthegoat,20
arashi_nabudis,20
mstrpiece,20
monomyoo,20
lcrma,20
burtreex,20
shiyaa_stuff,20
10ttent,20
xnayako,20
fabien_ouvrard,20
atag_niko,20
zyrusfluf,20
2won2,20
sibbyshark,20
lucid_cloudream,20
panda-moan-yum,20
ariwolfer,20
walrusdin3,20
4brandonsj4,20
danigrex2n,20
redderblood,20
roundrombo,20
purrypurin,20
howling4uwu,20
kicks_wolf,20
sonninng03,20
chszan_chan,20
furrytrxsh,20
odoral567,20
zowoh,20
strawberrywolv,20
not3badgers,20
that1gayship,20
damlow,20
radiumraccoon,20
mrcold,20
pokedan_shinsaku_madaaa,20
nyx_hdp,20
spicyboi01,20
huamnenoughbb,20
decentfeather,20
mr_smilingdevil,20
odoody,20
doritomuncher,20
tealram,20
shadoremupdog,20
nnn0nnn0764,20
youaskedferrit,20
froskunot,20
vilgard,20
sbaru,20
sadness_(artist),20
miyedsam,20
southway,20
yoshreveluv,20
moonyplots,20
zuremow,20
lucia_mane,20
ticklemutt,20
the_foxitect,20
farenforest,20
big_neon_dragon,20
giga_m,20
roawayart,20
manyannaise,20
cinder_bh,20
sillycritterz,20
meeart117,20
aether_stripes,20
meribe,20
phenecly,20
katqc,20
vozhd,20
cookid,20
sanynebeystoll,20
mocaht8,20
teahouse-foxs,20
qiandaiyiyu,20
mars206,20
skwerna_timido,20
naffers,20
facility-r,20
hotto_kakuart,20
dezzak,20
pinkybop,20
farens_hell,20
hotting31,20
seawitch,20
shimmydraws,20
toastedeh,20
c4nis_major,20
lazy_dogg0,20
bug6uy,20
natalia_grofpel,20
dumbasswolf,20
n00b-body,20
cyberopkeys,20
walt_disney_animation_studios,20
lohlite,20
fuzzyface88,20
baban,20
ponyari_cat,20
kuridel_black,20
nofood_nodrinks,20
fozulon,20
rea,19
humon,19
kyle_hutchings,19
dan_scott,19
sk4ndalous,19
kiwaku,19
mewwie,19
denoyelle,19
rhnn531136,19
krowzi,19
lolita_channel,19
dma,19
uni-boy,19
fugueraven,19
colfax,19
lara,19
kagerow,19
numa,19
hyenakay,19
lafitte,19
kamiya_tomoe,19
arugeri,19
makuro,19
feranya,19
unknown_person,19
reku,19
urikire,19
nerian,19
paul_kidd,19
hauyne,19
amberli,19
vampirechicken,19
knock_roman,19
kame,19
catwoman_(artist),19
tandemonium,19
tenebear,19
menagerie,19
darkomi,19
lupinator,19
malachiexe,19
anubislaughed,19
orangetavi,19
dastardlydevil,19
drago-flame,19
qwert5,19
xylem,19
yamino,19
steve_prescott,19
ouisch,19
snooow,19
deja-blu,19
paranokun,19
tavimunk,19
tragedy-wolf,19
alipes,19
lunar_apologist,19
unoservix,19
fuzzy_(artist),19
elecrockin,19
abe_yukio,19
morenor,19
teskine,19
oxide,19
gtb23,19
sullivan,19
adriofthedead,19
nsfw_comix,19
bluecactus,19
lobotalow,19
ryokuchaism,19
raccoondrew,19
rogerrog,19
flausch-katzerl,19
empty-10,19
laviniarevolution556,19
sandyrex,19
wolfgryph,19
greevixor,19
h_box,19
kdjade,19
mindnomad,19
mmebianca,19
andy_kluthe,19
porika,19
tanukisan,19
sciigglescrafty,19
kawaiidebu,19
karmagik,19
lucidsuicide,19
ramires,19
tacimur,19
federico,19
bluenoise,19
pandoza,19
kerocat,19
shadowovermars,19
johedveigd,19
bogleech,19
demoniccompendium,19
mark_zug,19
kajio,19
feriowind,19
angerelic,19
daughter-of-fantasy,19
tera_zip,19
aquaticneon,19
ayb,19
chase_stone,19
ceowolf,19
polkin,19
jimp88,19
southparktaoist,19
jalm,19
naomisnaughtynook,19
xieril,19
tlatophat,19
theslateguardian,19
sharley,19
uramiinu,19
walzrj,19
stickfigurequeen,19
sdteddybear,19
gylin,19
roki_(hirokix),19
quasi99,19
bardofox,19
evangle,19
jasonstrom,19
overmare,19
furfreakchaz,19
ligernekoka,19
ruhisu,19
nighjilax,19
aegwinn,19
mmtora,19
andogg,19
kisagi,19
faikie,19
aruhs,19
ligerjazz,19
driflewd,19
thatwhitefox,19
nekogirl1257,19
kyosumari,19
shushikitty,19
ahruon,19
borsmenta,19
tuonen-joutsen,19
floatrand,19
tameraali,19
neko_majin,19
kelisah,19
taphonomy,19
jingai_modoki,19
verminshy,19
jaimeprecoz2,19
thenicestperson,19
theunderdog,19
genevieve_tsai,19
schmen,19
raithial,19
ciirka,19
earth_ookami_iram,19
ookamiwoof,19
muramasa_mikado,19
ainis,19
cutievomit,19
juanjo_guarnido,19
plaza,19
ahgot,19
indeigo,19
anonanim,19
cephvik,19
foxfencer,19
linaraya,19
zanclife,19
palidoozy,19
namiki_te,19
silverbloodwolf98,19
ludicrousdisplay,19
coconut_(artist),19
smiley-fakemon,19
kion_(artist),19
rastafariansfm,19
nani-nani,19
nano-risk,19
foxyofthepiratecove,19
amand4,19
ijdraws,19
slb94,19
dantiscus,19
thebadnewsbear,19
gyroido,19
kumogakure_kohaku,19
sparklepaws,19
smashmasterson,19
gsuus_(artist),19
eleonore,19
duckyeah,19
nekozuki,19
tryan,19
grawiorum,19
myakoda,19
kolewazaki-san,19
daddyfox,19
gfc,19
ajishio,19
ilovefox,19
lakilolom,19
blasticheart_(artist),19
quinnofhearts,19
emily_stepp,19
midorimushig,19
xxhotspotxx,19
i-si-u,19
mrblack86,19
latexity,19
duzell,19
cyndybell,19
willson,19
rudziel,19
gregarity,19
andhalm,19
zambiie,19
tiffico,19
lucaloo,19
roy-land,19
eetoro_(artist),19
hexcat,19
ohmudak,19
ehryel,19
fenrox,19
asralore,19
berriesandcoffee,19
thunderchaser,19
thatgtaguy,19
pko,19
mekh,19
nikogeyer,19
radian,19
pylate,19
hamze,19
saberleo,19
fushark,19
darkmaya,19
elpandamangrande,19
shinjody,19
demizuposuka,19
8-teenplus,19
draw-fiend,19
jake-dragon_(artist),19
atrox-c,19
comaofsouls,19
sanctioned13,19
jesoran,19
seestaar,19
cake-fox,19
sekiyu_(spartan),19
nevets,19
sakuramoto,19
stargalaxy,19
siro_komainu,19
lits,19
kt-draws,19
sulfurado,19
magami_tobazu,19
angel_(artist),19
carowouine,19
trickster.puppy,19
rushics,19
sungho,19
potato_(artist),19
apolo_18,19
ragtouran,19
zeryxis,19
vyotl,19
gurofur,19
lizardseraphim,19
dsks1214,19
litledragon,19
0phanim,19
autgo_(artist),19
pollution-of-subterranean-waters,19
moth_(artist),19
fawkesvtrot,19
lvl100gardevoir,19
kanami33,19
crazyaniknowit,19
nerd-mode,19
losira,19
napdust,19
justbilly_(artist),19
drawdroid,19
blakeroats,19
ruster,19
pikaristar,19
honey-beam,19
shiny-lilligant,19
sujiotheram,19
paper_paws,19
crealle,19
raridashdoodles,19
jah,19
rakugakism,19
12takase14,19
jiggly_plush,19
bleat-sheep,19
mxxxiii,19
spunk3y_monk3y,19
uwasa,19
tomyop,19
noraneko,19
schlurpin,19
nathing,19
haratek,19
mathfetish,19
forevernyte,19
teppo24,19
mosa69vosa,19
alientiamat,19
omarururu,19
4rch,19
gothic_cheese,19
hecatta,19
dragonpone,19
silent-sid_1992,19
balco,19
sirareyubi,19
mmmmm,19
donotcry,19
spookiarts,19
nialaaaaaaa,19
intoxicat2,19
kikira1203,19
skizato,19
ewenkarma,19
magnetvox,19
raidouzero,19
eltravis,19
taya.zh,19
omniously,19
galack,19
bazted,19
pandaj_(artist),19
3drod,19
talikatailstudios,19
pixiepowderpuff,19
tsurugi23,19
moche,19
horikwawataru,19
anesthetics,19
gibussfm,19
ashee,19
bansanv3,19
gakei3,19
sushi-s,19
hatershatesarea,19
zspartancats,19
midnightcap,19
kakalon,19
stairfacts,19
fiveam,19
fishtoonz,19
tohidetoblaze,19
xlef,19
hunkhanks,19
genjipan,19
rollfox,19
redsunatdawn,19
lewlem,19
zapperthecat,19
kristin_e,19
solidcolorart,19
bitbiteroo,19
nightsoil,19
slux,19
thehiddenmagpie,19
pamf,19
shadreym,19
lamarkey,19
coltrez,19
vihor405,19
pokemutt,19
raidenthedeoxys,19
inriganan,19
gerbor,19
rjbartrop_(artist),19
mcstuffins,19
shwonky,19
coppertheshark18,19
lorddominic,19
mirianna,19
redthegamr,19
sharkie19,19
santo_fabbro,19
cowsgomoose,19
dgirael,19
seios,19
lamoro_(artist),19
mottec,19
buckethead_(artist),19
mystmantle,19
alipixel,19
dracoflames_(artist),19
dcon,19
chazer_n,19
soup_du_silence,19
outlawshark_97,19
springbun,19
sweetfiction,19
myron_morgulus,19
miniborkerarts,19
izuthree,19
kingsway,19
blueseidon,19
pyriax,19
jurry,19
zy0n7,19
purplepawprince,19
adam_clowery,19
tousoni3,19
jarickocross,19
jixter,19
mcnuggetronis_(artist),19
ilyad_12,19
termiboi,19
jakubshark,19
speedhumps,19
r0ttens0ul,19
highware,19
gafagear,19
mrerrant,19
kyghosk,19
darkyouthzombie,19
shamelesschity,19
eddga_go,19
laovaan,19
ava_lugg,19
momodeary,19
rythmit,19
yogret_kai,19
tigonking2.0,19
rabidpepper,19
haruhixros,19
trembletits,19
rehqwq,19
erkerut,19
quillan_(artist),19
freya_manibrandr,19
unidentifiedcanid,19
mildred_(artist),19
fondestfriend,19
amazonamazon,19
sodabox,19
mohezi62,19
kinkysashimi,19
shambletime,19
azuracoon,19
dave_alvarez,19
lunheaven,19
wake_(artist),19
ghostnerdy,19
firolina,19
marje,19
eress,19
avilisra,19
sambaba,19
osmoru,19
drakonishimurasan,19
catstruction,19
jngart,19
janegumball,19
beastfromhell,19
broccoholic,19
pichu_no_hito,19
unichromacorn,19
vulumar,19
thatdarndragon,19
misstrashcat,19
awkwardberd,19
powan_po40,19
fiool,19
o_woe,19
diidiidoodles,19
golden_is_bunny,19
itaki.,19
pasteldawg,19
himuic-tmill,19
kuritotte_nage_tarou,19
gow_gow_beast,19
claricelovev,19
saonimorro,19
rukelen,19
furries_tetras,19
arthurtng,19
cloven-jitsu,19
poketalesof,19
30mrknowitall,19
chiefcinna,19
irhileth,19
darku,19
juniku_sushi,19
badlavender,19
henyoki,19
zelue,19
thelegendcreator,19
o_reowoof,19
bornconfused,19
scheme0241,19
nukisan_wolf,19
sumawesum,19
lighttrap,19
narynn,19
kataokasan,19
ameb-stuff,19
matchykiwaii,19
dippsheep,19
spookspk,19
ymymy,19
pulp_(artist),19
allfather,19
self_empl0yed,19
aisu_art,19
bulveetox,19
ibrah_(artist),19
osnach_kristina,19
jonswell,19
buffalonium,19
astraldrgn,19
doupperart_(artist),19
inkrait,19
maenchu,19
burropaleta,19
silverbunny,19
whitefolex,19
edimay,19
tonytapetasfm,19
zong_wumi,19
sakanaeroi,19
0fupera0,19
cabarts,19
aeromorpha380,19
bluezgooz,19
isthatweirdguy,19
greggrth,19
nauko,19
maybelsart,19
centrepede,19
rkrk12,19
jiansketch,19
yukomori,19
tuesdaylust,19
scampikek,19
jiaolong,19
oama_000,19
mocching_cat,19
shirovalen,19
kaddo,19
andersonchii,19
lunarstells,19
miike_akunai,19
boghog,19
deadslot4,19
panic_exc,19
azuumori,19
siru,19
himeraa,19
drunksdragon,19
gkvalhalla,19
marizoh_rm,19
unicornanuses,19
silbad,19
cotton_paws_(artist),19
bartstarter,19
hoo_(artist),19
junjomonstah,19
dxt91,19
stickly,19
murusun,19
maxbear8,19
damasco25,19
nathugar,19
anthony_loiacono,19
nuttymrgecky,19
katoshy,19
number3p,19
alicorn-without-horn,19
rossihype,19
neoscale,19
yushi_ketsalkoatl,19
angelanddevil,19
lazyphantasmagoria,19
xelius,19
banksy5057,19
wirepup65,19
chilliad,19
mustard_(artist),19
ookanyoufeelit,19
hameneko,19
pwinter48,19
jorane-aran,19
kelpaz,19
baizhu,19
chuchito72,19
edmiester,19
candlesstyx,19
coryanimations,19
konbon_art,19
alten,19
ozzy-wildwind,19
mark8may,19
yekongsky,19
cachorroamor,19
hughoftheskies,19
peachyowlnights,19
direphon_(artist),19
sherman_schmidt_never,19
pugums,19
cynocephaly,19
k_sujak,19
retrorayfloof,19
cavios,19
koboldcourier,19
kskillz,19
zync,19
nekosatsu,19
thirdstuff,19
harvettfox96,19
pelambrekawaii,19
emberdragon,19
genicecream,19
chris_monty,19
steel_snake,19
winemomicorn,19
ero_roxy,19
bugguydude,19
oworcestershire,19
1000punches,19
aaorin,19
shifty.imp,19
chartreuse_jack,19
grayteshrimp,19
c0d_piece,19
zebra_vz,19
karat.3l,19
nanaki777,19
ryandidindoome,19
bell_orgel,19
maurito,19
loporny,19
usingincognito,19
surik334,19
chirinuruwoo,19
regal_phantom,19
ranpan21,19
doggyaubrey,19
keymzx,19
kinker,19
zackthedraq,19
ghosty223,19
nanakusa_leo,19
miss_crex,19
c0baltturqu0ise,19
kedazar,19
dai0,19
satoshi_(pixiv),19
alepawski,19
wr_(pixiv),19
baddie_holly,19
divas,19
lukeskytera,19
ranksauce,19
pyrogatto,19
sanmamiya,19
lupin-quill,19
darqlugia,19
mxlovegopdng,19
bozobin,19
kenjo,19
psicarii,19
bearglyph,19
millle,19
yingcartoonman,19
arsi_tigrion,19
snail3n,19
alexvalyutin,19
luckyfur,19
nadjarelish,19
papyuuno,19
chillin_chillo,19
isana,19
smallboinoah,19
choppisama,19
dipx,19
loggus_doggus,19
mariam_hachmi,19
baddonut,19
ocsda,19
rye_muro,19
techfuzz,19
zestysauce04,19
camotinhio,19
birrrrrrrrb,19
jacobnines2,19
gooseberryjuice,19
disonti,19
dispia,19
yeaunganimation,19
watashiao,19
dauddalmata,19
shrunkengts,19
zafiro_rosso_(artist),19
lorejuniper,19
yamaimonoki,19
sh4d0w_(artist),19
gregorean,19
spacemvtt,19
cupnoodle_(artist),19
b3a5t70,19
hanapanda,19
swasbi,19
sdstash,19
codex_the_wolf,19
nervous_lotus,19
kaan_rawy,19
jundraws,19
bzoophobia,19
shanie_foxtrot,19
witte_konijn,19
demibido,19
unodostres123f,19
echodolls,19
doobus_goobus,19
nitsludge,19
okamura086,19
dzmaylon,19
rinrinwolf,19
bruno_liljefors,19
nyool_(artist),19
drag0nslayer10,19
basao,19
stupidretard,19
alphanox,19
itymnro,19
hostbaan,19
dzel_(artist),19
mae_ga_mienu,19
deliman,19
jondrethefurry,19
daoru-drawing,19
spider_strumpet,19
murderdrone69,19
missachan,19
gunshward,19
kattman,19
termitonny,19
val'dira,19
visckii,19
yanayaa_a,19
h.v.lukas,19
kalappoi,19
fioobsie,19
fluffybrownfox,19
candyproto,19
banguela,19
artkizu,19
reolixious,19
avhycch3x80kcue,19
cloterchohan,19
cwitchy,19
kawaneodymium,19
mywool,19
closetvoid,19
sadimure,19
test001,19
viccreates,19
fluffyorbiter,19
malarkey_(artist),19
ittybittiestpawz,19
saphypone,19
grizzlyjackart,19
lemoon,19
venusintimate,19
sandwich_grill,19
shleepdog,19
pumper,19
cris_art,19
carm3si,19
leapinllama,19
wdp66281167,19
sriel,19
batteredtea,19
destruction21,19
cclover,19
lishjer,19
maniacxvii,19
damned_baron,19
zeepheru_pone,19
cheerycide,19
zeka10000,19
sirdeeviant,19
slideshowart,19
xiyuecheng,19
thrashcub,19
alienaliart,19
stefvanian,19
electricjolt,19
ksstt,19
juglans_b612,19
my_wet_muffin,19
darkydoge,19
the-bound-bandit,19
darokho,19
hyenainfected,19
don_conej0,19
ziroverse,19
eron_varia,19
kyugata,19
disponito,19
beriellmoest,19
lilmousybianca,19
hornymitch,19
adingo11,19
mcfizzyd_(nuthead101),19
blackrabbitmi,19
grisouille_(artist),19
bloody_d,19
discordthequimera,19
goatuna,19
dottelk,19
vinni_(artist),19
abortishi,19
ginta751,19
zapaeryan,19
yagi_kiki,19
muds,19
kojoarts,19
hudiki,19
crystal_ice,19
sundownerart,19
tora026,19
joji_discord,19
tinyartgoblin,19
zestymangoart,19
rekku484,19
newsummoner,19
medwil,19
kayptid,19
ectomellow,19
kbondoxxa,19
krisfe,19
yosa8800,19
pumari,19
saputodraws,19
doosim,19
avealrykun,19
cocopyma,19
wasteroforange,19
kumatoron,19
sinniethecat,19
bigfictium,19
onlytouchfish,19
b12a,19
bolillo_werito,19
zamch,19
jettail,19
luckyway,19
nyanrawr,19
plusplus_pony,19
ab_rin,19
givemeapaw,19
muzza,19
oob_osk,19
adore_me_harai,19
tormiline,19
caravanvinci,19
petaltwinkle,19
roostermon,19
heyfawndue,19
akulaenaya,19
elementusmetta,19
thqr37,19
boutarou_rx_78,19
raitobimu,19
cumslutrobot,19
peachrot,19
dogeink,19
gabsanna,19
nebanan,19
scotik_productions,19
shinnammon,19
silveredeyesart,19
long_dinh,19
kneadsuru,19
steamjek,19
oosah,19
theobsidianvixen,19
madiwann,19
arco_(artist),19
henstonvennic,19
tortpics,19
sibaketsu,19
mintymold,19
plum000,19
king_slabu,19
hydraoka,19
goodyoshy,19
rx120,19
liquefiedram,19
crestdraggy,19
gigajule5_(artist),19
lucky_lantern,19
cyade,19
f3ralh3arts,19
dubstepbronyr34,19
melthoras_den,19
stophon,19
largebick,19
lucidnightmarezz,19
tokerutrash,19
tokalathefox,19
riddarna2,19
nannynonads,19
kittencrumb,19
itme_floofy,19
buttsharb,19
sleepyanemone,19
digitallis,19
sweetdull,19
desert_avenger,19
pandyno,19
chickenstrangler69,19
prince_leader,19
moogers,19
nuinu_17,19
zyumin,19
scottglass,19
zhorrito,19
etanolllll,19
chubbypuppies,19
laydai,19
dedepinel,19
copycatthemarten,19
luxsimius,19
lazulite_b,19
caixin_sanshijiu,19
abmayo,19
harbalarm,19
urisaba,19
flippy1302,19
yukigawa,19
carcupholder,19
sdmyplaces_(artist),19
blackmoralblack,19
artistakita,19
moesius,19
zhange,19
dragonmilktea,19
mightiezz,19
xvalkov,19
bronaai,19
kaynkayn,19
bristlebunnyart,19
persamona,19
vedtomd,19
jellykinz,19
skinnypepperoni,19
saucyh0t,19
xxxlordxxx,19
m0rt1337,19
averyunfunny,19
kino_takahashi,19
pippus,19
morsxine,19
nuncionull,19
evince-partaker,19
goodboytown,19
fredboidafanatic,19
berryjuuce,19
preg_horror,19
fortfoot,19
starburst_uwu,19
interstellarbay,19
bungu_man,19
mshk_s,19
machhk1,19
spinmajin,19
tiredtizzy,19
honeyfly,19
nalgueon,19
desolatedemise,19
to_hakuto,19
vanilla_whiskers,19
shrek_360_onionscope,19
ubecreamcake,19
himikohellhound,19
angelogoat666,19
k41bvtsv,19
joedrawings,19
flamingsanity,19
apr2019gatto,19
onbbs,19
alsius_arcticus,19
metsubo,19
fengyue680,19
lust_paladin,19
kittee_mortis,19
pressurepurse,19
ratxiao,19
nixu3d,19
chimekeeperderg_(artist),19
nikomeow,19
luelue,19
dragon_clits,19
dieselchar,19
monare,19
mechtal,19
slubxart,19
tianangredelao1,19
kradee,19
slavv0,19
samkit,19
timewornraccoon,19
nonassociatedidiot,19
plumpcognito,19
luvamisguilty,19
clownboo_art,19
kobold_dat,19
fox16art,19
dbbr,19
pmarshyy,19
miss_yelp,19
la_luxo,19
kevliwolf,19
hopeakiilto,19
g_bunn,19
shufflefur,19
bunbougu_ksgm,19
yubirb,19
shwazy_(artist),19
jetfluffed,19
denryuzel,19
redpillvevo,19
more_like_vora,19
salaciousships,19
hughhhh,19
sir_waska,19
vivi_ness,19
evvi,19
for3v3r,19
lornalla,19
masyu_ori,19
sugaredpet,19
rpentagram,19
mackdazzle,19
dragonnap,19
meesop,19
nat_autumnfall,19
rykeshrk,19
nyxberry,19
kemokemo030,19
edgeofmind,19
hassan_f50,19
venomraya,19
upiware,19
jennkor,19
kekuronoa,19
mrsnyawashi,19
ds_h0rn,19
luna_1,19
naughty_rexkuro,19
hino_kara,19
foxeslovecake,19
notnasty,19
drowsypomch,19
prs0da,19
neko_redwing,19
mrrmonsterr600,19
daky_kainy,19
sin'twais,19
vlkosarek,19
achi1,19
kameko_yux,19
office_depot_(artist),19
oddlypolygonalpittie,19
gfreak,19
joelanimation,19
crystaltaco7,19
a_jnsfw,19
zloi.pirog,19
yyang_gg,19
ebanne,19
slushiedoggie,19
stanktank,19
yeenkey,19
drexelfur,19
worldofpaint,19
indisposedfigure,19
pichu-kun,19
filthy_nat_127,19
weirdofunzone,19
ohdeeriemay,19
deadsector,19
yulsbolts,19
demagabarega,19
aliendogfreak,19
fuzu_art,19
nickylag,19
korilov,19
luznolindo,19
mopple,19
ionwing,19
kavdragun,19
secretpup,19
jammyjars,19
cuddleknots,19
krockyanimations,19
bnm6517,19
marymorg18,19
nine_lives_art,19
canis_anus,19
creamdogyuhan,19
karmanic_mizery,19
gamekun,19
popfulblue,19
jxwankel,19
skyslicer824,19
pochiiwa,19
wolfyakuga,19
jop,19
nikolinni,19
mecha_lewd,19
thatrabiddog,19
slimygooper,19
badbitch_bidoof,19
fszer0,19
mochi_buns,19
sebtoons,19
malachhamavet,19
reeneeafterhours,19
gupartz,19
the_dawner,19
qiya,19
arcticchilifries,19
serak_claw,19
phantrieux,19
kalekit,19
jeeshai,19
weeth,19
stillinthesimulation,19
bigtrog84,19
xeloartz,19
parasytal,19
asahi_haru_v,19
resnux,19
kitty_love,19
shavka01,19
theindy6900,19
luigidoesathing,19
gatinhoenfermeiro,19
zipkael,19
jobalchan,19
redhazard,19
sainty,19
sharline,19
dayteghoul,19
maku4es,19
sleepyautism,19
tide_wolfia,19
edgec,19
miuyki,19
miu_leen,19
nefmau,19
ryuusin_(artist),19
nairono,19
crissyac,19
vyxella,19
mcshmoodle,19
carnesofrita,19
sonat,19
rukoqen,19
yasutak1192,19
ioda,19
just_dryvern,19
warth,19
mr_bubba,19
accurateaction,19
fskindness,19
kfkgot7ig2r5265,19
mrdirtandgrime,19
weirdenned,19
dumblizard97,19
racumbr,19
lutheshinything,19
xenomir,19
dream_maker810,19
maud_earl,19
pandogbutt,19
redots,19
tsuyito,19
murchie,19
4pie,19
rukawa_oshiri,19
zyrapure,19
zfka,19
flyinurfries,19
kranlax_karasu,19
mayhemtown,19
accadurosoce,19
iller,18
filthy_animal,18
bot,18
sambakza,18
takla,18
mca_jabberwocky,18
rose_moonfeather,18
rindimo,18
bradydalton,18
pissy_badger,18
el_muzzle_rover,18
midnightdraven,18
woot,18
abelard,18
scheriff,18
waccoon,18
koume_keito,18
beowulf,18
akira666,18
cho,18
straycat,18
stumpy,18
rebis,18
nobody_in_particular,18
yakibuta,18
zareonianwolf,18
trowelhands,18
alsem,18
j.w._kennedy,18
midna01,18
nitzleplick,18
satomi,18
mimic_(artist),18
stellos,18
darkspeeds,18
bayson,18
beefeater,18
uta-inu,18
mizers,18
k12,18
target_(artist),18
hukoshi,18
ditb,18
watou12,18
prawst,18
lykanthrope,18
zach_weiner,18
kekai_kotaki,18
vailwolf,18
asuraludu,18
amanda_amada,18
twiggy,18
alan_foreman,18
spiritofthwwolf,18
posallion,18
adept-ex,18
flamingo1986,18
calbeck,18
tagane,18
ganton3,18
zoe-chan,18
braukoly,18
yikomega,18
thelivingmachine02,18
latte_(artist),18
smidgefish,18
sax,18
nimaru,18
damagefox,18
kaihlan,18
flops,18
brokenteapot,18
nonja,18
queen_of_spew,18
animarie_toons,18
yudhaikeledai,18
delstimpson,18
xxzerkkandragonxx,18
p_(artist),18
artistafrustrado,18
darthtater342,18
lew-legend,18
garrett_hanna,18
zet13,18
lilmissbunbun,18
extrart,18
iflops,18
linepaperbitches!,18
anthrootterperson,18
ben-ben,18
padmenvy,18
kenailykos,18
espy,18
nyarmarr,18
coca,18
jackthespartan,18
montezuma_(artist),18
gustave_dore,18
dltoon,18
memox,18
artizek,18
mcic,18
sysygy,18
sarah_furry,18
alex_hiro,18
vermeilbird,18
cachomon,18
darkkoushirou,18
zeiram0034,18
fengzhou,18
tacodebeef,18
guyfuy,18
trinityinyang,18
vombavr,18
abx50,18
yutari,18
foxy-noxy,18
metal-head-rush,18
carmelpony,18
hemo,18
dishwasher1910,18
butter-t,18
rome_(artist),18
moaja,18
deeriojim,18
candel,18
simx,18
omega256,18
arkeis-pokemon,18
icebreak23,18
privatepomegranate,18
magicalzombie,18
plushtail,18
dragonichigo,18
shibi,18
orange.slice,18
valerok,18
exto,18
brokensoul,18
maritan,18
tpf1990,18
shinazuka,18
chalkbunny,18
livesmutanon,18
kuro_(kuronell),18
oclao,18
jzerosk,18
mohuten,18
slickfox,18
thechamba,18
illogical-dreams,18
catti,18
mindwipe,18
andrewryanart,18
kat_(artist),18
famfrit,18
saurgon,18
fixxxer,18
jd86,18
gorrister,18
rulion,18
chryseum,18
imnotsue,18
michellka,18
strachinthesack,18
black-phoenix,18
mistersfm,18
rinnik,18
skyriderplus,18
gasscuss,18
odes,18
freelancer89,18
shryland,18
nukafoxy3,18
toraji,18
the-smiling-pony,18
darkrainbowdragon,18
snorgastic,18
tabusa,18
zizi_(zz22),18
kumiko_(aleron),18
mackeygraphics,18
cheezedoodle96,18
vwhiskers,18
sand-filled-scarecrow,18
pandyland,18
vide,18
clawsofslash,18
terupancake,18
vitalis,18
cheche,18
puddomega,18
grillofernandez,18
autumnbramble,18
hybridance,18
nitronic,18
kadeathnas,18
silvershadowheart,18
nitrile,18
nuttyporntastic,18
aditimalal,18
rolling_thunder,18
fire-penguin-disco-panda,18
slashy_slashy,18
kobi94,18
34qucker,18
somnax,18
sou,18
nadialycaon,18
demorgorgon,18
ghost-pepper,18
yorunoko,18
j5a4,18
dauxycheeks,18
rozeypozey,18
jrtmrx,18
snowdon,18
fenneklns,18
trainerselva,18
the_koopa_trooper,18
poneebutz,18
kalechip,18
naniwadou,18
cc_(artist),18
pasteldaemon,18
cozy_(artist),18
dreadcoffins,18
bayth,18
cyberkitt,18
japes,18
astral_seven,18
kenkou,18
soup-erb,18
redflingfox,18
krustscrub,18
drmyro,18
sparkscut,18
jaykuma,18
medaka_ken'ichi,18
sagorashi,18
po_ni,18
dashraptor,18
bold-n-brash,18
nino5571_(artist),18
h.komaki,18
caschfatal,18
bluepanda,18
kazen101,18
lookbacktofour_(artist),18
ed_shapeshifter,18
mellowhen,18
won7373kr,18
venturesofthevashizzle,18
nethgoorat,18
catnippackets,18
mordu,18
ponpokora,18
voidirium,18
lander-laon,18
nelsha_(artist),18
marblerabbitworld,18
signet,18
havick_(artist),18
kittydoki,18
artisan-garden,18
khass,18
shrubsparrow_(artist),18
fudgy_fart,18
shijima,18
herobrine98,18
tsumetoro,18
darkalex,18
craftsman,18
nismyfform,18
mike12,18
alcatras45,18
berrypowder,18
arung98,18
lewdtale,18
kingdomblade,18
kuwi,18
yookey,18
jia,18
dragocorn,18
anonymousinvader24,18
torahime,18
jezmm,18
hiraki_(artist),18
shadow-gate,18
wintergreene,18
colourbellystuff_(artist),18
roodkat,18
humantrashmachine,18
mctiddies,18
majorpiece,18
unagiga,18
mirtrud,18
fortunatafox,18
iheart7968,18
prydri,18
matt_herms,18
kirchen,18
tapiokaauwaaaaa,18
rexin,18
ragemasher,18
cryophase,18
kooskia_(artist),18
boobdollz,18
zaribot,18
sannamy,18
saberghatz,18
toka_(artist),18
derracias-35,18
fraya.diblidu,18
alphaws,18
bondofox_(artist),18
ltamerica,18
charlie-spaice-doggy,18
oxocandykissesoxo,18
avalugg_(artist),18
vaxen12,18
admiralnutbar,18
rubydusk,18
synfull,18
juan_atoq,18
neru,18
skogi,18
squishfox,18
lynxette,18
grasmann,18
malcus_pine,18
nuwa_a_a_a,18
monochroact,18
squeakydweeb,18
harecandy,18
protaktyn,18
xxedge,18
furx_(artist),18
flakjackal,18
akainu7,18
spacemanspiff37,18
benzbt,18
gomapurin,18
phanto-katt,18
potionaholic,18
rah-kisara,18
hunmut,18
burnrice8,18
marzipanrose,18
goopbloop,18
negablind,18
codymcdowd,18
kevin_j_taylor,18
kinix,18
honeyfox,18
booklesslibrary,18
moopy,18
doodlewill,18
otonaru_(artist),18
tartsarts,18
bean_koma,18
jioxsae,18
chi_tiu,18
hdoomguy,18
melancollie,18
rainbowfoxy,18
lenbasisky,18
drayventhal,18
nicotine-mayhem,18
kanookies,18
mechslip,18
sansaka_saku,18
fapdragon69_(artist),18
lansane,18
zalupa,18
ikiyok,18
lissatoons,18
hozorak,18
loyaldis,18
singedrac,18
atenebris,18
templado,18
albinoraven666fanart,18
twobey,18
karras,18
deepstroke,18
vicoon,18
ramchi,18
hungrycrow,18
tinynasties_(artist),18
sergeantdraenei,18
pterro,18
angelicmissmarie,18
hoshiko,18
jumell,18
aldrichredon,18
2.doe,18
montyth,18
misfortunate-rai,18
the-urocyon,18
hyanna-natsu,18
swootydoo,18
vagabondwolves,18
andrea_boscolo,18
onioneyedgoat,18
eurikagray,18
blazewing117,18
jobbythehong,18
beezlejuice,18
beeartist,18
murkey,18
deltauraart,18
argeshka,18
gummybanana,18
midmud,18
aerithsnakey,18
ion7,18
komilk,18
tetsu_kiri,18
yanutorie,18
tsukuda_0018,18
freekilli,18
balpanther,18
mitokon_dorian,18
capuccinichan,18
tahgoomy,18
whistleglass,18
hiroshi_wac,18
kid-suburbia,18
atypi,18
loretofaron,18
masa20washi,18
mommafrederika,18
cerdiplex,18
ken_lopez,18
arthur_suydam,18
dave_elliott,18
jeff_johnson,18
torqueemup,18
otesei,18
be_kon_box,18
ryxinel,18
mrblack1986,18
valentine_eisenberg,18
lazyprocrastinator,18
shikoku_(artist),18
nanostar,18
shir0anko,18
spideyhog,18
eproc-the-philius,18
tango_gao,18
crimsonwolf1902,18
xael_the_artist,18
leobanana,18
riskysquid,18
sharonkos,18
akkcre,18
kemonononono,18
polar_shock,18
eko.,18
khatoblepas,18
koiffu,18
vagelio,18
7jq3cm79rx6otm1,18
dibeyku,18
nekololisama,18
beetleback,18
mezmaroon,18
bernbirk,18
pepegle,18
flurfuchs,18
afoxens,18
reycovert,18
succu-pie,18
that1cactus,18
boardom,18
togalay,18
sixfault,18
vanderdeer,18
kzlion,18
konam-wolf,18
berubeswagos,18
starkova,18
tharsisgoat,18
kartokoi,18
musouduki,18
asesimio,18
mknskhnbs,18
corneuscorn,18
kakitsubata0510,18
relictravor,18
porniky,18
famir_(artist),18
fofl,18
dv0r,18
gooeygaster,18
theblueneon,18
aumy_wani,18
netto-painter,18
onebchan,18
xeo_snow,18
murphythebat,18
yaman,18
amateru_kai,18
naelstrof,18
96nezumi12,18
parodypunk,18
rayray_wolfie,18
bolthouse,18
vonzent,18
tangdroid,18
sirufi,18
mario-reg,18
ardham,18
sponder,18
dbz_kz_(artist),18
argylefricker,18
sergal_gustaf7,18
litmus2,18
komanokura,18
vashey,18
alfas,18
zoryan,18
thespeedyraisin,18
strawberry_saal,18
abbihors,18
dearfox,18
mrlynxiee,18
booficent,18
darkbraixen,18
demonlorddante,18
savarin_draws,18
gotalex,18
dracowars,18
gatgat,18
caryfurry,18
eneeku,18
whooosaku,18
zhid13arts,18
smartaldebaran,18
philljonskimax,18
raydenryu_(artist),18
bepse,18
tikki-hiko,18
rodan_r18,18
swordjaxa,18
moonhoek,18
!!_(artist),18
szeroart,18
cockyroaches,18
wonka_(artist),18
thatguyssins,18
xeddo,18
whosadaman,18
01phoenix01,18
unknownlewder,18
roymanx,18
kachikomi,18
mysterycrab,18
honi-san,18
mamesi-ii,18
salmon88,18
ettone,18
kizzneth_(artist),18
kronguss,18
reindead,18
dearonnus,18
sinfulline,18
barry_0_7,18
philtomato,18
mamaminxmeat,18
mo_ne,18
toby_the_ghost,18
teijiro,18
rohansart,18
cementovercoat,18
gigatiger,18
renta,18
dwcmarshalarts,18
thescorchingdragon,18
koiicho,18
gigiolliwilli,18
t6ktal,18
mecharoar,18
zombie_ernie,18
qualonhive,18
pear_duchess,18
matt838,18
spicysaturns,18
yibsy,18
breadnwine,18
fullforceural,18
loodlenoodleart,18
hauntingexercise,18
reeseikena_(artist),18
pownlown,18
robishi,18
awkn_arts,18
yukayuu,18
fawxen,18
redruin01,18
maple926,18
twilo,18
mokaityv,18
takochinki,18
cherryfox,18
foxyart,18
moebell,18
ashi_ton,18
heather0feather,18
xttttd,18
wsman,18
mossyhuldra,18
gaomon-sensei,18
varrio10,18
reylobo,18
kokushiki,18
misterfyrryman,18
g-elric,18
squireash,18
toastiparty,18
fay_feline,18
bobcatt,18
harvestman_here,18
oktomato,18
kttsunne,18
rozokami,18
modestwold,18
zaytha,18
ponker,18
cottontailjack,18
idorere,18
sasha_demogorgon,18
buruukoori,18
nostalgicrogue,18
lapizacuario,18
ralohsarts,18
xripy,18
dodo_mpa,18
souryu-7,18
hornyzhopa,18
slity,18
sapphiix,18
drimmo,18
cloud8doesstuff,18
powrshield,18
esszx,18
rukuria,18
henryjdoe,18
ac_doodlebot,18
saucewetdream,18
sheepfloof,18
kyaptainkiddo,18
mattbyles,18
riskyribs,18
degener4te,18
kanon_(148bpm),18
briefthief,18
deadmann,18
uya_kyo,18
kookiesz,18
rendoas,18
shimawolf,18
midiroo,18
shizumei_608,18
jasonsmile,18
cartoonfan402,18
qtippywastaken,18
king-owl,18
oujuo,18
stookybum,18
kimino_freewings,18
mahorang,18
ett01024,18
axolewdl,18
kochack,18
softnesspoint,18
xviizentrix,18
soraime_the_questionable,18
terrytigear,18
akuzaguy,18
momodesugart,18
memphis_tigre,18
v.i.r.i.d.i,18
splatcum,18
applehot,18
novadoesart,18
ohmagaz,18
bk_sat(artist),18
rkzrok,18
nan_nan_yakamoto_(artist),18
demokratis,18
hasout_b,18
dkmate1,18
mutsuju,18
nasheru,18
aramyx,18
sanble,18
sadgravy,18
yoruunsfw,18
ssaammeett_(artist),18
elponda,18
naudak,18
srxnico97,18
kyou_039,18
laki_and_sleepy,18
acuwacu,18
griseo,18
nollemist,18
waschbar,18
ryburry,18
thescripter,18
xbabymoondrop,18
syakekuro,18
megabait_(artist),18
sukala-ap,18
xiao_hao_er,18
j-and-b,18
yukipuppo,18
thekitsunegamer,18
pumpkinsmut,18
ferroth,18
warmspaceman,18
nuebark,18
draakae,18
pearly_artist,18
gharug,18
ayemev,18
mokhadesign,18
syst3264,18
you_yu_kongkong,18
bonbonkun15,18
anarchoshark,18
maheike,18
monsterdude15,18
mashhpotatoes,18
ghostmussa_(artist),18
yarart,18
wmekzya,18
reomm,18
rickpenman,18
megoko,18
lewdtant,18
analqueen,18
papillaeci,18
moohanky,18
mrlamanstin,18
analog_worm,18
afterhoursmocha,18
mrdu3,18
chunkazoid,18
extrachunkthis,18
ahonobo,18
allveryhushhush,18
lewddragons,18
ensus,18
terubby,18
kakuillustrate,18
rhythmicbeast,18
cynicaljackfish,18
vektorthedrakat(artist),18
nyhil_rex,18
nyamoriri,18
akcar,18
xenophile072,18
stewsspicyblog,18
krowkwill,18
napkinthief,18
radical_moderate,18
10hwan,18
rocketwolfy,18
synthsparkle,18
an'pang,18
kitechka,18
dragonstar731,18
junxiong_0814,18
sayuupi,18
playyfox,18
zxxxarts,18
madmanransom,18
maroon_(artist),18
kopa_nishikida,18
poweredbygif,18
dearhotglues,18
sylvertears,18
callnsfw,18
pussypepper,18
rivalmit,18
maziurek,18
maplefox,18
ghostmer,18
censlas,18
altrix3d,18
marrrtsi,18
leogcady,18
c4d_max,18
tanean,18
toodiedoodles,18
volcano-kaiser,18
rnohitodayo,18
one_oneyyy,18
alexcherubic,18
lipeuwu,18
fluffywuffy,18
samsara,18
cinnamon6,18
feljerx,18
jesterpi_(artist),18
bearpistol,18
hachi_pachi,18
oboroge_chan,18
granny_fricker,18
elena_mihailovna,18
shadeominus,18
charrynsfw,18
utochkag,18
weepeeman1,18
riuzzaki,18
puppytheshark,18
miaugames21,18
dbleki,18
hazed,18
stinkworm,18
kenahri,18
kimoppo,18
oldsoup,18
shelbyyorda,18
lyda_(artist),18
sawavhs,18
troglor_(artist),18
michalinovic,18
rrquem,18
jax_cottontail,18
droopie,18
miroughneck_(porto),18
restfield,18
cannedtaco,18
mimilinkina,18
third-degree_apathy,18
kiwu,18
tawzy,18
cynrot,18
acid_(artist),18
cwdwcwdw,18
akada,18
lycandeep,18
masterinh0,18
blaueseele,18
tanglefox,18
stormiehills,18
taniwah,18
necro_lorr,18
dashintrash,18
astralgloom,18
el_jyjys,18
bea_beartrap,18
milarvozmido,18
mr.r1n,18
nanihoo,18
pikachert,18
01coil,18
daharart,18
snepard,18
princekace,18
pupa15078,18
osichi,18
mamamouf,18
thysanodes,18
mrwoods,18
mullmull,18
somekindajackal,18
linndrim,18
thefloofdragon,18
turian_anatomy,18
secondserval,18
lydakrill,18
aokushan,18
jopuari_(artist),18
heartludwig,18
sinilla,18
silentzound,18
drcustom,18
olidre,18
dog-1,18
metalbelphegor,18
brochion,18
ghastlypann,18
helluva_venti,18
xleb0rezka,18
m4rjinn,18
lazyh,18
lestor_siv,18
hideplys,18
goomogudra,18
subshib,18
kopeni_ko,18
texalunax,18
octinalu,18
juki.,18
coooky,18
batteryacid6969,18
bluebutterz,18
niicmunter,18
tusk_nx,18
jope_pame,18
jun_j9_(artist),18
alfavition,18
slurp_(artist),18
ni_hao_nyannyan,18
blackheartwolf,18
shadowuwu,18
rebelminder,18
undead_l10n,18
lb_aventadors,18
zarckets,18
foxypheonix,18
moonpearl,18
ratapampergator,18
jellystar,18
zennilad,18
onikik,18
xvifnaf,18
fluffy_peryton,18
roysartworks,18
lirart,18
verbenaowo,18
khangakhai,18
g0reskin,18
maruru,18
madbrainarts,18
beatchupichu,18
nukkir,18
yasi_dip,18
aredvulpera,18
in_pnj,18
01chairat,18
nietvart,18
chachan_(artist),18
gagaxkon,18
kjh_22,18
skullse-mi,18
pearlasaurus,18
pyongtao_(artist),18
clownnoises,18
princess_joanne,18
crydogg,18
sygnatus,18
jimmyfluffy,18
meeprs,18
kapybara,18
eggstazzy,18
sparklegoosy,18
g_bow,18
jyuuzai,18
xcosmicfetishx,18
grubskull,18
scarletstar_23,18
jelzyart,18
x1x_riptide,18
glubdub,18
lopunana,18
moth_monarch,18
chekrep102,18
endelthepegasus,18
roffauwu,18
p4wsized,18
gwen_the_hyena,18
paperbagnsfw,18
campury,18
glooz,18
dst-mk2,18
abbirabbit,18
chipst3r,18
fivespot,18
rowancrimes,18
niterra,18
tmim,18
dem0npaws,18
amani_the_shaman,18
funnykilling_(artist),18
zero_087,18
lostnptr,18
garunsfw,18
jenny_breaker,18
yamatek_(artist),18
rahitoshi,18
toyslasher,18
lemonlordvenom,18
ka-50blackshark,18
ariluo,18
shibarot,18
harontora,18
h-fav,18
mikkamao,18
ikachangenema,18
oanju,18
who_corals,18
kohiitiimo,18
aster_greentea,18
blac_jackel666,18
rhainbowmetall,18
alterkyon,18
conduitcore,18
tetrastrix,18
nhymm_hundha,18
gwahhh,18
kibacreations,18
renceifer,18
xtatoto,18
ragsty_towel,18
alisonandhope,18
galgano,18
smocky,18
t3ddyb3ar,18
7ps-points,18
executableabby,18
fravoccado,18
demon_furray,18
furcollectibles_store,18
ralftheralfman,18
mayumibeans,18
1suke,18
sandbag_(artist),18
odditiesmaybe,18
heromule,18
an_vo,18
sir_z045,18
okojogairu,18
erintheorca,18
paul_linsley,18
t0byinthesky,18
fishiru,18
cravingsfree,18
korizen,18
sakutair,18
juggler_(artist),18
knottynaughty,18
xxxiangout,18
cybertoxin,18
cartoonyshepherdnsfw,18
niki_zelda,18
eanic8,18
neptunesco,18
welden_(artist),18
spacedragonstyle_(artist),18
thatcreamcat,18
bighurso,18
jaypuppy,18
skipper_katt,18
optical_96,18
izukuri,18
yoshua_russo,18
kirlia_furtive,18
purpur202,18
flamboyantone,18
gothgator0,18
therealgazmanx,18
alexis-01,18
hydr4nge4,18
mearns,18
sykonejo,18
allsass,18
insomniacpen,18
ultimatepokemorphs,18
penmark25!,18
markabsolgold,18
aubreysky,18
icepoolasteroid02,18
makowadibuja,18
bagungie,18
rjfox,18
karamsina,18
hamu_(artist),18
schmekel,18
milkblend,18
c1a3,18
onlyathrowaway,18
kibichi,18
sludgecentric,18
yamamoto_doujin,18
youdelightful,18
dnrlrl,18
lymilark,18
thighhighpaws,18
ctgiantess,18
vibingbeast,18
erik_rouges_(artist),18
gvellav,18
fenillavee,18
momocat,18
strayrozerem,18
otinton014,18
sneasul,18
4cus95,18
n0ll,18
serafim6394,18
gooeydragonz,18
loouuiee,18
xcytilinsk,18
just_another_one,18
johnnyandbemmy,18
marimosgoldfish,18
enfornication,18
zh7,18
boui,18
zancu,18
thegaypossum,18
pimpwalker1,18
srapolowo,18
aurabutt,18
cowne,18
cxlinray,18
pallav_the_tiger,18
chaotic_eclipse,18
domanceeo_dum,18
poltergaist10,18
hjortar,18
alexdewolf,18
ollofur,18
cry_909,18
intercato,18
thiccburger,18
braindeadkara,18
mrpawpaw,18
joviankenpo,18
mejeeeehhh,18
himokone,18
jhonnytimber,18
fullmetaljax,18
kzo_arts,18
forebodingart,18
cobramelon,18
iljajop,18
asado,18
vbadcatt,18
isaac_(artist),18
oapakorgs,18
rixyon,18
rubin_owl,18
kimerax,18
marodraws,18
tapiruu,18
mary_windswift,18
secretbits,18
96g6_co,18
eiffia,18
wirwik,18
takamura,18
wept_mac,18
terayama,18
chuchujello,18
robogenko,18
smokeyrooster,18
b.erci.k,18
charge_sol,18
sudonoun,18
starrmutt,18
waidan_kai_(artist),18
durichey,18
lin1435489_(artist),18
boneapplebee,18
tyrokirex,18
mrdoctorpuddin,18
elcastorblanco,18
oscarvornm,18
marianart_1,18
sylvewithglases,18
hakuryuorion,18
pulsefailure,18
yellowhighlite,18
ruukiindosfm,18
amylith,18
biffa,18
mortislovestar,18
blueparikeet,18
thatsubaruu,18
lasagnabox,18
hearthfox,18
leashedweasels,18
charkin'schamber,18
graemcnuggets,18
iamzavix,18
meat_447,18
sea_light_and_night,18
superbutterscotch,18
jopika,18
bonze,18
lebibien,18
typhslut,18
miniraaaa,18
deinovolt,18
d272,18
bbawua,18
hurai_(artist),18
mrbubbleznsfw,18
fattybread,18
botterbassard,18
pinkm45k,18
milanethedeer,18
takoya_de,18
tailtax,18
ncproductions,18
camocayenne,18
polymori,18
mskate,18
darkoh,18
danniel,18
tetongu_(144560),18
ozzyishere3,18
drenia,18
berryofmalice,18
night_shifter,18
rigbylaveur,18
breeziebrie,18
tasuku13,18
chameleonice,18
chesterfern,18
pecckart,18
yagi_tany,18
hyperfreakfem,18
bleepfivetimesif,18
loglord142,18
lumiwah,18
shug889,18
outofnecessity,18
hye_124,18
bloodyhetman,18
illkillux2,18
crookedcrow,18
plurralluv,18
car_man,18
ongari,18
crispypurr,18
foxand,18
ozadene,18
awolfwithglasses,18
chichichoart,18
fighting_pollywog_team,18
flabfat,18
obscureaccretion,18
downsstream_(artist),18
spookicookiebox,18
enyuskii,18
samuten,18
intaneloid,18
hhhh_0103,18
doomlazy27,18
sinerliin,18
fabulousmare,18
sanseon1,18
kyroshiba,18
ls404,18
wasawasa,18
sonnyd61,18
prisonsong03,18
cozmowarrior,18
kaawa,18
chisana_rakta,18
wotter_bottle_(artist),18
smokingfoxart,18
haymakerartworks,18
parrots_kiss,18
k3v1wolf,18
pinkurii,18
cr4ckh34d,18
mmaj7,18
legallypuppy,18
thezharu,18
deazend,18
bettokappa,18
onoono,18
shard3d,18
star_peddler,18
prekupre,18
a.o.kigahara_(artist),18
mdcackle,18
browncatfe,18
vaspi,18
meowdragon,18
roostercocke,18
olliecomics,18
etor3cart,18
fenton-blitzgerald,18
drakorg,18
juwu,18
badgerboss,18
ogtamarindo,18
kaioat,18
nindex,18
sati_kurosawa,18
lighthouseheat,18
itsserinafox,18
tokoboo,18
rosite,18
ohmeowgerd,18
cross_0315,18
buncow,18
rikiya,18
kaewhy,18
pnklopunny,18
parkerdude999,18
michele_garzia,18
timuron,18
fuun,17
khoo_fuk_lung,17
vulpeschild,17
dingoroo,17
pey,17
qmelon,17
kenuky,17
kev_walker,17
taka,17
artwolfe,17
desiree,17
vrass,17
satyq,17
spacefoxy,17
d_(artist),17
oka_takeshi,17
guardianmoose,17
narc,17
randall_munroe,17
0g0p0g0,17
nextstep,17
kaia_bloodrave,17
zenithfoxie,17
mrmongoose,17
the_worst_unicorn,17
chouboy,17
heatseeker,17
survion,17
senura,17
moose_bmd,17
pan_hesekiel_shiroi,17
ruth-tay,17
orthan,17
blackdiaraikia,17
atomic_bomb,17
futaro,17
eevachu,17
dersheltie,17
coda,17
garurykai,17
sirboss,17
coelasquid,17
upwards,17
snowmoonstone,17
corgeh,17
suicide_furs,17
ocelotfire,17
sssilver,17
fujy50,17
olivia_de_berardinis,17
malmad,17
cmdr-a,17
genesisw,17
crows,17
c3rmen,17
kunaike,17
scruffytoto,17
mikuhoshi,17
shutterflye,17
ratwell,17
shineymagic,17
doncorneo,17
musapan,17
lushvale,17
kyzarius,17
wasd999,17
tsubasa,17
graffitidragon,17
brightchimeradragon,17
antarctic_coral,17
foxmaster5,17
girgrunny,17
anarchity,17
jjfrenchie,17
zulana,17
dawnallies,17
rcj1418,17
lanmana,17
akreon,17
missnips,17
jazzthetiger,17
blaion,17
tomotsuka_haruomi,17
cuteemmy,17
strawberryloveu,17
stasya_sher,17
uroboros_lichi,17
tjk,17
nuthouse,17
vardastouch,17
rob_rios,17
soulspade,17
whitestar1802,17
ceegee,17
rom-art,17
wolvindra,17
seidouryu,17
caffeinerabbit,17
killjoy08,17
2ch.so,17
aaru_(tenrake_chaya),17
chris_allan,17
sapph,17
dashaloo,17
xenosaga428,17
kvernikovskiy,17
tobibrocki,17
3dgspot,17
glop,17
yutanpoko,17
helioture,17
wolframclaws,17
freespirit59,17
zsparkonequus,17
yoshiman1118,17
xn-dragon,17
jupiterfox,17
dodome-iro_mayonnaise,17
catfood-mcfly,17
paprika_shikiso,17
kaprikaaz,17
coppahhead,17
xtrasis,17
tzc,17
jarpanda,17
ween,17
aru-wai-o,17
whitecat-blackcat,17
kikerodz,17
blooper_(artist),17
celestias_servant_interview,17
ifthemainecoon,17
poco,17
mevisto,17
jim-medic-dude,17
baddemona,17
leman,17
inkfall,17
iamthemisukitty,17
swirlything,17
orionm,17
zavir,17
dakkar107,17
derose,17
eligecos,17
insanitylittlered,17
brutamod,17
true-artist-mas,17
wingston,17
wuffs,17
inctastic,17
idrewthis,17
jesper_ejsing,17
lucas_graciano,17
modestgliscor,17
sabtastic,17
slawomir_maniak,17
monstrenoir,17
chiakitasso,17
zaos_(artist),17
bbs_drawings,17
meershroom,17
lupesilverwind,17
katekawetha,17
kajari,17
kernhd,17
cumeoart,17
wizardglitter,17
dirty-wolf,17
solgryn,17
red_note,17
rottenorange,17
vixin_mccloud,17
mavel,17
zilch,17
gigapon,17
caleblloyd,17
hwmidu378,17
ibuki_notsu,17
nori-3,17
sheru,17
kototani_kaiki,17
bashko,17
clockwork-caribou,17
kazuma_muramasa,17
aliasred,17
yokomasho,17
jinnosound,17
shou,17
sputnik_(artist),17
bluepencilpony,17
kory_(artist),17
fawnix,17
felice-chan,17
ramthedragon,17
ivorylace,17
wolfe2150,17
tor@,17
arianfis,17
dragibuz,17
fazzer12,17
krucification,17
clippypony,17
datblangry,17
spontaneousfred,17
mbc,17
yukimaru_(artist),17
citrusification,17
gscot,17
deyogee,17
peach_ring,17
spazer86,17
squiggalaimon,17
psarius,17
mistrel-fox,17
sovietcatparty,17
harimog-dragon,17
knrin,17
impiccato,17
alchemical,17
jovial,17
zicaneborgen,17
geegeet,17
chesare,17
watermystic277,17
laurlaur,17
121gigawatts,17
eente,17
zombitrix,17
gmodpon-e,17
mewitti,17
kikuro,17
certifiedanal,17
iliketurtles65,17
akatsuki_no_guuru,17
greenpaw,17
retl_(artist),17
xl_swat,17
popporunga,17
luigil,17
starspangledbanger,17
kiyorakachi,17
nephlite,17
carnivate,17
shintei,17
kittery,17
forestfright,17
liefeldianabomination,17
kien-biu,17
bawleon,17
opals,17
fujiyama,17
xuliang,17
kawarayane,17
utagawa_kuniyoshi,17
wickedjuti,17
foxlite,17
tredlocity,17
clei0te,17
zukicure5gogo,17
deimos-remus,17
vladiverse,17
sucaciic,17
poch4n,17
eveara,17
bebetterbop,17
telltale-sheriff,17
carny,17
saberkung,17
drag01,17
imdrunkontea,17
duckydeathly,17
bunkakke,17
gerard_manesworth,17
kukku_kuu,17
lethargicdeer,17
riisuu,17
もん太,17
pd,17
anadapta,17
taphen,17
rider117,17
pokebreeder,17
awrrrq,17
aelyx,17
missthunderkin,17
aesirfeather,17
slyblue7,17
avsaroke,17
cloudxmoe,17
jenklinbullterrier_(artist),17
ryulabo,17
embermint,17
unusualsombrero,17
mrmapolomi,17
vin4art,17
lythweird,17
x_no_na_x,17
foxisource,17
cloppy_hooves,17
kallenz,17
dudios,17
sinsmonster,17
walkingmelonsaaa,17
medrifogmatio,17
kxxxta,17
kingtoby19_(artist),17
ghostdonut,17
84akuma,17
jeroba_(artist),17
bones-n-boners,17
izayoi_16,17
snitch_(artist),17
mightyena2010,17
mokuzu,17
master-rainbow,17
appledipz,17
redmiles,17
denotec,17
lewdsona,17
daef,17
rese_y.,17
sendraxmon,17
intven96,17
lonelymonster,17
sl4gg,17
wiwolf,17
colaxpepsi,17
trile,17
conscious-aberration,17
androgymess,17
remyl,17
mysq,17
kloudraws,17
zalgo_(artist),17
devil-v,17
bughemoth,17
crowarian,17
dave_canine,17
nazorad,17
sent33,17
doublebite_(artist),17
dagmell,17
herzspalter,17
ratuta_(artist),17
schmuck,17
touhoufan,17
lustaking,17
hardcorecandystore,17
dareddakka,17
kendall_collins,17
foxyruby,17
g-raven,17
kogar_tg,17
venomoussausage,17
darkanine121212,17
z_j1341,17
solitaryscribbles,17
banished_(artist),17
pokeartmaster95,17
isono,17
tuskforce,17
love_freak,17
blackggggum,17
ekumaru,17
megablack0x,17
evilenchantress,17
wyrmly,17
viardzen,17
abababab,17
nicksfurry,17
xotjr257,17
starkiller,17
pigutao,17
lexidoll,17
austen_mengler,17
kpvt,17
mikan_gyuunyuu,17
scones_(artist),17
773mimisuke,17
beaf,17
kazmaru31,17
ed_farcevol,17
laudanumserum,17
watchoutfordragons,17
risenshiney,17
sereneandsilent,17
kayd_seybold,17
arexo,17
guchico,17
clayman778,17
a3person,17
humo,17
khalia_art,17
starkdust,17
kiashigetsnasty,17
gizmo01,17
azany,17
dumdog,17
unknown_showhey,17
lordaku,17
alessandradc,17
ritoning8810,17
roocat,17
tyke_(colorist),17
mudhound,17
morl3y,17
tteum93,17
sudoname,17
sao_satoru,17
friendly25,17
mrdarkness7070,17
ludowoodo,17
kiwifeline,17
carota17,17
sinealas,17
trashcollector,17
eru-sama,17
terratauren,17
amanda13parker,17
synnibear03,17
trinitylight,17
dralffeine,17
ebetto,17
alexander56910,17
madreyarts,17
maralmok,17
stormhoof1,17
littledreamycat,17
chrosswaffle,17
reptilianreverie,17
piecesofeden,17
celera_prime,17
heydonnie,17
unsomnus,17
blindjackk,17
khoryall,17
splapp-me-do,17
slw,17
hitoshi_ariga,17
tech_coyote,17
takiroku-sama,17
astaroshe,17
sharky-b,17
tymime,17
firestarsartdump,17
pafu_(artist),17
furrniture,17
maxsta,17
abysswatchers,17
ryusekikuri,17
clare_(artist),17
alkatoster,17
ragdishnak,17
reimon,17
bayernsfm,17
cherry_agency,17
black_delphox,17
angrycabooseart,17
fluffydeerhooves,17
driae,17
nackzek,17
mangadelta,17
redchetgreen,17
bioniclechicken,17
mortim-art,17
avaroncave,17
rmk178,17
di-dash,17
momocha,17
horihone_saizou,17
karasumareko,17
avablanched,17
nicholas_kole,17
thesoldierofspades,17
robbyj88,17
ileya,17
razgar,17
commiebunny94,17
sweettooth115,17
wyldelyn,17
nzuri,17
bitshift,17
sharkstomeatyou,17
random_crow,17
impbutt,17
ferrousoxide,17
rickochet,17
splatterparrot,17
noxshade,17
gprokaru,17
ataruman,17
onemillionfurries,17
olthar,17
vladoknoaz113,17
steampunkseahorse,17
th0mas,17
isuruki_kotetsu,17
esupu,17
octipop,17
clion,17
vhubnh3,17
beastbehavior,17
tomthefool,17
executephase,17
deliciousclickbait999,17
parororo,17
zerosite,17
cubi21,17
fuzballarts,17
safero,17
hushigi_(artist),17
yo_bigbear,17
orivarsa_(artist),17
norumgt,17
handshots,17
blueglueclue,17
conacoda,17
jhinbrush,17
parabellux,17
az_paipai,17
kemonogami,17
kch9059,17
crois,17
milkqueen,17
echoen_(artist),17
imperishable86_(artist),17
mictlantechutli,17
rice-chan,17
retrotard,17
revodo,17
datkitsu,17
isazicfazbear,17
thunderhax,17
mowang_yu,17
vomleben,17
azuki_merun11,17
ryutier,17
allovic87,17
ocifernsty,17
sanuki_(artist),17
moikaloop,17
huuta_2929,17
kinglazereth,17
jawbreakerowl,17
yoshiikirablr,17
takano,17
mynth,17
nicothealien,17
erbmaster,17
fruitgems,17
sunlessnite,17
mime22165,17
snofu_ad,17
snowpupcreations,17
irn,17
pawbeanshq,17
dreanzwolf,17
daverage,17
thumbs1,17
daddypassion,17
4ort,17
kougyou,17
d_big_hammer,17
puku2315,17
deviantchump,17
trisngid,17
oag_(artist),17
rangai,17
aglert,17
hero_neisan,17
hanji1st,17
samagram93,17
fen_redwolf_(artist),17
sheo,17
festifuss,17
wondo,17
scarv,17
charlieartsy,17
durexdrache,17
sugarbiscuits,17
megafluffydrawings,17
jambo,17
taplaos,17
ibaraki,17
eddio,17
kaineko_h,17
mysterkafka,17
tanuki553,17
imnotanalligator,17
xalloir,17
roxy_prog,17
chinou_nagesuki,17
cigardoesart,17
derpyharpy,17
queen-corgi,17
adonyne,17
peachlee,17
noah-buddy,17
doodlersand,17
bonefiend,17
wanko_ekaki1212,17
md0024,17
mastermindsconnect,17
sakamoto_aoi,17
komori_megane,17
mimolet,17
inuxi,17
mintyrainbow15,17
jam-orbital,17
tieradler,17
ask-nightmare-edgur,17
tangybutts,17
kirunixxx,17
studio_klawz,17
ochika_yorumo,17
codythefennec,17
ferskyed,17
waldvogel,17
suyai_moon,17
chaihuliang,17
sssir8,17
revy_lagoon,17
meidoelun,17
chotterii,17
ynery,17
trashgriffin,17
nicothepinkhusky,17
darkbotart,17
kamri2032,17
kofikrumble,17
zealousrocket,17
potyakitune3,17
rrkk,17
rainboweevee,17
avalon487_(artist),17
sanicbaddie,17
smugbinch,17
sima_naoteng,17
duke_of_dangers_(artist),17
dirty_platypi,17
wbp,17
moon_bara,17
tarnar,17
izfan,17
mikobeako,17
goopdroops,17
syn-blue,17
smolsynthwave,17
izoxie,17
furry_trashcan_(artist),17
miijiu,17
jussyjurry,17
roz_stripe,17
suibelly,17
sh_disney,17
ebrithilbowser,17
redisoj,17
anonamine,17
cherloin,17
fusk,17
dreaming_dusk,17
kishiri106_18,17
xandry,17
tanookiluna,17
decker_the_wolf,17
slydollis,17
astrally,17
becsantus,17
vidiojo,17
yeenmusk,17
t_t_792,17
trashmen,17
deblaria,17
qwertykirby,17
solient,17
tyleb,17
rask9000,17
chamie,17
shibasemi,17
skye_wilson,17
lambibelle,17
subhueman,17
blindedna,17
shrouded_tiger,17
box_splat,17
joni2000,17
ruinfish,17
gobbldy,17
softtibbies,17
surylimon,17
sketchydot,17
twintailsfox,17
charmersshelter,17
monoxromatik,17
shirokuma_210,17
ashpurr,17
somesoup,17
thedarkringedfox,17
satomi_(pixiv),17
nosebleed_(artist),17
mayomancer,17
chobab_789,17
solaceopossum,17
null_skull,17
da_xxx_cat,17
acidslash28,17
oof3001,17
warabisuke,17
fatbludragon,17
thehormone,17
mityayach,17
valsion,17
chupico,17
horsemorseee,17
misstwipietwins,17
kytcrafts,17
kitik1,17
nonexdog,17
horusthealtruist,17
sarakatka,17
memopemo,17
cinnamonserval,17
splash_toru,17
iron_alchemist,17
watermelonthecat,17
apokripha,17
jellybru,17
harukiwolf,17
3pdta,17
craft_rabbit_(artist),17
kyren_goodra,17
pinestrain,17
sonichaxd,17
harasaki,17
furrtea,17
pixel_wings,17
kuku_(artist),17
fox_of_tacs,17
stevie_choo,17
yukkimons,17
nightrobbery,17
annezly,17
yurochka,17
lrhr,17
lilavi,17
deygdrixedragon,17
tama_(pixiv),17
razdray,17
emmetalbenny,17
dorothydouglas,17
johnnythecheesy,17
miasat,17
gormi110,17
vixol,17
astral_37,17
cinderone,17
theviado,17
eaja940343,17
mojio_(pixiv),17
watanolemont,17
lndrmnn,17
sasaki_sue,17
helen-ink,17
datmofo4,17
anthrodiva,17
cat_citrus,17
kruteria,17
iro_ame_(amewaagada),17
mijinkoooknijim,17
guaaxi,17
samthemann,17
nirufin,17
gone46,17
vulpiedy,17
chasertech,17
cedarspiced,17
art_roki,17
paldreamer,17
harukoharuko,17
sapient_melon,17
stealthweaver,17
zekee_(artist),17
honeycums,17
rackuur,17
dbagdraws,17
sebasteray,17
ariesalpinesavi,17
wow_(artist),17
hellowen,17
ryucas,17
renshiro,17
rancidd_mutt,17
8owties_(artist),17
fluffypamps,17
eyelexie,17
tecbuttlovefa,17
tia00701,17
y0ku_drake,17
mittensthenoble,17
kalt-jn,17
lemon_eyebrows,17
mallards1305,17
tesran29g,17
patshi,17
magmaxox,17
acecomix,17
argonautical,17
stwor,17
noxon,17
platygon,17
daebea,17
magic_box42,17
zagul_(artist),17
ivore,17
kind_lurker,17
a_vwxyz,17
boxedbread,17
skyleriie,17
ryzydnsfw,17
ravuki,17
frostgear170,17
helensan,17
kibi225,17
enosworkshop,17
padtheo,17
mokrysha,17
xunil763,17
reignbeaux13,17
zartty_art,17
ossadipesce,17
saturnxart,17
asmadeus,17
oshiso_sio,17
the_v00d00,17
bubby_(artist),17
tobyreole,17
dizzydemonad,17
misterlovewolf,17
kilogram,17
bimboneko,17
iruka_rui,17
loutre,17
ressen,17
shindekitty,17
artbeo,17
archerpupper,17
letin,17
kumo_zd,17
antlered,17
meli_luminati,17
cuteycutey,17
noisykoala,17
domdumb12,17
ori_mew,17
doekawaii,17
faunyxx,17
catsnoot,17
ryanneilen,17
owlscribbles,17
3lewdsam,17
perrytherat,17
beesa,17
syrrvya,17
yithane_art,17
bombini,17
jack_jaklou,17
usui,17
powersurge_(artist),17
wowowo,17
appleblacktea88,17
chimaeracarnage,17
humazawhat,17
milfshake,17
itcheebones,17
waimix,17
en3rton,17
forty_(artist),17
melodylibris,17
e.coli,17
nailbatt,17
eirasnowy,17
fatbatdaddycat,17
zeltrexarts,17
tanukeart,17
chee-riee,17
soleswallower,17
noeden,17
samiweasel,17
berrysaladberry,17
ni_magniy,17
raokurai,17
kir_kaori,17
dj28sj,17
thecuckingfunts,17
doctor_fastoss,17
tiredkobold,17
samwich_(artist),17
potayo,17
deykceiver,17
violet_loup,17
calanguinhodraw,17
ks2020202,17
mastcom,17
argistartist,17
scalesunchained,17
vulturecorpse,17
pubs_(artist),17
fetspade,17
fr0gv0re,17
khentaiu,17
hypomartyria,17
gandere,17
mrgiraffo,17
sayoyon,17
morlacoste,17
gl0mi,17
parmiheart,17
uiojk,17
mieun,17
melon_airaiku,17
dotodonoto,17
lushil,17
moujiiz,17
nekono_shippo75,17
zonzok,17
novumave,17
drakang,17
batttat,17
fenriswuffy,17
hoowa,17
haruk,17
acethebluenardo,17
palette_jam_(artist),17
spunkzoid,17
20thcenturyfox,17
crayonzii,17
sharkrikka,17
nekeithfox,17
gud0c,17
minimidimici,17
hornyori,17
gio_el33,17
vulpgulps,17
rakimou,17
sambles,17
tigershorky,17
samba_03,17
paxtiankenya,17
raivendrawz,17
bonemeal,17
hodarinundu,17
chalathea,17
direlaxion,17
forsty,17
nezumo6,17
yellowanubiz,17
aiole,17
reddog0701,17
goatchamp,17
mistmistly,17
nightcox,17
mischiefmaster,17
nikrebelis,17
seishin_noboru,17
rorymaws,17
purple_galaxy,17
leonoliver,17
imquitesleepy,17
deadbeat_incubus,17
sunsetdegen,17
gribosaurus_(artist),17
cyaturus_(artist),17
sandwichmaykr,17
haku_nichiya,17
theoxym,17
ashsux,17
himahimaa,17
clovershroom,17
dragosaurius,17
bogdren,17
lolienpijama,17
nicolas_brunet,17
crimm,17
nerdoodlen,17
mkybm,17
c0pycat,17
toastyryce,17
sundebruh,17
undeadzonk,17
luctkart,17
bakuuabyss,17
violet3d,17
mintsfresh69,17
awfulfeline,17
voodoopuppy,17
sa_ssssa,17
spotted_jojo,17
chocomenta,17
narphion,17
tlacuachescum,17
xiunens,17
enresty,17
ofideans,17
sourpatchyuki,17
nyawoolu,17
mokeee57,17
eagc7,17
cubiccitrus,17
altenasoul,17
darkestslice,17
blackbeet,17
phamvansang3208,17
gasemi,17
mightynsfw_(artist),17
ncend1o,17
sketchytodd,17
riece_ranchoa,17
gravymeatball,17
brunotheshihtzu,17
kamille_(artist),17
metalferal,17
buggutzz,17
lightwayarts,17
pyrecrimson,17
kodadeer,17
postel,17
awardiente,17
minj_kim,17
zapodawgz,17
boblue,17
tober_4,17
redzinc,17
rubikon_(artist),17
oakfinch,17
lupie1324,17
ballistickoko,17
captchevron,17
loggox87,17
yorn20779321,17
happywand,17
draculfelis,17
orochitai061,17
tyrie,17
sugarkits,17
nighterrandt,17
thomasbluewolf,17
justamountainsoul,17
misachan56,17
rnp,17
earwiggy,17
deesketchs,17
ultrabignova,17
077cicok,17
laguzka,17
jantratanyaporn,17
w20p01,17
eggins,17
k_kaca,17
novaparadox,17
marmeim,17
nsfwlittleguy,17
eunjuragi,17
vulkypsin,17
glaskeru,17
daknar,17
spunkerart,17
ramiil,17
ashleyfoxkit,17
furious~foxy,17
carbyrara,17
ragdoll_exoart,17
frostise,17
leonardo_mohu,17
coltetbe,17
mleczowski,17
srbready,17
mrlynxart,17
nikotoofficial,17
skullfvckerz,17
desga,17
themysteriousdee,17
shadowbane_(artist),17
skyuuto,17
zeros_dick,17
uglychickenbones,17
nyah_hyena,17
mosac326,17
tofu3925,17
helloawoo,17
atlchirico,17
screameh,17
wren_grey,17
bruhman33,17
joe_20243,17
somberpaw,17
rvtt,17
bombastic,17
symrea-extreme,17
tlmoyv_1,17
hisade,17
diximmo,17
listkun_yes,17
arkadios,17
linger9999,17
cluelessmint,17
wuggy,17
pennsy,17
u_su1,17
rosequartzhearts,17
xrosemarcyx,17
boldemonic,17
ace_rattman,17
lewolott,17
blainwolf,17
kmcallah,17
fang_honebuchi_(artist),17
silverjay,17
michael_deforge,17
colgeight,17
star_umbreon,17
opalniko,17
killianroo,17
cosmicbee,17
tonbi,17
vinadog,17
givemepudding3,17
dubiousdunk,17
poteto02888292,17
digital-novarts,17
darth666revan,17
friedrich_ushigome,17
anonster,17
tobias_leviathan,17
lego_tepi,17
deanthebobcat,17
davis91,17
pepperfuta,17
ivyuun,17
dumbdelvon,17
femboychaton,17
daffuhss,17
jacky.blue,17
vloic,17
skiddioop,17
zaurusver,17
stupidbaton,17
stoatallynate,17
floofyblitz,17
turbofurr,17
supechips,17
beef_barley,17
amanekiryuu,17
frame_rez,17
icechakal,17
artzazz,17
pazisaurus,17
kdasdrawsff,17
distasty,17
foxtex,17
mirlabs,17
fluttermush,17
yosebose,17
cobycat,17
tenkennen,17
sh4rik,17
dekumemer,17
forfigssake_(artist),17
anysilvery,17
nayanabo,17
beastly_z5,17
zyreo,17
villegreen,17
neshanky,17
kyou_huji,17
evilballoondog,17
pokast,17
gaudiestabyss27,17
lem0nlav,17
catitosweet,17
shiraclawr,17
erueito,17
sneetsnirt,17
seijin_wright,17
xiaoxiatuzi,17
robukko,17
bluddly,17
heartspark,17
yakuzanon,17
furmaestro,17
dr_lang_li,17
marblepunk,17
dextrosfm,17
azuriefox,17
braix7_(artist),17
kigerlynn,17
flochiie,17
bimp_10,17
papper_face,17
nageki,17
normalt,17
foxyvixen417,17
dangerlicks,17
ahjost,17
hyeon47,17
takkunaki,17
onni's,17
zeluvvu,17
chilling.exe,17
komish1987,17
piicktale,17
spicyfryd,17
tuxen,17
janey_poodle,17
kakite,17
jorhodez,17
commiy_dommiy,17
amenohi29,17
yeuyeuyeuyeu,17
kyrios_art,17
cougarmacdowall,17
waladeci,17
oatumn,17
eli-eternity,17
ateeesta_92,17
paperloops,17
cutefurryfan,17
ghostlycream,17
priest15125,17
erichka,17
keesh,17
ashouj1,17
oysterkibble,17
triata,17
justthewind,17
steffansheep,17
aiue1o4,17
batten12,17
kotoba,17
romeowuff,17
mosterdhx,17
zetto_shark,17
ddannydemon,17
sudavka,17
burritobros,17
thenewhenryart,17
mealhead,17
hiroshi18,17
umbramoonwake,17
meckmeck00124,17
yokaikaisen,17
tsukio21,17
hanna_bell,17
hraath,17
bunnyangelbun,17
sketchydrawin,17
anthony444333,17
blazarfruit,17
doomfella,17
digsaw,17
rrrr20251107,17
atlasserpent,17
ic0nmon,17
calypsoboymurz,17
rainymoon9,17
daki_furry,17
citipati,17
badbadlamb,17
yobaba,17
hinemi_kon,17
boisourish,17
tuya,17
cnshaohua12345,17
raccoon_garbage,17
holoeclvpse,17
alcoholictails,17
buttercolors,17
baileydoodles,17
digitalkibou,17
cmuniv34,17
snakemutt,17
justsomeratz,17
succubustail,17
justrlx,17
hoitfay,17
mlt-1,17
ruimu_kiou,17
kyokyobunz,17
recordradioblue,17
doggolounge,17
lexilewd,17
muhthecow,17
skeletronic,17
lebonzhua,17
generalplorp,17
beasheep7,17
evaatheria,17
zonoch_dood,17
komugi_mofu,17
beeblimp,17
evilbarashek,17
willituah,17
shanie_love_(artist),17
entonya,17
gholdenhoe,17
cappyadams,17
hexxysnep,17
eepy_donkey,17
infinity_alpha_studio,17
lazydynamisme,17
ins3ct1c1d3z,17
kc.diaper.church,17
whiskedtogether,17
sundaebunnyx,17
nicreven,17
luckymuttz,17
nyanmorris,17
n0vanarts,17
pinkfoolery,17
zerokyu3,17
evega3d,17
beanblossom,17
orangebear,17
mathew-b,17
mrdreams,17
ryru,17
vaporeight,17
totallyd,17
kappanana,17
hatihati,17
ryohei_29,17
nopestilence,17
erich_maler,17
harper18plus,17
nahuelng,17
ghoststrel0k,17
endlessfin,17
stglace22,17
raewtf,17
bean_taquito,17
ladylana,17
pyro4707,17
geeko1968,17
xilene,17
we_are_crow,17
magic_dream00,17
burundanga,17
sunliine,17
wafas,17
baloodial,17
momovo303,17
se1t,17
ehd,17
codsterox,17
mizunee,17
klacket,17
aquaridella,17
cult_of_the_goat,17
skyarts,17
neumond_art,17
katsumodokat,17
egeash,17
pipilittlerat,17
vurbz_hexahydrate,17
yarrivkminocon,17
momu_shi_36,17
twotusk,17
bunnythefemboy1,17
snufflesnuf,17
angel_sasha,17
gali_foxo,17
takoyakipunk,17
tonyhsq,17
sb_torchic,17
hippo_power,17
pookashifts,17
rida_arts,17
starfish_nebula,17
aristar,17
alexxxio_draw,17
sylversaya,17
wdigni42,17
xyandrith,17
nikkikaji,17
checkered_(artist),17
barelymediocr3d,17
luckesha,17
coalcolorhusky,17
zhaoer,17
thebeanghost_(artist),17
tictac_(artist),17
petdear69,17
rurudrawrz,17
dvoykin,17
redpurr,17
mellis,16
klar,16
zinacat,16
erin_english,16
bonez,16
uchida_shuusann,16
dark_aldebaran,16
skifi,16
siatea,16
finalflight,16
john_harrington,16
bianka,16
kitsumi,16
b_dog,16
chiropteradaemonicus,16
humio,16
kiw,16
gryf,16
nyantarou,16
sirosir,16
nightdancer,16
eclipsewolf,16
wakky,16
doguu,16
ueyama_michirou,16
ryuno,16
mecharm,16
draconightdragon,16
kyomana,16
michii_yuuki,16
fey_tas,16
smileygremlin,16
kuo,16
evanight,16
neverman,16
slifertheskydragon,16
nancy_andrews,16
atsumori999,16
thehellwolf,16
brilis,16
foxlau,16
hakunaro,16
kitonkurai,16
dtiberius,16
zhampy,16
silvertail,16
darktief,16
jay_shell,16
tobi_(artist),16
koriinu,16
gothope,16
jeffrey_thomas,16
wuffe,16
superboll,16
sir_razalus,16
purri,16
haylox,16
vehementcreations,16
keith_parkinson,16
dudey_101,16
pandablubb,16
vampiremeerkat,16
nosmir,16
pierrezaius,16
icha-icha,16
muffinsforever,16
dcpip,16
daarken,16
bracciotoon,16
nikukyu,16
fadri,16
longtail,16
felix_tile_the_cat,16
fuzzybaloo,16
koyote,16
karlos,16
kekani,16
ketrindarkdragon,16
kitsunezero,16
okineko,16
izzatakiwa,16
g.river,16
randomrandom,16
miradge,16
kumadori,16
kaeko,16
catflower,16
lontaring,16
darkeiya,16
sakaya,16
dicelion,16
auroralicious,16
jt,16
saphamia,16
lysargente,16
ligax,16
lisacat89,16
greygarou_(artist),16
teknoslade,16
yannlian,16
agnaktor_(pixiv),16
the_pit,16
mega_(artist),16
kathy_garrison,16
selrock,16
kettle21,16
explosivegent,16
princepuck,16
makani,16
tanukimodoki,16
kuitsuku,16
hisamehisame,16
tiarhlu,16
nightcat,16
kompy,16
werewolfovna,16
drigon,16
gojiro7,16
bg,16
mayer0,16
neex,16
datfur,16
futzi01,16
boarwhore,16
auron2006,16
karmashoal,16
5tarex,16
weekendereturns,16
tamakko,16
atsidas,16
blue_b,16
pir,16
kitsunia,16
calibos,16
tsukumiya_amane,16
noideasfornicknames,16
little_cartoon,16
swiftcutter,16
m0m0shi,16
madame_(artist),16
wool_(artist),16
zoarvek,16
alexgoneloco,16
menis,16
jadedhyrt,16
mysteryrose,16
aod23,16
rokukeshiba,16
dhui,16
alcasar,16
kokitsune,16
kiala_tiagra,16
junkpuyo,16
sekki,16
oni-noboru,16
aweopalta,16
sprinklespegasister,16
abezguaz,16
redcladhero,16
realistics_sl,16
wolfhearts,16
bamshark,16
mimimarie,16
nameless-fairy,16
smackedapple,16
orihata,16
handsockz,16
towai,16
phantomjac,16
nyasu,16
bummerdude,16
lolepopenon,16
kiwi95,16
katsushika_hokusai,16
justinefox,16
greasedmonkey,16
empress_(artist),16
silverblazebrony,16
l4rsinator,16
setouchi,16
motiif,16
kenaihand,16
valkeera,16
galeon,16
heratio1000,16
kabotya_to_rantan,16
mcnims,16
jovo,16
erudier,16
onyxtanuki_(artist),16
cupcakesponyazz,16
tonyg79,16
nolegal,16
matt_stewart,16
izumi_yoshikazu,16
mazzacho,16
briannacherrygarcia,16
ren_(artist),16
killhubi,16
slocik,16
kitsune_no_kurayami,16
bludingo,16
junex2,16
ppshex,16
fuegodelalma,16
doctorbotspank,16
heartbunny,16
darkforest,16
ralloonx,16
vaisz,16
artic1010,16
rentham,16
dragonheart07,16
herms85,16
gomi_(gomitin),16
kisaofthesnow,16
krokodainer,16
zeog,16
tcs1992,16
shiraha_mato,16
jetn,16
itspencilguy,16
smisa,16
jeffurr,16
altohearts,16
bullethoundx,16
sct-trigger1221,16
paundo2,16
achiga,16
dopephish,16
sacha_pony,16
colacatinthehat,16
creamycat,16
greyfox_(artist),16
thecuriousfool,16
computer_olympics,16
thelittlesnake,16
dulce_isis,16
kurosaki,16
quynzel,16
nopes,16
omikuro,16
sapphire-gale,16
jimix_cruz,16
rha,16
orcaowl,16
commissionedbutts,16
bixbytes,16
charliechomp,16
kirrol,16
fopsyfoxy,16
takuto_shindou_(artist),16
ponyhospital,16
joelchan,16
roycnat,16
mixpint,16
gazimondefense,16
alison_acton,16
nerinontter,16
sgtklark_(artist),16
tylon_(artist),16
koimii,16
grim-owl,16
klup,16
gotwin,16
rodjim,16
generationslayer,16
rockblackhorn_(artist),16
rikufanattic,16
carrymeow,16
harumati_ituko,16
shimesaba,16
boilerroo,16
garbonzobear,16
kinpiro,16
longcriercat,16
zxz328,16
shiretsuna,16
sevech,16
celestialoddity,16
delion_kiaw,16
wuvvums,16
coldbrush,16
blastoiise,16
kinkypinkink,16
turtle-sketches,16
ragadabah,16
ogami,16
jovalic,16
reijis,16
frikdikulous,16
habenerohero,16
zyvo,16
china-kitty,16
superstreamteam,16
rood,16
murakumo-tigerx,16
voodoothur,16
nophixe,16
mae_(artist),16
toasterdraws_(artist),16
red_chicken,16
deadbrain,16
littlepuppet,16
thedigital-devil,16
mavruda,16
citemer,16
0pik-0ort,16
nightmargin,16
dok-tah,16
aphelionhelios,16
daskun,16
mewth,16
cowbirdfrog,16
soul-the-mysterious,16
mearr,16
chibimu,16
pouncefox,16
laahgata,16
fluffypunk,16
sirfox_(artist),16
lorddragonmaster,16
marthagreydragoness,16
bani-chan,16
anzhyra,16
swampspectre,16
alexis-faustus,16
xmintshakex,16
pumperbear,16
gaudibuendia,16
sorimori,16
velocesmells,16
burntbeebs,16
nspg,16
kaizar,16
treats_(artist),16
alnix,16
ryoutani_kana,16
11calebe,16
hitmaru,16
kowoshake,16
dchooi,16
bulge_(artist),16
hugeboss,16
idlehq,16
tethubire,16
lute_(artist),16
indidere,16
nezuney,16
yuzutamago,16
vetrofroza,16
hati_noji_8,16
takumi-exe,16
yure16,16
wielder13,16
runiclodges,16
rtlstien,16
morguntheorc,16
angelo-xd,16
tinrobo,16
jampantz,16
chainchomped,16
nxzc88,16
shirakaba,16
1184268486_(artist),16
ferin,16
goddesses-of-i-c-e,16
valy_j._thunderbeast,16
beverage_(artist),16
calurio,16
knlght,16
belisssyma,16
zydrationx,16
smashega,16
pucksterv,16
pejeverdo,16
rigbutt,16
kano_makoto,16
thelittlemetermaid,16
danli69,16
nymphographic,16
yokoshimako,16
thetauren,16
not_it,16
kdd,16
gummisputter,16
mutsumiyuu,16
greisen,16
cat78952,16
ar-ameth,16
jun_rasenfox,16
nekofy,16
cally_b,16
danund81,16
gaaranear,16
grigori_(artist),16
kaerukirai_i,16
marbelle,16
lionet,16
edbabygolther,16
soul-of-akira,16
mystery-grizzly,16
amks_krg,16
blackcachomon,16
koenigmutt,16
foggypaws,16
kagami_hirotaka,16
daniel_sabin,16
submarinejesus,16
spacenoise,16
dreemurr_skelememer,16
sageofosiris,16
smol-mama_(artist),16
ulkischlavski,16
nyanpizza,16
tobenaibuka,16
apocalis,16
bludwing,16
saritaaaaaaa82,16
dusttrichous,16
shlimaz,16
barabeer,16
moop,16
lexoastonov,16
enir,16
opferziege,16
harrace-harrison,16
issue_69,16
thefriendlyelephant,16
gerroodie,16
puchipi,16
rykeus,16
onelovelydovely,16
tyhat,16
maylehh,16
spacechoochoo,16
rcbrock,16
killreal,16
ikanamay,16
lunchiepanda,16
doves_(artist),16
kevinlaros,16
monidraws,16
zekimarten,16
paprika_cake,16
skullgoat777,16
cosmokokshwa,16
ys_kzoo,16
johnmigleart,16
itagaki_paru,16
quakebrothers,16
spiderbox,16
unc_p,16
spykie,16
urakumaworld,16
kemokemo0924,16
brickshoes,16
kandipop,16
kemothy,16
thoumeco,16
skuddbutt,16
tyranttotem,16
wetbun,16
blues4th,16
glaucosilva,16
mitoganmo,16
clivef,16
neekophobia,16
kirino03,16
yuripeach,16
hurman,16
ekuboon,16
dr-felici,16
rj-kun,16
celibatys,16
chimeranira,16
leooodh,16
mxst16344,16
sixgui,16
grumpy-tg,16
xx-starduster-xx,16
snoozincopter,16
cryptin,16
last69skulls,16
haghard,16
midnytesketch,16
necozuki,16
donezumi,16
the-stooge,16
tomoko_(artist),16
ricecakekain,16
hshmoto,16
milothedevious,16
grypher,16
atype55_(artist),16
blazitastic_(artist),16
tangopack,16
kadisurmik,16
acheroth,16
tomfoolery,16
shadeyzilla,16
deathdream,16
shadowxtra,16
kosobin,16
pokiedragon25,16
zenki1118,16
space_dynamics,16
jeglegator,16
train5,16
zunknown,16
hi_na_ga,16
css,16
misaki_futtsu,16
orbitlobster,16
st.takuma,16
wulfanite,16
lemonleaf,16
duoduoduo,16
kaimee,16
annet_kapelly,16
focus_on_eyes,16
bmayyneart,16
bubble-t,16
hater_(hatater),16
tad334,16
hachikoakai,16
banana_blast3r,16
folk-dude-philip,16
krapette,16
cadfourne,16
metropex,16
vinylrooster,16
hetaniel,16
ifuritto,16
jollyville,16
midnight_arr,16
benbencoo,16
lxkate,16
ladychi,16
ekosho,16
moonlyrain,16
tuxedomobster_(artist),16
unagiga_hitotsu,16
kisekitemiro,16
awabug,16
tifa_(artist),16
missbehaviour,16
dragon-noir,16
marredpink,16
dogscribss,16
boobomberry,16
kasainoa,16
zoel_no_one,16
s3aparty,16
kgfantasy,16
trava_aka_sanchez,16
lawkbutt,16
ponkichim,16
mintypresh,16
majayrick,16
unknownanimal237,16
maritola,16
vilikir,16
luteplayer,16
nyaruh,16
azri.upset,16
techno.,16
typelord,16
hazel_nuthead,16
rinkusu69,16
caldatelier,16
infested-wraith,16
gaatofuu,16
rood_wood,16
zerobadguy,16
driverbunny37,16
rateruto,16
kalmlyhere,16
brandyfriend1,16
milkchaotea,16
monsterart,16
mittz_(artist),16
mmwoodcock,16
dashinvaine,16
argustte,16
220_vvv,16
brokententacle,16
amiriari78,16
denmander,16
snarfu,16
grand-sage,16
skello-on-sale,16
halationart,16
harryelpanda,16
colucolu,16
benroyaz,16
cessa_sama,16
mayonnaisepinata,16
yukifuri_tsuyu,16
itsdetectiveliz,16
timhey-fl,16
pachi_mapache,16
nagami_yuu,16
barocatto,16
rene_buford,16
reshy,16
gfount,16
green_kco,16
peregrine_pegs,16
verb0ten,16
saltydanshark,16
square_of_light,16
notsume,16
b_o_x,16
pesrev,16
tentaclebaka,16
aj_lethal,16
sweetlynight,16
zeonvibe,16
blueblu,16
corgz,16
0xbeef,16
raivn_anarki,16
darkorazilla,16
imsofckinlost,16
antama,16
kappei_yamaguchi,16
kemokemo_bobbob,16
painkirito,16
ginzakuzaku,16
lunebat,16
kzero,16
00blaq,16
0310shunsan,16
biscaybreeze,16
gilmang,16
wolfsifi,16
glimo,16
dm-artworks,16
rezukii_(artist),16
madoshii,16
diafragma,16
redditor34,16
thepampurredkitten,16
yukinari_ism,16
trauma0001,16
citrus_temptations,16
shoobiedoobie12,16
linielley,16
lamanstin,16
azarig,16
loopersum,16
npczoey,16
bakas0baka,16
nezinmin,16
graveyards,16
ruby_69r,16
dinonugget_bird,16
xia_siren,16
seeumai,16
niina-xan_(artist),16
hanariel,16
kvi5v,16
marshallleea,16
morglenpraefectum_(artist),16
ststboy,16
angel_buns,16
lizzardinho,16
synthgoblin,16
filthdog,16
sfmdemon,16
barleyshake,16
shinmayjay,16
catskatematch,16
darkvulpes,16
chibo_dragon,16
hanmankit,16
awesomeerick,16
barakkuda,16
john69tsuyoshi,16
zeradias,16
dranoko,16
tekkua,16
birdbf,16
pinedx,16
dudertron,16
nanobite,16
cyberrodrigo,16
gerard_burn,16
madam_stiletto,16
torakitchen,16
yuemanhuaikong,16
nyansky-m,16
moosopp,16
ozone737,16
deathalice,16
yodelinyote,16
3511vo,16
soneki,16
thegrave999,16
lil_house,16
top_kek_m9,16
purpleleoart,16
yuureidooru,16
lyupercal_(artist),16
dacaoo,16
henrytoons,16
dany-j,16
fururin555,16
juicygrape,16
ia190,16
yetinsane,16
donec_tigris,16
izyaboicallume,16
ysulyan,16
pastrydog,16
exoskellet,16
kathomu,16
gunterkerr,16
kornepheross,16
yumkandie,16
crowdud3,16
serp-i-molod,16
yoshua40sfm,16
avelican,16
hedgehogtheluh,16
1010nuntaso,16
small_leaf_art,16
pakko_k,16
rasha_(artist),16
purrpl_(artist),16
chelsiegeorgia,16
jember,16
n_no_ho_he,16
rakkun13,16
milkymittens,16
demitri_art,16
xddragon,16
daisukebear,16
creampiesoda,16
inkeranon,16
yikarichi,16
zemnovodnoe,16
fluffydarkrai,16
tsu69,16
threereddots,16
muskflask,16
werewolfalbert,16
vulphy,16
yana_movchan,16
yuezeng-mn,16
symmhusky,16
asterisq,16
dorquon,16
kubikiri,16
juicydots_(artist),16
dimpster,16
acidsticky,16
o_melly_g_(artist),16
hornymarco,16
klooda,16
foxsnacks,16
dannalin,16
sirtoasterbutt,16
skunkelle,16
spookysauces,16
kevhon98,16
oh.chert,16
hokromaki,16
the_pigeon,16
revcinnamon_(artist),16
bandanabird,16
eirhjien,16
slimyundershellbusiness,16
sinigam41,16
actionb4stard,16
lin_artist,16
yashemao_qishi,16
boatboots,16
makinakid,16
baphomay,16
hrom,16
pendazella,16
miglove,16
onebigbeaw,16
zefrableu,16
ulog,16
tomayto_(tuhmayto),16
chernoh,16
rocoroco1115,16
kyunamaori,16
nullart,16
pickle_raye,16
ale55,16
milatora1,16
nichirinko,16
deyati,16
yokokato,16
oekakukomi,16
rikis,16
kibbychuu,16
lando_(cum_sexer),16
sammich_(artist),16
0fin0,16
pharkar,16
touhou_josuke,16
atlacat,16
acecream,16
poseki,16
nya_mooon,16
cupcakesnstuff,16
nezumi_(nezuminosippo),16
ralian_(artist),16
boozydwarf,16
kyobes,16
blackbusternova,16
sandy18569215,16
september_foxx,16
darkytherabbit,16
hsketch4,16
pamagiche,16
chiti_the_chiti,16
sharkbubble,16
chaiyufener,16
avalon_ava,16
jkastilla,16
mitchan,16
dk_741,16
black_kek,16
bangdacy,16
niketto551,16
anderhorlo,16
spotid,16
punkpop,16
akira_sabertooth,16
rousk_(artist),16
sovka,16
jayraccoonart,16
charlatan-of-doom,16
irdestheone,16
zaino,16
sharadin_(artist),16
candycassette,16
niels_vergouwen,16
retsofnsfw,16
rjay_owo,16
wolfshirtart,16
hisbam_hisbam,16
jasony,16
kaziedell,16
puckoarts,16
puntthepoodle,16
mrookii,16
hauntwired,16
reverie_(artist),16
mrseed,16
mellyarts,16
lewdtoonyguy,16
blulowcj,16
sharklock1,16
john_pughe,16
apohorse,16
orkatexu,16
fun8s,16
clawblr,16
bl_carsen,16
nekotobi,16
wolfchalk,16
mr_blank,16
koto_(pixiv_2766446),16
wood_sora,16
mzmrt,16
bufffbuck,16
cionstarrion,16
krumperoni,16
haruthedog,16
rakomadon,16
neonluv,16
bridgecat,16
lewd1,16
megastar,16
ioto,16
carbonicedragon,16
toyuri_angrm,16
he_ye_nanhai_mogui_guayueji,16
theal3x10,16
zc,16
wootersa,16
k9onion,16
syntiset,16
zincdraws,16
alonsy,16
mimikiwi102,16
ec8er,16
zhennith,16
crazy-zeitgeist,16
chibichuuwu,16
antonio_otter,16
alex_tsvik,16
friedri_ce,16
yoshiart,16
cheudl,16
spectergrody,16
a2p_s2k,16
rosse_chan,16
perroazul,16
timealurt_(artist),16
missymuscle,16
impostor-ifa,16
fayesins,16
wizper_baobao,16
tassa,16
deedea,16
hej_510,16
w-ry_(artist),16
rukakitsune,16
cloudcrime,16
wallstapless,16
okakasand,16
ricksaturn,16
theoligarche,16
wevemos,16
isfy,16
xcomunit7,16
fiatheweeb,16
zblox007,16
ruinh00d,16
luikatje,16
kakrita,16
bigdickvarmint_(artist),16
sinserenity,16
diklonius,16
newcomersshit,16
nix_hellhound,16
astro_catmew,16
distant_owl,16
losipher,16
bunbundance,16
vomittmeat,16
trash_kobold_(artist),16
raven_the_artist,16
ronai_fox,16
niku1441,16
ignisbatt,16
foxyara,16
saveraedae,16
junefallstar,16
cadblank,16
aboredsnek_113,16
apple05012,16
torafuta,16
bukinsfw,16
jingo824,16
remainhouden,16
kandikatkay,16
ciphna12,16
murimurri670,16
mumimilkshakes,16
adla1,16
tungsten_(kwfr4544),16
neonelf,16
sybillotus,16
diegolo12083176,16
sashimired,16
labyart,16
red2870,16
cartoonsnacks,16
zumidraws,16
gnagern,16
leafy_boi,16
wiwirawr,16
funnybat,16
rrd-artist,16
auroramint,16
19itsme87,16
wolfy_eduard,16
croquiek,16
hustenblut,16
deriee_(artist),16
hebirin,16
mslooukachi,16
skalesstash,16
penguru_086,16
loafmeister,16
retto_812,16
max1k1ska,16
snaif,16
ind0,16
wolxxitswolxx,16
hush_mccloud,16
silverhawkpx45,16
morningwoodboy,16
pebblemakes,16
jiinnxx,16
okabepom,16
mavricoos,16
passionateathene,16
yoshiyoshi700,16
mortydraws,16
dd_(artist),16
grosssuccubus,16
ryanyeen,16
chocomaple,16
sdscrib,16
vaz0v,16
kattbutik,16
o3t,16
nyurusauce,16
parsley-spoon,16
nannan,16
lustart21,16
gothycollie,16
abiesnot420,16
doodlegoob,16
crybabybluberry,16
waldemar_a1,16
kitsunekakko,16
dtbs63,16
jrainnart,16
trolltoll_(artist),16
newsu,16
seyerusednsfw,16
floofymeister,16
neeksaki,16
sodomy_kit,16
nightmare_ritual,16
joshura_art,16
lunis_nightwind,16
ghous117,16
xiaomu314,16
dannytdw,16
hornybluboye_(artist),16
arachnart,16
mdskitty,16
chess_buncoon,16
barajockstrap,16
inkboiii,16
niloc_drewney,16
library_velk_anon,16
exgamingstream,16
lordzire,16
zzo0,16
bessacuga,16
purr.in.ink,16
thobeo20vn,16
saladbearer,16
van-lu,16
roundpeach,16
mommakiera,16
baddataartist,16
deviantinc,16
lewdtoons69,16
ache13337003,16
thyotherhand,16
gigizadragon,16
connersublow,16
sophia_rexis_(artist),16
geowuff,16
lewdestkiwi,16
sanyu_lim,16
vincent_wolfs,16
ktorazi,16
lyrobr,16
wren_nsfw,16
bluefire_silverfang_(artist),16
sun_cresent,16
aipluvid,16
t_ngnm,16
christian2005am,16
zamo,16
kaneyokose,16
alfa_kronoxis,16
kishukikin_(artist),16
uziki,16
sprux,16
darnell_(artist),16
fsicyan,16
kirikatt,16
ergoruzart,16
kardboardian,16
indane,16
mrsrlord,16
zovn,16
indrawinchester,16
resonatingdiscord,16
milchritter,16
waifuabsorber,16
absorbedwaifu,16
keewan,16
insomniactix,16
mayosplash,16
paledrake_(artist),16
artistlemon,16
hifi_wolf,16
outrage_mk2,16
smilesabertooth,16
maxadisasta,16
swayedy,16
theblackdawg,16
comrade_grigory,16
talmian,16
silkyspirit,16
lichinthesystem,16
ponza00,16
sagefullmoon,16
cosmic_klutz,16
sarcasticmane,16
huniinawty,16
ellmidmid,16
754_0711,16
onyx_superbia,16
tmogumi,16
lunalaimoonglow,16
sekkabfg,16
k0n0,16
lostdanver,16
yee_chair,16
chryssiart,16
missing.file,16
mofumerchant,16
boopa,16
lawlessdraws,16
dokku,16
lemoncrow,16
weinercrow,16
nival_interactive,16
cody_t_limbo,16
catsonmarss,16
nova_bold,16
lightobui,16
omegajuicebox,16
mushkiti,16
bakazwei,16
lilpetshops,16
tatertottoto,16
lotsandlotsoft1,16
baguetteartt,16
sushipaw,16
takkatakanoji,16
mitsufoppie,16
pumpkin0paws,16
protonsaga,16
iamowo,16
chaoticcrumpsy,16
bassukun,16
go_od8,16
siro_zamurai05,16
cazii_mora,16
mirakee,16
xecho7x,16
tatami_nuki,16
fluffbolds,16
fashionablebloodfallen,16
patrick_okottsu,16
smuttykiva,16
jerimiahwolf,16
raul_maduro,16
gemon,16
kisopad,16
blaqk,16
barazushii,16
genomod,16
cbcreativestudio,16
oseruko2006,16
aki_maned_wolf,16
nakedpillow,16
bad_roomie,16
cocosashax,16
lapseph,16
pacahocaf,16
j-madeye,16
indigo_snep,16
niftynight,16
justcartilage,16
koudro,16
dryorgasmon,16
chito-nii_(artist),16
genshiba,16
royzaff9o7o,16
alyssarh,16
laurentia_(artist),16
aquamix,16
clumsypaws,16
dirty_apples,16
yongbae2372,16
bowbi,16
iliakitsune,16
parasitedfoza,16
nicowoof,16
el_water,16
phantom50519376,16
drfoxweyman,16
cheezeezy,16
2sharks,16
apyr12,16
arc_draws,16
utu_kuma257,16
almostabull,16
benjamin_anders,16
yeibyuwu,16
oryozema,16
maslina,16
kuru_bushi18,16
amongoose,16
ylnzei,16
cheepdeeper,16
divided-raccoon,16
fernkarrythewolf,16
lazyloong,16
kibou-kage,16
kingvoyager,16
dd.leech,16
wolfkai93,16
3amrabbit,16
thelazywizard,16
rendakobold,16
sikathegoodboy,16
bluecard916,16
turbo_gumball,16
redsybad,16
livalittle,16
blasterzh,16
comradecat,16
ribbongrove,16
metri-arts,16
alexyz_kun,16
woofymutt,16
oleg_bulakh,16
dog_is_shark,16
arts_eidolon,16
ashthedoodlest,16
neo_kaiser,16
bakedalisu,16
kemisk_landfill,16
tokasan114,16
flaminhu,16
roughcitizen,16
hotfilk,16
chesca_hause,16
spookart,16
trineofflames,16
oxaxefax,16
srjakbee,16
kogekogebird,16
morgan_shawty,16
killerfoxkin,16
navysblues,16
gspearind,16
b_bun300,16
sakary_yoliztli,16
cutesune,16
cinder_nox,16
fox_san,16
scimbynsfw,16
wiversrivers,16
nearlyepoint,16
giyutanuki,16
thewolffinsnow,16
jackpotyeen,16
sugar_blossom,16
e10109,16
samrockwell420,16
miilkacookies,16
yutorihanzoki,16
ryuhayabusa7644,16
thatpitt,16
sleepyheadjolteon,16
forbitten,16
tokiwa757,16
kimef,16
minback,16
pnim,16
neohiro,16
rot_onsen,16
chibon,16
voreion,16
zhaobuzhaobeiii,16
crayonsnthings,16
chivess,16
hachi_doggo,16
wartzagon,16
tyleraz,16
phantomdgen,16
kuchiba,16
squigglydraws,16
crimson_pig,16
cakedgoat,16
rabbitgirlnsfw,16
rigo2036,16
bratty_battsy,16
drgn_gold,16
karukarumie,16
mommymidday,16
mm23716,16
zuhifangs,16
wakizashiline,16
honeywp,16
mokkoyu,16
nicommunism,16
john_q._psychic,16
aznyan,16
zerockart,16
jimmy_jamban,16
doriyote,16
wolfelliza,16
gin98,16
longleynus,16
razoruart,16
protogensixty,16
abys_171,16
luzarte,16
hell_oart,16
ro_ru39,16
wolfkoo,16
jingaizuki_mk2,16
basskitty,16
wawapras,16
xinpero,16
jimhongdingdong,16
yootak,16
toshiakar,16
prua114514,16
windmill_(artist),16
mercymej,16
victoriaokeanova,16
ryunsfw,16
omegoncrabster,16
havilaladlf,16
hare-shovel,16
hyn1x,16
heresysheep,16
gushee,16
xfs,16
heliumpanda,16
mer0,16
codenexusdrws,16
reichik,16
schocoa_(artist),16
smolt,16
hhonchkrow234,16
i_luce,16
shasheep,16
fluffycanvas,16
vintagart,16
jotmanlol,16
garrodor_(artist),16
usb_port_(nicoseiga46816714),16
rexthenurse,16
fluffybean12,16
naufragowo,16
pinkie_pawbs,16
shiirafish,16
t_plan,16
bufflovestheart,16
leaph77,16
britodraws,16
salutierus,16
devsergal,16
pinwired,16
arschiensfw,16
tookiecookies,16
anamazingrdk,16
cursedvoid,16
gothracc_(artist),16
keiikaii,16
c_rnage,16
witta,16
redtrauma,16
fforcedevil,16
fluffchuroz,16
pogadc,16
albert19990202,16
buxim,16
seraph1mm,16
arlie_meadow,16
elricalde,16
muimui_(artist),16
silly.dog,16
jadekires,16
foxxiee,16
yamantauwu,16
naughtymutt,16
yourmuffyn,16
makoyino,16
roarbowildside,16
monteblanque,16
schattenriss,16
markkleanup,16
mrsnowman,16
dreadded_llc,16
killrabs,16
zomerous_(artist),16
uwdennis,16
yukikingyoo,16
needarefill77,16
countingsheepdogs,16
nicole_chees,16
udhasi97,16
mrquessos,16
gentlemannco,16
buleruby,16
concupicentquadrantz,16
zyra_the_proto,16
illusioncanthurtme,16
plankzu,16
piskodrochkin,16
spwnkage,16
gushoafterdark,16
commodu,16
durgewoof,16
tenescross,16
zhuizha311,16
kanahiko,16
junoandmaxx,16
orangemaniacc,16
kosmat,16
kazumiaure,16
notevilfox,16
fuzzytubething,16
smellykuya,16
pinkmelonsfw,16
neotrinya,16
sever1220,16
taanukic,16
anoelotl,16
akitaar,16
yinyufish,16
notsawl,16
un-stitchedpb,16
drippingfangs,16
orangeshoelaces,16
msv,16
7_phi_3,16
fokker_(artist),16
wintemare,16
marshmamommy,16
nyecenic,16
drakosel,16
snowandmonsters,16
umeroart,16
tons1_(artist),16
suzuki_(2023),16
lunrsys,16
kangartroo,16
honeyswells,16
blake_toxictyproot,16
usamaru_bunny,16
mu64mu4,16
ketandslaycomics,16
awesome_pawjob,16
by_z7my,16
litdeath,16
derpyz2,16
barabait,16
rui_the_sniffer,16
netsumi39880,16
s-hard,16
lolasummer5,16
freakshlow,16
kandyktor,16
slurpjunkk,16
dakadud,16
kodari_(artist),16
konguzai,16
tobafumes,16
ajul_the_thing,16
kitsukinsfw,16
lilacmonarch,16
serafium_(artist),16
aniriteron,16
xxxxx_jjz,16
zk-fur,16
benzfur,16
deckarddragoon,16
xluverihu,16
oboegollum,16
nomibuni,16
thatskelly,16
gutiannn,16
woolly_(artist),16
protoderse,16
odorayaki,16
akai_rat,16
yashtrash,16
arcticos,16
linebore,16
colicolicolicoli,16
starmoral,16
hashi0,16
r4wry,16
naughtylilgoat_(artist),16
chiara_tomasello,16
lowkey_calico,16
the-sonic-x,16
ver26,16
sgtpieman,16
ebt34,16
clownrats,16
minty_en_paint,16
ginmera,16
kinta,15
guardianofire,15
monika_livingstone,15
trannywolf,15
bobo,15
laur,15
dj_mixer,15
heavyteeth,15
melita_curphy,15
beatrix_potter,15
h-yena,15
chaswari,15
frank_frazetta,15
dango,15
animethegreat,15
kentarokun,15
shzuu-kenzu,15
silanth,15
mathias_blackwolf,15
shuu,15
skaven_(artist),15
kodayu,15
ressie,15
yojigen,15
shoksyu,15
kurisu,15
darkan,15
rave_roo,15
melrat,15
v-m,15
leaf_(company),15
keryth,15
funimal,15
pawsman,15
ashendon,15
latinvixen,15
lesserred,15
bunnycat,15
rimfire,15
liquidxlead,15
sawao,15
katou,15
honnomusi323,15
naima,15
turtle-head,15
alakiaiiro,15
jean-jacques_grandville,15
mark_stretch,15
mikomistar,15
iowa,15
bbcat,15
kuroneko,15
mm007,15
azasuke_wind,15
moonbeamcat,15
trezhurisland,15
nev,15
krayne,15
vekke,15
eazilyamewzed,15
kidomax,15
fallouttabby,15
asimofu,15
winterweather,15
dn,15
kathmandu,15
cherryvincent,15
sin_matter,15
rara,15
suraguma,15
ricochetx,15
thekyleishere,15
majorra,15
clover_(artist),15
teaandzebrastripes,15
kevinbolk,15
arnsil,15
beastofoblivion,15
dietyofdooky,15
yugito_pornz,15
eponymous,15
jdan-s,15
durpy,15
dr._erika_cane,15
kitou_en,15
neoeclipse,15
ikura-maru,15
bad_boy_blacky,15
smudge,15
picklejuice,15
ryhaal,15
thecosmosowl,15
minun_(artist),15
ranger_(artist),15
distoorted,15
puretails,15
hashbro,15
nopennamegirl,15
fayv,15
carriepika_(artist),15
lentoto,15
lithla,15
dodoki,15
f.s.,15
jackle_app,15
akiak,15
keshacarami,15
umbrafox,15
glamour_works,15
fiasko0,15
personel,15
sixcolors,15
redigo,15
khary_randolph,15
ne0n-bandicoot,15
makoroll,15
sawsta,15
ayukisa,15
luxuris,15
darksteellycaon,15
p3ntavus,15
junkiesnewb,15
luxer,15
shiwashiwa_no_kinchakubukuru,15
valkyrie-girl,15
zeonart,15
altered,15
amostheartman,15
istelthedragon,15
obhan,15
bon,15
butakoma_300g,15
amortem-kun,15
raeffe,15
omega_lioness,15
rule1of1coldfire,15
posscat,15
elthegeneral,15
himegoto123,15
sythrawolf,15
blsh,15
hamsterinboxers,15
tarantad0,15
vandy,15
ko~kun,15
dobroch,15
thekitsuubi,15
spotty-servine,15
miku1215,15
syntharia_desire,15
ralord,15
theprodigy,15
beek,15
sketchstick,15
cristal,15
hyoushi_maigo,15
centchi,15
merriberry,15
lyk,15
crowneprince,15
theofficialwheel,15
ginger-dilettante,15
pateko,15
swemu,15
yadokami,15
thunderhawk03,15
jhall,15
creature_unknown,15
ozzan,15
hindpaw_(artist),15
ba_r_u,15
agamnentzar,15
aivelin,15
era_(artist),15
teaf,15
hungrysohma16,15
zeerus,15
bellend,15
haniel,15
hope(n_forever),15
taira_(nanibeya),15
erijt,15
shigenori_soejima,15
dosent,15
sweet_slumber,15
saltyicecream,15
5240mosu,15
nachtmahr,15
carolina_eade,15
fleufy,15
vp1940,15
u31,15
fat-coast,15
blood-asp0123,15
lulu_(artist),15
cupcakecreature,15
k009,15
bigtacodragon,15
dogz777,15
psychoticbubble,15
inkinesss,15
ryuuyouki,15
eromangaka,15
drakez,15
zepiwolf,15
gabadon,15
risovach,15
sketchlanza,15
miharu_okami,15
nepkari,15
imperfectflame,15
turborumpquest,15
blackle,15
zoiby,15
rainbow_dosh,15
quicktron,15
aarkangel,15
shiro_(artist),15
the_little_monkey_king,15
verquilion,15
baronvonboschitt,15
kyrie_burnheart,15
alterissue,15
em805,15
michafrar,15
duke317,15
smsfoxx,15
freefallen,15
convicted-clown,15
ml,15
bosky,15
zhag,15
moosebeam,15
the_very_worst_thing,15
lisa400,15
lilmissmetalmouth,15
sourpusscheers_(artist),15
january3rd,15
cavalry_(artist),15
ajonny,15
caencel,15
earthwinddk2,15
killerwolf1020,15
ius-iuris,15
kawaiihuguri,15
gable,15
vanillycheesecake,15
shanta-ra,15
n3xxys,15
dop,15
xample,15
yuzhou,15
louiehaas,15
tachikawa,15
armt,15
randomchick144,15
inkfang,15
chiwino,15
puruuni,15
yonk,15
ezorenge,15
theomnipotentkitteh,15
drawwithlaura,15
jackiethekitten,15
vikacala,15
sean_platter,15
jitters,15
nexis3d,15
rodent-blood,15
chinchirabbit,15
nibenibe4,15
matsumoto-masato,15
glitch-,15
t_zulu,15
david_revoy,15
dustoxin,15
itsover900o,15
emusal,15
stu-the-aggron,15
uncomfortabledrawingfurries,15
sparkbox,15
numenumenumerugon,15
sewercroc,15
landylachs,15
sketchmandl,15
dragonoscuro203,15
rac,15
axia,15
1kmspaint,15
sirairo116,15
sayumi,15
johann_bodin,15
oriform,15
rustywolf,15
bonwolf,15
hq,15
onissarle_(artist),15
nekotsuki_th,15
callmepo,15
lady-tragedy,15
maracaso,15
zarockthewolf,15
lukiru,15
zemata,15
jh,15
gruine,15
kamaboko,15
amiami,15
faronir,15
tristastrange01,15
elkcip145,15
alertmode,15
kusty,15
disastral,15
helvetia,15
soulsfm,15
thehornedking43,15
lengthen,15
sfmarvel,15
sovanjedi,15
sobeit,15
pannonfur,15
feathers-butts,15
nicoco,15
penken,15
dragonclaw36,15
gatoh,15
beefsteak,15
lunis1992,15
ibityuttyu,15
mahkara,15
gingerbeer,15
f-kn,15
dust-kun,15
anyadesmond,15
testosterone_(artist),15
welp,15
kitsona,15
proxythehusky,15
joeyh3,15
sobakaya,15
mrhl,15
das-leben,15
hannerr,15
simpleshivers,15
mamaowl,15
lattynskit,15
monorirogue,15
caleana,15
wagstail,15
jbcoyote_(artist),15
tylertmk,15
octomush,15
radx26,15
ranger_squirrel,15
nash_(artist),15
incubus-rising,15
goobermation,15
woozybits,15
marx50,15
ibsn,15
kichigai,15
dark4202n,15
pizze,15
ami-dark,15
dragonicxs,15
joraglove,15
miss.chievous,15
xyz114,15
gorillakingh_(artist),15
pinkgagy,15
kiwibon,15
variant_(artist),15
oh-onii,15
lewdnobu,15
fozzy,15
kitsune23star,15
martiigr5,15
fredthedinosaurman,15
renrink,15
siqlyprince,15
annya,15
2d-dungeon,15
novabytes,15
possumtool,15
mottirimoto,15
rud-k,15
u-min,15
sean_hicks,15
flare-zen,15
cvoponylynx,15
kawakami_masaki,15
kanata,15
nolhyaa,15
aerospine,15
rafasanruby,15
mituhatiko,15
ketuusage2,15
rioluaural,15
leapappa,15
ki_haru,15
candymare,15
frostclaw,15
medikkuu,15
ultimatemaverickx,15
nightmoonrising_(artist),15
stephastated,15
bloodcifer,15
taviturnip,15
ohnarev,15
masiewtf,15
dzaladan,15
grumpyfart,15
satinsquid_(artist),15
teka,15
sevenpaperplates,15
jarus_kais,15
schnellentod,15
spooktoons,15
halpy,15
samuel-white,15
pandalaw,15
lilfunkman,15
ezume_90,15
jirachicute28_(artist),15
wwwjam,15
konohanaya,15
mb_thomas,15
tyr_remora,15
wolfwarlock,15
flannaganthered,15
liaaqila,15
ragnarokkr,15
inisuu,15
fabuponah,15
yagi_(artist),15
omnia-volo,15
miscell,15
churnurg,15
sindraws,15
dubstepina,15
skydon,15
chimera-song,15
kiyakittensaito,15
kiesan,15
rocrocot,15
alteya,15
thefudgeman,15
r_e_g_i_t,15
melle-d_(artist),15
fredkakes,15
5h4m3l355,15
khexxi,15
okami-san1500_(artist),15
uriel2sb,15
ornge,15
cursing-cockatoo,15
moosh-mallow,15
nystre,15
jushy,15
connecting_y,15
griffnfox,15
bluelove,15
sabara,15
yurikoschneide,15
allie_flendor,15
a_google_user_1902_l,15
spellcasterknight,15
zpronoxys,15
nykun.,15
mimisia2367pony,15
maruzu,15
chunwukong,15
jonathan_the_awesome,15
slimemonsta,15
thealtoid,15
juugoya_runa,15
monkeymuku,15
mythless,15
happa,15
thedjtc,15
hanagasa,15
tongali-goat,15
bananameteor,15
warwolf47,15
daggersnaps,15
cargocat,15
hefess,15
catnel,15
cocadope,15
j-m,15
emilytf,15
sable_serviette,15
paddedpastelprincess,15
granatrix,15
enster_(artist),15
wanda_yu,15
lbproductions,15
royuko_ten,15
kittbetelgeuse,15
the_scale_train,15
dagootter,15
frogbians,15
furby_birby,15
raybee,15
verna_corbin,15
hugelazypanda,15
hopefulsparks,15
bl_s21,15
saltyratchan,15
klimiont,15
hipsterkatart,15
ewgrossstop_(artist),15
malevolified,15
kylestudios,15
caraiothecario,15
shigenobanai,15
yes_maybe_idk,15
prinnydood,15
2lubkhland,15
maze_mix,15
harpyqueen,15
ny0ny0ciu,15
veldismalo,15
sakura_hime25,15
mega2109,15
senpaikitten,15
disko,15
yuseimutu,15
izaart,15
robert_iza,15
joseph_wolf,15
soliana,15
darkpolygon,15
0duub0,15
itsthedoodleden,15
emerarudoshika,15
ruino4ka,15
misfitscribbles,15
peonymami,15
gewdboi,15
tigertwins,15
flamin-hoots,15
roseinthewoods,15
tfed-artist,15
finnickabrenica09,15
gurugano,15
kemonoruka_(artist),15
bloop_(artist),15
fey96,15
drcrafty,15
ammidemonica,15
icecapers,15
marusuke,15
beejamas,15
gooeycandy,15
koshian,15
kreeppykat,15
devv,15
dead_chimera,15
takura_mahiro,15
ximba,15
jigglytoons,15
wappah,15
alviaalcedo,15
pumpkin_knights,15
nonesaint,15
glitcharttv,15
zahnholley,15
kitty123,15
nericurls,15
nightowl,15
vkak_(artist),15
leonstar,15
antonioy111,15
ravistdash,15
incense-sw,15
ottmaw,15
silver-kinesis,15
sleepygills,15
luckylui,15
shinypokerus,15
kaikiato,15
lthsins,15
yivah,15
kheel,15
eddieween,15
edible2582,15
hikiganebousou,15
pakyart15,15
lambda_(kusowarota),15
adeptussteve,15
spoongoon,15
ikeychain,15
prismhawk,15
tigersaber,15
nejikyuu,15
torso_(hjk098),15
kinto-bean,15
strawberrymilk,15
kingbigballs,15
lemon_andy,15
lazyraincrafts,15
kingbang,15
nekonorin,15
foxgoo,15
bigroundlion,15
tunrae,15
daijouvu,15
hakonsfm,15
bugchomps,15
dango_ya,15
wrongillust,15
acci,15
lolo_aburto,15
catblue01,15
liebling_(artist),15
m-oni,15
pokeshima,15
ryured,15
mattgreenholt,15
stygiandragon,15
genu,15
razor-z,15
arumidoge1108,15
renarde-louvre,15
jirs,15
metriaus_(artist),15
burgerdragon,15
dukeferret,15
scarletmurr,15
stoki,15
dx-shade,15
generalbutch,15
kakfox,15
rimarabernadette,15
ipangherefun,15
the-secret-x,15
saulotheman,15
knightcaptainalexandr,15
banzu,15
tyabo6,15
delldogzone,15
lucasmolla,15
behemon,15
opheober,15
pucconici,15
merlin-the-bruce,15
supertrashparty,15
elvenchudik,15
shinonome_1r,15
wrestle_tiger46,15
n._t._crotser,15
shiponda,15
cosmic_starla,15
the_gingerbeard_man,15
arley_dog,15
rahuhe_(artist),15
vespertellino,15
gryffindor131,15
takajoh,15
romecartoons,15
pm8sleepy,15
uzikowa,15
lewdlilies,15
mediamaster_127,15
amberuzkaa,15
jen-iii,15
mhhm48759902,15
abspony,15
berbecmic,15
celinefoong,15
ritsuxz,15
isimiso,15
artist-unknown,15
hiddenrynk,15
r-e-l-o-a-d,15
reallyvinci,15
cakenameless,15
snakeythingy,15
furewix,15
nakedsharks_(artist),15
nuclearcheshire,15
kreddits,15
techycutie,15
creepy_gun,15
arrowheadx,15
yako,15
bigboarjun,15
hochudeneg,15
mayogii,15
adlucinori,15
popvalenok,15
eikichi,15
seelas,15
mochi-bunn,15
turkburg,15
spookitty,15
ladystark,15
dariku,15
greywolfnsfw,15
bigeyebrowsdoggo,15
ayu_(mog),15
stormwolfbaron,15
likalo00,15
pechi,15
sawacoe,15
nobu_baka,15
leigu_bear,15
costgrowl,15
adexi,15
foxard,15
shiyan_429,15
nomipolitan,15
mew-me,15
joonyash,15
rhythmicslither,15
reikomatsu_(artist),15
doctordoctordoo,15
siambei,15
darkgreyclouds,15
mithobits,15
misutaaurufu,15
jaybat11,15
thepinkdemon,15
chocovania,15
shirota_(artist),15
naaidden,15
leaflizard0903,15
artofreina,15
megazone23,15
marykimer,15
gdrzhuowolf,15
larsclue,15
extremelydevious,15
commando125,15
hinyo842998,15
sizaru,15
bigfrogs,15
lizzy_imo,15
blak_dragon,15
vertix,15
presstodraw,15
sybilthesnake,15
682.,15
sciguy429,15
mcnostril,15
voronin7,15
calyx,15
eureka_brider,15
russec,15
pederont,15
jdmosh,15
trejo_the_zoroark,15
koh_say_hello,15
rexarum_(artist),15
sparky0w0,15
minontui,15
lazyblazy,15
eater_of_snacks,15
senedjem_(artist),15
kenji_blake,15
mark_gavatino+,15
smokeygraypaws,15
doomcat,15
agwii,15
renardgia,15
buieb,15
voreg,15
zanjifox,15
kyokj,15
nalli,15
fightorflightsfm,15
gakrabbit,15
draconicdeity,15
alderaie,15
sarkery_drawings,15
morton_o'connor,15
entropystar,15
uosaasou,15
neamo,15
autofurrart,15
foxbl,15
ababababa_nova,15
blkmnstrr,15
ratcult13,15
mcarron,15
taiga-blackfield,15
boiled52738691_(artist),15
eggy-b-official,15
stray-sketches,15
2nckw3i,15
ramoncrimson935,15
kohitsuji,15
neotamine,15
marco-marco,15
zkott,15
ryuuzaki_ichi,15
ithan_van_gurp,15
salaciouscarnival,15
pizzabro,15
leria_v,15
maxwell_longtail,15
aioi_u,15
deardrear,15
hiroshark,15
itsnero,15
sillybirb,15
dhioraito0,15
scribblescritch,15
mimice,15
meljellow,15
marcus_poorner,15
milkyaster,15
hasheroo,15
fennefox,15
xestyus,15
goddess_ishtar,15
yersonlloyd,15
korwuarts,15
darekunslaad,15
synfulart,15
argentite,15
albertosgt65,15
duckbutts,15
linxsysart,15
saintsupervoid,15
issiki_kikaidou,15
steven_purifoy,15
blazer_the_fox,15
furscribbles,15
lilcone,15
zombies_in_soup,15
qoqu,15
inkicrow,15
cuttoncandyhair,15
chebylamb,15
gameman5804,15
sweetreat,15
jailor_eckman,15
sfmcarbonfreezer,15
birdcatdeer,15
eugenyblack,15
chezz_daem,15
jek_(artist),15
neonfragment,15
chubbiepeachie,15
rdafterdark,15
xorall,15
corvusthefox,15
adozthechipmunk,15
togy,15
laincora,15
xnxiaoniu,15
weakplacenta,15
dominique_89,15
chandlerwildlifeart,15
the_osusky,15
mcdkmoon,15
rob_schrab,15
thecybercg,15
bearapologist,15
ketikake,15
giakouworks,15
cinnabaron,15
aruji_yume,15
vanillamilk,15
marrqq,15
justnyarla,15
lilboots,15
unost,15
chameleonark2307,15
jhojuju,15
catzk3,15
morgore,15
apron555,15
dogiflan,15
@entropic-doodles,15
incubusromeo,15
!puddinfluffy,15
gieloucc,15
cheddarcheezey,15
theonibrony,15
kosukerw,15
lilycelebi,15
kasumibun,15
cyberzyd,15
siko01hero,15
vanillaneko_(artist),15
shrinkybee,15
spicepupp,15
eorzea_riley,15
villjulie,15
finnfoni,15
alphaandrenew,15
isabelleorgasms,15
meadow_(artist),15
wurzzie,15
zafox_id,15
balloon_19,15
dark-bark,15
campionl,15
yuzubull,15
eugenemironov17,15
abyssalspoon,15
shiankochan,15
fawningadoration,15
remoblockade,15
fg2000,15
fringie,15
tohjoma,15
arrived_le,15
princess_lemonchan,15
bugita,15
jocat,15
misty_bun,15
sebthetree,15
johnarthur0,15
kinshi76,15
n00bn00b,15
naga6kiwi,15
hokai_(artist),15
dibujospedorros,15
fizzyspidercider2,15
666soul_s,15
hydethehybrid2000,15
yukage,15
natyashork,15
ravernclouk,15
sixcorrupted,15
lambrey5,15
carnejo,15
iodkril,15
aroni_sketched_(artist),15
scribbleshentai,15
sakurakazuki,15
ogretusks,15
sanguinepuppy,15
kinky_queen,15
eric1947,15
azuratheluxray,15
anngold,15
amano,15
fujiqaq,15
hayabusaart,15
kato1995kk126,15
nyarusanlove,15
kibbleztheyeen,15
supay,15
annoyedclaude,15
asagi_009c9e,15
yanchek,15
esthervanhulsen,15
artkimono,15
sharkins,15
ocon,15
umoumoufuton,15
moyashi_udon,15
koboldmaki,15
pokecider,15
zigzagg_(artist),15
albinoturtle,15
cephalofille,15
mil_k_vanilla,15
chubbymeel,15
rvldlufsyyusigc,15
bae-mon,15
numypome2,15
sleepyeto,15
thenypod4,15
svenka,15
sourbeefio,15
oragon_seis,15
asicah,15
sylic,15
daxit,15
pem-sama,15
kashioliverart,15
rainbow_pawz,15
zeebsart,15
mokako,15
heavenly_butts,15
zankraken,15
aldafterdark,15
zhyndys,15
ryuroo,15
reviruu_(artist),15
dwite,15
ningigi_(artist),15
bit_synergy,15
inured,15
boyjacent,15
hashioaryut,15
loviakemi_(artist),15
asses4themasses,15
kimsretroshirt,15
legless_dog,15
spicynutcola,15
kyvu_(artist),15
owlfoxxxy,15
bearnardo,15
momikumo00,15
jaybunimates,15
crunchydragon,15
whitestia,15
a8taka_ism,15
sclyre,15
mitch-kun_(artist),15
overlong12,15
detonassion,15
balychen_(artist),15
yoink_0,15
chanoko,15
fluffpon,15
yakiemon,15
rekachi,15
cira_nova,15
doggujulie,15
grubbutts,15
lewd_juice,15
zanru,15
fafameow,15
oonekoh,15
kcyan12,15
sodabae,15
8rapeco_kirin,15
phantomsempai,15
jetstarred,15
mf_uncen_(artist),15
kelliker,15
flitka,15
chocomint_kytty,15
huskero,15
svehaq_(artist),15
dantamer,15
drathe90,15
honeypie~,15
igaragi,15
fluffybardo,15
n-ronin,15
tafumi,15
mimaz,15
furryjuana,15
rathalos122,15
analognsfw,15
ahotandsweatydog,15
huag,15
vilya,15
shirorisu_p,15
brknpncl,15
aubreybun,15
wolf_(wolf25920441),15
plumpeachplus,15
matola,15
bonksoundeffect,15
sabercundo,15
thunderkid92,15
drawnpr0n,15
stray_moth,15
hiiro_h,15
onigiri450,15
chumpbunny,15
kerim_will,15
elixir_(artist),15
specterheart13,15
darkhunter5168,15
pepe_(jonasan),15
pixel-v,15
alexjohnsonart,15
mossly,15
spoenerism,15
fenixman12,15
ramzo89,15
taffyfever,15
d3rpsfm,15
gouransion,15
etherwuther,15
galsteaks,15
dududud_duu,15
keshkresh,15
ariyakonsuay,15
zerab,15
presuk,15
azu_(pixiv),15
ufo200,15
resko_gothzebra,15
lmscccd,15
dodger_akame_(artist),15
danified_pastry,15
jadysilver,15
thewubzhell,15
meat_sweats,15
rikatsuky,15
krazak,15
kaorisorahoshi,15
kkittynomore,15
archermouse,15
crumpetsfennec,15
loops_boops,15
linkle_(artist),15
asdaft,15
dumper,15
gunmabun,15
monnsfw,15
neon-serpent,15
rimau,15
ratasstouille,15
hydra-lic,15
newalein,15
auga,15
the_fiend,15
disgustiphage,15
lingchiyun_(artist),15
lirileuu,15
baconbirbb,15
maaradjayt,15
69yano69,15
akkira0708,15
reiikz_(artist),15
kaydude,15
mixumbox,15
ghostfacenikol,15
tfhellhole,15
lazergroove,15
taylor_krahenbuhl,15
a0960212623,15
protosaru,15
xmagickx,15
sneakymouse,15
shinef,15
y.kaila,15
strangerot,15
carrotgitlewd,15
mijinko,15
donmarcino,15
shimmshamm,15
nemata0,15
thrumbo_(artist),15
holy-sorrows,15
suinart,15
nascentdoom,15
sensualstroke,15
cobyiez,15
soutoku,15
celces_(artist),15
kikoepi,15
degooed,15
buissonrenard,15
whorlywhorl,15
beta_pup,15
redhour,15
44odosi,15
lunariumn,15
ecrivl,15
bnom92,15
kamex,15
ediblerabbit,15
lvst,15
dirokuvu,15
keshary,15
dustyscooter,15
furswagga,15
eldritch_dice,15
skitsroom,15
th3cyclop,15
dovahkaaz,15
cydex,15
dogocurry,15
wildpupper,15
gekookti,15
iwantdiespoopyboi,15
luto_tori,15
edaorim,15
trin-opillise,15
oa_reeeere,15
akirasan36,15
joltartworks,15
tricky576,15
uncle_beepis,15
the_other_onez,15
half_assin_it,15
cronicle_(artist),15
muttzone,15
tiredpinkpanda,15
tkd,15
anotherdeadrat,15
voracivulpine,15
percypawz,15
tyln7000,15
spooperbeebutt,15
konoe_anim,15
meme_(pixiv),15
dgollama,15
nortllos,15
joxh,15
pshy3214,15
nightmaredraw,15
@113poppy,15
squishrug,15
rio7,15
cherryslice,15
enderbee,15
grawl_(artist),15
mr_freckle,15
brothersmiler,15
diviously,15
twhit,15
getthly,15
luluwoo,15
kmnsaur_(artist),15
frei98,15
pleasantfurrini,15
micropaloma,15
fuzzyplace,15
compysteps,15
oz_the_freak,15
cookybea,15
fresh_knight,15
beyond_expectations,15
youhan55,15
terrcofr,15
charliebnnuy,15
gorbin,15
frisky-cabra,15
laiweitui,15
mohoshadream,15
cloudyday,15
waux,15
saki_pokeoekaki,15
knoxdex49,15
funfoxtime,15
davyluiz,15
vusvox,15
sleepy.inkzzz,15
maxine_red_(artist),15
saiper,15
vornymon,15
trolley_cat,15
jose_bonn,15
taneimo_drop,15
risya,15
watmeedraw,15
convex-silicone,15
happyhyena0,15
fishburi,15
bigl1463,15
watakofu,15
otverrtka,15
galaxyhusky,15
flavorcream,15
gko,15
degenpit,15
soldogcat1974,15
hentai_nana,15
riron_blep,15
solumartifex,15
rafacr,15
si_if_jes,15
lomtik_(artist),15
lirok,15
mercfox438,15
onigirichan_art,15
anthropophagiac,15
bumbusbee,15
kylethedesignernsfw,15
prime_booba,15
pinkomeno,15
cheshii_(artist),15
pilot_zeg,15
buttermymaw,15
markuserdtart,15
rusters,15
cansueny,15
destructhebox,15
orso_(artist),15
leru,15
collie_calamari,15
james_heart_(artist),15
squeed2115,15
amujamu,15
toyaaaa_chub,15
dwighteisenhower,15
leafhedge,15
basati,15
tinyghostly,15
vetraxus,15
bunthefen,15
yosino3968,15
someonelikedawn,15
rainey_(artist),15
tsukuyomibloom,15
dravisdraws,15
mokuhankan,15
neryupmum,15
rushrabbit,15
pizzarna,15
chip_the_vixen,15
louisl034,15
mystery_(artist),15
wyq,15
kinxarts,15
melonca53654294,15
synthpara,15
high_rhulain,15
ubecorn,15
arvanik,15
el_pudu,15
femurslemurs,15
popapipe,15
typhoonxvii,15
elio_bones,15
carbonatedpixelz,15
woolfyubari_(artist),15
vitalevulpes,15
squiggleflop,15
pxp,15
coreboot,15
ser_dad,15
jaiblizz,15
thatdragonkyle,15
ppaljang,15
tynami,15
wantafutoshi,15
xanthraxe,15
marcownano001,15
takau92729,15
weekyle,15
gukaito,15
candithewildpiggy,15
puppycritter,15
blue_dingolf,15
regina3d,15
quiteunusual,15
magnuswander,15
suplosers,15
vixx137,15
inxt,15
teiranova,15
geny_ctm,15
leoshasam141,15
amraleo,15
tyunderline,15
maleq,15
yoamaome,15
nekuoneneko,15
molu9818,15
svanarts,15
bone_color919,15
gallows_(artist),15
demonbunnyalice,15
valorious_graham,15
nika_vizard,15
rattzkull,15
felicityfux,15
friskykitsune,15
acqua_lizard,15
krokett,15
deadpuppy,15
blancws,15
sharkbyte,15
pukiad,15
dobbysstuff,15
celestialcat,15
udon_restocker,15
pawmotplus,15
peterhl,15
shwungus,15
el_oztoatl,15
sunkevin5885,15
voidlexus,15
uwo5,15
fekhesk,15
kyojufolf,15
sewerchick,15
bananapop,15
toxic_inkie,15
tamymew,15
jr7luckytanuki,15
kaiju_rat,15
indecisive141,15
jinnjuicin,15
nuglet,15
moobsloobs,15
yazawaowl,15
kawaifufuko,15
natsu_kagawa,15
distortist,15
nekogyo122,15
dumbbibat,15
zeromittens,15
mjeow,15
sandra_lee,15
seda_(artist),15
feralkittyclawz,15
derekunleashed,15
sugarnsalt,15
ayamenora,15
naru_ga,15
canines_x3,15
yongback00,15
taurodin,15
red-moda,15
reclusivesheep,15
biboioioi,15
hagio_graphy,15
manys_art,15
southpawloup,15
fluxred,15
uranussora,15
neogeddon,15
damion_the_skeleton,15
elmeganoob,15
wayvemayker,15
maionaona,15
crimson_reddd,15
purumuhugr,15
deimos_wolf_(artist),15
kolbalt,15
lino_ttarius,15
huronapicante,15
momohseki,15
carnalcorp,15
dooblebugs,15
ian_mimu,15
anglofikator,15
boredcraft,15
hallowmob,15
malacandrax,15
hellgate_(artist),15
bettrdoodle,15
twisted_siamese,15
grounhounse,15
exuvialremains,15
arkyhorny,15
mintwo,15
geeksandkicks,15
dapuffster,15
kudalewds,15
ydvavofi,15
sigmaquack,15
youzo3322,15
ajsdoodles,15
e_fisher,15
supersponger,15
kiro_za,15
delp,15
knuciuc,15
random_seafood,15
emcy_you,15
comida_shina,15
queueqew,15
cocokun!,15
the_worst_account,15
armorv1,15
marikedrawinge,15
kaiwhero,15
cuteyaki15,15
manchotchaud,15
oflo_up,15
apollo_sunshiba,15
fpop,15
sketchiest_affairs,15
dasha497,15
rusttrap,15
darkcatto,15
nel0,15
peppergiz,15
joydoesathing,15
chaoticdream,15
byuni,15
adesertdweller,15
kardamoni_(artist),15
sergemeister,15
blackhlesun1,15
inflateresponsibly,15
mollybean,15
xeleth,15
butanchu0426,15
mr_terminate,15
provocative_pixels,15
milkywayos,15
fuenmax,15
xxstrangerxx,15
kaysuoae,15
vixkra,15
lookabooboo,15
bug_pk,15
chastisedhorns,15
fattyjakalope,15
plague_of_humanity_(artist),15
hornsonhalos,15
obagcron,15
iefcuadricula,15
jn_y4,15
hopful_anomenoe,15
kolbasska,15
kiyokiyowou,15
teboombear,15
tokiwairo_0412,15
antartikat,15
the_battery_is_empty,15
dojyaaan,15
amonex403,15
spookumz,15
sspeckledeggs,15
mako_pbw,15
khallion,15
dr.ivopingasnik,15
niedopalek,15
hoopsiedasie,15
lairsadebaron,15
mebi,15
manuelangasfox,15
orix_(artist),15
vytelux,15
arlindafox,15
zeelittleprince,15
tiredlycrooked,15
toastking0210,15
bon_horny,15
hawkward_(artist),15
maplefutz,15
hornyjohnnyart,15
silvermawx_(artist),15
j_humbo,15
kisuzu_rumina,15
shizu_ponnu,15
kasayoru,15
knottblocker,15
akavaps,15
negitsururu,15
32up,15
mayathekobold,15
luryxia,15
curlyboy,15
muffanphetamine,15
maplecuptea,15
lepixius,15
wonkytoons,15
koshkame,15
orfiarts,15
tobiastns,15
shy_bun,15
moonringred,15
creoquedibujo,15
neroconiglio,15
anix_space,15
bestdayever2233,15
pancakeduck,15
rple_p,15
demonkingdaemon,15
leafysky22,15
boni_kasatteru,15
nyarlarsche,15
ras_soy,15
churrokat,15
waxer_rys,15
wanderingkitten,15
mars_zero,15
djtron,15
howardk1999,15
hildadiasss,15
ay_husky,15
zh_tiger_wolf,15
lunarunah,15
project.c.k.,15
scratt9,15
tygerussy,15
simplementeyeu,15
whussyarx,15
flirtybagels,15
slyfoxyboy,15
artansy,15
badaboomey,15
oomikamimimiko,15
ambercatto,15
darktheartist,15
aricanruka,15
colinnpc,15
filthbrain,15
zoro3321,15
steshka,15
mettdesign_(artist),15
n1ks,15
shorties_tavern,15
m394m,15
tiangou_(pixiv_id_74279105),15
rodos_trail,15
cosmic_shroomie,15
bluebriararts,15
hongikko,15
breezybtz,15
bagelbuttz,15
xemxemgulion,15
ohagi_(karakoro_neko),15
mintcat2778,15
grthgry,15
miitro_d,15
undoubting,15
krusemeister030,15
kedamonokamu,15
cowboyrut,15
don'tcare4u,15
bastianlionheart,15
furferal,15
juneaujumbles,15
glimchip,15
alltoospicy,15
jyhls,15
not1gutzz,15
itislundi,15
cybrrexo_(artist),15
bites_night,15
morigoeshard,15
rockarollahaze,15
atotom912,15
luunah48,15
hornybnuuy,15
ketvesce,15
notailfox,15
youngcrespo,15
enveemve,15
impamy,15
bedbug_(artist),15
claycastle,15
im_fell,15
pincparti,15
indura,15
hakiiru,15
localmare,15
zedara,15
jonte_artis,15
hsiangarts,15
ryoryoryo_20,15
zionpride,15
dz4023,15
illusory_fantasia,15
noofywoof,15
uhc_901,15
numaro,15
hallucinationdream,15
truewerte_(artist),15
dld0803,15
meowny,15
adiosver,15
boneofarc,15
eirikbat,15
rickxoxomorty,15
liamszzz,15
6saw789,15
4random_user,15
dovedog,15
kuraler,15
geckit,15
manso2008,15
homar_simpleton,15
tirtthething,15
kromaticatrocity,15
shock_trooper_(artist),15
^_^_(artist),15
fenixfang,15
maikamiaka,15
bikopie!,15
kadedrawz,15
casualredjerk,15
deafcucumber,15
elske,15
hamapup,15
aureliusgvh,15
kittypooka,15
eeveeatheart,15
kokopuff_kross,15
hotcoffeeguy1,15
cardboardcoffin,15
kurocchi131,15
ghostspookygoo,15
furkito_mlt,15
oliver_red,15
jessiborowski11,15
darkinjection,15
wonky,15
synisterwrath,15
littlevioletart,15
sstfff3,15
daweregoat,15
kinddegenerate,15
badjujuarts,15
yeyue0823,15
stockingmiami,15
veyperblubmi,15
nyochandesuyo,15
utako_yamada,15
nikita_vulpes,15
mitch_b,15
midnightmacaroni,15
dark-tangerine_(artist),15
luca_lyesend,15
picklejar_(artist),15
huejangmyeon,15
scribble_note,15
cyberdiaperman,15
sdv4x,15
klowntearss,15
planetxylox,15
jordangtxle,15
cathriellrue,15
john_d_batten,15
revytea,15
ghstaquila,15
fairypuppers,15
yeoon,15
ramfox,15
mox_white,15
jameswebert,15
doorglin,15
john-rook,15
applebloom_love,15
darkpine,15
u-naduki,15
indigonanu,15
fawxine,15
prettyjelly,15
marielx,15
froxyfox,15
connaugh,15
huebtantio,15
novada,15
whitepawws,15
jacques-laurent_agasse,15
fizlok,15
malaguetista,15
starcatbloom,15
lewdydoodls,15
karmalow,15
succulan_holp,15
caluo,15
alessandra_de_bernardis,15
danny_panny_pie,15
lilliththeskunk,15
greykibbyad,15
muffyteru,15
pathetic_pagan,15
romar,15
bwuhterscotch,15
alchesmity,15
rattokamu,15
kokokokokodari,15
bimtimtom,15
11oaksfall11,15
rosetta456,15
powerrabbi,15
lexel732,15
pyke_the_panda_(artist),15
an1mal1nstinct,15
saltomodachi,15
sarah_jaffe,14
civasco,14
inu,14
push_tyber,14
moth-eatn,14
blue_panther,14
david_buttenshaw,14
aun61,14
jeddibub,14
khreis,14
severedmind,14
missmonster,14
angyl_roper,14
fatpanda,14
frank_gembeck,14
hidamaru,14
leetah43,14
sambot,14
degi,14
iloveknucklesshadow,14
eimieejaxxon,14
dmilesfox,14
darthiawolf,14
lynxie,14
quadrackss,14
clup,14
little_egoist,14
ddw,14
masao,14
el-grimlock,14
kurayamiryu888,14
waka,14
nalvas,14
eve_(artist),14
wonchop,14
ryoi,14
shanti,14
toudori,14
gun-modoki,14
raikenji,14
spartan-029,14
knoxin,14
pumpkinskittle08,14
supinhas,14
miravi,14
aoh,14
fatbat,14
shippo_(artist),14
irugan,14
nanaki,14
darksonic250,14
mahonex,14
wdf,14
beeboi,14
ironbadger,14
zombieaddict,14
airisu,14
kristorz,14
glitter_pills,14
peikani,14
wewo,14
trakker,14
dokudoku10,14
candycorn,14
wo,14
kemokemo_gdgd,14
phenris,14
klaude,14
docwolph,14
mechasheep,14
akira02,14
ronnieraccoon,14
nejita,14
fleeks,14
usatarou,14
corn_monkey,14
kjartan,14
kyuushi,14
big_daddy_cruel,14
eric_deschamps,14
dendron,14
selty,14
zeon,14
mistywolf,14
bahamutdragons,14
iyx,14
bluekyokitty,14
dkstudios05,14
palelady,14
torisanshou,14
mick_jones,14
drahi,14
cfox_furvert,14
jakneurotic,14
thanekats,14
vlade,14
jhallpokemon,14
donkulous,14
kryvian,14
zaruchen,14
akatsuki_yuuki,14
homura,14
br0ny,14
digoraccoon,14
defiler,14
yuuki_nobuteru,14
sharpwriter,14
sqrl,14
kaizerin,14
kiriska,14
teygrim,14
simone-sam,14
lunardiaries,14
ruger181,14
oceantiger11,14
ben_wootten,14
muinu,14
misonou_hirokichi,14
ryuukiba,14
kittybird,14
aiiyumi-chan,14
rufio,14
ozu,14
thewormouroboros,14
ocesome,14
toxicko,14
monokuro,14
natmaxex,14
lexx2dot0,14
gorepete,14
discordthetrollest,14
tuka,14
bluebeat,14
maf,14
cashewlou,14
sponson,14
catinyourcloset,14
melissa_dehaan,14
slyredfox,14
t_(artist),14
faustie,14
third,14
renakunisaki,14
skunkiss,14
sahar,14
riot_(artist),14
kwsmithjr,14
coralribbons,14
cannedtalent,14
dark-dragoncat,14
demonfoxtukuma,14
snow-body,14
fruitbowl,14
nick_stadler,14
steven_belledin,14
odysseusut,14
deerkosprince,14
aggerey,14
agge,14
emon-yu,14
hyperandy,14
yoshiyaki,14
zhanebx,14
bins,14
dragonkingi,14
utaurule,14
zeldafan777,14
fishtits,14
theformlpganon,14
fantazyme,14
liya,14
ikki,14
dantalian_letrou,14
tamago,14
uroroze,14
ran'ou_(tamago_no_kimi),14
kiki-kit,14
shirogane_usagi,14
shuffle001,14
out-of-the-boks,14
seraphim,14
whitearabmare,14
justinianknight,14
inlucidreverie,14
kral,14
xdraws,14
nukikrueger,14
michael_powell,14
forgemaster18,14
redrantem,14
nyne,14
rain1940,14
quere,14
affanita,14
jokerpony,14
eos9,14
robert_the_husky,14
himeric,14
mau5,14
bladetigerx,14
mellow,14
razrroth,14
wuffen,14
ero-kimi,14
ann-joanne,14
sporefox1,14
di,14
np447235,14
nana_(artist),14
minnigan,14
doctorplaid,14
burokn_rahata,14
ovcharka,14
exceldamage,14
vileraven,14
kinakomochi,14
nekoru,14
sugarcup,14
barrault,14
irudana,14
mochi.,14
blueparadox,14
dusker78,14
jackos92,14
kazu_i_musashi,14
larro,14
mel_fluff,14
kenichi-shinigami,14
leaf_(artist),14
darkwingsnark,14
dragonnis,14
regura,14
deadlamb,14
madessi,14
chirijaraiden,14
yashy,14
c-moon,14
donutwish,14
mattspew,14
jailbait_(artist),14
kahisys,14
dragunalb,14
gall,14
raymond_swanland,14
jingaidaisuki,14
wawor,14
xonxt,14
armadax,14
az-pekt,14
solux,14
zenywolf,14
sootsprite,14
tokkileul,14
mistresslutea,14
mithrie,14
thedrainpipe,14
jathiros_(artist),14
scofa,14
jwatch,14
vodkaroo,14
meirro,14
taro_jinbe,14
batboyexe,14
pupster0071,14
phuram,14
peter_mohrbacher,14
krahnos_(artist),14
snak3-charm3r,14
stainglass,14
divskr,14
bluekite,14
47reaperz,14
pedrohander,14
slackerthehacker,14
the1xeno1,14
foldeath,14
layeyes,14
yuki-zakuro,14
hazdak,14
vaanrose,14
oosuko925,14
raver1357,14
nine-doodles,14
fernin_(artist),14
nikubou,14
furiarossa,14
star-gazer,14
ryan_barger,14
anne_stokes,14
klippy,14
rakurobit,14
mitsi1991,14
psicoero,14
kawakami_rokkaku,14
seven_pear,14
delicious_orange,14
junqspace,14
fuzzynen,14
mechacockzilla,14
pogonip,14
synjodeonecros,14
cultmastersleet,14
squidbiscuit,14
saoiirse,14
nyosaku,14
darklord92,14
bellhenge,14
mashi,14
shishi_(pixiv),14
trickypup,14
castia,14
patapony13,14
cynux,14
ironmane,14
flashgitz,14
technojara,14
saburox,14
vithanaeko,14
samsquanch,14
ohmymarton,14
drvee,14
aleutia_the_weasel,14
fictional,14
blue_dingo_(artist),14
siangian,14
ninetailfoxsoul,14
yomari,14
myshanti,14
anshinmama,14
ugougou,14
toycat,14
animalcomic96,14
minnnanihanaisixyo,14
mintytea,14
multiverseequine,14
zorayda,14
reki_(artist),14
nezerith_(artist),14
rimle,14
dulcine_(artist),14
furryruisu,14
spectrumbeat,14
fierysintle,14
pupuliini,14
ikimaru,14
sayfate,14
zestibone,14
negimeki_shirako,14
amesho,14
artsyomni,14
fuwamoko_honpo,14
galaxyowls,14
realsupersand,14
creativecrystal,14
daguma_ketsu,14
uwaxaa,14
lacrimale,14
tsukithecat,14
vinylwolf,14
wolfdave96,14
cy-b,14
inkbird,14
supernova_(artist),14
rukirufasu,14
himazin88,14
fenrir_connell,14
k-kopp_(artist),14
scolexxx,14
mrbfox,14
fauxet,14
zabanya,14
tragerotica,14
asagurble,14
goomrrat,14
fly-sky-high,14
blueydingo,14
sirkus-pandemonium,14
ziromaru,14
homri,14
jawzzz,14
nganlamsong,14
mizuryu_kei,14
onixtymime,14
ea657,14
dekkernsfw,14
prinisdead,14
phoenixkenny,14
kirandash,14
bananainquiry,14
wan1357,14
hisoka-bear,14
conmanwolf,14
nathanandersonart,14
izzyhusky,14
the-nsfw-diner,14
somcrule,14
uhe,14
peachypop34,14
pinle,14
774nanash,14
takiro_(artist),14
kly_(artist),14
somessedup,14
oldmangunda,14
angrysod,14
tiramizu_(artist),14
franniesdoodleblog,14
.exxxecutables,14
bangcanine,14
phausto,14
iris-sempi,14
echo_(artist),14
sfmanski,14
someonesomewhere,14
thepersonwhoateme,14
cyrilunicorn,14
atlantart,14
kinkyfolk_(artist),14
waywardlycan,14
zorrojugador,14
abbystabby,14
fedubeat,14
secretsecretson,14
piffmiff,14
humming-fly,14
allosaurex,14
dynewulf,14
white-ryce,14
amannamedn,14
blackmustang13,14
new_life,14
valenok,14
kemow_(artist),14
hitmarker,14
mimonel,14
afkregen,14
treevil,14
penumbra.loran,14
ezee,14
srnecka,14
luxjii,14
gutter_tongue,14
yeyeialba,14
katsuka,14
koromaru07,14
aerostoner,14
rodenbeard,14
valmar,14
nievaris,14
carbontrap,14
ricofurlow,14
logancure,14
bopsy,14
feazelbal,14
orekemokemo,14
kemofmof,14
frostbiteposters,14
tktk_nmnm,14
simonsaysgreen,14
ecioch_(artist),14
greenbrains,14
kunie_funakoshi,14
a4r91n_(artist),14
aboynamedcandy,14
silverspecs,14
mendezsfm,14
parasin,14
flamdragon1-,14
chide,14
somberday,14
shay_niles,14
pornuploader,14
shiro-ku,14
orangeandbluecream,14
portia_(artist),14
oolay-tiger,14
simonsoys,14
dailybrionne,14
torajimaneko,14
mrfroggy,14
spaghettistorm,14
kiririn-chan,14
thaddeusmcboosh,14
taafee,14
qna,14
zeny,14
huffles_the_fox_(artist),14
thatotherwhaleoil,14
jitterbug_jive,14
honey_the_grizzly,14
mask-katze,14
aliceub,14
rebeltaxi,14
necrophia,14
kobayashi-maruu,14
jongjong,14
theshoujoprince,14
bldymalice,14
daemon_amadare,14
nogitsun8,14
vulpinemutt,14
aurion-magnus_(artist),14
battlehog,14
echi101,14
lilboulder,14
deazea_(artist),14
tokyozilla,14
crayzee609,14
celestiadragonknight,14
azai,14
kyarara_renan,14
bappers,14
kidakins,14
calicocoquettte,14
devils-brandy,14
super_em_dog,14
redmatzoo,14
mccrazy,14
boonsky,14
crab_(artist),14
x08201214,14
dr._chaos,14
hirekam,14
cold_water,14
insane3d,14
rokujushichi67,14
paddedpaws,14
lovelierfreak,14
sirwogdog,14
hyena-teeth,14
frenzyfox,14
deadliestvenom,14
thechaosspirit,14
moxlewd,14
fibear,14
obelys,14
sarcasticcartoonist_(artist),14
wetcircuits,14
springs_rings,14
nekomaru,14
prismaticdragee,14
spoonsh,14
coloncapitalt,14
pisipisi,14
simkaye,14
blu_anubiz,14
amauchi,14
tobifireflies,14
rhorse,14
kyuritizu,14
gyroesehni,14
peachick,14
cinnahipster,14
swarmcreator,14
spiderdragon,14
angehistoire,14
red4567,14
arthurclaws,14
yoorik,14
arcturus.,14
rainter13,14
lilwuffler_(artist),14
buttsaucer,14
mando0205,14
reeysth,14
50shadesofheliolisk,14
rohunt,14
proud-lion,14
panrill,14
sexual_icecream,14
ergonie_(artist),14
durtyanko,14
pigeon_(artist),14
bitw_(artist),14
yeenkween,14
kitradragonfox,14
pleasuremoan,14
magicalnivy,14
raruru,14
hoak_(artist),14
wolfshadowscry,14
mozzarella_(artist),14
wenyu,14
yakukid,14
cvictorrosso,14
hellabrany,14
baronshoebat,14
davix-ilustrador,14
ice2g,14
naokirainbow,14
kuvshinov-ilya,14
eliasericson,14
acteus,14
sossybritches_(artist),14
outlawmonkeyx,14
igniteer,14
ballisticblue,14
fak3d3ath,14
slobbyslapper,14
azaki_inuyama,14
raki0v0,14
tro_pikaru,14
psyka_delik,14
arhoangel,14
kumaura721,14
xinjinmeng,14
tomoshibi_hidekazu,14
wilvarin-liadon,14
crimsonwolf360,14
troubledviper,14
sliceofpiecomics,14
scruffyturtles,14
adopt_planet,14
feijoa,14
arzonaut,14
odvunir,14
pihii3,14
maximilian-destroyer,14
gomsin940,14
boederman,14
shadonk,14
luckylombax,14
crystal_knight_(artist),14
angra,14
nickfaire,14
aebafuti,14
caffeccino_(artist),14
deurosion_(artist),14
glamator_(artist),14
nexusofstarlight,14
umarun-k,14
gloomyguts,14
sudo_poweroff,14
patchcaacaa,14
keriage,14
hibiscus_tea,14
camnitivedissonance,14
baitotackey,14
j-lia_(artist),14
draktau,14
olivano,14
hawktrap,14
meredies,14
bigroodraws,14
jupiter-boy,14
knoton13,14
lesdias,14
pez_wolf,14
elakan,14
vanillahellen,14
jklenvu552,14
deerpizza_pie,14
so-taro,14
kynum,14
izzyfatcat,14
riosthename,14
owashi,14
apocalipsejack,14
modmad,14
tobito,14
ballistic_(artist),14
theobii,14
kcb(kc3d),14
dallydonut,14
cleade3,14
artskunk,14
ventur,14
mrs.arvado_(artist),14
bloodybagels,14
eric_xoring,14
starburst_crusader,14
sweetpotato_(artist),14
boobun,14
pestdeath,14
first-last_(artist),14
dichlofous,14
fossilexmachina,14
twilightvolt,14
marc_acrylic,14
yourfren,14
streetfair,14
fishjack_(artist),14
alphagodith,14
miru_(artist),14
zeer,14
noofooba,14
hakamaka,14
vita_minmi,14
graffstache,14
awesomeorange,14
nijimaarc,14
rewop,14
max_teare_(artist),14
arepakarma,14
kpc_drawing99,14
orcbarbies,14
rabbitcretin,14
siberio,14
loxiv,14
1218hara,14
vergolophus,14
bardicdragoon,14
churroboy,14
ottu,14
foursnail,14
bigdiwolf,14
mccloud_industries_(artist),14
aternight,14
alex_randomkat,14
noblebrony317,14
mtymac,14
khaoticvex,14
skynaya,14
namoogly,14
mergeritter,14
azurebird,14
honeymoomy,14
adrawm,14
selineamethyst,14
questyrobo,14
kasscabel,14
torau,14
anevans88,14
doku8yume8denpa,14
nkognz,14
chuwwo,14
artwest,14
bawko,14
yoshinc,14
videos_or_whatever,14
arcwuff,14
slanwanco,14
loveletter_(artist),14
handsomehugs,14
therobotickitty,14
pushuke,14
ceige,14
olala,14
jigsawmind,14
fixlessness,14
safiri,14
ellever-10,14
krabitz,14
meyumi39,14
niwani_watori,14
catminte,14
thatonefish,14
kinowank59,14
nt00,14
beta_tata,14
hornyanondragon,14
mella,14
askcanadash,14
bigrock,14
nachvoir,14
dreamsofsyzygy,14
bluemachine,14
coren_(artist),14
tsukikuma0808,14
bagelbombed,14
ngth,14
anntxiudood,14
elgesugha,14
mylo_denmrind,14
lucieniibi,14
aru7g,14
chomikuplus,14
sunshine_memoir,14
shikkoku_neko,14
mrnatmax,14
naistop,14
nbdartworks,14
theboobiesus,14
wwwazxc,14
nanaki779,14
the_matkat,14
ferir,14
lirufan,14
lake_reu,14
pringus_mcdingus,14
capt_spacecat,14
taurfranco,14
crozu_(nest37),14
qursll,14
chaotic_star,14
blooblalah,14
tpknnts,14
hcmn,14
renegadebleat,14
jpgr,14
sleepytea,14
wtchynbtchy,14
mcm21,14
pinkseito,14
mariiboops,14
sagutoyas,14
lewdsaiga,14
omedemidori,14
hoang_nguyen,14
torjen,14
owlfkz,14
lewd_pikmin,14
selamics1,14
sweety_storm,14
w_techo300,14
ifhy_(artist),14
moichi_(pixiv),14
charlotteounce,14
ritsuan,14
smolfoks,14
graypillow,14
mikicat,14
smallyu,14
prog_ares,14
sankakuma_ku,14
vaporgrowl,14
sembako,14
nogitu,14
sgt-jz,14
9mvojowndjn4ihn,14
cilica_(artist),14
s7v8,14
reresfm,14
angelic-doodles,14
juliashandor,14
daizfrg,14
timaturi,14
ok_ko19,14
nveemon,14
popo_(pixiv),14
mowshi,14
thane_corst,14
raigr,14
zerothehorse,14
sicklr,14
penguinfat,14
siomizu7777,14
caffeicbunny,14
alexooru,14
savvskyler,14
unit-h,14
bluerabbit_gap,14
squiidwave,14
maro_no_oheya,14
jonathanpt,14
raidontoru,14
juicyartz,14
saas_the_lewd,14
slugnar,14
foretbwat,14
pawhan3,14
h.i.a_dibujitos,14
thunder4361,14
baobaoart,14
ebolaa333,14
dankeler,14
kazamidoririnn,14
blossomingruin,14
wootenstien,14
hottbanshee,14
aspestose,14
vanillatea,14
bubblejinxart,14
sinisterdragon,14
piukute062,14
veevee_(artist),14
kazukiarts,14
hugotaker,14
fruity-lips,14
minkymomo,14
a_raimei,14
kanikamahusky,14
crystal-silverlight,14
obme,14
appie4,14
miyotomori,14
forgiearts,14
its_a_mok,14
adstn,14
tomasyri,14
queasy_s,14
fuppfuc69,14
nasnency,14
tateshaw,14
83leonce,14
roryworks,14
abe.a,14
seitr_bulletproof,14
milkysodaa,14
tito_lizzardo,14
pocketdemon,14
furvo,14
koiaemi,14
astropixels,14
dawnables,14
fairyofmeat,14
kingbee,14
t0kyto,14
mister_ekiz,14
hypocrite_(artist),14
bichcarito,14
natebooze,14
sploderman,14
zoruadrawsstuff,14
lazy_daissy,14
xuebao_(artist),14
codex19900,14
supercasket,14
ornmet,14
frickle,14
sharkbossart,14
mine_miki0840,14
segadust,14
soybeansgalore,14
hmy,14
thediaperhorsey,14
saltamor,14
teddyfrozen,14
dev0nthe3055,14
blushysnoots,14
mr.wormdwideweb,14
auden,14
tagar1k,14
cinderaceofspades,14
beadoitsu,14
bulwyn,14
cuteskyler,14
skayous,14
quadlinda,14
fuzzydonutsss,14
feathersoars,14
dctr2,14
sassy_dolly,14
local_lycan,14
astriss,14
nyanhan,14
jam_(nandade),14
sewage_aqua,14
corruptedcatte,14
toratruck9,14
batgaru,14
kuma_crusader,14
yamainudo,14
lordofthefeathers,14
az-darche,14
uchihaajake,14
kannonx,14
maxoke,14
mr_oolong,14
akipchu,14
cottndandy,14
orange_lin,14
razbuckner,14
feildmarshallwolf,14
an_khajiit,14
kaylzara,14
bk_hat,14
costumekato,14
dignotion,14
kirby_d_a,14
scrapkill,14
natasharom,14
mcflarey,14
raketh,14
lashylargo,14
agentfurshadow,14
aeveno_(artist),14
cecethefoxwitch,14
maoricl,14
acnoisbae,14
kraken_melanco,14
inflationsoul,14
nii_the_sourou,14
occvlt_kitten,14
wonderfowl,14
lustail,14
puppitoys,14
shin88po,14
onakanau,14
rivay,14
qu_ppy,14
amandasparkle,14
oreokitten707,14
jusosleep,14
corvusandillion,14
sleepyandshine,14
bunnyblanket,14
badmannerisms,14
fedor_flinzer,14
feeosh,14
ariel_arti,14
geegeeold,14
midday_decay,14
sho_t_utpr,14
butteryinkling,14
teisarr,14
troopboob,14
sami_(pixiv),14
hentai_shinshi,14
meeko_(pixiv),14
oekanuki,14
fira.arts,14
kirobutt,14
evvonic,14
mitu_mao,14
abilirn,14
sphinxskulls,14
luze_zoo,14
devil76,14
ikefanboy64,14
fluffsplosion,14
devils_sins,14
beardeddoggo,14
dharkend,14
zarohidehire,14
josh_the_ultra_dimensional_being,14
taytinabelle,14
senchi,14
szremna,14
ex65679708,14
tuningfork,14
ykoba,14
charlycorgiboy,14
shimipan,14
steelwire,14
konnan_allan,14
inuwuke,14
darkoz_panda,14
turch,14
ririri893,14
nastymimny,14
kabo_lab,14
mormonara,14
lollipopfears,14
teensytinykobold,14
monimoni,14
kanida,14
valdith_zam,14
shamefulsuccubus,14
elpeste2,14
milquetoaster,14
xyaidiot,14
iro_no_seijin,14
fethyr,14
cyrogenic,14
dacoffeeaxolotl,14
genottr,14
rethnick,14
yenamika,14
rhubin,14
cherrobojo,14
wolfblazex,14
macu,14
rsinnamonroll,14
amber_graygamma,14
brokenscales,14
nojahns,14
valdotpng,14
ravn_kravits,14
ckvlso,14
loveycherie,14
misfitrogue,14
ninkasi,14
chilihot,14
nekomamanyao,14
decnot,14
yotaro_(noirm08),14
miomorus,14
smallhorses,14
bicornasaurs,14
sinfurr,14
ager,14
haizhe8,14
shikaku_shirota,14
fredydonkey,14
gmanaku069,14
milkscrew,14
whiteflagman,14
daffi,14
peixealcoolatra,14
skysakura,14
raya-chan,14
bluesupersonic,14
crescentbites,14
xel_(artist),14
oldnight,14
yucktoon,14
lepusjuno,14
deetea,14
dark_ethna,14
bunmaruart_(artist),14
bencomedion,14
sybaricat,14
floart,14
ashtaroth_owo,14
valnvt,14
kappacuddle,14
iamespecter,14
drew_the_mountain,14
dorkusprimearts,14
drake_animation,14
1800woof,14
dumbseafood,14
lavabutts,14
zerodata,14
usu_pettan,14
toridoc,14
loganpg3,14
721ma,14
balpal,14
manfordic,14
grinafterdark,14
ayanari,14
norfidianoir,14
br00kie,14
waternull,14
hanamiart,14
nullenv,14
soupspicyy,14
bonyungus,14
biyabon,14
maaartens,14
tullys_dallies,14
mutsomuno,14
harb_moffumofu,14
jittermodo,14
thirstbbawoo,14
superholdit,14
applepost67,14
stardustfoxart,14
scarletrabbits,14
itssim,14
yekol_i,14
wild_inhibitions,14
dodsie,14
negafelix,14
zulzul,14
beekycake,14
ryephero,14
kinakomocheeni,14
0027woo,14
menon,14
bogusart3,14
milkvislon,14
fennythefox,14
fertilizing_(artist),14
kroenasneko,14
keroreud,14
larry_canon,14
orochifurry,14
giel,14
aquill,14
theinflatingskunk,14
n_na7,14
nupi,14
brandonthenoodle,14
diabolicaldeo,14
sean_e._andersen,14
zhurzh,14
yuswith2354,14
slinkysly,14
sprinkles_scribbles,14
haiscone,14
hereticalkobold,14
billedraccoon72,14
thatonebrasschronoshinx,14
truemagiclies,14
momota_pen,14
madness-boy,14
choco_hosikawa,14
biteybaby,14
theanimatingfanatic,14
akkuma407,14
sourcherryad,14
kimagu_02,14
paytonpaytonpay,14
spongesquirrel44,14
disgustingartgoeshere,14
snow_the_arctic_fox(artist),14
stiggler,14
toilet_paper_(artist),14
byshz2000,14
pandasisters,14
cheeruprey,14
bitterlad,14
pompunks,14
hadmyway,14
zal_el,14
executivefailure,14
asimplebun,14
otter_snowflake,14
j0ha,14
dumb_raccoon,14
nekojyaras77,14
keptpack769,14
arrownoodle,14
ayata,14
blumenseele,14
kaminofox,14
juniperrainz,14
zosen,14
zuron,14
cozyhug,14
drawfox_(artist),14
nedeeress,14
kuroinsolitude,14
chuchochi,14
nsft,14
seloros,14
telomere,14
rururu82010664,14
slayer_dramonz,14
ricethehardcore,14
deith_cared,14
frogzone,14
rhizudraws,14
regedansal,14
voxel_voidd,14
jowogenfl,14
carbon60_(artist),14
wrenwhite,14
trouble_(artist),14
spardu,14
andril_dardkast,14
psychostuff,14
neonx_45,14
secretpupart,14
odei_552,14
chachodraws2,14
daisiloou,14
disruptiveglitch,14
silverlion27,14
danicommissions,14
lower_(pixiv),14
jorge_nestor,14
kutoshi,14
curtis_parker,14
skydragonnimbus_(artist),14
unklesanik,14
ywolfdrein,14
wumbo_(artist),14
mm_zuku,14
wretchedpileofsecrets,14
fantein,14
bb_xiongmao,14
wintersgardencomic,14
paperbagger,14
ahegaonewbie,14
neunzehn,14
3bat_hadi3,14
crypt456,14
micemousse,14
exarchgennariel,14
sinful_(artist),14
bitspark,14
pippinthemouse,14
x-zeeko-x,14
rrezelicht,14
devilfish_(artist),14
melledraws,14
krysmccloud,14
humble_stone,14
ttbrizzy,14
keytay,14
fenriet,14
kyle_furs,14
nobushito,14
shinra~kot,14
cocochu_samo,14
chykumo,14
pixiv_id_21948327,14
themilkman,14
mihihusuzu,14
omegatherio,14
crysskail,14
joshopaisen,14
outcastcomix,14
nightlane,14
radio_art107,14
holyrocy,14
johndraw54,14
yabbang2,14
mikel_(4hands),14
alethealien,14
ennhentai,14
fallacies,14
syrup_burr,14
sannota272,14
cirronaja,14
erexis,14
rommdan,14
protonano,14
hatofuldeer,14
peachikeen,14
mekuva,14
bigumbuttis,14
dushon,14
puyohh,14
a._(artist),14
rotorthephone,14
0xyr0,14
uma_yorokobi,14
utdblack,14
wetthiccy666,14
applephil,14
ninelean,14
katrahaska,14
nuyums,14
soyanum,14
spacewyvern,14
kofesmilk,14
toubujun,14
111lionman111,14
disc0theque,14
grey_light,14
takyon,14
ghostylime,14
arkeanthe,14
telreju,14
victini_bnuuy,14
ninanikage,14
cheekycreepy,14
srtamimiigoblin,14
peachmichea,14
mailloarts,14
thunderowly,14
i_dont_really_know,14
godfistart,14
linchen,14
vixencurie,14
spectatostudios,14
morpheuskibbe_(artist),14
trwawynt1,14
smeevel27,14
littlejimmy1218,14
yayi_mr_(artist),14
zinamao,14
nicolasaviori,14
barkie,14
tyefoat_(artist),14
esd-driggins,14
hyakuen,14
phantomdame,14
kekekekekekekk,14
royal3rd,14
silphsa,14
ultra_vermin,14
heimantahei,14
firulais,14
fi94014131,14
zala_mism,14
dietolog,14
wh0reybatz,14
hunterkay,14
thatkattyoinky,14
hizrihel_(artist),14
zdoah,14
sketchybun,14
sanocha,14
chibicheu,14
illplacebo,14
buxom.artemis,14
talisnb,14
tarea7nacional,14
francyart34,14
qwennondeathdie,14
telsie,14
shiroichi_air,14
voonko,14
joy_ink,14
tai-the-maned-wolf,14
mari_costa,14
boziee,14
dusty-demon,14
pinkina,14
kisig,14
yegarr,14
gamu_ya,14
deastratit,14
lightman,14
tablitacha88710,14
croseneu,14
kuma_uke,14
p999b,14
yeedrah,14
cute-yersinia-pestis,14
porkflo55,14
w0lfi,14
bassu_kun,14
candlebird2,14
prayforcummies,14
dandelion860,14
eviescribbles,14
f_5ve,14
skyrikea_(artist),14
alnder,14
monsterballz1,14
deathlythorns,14
stonecoral99,14
mimisrol,14
rdnki,14
lostdauphin,14
cheeselion2,14
cheesyleaves,14
gardengolems,14
simon_sklar,14
law_(artist),14
apedrank,14
vulgargeist,14
jvile,14
the_agony_presence,14
tippytaps3d,14
fairyincorner,14
tina-little-bird,14
declorbis,14
raphjam85,14
ringa,14
fabian_zibb_(artist),14
myahw,14
dapperwalrus,14
herzogrerih,14
daddydohn,14
innshiprion,14
newtcreek,14
timuuy,14
the_lycander,14
skytozera,14
yuanmin,14
theladybear,14
natsumera,14
prismalic,14
xiaoahwei_(artist),14
vaprwavez,14
b0tster,14
shizadoodleik-22,14
monoexart,14
freyart,14
crytonic,14
saveye,14
flamaxrudolf,14
averagerascal,14
mananif,14
kexkiro,14
mad-depot,14
leloo,14
vertacularrld,14
over_long,14
pohinitaka,14
reywoof,14
arcanewolfdragon,14
polarbiskits,14
placid_lurker,14
gilgames,14
furrzun,14
thy_beepsi,14
bigfishfost,14
nat_alia77,14
sergiovintorez,14
sphenodaile,14
soy4nima,14
luis_dante40k,14
patrothewise,14
pak784,14
artevymutton,14
gz8ty,14
el_nacho,14
clown-hours,14
khunowen3,14
sweetdesire,14
v_r_z,14
zimasanda,14
tarozato,14
arzolath_(artist),14
gmz_super,14
mooncouple,14
todisllo,14
prrll_kzk,14
plazmacell,14
windstand,14
lyrad18,14
niram_s,14
summerstag,14
frootz,14
ratslut,14
kumashurade,14
adelheidxvi,14
softestpitbull,14
tyrthedirewolf,14
icerary,14
arauk,14
mekmarchu,14
spyrobiffy,14
yida069,14
deanoumer,14
redactedredcarbon,14
despairdog,14
shadowr71,14
chrisjcueto,14
rere_(artist),14
dynablade2,14
gomihebi,14
sse_aee,14
max1mus,14
zatedraw,14
sadtooncat,14
chernika,14
sleepypinklinx,14
greenolive,14
puphuffs,14
another_ciel,14
amari_am,14
negi_mauve,14
naver_(artist),14
l-brush,14
mauve_suma,14
combeyv,14
orokamonodebi,14
fluffnouveau,14
bad5001,14
elmilagro,14
mr_chazz80,14
thegiftedfire,14
zero.one,14
bignelson44,14
uturnwolf,14
snwdmt,14
lilac32123,14
omnidraconia,14
niamiao,14
vubbyshark,14
coberrycheesesnek_(artist),14
firephenix,14
nestynankeen,14
kallax,14
pietheunusual,14
redcat_ak,14
pynkjem,14
lorne1022,14
siampoo,14
liquid_(ictus2010),14
dibuctor,14
cathaus,14
blushyminou143,14
ban24983801,14
kirkebirke,14
riankier,14
spageta,14
hxcfoxy,14
yellow-throated_warbler_(artist),14
loreaccuratehusky,14
moyco,14
luxuryus_ar,14
dullco,14
solointerrobang,14
sflnx,14
itoma_(artist),14
the_ashen,14
yncarne,14
forbiddenavenue,14
gummyboom2,14
woof!,14
midnightteeth,14
starpaw0007,14
gomafuto,14
adex,14
unlucky_fella,14
scarabeo,14
akimo_(artist),14
haisevaa,14
anofus,14
juneauwuff,14
chestersmells,14
scoundrel_scaramouche,14
dulceplum,14
riverswitch92,14
proximity_nightfury_(artist),14
fisk_sheetz,14
cosmiccrayons,14
n_agano,14
boysoup,14
faedread,14
darexer,14
tinydini_(artist),14
jabeha,14
dustmouse,14
mandra57,14
hassylep,14
ten_g89,14
aerosairride,14
nebulaspride,14
reheshul,14
ekkopiee,14
redpandanull,14
davespinup,14
frayfur,14
angelasalazzle,14
kadalsaurus,14
bluedillylee,14
secretagentarc,14
itzwooloo,14
deaganthedeag,14
baxterthehusky,14
chesterpill,14
brown_wolf57,14
riboo,14
eyulen,14
barbanova,14
pufferoverrun,14
furiousfox,14
popcatpixel,14
lovelock,14
dawggreen,14
jukenike,14
werevold,14
withouthuman,14
new_pone,14
razoraftrdark,14
roverdose,14
luceneko,14
freakfluff,14
chihaku_daga,14
az3m,14
vvvvvvvvvvw,14
vixvix0,14
gummasonik,14
lewdiasa,14
shitaiya,14
sleitwhite,14
essyzzzai,14
sunzo05,14
strikey_(strikernf),14
doctorcure,14
paddedwolfy,14
graveyardawg,14
heartbreak_juan,14
blargamie,14
daraans,14
profanus,14
hitherto,14
noctice,14
daeywolf,14
proudtheqinterfan,14
sofia_drawsmore,14
rashjudgement,14
namekianfrog,14
undercoverbernard,14
f2cc,14
just_w,14
marchar,14
ruuen_rouga,14
butcherfangs,14
gaylittlepackrat,14
kyrkyma,14
astrofur,14
haiiroslash,14
rigo_s_art,14
zivnny_(artist),14
vilfur,14
kookoni,14
nuttylepe,14
malvyper,14
slick3d,14
mimurus,14
ratsinablanket,14
urasagi,14
dikpuzzy,14
rumydaigo,14
baylardian1,14
tentsonfire,14
snowantlers,14
mr_esmox,14
zguy_101,14
hakooo,14
caprascharm,14
kalembi,14
aerogulphus,14
futuree,14
sleepeatea,14
lewdismug,14
clear-robot,14
yv_naal,14
trainer-liviann,14
imz_ijstal,14
bierwasser,14
cincos_5,14
beepyromancer,14
tenika,14
pulpdirector,14
bunnicakee,14
the_glow_whale,14
alex_dellamortex,14
dracul_la,14
tadow,14
thiccbrick,14
jadeder,14
sodiux,14
badcanis,14
misfitbiscuit,14
squishings,14
sanpedro7343,14
onlyfurs,14
luckysmattress,14
greasekb,14
narezka,14
fronkus,14
600bugs,14
floofybeanie,14
vanny_1208,14
strykersart,14
moontrot,14
justniku,14
ruffzz,14
lonely_spark,14
dirtydinos,14
actualbirdad,14
radioneet,14
a-hunt,14
zmorphcom,14
pixellex,14
lungho,14
fu_li,14
emit_x,14
purbleindigo,14
brawlstarsnsfwt,14
dewdropinn,14
rogdona,14
sr_pizzooo,14
sasxwor,14
rinkov,14
smol_artz,14
mokejumps,14
pixelguzzler,14
steezycheezy,14
bayushkit,14
golden_carneiro,14
shuniim,14
abbeyrolls,14
altxfeuerfrei,14
friedrichdeci,14
fluffmoss,14
pulan,14
naturalwolf,14
syleaf,14
teesyz_art,14
prizma730,14
dumbeon197,14
mrmimix,14
realnotfound,14
parazyte666,14
graeme_base,14
uneasywolf,14
starelly,14
xiaoticx,14
strikeroverride_(artist),14
triple-t,14
hundredseas,14
lbely,14
goblinstunts,14
noir-black-shooter_(artist),14
s0lchaser,14
enzobenzo,14
topsecretmon,14
localratfemtop,14
vanziat,14
panda_jenn,14
homie_(artist),14
sunstriderarts,14
13thcakensfw,14
f4ncyfoursome,14
coffee_collie,14
chee44newt,14
friendlymonster,14
anatola_howard_(maroonracoon),14
cloverhearse,14
justvance,14
raidev,14
monstermotif,14
liln,14
rosiamn,14
nekho_karma,14
ruka481_(artist),14
fabricationist,14
clichewwan,14
fidelbon,14
mossky,14
teruterusisyaku,14
justmekenji,14
hoffersanchez,14
excited13,14
penclshark,14
oosharkoo,14
dehromansfw,14
fajikiwi,14
abyssalthaumaturge,14
waffelkins,14
pile-of-trashley,14
tamperedimagination,14
inhumaninterest,14
mommydkg,14
alexdrawsfeetish,14
shardie,14
mrtea,14
moccimew,14
miriam_bonetti,14
mrh2o2,14
crisn-black-space,14
zaqudragon,14
friiskyun,14
ssdh,14
crackstantin,14
melibunnybee,14
ichigatsu_5,14
yutsi_catboi,14
noye,14
foggy_dusk,14
ks045art,14
nogginnoodle,14
ytkmrs,14
harlequinkiller,14
lando,13
uini,13
aaron_beck,13
lavacat,13
prot,13
weylyn,13
kitsubaka,13
rose_quoll,13
kemonolove,13
mizziness,13
foxyfennec,13
saya,13
robert_crumb,13
charha,13
opiumrevolution,13
phil_bolton,13
uru,13
lazzydragon,13
dean_dodrill,13
inonibird,13
vivi,13
proximity,13
hpa,13
mosha,13
midekai,13
kalu,13
darekawa-iwanai,13
hcg,13
mimitako,13
mastgrr,13
drs,13
rinpoo_chuang,13
ishikkoro,13
cc,13
bathgate21,13
arale,13
mitsui-jun,13
operative274,13
tragelaphus,13
kurin,13
eggplantman,13
midnight_(artist),13
beth_cavener_stichter,13
daymond42,13
digimortal,13
manicsfan,13
chillswitch,13
liger_inuzuka,13
andromeda,13
windblast,13
ranzab,13
pure-ruby-dragon,13
delano-laramie,13
zombied,13
yuppie,13
retasha,13
wolfskull,13
zyleeth,13
torachan,13
maffi,13
thezules,13
kyrie,13
ryohei_hase,13
agnes_boulloche,13
dragonofdarkness1992,13
hotterotter,13
madadh_ruadh,13
xviisideris,13
podamy,13
ein457,13
doggirlkari,13
sarvix,13
suan-cat,13
kumainu,13
pedro992,13
kooky,13
bluesfnno1,13
phoenix-pinion,13
jerbie,13
goldwater,13
dizzypacce,13
maggock,13
furrysarabi,13
joskeban,13
tygerbug,13
porkcow,13
sakuyamon_(artist),13
vates,13
rautakoura,13
stacey_lenaghan,13
faeriebottle,13
lonewolfkait,13
blueflamer90,13
bronyboy,13
drbugaboo,13
tbone111,13
scherzo,13
grayma1k,13
legio_(artist),13
kotorai,13
nojoh,13
veroro,13
zophia,13
monsterbait,13
heavyperscription,13
shaedow4774,13
rob_denbleyker,13
radioscope,13
aria_(artist),13
suzu_ice_cloud,13
tomiyoko,13
peanutchan,13
shydeathkitty,13
wolfieeldiablo,13
seura_isago,13
darklitria,13
ratofblades,13
rositaamici,13
sexmuffin,13
blusong,13
sasuga,13
aloisyous_blue,13
naono_bohra,13
reaperlove,13
anakonda1331,13
grimmhelm,13
666zarike,13
zephyrue,13
cai,13
isadora,13
sayori,13
danosix,13
commissioner,13
havikm66,13
godzillajapan,13
fuchsia_(artist),13
second_heaven,13
catstrofic,13
sunflic,13
heyena,13
ichi_makoto,13
guardian-core,13
upsadaisy,13
zho,13
drayl,13
rhanite,13
michael4,13
sajira,13
andyparkart,13
rumblealex,13
drawerelma,13
angel-uriel15,13
hellboysoto,13
skeletal-k9,13
naoma-hiru,13
denchi_nezumi,13
astaraelabhorsen,13
mk_01,13
vonkickass,13
dr-indecent,13
evo_t._rex,13
sailorpalin,13
ryushin,13
suikuzu,13
drawponies,13
xshadi,13
0aks0026,13
morrisoran,13
daesiy,13
finalflutter,13
e413,13
eisenknurren,13
leonardo_da_vinci_(artist),13
g-flux,13
tkitty,13
sonicyaoihaven,13
cinamoncune,13
mixuge,13
kirarifox,13
markmoore,13
doodlesnaughtybits,13
ravenpuff,13
wolfehfur,13
alukamalika,13
geo-lite,13
nocturnalpony,13
kraudev,13
inkitsuyasha,13
tresh,13
cheshiresdesires,13
goldy-gry,13
comics-toons,13
ognisk,13
aurora-sparkle,13
zyleyz,13
pyramidbread,13
oolongearlgrey,13
kampidh,13
erikson1,13
batta,13
aomura_saki_(pixiv),13
plumpproductions,13
reachfarhigh,13
kendall_hale,13
l.k.e.,13
sierraromeo,13
xenoneal,13
p!k@ru,13
lioncourt,13
marshalpizza,13
kozakanamisaki,13
james_ryman,13
rimmer,13
nepp,13
sock_the_fennec,13
titi,13
icelion87,13
chazzertin,13
jayk0b,13
i-am-knot,13
capnpea,13
cyanideskittlez,13
maggott-tron,13
anonymouse_skylark,13
hollulu,13
mblock,13
kovakhyane,13
matt_bozon,13
xlblackinklx,13
thatdoodlingpony,13
na-namie,13
cyanaeolin,13
dokuga_(artist),13
goatsintrees,13
brushblush,13
xxbaybayxx,13
bobawob,13
hartistapipebomb,13
upright_infinity,13
cursed_wolf_commissions,13
remana,13
tonhawk,13
adne8310,13
keshapanther,13
v1ciouzmizzazn,13
mantarou,13
hukuro_unagi,13
sea_dragon_(artist),13
nekoboo,13
darknisfan1995,13
delphinidae,13
kazbon805,13
okamiwhitewings,13
stillfire,13
kanthara,13
g_(artist),13
mike_kazaleh,13
totallynotasergal,13
mcponyponypony,13
reillyington86,13
7ofdiamonds,13
caicyo,13
takao-hikari,13
nexsix,13
sijix,13
koitonic,13
zevirem,13
oops_(artist),13
jouwan,13
mrsebbi,13
teh-evil-tigress,13
thesassyjessy,13
halthalthalt,13
cockzilla,13
shina_(pro2000g),13
exavier,13
ncarter787,13
stormyrange,13
martianboom,13
fjesus,13
topsecretbrony,13
anglish,13
wagram,13
paint-bucket,13
bestthe,13
maapa,13
lazylogic,13
sonia_(artist),13
bibobabube,13
shin.,13
watanohara,13
vincentthecrow,13
ph,13
elfranco,13
shadowfoxnjp,13
luxordtimet_(artist),13
butterfingers,13
cloptrap,13
naked-sharks,13
nucannon,13
wolfskulljack,13
anarchygalaxy,13
wallace_(artist),13
papawaff,13
darznwolfe,13
what-the-wabac,13
iridiumx,13
beapeabear,13
kraotik,13
werella,13
notenoughapples,13
smallandnaughty,13
coulrophiliacs,13
c-e-p-h,13
yarik,13
kamiura_(artist),13
cyberpikachu,13
shooterm,13
cerberuscarmine,13
silenceartwork,13
kinoko_(artist),13
waaaghork,13
superboin,13
appletail,13
craziux,13
oxdaman,13
sweetfilthyfun,13
blinkerless,13
innocentsin,13
anubiis_werewolf,13
kevin_s_rollins,13
gd,13
tjthedragoon,13
dracogen,13
otonieru,13
scottcawthon,13
purico,13
tin-sfm,13
jrockthehedgehog,13
aus-army,13
dark-ratchet,13
otzer5957706,13
sterks,13
themann,13
ningyon,13
ellieraccoon,13
dpragan,13
lordboo,13
egoraptor_(artist),13
djjocksfm,13
odawara1231,13
laserhanon,13
hypnobazaar,13
rintarou,13
jwiesner,13
raxmon,13
planetofjunk,13
masutaa,13
buryingbeetle,13
rosvo,13
hermeticallysealed,13
damienbutt_(artist),13
cargomancer,13
kelpiemoonknives,13
mukka,13
kbul,13
vixden,13
mt_r34,13
shrineheart,13
yoka25,13
miss-glitter_(artist),13
quarantinedchaoz,13
shunkiba_(artist),13
blackpanthress,13
foulwizard,13
naroflow,13
redrockuniverse,13
amarcato,13
kairosplus,13
pieismyfave,13
pottedplantsmut,13
cyberhound,13
yenza,13
akusuru,13
gaiser,13
creepykitty413,13
alke,13
hounds-tooth,13
twistedpherret_(artist),13
dod,13
snarferman,13
autaminus_(artist),13
noctovision,13
steve_hong,13
blankwolf,13
kadesfy,13
lanteria,13
rott-i-kins,13
kiatokid,13
steffy,13
nabe0721,13
jormungand_(artist),13
slackjawed,13
bettykwong,13
pukara,13
vicpagani,13
youngjaerome,13
relay314,13
rococo,13
insanity-paints_(artist),13
anzu0,13
ascensus_(artist),13
furnaz,13
mesorocks,13
babushkah,13
leeomon,13
nuknuk,13
iiyo,13
v0yser,13
avabun,13
cory_loftis,13
.executables,13
ipun,13
blademanunitpi,13
darksoul3d,13
nonojack,13
syousinmono,13
catelman,13
jinial,13
loop_the_jobber_dog,13
rolf-der-wolf,13
karamazov,13
empalu,13
charmsey,13
foxmilkshake,13
oscalie,13
neropan,13
quanlain,13
blitztaison,13
yoshinari,13
benzy_(artist),13
babypandora,13
yama_batake,13
technicaltiger,13
zubr,13
maizey,13
ceejayponi_(artist),13
thewardenlover,13
suicidetoto,13
evelmanian,13
kochiyourin,13
cheroy,13
nimonotaka,13
xlo_fa,13
quailtea,13
kristein,13
wolf_5648,13
hein_(artist),13
playfuldeer,13
anthan,13
ahma,13
brittney_henderson,13
laochi,13
raikovjaba,13
hidronics,13
the_purple_wolf_guy,13
sexyisnotmyforte,13
not-that-leo,13
ralphbear,13
akapos,13
uujudoes,13
hatenakayubi,13
pooqa,13
frozenquills,13
barbellsfm,13
charlie_b,13
hideko,13
marilu_molina,13
uluoe,13
asuka_kitsunei.,13
techsupportgirls,13
thespoonylynx,13
featherandfaun,13
arctikah_(artist),13
nightgrowler,13
milkayart,13
yanagi_50,13
metalforceone,13
marshmallowl,13
ojkaleidoscope,13
ebimaru-do,13
ciei3,13
fogdagger_(artist),13
lazyfable,13
rii,13
brevis,13
fluxwise,13
chuchuana,13
suslikd,13
thumpleweed,13
asterope,13
gearfangred,13
gabira,13
fuckgiver,13
glasscannon89,13
enuoo,13
shingekiskunk,13
poki_o_o_o,13
leechseed,13
thebambilover_(artist),13
dadashiefagg0t-,13
nakiri_(artist),13
kissthethunder,13
moonshen,13
cassiebutter,13
msmeowgi,13
wof_banazeraf,13
xaliah,13
cki_leru,13
little.swamp,13
gspawn,13
willudie,13
earthgwee,13
octopusroll,13
bwaebutt,13
shamo,13
kokoko-sir,13
nyctoph_(artist),13
polar_puff,13
amarashi,13
clefur,13
rocko_(artist),13
contextsickness,13
mildlybushy,13
dzfire,13
infinityf,13
paciulo,13
theakanemnon,13
178349,13
invader-yan,13
gaehong,13
8-bitpunch,13
behaski,13
orhey_(artist),13
rustbust,13
datsato,13
prince_skylight,13
sprech4,13
jacalope,13
gilgamesh0,13
godichi,13
blushily,13
yeego,13
nugget_kun,13
gongo,13
ban_(artist),13
mallowscreme,13
kroren,13
chronorin,13
winmohu11,13
vence_(artist),13
aun_(artist),13
monochromewasteland_(artist),13
t3f3r,13
meowowzers,13
dezilon,13
crowxxxxxxxxxx,13
kadawampus,13
astarcis,13
rebonica_(artist),13
trevas,13
brandonthehusky,13
spintopple,13
kibadoglover45,13
madeena8521,13
andesc,13
russell_tuller,13
pixelthegryphon,13
damnpinkcat,13
lovelyg4m3r,13
faline-art,13
ernor,13
deras,13
kenshin-midori,13
fortestingpurposes,13
miyukiaya,13
ginn88,13
coconuts_(artist),13
xarxaxyl,13
anthonyavon,13
nekopunch_ahya,13
ghostbellies,13
roven_hill,13
wayfarer,13
翌檜＠絶望間近,13
arandomperson44,13
sonicpegasus,13
akaji_(artist),13
apricalico,13
dimvitrarius,13
asot435_(artist),13
drearnydust_(artist),13
aneonart,13
kaylinmangorian,13
dannie-20nine,13
yolin,13
dkside41,13
leilani-boy,13
day_job_vu,13
bestia-bellator129,13
charamells_(artist),13
veliar,13
okisidol,13
southpauz,13
arcadethehedgehog,13
serenityscratch,13
rudalitas,13
bukku,13
debrodis,13
engieart,13
yuki_kusama,13
kaegantonovich_(artist),13
haiyan,13
dirtycookie_(artist),13
lordaltros,13
vgerotica,13
redfurrydemon,13
clazzey,13
goblet_(artist),13
toonnik,13
kazthekeel,13
panoramango,13
yolgi,13
arylena,13
space-tanuki,13
eyrri,13
kyoffie,13
artylovr,13
ho_ro_ro,13
ysk!,13
coralleaf,13
zetamad,13
strawberry_(artist),13
ven_blackfurr,13
bearwith_me,13
fujifuji_w,13
doctorneblina,13
marisa111,13
voresache,13
dura,13
dunennite,13
flowerwater,13
alhamoon,13
vinsuality,13
spookyfae,13
dairysoda,13
clock-work,13
hailegabriel,13
skookz,13
beagoodone,13
maikeru_(pixiv_artist),13
rainyatsu,13
kokusoji,13
cusith-baby,13
odd_eroaka,13
carlito_(artist),13
shadikbitardik,13
neonwabbit,13
riru-ku,13
candys_killer,13
chuchujellyart,13
vodkamewtwoni,13
infalle_(artist),13
raidez,13
stardroploli,13
red-box,13
drawnbuttons,13
lux_(artist),13
lewdspacecat,13
wintonkidd,13
mizu_wolf,13
crow_hurt,13
k_wakaduru,13
weathercock,13
dommerik,13
bigbearsilver,13
mo_dame_kuuki,13
rhineheim,13
mochicco,13
jerek_(artist),13
drjoshfox,13
s32,13
ghostmotus,13
marrieskunk,13
guruminn,13
sheepshorts,13
jill_the_succubus,13
knucklebone,13
wnsgh2466,13
tinydemon,13
talonproductions,13
thekurieta,13
camo-pony,13
indy_newton2305,13
pokohyo,13
sampsonstorm,13
arzarin,13
erootter,13
hetore_(artist),13
3ad35630,13
tgdeer,13
bajin,13
stariikat,13
macopi,13
littledog,13
howling-madfoxhatter,13
nanon_1st,13
hyackban,13
lundo,13
holly_ero,13
demxxx,13
sugerblu,13
umbrakinetic,13
anarchyontoast,13
kuroi_susumu,13
shockandterror,13
koroguchi,13
whitelimon,13
solothewolf,13
shen_comix,13
kaiju-krew,13
shinyashiki,13
castle027,13
chinkilla,13
yusuke_nakano,13
nablewbi,13
fluffy_land,13
sonic_sweeti,13
randall_wolfe,13
kaijuwaifu,13
hauhau,13
ripple_moon,13
mattvalkyrie,13
weishaupt,13
vanillabean-bunny,13
resurgam_snova,13
tenebristle,13
jinnsart,13
pooph,13
verdetempera,13
veliot_vail,13
cilenomon,13
purple-blep,13
wodon,13
feulyandiy,13
icesidio,13
waymoon,13
aimee_lesley_sim,13
imperiumlupi,13
vinirfox,13
koffisusu69,13
galainza,13
medliman,13
r-i-n-d-e-l,13
q83561965,13
ichihara-chan,13
koshiosaur,13
kreatohr,13
azzyfox,13
sasanaco,13
inufuji,13
soft-spots,13
koizumi-marichan,13
thehalloweenfool_(artist),13
ani22,13
akitune,13
curdog,13
alpa_ktash,13
shfunk,13
domidonga,13
jmanime,13
mince--meat,13
glowbat,13
peonybunny,13
superblue,13
monterrang,13
chaii-tea,13
treventant,13
epsilonshadow,13
gall_(lunaticwoe),13
rawbelr,13
dandypixelmoto,13
jonathan_koneko,13
chockloss,13
tomseky,13
ellynet,13
saino_(artist),13
kaelpie,13
gamubear,13
tag_the_tanooki_dragon,13
makokoinu,13
fourward,13
septen_trion,13
cody_soh_(artist),13
wynterowens,13
that-one-artist,13
zodim87,13
kemokemoxp,13
mannack,13
lunarumia,13
m_it,13
kuwuri,13
eeviart,13
felangrey,13
splashing_lemon,13
dritio,13
bowsey,13
motherleeds,13
zenerzia,13
burattinata,13
sangobob,13
kuraneko_nk,13
nikus_b,13
mozukubotan,13
tipsypaipai,13
fujitaka_nasu,13
secretspile,13
hellhounds04,13
zerothezeraora,13
huluba,13
creamy_roux,13
khaz_(artist),13
momoco_haru,13
kira-vera,13
chihunhentai,13
alligatorbytes,13
aschitail,13
chucknorris25,13
mireysh,13
melrue,13
dayynieldoodle,13
garbagechansfm,13
ljdamz1119,13
mochidaxxx,13
dragonwolfcrossbreed,13
suriruxi,13
furryafire,13
auspicious-cloud,13
boson62213,13
bara_29,13
andrewgtrez,13
fluffytales,13
ran_ran_629,13
flanc,13
vrahno,13
avianine,13
tanpaoex,13
zweilei,13
sukaretto,13
awa_mogu,13
mamath,13
ultimatez,13
kammydaydream,13
thundersharxxx,13
lolotron6,13
paiskung,13
occultistruth,13
nekonishin,13
kiraracash_(artist),13
ta-nightfuryart'97,13
mr.gorgy,13
rellyia,13
varu_(artist),13
miidew,13
hachidoesart,13
bardyr,13
h3rz4rl,13
oneoftheonly_(artist),13
lightroastyote,13
travelerbun,13
rexludo,13
cutcoriander,13
antilopachi,13
zipadeelady,13
sergeant16bit,13
..._(artist),13
zetou,13
funkyy,13
toronoekaki,13
m_mmbna,13
milesmycroft,13
gloveghost,13
pervyguts,13
sanjiaoasanjiao,13
deathkylin,13
kageniec,13
neetgabu,13
strongbana,13
sp3aker,13
yasojima_nejiro,13
rezodwel,13
uniow,13
skyelu,13
animenopls,13
ratmeals,13
crusaderjoe,13
blackkdogg,13
tapstnt,13
jon-smitten,13
oasisu17,13
shardanic,13
gespielt,13
kmwolfkm,13
milftamy,13
hiroji080,13
csuryolaksono,13
hamachi_hazuki,13
daddy_chunky_cat,13
bixbybull,13
headoctopus,13
pesets,13
aoyi1,13
faisonne,13
furrylovepup_v2,13
jack_badger,13
starhive,13
kumenmimi,13
wwponk,13
lilweirdoneko,13
powtaytow3333,13
chemicalrain,13
crossf15_(artist),13
lagimos6,13
trovul,13
astoro0430,13
dark_wolf2018,13
dartagnyan,13
nasiya,13
yuichi-tyan,13
maracoarco,13
darkmoney1,13
ylf,13
chatow_ead,13
greisane,13
taution,13
tsuknak1,13
jazzy_johima,13
thatcatlie,13
lilandy,13
balkanfur,13
toonbert,13
kayraitzayana,13
weebusracoonus,13
rosechuhorrors,13
doodlinghitman,13
luankretz,13
gureifia,13
andifferous,13
breaduck,13
queen-kajina-kinoshita,13
art-2u,13
ovolbear,13
doctorbloxhams,13
acrasials_art,13
jerryhugs,13
moonphase249,13
esprit,13
crufox,13
takoyakiboilol,13
wive,13
laluxorroz,13
pikadipo,13
misscurlyhead_(artist),13
themostrealdeal,13
yolo_45,13
xaseiresh,13
bearinbriefs,13
vbest,13
kekyi,13
nataniflutesong,13
hermip,13
confettibunn,13
bebipan_dq,13
hellscap3,13
dgpro95,13
krirk,13
silencing,13
lorenheisafox_(artist),13
pancakebatter,13
ninety-9,13
kay_but_gayer,13
meepmoopmoob,13
imthatfrankguy,13
nintyfresh,13
nitska_bastet,13
misspanica1,13
pedocchi,13
trickfoottails,13
deeaquifolium,13
four_eyes_(artist),13
magutuna,13
onepunchhyper,13
anik8tion,13
admiralbarley,13
godagodadp07,13
bearmuda,13
goliathdh,13
hugsandv0re,13
furrycrystal,13
dendmy,13
bizzmuth_(artist),13
purpletourmaple,13
krishmet,13
yumi_sakato,13
jiusan_naitan,13
aviverine,13
ricaudrios,13
rollerrobert,13
wadaru,13
hatrian,13
rekiowaa,13
r3versep4ranoia,13
georal,13
sioninel,13
skylerpegas,13
neco_no2,13
baka_neko,13
blairphomet,13
tcn_tancha,13
pigronora,13
sesamiie,13
angeellou,13
di_do_di_do,13
misterpolkovnik,13
twinkattstudios,13
lazydoggo,13
ho_tdoug,13
azureraine_(artist),13
snow_pounder_(artist),13
nominu,13
yeendream,13
vaalerie,13
erusiek,13
lazzyd0g,13
defenderofyourdreams,13
boilingbunn,13
mikty_miki,13
hioyami_(artist),13
metalinhun,13
bevvy_fischer,13
mrs_foquis,13
poch1,13
kotecfaction,13
barbarian_tk,13
waver1997_(artist),13
katamount,13
bendu,13
kingfurball,13
ser-p,13
dubrother,13
stunsetting,13
shortstackflapjacks,13
vontornado123,13
lilac_(artist),13
foxbanchan,13
topi_(artist),13
naughtyfey,13
indigobeats,13
7numpla,13
lioninthesun,13
itzurhyka_durtti_(artist),13
valfulnir,13
dannysorrow,13
bombaysky,13
msdulce24,13
mackmcstacks,13
d_barenzu,13
seiga_oekakicho,13
ochiko_terada,13
birdpopo,13
ivaldi,13
mirun_migyu,13
mintygoat,13
ataripanther,13
ceyemeka,13
th3geo,13
jun_(rojiura_jack),13
mouse_yin,13
jovi_cap,13
drew.,13
tranquillement,13
w_el_themente,13
queen_avem_(artist),13
furrylinette,13
komeno,13
batteryacidleak,13
9doppelganger,13
mofuritai_art,13
kaysa99,13
bloopah-bloopah,13
rongyao_(artist),13
choyamy,13
hyaxiong,13
pandadough_lewdles,13
dappledobbart,13
emmiafterdark,13
fluffy_octopus,13
dimaru,13
ahar,13
silvestris_rui,13
def4lt,13
kyletheakita,13
calvynbuns,13
quinnart,13
benoitxie,13
hokuro,13
shastadow,13
uselesstwat,13
brein_3d,13
tqualizer,13
eurobaneka,13
shinkichi,13
u_q_ya,13
hua_ding,13
chuochuo1201,13
xuumiko_tea,13
kawaimelvinsim,13
deckler,13
trenton_worthy_(artist),13
heima_surtur,13
sheshengquyi,13
chavaryn,13
shibziroo,13
gojiexe,13
romfox,13
shishimi443,13
ghosttoothart,13
servedwithsalsa,13
molemug,13
mimny,13
mimny123,13
dafty,13
corvarts,13
fangsboi,13
syromutt,13
mihyil,13
draggintoucan,13
kibacpup,13
spiderflakes,13
kc3d,13
wakaba,13
y_yama8642,13
gratatator,13
khalionhyperion,13
jacogram,13
bangle_golem,13
josevulpes,13
bunchamp,13
komurot,13
kpz-70_(artist),13
deleter9,13
rougeflair,13
kisomuro,13
not-a-fox,13
chisaferetto,13
rydeen_3d,13
littlehybridshila,13
lumenpaw,13
scrib_squab,13
beden,13
donlemurejo,13
kosuba_yui,13
eltehh,13
theroyalfowl,13
oleanderthehorse,13
cozy_ashfilm,13
aspentangle,13
hrafneye,13
floofangel,13
mitchthegoat,13
yobinira206,13
shimmerspawn,13
ridalyjet,13
yagi_etcrkgk,13
trist10,13
gevadam,13
qwer77kai,13
yokko_kyua,13
haruka_kd,13
acidstitched,13
aqjx1012,13
raimon96,13
pandacorn,13
stolenveecard,13
liss_fourtea,13
naughtygoose,13
mireina,13
monaka_(gatinemiku),13
okamicube,13
pokerus10,13
efnana,13
brdte,13
tacodraws,13
s1nparty,13
juccesnaccbar,13
black-white-gote,13
beastjuice,13
fmdreams,13
kane_the_roo,13
haydret,13
ricky_wulff,13
raku_naga,13
crow449,13
boopthepup,13
peachez_(artist),13
precascer,13
monyorunrun,13
pat_pat,13
pingpin,13
percibey,13
mixnmatt,13
volktex,13
maple_cat,13
ceoofbussy,13
crowparade,13
lesliedawnrn,13
eridana,13
tottotonero,13
dookytoast,13
hylesannei,13
nugter,13
vondell_vortex_everywaterheart,13
naidong,13
jubaowo,13
siur,13
vatutina,13
riockso3,13
gigabytefox,13
sus_muk,13
guntherthespelunker,13
garrapata2000,13
patt_jewanarom,13
jessquik,13
ethernsfw,13
yoracrab,13
zinpatink_s,13
icetealart,13
skrats,13
lemmingjamming,13
colrin_(artist),13
kippykip,13
sliversylvy,13
shardfox,13
dookinduke,13
natitititixx,13
tlapa,13
froggnot,13
avrameow,13
amajak,13
logand,13
umilumi,13
whitetigercub,13
c62r8myfyiuhf5d,13
austintgarts,13
shirou_shirigamy,13
cybeezly,13
dion_hamill,13
lvul,13
vovo_fwaweon,13
monchichiwa,13
gay_thresh,13
angelinablood,13
sunkinie1_(artist),13
fenderr,13
qdng0atngbaqmce,13
kigtoons,13
anarchymns,13
ophoffbrand,13
otari7902,13
pooltoyz_(artist),13
skwrlwrld,13
kama_and_hallie,13
whitebrowned_(artist),13
player8012,13
teaeel,13
woopaws,13
tnolize,13
manchi_kaaan,13
cuttlescuttle,13
usurpthem,13
littleredimp,13
rayethelitwick,13
ezpzxtc,13
puke-o,13
hallowed_starships,13
nthlieardgriff,13
suwa_(pixiv),13
phoen,13
fuzishiman,13
huevito_owo,13
drake_wyrm,13
d_demondragon,13
lwitch7,13
komoriisan,13
zhaoer_mmd,13
ozeniix,13
vandyart,13
amorphousblue,13
borschdoll,13
juicydomy,13
diswrthy,13
nowewemori,13
skylinerpl,13
nt_robo,13
lordguyis,13
silvano_(artist),13
little-sketches,13
animehikaridesu,13
casytay,13
chopsticc,13
currycatz,13
lamcarrot,13
f50_(artist),13
ace-risk,13
waistdeep,13
megaglitch(gw),13
bluesparrow,13
tom_macdougall,13
danyus,13
zombiedog_(artist),13
roadkilledizzy,13
errorplush,13
abe_waton,13
megahamco,13
modularpon,13
athos_(artist),13
velcrow,13
adriel-angels2,13
lezaki-thefatlizard,13
k_dani_l,13
cyphir,13
vorefan16,13
ameliaart,13
emeraldslime,13
salvadorgoat,13
disasterpulse,13
catragemiau,13
mxntylewds,13
mkmaffo,13
nwirex,13
missi_sippi_(artist),13
999gravity,13
foxtrot_uwo,13
lizathgrovyle,13
sickfreak,13
granddanya,13
pleiades_fall,13
bonbonny,13
iumm3n,13
piercingdoggy,13
mooberrymilk,13
moxgobrr,13
tiredlittlelucy,13
milkstore,13
robnashe,13
batten_xxxx,13
jcxraf,13
vlea,13
komezirusi,13
sabrinaaparicio,13
demopanfilms,13
freakfur,13
zzazzglitch,13
bakenecro,13
jackethehorse,13
a_snake_with_hat,13
o7sfm,13
papsadachi,13
kumandvil,13
olenaminko,13
rucchi,13
fuzzycogs,13
ilaac-art,13
thewizardlizard,13
feetandpaws2017,13
2randy,13
gpaper232,13
mcrocofox,13
yows_(artist),13
funglee,13
anato_finnstark,13
whinghope,13
onetonhalfshell,13
babyserval,13
veskorart,13
roombakittens,13
komych,13
cosmictwilight,13
giki,13
bingsu_19,13
meiutrola,13
fing0re,13
lukarts22,13
nielon_saberton,13
nomi0w0xx,13
aaalex_orca,13
shulky_bnuuy,13
k-nee,13
arkentian_idiot,13
rirurirue,13
12lolomalo,13
diabolik0,13
strixmystria,13
xnix,13
fiteme_m8,13
ruhuna3,13
uddragoon,13
milkymatsu80s,13
ayyyple,13
z4ck_rock,13
saerixdurr,13
murach,13
dragon_passant,13
vatrabbit,13
toxic_ramen,13
rayject,13
carcl3_owe,13
dekudrunx17,13
rtart,13
notnaruse,13
k_szk,13
justgruff,13
corgie2020,13
aptertheraptor,13
biohazardouswolf,13
angie_spangie,13
cooshoo,13
yadayada,13
morisatoshtern,13
hiddengoldendog,13
bepsus,13
sen_light,13
thekillerdumb,13
meekmunchies,13
cunningwise,13
snootydiaries,13
spicyfuse,13
emilywulfstudios,13
prisspaws,13
guo1,13
waka099,13
tomys,13
sovietrainbow,13
wulfkyet,13
telrem,13
morbiddevotion,13
thesmilingbox,13
serubijagung,13
xltoothache,13
qiwery,13
xirax,13
zuggly,13
ktr,13
silkykitsune_(codefoxup),13
hata4455ori,13
ectoplasmicresidue,13
delphoxart,13
caidahyan,13
denrir,13
idytwisted,13
bigwoofgeo,13
beluebell,13
precolist,13
clussy_fan,13
nara64064,13
skydev,13
genghisconz,13
large_bean,13
mommalucy,13
gradiusfanatic,13
bluelemonshibe,13
lilracc,13
dawgweazle,13
varso,13
leoiruga,13
kallielef,13
tealing,13
kiramofu,13
fenris_nordulv,13
jambifortune,13
omnisimon11,13
toothystuff,13
trowzerbrowzer,13
lucazura,13
kingnemesis,13
kobi_seika,13
tenmu,13
queen_lillith5,13
ckiii3d,13
dalakay,13
rackz,13
yuui,13
witherslayer73,13
louieaus,13
badlib,13
narwilltharu,13
moony0123,13
late_kila,13
konjac_ex,13
salamandra_san,13
sinfulbearrings,13
plutodile,13
lordmaksmiks,13
lubos,13
uranusart,13
covenantrt_(artist),13
lorkinsg,13
konofluff,13
foxperiment,13
ipypka,13
minna_f,13
wgguus,13
zwodder,13
mixidraw,13
matz_(pixiv),13
scorlamb,13
shenron.inc,13
thehoeartiste,13
hexlight,13
orvideuhoh,13
chubbyfennec,13
konkiri,13
mango_enlatado,13
mick_aokiji,13
transfurom,13
tcho,13
anonsouthpaw,13
tales_of_scale,13
thatdouginme,13
icy_passio,13
qoqnballs,13
pornfypanda,13
sairysia,13
t_m_f_w,13
lenna39216250,13
nneru_em,13
teallinum,13
sugared_roses,13
r4v3,13
qingnoakusoru,13
zvlku,13
winteranimosus,13
pinwinito,13
odoka,13
kryptickralo,13
elishiia,13
sapphire_7991,13
axolotl_team,13
cillaroz,13
blackma_paradox,13
thethinghidding,13
maomao31,13
mochiibat,13
bad_aizek,13
kissiapeia,13
slr4rthur,13
c-studios,13
bestponies,13
woodyallen,13
tempest_the_reaper,13
tao_draws,13
koreshka,13
ajaaaax,13
gremlinshiba,13
knife-boy,13
hyenamane,13
lottory,13
sammycelleste,13
mrnbgreenart,13
hasenase,13
turdusphilomelos,13
yan_te_yan,13
poisonevieivy,13
carmidecyanide,13
porcelon,13
padded_panda,13
mommifoxxi,13
nebula642,13
cheebsnsfw,13
theocombelart,13
valerieelysee,13
kazusealcoon,13
k4jayx,13
popping_weasel,13
shmoogel,13
slugtastical,13
kaito_aoi,13
babycorn,13
spookieshade,13
toro_artz,13
twiggietime,13
electro_the_dragon,13
pepperqt,13
sazart,13
louisesait,13
akrost,13
magmadough,13
wet_soc,13
ozzomoss,13
kinowan,13
julis-rocks,13
lomka775,13
drkgreyy,13
ernestaugust,13
oreonart,13
swainart,13
coconutcubbie,13
edward217,13
chomakony,13
fakkufakkufakku,13
sheepsause,13
jimmykoke123,13
banvart,13
nazca_(artist),13
tabbzart,13
jjeak,13
blackestmanamultis,13
317_mno,13
chihuahua_1003,13
xenothedragon,13
hutomayuu,13
neru_meid,13
gogokemono,13
defaultexe,13
bella_vanguard,13
hornbunxx,13
timaki_z,13
thedoc20,13
zuse_q,13
slashkill,13
juicedafterdark,13
wi_tolo,13
pocketsweeties,13
aguai,13
kesshonine,13
nickosnekdoggo,13
allicoot,13
lewdgear,13
alfalfacentaury,13
garlockart,13
aauryxheretic,13
asy,13
azspicedjason,13
gorillila,13
kamenosachi,13
sandreiio,13
inimoose,13
squeamsel,13
kittysankyo,13
miduno,13
feikro,13
squidgum,13
kevinpony1,13
lemonflr,13
swingshiba,13
herosima101,13
hot_professor,13
bozi_exe,13
stm2126,13
s-ar,13
theyisus55,13
jeremy_dytto,13
souz,13
antonio80751711,13
charleskirbyiii,13
manguuslushee,13
wakaimaa,13
yunta0722,13
tigereyetopaz,13
snek_stares_vacantly,13
likaoni.jpg,13
dmnthiccfox,13
mrvector,13
fatunicorn,13
zandriel123,13
monodreams,13
tacticoolmofo,13
ynannayiff,13
bigcatad,13
sunsetcobra,13
joorff_draws,13
zetsu_nura,13
rushinda_streamer,13
pupunangua,13
leeeunwoo0224,13
yeenshield,13
zakoruchka,13
villllain,13
twistedgutzz,13
mito_myth,13
windadragon,13
playdohcoma,13
starshibe,13
doktorzombo,13
khazzyispine,13
trz_lettuce,13
muskysaber,13
awsometime,13
sovoy,13
bearzebaa,13
vyrtek,13
mepel,13
dune_pearson,13
graveguilt,13
sima_owl,13
naikithecat,13
bell_punch,13
grifet,13
azbie_creations,13
xaveriuz,13
tatatama,13
plumablancadraw,13
tipzykitzy,13
leaisreallydumb,13
bunnylean17,13
okobojee,13
valval_ohg,13
bluluci,13
shdwk,13
bowhuskers,13
stardustpapi,13
tsfmimi,13
ravenfangs,13
erasethismail,13
muuunya000,13
muskpit,13
ohutongoro,13
hyenaradley,13
nill321,13
sword_draws,13
tnp,13
cringeboye,13
likara,13
whitebird447,13
ratto,13
laiab14,13
gibbo0z,13
stand_(artist),13
sunzopunzo,13
nightneko,13
misslucky,13
arcadiavr,13
tillshposter,13
catgiovanni,13
zack_the_wolf,13
juulcheesecake,13
vittooo_ooo,13
briskysap,13
marmadoodles_(artist),13
noirzvault,13
anthonylegua1,13
bartisthedoggie,13
gholoxy34,13
noodle_noodles,13
kidamenaq,13
akimitsuarts,13
foxtrot_velvet,13
weasdepiro,13
solskoll,13
kogane_reinsheavenz,13
hclysword,13
seacucumberyes,13
pynkpommy,13
blue_balls215,13
aeroth,13
noxdec,13
urlocalsf,13
sayoko404,13
crydakota,13
6o6furrart,13
lovesleopard,13
pec_ra,13
ndlsto,13
anarchyberylz,13
behelliths,13
sunnypony,13
whyarewestillhere_(artist),13
namefield1,13
sarent_stuff,13
nubulaxx,13
ruselab,13
glitterypikachu,13
hotscifisex420,13
koenics,13
qqyfehawdrwpykn,13
akeshitanaki,13
bunymarch42,13
kxybeastar,13
kujitari,13
coneyeaa,13
kenunsoy,13
pushinc4,13
pepoyo_(artist),13
sir_paulus,13
fentynyal,13
climbtothestars,13
reddyydude,13
chocoflan,13
merong_(youtube),13
taylortottieottie,13
couch_gregor,13
mindgasmyt,13
atherenders,13
fawnography,13
ouro_(artist),13
undead_h34d,13
kizitoba,13
preggyshork,13
riku_(artist),13
cookinpizzaart,13
aggressive_pomelo118,13
sukibrillitos,13
barazany420,13
drawnbygorb,13
lambbda,13
tofo_u,13
foxstep_(artist),13
blueberry_milk_(artist),13
macanick,13
qsuke_kemo,13
kangacoconut,13
morumotto2234,13
tiddies_mcgee_(artist),13
toa_72,13
5admansparade,13
sil-pen-draco,13
lilminindahouse,13
octospective,13
hollythelewder,13
ghoastiehead,13
utubo,13
6tray,13
tarooki,13
micromango,13
tdraw,13
day1or,13
gaywinds,13
cabl,13
natkra,13
digivolvar,13
fenqury,13
gatoasti,13
member123,13
protogenpal,13
historiaallen,13
diceyboi,13
bonkerzhonkerz,13
pendeura,13
ecclesia_feriae,13
whim_draws,13
aricat98,13
marcz,13
zahoggu,13
roxy_bolokho,13
staggered_prose,13
puppiwuppi,13
2bosi,13
yukidoodle,13
mrwood80085,13
creme_balloon,13
xegony,13
universalfuret,13
rodolfoslime,13
roycefox,13
zhengshizi,13
harpdahorndog,13
kyo_kyopiko,13
capturetheflag,13
krysmcscience,13
fabiusaurus,13
jojo_vi,13
sumiyoshi_jokei,13
aentis,13
despicabletea,13
xiomih2,13
kounsoupp,13
zamparte,13
sapphirememories,13
kobywick,13
fluffull,13
stronberry,13
marzipan-n,13
liltrashx,13
fleroyut,13
kintsugeist,13
jvcheng_uwu,13
hollow13,13
htony,13
grechka,13
asaichi,13
suicidal-kitten,13
911servis,13
barbariel,13
sipoftoast,13
foximoron,13
chill_chichik,13
soulesx0,13
freakycitrus,13
snuppyart,13
blue_x,13
n0dakan,13
scoobie62,13
minussketch,13
jinou_rakugaki,13
felisiano,13
kinurubi,13
mjsty,13
neshaink,13
felidont,13
moistmolasses,13
toasterstein_(artist),13
sketchnshade,13
dmr11228,13
ikalokaloka24,13
turix,13
sketchogolik,13
punkoftherats,13
wjermghx,13
diamonddrake12,13
mister_nebulous,13
lanladeo,13
hyenamexa,13
oh_mikat,13
phobiamachine,13
hanaarasuka,13
sassyrdos,13
fernsstories,13
arealtrashact,13
ara_arasaka,13
bey_293821,13
raccstarlogan,13
teazynekit,13
tumbunski,13
dimetil,13
koud3x,13
inudarkk,13
green_vine,13
hornylemur,13
theraph0sidae,13
l3534795389328,13
furryoccultist,13
mistythemist,13
kit_yaco,13
shortphantom,13
nasuuokka,13
zircontenshin97,13
misty79182580,13
dog_in_hat,13
megadolix,13
aneoope,13
freddypizza,13
neko-faust,13
jigglyjasy_(artist),13
sephyra,13
tonesword,13
64nkz,13
mao06,13
xxkandibunzxx,13
scrimblocrimbo,13
mihuankarya,13
ares_sweetfox,13
reach06,13
vulpinevulva_(artist),13
dukeofsnailplace,13
dellflops,13
luxerousbane,13
svartya,13
hupla21,13
jonsc,13
alexdrawsx,13
shady_geist,13
pollipop,13
bigroundburger,13
kellirah,13
twilighterm,13
neotenous,13
skullminiac,13
mike_jeb,13
neodarkkring,13
leox_un,13
retrobeastto,13
o3o_luri,13
aruu_ashe,13
sangy,13
sheylog,13
liam_98,13
goldenfoxythefox,13
torukaw,13
tenderism,13
kyokus,13
shenadical,13
echotastrophe,13
zariorwen,13
pondhq,13
alzar_fox,13
kororin,13
mousebytes34,13
reisuke_wolfox_(artist),13
penni_bat,13
alex_campos,13
catherine_e._simmonds,13
derek_kirk_kim,13
anton06109296,13
voidtheeldergod,13
fancypenguin32,13
tinytempest,13
crunchy_kitkat,13
artgoddesses,13
snubcube,13
marzipan_(fluffyboob),13
onixsea,13
erokuman,13
someweirdnut,13
pixel_perv_pete,13
wulfy-deacon,13
the_moss-man,13
ganzalo,13
youutorrent,13
fiendingcat,13
wizrat,13
h_ghast,13
anonymousmike,13
vickydanne,13
basslapping,13
inkyproduction,13
saudawg,13
exoticdragonbeing,13
heckodagecko,13
louis_glackens,13
567wzh,13
creambeam,13
stoompystoompz,13
kitty.zone,13
lemy00n_aid,13
milana1313,13
fuzamu,13
auroraskyyy,13
moss_stuff,13
rrraaffh,13
amarooki,13
rocky-marbles,13
cosmo_allstar_(artist),13
thenameistemtem,13
lobo_guarana(artist),13
familiar_nobody,13
ohmeowgay,13
keitfa,13
kaiga,13
leoderorero,13
sikesmort,13
dillcresta,13
jamcassette,13
axouwur,13
slpwk7_(artist),13
henchmook,13
bunchasticks,13
civilcrackhead,13
polez,13
luvtoons,13
haematolagnia,13
key-0,13
lil'goober,13
fur_and_jam,13
nunalette,13
scribbleott,13
shinktanoro,13
sssnake_mg,13
mirok,13
vokoy,13
kakotherock,13
carloswuemmm,13
amifennec,13
merlebirb_(artist),13
internetwoof,13
vanilla_road,13
whis11,13
deadrabbit,12
muura,12
terriekitten,12
lakituboy,12
sleepysheep,12
valk,12
azaghal,12
juston_decristofaro,12
summer_jackel,12
astronautilus,12
raniko,12
fuziwa,12
hottapwater,12
ymxa,12
labrat7,12
reaperfox,12
ajf,12
norman_rockwell,12
misuraroi,12
tazima,12
sne,12
nero_cane,12
inlex,12
gearlock,12
rajah,12
fat_jaguar,12
dakarai_(artist),12
chamelon,12
docsonar,12
windcatcher,12
futaba_morishita,12
martin_reichelt,12
liselle,12
o-tiger,12
ritz,12
bone_(artist),12
kokuhane,12
sig-nal,12
sako,12
chabo,12
sui_(petit_comet),12
arkangel-zigma,12
nebezial,12
mri,12
marvin_redtail,12
darkwolfe,12
delica,12
kasse,12
ultimate_havoc,12
beibei,12
oota_yuuichi,12
kitwulfen,12
jab,12
udn,12
nippy13,12
dontamure,12
kurita,12
yamashita_uri,12
blasted,12
shayde_(artist),12
hebi,12
kouta,12
khranok,12
greensloth,12
tenji,12
gs-leal,12
kumorigetsuei,12
oso,12
z0rgy,12
codestrike,12
kirbopher,12
littleyuji,12
danja,12
accelerando,12
kito_lion,12
kurono_rokurou,12
rabbitinthemoon,12
taen,12
scribblefox,12
gannypiggy,12
darius_koopa,12
paso,12
endou,12
tokalub,12
tk83,12
graelthrimm,12
whitetail,12
nr1231,12
d.r3sto,12
lay0wn,12
reimori,12
indigofactory,12
phinna,12
will_faust,12
aelius,12
miellaby,12
yapi,12
taichao,12
belsevuka,12
dog_postman,12
steveman,12
snowy_dragon,12
kiba-wolf,12
soryane,12
psycohound,12
ao_usagi,12
artistic20b,12
stfn,12
nejinoki,12
carafe,12
qaxis,12
adamrbi,12
whiskeyagogo,12
harumino,12
tidmatiger,12
suicidedragon,12
mellosmile,12
laara,12
gebji,12
ryonbu,12
blackangel018,12
weirdthingswithanatomy,12
quinst,12
garrett_blair,12
conceitedcorgi,12
petirep,12
chiron178,12
jeatz,12
storefront8,12
esuka,12
kaijufreak,12
access,12
lavah,12
rannva,12
bubuzuke,12
omegalioness,12
chi3,12
88po,12
reirou,12
fen_(artist),12
scarletblood,12
toshiaki_takayama,12
raikhan,12
koshou,12
twotone,12
fairytails,12
dufy,12
joh-wee,12
magician_(artist),12
psychoticmindsystem,12
123hamster,12
dtfox,12
messymutt,12
digimitsu,12
alkosh,12
blue_(artist),12
jackiejackal,12
lampwick13,12
lon40,12
iowercase,12
tuftedears,12
zapon,12
naterrang,12
astrisk,12
ginkgo_leaf,12
uriko44,12
igakattack,12
chieri,12
arainobu,12
kuronyan,12
bluwolf0,12
lt-gayburn,12
einaralsmer,12
kumkrum,12
okano_hajime,12
magicscir,12
nayokoventila,12
tsukitokage,12
watergleam,12
dsamusmmx,12
pixelarrow,12
evilkey,12
improper,12
cybersp0nge,12
paradigmpizza,12
mahsroh,12
emberhart,12
gsxk,12
wreky,12
innocentsuccubus,12
getter,12
janerose,12
torheit-die-katze,12
hybris,12
laughingartist,12
akara,12
lysok,12
chup@cabra,12
viraljp,12
snowpea,12
zazazazazazawa,12
toonexterminator,12
frodo,12
j-cock,12
brayburnman,12
megadrivesonic,12
qluvic,12
w300,12
nibiiro_shizuka,12
konkka,12
yanoda,12
cloney,12
the-orator,12
syroh,12
binturongboy,12
dennyhooves,12
narubi,12
darkponysoul,12
my-magic-dream,12
steveskunk,12
kawai,12
gnash,12
oo11,12
setsukaaiko,12
mizuga,12
triple-q,12
galix_artistry,12
nacnac,12
aisyp,12
jaylablue,12
hauru,12
daqulith,12
kiyomin,12
mosny,12
taishi,12
veyz,12
nya18,12
cosmicwaltz,12
terranariko,12
archangelduskanddawn,12
kaba,12
mttn,12
stephdragoness,12
shimo_(depthbomb),12
bubblegumcandy,12
neutron_alchemist,12
magi,12
skatalapu,12
joyfulinsanity,12
machetesaga,12
fuzznut,12
tikyotheenigma,12
zorbitas,12
akivaws,12
aylastardragon,12
massimo_mattioli,12
graffegruam,12
skoop_(artist),12
velexane,12
warped_apple,12
thejeweledhorn,12
tailsdoll5,12
gozob,12
pimienta,12
i-eat-dogs,12
artofzod,12
wiggabuysomeapples,12
mpa,12
hentman,12
epoch,12
ozkangaroo,12
metalaura,12
vixengal01,12
seasaidh,12
grayscalerain,12
doumou,12
freebre,12
mmgpeve_(artist),12
bakaponi,12
tinytrain,12
csotws,12
woari,12
ppp,12
trippy_(artist),12
crypto_botany,12
deceitfuldragonair,12
drazenvayne,12
grinn,12
dkirbyj,12
altauro,12
wumpismcgrumpis,12
glaceonx,12
sournote,12
chkichki,12
semental,12
adam_paquette,12
kelvinthelion,12
ejami,12
xilenobody143,12
russet_(artist),12
kafeitoytle,12
malus22,12
arvaus,12
saine_grey,12
sakuracheetah,12
wargaz2783,12
geminidragon,12
renata3213,12
drink_(artist),12
agroni,12
jakecat,12
notepaddle,12
murderous,12
karl_kopinski,12
shusuika,12
ikedakeita,12
strawberrydog,12
stasysolitude,12
forufu,12
nekomatag,12
ceowolf_evandean,12
regolithx,12
terumbli,12
niku9owata,12
oomori_harusame,12
kiwikig,12
nanamii,12
e1m8,12
phatmon66,12
dragonhead,12
vorkkael,12
curbstomp,12
line-arts,12
093_(artist),12
fuzznutt,12
grim1978,12
lim,12
jacel,12
jimbear,12
roar_wolf,12
thenightwishmaster,12
saru_000,12
starlie,12
overlordzeon,12
ophryon,12
bellyandfur,12
natasha_allegri,12
wheezykb,12
inkplot,12
tasuke,12
mag_(artist),12
dust_silvery,12
kondaspeter,12
la-nita,12
shad_noise,12
tad,12
kamishimaaile,12
theonedzaan,12
kimeramao,12
donan,12
rahiros,12
dahlshita,12
asilios,12
3.14_(pixiv),12
abbb,12
dreamcasterpegasus,12
nekocakeart,12
bunana,12
furrybro516,12
tangle_(artist),12
softcream,12
creepycoon,12
humunanunga,12
kittykatmaniac,12
looneyluna,12
beardcat,12
zanuka,12
shaiger,12
laughingbear,12
bug69,12
om_(artist),12
diviningcrop,12
matealisson,12
nonplussed,12
kawaisaw,12
murderousderp,12
sekky-licious,12
kree,12
arkalpha,12
akiri,12
sevenada,12
sh4rk3y,12
kinkyjimmy,12
byuru,12
tychondryus,12
build_master_works,12
suzuki_(artist),12
kewtip,12
fogo00,12
kutnermd5,12
bigdaddy,12
sagemerric,12
spiritmachine_(artist),12
skawinski,12
chronicsoda,12
whiteguardian,12
hoshiai_hilo,12
pugilismx,12
dextercockburn,12
akunim,12
qsy,12
tonythetiger16,12
soapion,12
captainfuckbus,12
blushophile,12
srta-rata,12
xaphelm,12
snurbles,12
kaephic,12
enbuoo,12
raj-y,12
metroxix3c,12
mtiggah,12
draggysden,12
gammel,12
foxblaster.dae,12
kodus,12
slitch,12
lychgate,12
tinny,12
littlemidnightdemons_(artist),12
nuidon,12
garpey,12
lytschi,12
dagnibor,12
sleepy_acorn,12
zehpurz,12
botslim,12
furrynoata-kun,12
jakewoolson2014,12
h-e-h,12
6dtp,12
zametsu666,12
exsir,12
spoonzebra,12
pin_(artist),12
zeromomentai,12
sweetstellar,12
"7.8/10""toomuchporn""",12
kyoueishin,12
spica2501,12
casara,12
usimoyou,12
himawari,12
vian,12
t.gemini,12
eversorthewry,12
ask-burgerpants,12
exsirbestiary,12
cuprumrus,12
marindashy,12
lazyamphy,12
zacharybla,12
yamashta,12
toanderic,12
gecotan47,12
kahl_(artist),12
acrii,12
wolfeenix,12
xochitldreaming,12
victoreach,12
jasmae,12
hanzo_(artist),12
rizzell,12
slurpoof,12
findo,12
sugarrusheyes,12
yern,12
gearsassassins,12
w0nder,12
coulsart,12
browniepops,12
lancz,12
piranhartist,12
undersfw,12
feathers-ruffled,12
garikaliev,12
sanity-paints_(artist),12
imajenink_(artist),12
rachel_(undynetrash),12
nateesilnppalingal,12
neromashin,12
osipush,12
kusuarts,12
zmitzy,12
deliriousbiznasty,12
eroknight,12
beetleinabottle,12
doa687,12
pallasite,12
yuzumiya_mono,12
xvi,12
rait,12
lodoss-12,12
randowis,12
linedraweer,12
ganariryu1,12
dozyslumbers,12
galaxyspark,12
thezentlion,12
almondfeather,12
crute,12
l33l3b,12
hardynumb,12
scikosis,12
misterix,12
aosssy,12
overwatchpon3,12
sexfire,12
pixik_(artist),12
thebiz,12
wildlord,12
mysteriouskaos_(artist),12
whitemagetifa,12
coffe_(artist),12
alexeyv,12
cloudi-nexik,12
spoiledmysterymeat,12
hanimetion,12
kittyjar,12
fel-fisk,12
blakethehedgehog16,12
eighthsun,12
nekojiima,12
bazza,12
atatochirio,12
farfromserious,12
drrichtofen720,12
jayjay625,12
yasedeo,12
asehn,12
dpmaker,12
moochie123456,12
winter_way_(artist),12
fallowwing,12
edo_nova,12
prepbon,12
dragonfer_(artist),12
puptownfunk,12
rated-r-ponystar,12
greensalamander,12
rt_pilon,12
uglynicc,12
furnedon,12
argentstarsaga,12
spatropovsky,12
indiwolf,12
fanch1,12
evolution_(artist),12
val-q,12
polakz,12
pingqiong_xiansheng,12
vektor_(artist),12
grimguard,12
shamserg,12
xxbufsiz,12
deadbeats,12
trialtrex21,12
ktyon3,12
faptor,12
k_fluorescence,12
rrostek,12
7aboo,12
elennumen,12
annue,12
mjenai,12
funkbang,12
alonio,12
lazypft,12
seliron,12
fruitsloops,12
xishka,12
luca~,12
unita-n,12
syralith,12
blynxee,12
theneithervoid,12
99ultra,12
vixthefox,12
zaebos,12
goldelope,12
james_ward,12
xartofering,12
actworks1970,12
anthro_(artist),12
animaanthro_(artist),12
yuufreak,12
stmaster,12
unclear_asdf,12
taiga_(klm1511),12
aweye-ff,12
artsy_animal,12
drreverb,12
the_diamond_mid,12
capramoms,12
n64by44_(artist),12
illuminaticrew,12
anklebones,12
schiki,12
bonky,12
franktoniusart,12
ravensun,12
koodge,12
zucchininutbread,12
trunswicked,12
r.kibler,12
afrozenheart,12
baluinu,12
dogandchain,12
kura_sushi,12
madjerk,12
sikiliya,12
vako_edelveys,12
raush,12
kiibou,12
jailvian,12
mattdrawsmen,12
jodagee,12
jellotsok,12
jaynator1,12
bammeo,12
te-lightning,12
arhoke-anu,12
kaibl_(artist),12
mmimmzel,12
dariamorgan,12
gilnorg,12
kassiopeia_kitten,12
bl_darksoul,12
ketrol_art,12
xianetta,12
ravenousruss,12
tmp999,12
divra,12
raftyverse,12
strigasv_(artist),12
dizmal,12
shmazman,12
myrmidon_(artist),12
naughtypelli,12
rebotodlive,12
roku,12
strangeazian,12
xpisigma,12
thatboi_limo,12
theriaque,12
husamochi_coo,12
alien-rat,12
umieart,12
redmanearts,12
sunflower_of_evil,12
mrstranger,12
chevalierdeon,12
remarin,12
cicakkia,12
anon716,12
karladraws14,12
idunfox,12
murninatair,12
dantethebeast,12
dragonkai,12
magdathezoroark99,12
gnutsen_(artist),12
supercrazyhyena,12
jeffpat,12
lack-lovester,12
lusty38,12
beuen,12
krafty,12
revanac,12
erikadent,12
0zzycat,12
kachoufuugetu4,12
gbr01_tiger,12
ghostiebash8,12
mrkermodebear,12
itsdatskelebutt,12
popdroppy,12
davi_escorsin,12
meow-ku,12
jadii,12
asraitheome,12
jyemer,12
voidteeth,12
noite_azul,12
snibi,12
nakko,12
do2910na,12
gracefulk9,12
plukan,12
kifared,12
lupeylycan,12
wringed,12
wiloh95,12
austinsstuff,12
roulga,12
totemmo,12
brightgoat,12
redwolf232,12
ametoki,12
niodreth,12
zesuto3,12
milkybears,12
tobisawa,12
kaname,12
ahnokworld,12
mr-ndc,12
greenopi,12
mochizukifurry,12
melvilleicicle,12
orangecatslutz,12
nonta_(pixiv_3813893),12
samsantala,12
gayhorse69,12
beefkek,12
demalyxdragon,12
zecon19_(artist),12
snowsupply,12
bactover,12
acornshield,12
sketchbox,12
askstarwolf,12
sananay,12
nipa,12
rudzik,12
perplexin,12
blanca-d,12
teisol,12
halakadira,12
mumblemaw,12
poka_(artist),12
ll,12
the-last-phantom,12
kassillea-s,12
fenwaru,12
vappyvap_(artist),12
nyhmvr,12
cytricacid,12
hal_(pixiv),12
syo_mitarai,12
dokomon,12
emybun,12
noctomaeus,12
xoel,12
sonypanda,12
wolfexorcistx,12
onomeshin,12
dreaminerryday,12
monro-sha,12
kemofoo,12
ponehcawk,12
peperc2,12
ten28091589,12
moramoor,12
lokko,12
thirnz,12
ak_akikaze,12
hornedgiant,12
riggl3,12
osleepyevil,12
vanillaberry,12
plinkie_poi,12
vladimirvolfe,12
zettaizetumei,12
kurageto,12
yuritaro_0316,12
bsapricot,12
darkcarnivora_(artist),12
keetydraws,12
burningblaze121,12
cyrfox,12
raseinn,12
wincalblanke,12
tahla_(artist),12
tingsan,12
rand1971,12
papaengie,12
zarapdos,12
microspace,12
tomite,12
sakha,12
meaninglez,12
duckdevil,12
32232232,12
oyabin1124,12
kl0udart,12
gomicake,12
beaglescouts,12
alchykiller,12
wynnchi,12
oasissonik,12
joe_benitez,12
joe_weems,12
michael_nelsen,12
leeohfox,12
koideandichi,12
kendjee_zee,12
shinma,12
archdan,12
nastoyka_14,12
kurumagi,12
kellee_riley,12
kemodick,12
sqdicks,12
ruthlesspeasant,12
gomzai69,12
stuffedeggs,12
type_zero_werewolf,12
mellowkun,12
chiyoshi,12
yotnii,12
coop_(artist),12
alejandro_giraldo,12
bryce_(artist),12
lewderca,12
orangelemon,12
orkathewolf,12
mumblegroan,12
desire's_domain,12
splayta,12
1000bon,12
takahiroreta,12
toxstar,12
la_lune_rouge,12
heyitsheaps,12
tenken_(gotannda),12
rimbie,12
alex30437,12
mafuyu,12
fonzos,12
chelody,12
doro-nyong,12
perverted_demon_dragon,12
sheya_(artist),12
veganswampert,12
fluffysmolcloud,12
lapinou,12
dergepard_(artist),12
tentontail,12
mati0la,12
misaginus,12
y-firestar,12
chsim662iawh7ai,12
kjoee88,12
m000,12
stevencarson,12
jadenord,12
barley_bear,12
kewlbot,12
hanetu1,12
fuzzywuzzylittletail,12
i_am_clover,12
introspurt,12
ompf,12
muimuitoby_(artist),12
kimboltart,12
zephyrsplume,12
lucaswilde_(artist),12
spexwulf,12
jayydenarts,12
diegothedragon,12
elsyt,12
max_hyper,12
thekuto,12
kebabu,12
clusterskulls,12
dorayakich,12
red_folt,12
scribblebeast,12
freyacat,12
doccat,12
kirikoi,12
nrvos,12
shu_u,12
zephyrus139,12
gureirar,12
magicalkoko,12
s.in,12
502,12
melu0213pk,12
knotvalid,12
kinkz,12
cloakeddragon,12
babemagnet,12
purpurakuu,12
matsumotoshao,12
crimsonlure,12
villain-apologist,12
awildlionappeared,12
akurodragon,12
alexiswolfy_(artist),12
smutichi,12
kumahachi,12
alonsoart,12
absedgy,12
varisart,12
radrangy,12
estemilk,12
portlypigeon,12
dakusuta,12
gifted_lion,12
gosui,12
woynich,12
fezziobeans,12
ssangbong-llama,12
bugs-bunny_(artist),12
araki495,12
war_dyn27,12
randrewcv_(artist),12
fimbulvinter,12
awnie,12
tinselbar22,12
reiker,12
ludwigspectre,12
kyoriss,12
hollowedden,12
kurohardt,12
autumn_equinox,12
merime,12
nsfwtofu,12
dengarie,12
nylonheretic,12
vehksfm,12
addikitti,12
icedfoxes,12
efaru,12
asyalawrence,12
nammers,12
tyronniesaur,12
bleedingpervert,12
zacepka,12
limitless_fun,12
mamas_art,12
barbatos_(artist),12
hakabanobaba,12
praisebooty,12
masayo,12
shiorimia,12
retrosolfunk,12
noosa,12
neosena,12
t-d,12
s-7,12
lordyupi,12
sheep_of_autumn,12
hardermoo,12
surkefish,12
asteroid_ill,12
collaredkid,12
atrizransuz,12
omaoti,12
gorigori_3,12
sirahtama,12
wolfsecho,12
cozynakovich,12
fifty4,12
lilpiggyboy,12
v1nw0lf,12
fire_bay,12
brainiac_(artist),12
buruhoshibonbon,12
koloni,12
rickxmortyseeds,12
darlsol,12
sunbidurgi,12
frosty_cherri,12
kate-titan-mrak,12
jhackeydraws,12
motion_sickness_warning,12
lmania329,12
dominoesdog,12
thanku,12
yotsuyu,12
zoonckl,12
mikanzume,12
ariana_shima_2d,12
mazureth,12
erwindraws,12
chromodomo,12
vinci,12
reonarudo16sei,12
noneness,12
moondropwitch,12
404yaiba,12
knj_ex,12
mokkete,12
koyra,12
moofooroo,12
bluecard,12
eltanin_hane,12
bennybeah,12
hadesgenesis,12
bluecup,12
anonymousshark,12
morganramune,12
krawetzki,12
sinnocturnal,12
wildepoison,12
kazunekomori,12
ndmnsfw,12
hallowsjojo2000,12
stargemmedampharos,12
mahoukarp,12
xquid,12
minek015,12
poverizer,12
bunkwizard,12
brashotter,12
widebros,12
iirene,12
deaddingos,12
hyperlazeroranges,12
umbra_keeper,12
ashleyloob,12
darahan,12
dunryok,12
starryeyes_(artist),12
akarei_(artist),12
cloversden,12
ellizary,12
rilo0204,12
wellawayhare,12
krano_network,12
princeofdingos,12
charlesdoodles,12
gensin,12
shiroimuna,12
raidon_world18,12
supersocks,12
adolphbartels,12
qdlin,12
plaguetyranno,12
rjdrawsstuffsometimes,12
chocolombian,12
pinkboi335,12
emitto,12
wolves_moon,12
tonbippo08,12
zyugoya,12
slaiart,12
iurub,12
auxiefox,12
sernsenart,12
scatological_(artist),12
lathebiosas,12
cavahn,12
enzodoesart,12
nightsabra,12
leonel_soto,12
me_swsh,12
liy-p,12
xmorfina,12
onifruit,12
moodi,12
icebrew,12
xlownez,12
jnumbat17,12
thieving_fox_(artist),12
squash_(artist),12
dewottdude,12
flyper,12
synistar,12
zidero,12
elena_roslyakova,12
terrificeyez_(artist),12
shadyshadsie,12
slimyylolitrash,12
xxxrei,12
zerkain,12
mrswindle94,12
nannelflannel,12
fancyatrist,12
med121,12
misoni_sabakan,12
corruptedshrew,12
extrafurrestrial,12
lividdear,12
so-jun,12
shoganight,12
mrloodness_(artist),12
vikernes_dutchie,12
tsutanoha,12
ceruleanazura,12
jessepajamas,12
justsmith,12
nyaxxy,12
fujiwarayoshito,12
fuji25_2501,12
r2roh,12
berrystrawmilk,12
dracooties,12
milaelska,12
bloodhood,12
supsross,12
tofuchenco,12
uuhuhuh,12
nikuda2929,12
239,12
rednoir_(artist),12
mothiikai,12
coffeepoompoom,12
infinitesimalj0,12
lilredcottntail,12
marioferro,12
oldwing,12
bat-kat,12
anlack,12
chakichakiman,12
busaikusweet,12
zond-er,12
mongmulcj,12
skullart,12
rurusasu,12
the_vaporwave_tapir,12
mizuki-t-a,12
weridartist,12
mrnekonyan,12
thehavanawolf,12
bagodirt,12
lassenby,12
notnbars,12
existimatio,12
nostalhea,12
n_thing,12
zincubis,12
sausesheep,12
castledolphyn,12
ahriman_(artist),12
suzaki_kazuki,12
mitsubachi,12
ori0s,12
halfwing,12
featheredadventures,12
dayvoso,12
giji_eizan,12
krafteh,12
zugelly-lucia,12
n14_ak,12
letsusrush,12
pigeonpantonium,12
dimwolf,12
dyun,12
painterman33,12
justabeariguess,12
empressneko,12
holyravioli,12
sloppywulf,12
fatbunbun,12
spluckytama,12
wildartguy,12
pure_ruu,12
tswagi_slime,12
devilishrr,12
dragon_wick,12
xxfujiwara,12
gattobamboom,12
coonfur,12
marcosos,12
artofem,12
siniestasma4,12
xzcrystal3d,12
midnight_drawings,12
smutstrut,12
smoothpen,12
art-artist-kat,12
ave_draws,12
cycoriot,12
lizzard_ych,12
sylvia_ritter,12
setispaghetti,12
zframe,12
nemera,12
rongjie_mini,12
furbydemonic,12
horny_marco,12
wtnbkwiyd,12
sporealtair,12
sherbetvap,12
lv1sul,12
bomzzzik,12
kamiyanndon,12
ziio_martukon,12
archvile_(artist),12
ascended_cake,12
superkrazybones,12
freya_mary,12
snoroboros,12
srasomeone,12
psyriah,12
quanlao0624,12
koboldlabs,12
erroten,12
beatboafterdark,12
rikokyu,12
haz3y,12
jasonkim,12
louis_momoto,12
amateurthrowaway,12
lil'bun,12
matthewstiffer,12
papyswapy,12
drawnaughty,12
trail-of-scales,12
ethandoesathing,12
heizou112,12
tadashi-kun,12
bootiesforlife,12
shastasaffor,12
eukaryoticprokaryote,12
dandy_is_lion,12
tonibienmonii,12
innerevil,12
yeahhotel,12
takashi_(onikukku),12
tipsybajr,12
stabbzycat,12
ivyyy,12
momomofura,12
alf_doggo_(artist),12
spaziosqualo,12
tenhead,12
pingersurprise,12
infekah,12
alto-kun,12
aaron_chen,12
khomche,12
spicycabbage,12
bamboo_(artist),12
akaebi_777,12
hex3d,12
butterloaf,12
onlybwg3,12
lammyshark,12
terrordark,12
agogoart,12
bellydog,12
trashtragon,12
heristeaarts,12
bayleyheart,12
zoo_sp,12
rex_tile,12
just_some_bean,12
r.nemrick,12
fluffygayuniverse,12
hagane_ari,12
garyvice,12
mightdivine,12
jest56,12
talomana,12
pandaleafs,12
thegaym90824320,12
ruiler,12
avantiver,12
borisfed,12
dantatdawn,12
entodonyx,12
karasuma_wasabi,12
senpaistatic,12
skye_chips,12
posv-e,12
harapunoe,12
draw_anon,12
kims601,12
creed_zachary,12
big_mantis,12
ghostly_(artist),12
symbolic_reasons,12
nyanilla,12
komiya_harumoto,12
delt.a,12
pixie_awww,12
emyr_minotaur,12
monochromaticequine,12
tklsfm,12
ajk_inziu,12
sushisnake,12
freshsqueezedanny,12
mayawolf,12
the_furry_tail_of_your_soul,12
yezt,12
rsanimations_(artist),12
kaap,12
sensistarq,12
prettykute,12
castleart20,12
lisuchi,12
unwanted-furart,12
inahon485,12
lotsoflatte,12
cozygh0st,12
mabiwabi,12
hitsuji_bokujo,12
marume,12
aianchor,12
avalon_ursano,12
flinttheyordle,12
katanakat,12
borderlinecat_(artist),12
z3r0,12
svetlanasol,12
butchicky,12
purplelimeade,12
rachelfictionkin,12
akryloth,12
after_mama,12
mr19373287,12
ankorourcon,12
techn0philia,12
foxywolxy,12
yisupa,12
crunchycrowe,12
roundwombo,12
yepta_bl,12
anonybold,12
celsiorcrowngoat,12
arouda,12
kanzaki_(pixiv),12
ulcer_gag,12
ventiventi111,12
chunyin_quanji,12
itsukinozumi,12
tundrathehyena4,12
cryankiebuillar,12
xenodogz,12
gonimentos,12
hotsumi,12
doghotline,12
shiratsuki_shiori,12
thumbeh,12
roci74,12
darkmaxxie,12
lavender4u,12
chuck_forest,12
humile,12
reibar,12
suicidearts,12
akatsuki_shion,12
miaz,12
bexiblimps_(artist),12
yakiti,12
sandastrevor,12
random-crit,12
scarr_(artist),12
camael30,12
thewolfg,12
ramen_(artist_2),12
aseragav,12
nazume4,12
gowiththephlo,12
honeyjolteon_22,12
spaghettibastrd,12
chinjireta_(artist),12
arawaraw,12
kaiparrit,12
sunshinez,12
haikome_(artist),12
beepsweets,12
pianoplayingdragon,12
acdim,12
cdlum,12
white-cat-trevor,12
lewdpistachio,12
thundra_(artist),12
xia_fei,12
kekbun_(artist),12
crunchetime,12
thisartistdoesntexist,12
hi_nan_you,12
jason_xiaojie,12
kinta2469,12
ulforce_soul,12
atrovel,12
cryorabbit,12
fafudahber,12
devilmilk,12
gaminglover,12
timelierg,12
drawmatt,12
akulaleki,12
maaarked_one,12
billoz,12
menepotion,12
goichimonji,12
jetto,12
kheng,12
vatruha,12
chipepper_(artist),12
wounded_demon,12
pung,12
cassettewaves,12
zakozako_y,12
farthicc_raver,12
kosapony,12
omintora,12
bensagaz,12
beegoma,12
david_rrigel,12
triclopsllama,12
yukilapinbn,12
lucasestellar,12
siredwardthe3rd,12
dinomomdom,12
polyalloys,12
nelain,12
opiopaopi,12
pepisman,12
polosatik,12
painting_fish,12
jastartist,12
theaveragegarbage,12
tofffe,12
meroo,12
siranuikawu,12
alibi233,12
muhyowo,12
pk_artist,12
ciderpunk,12
mew_orr,12
dummythicc_uwu,12
pypbota,12
gnarly-gnasties,12
fablittlefox,12
bandam33,12
ibuki_shione,12
northsphynx,12
garlicclove,12
vicketch,12
misshuntress1082,12
thepanda0309,12
fimsaek,12
mrdannyboy,12
phaser_automata,12
raif1104,12
volanare1,12
ashart,12
knightofburgers,12
moonlightdrawinguwu,12
etrosamu,12
drsmek,12
sly_chestnut,12
furansco,12
octoguy,12
rhysscribbles,12
ghoulfog,12
sparker_fluxer,12
soundbbabe,12
plbs,12
lilla_draken,12
ondrea_(artist),12
b1rkye,12
queenlem,12
yinyanggio,12
kessavel,12
notxtwhiledrive,12
furboi_(furboi_pine),12
raycada,12
headhazed,12
pinus_rigida,12
profdatdrawin1556,12
dcapmode,12
alexartypants,12
obsidian_(author),12
re07722035,12
tizyandraws,12
okamiarata,12
selavor,12
rufusrooskram,12
tbrainrot,12
meekp,12
kuromaih,12
mrrainbow,12
oneeyedcat,12
ku_123k,12
kirossa,12
gabsuwuu,12
lunascribbles,12
puraco,12
liefdelewd,12
satelyte,12
etamitlucm,12
mr_saibot_z,12
snowpixfactory,12
akuma_(mana),12
shiimi_kro,12
xiaonongbaopao1,12
mineash,12
vizikaka,12
duskylore,12
hershen,12
soapy07,12
ramplunk,12
kaimin710,12
mauvedash,12
toukka,12
beanbagtea,12
cmd_snusnu,12
shinamon-haato,12
nekomaryciutty,12
lilmonstha19200,12
shadowlifeman,12
ratchetberg,12
knightnight54,12
tusk_turtle,12
bastovita,12
shockshark,12
usagi_oi,12
rushgob,12
genvoke,12
headbutterz,12
alaster_z,12
ghoulhowls,12
switchblade_(artist),12
im_was,12
kavoooo,12
kumijr,12
burakura_inu,12
theboobedone,12
hibiscusparadise_(artist),12
punopupupu,12
beansandgravy,12
yoridan,12
tendrmac,12
dar_(artist),12
0415sssss,12
bakuatsukiyu,12
kidde_jukes,12
ivette_molina,12
jakku_raburadoru,12
miaucandies,12
fk2169,12
amesta030,12
seak,12
nightzombie,12
sketchrbtb,12
enseiner,12
foxyffox,12
karasuyabai444,12
sliverofstraw,12
1day1digimon,12
valentitans,12
oracle_of_delphi,12
nectarfi,12
kyuu_mai,12
randomguy645,12
gypoman,12
salty145,12
badmuffinhea,12
greedlust,12
jerrert,12
tereterebin,12
kornart3,12
twosipsofbleach,12
rivivva,12
animous,12
404four,12
doejigogi,12
isamaki_kaido_ch,12
jermgoated,12
digitalvg,12
pauline_(artist),12
brokenanimation,12
king_caboose23,12
mxntymoon,12
mishery,12
skysorbett,12
roguefalta,12
impybean,12
pwrof3d,12
waffletheo,12
snk_ace,12
carlos-a-m,12
fwckin_brainrot,12
pierre_redmon,12
medi_cal,12
pinfeather,12
myeeow,12
pienikuolema,12
peppyrobo,12
inakotho1,12
zorro_chino,12
vicky_art,12
gubblenub,12
felichanfli,12
s1mp_b1ue,12
rutinarutina,12
hashmere,12
rumored_rat,12
19_sukinamono,12
betzgi,12
jiraiya_(artist),12
curizzu_1311,12
jessexxx,12
nsfw_from_above,12
minimin_093,12
rb34,12
idi.opossum,12
hesoji,12
saltymou,12
steviechu,12
grimshawarts,12
elis_roller,12
poneko-chan,12
big_dog_doberman_(artist),12
motho,12
zagros,12
hitsuji_cookie,12
amtoastea,12
whiteniar,12
legatusflagrans,12
xoxmatch_(artist),12
roroboros,12
fuji_another,12
smugbuns,12
liondealer,12
arkonadragon,12
hunnylilbunny,12
miss_ver0,12
truewaifu,12
maxime66410,12
717_sabata,12
dipsheet,12
zelthecultist,12
itzcoatl,12
demidevilmitch,12
desperadodave,12
ninedlc99,12
monarchyvore,12
olty,12
kretduy,12
zlcrow,12
mondoart,12
wuqianlong576,12
mirai8k,12
oslokm,12
alesz01,12
byou_netsu,12
nenath_(nath),12
olimtod,12
kaymation,12
ronixed,12
keithkrimson,12
changedbass,12
unbeller,12
sleepy_chimera,12
bapemnow,12
nightingtail,12
ozailathebunny,12
lack_(artist),12
kittykola,12
harubug,12
jj_wang00,12
g-allan-,12
reichkitsune,12
1inkygirl,12
lewd_syrup,12
iwa_to_mushi,12
dispocarix,12
perkytiddies09,12
sid_rags,12
suwodirector,12
evil_spooder,12
kingofgerms,12
saltyslice,12
motorcyclemurphy,12
878292_(artist),12
escapefromexpansion,12
apm_ptt7,12
fairfaxer,12
rxttenmind,12
ryuukusnpaiart,12
bpdkinnie,12
opalthetiger,12
female_demon_tribe_(artist),12
freezo,12
zestyremedy,12
dunoruno,12
chocolatefunhouse69,12
mistyo,12
forrest_(artist),12
breadysart,12
shrimpmartt,12
alfa_wolf10!,12
narcolepticowl,12
erotiicfangs,12
sh1ann1,12
solaria_5,12
maymaycookierat,12
caloart30,12
matrixdragonn,12
bastiondurr,12
latexbun,12
ghatos,12
toraxd,12
dclaret,12
licibun,12
somerandombasitin,12
toynako,12
shark_rhubarb,12
stitchsimp,12
sillyguy420_(artist),12
khutokun,12
krystiracoon,12
some-bunny,12
crayon_cursed,12
obsidiangrave,12
bbcom,12
xiaoqi,12
kryptikus1,12
chryson_(artist),12
lbot7022,12
mr-fins,12
unknowingestart,12
samoi_chan,12
ekai_dusk,12
itszabba,12
parasouleater,12
leporidaemon,12
hubenxiao,12
kyutka3,12
yummi_yam_i,12
bemannen,12
4jan,12
sedativ,12
lotusflwr,12
sapphicspots,12
tasma,12
kemono_mashin,12
lindsay_towns,12
tentadicks,12
fulltimeanimal,12
goeybowser,12
elvor_xaetri_(artist),12
schnoodleus,12
blumar,12
darknessisaisha,12
edadrz,12
knuppitalism,12
zharts1990,12
gooeyblueboye,12
yukari_(artist),12
roythepichu,12
rubyyoulazycat,12
sophie_hunlewd,12
hostileprey,12
riuno,12
surette,12
valosisdrunk,12
dayanara,12
ddingyong,12
junuonlyone,12
hallie.spaniel,12
gotyoureyes,12
toksie,12
maryfuffly,12
varniskarnis,12
beashi,12
frappekat,12
cyrilwolff,12
jtsenop,12
monroethefox,12
lostinsomesauce,12
caribbeangrim,12
telensfw,12
eljodraw,12
hisoee,12
clown_noises,12
julia_lepetit,12
prometheusn4,12
benbeau,12
j187r,12
buncama,12
creationmach1ne,12
uso_1023,12
renovash,12
sainnetry,12
wdmov,12
hexaflexagoon,12
vaggo,12
kairolarts,12
hoofindust,12
sofasofia,12
anonass,12
cursor_nemui,12
hungry_inco,12
bali0004,12
allyleekat,12
valvitriol,12
venskryl,12
tonya1920021,12
gobbellin0,12
joelbrunox5,12
uwaaaaaaaaooooi,12
bulletcap,12
makeda-tlk,12
nezumi_chan,12
denki404,12
hatty_ya_ku,12
hectorcollector,12
meltedgummies4u,12
faguette,12
mafoowo,12
ttrashcatt,12
maxito_arts,12
jaxzstar,12
ijm_bingsu,12
mocaccinoxd,12
welwilliam,12
sssoulseal,12
lorenzo_the_guy,12
mednafox,12
monsterdilf,12
dark_bun,12
jacknova093,12
irieninflowers,12
thejombler,12
masaya_matsuura,12
saku_no135,12
pieebo,12
ichi_nsfw,12
sinfulcrho,12
savadk,12
sentypurr,12
falgaia,12
galetta,12
kyle5021,12
azarskittles,12
nelsi,12
painanddoodles,12
daspirensfw,12
veltreon,12
clowngang,12
saimy69,12
matenrou,12
melek90,12
cakecauldron,12
calibro18,12
arbykay,12
atcpony,12
pondbs,12
denmakug0,12
gabugabu1126,12
osakanafestibal,12
lincylover_(artist),12
arcaceoofsex,12
skerzzz,12
yonojimo,12
simonsquared,12
mistahgreybunny_75,12
daigored,12
theashsfm,12
sir_horns,12
error032,12
pierrot~hime,12
masbrowndog,12
imaginative_pinniped,12
sam_ayou,12
funkyfluxed,12
kazutti,12
bad_wulfie,12
duolai8,12
fansfw,12
checkwooftwo,12
mmdrawstuff,12
ombelico,12
ct7,12
kyot092,12
mikahorsie,12
eevoxx,12
teo_(artist),12
magician-horse,12
milkshots,12
vinyvitz,12
orange_gouice,12
unprocessedbun,12
manstike,12
akima.k,12
burneraccount9382,12
pettzon,12
aricat,12
mxsb_(artist),12
m4ysona,12
friedcocopuff,12
mr_snowkell,12
meggiebun,12
0no_(pixiv),12
starfire_f,12
serkeira,12
icytatas,12
cowpies,12
naughtyark,12
arts_dingus,12
h8rny_drag0ny,12
freddyker,12
azimesi,12
warmbrr,12
dew-creek,12
miasmaaxel,12
garbunkle,12
jinjin666,12
lyon_(artist),12
trucidate,12
raijin44,12
diesel_(artist),12
keirontv,12
basabasadark,12
wubbawolfy,12
munchyfungus,12
elementerdragon,12
soonsky_kumu,12
unreliablensfw,12
opharia,12
demilittleguy,12
yokogun666,12
beffrez,12
doubleamocha,12
ikezukuri,12
bleachedasian,12
iridescentmoff,12
krovou,12
lulywoolf,12
horkrugley,12
skinnyjimbles,12
stappade,12
petday,12
tropico_boy,12
fisyartist,12
seedtheplant_(artist),12
mintyn0tfresh,12
skylinesouth2023,12
glaredendriago,12
gaya_fus,12
rollerman,12
theburdbard,12
id0gs,12
markedium,12
elementer,12
plexiguru,12
swooner,12
batzxd,12
axxxel,12
moonshinemitch,12
kentott0,12
nicofross,12
draokhand,12
lazcyc13,12
freidesuu,12
nod_zilla_dora,12
cheese12367,12
rare_doodle,12
lucienroseta,12
clair_stilinski,12
ohbunti,12
goththicccat,12
n'hornyxvi,12
linkzzz,12
lynxspark,12
that_maskey,12
lightmarshmallowfluff,12
thegreenblacksoul,12
funkiepoop,12
scolopendra_(artist),12
ggs_busyrn,12
daimusraw,12
paramountgallu,12
aroma_choco,12
kandy_kadaver,12
nikksilil,12
carnaltwin,12
daimonkisora,12
notarabbit,12
s1ma,12
ajiikuo,12
hattiestgal,12
yoduki,12
zlobnoforka,12
feralneft,12
sketchygenet,12
tenvix,12
crispymutton,12
hakunu,12
revov,12
pauser95,12
butchtats,12
leonidae,12
seruroku,12
mehlabs,12
wolfcat_bazar,12
noyamaaoi,12
dfaop,12
merrit_(artist),12
motoiwork,12
lamor,12
noiet_phenkka,12
galacticalshark,12
caboom,12
meowbox_(artist),12
bojerryart,12
batako42,12
katzencoffee,12
viguro5,12
dreamjakl,12
ethecalvampire,12
m1tky,12
deepi,12
b45ui,12
xpfl257477,12
kemo_shu,12
liraelwolf,12
topazdog,12
keyhele,12
neon18x,12
kiui-chan,12
yeenthebin,12
pikinas13,12
soymilk400,12
skylarty,12
765nanami,12
mendelartz,12
ukierr1,12
dramanyboi,12
duskbunnydraws,12
atutu66,12
isei0212,12
irohanihotechi,12
pepitocuario123,12
macromousie,12
lukewarmluke,12
feuerz,12
aciidtron,12
costa_daniel_kassab,12
dwendel7,12
aydrithebat,12
narenolust,12
luite,12
sammy_009,12
lpsmilktea,12
solani_poteto,12
carsphilic,12
danoosecallin,12
yeminthura29985,12
humanculi,12
slumbloom,12
alejo_garci,12
fretthedeer,12
certified_dmbass,12
jackousz,12
zadkit,12
hyperactiveparanoid,12
makebork,12
bagumy_awoo621,12
qu4ckcest,12
grumdark,12
abstractpurple,12
blushypanda,12
squeeze_ren,12
sparklesart_2,12
kittrumi,12
redxw_(artist),12
peachypuppie,12
ssake4500,12
fever_dream_(artist),12
rankgo,12
rex_feles,12
oscarhammick,12
nakoji,12
puppyflakes,12
kokofuyu148655,12
majormiju,12
snotrockettz,12
lanbabbu,12
gigibatchilla,12
scribzag,12
obstaroc,12
kasamiru,12
caramellow6,12
pixelpanzone,12
mr_orange000,12
furnatic_(artist),12
mochi_lover,12
tacodawg,12
criminallyjurassic,12
loxawp,12
necronomikun,12
toaster21648,12
tanmoji_x,12
catlovingloser,12
imdajasperbaby,12
veridrws,12
doubt_(thedo_ubt),12
serezam178,12
zdorova,12
kactus_patch,12
hootingsins,12
lewdnewt,12
akebono,12
skykdotidot,12
d._lico,12
loveanddeer1,12
dejenny,12
pileofbrookie,12
grassyeggroll,12
femmebun,12
novice_sfw,12
furshock,12
menouto,12
rainsyart,12
sg966,12
gafer.exe,12
meko_arts,12
lookipdookip,12
devil_good60910,12
vvtt,12
chinesecabbage,12
karnalpill,12
painishere.jpg,12
reallytiredfox,12
epicus,12
lacsap_tong,12
u_1f456,12
beachedboy,12
maeowo,12
eitodorito,12
haohu,12
dev1lcreature,12
outofgnollwhere,12
poniahs,12
iridescentgrandidierite,12
spicymangodango,12
gloomybitch,12
lenore_skye,12
pikapika100star,12
captain_tofu,12
zero10,12
yummynommyy,12
ashclone,12
mr.carno,12
oryolz,12
rolyz,12
eeveector,12
theeyomi,12
jaiba,12
decomposerval,12
azimuth486,12
basicallydeadyeen_(jmhlup),12
iamnotmetal,12
yomagnto,12
kayserend,12
ales_ness,12
spunkyblunk,12
meiyazai,12
norerex,12
omoscum,12
mrtjuino1,12
hydratomic,12
tikos_grey,12
ridleyrosalie7,12
moonshiftmnstrs,12
deskhyena,12
eeveedream_(artist),12
porodomo,12
moksamasara,12
autumz,12
mousemandoodles,12
moonydoony,12
dirtykaroo,12
cosmostars,12
vmpfelici,12
hovkinnie,12
pish_posh,12
duskerburger,12
aprettymelody,12
greenghost339,12
methadosart,12
robindaydream,12
miko_umbra,12
shiromell,12
moze_feitian,12
bashbutterbean,12
wwd_october,12
meloneni,12
akusero61,12
polsy,12
ryoto_namazaru,12
shadboya,12
nest_labs,12
icebirds,12
vicky_(artist),12
myjicorp,12
kuroneko_(artist),12
skebfu,12
whymete,12
cheezychezu,12
alexis_storm,12
jun_zi_(artist),12
murrajfur,12
nastii,12
jimthedog,12
asdfh_sketch,12
cadnocreations,12
candybun,12
yu_chenn,12
sylvpak,12
nora_(2137817),12
quattrant,12
ponlab,12
puffkuns,12
leaflamb,12
vertibirdo,12
modern-fantasy,12
patchwork_weasel,12
jackudoggystyle,12
majorlyeclipsed,12
pansagge,12
zorritogayxd,12
john_howl,12
remystargate,12
bellylossi,12
gooeysmellydog,12
spiral2005,12
roxyreviews,12
h_dc,12
zadicnsfw,12
trifecta_(artist),12
chamkaskleiber,12
shaobear,12
robotentacles,12
sippysips,12
veganvore,12
furryfluffbutt,12
taletoe,12
mamafoxtrot,12
rawarr,12
kem0w0shiba,12
jimjim,12
lemon_mousse,12
freakywizzard,12
darksilence_art,12
kittytgirlswagfn,12
untitled_a0i,12
velvet_catart,12
zar3k,12
tweakydumbdog,12
animarose,12
kitsukael,12
abra_light,12
soyeleyevrows,12
sparkv,12
jestersclubdev,12
twinkbone,12
cuzilla00,12
keeponwalkin,12
zbzone,12
doomeddawg,12
yumo_jiang,12
wontonpup,12
cherrykirov,12
george_kp,12
tesulavoltia,12
kemikso,12
raptors-muffin474,12
raya_tur9,12
chanzisharenmo,12
zibdan,12
nekochan002,12
faultylaments,12
bigburnerbird44,12
00988a,12
cringehog,12
jstminty,12
ember-shade,12
velvetveil,12
crowshroomm,12
lachendesreh,12
dessoirprinces,12
growbot,12
korzakov,12
gold_mine0,12
lemonbun,12
hkworks,12
ollicat,12
kyriepoda,12
yaflee,12
tsuchika,12
nibblenippler,12
ori_(artist),12
bomom,12
emex22,12
jjunebugz,12
cinnamoncaker_(artist),12
boyadi,12
ravenrine,12
zermple,12
coolmolecule,12
dazeddream,12
canacrow,12
nicky_goat_(artist),12
diamondheart21,12
fallowfox,12
goommymuffin,12
ascended-t,12
vawentine,12
noviikona,12
bklocom,12
yuve2625,12
jschase_(artist),12
msgoopyxxx,12
kondoee,12
icehuskagon,12
thatman_23,12
lizzabeth_(artist),12
redfoxrice1145,12
haimood,12
sayonarada,12
wellmaus,12
kixly,12
sekainoidol,12
douershi,12
icecube_joey,12
wind_chimes_(artist),12
aki_red_panda,12
soilbash,12
offmoss1,12
devgvrc,12
hypnosnack,12
otoos,12
froggkingg,12
alessandrasnek,12
falconfeather,12
c33purr,12
karitom,12
ayzewi,11
le_eh,11
obliviousally,11
amanda_james,11
hobart_starr,11
liz_carlson,11
kitsune_netsuki,11
william_ruzicka,11
hyd,11
lizspit,11
mag,11
marci_k,11
tabibito,11
leelee_lenox,11
blackwater,11
wolfling,11
nikoru,11
dillerkind,11
seraphon,11
netrat13,11
ratiries,11
tempdude0,11
dm_eikyuu,11
azazel1944,11
korone,11
miysis,11
candy_palmer,11
agatoc,11
ibukichi,11
dakuten,11
narane,11
troy,11
dewo,11
zzakerhyus,11
dame-ningen,11
katie_williamson,11
snake_(artist),11
deeperocean,11
patepattey,11
thewormwood,11
artimas_lunar,11
skewerflash,11
hotcha,11
raven_s_lore,11
nymphetamine,11
bant3r,11
white_moon,11
dervacor,11
perx,11
clapantgrifon,11
simesava,11
shiohara,11
akr,11
ichikai,11
aquacoon,11
amasa_mitsunaru,11
purpurn,11
sorethumb,11
mamecha,11
ryanide,11
nem,11
dreamrevolution,11
scrumpet,11
cyriak,11
mindark,11
fenlis,11
angel2012,11
triplejx3,11
aruni,11
giga.s,11
patches_namaki,11
yoshita_inuno,11
rlctntfr,11
el_rico,11
kasirith,11
comus,11
tora-chan,11
michelle_harvey,11
kyoujin,11
yakodav,11
exilekeba,11
purple_(artist),11
alkaline-lady,11
elguason,11
millislim,11
raff,11
raff_m_logan,11
thomasaur,11
kalamu,11
lilifox,11
dr621,11
niv100,11
xionracer,11
jyno,11
lokilover,11
hookah_(artist),11
ptoon-t,11
emonga,11
sardonyxfox,11
hassen13,11
paw-prints,11
kotaro_seta,11
pixiesculpt,11
atamoto,11
granny,11
ironfeathers,11
mrsred,11
pink_gecko_productions,11
shinfox,11
katski,11
zoichi,11
akayrom47,11
ari,11
wolfguidetl,11
kinkyz,11
emeraldcistern,11
daniel_luvisi,11
amigodan,11
esenkas,11
deloco49,11
krazinik,11
rascalraccoon,11
boomboom,11
marshmallow_(artist),11
delthero,11
rainheron,11
christopher_moeller,11
gavimorhuevin,11
saphir_tail,11
hiddenpaw,11
cyb3rwaste,11
spacehunk,11
skipdbeetz,11
caraline,11
idlecil,11
tapewolf,11
atlur,11
xkappax,11
hypercat-z,11
sererena,11
redtriangle,11
nagi_noda,11
hydrogen,11
modern-warmare,11
ladyamaltea,11
samu,11
huntingu,11
william-adolphe_bouguereau,11
reuniclus_(artist),11
n1de,11
kurokaji11,11
shay_feral_(colorist),11
mochidango,11
sirkowski_(artist),11
bdever,11
sub_tank,11
melkormancin,11
pinstripedtiger,11
arani,11
raven-blood-13,11
nighttwilightwolf,11
hu,11
kasedilla,11
mizzkie,11
dragontigerwolf,11
dcencia,11
ill_dingo,11
glasspanda,11
gayturr,11
darkpaladin300,11
paichitaron,11
massdriver,11
eviolite,11
gamicross,11
poptart36,11
leviathan_(artist),11
jimsam-x,11
scarlingragdoll666,11
swordsnake16,11
fairyfloss,11
zackira,11
xwickedxwillowsx,11
jassbefrold,11
limrei,11
fadzai,11
cyocyo,11
vectorconflict,11
terminotaur,11
monsutachan,11
eattoast,11
tsuna0,11
7-nights,11
adjuchas,11
tsukinoookami,11
sh0tty,11
marker_(artist),11
cornelius_yngv,11
micronaut,11
asikku,11
psycrowe,11
jorun1981,11
rotsuoy_wolfen,11
msobscure,11
sintakhra,11
caroro,11
exz,11
rohein,11
colulun,11
unokitsune,11
momma,11
daarko,11
jojo400,11
urban-centre,11
nekokink,11
moronsonofboron,11
amastroph,11
putuk,11
fluffy-goggles,11
aurarrius,11
dead-kittens3,11
rj-pilot,11
tripsocho,11
derpydooreviews,11
derpydoo,11
snowfly3141,11
torrofuz,11
grentain,11
order5ol,11
lazzy,11
zenox,11
dredger,11
spongepierre,11
anaxboo,11
simple-creature,11
da2p,11
macgrubor,11
foolgroove,11
treeweasel,11
zippers,11
panicake,11
reikomuffin,11
rocket_(artist),11
pseudoartist,11
wizardski,11
rambopvp,11
soso,11
snow-mishibari,11
zayats_(artist),11
rogerbacon,11
fizzysweetstuff,11
project_00_wolfen,11
mystic-forces,11
tomoyan_(nyakkoya),11
zhmernalt,11
s-t-r-i-k-e-r,11
davemunk,11
sorenutz,11
aquavore35,11
wolfn85,11
osakaoji,11
lost_hope,11
zarus195,11
tekoronia,11
slackerburst,11
crinklebottomchrysalis,11
vorago,11
rustydooks,11
sigure_(drizzle),11
shikaneda,11
sgt-lonely,11
jaymanney4life,11
battleguppy,11
jukashi,11
thattagen,11
rammbrony,11
ickgirl,11
teammagix,11
jennieoo,11
un,11
kas92,11
krakensan,11
marcusmaximus,11
palladinthug,11
mnogobatko,11
pockystix,11
b_curd,11
domobot,11
thebeesknees,11
nsfwee,11
alfredofroylan2,11
skylark,11
ultragamer89,11
triturechan,11
nevarky,11
majin-paladin,11
cespuglia2008,11
nilo_(artist),11
bjkgreywolf,11
geckup,11
sito,11
crypsis,11
hiti,11
sklavenbrause,11
raptorslut,11
haitious,11
mikeythefox,11
ripplefox,11
sreedee,11
grammarshinehyena,11
doubleasterisk,11
bomchini,11
enorapi,11
yuu_(yu0221f),11
green_tear,11
jacqli,11
diraiko,11
jeral,11
howard_lyon,11
aru_(artist),11
draftstallion2005,11
naru_nanao,11
galeb,11
bm_proto_06,11
sliver,11
the_wind,11
xrisenangelx,11
mikage_kirino,11
triplehex,11
revenantnoir,11
ruckforderungreich,11
blackdahlia,11
khristos,11
pixiekirin,11
tanglefoot,11
byourii,11
striderpeace50g,11
lynx-foxx,11
suka,11
techtile,11
mr-vale,11
mcbain,11
furgemancs,11
sumari,11
worstbad,11
asdfg21,11
merevin,11
gredtrain,11
sawati,11
musclegod124,11
alice4444dm,11
superbum,11
mathias_kollros,11
lettucebot,11
pony-slayer,11
sunsetriders7,11
tada_boy,11
shadowscarknight,11
fralininin,11
silver-tip_(artist),11
sueboo,11
digrat,11
digi_hunter_nana,11
rokku-d,11
tu,11
karochii_(mochiya),11
1-upclock,11
rainbowviking,11
cheese-ter,11
snazzapplesweet,11
hungslug,11
toxiee,11
rapetacular,11
shizzyzzzzzz,11
ags-30,11
kinggamekeeper,11
dragonmelde,11
mintchip,11
mangoweasel,11
ego_tapenyaku,11
anarchy_galaxy,11
potatopileup,11
mindrain,11
pumahtf,11
skyeylion,11
akimoru,11
snowll,11
infraredspheres,11
ishugma,11
dionysos,11
mactravian,11
egoralexeev,11
tippy,11
bunnybuns,11
aoikarasu,11
teraspell,11
fast1458,11
smithwhc,11
pythos_cheetah,11
ktk,11
kinu_(artist),11
dentyou,11
neon_lizard,11
kurikara,11
octanepinup,11
street_scootaloo,11
kavya,11
heightes_(artist),11
fluffle_(artist),11
nyanko_vaccine,11
gaydragon,11
hentaiforeva,11
myartsucks,11
alderion-al,11
ashascadence,11
rafchu,11
oliwun,11
thegamercolt,11
kurikko,11
khuzi,11
chd,11
haku_le,11
bonusart,11
pinkkittenhearts,11
40450,11
hasshou,11
shadedeyes_(artist),11
professorfandango,11
iwillmakeyousuffer,11
sasha_gershwin,11
irbynx_(artist),11
madammoanster,11
j4ck69,11
wbstory,11
skybrony96,11
oraingen,11
baldmoose,11
cheesycoke,11
atelierkob,11
glorious_buttwings,11
scruffyboy1,11
red-tail,11
cubemelon,11
hecatesaur,11
claytail,11
knattoh,11
skales,11
mauzytherat,11
angel-z,11
yowai_fish,11
fatalst1nger,11
dalmas,11
garyu_(artist),11
magma00_(artist),11
meow-meow,11
felixdragon,11
omegapanda,11
aosuke_kemono,11
tensoup,11
molochtdl,11
beaklump,11
bastet_(artist),11
r00en,11
mikokami,11
magicolored,11
clocky_(artist),11
gandarokh,11
malice_aforethought,11
sparsile,11
bluescreened,11
gloriapainthtf_(artist),11
setz,11
walt46,11
toufu_(artist),11
saucylilsquid,11
wokada,11
iceeat,11
prominence,11
tikuisi,11
mister_jer,11
sachavayle,11
sasayuki-note,11
jaylacine,11
wonkalicious,11
bonermine,11
kari-chan622,11
windsentinel,11
dalprons,11
instantip,11
hazam,11
jeanx,11
dreamingwanderer,11
alterryx,11
4shi_(artist),11
halpenstance,11
sourlimemango,11
hakuari,11
skaterblog,11
hukkahurja,11
tron-zix,11
yumekii,11
dearmary,11
pirate_pup,11
tokimachi_eisei,11
gr0ssking,11
thetundraghost,11
zombidj,11
pickleboy,11
captainedge,11
madstarr12,11
nekotiger_(artist),11
discoafterdark,11
redf2,11
tetora,11
pernicious,11
spacestrawberry,11
kai-chan_(artist),11
kanotynes,11
dufffluffyfox,11
snow-shy,11
soya,11
gloogloogloo,11
nenikat,11
bloodsbane,11
j.k._(artist),11
kawaiijumi,11
mythicswords,11
mctaylis,11
rottenchicken,11
narita20,11
shysmut,11
bleatley,11
sebby-lion,11
dragodraconis,11
luigishiku,11
jjune,11
ryukidragon_(artist),11
oak-thorn,11
beegobee,11
ciciya,11
ziggy_(artist),11
imarieu,11
togekisser,11
suppa,11
solofrozen,11
phenominalcosmicpowers,11
livingcostumes_(artist),11
sniggysmut,11
crybleat,11
whitebox,11
dranton_mason,11
auvere,11
ms1sharklee,11
kamezdov,11
dworven_(artist),11
nk-6,11
jm,11
jake_lion,11
masato,11
devichonee,11
fuzzzytail,11
razial_matova,11
xana_kemo,11
ignitetheblaize,11
balakirevava,11
terrawolfdog,11
vilgoser,11
moosetracks,11
ryuu_chan,11
krash-zone,11
k3ttu,11
zumi,11
beanseller,11
damare,11
seirasenchii,11
bullpoopsniperrifle,11
unoobang,11
mouseyman,11
tenzuki_tanuki,11
icarianstring,11
jackalsota,11
bobby_luv,11
azaki_20x,11
lapsa,11
dead_fish,11
nanashi_(pixiv),11
key_(artist),11
gangmung,11
kirome65535,11
betweenthelions,11
uminanimu,11
sunshinewalker,11
sebone,11
kings3552,11
lyndor,11
blueharuka,11
happamushi,11
manticorica,11
linesonwhite,11
hotomura,11
minoru_(artist),11
mimuimu,11
kaitofalonx,11
dixi-q,11
rosycanvas,11
min-play_(artist),11
blackorb00,11
galax,11
guest751,11
ddlngo,11
birbseeds,11
medeister,11
komatsuko_(artist),11
derisyan,11
idonthaveone,11
drawnbykat_(artist),11
sinwhisper,11
zhu_(artist),11
bullkingdom,11
pinksaphires,11
ody,11
mcthundergoose,11
royalnoir,11
electoons,11
mangymalamute,11
pomki,11
skyler-the-fox,11
kel-del,11
kammykay,11
bente36,11
grimmicookie,11
theskunkwolfden,11
comradeivvan,11
okunin,11
kannuk,11
absolutbleu_(artist),11
jayrockin,11
bonzaipalmtree,11
m1ken,11
sledoodles,11
jargonicedragon,11
zennsfw,11
toxikaiju,11
canicho,11
anezza77,11
tarooxxx,11
edon_techwolf,11
santy,11
aevior,11
zetafaux,11
toli_matoi,11
magnesium_toast,11
ulfsark,11
antrage,11
vigdis,11
asayaminoru,11
loopy-lupe,11
biwako,11
redfern,11
9utsy,11
covi,11
vethex,11
gyneceon,11
kumaojisan,11
letipup_(artist),11
bkdebo,11
robynrot,11
canelarosa,11
a25,11
dreamerawaken_(artist),11
dekoco_(artist),11
tentaclebot,11
yesthisishentai,11
ladygvalentine,11
daygo_(artist),11
gupa507,11
white_jelly,11
werwoz,11
themadshepherd,11
punknos,11
akryl,11
ryllcat21,11
ruu_bot,11
owlietomes,11
hein_(pixiv),11
azazelart,11
impmars,11
nikomi_otaku,11
nishiroyago,11
doseisanut,11
neongecko06,11
dm81,11
toxicnightcandy,11
roegakan,11
fizzbliss,11
missashleyng,11
tengi,11
3kiropanko,11
mastermasher23,11
izumimonmocomon,11
anuta_belko,11
kingcrazy,11
ksilence,11
jyourinko,11
daihukudokoro,11
mascot1063,11
luaudrey,11
sirynjourney,11
foskybleu,11
silentj43,11
xraycrow,11
aviadelete,11
adevio,11
sdcharm_(artist),11
magicat,11
turquoise-black1,11
greeb_(artist),11
kagato007,11
shrekrulez_(artist),11
ashtails,11
general-sketches,11
hypeishimaru,11
rinonno,11
tohru9906,11
hopebrielle,11
tsunamagero,11
drarw_(artist),11
mechamerc,11
poppytart,11
ineverlucky,11
francesca-ictbs_(artist),11
zippo_(artist),11
ivitsu,11
zerotoons,11
sadpup,11
waterring,11
tns,11
glumhum,11
voreador,11
the-driz,11
beco100me,11
tazal,11
malkior-x,11
sofiespangenberg,11
drawstitute_(artist),11
ta_1073,11
damao_yu,11
kikidoodle,11
sckra_(artist),11
topgearae86turbo,11
dr-0range,11
meeka-kun,11
lazytherian,11
padark_(artist),11
shesterrni,11
playeroneart,11
bocodamondo,11
huyumikann,11
nightcrawled13,11
nothingtomilk,11
kyo-domesticfucker,11
psycoticsnake,11
ninja_kaiden,11
i81icu812,11
haruki_(artist),11
kur0sagi_(artist),11
metateen,11
mega-glitch,11
nikoskull,11
dicksandconspiracies,11
aervyl,11
joy_ang_(wof),11
zeaw90,11
imbolc,11
lotf,11
sillyshroudedserpent,11
eisen1111,11
grandtaurus,11
ayyasap,11
poruteno31,11
g-birkin,11
pherion,11
kicsterash,11
vailet,11
livzkat_(artist),11
patrial,11
lord_vile,11
udespornapalooza,11
neko_cer,11
altair2056,11
hocmak,11
noho,11
emeraldotter,11
musen-shiki_sanhankikan,11
peereez_28,11
foxyfennecfox_(artist),11
kotarokou,11
liori,11
mdigamma1,11
yohane,11
hachisama,11
slamfandango,11
lividcreativity,11
girly_armor,11
velvetymane_(artist),11
shydaddy,11
dragon-powah,11
omiza-zu,11
sheetstane,11
amgitz,11
picca,11
outrageousbehavior,11
c-forge_(artist),11
gikat,11
dan232323,11
pikokko,11
nsfyosu_(artist),11
fofostyle,11
meowowo,11
koime_shioaji,11
nezumiyuki_(artist),11
sweetsnow,11
snack2,11
husgryph,11
belledraco,11
pk64d,11
frumah,11
acidgrunt,11
sarin-lox,11
shadiksilence,11
wyviryn,11
pikanyan0108,11
pichuyang,11
ura-spectre,11
haurin,11
kreamu,11
decadia,11
trenin,11
paylode,11
derbikerks,11
liillin,11
yurika400,11
devinesfm,11
aone,11
blackclown00,11
dose,11
teknicolortiger,11
sapphis,11
middeer,11
lycanruff,11
kazucinza,11
metamorgirl,11
gomitus77,11
woivves,11
lisobelka_art,11
freyaspots,11
chenwen_(artist),11
ponerobsession,11
flyingtanks,11
retron_wolf,11
ramzawolf,11
fabianleonardo,11
muttonchomp,11
coffee-pup,11
lyrabop,11
forbidden-pirskitt,11
nyfian,11
figure404,11
seasaltshrimp_(artist),11
mintjuice,11
inkeink,11
syferspook,11
psycoil_(artist),11
knifewolf,11
kiminukii,11
srlevi,11
s8zkd,11
mewsaur,11
turbokoi,11
sublimeslimefairy,11
heddopen,11
epikkurf,11
nirvanillatte,11
kelenkenwithfangs,11
charlieascende,11
confusedkitty_(artist),11
malky-way_(artist),11
blunkinator,11
faas,11
elleluieux,11
shatter-silver,11
alita_berserker,11
yurichan_(artist),11
spektra3dx,11
giaba,11
bk_kumatora,11
noctmind,11
kiarawizard01,11
budda,11
dines_visual,11
womo,11
asrou,11
da_rlton,11
meltcoil,11
timbits,11
ffb_2,11
aikohigu,11
hitofutarai,11
kilo_(artist),11
mr_kotch,11
muniimuni,11
alcyone,11
triprat_(artist),11
koppepan,11
hmx_(artist),11
nekko_thunder,11
aliothfox,11
skimbodragon,11
theomegaerror,11
kimart_i,11
bwgod,11
alex-cydragon,11
hakusoto,11
glen_hanson,11
darkfoxsoldier,11
princewind,11
thebig-z,11
thedepressedtofu,11
slash_(artist),11
xcronic,11
motleymochi,11
charizardlover97,11
pinkdrawz,11
wolfgaoz,11
edithalia,11
evergreenzen,11
pikachii025,11
touyakemone,11
pachucos_cat,11
bartolomeo_(artist),11
dramatic_artist,11
g0thric,11
skittles_yeen,11
596o3,11
babyboilogey,11
honzumaruii_(artist),11
tack_(artist),11
sleepymonster,11
clawscratch,11
remakecake,11
tastelessdrawings,11
sundaesoles,11
elmrtev,11
tikva,11
corruptedluna,11
xileel,11
kojika,11
thenegative,11
raccoonpocalypse,11
scarletsocks,11
reptifriend_(artist),11
robinstic,11
waruimanathi326,11
furryt_paw,11
kuhi_0301,11
lec,11
deltalewd,11
msg02,11
hooman_raad,11
sazandora_(artist),11
littleparrot,11
milimici,11
earthcrusher,11
breakoutclub,11
loihtuja,11
gabrielssant,11
nuwilo,11
woufoo,11
cheeseicebanana,11
superwagon64,11
teikowouf_(artist),11
rangocat,11
karbuitt,11
novusaper,11
reddragonsyndicate,11
itsaaudraw,11
vince_suzukawa_(artist),11
letestroll,11
rayeour,11
manindogsuit,11
monsoonsfm,11
tracco_t,11
fassie,11
cavebaxter,11
strawbstack,11
vonvivianov,11
beastsnthings,11
whimsical_heart,11
y377ow,11
hutosuke1111,11
rocioam7,11
rabbit_meat,11
ichigomoon,11
ayyh15,11
carolin3r,11
whitefrelia,11
coopicrumbs,11
articshock,11
abdios,11
supercapsule,11
cartermutt,11
nightmarezoroark,11
amondetauro,11
poki_eida,11
uchachan,11
kaiserart,11
happidood,11
hijababy,11
linkartoon,11
houndoomy,11
shi_rosaru675,11
brdey,11
yra_bg,11
akirascrolls,11
sbac0019,11
tiwwas,11
tachayka_(artist),11
uramomo,11
kemonosato,11
hector-collector,11
thefuzzy_husky,11
nekku_guy,11
natenouveau,11
dragonlopa,11
zokuarts,11
sweeteater,11
spaghettibananas,11
dirmirs96,11
jumo_(artist),11
xaxrla,11
sldrws,11
windwalker,11
nenana-uso,11
karakure02,11
patoro1,11
kumaxcross,11
kinky_spy,11
kraxtax,11
mshkaa,11
rac5700,11
hudinart,11
sandrosha,11
cat_n1p,11
ctfbm,11
cofi,11
lokosfermincho,11
pipesburrow,11
yamikad,11
vinity,11
koppepan39,11
qomelo,11
flakesnowflake,11
tarokarma,11
indigoroyalty,11
cumculture_(artist),11
guillewolf,11
demfury,11
papertriangle,11
lunafirefrost,11
coco1sb,11
backjindo,11
stardust-dreamii,11
jaykittens,11
kaijublue,11
sydus,11
montygote,11
fundesian,11
virvatuli,11
mxcame,11
sonicwind-01,11
alicesmitt31,11
raven_allocen,11
zenpornmonk,11
tonywelt,11
nirstormlord,11
raveniumm,11
vuulkus,11
kotan,11
maolin,11
jgdraws_(artist),11
miumaumao,11
fuxyflats,11
opalacorn,11
crystaluranium,11
michelle-buo,11
dirtrossrisen,11
glaciersnow,11
a_ro5252,11
vanbrand,11
dosandusk,11
milanolion_(artist),11
hagarza_p,11
ginu,11
cronch_potato,11
brynk_(artist),11
meganwitt,11
zeeeraa,11
shiburingaru321,11
nemurineko1993,11
thedisgustingchicken,11
daylightallure,11
akareishibe,11
66ism99,11
whattheflup,11
juanatoq,11
yirck,11
huslion,11
saltshovel,11
toifshi,11
arisarts,11
poetax,11
ko_(kobomb),11
that_fancy_anorith,11
shade105,11
kingoftheworms_(artist),11
emily_wild,11
rabbitificate,11
blakeshutters,11
fiona_hsieh,11
sparklingcatsoda,11
villiamboom1,11
werility,11
rnv,11
daaberlicious,11
nerofoxdoom,11
slushiesoda,11
ink_pocket,11
koritypark,11
civvyprotection,11
coffeecat4321,11
theglassemperor,11
direfloof,11
dragontears,11
uthav,11
zero_wolfrraider,11
vulpes_velox,11
gennhauhn,11
meteor_of_bullshit,11
m4nzel,11
variety_yzj,11
mofuron4504,11
xkit,11
iegami,11
squawks,11
zakuicewolf,11
mr.bootylover,11
kinsedlives,11
littlecat,11
kumasteam,11
eiardeeai,11
psfunny,11
jisito,11
shoggoth-tan,11
citrus_doodles,11
halu3xyz,11
sinser,11
cottonbudfilly,11
alef-gp,11
titantigress,11
acegenetfurry,11
totino-s,11
voidwillow,11
btket,11
sunhyun,11
korrichka_(artist),11
bluerm,11
spicyparsley,11
dkun,11
snufftori,11
kerosundae,11
thempointyears,11
9am,11
yuikawa,11
hong_(white_spider),11
gage_(artist),11
s.h,11
crescentnocturn,11
baxterchameleon,11
marcelstays,11
corythec,11
jakumani,11
earnesternest,11
kotatsu_foxdragon,11
kharon,11
napalmparadise,11
poroshya,11
pn_(wnsl216),11
nbnb_bu,11
romu,11
holyseven,11
flooffyboi,11
abflisterger,11
idohj12,11
lemmygetton,11
greeso,11
kemosyotaralsei,11
theother-side,11
darkxzero23,11
holographic_consumer,11
carminesins,11
vainilla_latte,11
trickster_illustrations,11
hushed-kitty,11
uzimusi_fgo,11
lockemurdev,11
billieboypup,11
kingrein,11
panzerdancer,11
malyer,11
aidelank,11
loverdail1,11
calamity-studios,11
slimetime,11
tamakikun,11
siokun_dayoo,11
ralei,11
reyzvar,11
the_ls_(artist),11
gigakbk,11
jojobee,11
gabocomics,11
sleepy.hologram,11
pepperchill_(artist),11
leegrapefruit,11
mokkabron,11
twistedtabby,11
mondocool4,11
dipseli324,11
anyover,11
ngmah,11
mutsukyuu,11
crunchchute,11
m0nt_3,11
xion32,11
darkcachu,11
shapeshifter_(artist),11
kannonshindo,11
domelynonix,11
zopkie,11
oshiruko_(oshiruko_s2),11
eyyy,11
motfal,11
nuranura_san,11
saru_casanai,11
connorduh,11
gabriela_gogonea,11
slorppy,11
dharmavixen,11
tamotoji_x,11
hosinoirie777,11
hmongt,11
everythingunderwraps,11
mesukemolover32,11
jenareuter,11
karkuma,11
nsfw_gex,11
chiramisu,11
pamvllo,11
bac0ncat,11
paperrose,11
fuckmaster9001,11
lapushen,11
dagger_prometheus,11
akuroporisu,11
jumbowhopper,11
ackackacka,11
hirozu,11
phoenix20122000,11
nightpickle,11
ebony-hybrid249,11
bounsies,11
g00da,11
colvdat,11
sqwdink,11
howlraise,11
purplechuff,11
ortamaw,11
imreer,11
pineray,11
reaganlodge,11
stephen_gammell,11
pyc6zncwf9uvnpf,11
jjbirdz_(artist),11
shibasnacks,11
charliethesillydeer,11
dotsrike,11
rabeleth,11
kerion,11
smuttyw,11
hotarusunshine,11
ruthelli,11
chunkowitz,11
sharktiits,11
giacomopode,11
catrinenice,11
faroula_twitt,11
dead-outside,11
snspony,11
kalyxo,11
belzaurus_(artist),11
dashing-art-man,11
silverpetdragon,11
xdy_16drago,11
cucumbercowboy,11
cherrypickergm,11
brass-tax,11
ginnyjet,11
dermacher,11
decisive_desire,11
jonhy2g,11
rawpotato,11
kaza_reloide,11
sofya3,11
nerdroid,11
vern27,11
zingazary_(artist),11
jizuke_bluetide,11
telsmuttelsmut,11
sunnybakedham,11
x-panda,11
parfaitbunny,11
fanfair_studios,11
shujaahunt_(artist),11
brandonbradinski,11
risuchan,11
bottomnok,11
n_sakurajyousui,11
brusuky2,11
midi_hazapero,11
garebear_illustrations,11
mr_diableg,11
tsubakiiiiii,11
verysleepykat,11
yevlinsfm,11
heavysplatter,11
ptb_3_trying,11
blackfoxguts,11
fross2art,11
neshmorgan,11
ziratsubisu,11
lady_ahiru,11
adultart,11
darkrieger,11
kitarcus,11
astrodae,11
xussurix,11
neevspoilsbees,11
cl-bunny,11
scalenapps,11
naughtypoi,11
strawbeagle,11
spooky_mookie,11
pervoborb,11
onedayt,11
php87,11
rinibeanie,11
nonnon_grr,11
passyvorex,11
shadowmage782x,11
liddellious_(artist),11
pumpkinspicelatte,11
akitano,11
furry_jdm,11
emamadin,11
anygoldstein,11
atmac,11
elotika,11
x-art,11
sleazy_bear,11
oh_thicc,11
heid_(artist),11
charlad,11
etherealhatred,11
glax_(artist),11
sammy-salamander,11
angusdra,11
howlingampharos,11
rolfdraw,11
vi_bunja,11
inuya,11
131_usagino,11
nagoonimation,11
kushinago,11
bleykerforz,11
amberblue,11
shuugo_23,11
nonomai25,11
cliomet,11
teletelo,11
rustydx,11
rene_magritte,11
pokehard,11
marychic,11
nuttyhoof,11
86roko,11
hornycorgi,11
lunarsfm,11
mjolksaft,11
wassnamink,11
mcjoajoa,11
romikure,11
kinky_fridays,11
puzzlemebby,11
graeyclaw,11
dawolf1339,11
irosan,11
radiohead_(pixiv),11
telltalecoyote,11
dump_lings_png,11
kuramono,11
harrison_cady,11
yesthisisaaron,11
cookienug,11
blueeyjayzilla,11
honjou_raita,11
tototete,11
avertedgaze,11
randomfreak95,11
plumfoam,11
naut_mikro,11
noncomposmentisstuff,11
hentai_ouji,11
remyart420,11
quiverthorn,11
youknowthatpup,11
dino20bryan,11
chatsvoid,11
tumble-dry,11
neruloth,11
qaieri,11
mew2,11
itsuki_yuuto,11
exga,11
sin_cyan06,11
dorkyrudy,11
fre4k4life,11
neketo,11
crisdem,11
tsuyuga,11
nova_astralis_(artist),11
bhe_bbo,11
log_seo,11
078kun,11
danch1k,11
beastdaddie,11
kappajava,11
3373blue,11
midoko,11
tonsutan,11
just-a-smidgen,11
amakawakanata,11
karimvsa,11
hironsfw,11
zeruxu,11
rammy_(artist),11
tai_kai,11
duppio,11
inumaru_nekochiyo,11
youth_roses,11
themightylost,11
takowasabitsurube,11
jado,11
nao13to,11
fujihiko,11
sento_(pixiv),11
vetta,11
djgb2733,11
topi5356,11
dadio543,11
kemonokon,11
morishasu,11
scotchantlers,11
beanystalk,11
ph_(pixiv),11
mist_billow7,11
tuftbubble,11
wazplm52,11
kitsuneesama,11
lilariboo,11
guti_(artist),11
grippusavium,11
dangernoodledrawings,11
suteakagitsune,11
pancakedragon,11
nekonohi_1919,11
huskyrelic,11
d0gt0ys,11
shaurmyash,11
hakoi,11
mangosour,11
deveddoris,11
enbunyary,11
ikubatt,11
gaius_furrius,11
ecchipoo,11
niseko_(artist),11
pugosixtyfour,11
doggy_(pixiv),11
voideyedpanda,11
azurejinto,11
siggymc,11
takemaru,11
stray_productions,11
flofi,11
lolitarey,11
siedorran,11
tomato27204917,11
whupteedoo,11
toonycryptid,11
niyacon221,11
vaan0,11
medlichan,11
keshioutcontext_(artist),11
kevin_g_tuck,11
tashasketch,11
zombiemiso,11
alastorrekfast,11
rhymeruru,11
lonely-labs,11
miyajuuuun,11
ciroking,11
synthathena,11
azur746,11
moomular,11
merellyne,11
panda_panpan_86,11
j_more_art,11
teenieweenieuwu,11
mirufi,11
trickster_(artist),11
officialseraphimon,11
prokylan,11
noppokun1105,11
dewi_aleman,11
todyfel,11
jemsoon,11
void_dot_exe,11
celes-969,11
kitsu_(artist),11
nirvash,11
mr_labrador,11
ginemarettipg,11
seirette,11
mortal_eyes,11
itamesigohan,11
46ayamahi,11
sassybreadbutt,11
pilliy,11
garowo,11
suifu,11
oogwayren,11
mika_the_wolfy1718,11
mooncid,11
jifengsword,11
rina_tigressa,11
swanska_(artist),11
pastry404,11
akofi,11
panicpuppy,11
zyldark,11
a0mo6_(artist),11
furryjack_4444,11
fwicksart,11
rat_princess,11
itzjustsoda,11
novikjpg,11
darkleon,11
badguynek,11
cinnaafterhours,11
blaqueberry,11
kurachi_mizuki,11
thelastfagbender,11
nikokoipanda,11
eddiefragoso,11
capnii,11
fr4nkenst3in,11
yellowsalamander,11
tahitabata_(artist),11
adok,11
buffyloop,11
xenoglitch,11
lury_sgh,11
burgermeme,11
booba_tea,11
sheepu_senpai,11
tasty_cheeeeese,11
ikapoc,11
comfy_lion,11
valafterhours,11
kyo84472013,11
korvalol,11
itsjustapixel3,11
epicbassface,11
andrawyou,11
theusualbunny,11
dazuma,11
hikariluzw,11
siomartnet,11
sprunko,11
kzwolf4,11
ry_after_dark,11
linqianbuzai,11
chubledoodles,11
kashtran,11
darkdragonsmind,11
kotybird,11
ankolewd,11
ketzal_nor_omen,11
misskoi,11
iiithemaniii,11
juicey_juic,11
belka-sempai,11
blueberry_tea,11
mealdragon,11
oxytoto,11
sofiko-ko,11
rosefromsin,11
astralismk,11
john_li,11
shalashnikk,11
sixest,11
badbunny3d_(artist),11
vossjaeger,11
soapthefox,11
yoozle,11
pyllsart,11
glitchmonger,11
artsy_madraw,11
sebastian_ibarra,11
catty_menace,11
yumikori,11
omako,11
chocowerehound,11
zyclone10,11
bruwoof,11
paperprowl,11
team_roc'n_kammy,11
castielmoon,11
woollyart,11
katsfish,11
izumipan3,11
felixguara,11
noonmarkart,11
sluttyanimals,11
asylvasta,11
diasporedoll,11
drewzy_(artist),11
suavicreamdraws,11
armoredharpy,11
atum_(artist),11
zentaeron,11
cultiste,11
estrellitansfw,11
cakerthebear,11
daiji013,11
17yunzi,11
loppo_reventa,11
salriaah,11
artcetona,11
katzun_(artist),11
saint_nightlyy,11
hornyartzsucks,11
gtmwd262,11
onisase,11
tentopus,11
impy_(artist),11
suzuki80,11
mumuffet,11
togstiot,11
gummycummy,11
alfiasaee,11
chowcapitic,11
shady_girl,11
hodol,11
volkaiju,11
julien_le_rolland,11
chappika38,11
sphinx_draws,11
syrupyyy,11
shore2020,11
smirk_(artist),11
mugishima_3333,11
yoneshu,11
kieran_harris,11
icdraws,11
agnes_yorshka_(artist),11
awfulluck,11
slopunzel,11
techno_otaku,11
chocolatecroissant,11
inanimorphs,11
chocotoffy,11
yume_00kami,11
gagarka,11
kagesama,11
shoupitsuki,11
hateeven,11
felixjojoestar,11
nmahr,11
remymorph,11
arik_(artist),11
dindin_(artist),11
nayechan,11
sparkskun,11
jakktwo,11
shoot_(sh),11
lester232864759,11
suporta,11
aceytango,11
gapsay,11
synyx27,11
catnuymoon,11
voicelesssparrow,11
acidbath,11
br_eaduck,11
glock_reveretta,11
bodty,11
cutiecarbon,11
demon_dragon_zoe,11
goldbite83,11
jesse_aclin,11
svonbuchwald,11
dreadfulalibi,11
entity220,11
rolleishep,11
voidphanties,11
aeobear,11
bowsaremyfriends,11
creamcrawler,11
kuu_(artist),11
lechebestia,11
alewdamao,11
fenneczephyr,11
molky,11
ckatnha,11
pomfypanda,11
damnvlado,11
arctica_the_fox,11
threesecondsback,11
haha-yea,11
leonbutternoodl,11
tealblush,11
mint_lee,11
hentaly,11
tainypie,11
yiff_fantasy,11
dusky_fox,11
kleowolfy,11
maisha_(artist),11
str4ngehero,11
spookitten,11
loneredman,11
banmeshi3434,11
qende,11
wulffy0,11
carloromero,11
weremutt,11
mauro_fonseca,11
wolfaroonii,11
devilmxnd,11
hutosuke,11
vinilyart,11
rubythefox,11
lu-lucario,11
mushroomsoup65,11
vestalysis,11
nocom,11
amyrose116,11
rogertaylorswift,11
xxfluffytoast,11
blackfox2000wan,11
texsaber,11
nonamesrleft,11
musfetman,11
heavenlyy_hound,11
nhstonk,11
wapamario63,11
foxesblast,11
slickonahole,11
plushdogy,11
srpayt0n,11
wreckham,11
furrygl,11
elklyz,11
matsurishiroii,11
mochasox,11
the_red_son,11
degeneratepai,11
james_murray,11
puzzle_maniac,11
rivcat,11
ducdevinny,11
dardekilio,11
pookie_esukiro,11
ika_daishougun,11
cryptidcave,11
nwico,11
tadashibaka,11
b33rka,11
ikenbako,11
buttblenderer,11
stoopidhead,11
aomamesbeast,11
habromania,11
juno_opf,11
tangerinefrosting,11
yuni_homura,11
nagisa_aoi,11
betukusa,11
popothin,11
demotex,11
xiabottor,11
anglestouge,11
jamesthespectre,11
reguiguigas_(artist),11
lustfulcherish,11
krinklymay,11
prizrak_(artist),11
asesino,11
koreyvee,11
neon_dontlook,11
bearthing,11
hazemazes,11
mochikushi,11
kanaladrawstoo,11
betweentwosoftplaces,11
kribosuprahstah,11
jami_purple,11
monky22,11
briefclimax,11
felhesznelenev,11
lexsin,11
iiimp,11
gentlecat,11
cosisim_art,11
basillief,11
ninai,11
lethalbliss,11
carles_dalmau,11
egg_ox,11
deathsnow,11
footpawless,11
matthew_graves,11
krizuniverzus,11
kikkenopolis,11
a-deru,11
cookie_waffle,11
forez,11
imposty,11
guroguro,11
kushy_wushy,11
middle_night,11
riercat,11
greaper_(artist),11
hunterbeinghunted,11
morisio0,11
arsbin,11
anekomori,11
lupin_art,11
nonameorous,11
kolatheral,11
ax0r,11
moril,11
toxiart,11
fetishtrash,11
dylkoparts,11
textcore,11
spirallyjessie,11
neppyboi,11
lnkjk.png,11
scooterbark,11
eveartspot,11
loopachino,11
skrymer1,11
vicious_cervid,11
confusedcoffeecup,11
tigerinascarf,11
cvpid13_(artist),11
futanaricatlover,11
sorprendante,11
fauzer,11
aaanya,11
sojinhox,11
haplyze,11
naught_haazender,11
guilrel,11
wang_yzzx,11
edeny,11
alexander717_(artist),11
pawdrawing,11
rockyartsve,11
oustella,11
ska_siyu,11
joesoap,11
sluttyroboshark,11
daemonz,11
andrade-iv,11
houndaboard,11
spicy_kokosche,11
edmango,11
yetigo,11
rgbovine_art,11
cherryraptor,11
quotepony,11
meemsteria,11
orpice_kun,11
wishywashy,11
decayyingsoul,11
itberyan,11
ryanlllwolf,11
andre_roart,11
percodine,11
anonimouse,11
ozomatli,11
hormonvorous,11
kangarart,11
rex_yi,11
gbdgart,11
agrexoaxo,11
wienerdogworks,11
spacecrusade,11
lalalewds,11
antygr3en,11
horni4robo,11
chesterzee,11
horus_(artist),11
sirbreadtix,11
secretstarslut,11
comradesky,11
michelle_lipton,11
remibun,11
smadging,11
coqo,11
dzhali,11
pyrpul,11
k4ytn,11
stellar-paws,11
ohbeebumbles,11
blaqgrien,11
shadowhamham,11
dephacious,11
stormyyyy,11
hazelrah0,11
nightflurry410,11
moobold,11
9choolen,11
tiothebeetle,11
mareau,11
blizanimations,11
6mkyp9tbxaoll6a,11
cyberwolf,11
sangobouro,11
vaineris,11
lewdosumaru,11
matsuo_nigo,11
hawaiiena,11
madogany,11
raydrawsx,11
amdog,11
coffe_hybrid,11
chromacandi,11
xdscoutacrisdx,11
lluanhyperzero,11
kiekoi0,11
jackiesquirrel,11
mallows.exe,11
izumomushi,11
thatonedraws,11
messypanda,11
geitagatsu,11
drawbear,11
tenebrex18,11
greatestgori,11
rdusk_huntress,11
wilbuwann,11
renalover3d,11
reed_the_deer,11
thekillwolf,11
starapture,11
unravy,11
ilyushinplane,11
thepurpalynn,11
zalvaris,11
shakalann,11
tycei,11
tiningot196_(artist),11
kel_3214,11
eustasss,11
aizakkuuwu,11
antonellalalok1,11
floo,11
h_huniii,11
happypancakes34,11
snizzblizz,11
johnny_furstar,11
dub_doodlesnsfw,11
growlkokel,11
ijnkako,11
ryozo,11
tanpakuroom,11
edd_layerex,11
dodaeng,11
squeakyhoodedraptor,11
alaaala941,11
jezz_mons,11
kiwi_renders,11
aiello,11
dudenahuel,11
ichifox,11
isaackonos,11
tetillust,11
ayydeego,11
instantogirl,11
itatuki_78,11
wagyuu,11
khiropt,11
cookiecrunch,11
fluffus,11
astrojam,11
humbleheretic,11
telex,11
erick1778,11
aeschna,11
visperus,11
pppkkki,11
taro_hearth,11
wexer,11
zoulca,11
koomomadori,11
larur,11
ittithemouse,11
tscoct,11
adel1na_art,11
jedigimon,11
meowskullslol,11
keetch10,11
magu_mm_0824,11
oddeyresproductions,11
alenaru,11
iivoltagewolf,11
anonymousmoonman,11
2steponya,11
rick_shep,11
randomfur1,11
clrcusclrcus,11
ruoyudaz,11
skyearrt,11
shirika_(artist),11
verycutecat,11
rockabyeretard,11
tealfolf,11
thecrazycatxd,11
therealdafwe,11
tre_burg02,11
ajhp,11
blusagi,11
small_boop,11
nickblackfur,11
mythios,11
birdiebeanz,11
stinkslutbunny,11
siyudu5,11
ixentrick,11
peacewolfactual,11
snevanessence,11
donkichikin,11
kazz_a_fella,11
tenperu_tapio,11
evil_tradesman,11
stormleaf,11
alvarodibujill,11
shrikethebird_(artist),11
championwhoops_(artist),11
kahlua_dragon,11
fromspace3d,11
kaijufluffs,11
koth4,11
papaur_(artist),11
limette,11
goatytobi,11
bloodskunk,11
gorlslop,11
casca_de_laranja,11
maybehawthorn,11
tsunkiwi_(artist),11
smoldog,11
rutmouse,11
nombonanza,11
kaycoyote,11
alenicia_(artist),11
owl_pie,11
yellowpudgefox,11
zanigma,11
foulserpent_(tumblr),11
michelle_xin,11
marcoartz,11
foza18,11
sulfur_(artist),11
khraart,11
xackert_18,11
sketchgum18,11
rockitrocket,11
alekerectsociety,11
spicymancer,11
smoothymilk,11
feloniousfloof,11
minimoobles,11
zira2626,11
katastrophicabsol,11
mrlemur_arts,11
felineballistics,11
yanglai_miz,11
renocoffee,11
colorful_maples,11
hogg01,11
chubides,11
bitterdrink_(artist),11
kemo_kemo56,11
m0rpz0rp,11
darla-gator,11
luckyfoxpaws,11
just_a_slug_(artist),11
xberylliumoxide,11
gorilladash,11
sparky_sparks,11
tanuntoxun,11
gloomerdog,11
cyanaltar,11
universo_julstar,11
rory_vwv,11
kzivilian,11
shizadacomunist,11
saronrot,11
daysoil,11
pteragon,11
luigibottle,11
kipperfox,11
helbclowb,11
ophimon,11
chorilate,11
apfello58,11
pieegee,11
bedbumps,11
kothorix_(artist),11
kiny_(artist),11
cerraphim,11
unicorngore,11
10ro18,11
oldcoyotl,11
muosew,11
pixelpeach,11
hake-feretto,11
lewdyant,11
pulsatingmasochist,11
sanjin3jin,11
pompoyo,11
birdrandomart,11
fishgottedyou,11
markcaracortada,11
rerorero_art,11
mokotoko,11
hexedcyana,11
retrohnd,11
oiiomi,11
3mohu,11
ltwind34,11
dakkii,11
gloomylemon,11
wyrmskin,11
lichqueen,11
asney,11
seami,11
vertivari,11
dannabx_art,11
khaosclaws,11
skinkbutt_(artist),11
catsper,11
awlowl,11
shangxia,11
blueauradog,11
katinka_thorondor,11
bugs4buddies,11
efi_trefi,11
mistakeharvest,11
whiskeyfever,11
lipsa69,11
mayyonase_(artist),11
thask_sks,11
fennicdafox,11
elconejoluka,11
husbando_maker,11
natsuinukashi,11
mckeyes,11
ransim,11
luxruff,11
mblaze,11
yujian,11
aslanduckon,11
hoofsoedm,11
terrafilesfm,11
sgawd0g,11
iokec_we,11
mavekartz,11
supermassive_(artist),11
ohnohornysoul,11
tanio_(pixiv),11
jam_as_day_(artist),11
artooper024,11
droopygoober,11
yourboi_lynno,11
lewdyblueberry,11
bergklostrom,11
oxygenarchived0,11
kira_(artist),11
zoy1504,11
ars_machina,11
boujinshi,11
kolhellart,11
ozdra,11
whatpanda,11
foxu,11
rippletheness,11
anikikiart,11
el_shovel,11
pinecraft,11
boppee,11
borkbuchwieser,11
midnight_dancer,11
belmofloofy,11
oskar_herrfurth,11
flarinthk,11
adoniasfra,11
moonkarpo,11
bin_tuc,11
maskedtreasure,11
jazziseqing,11
laviko_weird,11
1280x720_(artist),11
daniel_fernandez_casas,11
skybluescales,11
grivies,11
cake3d,11
leanivbirb,11
aimer_arts,11
cafeabril,11
ponnov,11
madthesable,11
gheezz,11
jumbo6039,11
couldnt~find~a~name,11
brock_fox,11
lxststars,11
.sekibanki,11
davidburt,11
wypher,11
koffeecat,11
redvenus,11
feetfish,11
caudacaudoso_(artist),11
yeentonic,11
vis-a-vis,11
moti25,11
ronovess,11
inubis,11
ghs112hrothgar,11
kroxa,11
fryerwamez,11
3w!7,11
artzellier,11
lophilia_spicy,11
jackalntomb,11
burntfoxtoast,11
rufsi,11
nipplepiercing_(artist),11
hakutsundu,11
lusterblaze,11
citrus_fossil,11
anneminime2004,11
toyminator900,11
f4phantomwildweasel,11
nsfwfromd,11
synthawk,11
elpegakito,11
ellsilis,11
dbulljob05,11
missluwu,11
sevenma,11
mandofruit,11
sheepy328,11
rainwoodwood,11
jiyuanrrr,11
jokioro,11
ekixu,11
dykeosprey,11
maelcott,11
twenty_2,11
thewandie,11
horny_saint,11
huhwahwah,11
theloodvee,11
amaurufu,11
igny,11
nicolasgravelqc,11
klukovica,11
uniboar,11
jessemc,11
splashedwine,11
zbrujevka,11
this0nedude_tod,11
tennensui,11
jesiekun,11
n0heals4you,11
scye!,11
gev_ai,11
sourbear,11
wolftomwolf,11
felixmcfurry,11
wailoondrakon,11
its_stardog,11
nekomiyatasuku,11
asph3ros,11
agpgwm,11
kamiwoolfe,11
clouly,11
shortcayk,11
itidy,11
lettucelechuga,11
karikore,11
stinkek,11
brownbnnuy5,11
srlechugo,11
freeguyfan776,11
original_zin,11
perle_arte,11
lewdscrap,11
zariya_lioness_(artist),11
floirisha48212,11
flordellums,11
guladibujante,11
yuki2437,11
oshiri_hakase,11
pinkybowtie,11
sailorfrix,11
q_qringo,11
x_argos_x,11
ikumataku,11
beageiso,11
unavenyart,11
aemilian,11
cyberneko,11
iryn-ashwood,11
t0d_artista,11
skyflys,11
catalina_ad,11
wasi,11
maximation,11
arkgarcia1,11
nichol_art,11
startheskeleton,11
maenei,11
dogeamyy_miru,11
wolfgang_(artist),11
geckowisp,11
snakesincircles,11
cupsiie,11
infectum,11
yorexz_nsfw,11
tody_0312,11
relampago686,11
marie_muravski,11
conejitosempai,11
macromarkstash,11
pervert99,11
ginrin_goshiki,11
berspring,11
unyah,11
ivyjackk,11
roreel,11
purrro,11
fast_master,11
caldinie1,11
inoue_hasue,11
paul_dsr,11
jicjicu,11
littlefuwaki,11
protoeve,11
zekebear,11
taro_anderson,11
damndimmi,11
vinivy,11
pragm,11
spezdood,11
nehemia,11
alumiv,11
crumpet_fur,11
ecoloco,11
axiscatt,11
pokedark,11
eves,11
munchzart,11
chemodanchik,11
fetchquest,11
agtartzz,11
pocketpuppy13,11
svenniehoek,11
mocamoca,11
mouseylazuli,11
impergator,11
sweatersnek,11
huskyiijrdn,11
meddlingbee,11
jjjjtaaaku,11
pinkzawg,11
nastymuleart,11
jotarofur,11
batsy3,11
theinternetizkillz,11
bbdd029,11
wila,11
lucekracoon,11
koffizo,11
thevioletspirit,11
santan999,11
toncomtoncosh,11
matteino,11
aparticularlygaycat,11
disasterdragon_(artist),11
chuckyskunk,11
kur0be_sousaku,11
sweetchomp,11
drachia_sith,11
bipbopstunk,11
bruntgonewrong,11
rusjerry,11
pitaya988,11
lazatthebass,11
pleasantbread286,11
monkechrome,11
vkhj2002,11
unassumingbee,11
senuo,11
cc_creatures25,11
itakiso,11
goybinart,11
sol.solarin,11
rammypaws,11
jakk_studios,11
giotabby,11
hilex,11
kb545,11
damndirtierdog,11
deinadver,11
yutz_(artist),11
flare_raptor,11
mrhanzell,11
kospades,11
kaiman_800,11
azureberry,11
puuverart,11
rosapazl,11
hellagator,11
obligatorycube,11
jaxsonbellfox,11
sqrkyclaws,11
raenbowcat,11
demyxanthony_artist,11
jaydahroo,11
plague_r4tt,11
goodboyliger,11
bacility,11
slatebreaker_(artist),11
harna,11
fellyart,11
feason,11
keshinvr,11
neonbarx,11
pawmakelove,11
finnqtqtqt,11
shnaggle,11
tspithereal,11
retron64,11
laybarethyheart,11
kuchiiya,11
sonicdestiny,11
jebjebbz,11
radarrid3r,11
lroach,11
kotbmewke,11
nghtystrks,11
drawau,11
pixelh,11
mouseuart,11
aowieuhfaowiehfoiawhff,11
crazysodomite,11
midnight_possum,11
spannedspaniel,11
zimaja,11
nan_014ne,11
deron_lux,11
jaypgartifacts,11
punktoso,11
anti_e621,11
shoukaart,11
ambilly_aniki,11
burningfallacy,11
owishka,11
krimmblz,11
caustic_bubonic,11
jxdrawings,11
himejoshimaster,11
blokkie,11
bigblacksisters,11
ephemeralscourg,11
han_stone,11
fumicake,11
the_isac,11
nekochwan,11
rafaelart_br,11
sneggl,11
chuckingficks,11
skykrystal,11
seaofspiders,11
fungus-man,11
realmaltfuga,11
cielobivolta,11
varinating,11
eviex_01,11
farfin,11
bleating_dip,11
jmcchannel,11
eclipseworks,11
bloodguard,11
redditholesome,11
sweetys_h,11
cookiespug,11
deadwife,11
ubiratan,11
oliverracc,11
saulazuli,11
christina_raygoza,11
datcobalt,11
arkaussieshep,11
artworkdeimos,11
muzzleloader_(artist),11
wackyzacky,11
moonshine98,11
vireyn,11
gryndra,11
misterspectacular,11
hermesk,11
nelnox,11
beatbo,11
shuiyee,11
p1nk_bubb1e,11
twaykoncita,11
heaven_salts,11
puppyparty,11
ylit,11
kemono_lance,11
n00bt1m,11
wolfgangxo,11
ustak_nella,11
lupice,11
cjuice,11
dreadedbovine,11
stup1dfuckk,11
catosauruus,11
yeenfr3ak,11
bunondemand,11
louis_dalrymple,11
oreo_tlacuache,11
rycia,11
vexter_arts,11
dralzin,11
vexxydragon,11
pandorancowboy,11
blankit,11
calurk,11
lontik,11
runescrawler,11
quincebleene,11
pastelpanties,11
wetyuip,11
scripin,11
ryangoslinghorny,11
slinkzstinkz,11
dimidotfurr,11
marina_2002,11
skallornaart,11
insomnuz,11
objectdicks,11
noirenard,11
yokuart-mashingon,11
k9derg_(artist),11
solemnvesper,11
shay_the_one,11
pankatares,11
noneed,11
rafitos,11
captainshadow,11
dirpsaid,11
cherryshnapps,11
iziks,11
bagged_dragon,11
melodicfractals,11
curleyfriez,11
nadinada,11
mr.leo,11
casssenpaii,11
owlb1rd,11
worthlessnarcissist,11
6thsaturn,11
spectregato,11
leavee_(artist),11
gupply,11
mrkun,11
freaky_frohicky,11
sleepylilfox,11
junglebeeart,11
sepx,11
cjthegreat2003,11
ariryu,11
miaogo,11
nasth_art,11
boobnart,11
ghastlybum,11
siko_(artist),11
neztick,11
oveja-tactica,11
snowfoxy66,11
lacenothing,11
writingsmostfoul,11
cloudyhills0,11
about24wasps,11
altkir,11
thekeepofcat,11
spiderrito,11
z-z,11
the_shitposter_2069,11
matdog,11
khaixer,11
picknpull,11
ninjatommy21,11
sanygtr,11
bell_zabella,11
thistleandfang,11
coffeequasar,11
sobegrrl,10
ashryn,10
sarah_combs,10
aberan,10
whitefire,10
kathleen_morton,10
james_donaldson,10
shoomlah,10
kamilya,10
wingless_chimera,10
littleghost,10
jeremy_mullins,10
cheng_and_eng,10
greliz,10
plaguerat,10
arakaraath,10
robina,10
hardlyart,10
garvals,10
foxxieangel,10
jill0r,10
charlie_morrow,10
nisieda,10
kuroneko_mya,10
darkfoxx03000,10
epp,10
shinazo,10
kiz,10
triplek,10
woolyhusky,10
cat_bountry,10
kojack,10
albtraum,10
railride,10
bishoop,10
yn_red,10
kashiwamochi_yomogi,10
tomoya_kankurou,10
ganto,10
scorpianx0,10
haru_(artist),10
hasegawavega,10
vani,10
foxen,10
pikohammer,10
ragnarakk,10
kioa,10
zap,10
ladyjeboah,10
suane_lightfurr,10
superamk,10
kamijou_shoutarou,10
boris_vallejo,10
crow036,10
thetaxidermy,10
enaibi,10
paro28,10
lvl9drow,10
michael_palmer,10
fury89,10
redmagejacob,10
konakona,10
snowisland9,10
tekstation,10
maruchiro,10
doslobo,10
blue_ferret,10
tathi,10
jared_von_hindman,10
greyradian,10
toadwtf,10
chris_gay,10
shaggi,10
zjg,10
yamavu,10
vavashi,10
spiffy_fox_kili,10
toon-ca7,10
bruki,10
ics,10
moonchild,10
lascha,10
naritaya,10
lbtfan,10
romnio,10
winterpaw78,10
kzwpix23,10
samwise,10
go-kart,10
pacikat,10
kikicholi,10
cloudmonkey,10
gallenw,10
forever,10
sg,10
manuka,10
abitfur4u,10
meso,10
saiyagina,10
skruff,10
tribalwolf,10
snaketrap,10
anokorok,10
sethxzoe,10
valon,10
ataraxia,10
ivxx_chimera_xxvi,10
kyuubreon,10
yuuki,10
midorikazeneko,10
candle_(artist),10
pharoahqueen,10
themasterball,10
asukoji,10
kinglionforce,10
bodel,10
thestoicmachine,10
chowder_(artist),10
miru,10
werewolfhero,10
mhedgehog21,10
blackpuma,10
thedjinni,10
mena,10
hinasaki,10
falman,10
phn,10
goldfishvalhalla,10
timon1771,10
beutelwolf,10
deusexkittycoon,10
erthilo,10
caustickeet,10
nullh,10
kzksm,10
batlover800,10
schiraki,10
rydelfox,10
feather-chan,10
latiken,10
tarako,10
quixoticmutt,10
yata-nepia,10
henderson,10
lazrow,10
mike_krahulik,10
westgreen,10
ozinec,10
moko_luffy,10
stonershy,10
carlotta-guidicelli,10
spaceponies,10
hellcorpceo,10
badway,10
barkeeper,10
gantzcraziness,10
kusomiso,10
shipomaster,10
abacus_orrin,10
death-driver-5000,10
y-mangaka,10
elksign05,10
themiles,10
limonpi,10
makin_bacon,10
rayodragon,10
sessinoga,10
rubberninja,10
mashcr,10
iceicefangurl,10
reynard86,10
nekophoenix,10
darkstar,10
mokusei_kaze,10
hakugin,10
timelapsedecay,10
morbidsin,10
kiuro,10
hyperchaotix,10
purimomo,10
undead_niklos,10
mihune,10
lordgood,10
sakanakaze,10
d_lion,10
laaseensld,10
possumfacee,10
dave_wilkins,10
sweet_hd,10
alien1452,10
schizopie,10
odendo,10
facerot,10
eruruutail,10
jassycoco,10
katsuoo1,10
nhyra,10
clorin_spats,10
youdontknowjack,10
zaporozhets,10
hangdok,10
the_werewolf,10
skyfly,10
samyena,10
iken,10
isabeau,10
mrstufflebeam,10
michithethird,10
sotoco,10
nomnom,10
barbalarga,10
leucrotta,10
doggystyle57,10
drakansix777,10
dogmansp,10
drsix777,10
flarn_(artist),10
leoindigo,10
xii_hm,10
shark-dragon,10
souno,10
tevionbee,10
pun-pun,10
mattsykun,10
gunneko,10
rukan,10
custom_(artist),10
mimosa211,10
ulyanovetz,10
alidor42,10
parttimebrony,10
t-spec,10
gure,10
chiri_(atlanta),10
ponekone,10
putto,10
luzdeluna,10
klalaskaxd,10
yokokinawa,10
louise008,10
kitnip,10
foxgopher,10
cheshirecaterling,10
junosunderland,10
qblade,10
crystalryder,10
luircin,10
sirhcx,10
kelaruj,10
amle,10
mamamantis,10
flailingandflailing,10
knavesaga,10
chips_(artist),10
nathanounce,10
theflashguy,10
ginahyena_(artist),10
lordsnape,10
hellshound,10
mimie,10
ronai,10
juicykiss,10
panza,10
mondeis,10
pimander1446,10
mrbastoff,10
viol,10
res_the_rabbit,10
varijani,10
darkmanethewerewolf,10
sierrafox,10
arupaka,10
mirera,10
crumbles,10
fillyscoots42,10
mofurufu,10
purpl,10
rpique,10
annasko,10
duelist_studios,10
ninetail-fox,10
darkstripe4ever,10
galoogamelady,10
quicktalon,10
chinpui,10
rummyhunny,10
adjectivenouncombo,10
furwillfly,10
laydeekaze,10
prettypinkprincess,10
he4rtofcourage,10
muzoka,10
potter,10
sargon,10
yvun,10
rogeykun,10
emedina13,10
multiversecafe,10
matty4z,10
alizabeth_shepherd,10
wolico,10
astropulse,10
geistdagger,10
dijitalkid,10
cazra,10
plushkitty,10
pamas,10
a-side,10
cdsowden85,10
meme50,10
allantw2002,10
pauuhanthothecat,10
ssn_inc,10
seedatart,10
pridgen,10
sonier103,10
farewelldecency,10
atnog,10
bwd,10
kumacchi,10
journeycurl,10
salemnoirex,10
darkwargreymon_(artist),10
yoon,10
iulia.fox,10
badgerkun,10
bleff172,10
zannte_(artist),10
tailgoblin,10
muffler_(artist),10
xenozoophilia,10
whistlefrog,10
bendykins,10
zeolith,10
pabloracer,10
6pklion,10
pakupaku_(artist),10
latiro,10
castiell,10
davionx,10
sewergator,10
zynzynn,10
colordrake,10
s2x,10
bigblue,10
gurgles,10
raichu8,10
ferum-lynxx,10
legcat,10
joeywaggoner,10
john_mcdevitt,10
habuwolfdog,10
kmrshy,10
roverstate,10
sethtriggs,10
mirunyora,10
shadekat,10
shibayama,10
konekodawn,10
shinebright,10
xoxopumpkin,10
sun-hime,10
segamew,10
roasky,10
arcanafox,10
kizuguchi,10
xxzacwolfyxx,10
medio-cre,10
kutapika,10
anotherartistmore,10
cyanidesilver,10
drantyno,10
melltdown,10
macrocarpa,10
iragremka,10
nimroderick,10
sncunleashed,10
applealba,10
neckbeardotw,10
viperdash_gts_r,10
gray-gold,10
grumpyoldgoblin,10
kulkulkul,10
ti-killa,10
aaron_miller,10
caryo,10
kadel,10
domdozz,10
gelrend,10
sufrank,10
int,10
kamiyu,10
dasprid,10
zesty,10
free_style,10
jez_(artist),10
geltydrake,10
djermengandre,10
matea,10
mark331,10
one-dimensional-man,10
doessummer,10
smokefoxshop,10
artknorke,10
weeeps,10
kure_masahiro,10
shadence,10
pokyblue,10
magin-go,10
fanatiq,10
pinkiepizzles,10
flare-chaser,10
chiisuke,10
wolfoxx,10
ugly_duckling,10
st0rmbringer,10
mukuto,10
aversioncapacitor,10
dragonfox69,10
kazenokaze,10
nohooves,10
maou-abutan,10
megalucario_(artist),10
dandidog,10
tanim-kaxa,10
yogurthfrost,10
angelicuswolf,10
at0micsheep_(colors/edits),10
j-c,10
pale_(artist),10
artist-black,10
skiz0,10
thingsmart,10
gusscass,10
french_foxy,10
pittsworth,10
youna,10
ziul_husky,10
stary_adamski,10
solnslak,10
mookierific,10
theoryso,10
kenta_(artist),10
lieke,10
sombra222,10
louistrations,10
minus_(artist),10
catthouse_studios,10
omfgitsmiller,10
hentaigoblin,10
gastrictank,10
popsular,10
cryptid-creations,10
iwawotobuneko,10
sinny-d_(artist),10
iceflux,10
poker_(artist),10
seriayne,10
yaziri,10
red-panther,10
am_ericium,10
christopher_burdett,10
red18fire,10
heckfire,10
pikachufanz,10
perplexingly,10
eterno,10
bruinsbrony216,10
blackfreya,10
rhyhe,10
inxa,10
bakudemon,10
i-smell-toothcup,10
thunderback,10
seyrii,10
danuelragon34,10
chiara_bautista,10
torao_asada,10
scarlettdesire,10
royaltride,10
shitty_horsey,10
d-day,10
thepossumface,10
sekira,10
athan,10
quix_(artist),10
tukimi_negitoro,10
alaicinereo,10
khaospaws,10
oiran_ichimi,10
pt,10
sabakamen,10
fred_tmnt,10
malikfoxen,10
menotstupid,10
perfect_lyon,10
horrified_(artist),10
filip_burburan,10
zack_stella,10
sa,10
maxximo,10
dzkribblerluiz,10
chalaza,10
orangevanim,10
whargleblargle,10
muerolf,10
happy27ruko2,10
alyx_xcv,10
skunkstripe,10
breeze_(colorist),10
dupe_(artist),10
inukamiinukami,10
ace_arcana,10
slime_puddi,10
cynphira,10
vens,10
frozenover,10
phantominus,10
perdurus,10
maxxysnacks,10
rabidcream,10
rocmolak,10
miltoniusarts,10
pockyin,10
thirty,10
makogu,10
popsiclebunny,10
takatsu_keita,10
uchi-uchi_keyaki,10
pawsnclaws,10
sonic_cake,10
emberkashii,10
meemo,10
lizhi880423,10
technic-wolf,10
frisky-lime_(artist),10
saffronpanther,10
tmdduq6918,10
kentayuki,10
blackxwhitexbunny,10
glacebon,10
magukappu,10
christopherberry1,10
temixart,10
rizen,10
dusk60000,10
ashurak,10
malamiteltd,10
lightikea,10
thenegativecage,10
mochibuns,10
nishin,10
kiyoshi_fox_(colorist),10
jahoge,10
zaptagon,10
aerokat_(artist),10
chouga,10
wildswingding,10
aruberutoo,10
poweradepriest,10
the_bad_tazz,10
hannia_(artist),10
chicomaster,10
sexgazer,10
duster_(artist),10
kaiser_noriesta,10
ravyn_(artist),10
sirzeba,10
orioto,10
milk64,10
pewposterous,10
themushman,10
sa.baka,10
futanyanri,10
knightrayjack,10
t_lion_tp,10
sexylopunny,10
drkchaos,10
pixelvs,10
xenospike,10
starhump,10
wolski,10
ezioauditore97,10
zero2nohero,10
autobottesla,10
milosstone,10
reindeeroo,10
assassinknight-47,10
leargini,10
jirousan,10
fazzfuck,10
werefoxie,10
doctrin-zhivago,10
krazykari,10
shrineart,10
itsteriyaki,10
sieyarelow,10
jinx_wuz_here,10
daveyote,10
mischenmeek,10
danadelions,10
n-steisha25,10
mochaconcoctions,10
amy0108,10
knotted_(artist),10
rattledbonezone,10
litmauthor,10
arteria_(artist),10
yijoker70,10
leslers,10
aaronscales_(colorist),10
frittercrittern,10
noodle_number,10
sporefox,10
dogscavenger,10
kanenomori777,10
spcrossing,10
dragonboysclub,10
scuttlebutters,10
sketchy-replies,10
chow_(artist),10
chisai236,10
odinboy666,10
blindman12,10
duvet208,10
fantasystaples,10
creepycurse,10
sevastyan,10
hornetv2,10
artsyaxolotl,10
sajin_skips,10
soren_(artist),10
naoyaxx,10
mikanmikan,10
hirorin1122,10
xxmarkingxx,10
june34rd,10
physol,10
itsrainingpotato_(artist),10
seikokun,10
acrodyn,10
critnuke,10
donber,10
howlitzer_(artist),10
apeliotus,10
rozumnee,10
dark_beaver,10
piyotycho,10
lordzasz,10
leithster,10
pulex,10
shinmoonya,10
jessified,10
wei723,10
akinaie,10
fxnative,10
hrdrifter,10
jeffpossible,10
pimpnuttz,10
dynoxter,10
eroikajutan,10
gumowedildo,10
mahotsukaia,10
saiyanhajime,10
solamisalamder,10
twisted_sketch_(artist),10
xela_haes,10
caramelcat123,10
rhyset,10
neonctron,10
irlsealpup,10
mesubuta,10
saturnboy,10
nightspin-sfmt,10
mrme0w,10
cbts004,10
mitsuhara_nene,10
ludren,10
glowing_frenulum,10
chasefox,10
mufeet,10
mushstone,10
ivelischpfuli,10
zealman,10
whitecat,10
audrey_jutras,10
shadypixel,10
rubyhoof,10
shon,10
cosmicsader,10
aethosart,10
scionofstorm,10
chompuff,10
juju_(artist),10
spiritfoxzilla,10
priapus_of_milet,10
sabertooth-raccoon,10
goonsey,10
dipgd,10
cally_(artist),10
puthertothecest,10
blueman282,10
ijzer_(artist),10
master_hellhound,10
pontata,10
zephurous,10
natouu,10
zeedeedog,10
yannapix,10
wawazx,10
olddelhi54,10
m0th,10
felix_colgrave,10
sheeporwolf,10
kuon,10
crazy~lion,10
pop-animals_(artist),10
bluukio,10
squibbyart,10
stickaroo,10
sowiro,10
kyuutei,10
sumin6301,10
guffs,10
wingedblueshell_(artist),10
nocturnal-district,10
blastermaster_(artist),10
aikawa_(pipimaro),10
neje,10
lilbocreeps,10
rysker_(artist),10
leevi_(artist),10
firolian,10
fif,10
ashnurazg,10
jamespawson,10
ekz,10
linxsandwich,10
pillowknight,10
scotch_(artist),10
cuteytcat,10
tk_s623,10
cipherrising,10
fimp,10
jaihirvi,10
todozarashi,10
pain88head,10
codykins,10
kittyprince,10
randomsfmstuff,10
the1stmoyatia,10
anonimator,10
foolyfox,10
sweetbitters,10
ssstation05,10
slegar,10
d_raw_two,10
love_matiwolf,10
arakasa,10
snowyseal,10
wwas,10
justsomepainter11,10
finnickfag,10
sylph-space,10
skafer,10
miao1906,10
expansion-fan-comics,10
moorph,10
mxfappy,10
rikuoxas,10
gaynine,10
rujirublkdragon,10
tricketwar,10
miso_zoo,10
eamart,10
mixdaponies,10
joe_hellser,10
halybs,10
numbnutus,10
maddytrapper,10
myles.engel,10
neara,10
crio_(artist),10
aion_(artist),10
the-blackeye,10
rustheart,10
peketope,10
bombowykurczak,10
kiwiblanco,10
brookibrooki,10
peterpika,10
krako,10
kaykaykit,10
trc001,10
yu02j0,10
nick-and-judy-daily_(artist),10
kroeger94,10
ange1witch,10
demonxtartarus,10
xenonotter,10
mibuchi,10
drark,10
fishlover,10
furalover,10
anryusan,10
punkitt,10
shikari13,10
f-t-rabbit,10
chidentsu,10
little_taboo,10
pigeonhole,10
monchsgeier,10
cardboardcat,10
takayukihiyori,10
tan5551,10
spiceferret,10
ruedi,10
naoto_ohshima,10
urdiethefoxxx,10
dddddd2,10
iittkkinfinity,10
meowren,10
venato,10
furiousjay,10
cxevion,10
kicdon,10
iesupa,10
epicaistar,10
devilizer,10
moodyglider,10
liquidn,10
sir-fluffbutts_(artist),10
adraes,10
lutherniel,10
pinkferal_(artist),10
katyushkawolf,10
threehairs_(artist),10
budino88,10
nakaya,10
klaher_baklaher,10
t266771,10
bad-pierrot,10
khatmedic,10
shadowpantherkat,10
mmairo1,10
psydoktor,10
kinotika,10
ma96me,10
silverboltbw,10
the_psi_fox,10
ipheli,10
onefetishtoomany,10
kaniboshi358,10
sir-bombers_(artist),10
kanjojolteon,10
tanashi_(artist),10
creator_(artist),10
aromanticprince,10
vurp,10
abdullah_moatasem,10
weisserrauch,10
chaichai,10
kaorukanon,10
dsng,10
robot_cat,10
azumaotoko,10
warp0fwrath,10
stylecase,10
spooky-ooky,10
mizukiki,10
rudazmora,10
fuyusfox,10
red_arvie,10
ava-riel,10
galaxymonster,10
residentevilffs,10
devilmary,10
null-chaos,10
takeo_s,10
mikan_(artist),10
radroachhd,10
bubblebunnyboy,10
kenson,10
ryuigi,10
jastam_(artist),10
jj-psychotic,10
shinkei-shinto,10
stephanie_law,10
wraith615,10
carlos_ortega,10
itaslow,10
kinkycore,10
volti,10
aritamato,10
evilpaw_(artist),10
xxkenthewolfxx,10
cool-kyou_shinja,10
dappermouth,10
moulinbrush,10
eve-ashgrove,10
rasielius,10
vx.,10
anabusi,10
coffingag,10
yutaila,10
toratorayatora,10
superkawas,10
dragonjourney,10
jeany545,10
casemon,10
kaizeru_(artist),10
leonelatwerk,10
elcio,10
david_kawena_(artist),10
ajeny,10
o11,10
enzozone,10
yanje,10
glowstiick,10
jsyrin,10
kashiwa,10
tom_bancroft,10
bymyside,10
kikonine,10
milkomeda-galaxy_(artist),10
aresworld-universe,10
peacegirllisa,10
kettu-sama,10
lagartuzmems1998,10
xeternalflamebryx,10
wyfoo,10
ninjartist,10
eveurite,10
genso-x,10
fauxtraught,10
mrunadulteratedfan,10
beatlewolf_(artist),10
alexnamekawa,10
soison,10
giganide,10
rakkan,10
justcallmejeru,10
ikirunosindo,10
shaw_(artist),10
artzstudio08,10
nokeji,10
evana_(artist),10
silverhopexiii,10
gnawgut,10
bleakymora,10
teranekos,10
maneko,10
megumi_mizutani,10
paddy_pawz,10
pachipachico,10
vanilla_milkweed,10
bunart,10
bucketofpomf,10
worrywools,10
knn8150_ysd,10
nananana_nanana,10
lunarpumpkin,10
batartcave,10
bluehawaiichan,10
wunkolo,10
mornardel,10
karashima_hiroyuki,10
kawarajima_koh,10
kusunokisippo,10
fyoflo,10
sepphyr,10
ribbonfurl,10
homosheep_(artist),10
omuomurice2,10
bypolter,10
mommajo,10
kik-draws,10
mumble1224,10
largerest,10
ashi4423,10
park_kr,10
creaturecola,10
fumi_miyabi,10
mak8906,10
hisui_(stapspats),10
dan_vs_fim,10
xanaduavici,10
dmitrydraws,10
okuva,10
jagafuxfell,10
cockpeepee,10
black-khisanth,10
mspandrew,10
tri64,10
teacupmerlock,10
alex_henderson,10
arieru_the_fox,10
hyst_(artist),10
renamom_(artist),10
lp2k_(artist),10
tv_thari,10
handsomest,10
owo3d,10
asue,10
fawnbites,10
build-a-wuff,10
variou-very,10
oozon,10
black_zork,10
kota_kono,10
lachan_ernestchi,10
dirtydee,10
dbmgnsk,10
vanguardheart,10
zerothebrony,10
ippers,10
aikuxa,10
magichorn,10
moonlightbell,10
m_d00dles,10
faudka,10
soulkiba,10
yadokamio,10
mach-volt,10
pinkanimalz,10
drelife,10
renderpoint,10
tinycatmom,10
newmoon_draws_(artist),10
mutyakai,10
fullmoon_gtrn,10
naftosaur,10
rouyuki_(artist),10
snow_shine,10
romankit,10
ravenmadwolf,10
superchuits_(artist),10
nyako256,10
kfdacc_(artist),10
rollytiger,10
berrybutts,10
mirina,10
sharktigereagle,10
angelbites_(artist),10
saggs312_(artist),10
animatedartlover,10
ollofkyser,10
kodanukimanpuku,10
bigdarkfluff,10
ezhaillia,10
soulgod_(artist),10
yosino1985,10
hukakune,10
feverwildehopps,10
furiaae,10
dualition,10
hotcreeam,10
brewrisque,10
khal941,10
nasiijau,10
sournack,10
rial,10
hoploo,10
hamatsu,10
lulles,10
zezil,10
salz_sop,10
nyaroma,10
nightsanghaw,10
s1b9t,10
katsoup,10
hot_sake,10
lavendersparrow_(artist),10
valdroxx_studios_(artist),10
warsyl,10
pkmn57,10
herringvone,10
jackalaxl,10
konarika,10
bunta_ru,10
eiirev,10
ote_sei3,10
grind3h,10
cappycat,10
cacomistle_(artist),10
passer-by,10
mike_n0ra,10
nina27_sg,10
caktusjuice,10
whiteleech,10
ralivion,10
negri2018_(artist),10
bistup,10
xion_cleararms,10
kyouti,10
pandemoniam,10
creepy_sluts,10
neopero,10
skebebbb,10
tubz_thapbear12,10
yusakovichi,10
nukumorigakari,10
maybestuff,10
dantev47,10
loglord,10
zerohenry,10
tushy_(artist),10
rockecchi,10
dillongoo,10
verymediocre,10
jacquesrabbit,10
ilitiaforever,10
carpediemx,10
the_magician,10
misonikomiii47,10
dogshenanigans,10
icetigerkitten,10
tmm4,10
cottoncaramel,10
inappupriate,10
enmyr,10
rex100,10
sauru,10
neroupii,10
cyamallo_(artist),10
tubbytiger,10
poopishness,10
jhelisajhyena_(artist),10
cuppa-ale,10
sodesne,10
just_gray-x,10
striped-chocolate,10
plumbum,10
demxhax,10
tomozawa_mamoru,10
silvernote,10
toisanemoif,10
tomato_(artist),10
peebae,10
jdkdoodles,10
shishigaj5,10
repairbueno,10
igoo,10
pastastic,10
bastardblast,10
paintmech-paints,10
1mocha,10
samhyule,10
c4h10o,10
enayaray,10
allbeatnik,10
cutejosuke,10
shiriya_k,10
tronixx,10
everydaylouie,10
kumogomi,10
elzy,10
jourd4n,10
avernalascent,10
maru_707,10
tatsuno_newo,10
nessiefynn,10
briarsthorne,10
dustypuff_(artist),10
darinscraps,10
inugokudo,10
chris_chan_(artist),10
anta_art,10
mscreepyplaguedoctor,10
jackiejake,10
maukeiv,10
bi-koo,10
officialmossy,10
edisonfox,10
mozozenoe,10
akumey033,10
swordshrimps,10
artsbymilky,10
pol9789,10
beltpop,10
alcram,10
bananapandx,10
doodledan86,10
conell,10
kayav,10
murati2-0,10
koma27ko,10
kc_tulip,10
sketchrabbit,10
hierotubas,10
iroh_art,10
dreamcatcher_(artist),10
dream-fractures,10
maxpawb,10
nouvelle,10
mr-spider-the-bug,10
fedyaray,10
misakichi,10
gwf,10
zoopalzzzz,10
badtusk,10
smatt3469,10
justthetmg,10
sariken,10
bubblepup,10
peachy_bat,10
amosyang2,10
professorzolo,10
leonsofi,10
arzaid,10
morestar,10
thickkitty15,10
doctor_(artist),10
pieceoflasagna,10
rakudx,10
stiliano,10
marocket_7,10
solidstatesurvivor,10
drgravitas,10
a_pierian_blaze,10
corvus_m18,10
stevedoodled,10
saba_v,10
squishyboiedits,10
vinnyssketches,10
wonsterchan,10
buzzkillbluefish,10
vlankt,10
mechasupial,10
haltiart,10
loveycloud,10
clovenfawn,10
woogleboy,10
nekomaru_fur,10
nuzzle_(artist),10
popoemo,10
solanacia,10
arbrecent,10
bvphomxt,10
alphsbeep,10
peresum,10
kazumi88888,10
qmdk1234,10
roi_osukemo,10
kemokemono04,10
frolix.kav,10
dreamerink,10
bluewolf0072,10
bluubrii,10
mryayibitch,10
stinkdyde,10
snowshoemama_(artist),10
jimsan,10
moodytanuki,10
1vethebus,10
fabulaus_things,10
assortedvast,10
kimiekimy,10
pillowdemon,10
notquitesfw,10
drtuo,10
son_ofa_jay,10
paper_machette,10
raveshaneart,10
pointkillfox,10
mikaemikae,10
poke195_back,10
ry_o_ta,10
starjeti,10
anormaladn,10
calebjb,10
000mnk,10
rimmcha_(artist),10
anzus_valeria,10
includefireio,10
gossan,10
soropa,10
voredragon12345,10
sqshiiijelly,10
darger,10
3iurub,10
kaze_fukeba_nanashi,10
mikesiva,10
saint_sol,10
leonnoodle,10
hentaired,10
caro1,10
cry_bunnie,10
scandyeevee,10
hellobirde,10
ravasker,10
maldrasen,10
rom_howler,10
myasokombinat,10
albymoobutt,10
da_mao_banlangen,10
sxbzero,10
sorubaphomet,10
zawa,10
mr.gerich,10
hanabushi,10
gar32,10
turpix,10
ananon,10
fluffykitty17,10
hornygami,10
remmy_ecarlate,10
tainderstorm,10
dirtbagfur,10
whirchi,10
sazyazya,10
hakkq,10
aube,10
mixedkori,10
boutin2009,10
senmu0107,10
winter_quinn,10
nirakobo,10
fluffykangaroo,10
inagocchi,10
astom,10
helbram,10
indigo_(artist),10
coolstylefag,10
pt_crow_(artist),10
poptrt,10
gafreitasart,10
shuffle99,10
cockatielz,10
avtor_d_(artist),10
hanzo_matsumoto,10
yunagi_amane,10
greem_bang,10
kenoru,10
romanjime,10
dirtylynel,10
triplesync,10
owlflame1,10
stbernand,10
pawsbrush_(artist),10
seiferwolfdragon,10
grrnele,10
miilkchan,10
wrenchthrower,10
shiomori,10
konome_noi,10
defreak,10
lotten_(artist),10
a0lp,10
taziku,10
kittykhrysty,10
boxofwant,10
kendalljt,10
lrusukun,10
pikalag,10
reikoi02,10
jowo,10
animegirl2012,10
foxieskullz,10
nikumeats,10
smoredraws,10
j_atomic_cherry,10
curiousbrowntig,10
sesukytes,10
orba,10
qzarloid,10
tarripup,10
youwant,10
angrymuffind,10
fall_born_dog,10
a21zhcn,10
asua.lisova3007,10
amberlea-draws,10
eiji_ar,10
notsfwbaba,10
teabunni,10
kenzakisen,10
artgalanesh,10
toks,10
mcdraws,10
fawnshyart,10
lazycatto,10
techmaguskhobotov,10
luchizz_scary,10
meow25meow,10
kcsfm,10
horned_(artist),10
sewer_rat_(artist),10
sweet_dynamite,10
chuanen948,10
slinx,10
fizzymus,10
tailworm,10
vetamina,10
blubberwhale_(artist),10
viceravermillion,10
unknown1070,10
denmarklemons,10
cal_kearns,10
precht-art,10
metrictums,10
charliewolfie,10
lin_feng,10
a5435c,10
icybeak,10
ogthecarrot,10
lampette,10
mibratsiy,10
club_(pixiv),10
eliasdragon,10
nood1e,10
rainsnowandflowers,10
cancan_draws,10
rexualtension,10
6_ni,10
boy_next_door,10
jinouga97,10
khutan,10
maximus_sun,10
zeffa,10
oswoswosw,10
wyrt_(artist),10
bonipops,10
oppmann,10
misswinther,10
mokimo,10
sjru_(artist),10
amo9612,10
shikasmol,10
raccoonpioneer,10
drhalloway,10
lee_(colt),10
henry_hyena,10
stellarator,10
mozgart,10
larahhhhhhish,10
itzyblewds,10
neonbeat,10
larasilvestris,10
sugarkitty19,10
max-n,10
drpepperscalie,10
ka_ji_ka,10
kay_46_nrb,10
soul_(artist),10
honeyshot,10
bantau3,10
firefoop,10
ddragoonrangoon,10
suzannemoseley,10
d4nt3_fr05t,10
yunaka,10
xxbloodymess,10
kitten_butler,10
crix_raccoon,10
rawbootymeat,10
kiranoil,10
temere_artifex,10
itaco,10
brownsdragon,10
larkinc,10
zeebiecakes,10
pupupunecco,10
hntrgurl13,10
sw-kaniar,10
sherenelle,10
giridechoco,10
yantaro4ka,10
ignitus_(willion),10
texansoda,10
colopendayo,10
dohrat,10
blizzhusky15,10
jotty777,10
mezzoh,10
monnodev,10
zacharwolfram,10
thepyrokitty,10
soya_1st,10
tfzn,10
alexnator-117,10
m.s.,10
ngmi,10
echiechiiiiii,10
jonergy_555,10
mfkb5,10
dicenslices,10
slaeteer,10
nautile,10
kurotero,10
koh_say_ello,10
gill_the_gnome,10
size-queen-sedgewick,10
soroka,10
cuggq,10
devon_fletsher,10
jasdavi,10
eggmink,10
puzenketsu,10
navaras,10
pokelov,10
thesealedfennec,10
whitebearefox,10
p_kiwi,10
jazzybatty,10
daedalusb,10
redbug222,10
yuuyuu,10
rule34artist_(artist),10
untaggable_artist,10
ggreemer,10
flyingsnake,10
nekurokami,10
taboo_art,10
alloplush,10
corgibro,10
b0dko,10
enneko,10
kajimateria,10
ketsiantosetai,10
fangy29,10
derkasberidzhan,10
lixdel_drawing,10
strikerdrillo,10
oshikko,10
cottonhasaheart,10
canni_can,10
bomkragg,10
reonfur,10
cupid_dissolvi,10
kumachan_pantsu,10
omega-sv,10
koudoku,10
nightlight_dawn,10
moondrops,10
oliver_knorzer,10
luenart,10
endoereanlewdart,10
dove_momma,10
slavyan,10
jett_ailchu-92,10
arthon,10
wryyyto,10
lex1art,10
sparklyghost704,10
ivvvle,10
khryaus_o'howl_(artist),10
crowslewds,10
peyote,10
vinpq,10
clovercloves,10
motunikomi95,10
furayob,10
wayne_barlowe,10
goopdraw,10
kuronekonana,10
hazy-katu,10
boru_(pixiv),10
0crimson0,10
rukidorifuto,10
ipainthere,10
mar2tea,10
robustidol,10
javelin_(artist),10
roxley-d,10
gigilifup,10
sabi_furashi,10
listen_wind,10
idontwantobeheretoo,10
perchinka,10
figburn,10
ikinarumi,10
dafurs,10
boonist18,10
dide6an,10
skullzlatte,10
tamama-island,10
azure_meteora,10
sausysolstice,10
gryn_vs,10
crypticole,10
joseph_smit,10
cyphinmas,10
essynkardi,10
soshanks,10
arthur_rackham,10
youngjinja,10
fabulatoris,10
dinoafterdark,10
dumpiwumpi,10
chicorobot,10
yucccka,10
yamake,10
bigrodwolf,10
ittziofficial,10
squeescales,10
karpusha,10
aira_225,10
whalezor,10
jalcck,10
myahogao,10
datsuyuru,10
melondraws,10
ghostthefox,10
raychell,10
saladergfelix,10
jratking,10
alexlive97,10
agust,10
marblechip,10
bunbuntushie_(artist),10
kyngs,10
dm47,10
graphic_ginger,10
cassiopeia-rjg,10
clawstied,10
annaselena,10
buttbit,10
haruo_kasane,10
xiao_yao_xian_sen,10
wu_liang_tuanzi,10
osanadaisuke,10
sartics,10
kidakash,10
normana,10
floof-tigress,10
kaldiryu,10
cyan_(artist),10
meanookami,10
onibologna,10
furisubi,10
ferrousred,10
kitsumuji_ceher,10
sirkayenne,10
artnoke,10
furfursha,10
hokipong,10
xinyu,10
frikulu,10
shakuraya,10
midcci,10
taski_guru,10
vadaboob,10
kansouyoutsuki,10
dongmageddon,10
golly_(artist),10
manatails,10
sisikem,10
sugarmartens,10
neonneodragon,10
khurtito,10
freewolf_(artist),10
5ummerheat,10
nes_sousa,10
pupe_purplerose,10
ona-yowl,10
greysalis,10
jinnie_boi,10
ayaki77,10
spicystew,10
meteor_mirage,10
cocoamintkitty,10
hypocritsinner,10
maikyoh,10
k9_meta,10
fagstain_(artist),10
eladonays,10
redtetsu,10
furry_soren,10
sparklecandie,10
tangylizard,10
square_asterism,10
mimimau,10
underherteam,10
purrmaggio,10
fernandgvinn,10
furry_chu,10
tezo,10
kumikemo,10
blyadskiisychic,10
ineedmoney1216,10
blennynsfw,10
bruhmoment412,10
castdraws,10
laslwo,10
stazzy,10
dohorth,10
iroikkai,10
spacebrute,10
checkyourwhatsapp,10
jarethdd,10
cemeterii,10
madmar,10
ryo_n7dgmn,10
t09a60y,10
beginnerguydraws,10
patchbun,10
milkibar00,10
9twoeight,10
metalkrot,10
bohohon,10
sockmantgu,10
sheepus,10
snizzydraws,10
art-of-matthew,10
mrbones,10
yakisobapan_tarou_and_negitoro-ko,10
clxiaoyue,10
aokumaneko1,10
juwshi,10
momoka_(artist),10
cumdare,10
hinako_710,10
addixx,10
monolith_haniwa,10
carina2cl,10
goodheavansitsshulktime,10
bassarisky,10
yafusa,10
negi,10
tampo_desu,10
tatsu_mob,10
kissrabbit_s2,10
myneonone,10
kazuniarts,10
black-buck_(artist),10
kremlin_art,10
brownkuma,10
deadlyrabitt,10
fever183,10
sennith,10
icedoats,10
chewteeth,10
wet_tea,10
nk_art,10
canaicreations,10
shy0yaan,10
norithelord,10
cocobucker,10
kitty_space_paws,10
visualized,10
drjdfh,10
skullying,10
kanikanikama,10
tanukiyo,10
zerokcal9812,10
kan_sais,10
yeenaroo,10
thomi1513,10
ferislycan,10
midori_no_iruka,10
sheaintsafe,10
mirai_(artist),10
hornygoatbritt,10
neoreptilz,10
stervyak,10
oimo_osato_(artist),10
elmira_503,10
monado_art,10
unoriginaldoggo,10
symbiotemech,10
echa_neko,10
skelmandraws,10
ledrixon,10
dodomonst_(artist),10
skinnbox,10
darkzoul,10
cadillacdynamite,10
jaycoxxx,10
f0nf0n,10
lookitsfen,10
skerie,10
wickedsturdy,10
xthe_real_cjx,10
beaverboo,10
istealice,10
t-t/u2,10
biyontran,10
ninolo,10
mollymilk,10
nicomancer,10
olslappo02,10
triksa,10
wanderl0st,10
wanwansiroinu,10
ketimicu,10
pimmie,10
alex69vodka699,10
ginryuumaru,10
mirron_hg,10
siyeneveries,10
astroeden,10
northbysouthpaw,10
prince_vaxis_(artist),10
honeypawz,10
caydearts,10
sxftguts,10
el_poyomon,10
zakuinatophat,10
lewdofdoom,10
jhosuak19_art,10
hatsu34,10
danton-y17,10
redphucksaround,10
martini_gasu,10
coelhog_(artist),10
rrobburr,10
one_konta1123,10
risebernold,10
amateur_owl,10
nekchikyan,10
meowfection,10
divinechub,10
oko_konoko2,10
zoon5017,10
rzstar,10
ryuwan,10
b_art,10
z00logical,10
toronoeroaka,10
an99,10
hako7_light19,10
saxopi,10
teaflower300,10
pphile,10
d00mhound,10
nologo,10
lumise05,10
kosenart,10
thenaitsabel,10
applebottomfemboy,10
shy_debby,10
meow-wows,10
vampy_squid,10
floreum,10
loginaz,10
crayon_(artist),10
kasferret_(artist),10
anarchymn,10
pzkratzer,10
tarnished_(artist),10
missdomme,10
torule34,10
eeevveee,10
z_rhage,10
chaimilk,10
witchartnsfw,10
seriouslynottom,10
dirktheredpanda,10
hungy_ns,10
stonette,10
leafyflour,10
sharkfarks,10
stevetwisp,10
fathersweetberry,10
planetary_mayor,10
quickix,10
switchsugar,10
paxton_stranger,10
synthwavefox,10
florescentcolo2,10
mikathewolfy,10
chicogav,10
miizuui,10
lilysprivateshrine,10
lovemaxultra,10
n00b0d1,10
sd5db6,10
mysterygoo,10
i_love_hurt,10
aidensphynx,10
astarotharts,10
mizhisha,10
luminous_wish,10
subarashi86,10
sr_tacos,10
that1oneperson,10
dontasklemon,10
shiverse_(niko),10
rejines,10
melatteki,10
rakuma-imp,10
engawa1001,10
tuozhazi,10
felux,10
eclipss,10
siobun,10
ribbongurl,10
licerzing,10
dragon_animated,10
jesterokoo,10
rosier_(artist),10
skirrel,10
els3d,10
floozybear,10
xslyra,10
jeremy_bernstein,10
pixiv_id_4528489,10
oppai_4_5,10
vknta,10
bleez_art,10
cartoonpfp,10
warren_mitsuwa,10
lowselfie,10
prime_viridian,10
smousee,10
shiny_peacock,10
uliovka,10
achromatic_stallion,10
blacknirrow,10
resoda,10
kurojelly,10
sefews,10
dantett,10
momozuki,10
vaneron03,10
zombie_perc,10
teanai,10
ma-adopt,10
impulsivemealworm,10
tsad_(artist),10
softfuzzymike,10
15786kll,10
ohohseesee,10
moebinuslizard,10
artsynada,10
sanofox,10
wooddaddy,10
duskooky,10
alburus,10
kosseart,10
awryscott_(artist),10
bb_team,10
lottadog,10
pawago,10
dietdrrobo,10
peache_bo,10
radicool332,10
omakase123,10
skaleigha,10
dimsy,10
randomguyed,10
engumajiken,10
death-toaster,10
sleepykaard,10
goldenhair_boi,10
reddthebat,10
reirek,10
larhyperhair,10
dumplis_(artist),10
nanoquadrate,10
noteecking,10
houh,10
paperpuss,10
blondieart,10
blue_does_stuff,10
borisramos,10
daxthebro,10
bahamosia,10
huruyoki,10
k0d4s,10
hungry-horses,10
pyungsyu,10
pinkamer,10
lupinzpack,10
therealedgerftw,10
lordsarloc,10
jerkdibuja,10
skeleboy,10
csarphong,10
rofuck_(artist),10
leroy629,10
mr.meowstic,10
gonda_29,10
pixiv_id_54092237,10
sweetpath,10
lottakinks,10
smokin_goblin,10
heymanand,10
gunner_double_one,10
sketchy_brush,10
thereyk,10
blackgt,10
komu_san8,10
blakk_m.a.t,10
vantabats,10
cynthesia_07,10
spookswagenns,10
uni-star,10
woodencrater,10
llofriu,10
kristina_watermelon,10
sunsnak,10
yanibutspicy,10
eckobun,10
jackieshounen,10
darkazure,10
aceaximeck,10
gea_stars,10
bantau,10
qirucaf,10
spicy_squid,10
aikawa_arisa,10
tyokio,10
bearbuddies,10
domesteclaw,10
l3yj2vcknincza7,10
damnitshuge,10
nomirin,10
eels_(artist),10
alsinhyena,10
razputina,10
paziftoone18,10
darkeve,10
sai_(artist),10
salh,10
lupex,10
nosoyroh,10
pamptmk,10
erwolf5,10
hurner,10
naillian,10
chaos-force,10
mexochist,10
plumpling,10
munklock,10
nuttybonkerz,10
canned_mackerel_(pixiv),10
unboundxoro,10
joodlez,10
9474s0ul,10
thatguy76220740,10
koyoinu,10
coyocislav,10
alldrawparty,10
dragonburn,10
froobina,10
spookygar,10
dumdann,10
juanoh_uwu,10
alternatehef,10
fluuzoid,10
xeytech,10
omowazu,10
illuminion_(artist),10
dasblue_in,10
mitsvalen,10
ashaashuuu,10
jctownsend,10
super_houou,10
spearmintserpent,10
frickenfennek_(artist),10
pestydreki,10
swordsfurry,10
blaxat,10
rinexern,10
whim_blaend,10
cherrsymbol,10
rusty_the_husky_(artist),10
furbidden404,10
mhcmm909,10
not-so-violet-sfm,10
lebustyferal,10
protobasilisk,10
tavotos,10
soggy_illustrations,10
8bytqmuqom3dcfz,10
bippppy,10
pandunes,10
mafu,10
gakuranchan,10
chilif,10
johnboyx,10
detainedcat,10
knotsandhorns,10
bahamunoaka9,10
m.freak,10
sheeplip,10
cardbordtoaster,10
mikasifoxy1,10
ehtmareiner,10
guilgamesh,10
zandoku_beni,10
askaram,10
null_sfm,10
wiegmannor,10
sunny666,10
spacejunk,10
artistic_dot,10
archie-the-racc_(artist),10
dalay_man,10
lumanyx,10
anoymoususerunkown1486,10
guy4well,10
nyaohha,10
mintpaws,10
pale_riderz,10
tokiartisfurry,10
phiny,10
monsuilar,10
abie,10
orange_tubuan,10
rexonance_(artist),10
rexreye36876945,10
daereamart,10
silhouettefr,10
gatowacko,10
s0ft,10
cutepandabear,10
aoi_(pixiv),10
john_ratman,10
wolfsavage,10
dair_northstar,10
zigzagrim,10
sigorordl886,10
dandrass_artshi,10
abouteang,10
corvusfelid,10
arillium,10
mid_bf,10
peludoburro,10
koco_gi,10
tonynoob,10
mandracoxs,10
elysium_avatars,10
shsuo,10
yellowjelloart,10
bluehawk3000,10
wolftical_(artist),10
lil_skrill,10
zeroglow,10
tommyfuur,10
steffybs,10
the_okapis_tongue,10
glubglub666,10
jomigalvssart,10
layer09,10
fillinek,10
urakamuttra,10
gyorai_sarapao,10
rebbenant,10
radio_bx_(artist),10
softbeancandy,10
onikkussu,10
taboo_gem,10
maplewood,10
phukart,10
kelsey_chianoko,10
dandelionstray_(artist),10
alexnoiver,10
4agonism,10
yogurtfgc,10
aritsuni,10
yomosuke,10
sedrid_art,10
thunderkitty3000,10
enemyhips_(artist),10
catpupcat,10
kohichi,10
bebrasuff,10
suneo_arts,10
kimuk,10
lynx_arcane,10
rocatart,10
it_me_robin,10
keister3d,10
doomguy_69,10
virta,10
frigonometryz,10
littledradesu,10
latluxlula,10
bellyblog_(artist),10
ograda_v,10
koielacanth,10
iceymcflurry,10
ezecoelho,10
maskedcocoa,10
henrydrago,10
softpeachmoon,10
luchikki,10
candyspine,10
howlingluna,10
kinkydog,10
angryrawcoon,10
slothboi,10
lalinowl,10
cedrik2208,10
itsyairishboi,10
curseofthirst,10
woadge,10
fifthgrader,10
horny_average,10
bittersilence,10
kotobuki_dutp,10
cottonsalty,10
thaires,10
oldladydoodles,10
malt_cat,10
cassandra_rose,10
collinthedumb,10
buttersita,10
woopwoomp,10
sumghoul,10
meshpuyis,10
carlosjarlos,10
hornier_nina,10
amantiium_glitch,10
grimdog701,10
nlebohentai,10
delidi,10
shinoru_p,10
alwhiteberry,10
littlerainstories,10
darkrex,10
potato_the_chip,10
ay03,10
visitor_112,10
zerosonicdrive,10
the_nick.r,10
steinwill,10
cainebold,10
j4m,10
tamagokematula,10
pyky_(artist),10
ktart77,10
legochet,10
merlinmollis,10
ub1mo,10
wagonwacko,10
dewsand07,10
altnsfw,10
artxxxgay1,10
aivae_27,10
truehustler3,10
mofsett,10
gothiicprince,10
niftytoast,10
allyuzer_(artist),10
lovinglyfancy,10
powdid,10
raymundcrow,10
hehel,10
buleironsky,10
buddyhyped,10
bishop_thegoat,10
fizzysugardrink,10
ntr_(artist),10
sirap,10
moonyin,10
oyasumi_nidone,10
acualia,10
clancyd'nasty,10
nkyubed,10
tomoyakan,10
slusher_blue,10
milkjpg,10
siokoboshi2020,10
aplasticspork,10
taffywabbit,10
teyl'nir_(artist),10
rukann,10
kiuhkobold,10
mr_confused,10
autotape98,10
coffeebeagle,10
kaoswater,10
girafomet,10
rakusenpai,10
cupholders,10
kaliamorous,10
mkay,10
ezgrotto,10
lelol_fire,10
meelis_silem,10
sikukaze,10
misnalgatos,10
liepraag,10
cirtierest,10
tritou,10
woolblossoms,10
halhusky,10
izzy-paw,10
theterranious67,10
zilluzion,10
sweetyborn,10
digibeawr,10
ebolahorny,10
phillipa_neighwayer,10
largedrat,10
xela_strawberry,10
frostedmonster,10
joku676,10
jaystarry,10
toshik22,10
horideiyasumi,10
loud_queen,10
jackallabs,10
spike_san,10
aflamboyantduck,10
mitsu-inu,10
jamrolypoly,10
skidmarc25,10
brinebraxien,10
wunderaga,10
scherr,10
ziibahnax,10
iliaa,10
svipsphynx,10
arllanaeats,10
funnylizerd,10
robaxed_(artist),10
berribyte,10
diabloafterdark,10
yonaka26,10
wyrmapalooza,10
silvialikescherries,10
almostgirl,10
probablyavv,10
tittyrexx,10
voidfoxtamcin,10
tiger_subaru,10
gemdazzled,10
aeronus,10
inkless_brush,10
weepingonionsfw,10
kunky,10
mauve_artz,10
taixra,10
coffeekrook,10
ghostinhood,10
mothmilfs,10
thistlesnack,10
furmitsu,10
hopetheneko,10
wolfberrys,10
bubbymino,10
genericmerc28,10
chumini,10
mirlywirl,10
sergiocipactli,10
paperuto,10
skaldaxe_(artist),10
wishi_fishi,10
lonefox1332,10
pinkybunn's,10
kuribirdie,10
pseudokim,10
vixyskonk,10
webbster,10
stefaink,10
piroguh,10
lumineary-arts,10
zita586,10
eggconcept,10
endominator,10
blisswind,10
stackkie24,10
chazmuco,10
weirdkinkshamer,10
re-done,10
superconductor,10
lordfink,10
kajon_art,10
cassiya,10
cryptiddog,10
fuzzyratz,10
r-ex,10
slithinet,10
coolhooves,10
miritosu,10
leo_sus_art,10
astranomaly,10
marie_xparadise,10
gwen_the_psychic,10
dmybust,10
jeleshom,10
gemini_at_night,10
dk_stuff,10
greensalad350,10
terimus_arts,10
silver_bash,10
pixelcatr,10
jamesalesto,10
kenikami,10
vagabondwithameatube,10
chernabog_(artist),10
nortfox,10
ben_rose,10
bluelikethevoid,10
blizzyfoxo,10
digua92537359,10
on_baa,10
itsthejq,10
fuzrok,10
ghostemee,10
theguywhodrawsalot,10
varodai,10
tr0tq,10
redcito,10
inkyruler,10
jaxdoggo_ig,10
the_dangerous_entity,10
leskweg,10
wixedecho,10
bleghtor,10
n_myihoi,10
kentine,10
fluflufluflufen,10
furrykxc,10
kira_r96,10
kaibones,10
ibisibish,10
cuddlecorensfw,10
inabunstar,10
samerainsfw,10
bebobeblue,10
reiden,10
starbeli_(artist),10
aeroartwork,10
thediamond637,10
markedmandsx,10
ernst_haeckel,10
pervypocket,10
pistola,10
aucaailin,10
kisko,10
kiskolofi,10
billdenovo,10
beeko,10
tamane_sk,10
batsnoozy,10
rick_fox,10
yaegorou247,10
catlizzard_(artist),10
blakethebartist,10
r4ttb4be,10
dogboy55_artss,10
indiego,10
colonel_lazuli,10
ritikin,10
rannfurryartist,10
thebloodsouls,10
shi_to422,10
rendogged,10
n0nggai,10
sinnerolls,10
aritafloppa,10
mosunoru,10
ghostful,10
nenemyun,10
hindrens,10
zeknii,10
succumbeon,10
neko_petter,10
mewzul,10
springyfaze,10
sogemaji,10
jaywalk_cunty,10
aellaellae,10
riggydraws,10
littlepazzie,10
askalarts,10
joe_nutz,10
gastank18,10
xxxdemondeerxxx,10
kingsillysmilez,10
dezoff,10
teasmacker,10
aeondud,10
lily_r34,10
ecolexxy,10
fivesfm_(artist),10
lissa_ink,10
lemonnlil,10
ichbinturkisch,10
chenyao4444444,10
zerum0u,10
miles_farber_(artist),10
bunnynebula_(artist),10
ehehe_ngu,10
wolf_jedi65,10
baxter_wolfy,10
derpycatdraws,10
lucielart,10
atranar_inferno,10
bleak-creep,10
zebastian,10
riio_(artist),10
theorchidartichoke,10
azhash,10
coonfist,10
rustcario,10
avexcity,10
nexxusmodart,10
capitainenil,10
sswoodruff89,10
sparkaed,10
milksplatter,10
daruhia,10
bweno_v,10
privategyre,10
856_i,10
jiubu11,10
gawk34,10
passionatevesta,10
alexchocchip,10
dio_morningstar,10
ookiikunai,10
sigmand,10
valk_yrian,10
alexlion_art,10
yipyapossum,10
regal_relique,10
dbulljob,10
danny_arctic_(artist),10
claudioelrandom,10
kikideernunda,10
solarisalphaart,10
whimbly,10
spacecookiewolf,10
megasexyfeeties,10
gr4ffit3_sss,10
hhy9i,10
ppdpplart,10
madash,10
peppygrowlithe,10
zeven_arts,10
shu_miyake,10
panny_lii,10
marshmallowlemons,10
vygri,10
sirofdead,10
alissondafox,10
byang,10
jack_houshi,10
fluffo_boyo,10
pululon,10
piiyy,10
doctordongass,10
dukehooverart,10
j.g.l,10
shamrocky,10
shizu_shio_bunny,10
yaveton,10
plesiodog,10
sticostudios,10
luckyrumi,10
starvenus00,10
wofychuu,10
attikae,10
orangegrapws,10
nyapparii,10
eljardindeluna,10
an1k1,10
kazekyou,10
mannuk,10
zibao999,10
spike_draws,10
bumfuzzled-bee,10
nitrowolf2018,10
fredlenka_rory,10
flerie,10
refast,10
darkye.t.m,10
shadowhawx95,10
wzkese,10
sacherbullbear,10
negima_play,10
plumspacebun,10
xvalociraptor,10
meow-tech,10
dumb_deer_thing,10
hasterart,10
sparksplasma,10
pearable,10
kneecoxx,10
kurobattohell,10
gencko,10
mandiocatt,10
gurmescop,10
mirucha0804,10
neumbra,10
thickasscat,10
frozen_moon,10
zoryxwashere,10
arietter44,10
maskrayx,10
macholobo,10
kooparik,10
cursed_chemz,10
unlicensed,10
yifforroarts,10
suikaels,10
azulak,10
hishon_fox,10
rwqart,10
nylix69,10
nimt,10
marsrey7731,10
crickitt,10
sneakygnida,10
vonarkail,10
jemmily,10
clittykittie,10
stormfluff567,10
komomo2899,10
velo_animation,10
loftysundew,10
kalayeer,10
kerbe_(artist),10
wreckandscrap,10
draxolotl_team,10
rosettia,10
hyato,10
atomic_cat_nsfw,10
sicksinnerk,10
rennofox,10
xtharsa,10
jasharts,10
jaugy,10
pencilmoose,10
pussypillbugs,10
cecibarbs,10
arimaycry,10
zombiikyu,10
li04r,10
purplepompadour,10
wildberrytart,10
cozzy_(artist),10
bikubaku,10
nervousyounggal,10
tira-misu,10
kaedalicious,10
u0vtzagq8r41403,10
birdman46049238,10
flyfiehel,10
fallen_kingdoms,10
dagothurunfclub,10
akkodoggo,10
chusudu,10
niipipi,10
redlightdog,10
nsfwolt,10
olly_fox,10
bowling_with_skulls,10
phoenie,10
mikeyrenders,10
cardkins,10
lemuralert,10
mesmeristmina,10
ramsayd,10
qxaz,10
stimtoys,10
loudorangegatto,10
ajio5231461,10
bubble_pop_sdk,10
kazeeame,10
desuden,10
beoafterhours,10
giantwolf0428,10
dabi_(artist),10
ajkj,10
ghostshiny,10
regularwallaby,10
littlegaydragon,10
ragamuffindotty,10
elferdiart,10
khaden3,10
saronarts,10
maoarahc,10
mrfluffer,10
dodoo0924,10
agavanya,10
mirokuferral,10
lemonxlime,10
numy_num,10
sancichengmei,10
emthimofnight,10
brew_(brauvv),10
trevobutevil,10
tdc_charge,10
bdaemond,10
iamnot4sadito,10
asvenroc,10
graywalf,10
sekaithereturn,10
lynrayy,10
nomadicfox3,10
ferett0,10
braixen_fox,10
sherrypink97,10
pawnoart,10
bean_mel,10
boofurry,10
incanova_lissi,10
foxo_d,10
julunes_art,10
cupcakezoo,10
halentfs,10
oh_sorry_02,10
hornyraccoon69,10
mamacorgs,10
neater_fox,10
letacosalad,10
anthrodyne,10
funen,10
fram_lina,10
spaceybunz,10
uriahthefusky,10
laser_wolf,10
kittydisk,10
churnstyle,10
yourlocalgreenman,10
dice_gambit,10
sirunfurr,10
tommygame15,10
sawsbuck_69,10
ferux,10
possibleexport,10
voremaxx,10
alltro2,10
zh653,10
sketchogolik_(artist),10
y33np33n_(artist),10
c0c0_ouendan,10
yuko69_artist,10
ueintvrtxxx,10
potatofarmer_(artist),10
unfunny_jeyai,10
thawkie,10
cerescito,10
laylasharko,10
naachi,10
missyburgerbuns,10
lyraamst,10
katorishimatsu,10
yukikosnowflake_(artist),10
anthonybren,10
slimber,10
odeniart,10
lucho_lunar,10
nerbun,10
mothmandaily,10
helleng,10
bukopanda,10
hketikill,10
fr34ky4urry123,10
cereshinu,10
r1v3r_styx,10
lan-luoche-also,10
keuejay,10
oxreth,10
bubblebnnuy,10
zlite,10
emidragon,10
saint_parfachi,10
rhuttos,10
plm40,10
malcom508,10
plapp,10
sileeex,10
tinkerjolly,10
ev_bright,10
ellowg,10
kenzi.idk,10
yamoooon21,10
deerwolfa,10
zcorpionwulf,10
littlehitsuji,10
bucklerparry,10
6unny,10
rosedad,10
themach1n30765,10
abontero,10
candytheexpandingfox,10
dorudodoragon,10
barusukye,10
kreiser_vii,10
croccarnal,10
misciblemyles,10
crajfushiryu85,10
catmacnasach,10
merkaan,10
saunasaur,10
onae_ane,10
starryafterdark,10
sylvestrix,10
gob_r4n,10
maddie_(artist),10
gluten000000,10
missclairev,10
mimi_noooo,10
yukariasano,10
kat2skate,10
kedoragi,10
piedeapple,10
cali_de_noodle,10
shinigami1919,10
poto_210,10
moblovelycorp,10
dm_of_sex,10
shadoblr,10
glorpgorp,10
luckylily4,10
erralyuraku,10
kimohouse,10
tougen_corona,10
psihushko,10
merbearmaw,10
potatermino,10
spiced_icy,10
krasney,10
deadxedad,10
iridescent_chaos,10
beef_steak_(artist),10
linxv,10
dapperscrew,10
hueaxis,10
smorgasgored,10
thunderbirdfeetlover,10
ashethekit,10
askoevi,10
jaceattemptsart,10
milestalesstudio,10
nexusmcu,10
kuri_(artist),10
polarisatr_(artist),10
hoggan,10
shaad17869525,10
melaniesmores,10
davedark,10
ignislupus,10
zack_collins,10
moomii,10
kirios_(artist),10
pulseblock,10
suprajanken,10
jaydaygecko,10
noxologic,10
goatsorbet,10
rabbitvenom,10
pipopoppu,10
f4r3u5z,10
tahilix,10
cseejay,10
planetsunrise,10
pampassa,10
mapuricent,10
chirong559,10
25hermit,10
ahichameleon,10
tao6648,10
burza,10
izviiini,10
tysuro,10
oshimaru_kumi,10
sherbetjester,10
yurikinns,10
neones,10
makedontsay,10
inkkayc,10
fryprai,10
mysticcoop,10
miguel_the_werewolf,10
thehellfirehorse,10
ricykun,10
batsuyo,10
solandgamer75,10
kajskjfs,10
mooseycus,10
acornrice,10
zourdropz,10
hb_(artist),10
alatan,10
izzym,10
duffmox,10
basimstar,10
mvmvrkio,10
garfunk_(artist),10
vovoflare,10
cyberat,10
angla1sol,10
mark0ut,10
boneranonymouse,10
rablat,10
wulu21,10
koihoi,10
mesubot,10
cynical_draws,10
brattybattsy,10
ekenlis,10
bloodybuzzard,10
carnality,10
fenya208,10
fizzthetiger,10
murolynxian,10
devinlarge2,10
pepefurry,10
mizukikun,10
kawinski,10
bananapantsu8,10
yinglizi_sfw,10
munimuni,10
dragonitepaw,10
circuit19,10
karr_(artist),10
safaia,10
eypix,10
moopleplush,10
sallo,10
remedy0308,10
hsh91100,10
kaiartis,10
apricot4,10
jeteggs,10
beeloz303,10
tgxqc,10
sugar_king,10
bread_stix,10
tanza3d,10
mercurio-shadowz,10
blankitty,10
nid15,10
brainmen3,10
kurosh00kie,10
toxosalvaxe,10
bsmyaozi,10
gerillacat,10
loratnar,10
rakoonmavem,10
supersilly64,10
lythlune,10
keshunya,10
snotty_(artist),10
zicixe,10
tanukichaos,10
longbit_0,10
kennymlgb25,10
ddbsandstormm,10
cxnt_animate,10
paye_nappeule,10
fishforrii,10
buttholemagick,10
dev4ik,10
jellybugeater,10
kudoliya,10
mags-niac,10
elhaz,10
blubberbuck,10
aguywhodraws,10
wentthefox,10
type_09,10
vayu,10
brot-dae,10
bere_nsfw,10
deeeems,10
geroleroo,10
vibefoxx,10
manu_usi,10
falltune,10
unkommokn,10
toastd,10
pheroviran,10
novaplexy,10
willowmoff,10
ryothehuskyy,10
badname_(artist),10
astrodaemon,10
angeliclust,10
abysstheposs,10
srfrosho,10
e_milking,10
mugen_(artist),10
sivacafterdark,10
gibberishpie,10
ma_chan_dazo,10
codlam,10
freakwess,10
