mammal,3772483
canid,1463068
canine,1416677
canis,779316
felid,777550
scalie,712694
mythological_creature,703592
pokemon_(species),566893
feline,505258
humanoid,498582
equid,441710
equine,422791
fox,416832
human,414394
mythological_scalie,400426
dragon,399145
domestic_dog,391420
wolf,361535
felis,335279
domestic_cat,327957
lagomorph,308896
reptile,279969
leporid,272401
rabbit,265036
pantherine,225230
mythological_equine,219110
bovid,217271
horse,216441
avian,213186
hybrid,185007
rodent,167264
animal_humanoid,164922
generation_1_pokemon,161967
marine,158258
bird,156410
bear,146941
pony,133071
demon,132670
caprine,130318
unicorn,121995
generation_4_pokemon,119234
mammal_humanoid,107200
true_fox,98567
tiger,97233
generation_3_pokemon,92938
deer,92601
fish,92145
murid,91379
arthropod,91114
murine,90311
alien,86341
generation_2_pokemon,83972
robot,81519
mustelid,81077
eeveelution,81069
generation_6_pokemon,81047
bovine,79038
pegasus,77093
prehistoric_species,73359
lion,73004
earth_pony,71541
generation_5_pokemon,71160
goat,66811
bat,65661
digimon_(species),65252
mythological_canine,63904
shark,63113
legendary_pokemon,63090
spitz,60861
lizard,60855
red_fox,59006
dinosaur,56739
snake,56166
generation_7_pokemon,56028
eulipotyphlan,55351
mouse,54341
hedgehog,52808
procyonid,52774
hyena,52115
marsupial,51899
western_dragon,51773
pastoral_dog,50442
raccoon,50427
insect,49784
cattle,49752
herding_dog,49425
monster,48946
winged_unicorn,48653
werecreature,45768
nordic_sled_dog,44230
sciurid,44106
felid_humanoid,41605
werecanid,40937
generation_8_pokemon,40225
sheep,39349
husky,39055
musteline,38339
furred_scalie,37776
otter,37677
crocodilian,37196
elemental_creature,37015
feline_humanoid,37010
rat,36607
furred_dragon,36065
mythological_avian,34689
cat_humanoid,33703
werecanine,33531
lucario,33425
ursine,33367
hunting_dog,33269
mephitid,33245
canid_demon,32796
skunk,32769
canid_humanoid,32320
werewolf,32039
hellhound,31383
canine_humanoid,30821
kobold,30362
theropod,30053
fennec_fox,29930
primate,29909
ailurid,29522
animatronic,29509
suine,29166
red_panda,29060
renamon,28967
horned_humanoid,28039
flora_fauna,27928
tree_squirrel,27870
suid,27475
animate_inanimate,27177
jackal,26516
snow_leopard,26459
gryphon,26432
sus_(pig),26375
raccoon_dog,25586
lynx,25393
amphibian,25372
shiny_pokemon,25183
goo_creature,25127
spotted_hyena,24979
tanuki,24970
giant_panda,24824
unknown_species,24167
mollusk,23903
boss_monster_(undertale),23694
imp,23679
elf,23478
spirit,23476
cheetah,22798
galliform,22588
new_world_deer,22533
phasianid,22460
passerine,22389
oscine,22270
german_shepherd,21674
macropod,21561
gardevoir,21271
true_musteline,21263
haplorhine,21097
umbreon,20793
taur,20733
generation_9_pokemon,20424
koopa,19923
pikachu,19700
eevee,19675
kangaroo,19521
ghost,19207
polar_bear,18714
crocodile,18402
bird_dog,18219
leopard,18073
owl,17581
zebra,17552
coyote,17548
toy_dog,17491
gallus_(genus),17397
marine_humanoid,17352
chicken,17340
alien_humanoid,17302
cephalopod,17147
weasel,17108
sylveon,17093
cetacean,16913
sheepdog,16874
demon_humanoid,16805
undead,16619
eastern_dragon,16572
fox_humanoid,16435
alligatorid,16332
corvid,16243
lopunny,16157
reindeer,16147
vaporeon,15947
arachnid,15761
alligator,15751
regional_form_(pokemon),15564
pinscher,15496
dobermann,15377
sergal,15105
toothed_whale,15061
deity,14897
lepidopteran,14885
changeling,14700
dolphin,14694
yordle,14651
monkey,14533
braixen,14464
dromaeosaurid,14259
domestic_pig,14117
wingless_dragon,13916
accipitriform,13866
goblin,13692
hymenopteran,13601
oceanic_dolphin,13553
glaceon,13539
draconcopode,13527
american_opossum,13293
shih_tzu,13110
ambiguous_species,13085
house_mouse,13050
cyborg,13013
retriever,12959
wild_boar,12696
android,12581
zoroark,12546
spider,12424
molosser,12415
collie,11923
frog,11814
ornithischian,11755
charizard,11716
mammal_taur,11625
dalmatian,11574
asinus,11549
accipitrid,11434
experiment_(lilo_and_stitch),11431
donkey,11378
bandicoot,11375
ground_squirrel,11246
anubian_jackal,11047
mega_evolution,10923
arctic_fox,10881
badger,10869
protogen,10814
lagomorph_humanoid,10779
antelope,10760
bovid_humanoid,10639
chipmunk,10614
arcanine,10570
anseriform,10517
anatid,10492
elemental_humanoid,10363
cervine,10333
robot_humanoid,10308
chimera,10204
orca,10059
shiba_inu,10006
mollusk_humanoid,9994
cougar,9953
lycanroc,9923
corvus_(genus),9914
feathered_scalie,9903
espeon,9818
saber-toothed_tiger,9606
giraffid,9523
angel,9477
bee,9474
cobra,9472
leporid_humanoid,9413
cephalopod_humanoid,9362
cinderace,9340
food_creature,9320
rabbit_humanoid,9279
border_collie,9197
yokai,9157
oryctolagus,9124
monotreme,9010
calico_cat,9008
tailed_humanoid,8841
orc,8818
bat_pony,8785
proboscidean,8738
duck,8730
domestic_ferret,8681
dragon_humanoid,8595
turtle,8588
hylian,8578
blaziken,8551
elephantid,8521
domestic_sheep,8448
worgen,8349
brown_bear,8311
leafeon,8161
goodra,8148
vampire,8121
wyvern,8071
elephant,8046
giraffe,8024
lugia,7999
echidna,7991
tyrannosauroid,7955
jolteon,7882
naga,7860
tyrannosaurid,7851
moth,7826
lombax,7690
eagle,7685
tyrannosaurus,7681
alolan_form,7639
bovine_humanoid,7572
zangoose,7539
mastiff,7496
flareon,7490
meowscarada,7436
tyrannosaurus_rex,7419
plant_humanoid,7414
ape,7387
absol,7376
crow,7228
velociraptor,7211
arthropod_humanoid,7200
merfolk,7136
typhlosion,7050
maned_wolf,7006
salamander,6927
golden_retriever,6917
yoshi,6892
living_machine,6822
inkling,6817
winged_humanoid,6784
domestic_rabbit,6782
midnight_lycanroc,6775
scalie_humanoid,6755
rhinoceros,6745
pinniped,6718
delphox,6613
fairy,6612
riolu,6576
raichu,6556
sighthound,6501
cattle_humanoid,6392
twili,6368
gulonine,6368
khajiit,6353
minotaur,6336
argonian,6293
darkner,6292
wolf_humanoid,6290
gastropod,6229
incineroar,6192
hare,6189
welsh_corgi,6160
living_inflatable,6127
coleoid,6095
mewtwo,6090
humanoid_taur,6056
animated_skeleton,5999
hisuian_form,5969
gazelle,5924
virginia_opossum,5915
pterosaur,5909
fish_humanoid,5870
poodle,5846
ceratopsian,5839
labrador,5811
butterfly,5801
aquatic_dragon,5706
striped_skunk,5695
flying_wyvern,5651
african_wild_dog,5635
parrot,5630
pal_(species),5613
strepsirrhine,5600
rito,5569
succubus,5525
lemur,5520
tabby_cat,5509
keidran,5498
waddling_head,5440
mew_(pokemon),5418
equid_taur,5393
pandaren,5370
jaguar,5331
camelid,5312
guilmon,5237
siamese,5236
herpestid,5202
feathered_dragon,5193
lamia,5154
living_vehicle,5151
jackalope,5083
avali,5055
salazzle,5054
chameleon,5043
penguin,5014
cattledog,4990
striped_hyena,4976
object_head,4968
pterodactylus,4956
rodent_humanoid,4932
australian_cattle_dog,4922
owl_demon,4904
vulpix,4894
robot_anthro,4888
luxray,4869
tentacle_creature,4843
caprine_demon,4834
kaiju,4805
sangheili,4761
living_plushie,4736
spaniel,4728
tauren,4704
cricetid,4607
grizzly_bear,4606
wolfdog,4601
dog_humanoid,4589
centaur,4503
gargoyle,4432
scent_hound,4408
zeraora,4407
beaver,4395
gorilla,4384
jay_(bird),4313
latias,4291
marten,4223
hamster,4208
new_world_jay,4202
buizel,4191
zorua,4167
mink,4165
draconequus,4162
xenarthran,4152
goat_demon,4143
octarian,4142
octoling,4123
mountain_dog,4096
greninja,4092
monstrous_humanoid,4084
reshiram,4076
malo,4072
quilava,4071
ambient_arthropod,4055
xenomorph,4054
zombie,4052
ninetales,4032
species_request,4026
blue_jay,4024
fury_(httyd),4015
genie,4013
snivy,3999
octopodiform,3991
crustacean,3963
terrier,3958
ornithopod,3948
dingo,3946
feathered_dinosaur,3946
living_aircraft,3943
mienshao,3939
hippopotamid,3928
avian_humanoid,3923
serperior,3916
draenei,3889
weavile,3875
triceratops,3859
mixed_breed,3851
gengar,3847
hadrosaurid,3837
hairless_cat,3781
charr,3771
gecko,3761
kirlia,3744
common_hippopotamus,3743
deathclaw,3710
rottweiler,3708
shinx,3648
scorbunny,3622
european_hedgehog,3615
tuxedo_cat,3581
symbiote,3567
slugcat,3564
lizardman,3550
grey_squirrel,3525
parasaurolophus,3511
sprigatito,3498
night_fury,3491
turian,3488
cyclops,3481
floatzel,3471
reptile_humanoid,3442
sphynx_(cat),3441
miqo'te,3429
living_latex,3412
slug,3385
green_yoshi,3383
alolan_vulpix,3375
gatomon,3366
mole_salamander,3357
charmander,3353
serval,3329
satyr,3292
beetle,3285
true_parrot,3280
insect_humanoid,3275
axolotl,3264
oni,3262
ambient_insect,3251
alaskan_malamute,3250
mineral_fauna,3249
elder_dragon,3241
rexouium,3235
equid_humanoid,3192
mightyena,3186
charmeleon,3182
goo_humanoid,3178
fox_spirit,3178
dragonite,3174
primarina,3173
garchomp,3168
fennekin,3168
australian_shepherd,3167
tem,3155
draft_horse,3152
red_deer,3121
stoat,3108
arachnid_humanoid,3098
requiem_shark,3067
scolipede,3057
ampharos,3056
kirin,3049
afrosoricid,3039
tenrec,3026
caracal_(genus),3004
falconid,2957
shaymin,2945
echinoderm,2940
raven,2939
mythological_bird,2934
caracal,2909
impmon,2908
dasyuromorph,2895
fossil_pokemon,2886
mythological_firebird,2853
pichu,2845
falcon,2838
monitor_lizard,2830
viper,2814
peafowl,2803
harpy,2780
hippogriff,2780
akita,2764
lynian,2762
flygon,2758
houndoom,2755
dwarf_rabbit,2741
caninu,2733
flower_creature,2721
moose,2707
aircraft_humanoid,2692
gnoll,2691
synth_(vader-san),2688
saluki,2683
living_clothing,2681
meowth,2678
felyne,2673
thyreophoran,2663
equine_humanoid,2662
malacostracan,2642
felkin,2619
nargacuga,2605
spider_humanoid,2604
vulpera,2602
sea_eagle,2599
ultra_beast,2598
vessel_(species),2597
caprine_humanoid,2579
beagle,2577
paradox_pokemon,2577
inteleon,2571
mongoose,2564
pantherine_humanoid,2561
sciurid_humanoid,2560
ambient_flier,2549
asterozoan,2542
arctic_wolf,2535
spinosaurid,2518
fanged_wyvern,2506
vombatiform,2500
cnidarian,2498
bald_eagle,2489
meowstic,2481
chinchillid,2481
audino,2478
skaven,2471
recently_extinct_species,2462
starfish,2458
alpaca,2454
columbid,2453
nidoqueen,2439
seal,2422
phoenix,2416
mawile,2411
feraligatr,2410
samoyed,2394
dragonborn_(dnd),2394
eldritch_abomination,2384
narehate,2383
duel_monster,2364
samurott,2363
flamedramon,2349
tree_squirrel_humanoid,2349
lop_rabbit,2348
sauropodomorph,2331
night_elf,2330
european_rabbit,2324
sky_forme_shaymin,2323
decapod,2321
pilosan,2320
fluffy_pony_(species),2320
meerkat,2317
veemon,2317
ambient_bird,2311
dewott,2310
latios,2306
sauropod,2305
machoke,2302
chinchilla,2299
eastern_grey_squirrel,2281
komodo_dragon,2279
cocker_spaniel,2270
burmecian,2268
leopardus,2268
great_dane,2263
furret,2262
digital_creature,2260
megabat,2253
octopus,2246
borzoi,2242
zora,2239
pomeranian,2232
black_bear,2220
decapodiform,2214
white-tailed_deer,2208
bulbasaur,2194
brown_rat,2184
ring-tailed_lemur,2155
koala,2125
silver_fox,2124
boo_(mario),2120
cape_buffalo,2116
porcupine,2110
living_candy,2109
mantis,2106
tiger_shark,2106
true_owl,2102
hisuian_typhlosion,2096
guardian_spirit,2095
neotropical_parrot,2094
lari,2087
stegosaurian,2084
koopa_troopa,2074
viverrid,2068
noivern,2061
pit_bull,2060
wolverine,2058
dragonair,2052
llama,2051
piranha_plant,2036
ambient_sealife,2016
fly_(animal),1998
stegosaurus,1996
basitin,1992
hydra,1991
mega_lopunny,1991
murid_humanoid,1990
mackerel_shark,1989
swiss_mountain_dog,1982
murine_humanoid,1980
caviid,1973
milotic,1970
felineko,1965
scrafty,1953
mythological_sphinx,1953
hirundinid,1947
living_fruit,1942
canid_taur,1935
bernese_mountain_dog,1933
ocelot,1924
midday_lycanroc,1911
lapras,1910
pine_marten,1900
swallow_(bird),1900
suicune,1886
grovyle,1879
python,1878
vulture,1877
worm,1872
canine_taur,1863
troll_(mythology),1849
blood_elf,1842
shadow_creature,1842
galarian_form,1836
armadillo,1833
fungi_fauna,1827
chao_(sonic),1827
smeargle,1819
ancient_pokemon,1811
siberian_husky,1810
hybrid_pokemon,1810
angel_humanoid,1807
macaw,1799
ant,1796
mudkip,1794
dipodid,1794
living_doll,1789
faun_(spyro),1781
jerboa,1776
sneasel,1769
palico,1769
inanimate_object,1768
eurasian_red_squirrel,1768
nimbat,1760
crab,1758
baryonyx,1755
cerberus,1754
felid_taur,1754
nidoking,1751
jirachi,1749
microbat,1749
raboot,1747
emolga,1745
wasp,1742
totodile,1742
horned_owl,1732
cypriniform,1721
maine_coon,1711
poochyena,1711
iguanid,1706
ditto_(pokemon),1704
cyprinid,1695
salandit,1694
river_otter,1693
anserinae,1691
gabumon,1686
wereeulipotyphlan,1685
pheromosa,1681
snail,1680
holstein_friesian_cattle,1679
red_wolf,1676
yangochiropteran,1676
werehog,1674
iguana,1670
thiren,1660
zebstrika,1659
foo_dog,1644
litten,1644
kig-yar,1643
wendigo,1640
hypno_(pokemon),1639
moogle,1636
growlithe,1636
rabbid,1623
pit_viper,1620
winged_dragon,1616
fire_creature,1616
bull_terrier,1613
decidueye,1613
animal_head,1601
skulldog_(species),1598
rockruff,1586
thylacine,1585
leviathan_(mh),1584
latex_creature,1582
liger,1574
kaka_(blazblue),1570
minkmen_(one_piece),1569
snorlax,1568
larid,1567
inkblot,1548
nidorina,1547
leaf-nosed_bat,1538
gull,1536
wallaby,1535
sharpclaw_(star_fox),1533
true_antelope,1524
yveltal,1520
clouded_leopard,1513
bird_humanoid,1513
bird_wyvern,1511
pigeon,1508
chihuahua,1507
rattata,1506
rath_wyvern,1504
northwestern_wolf,1499
hisuian_zoroark,1494
giratina,1484
neopet_(species),1481
arbok,1473
miltank,1471
troll_(homestuck),1467
mummy,1466
kremling,1461
bobcat,1459
turkey,1452
hrothgar,1449
zonai,1447
aggron,1434
mouse_humanoid,1431
obstagoon,1427
capybara,1426
au_ra,1426
chocobo,1422
myriapod,1411
food_humanoid,1411
rattlesnake,1409
asari,1407
mimic,1407
gammamon,1400
pachirisu,1399
dark_elf,1399
pokemon_humanoid,1396
mimiga,1392
krogan,1381
chespin,1377
hatterene,1374
alolan_ninetales,1372
tiger_humanoid,1371
mega_charizard,1365
floragato,1360
gerudo,1351
exveemon,1347
wickerbeast,1347
yinglet,1340
gallade,1339
mega_absol,1339
snake_humanoid,1338
cockatoo,1334
arceus,1328
lovander,1318
deer_taur,1312
secretary_bird,1309
shark_humanoid,1309
mismagius,1304
leomon,1304
mole_(animal),1303
eel,1302
arthropod_taur,1299
minun,1294
squirtle,1291
sceptile,1277
dusk_lycanroc,1273
ogre,1272
tiefling,1263
swampert,1262
walrus,1261
oshawott,1260
ambient_butterfly,1260
white_shark,1259
yautja,1258
cybertronian,1258
tenno,1257
mimikyu,1256
thrush_(bird),1256
cross_fox,1243
angoramon,1241
newt,1240
zekrom,1237
quirked_human_(my_hero_academia),1233
seviper,1231
komainu,1231
urocyon,1225
toxtricity,1224
luxio,1215
plusle,1214
mega_lucario,1212
medusozoan,1211
nickit,1209
aquilops,1209
bengal_tiger,1208
aquatic_gastropod,1206
kong,1190
sandslash,1189
nekomata,1186
toucan,1185
breegull,1185
goomba,1178
bassariscus,1177
grazing_antelope,1173
clydesdale,1172
minccino,1170
sheep_humanoid,1170
screen_head,1168
torracat,1167
x-digimon,1165
wood_mouse,1165
sableye,1161
sloth,1157
skitty,1152
bluebird,1151
blastoise,1146
dasyurid,1143
carp,1137
meloetta,1135
bayleef,1132
asura,1131
red_pandaren,1130
ambient_firefly,1123
viper_(x-com),1122
celebi,1121
birdo,1121
wartortle,1120
basset_hound,1120
old_world_vulture,1119
corsac_fox,1118
solarian,1118
old_world_monkey,1110
weregarurumon,1109
zinogre,1107
wooloo,1102
anthozoan,1098
vampire_bat,1092
oryx,1089
haunter,1087
victini,1087
grey_fox,1084
shadow_pokemon,1083
toad_(frog),1079
patamon,1078
sea_slug,1078
swan,1073
arachnid_taur,1071
magpie_(corvid),1070
viera,1069
gomamon,1065
koraidon,1064
ray_(fish),1061
quarian,1060
snowy_owl,1058
infernape,1055
wildcat,1055
fox_taur,1051
shyguy,1050
blattodea,1048
wargreymon,1047
lizard_humanoid,1044
tyranitar,1043
machamp,1042
enderman,1042
gummy_creature,1042
banette,1041
jellyfish,1040
maractus,1039
bulldog,1037
sloth_bear,1035
classical_unicorn,1033
space_dragon_(metroid),1033
pelecaniform,1033
jigglypuff,1031
anteater,1031
cryptid,1029
chikorita,1025
ralts,1024
nardoragon,1022
philippine_eagle,1020
sneasler,1019
flaaffy,1018
flamingo,1017
alolan_raichu,1015
living_pinata,1013
future_pokemon,1012
dire_machine,1008
netherland_dwarf_rabbit,1003
buneary,1001
pangoro,999
werefox,998
livestock_guardian_dog,998
beta_pokemon_(species),994
dire_wolf,992
utahraptor,992
furred_kobold,988
chillet,986
small_molosser,985
taomon,982
shadow_siren,982
parakeet,978
platypus,975
faun,975
light_fury,975
jex,973
ender_dragon,973
typical_carp,972
amur_carp,972
living_sex_doll,971
american_black_bear,970
tytonid,968
koi,967
mudsdale,965
brionne,965
treecko,963
spider_taur,962
furfrou,959
agamid,959
terriermon,958
goat_humanoid,958
tyto,958
ivysaur,957
night_stalker_(fallout),957
rock_creature,954
meloetta_(aria_form),952
aardwolf,948
okapi,947
saint_bernard,947
whimsicott,942
agumon,941
alolan_meowth,941
cyndaquil,940
tabaxi,938
rapidash,938
ursid_humanoid,938
roserade,937
creeper_(minecraft),935
great_white_shark,933
sea_sponge,932
barn_owl,931
mizutsune,930
highland_cattle,929
dire_vehicle,927
alpha_pokemon,927
patchwork_creature,925
pan_(genus),924
cubone,923
spix's_macaw,923
diplodocid,920
sphere_creature,920
majin,919
cockroach,918
gem_(species),913
mega_charizard_x,910
horse_humanoid,909
nightwing_(wof),909
living_toy,908
popplio,905
blin_(tloz),905
shadow_lugia,904
whale,904
flemish_giant,903
bison,902
witch_(the_owl_house),902
octopus_humanoid,897
rayquaza,896
nergigante,896
altered_forme_giratina,896
cavalier_king_charles_spaniel,894
flesh_creature,894
annelid,893
rillaboom,893
chakat,892
tanuki_humanoid,892
lepidopteran_humanoid,891
jack_russell_terrier,889
irken,888
avian_demon,888
rotom,886
rough_collie,884
carpet_shark,883
hisuian_zorua,882
boa_(snake),879
mule_deer,876
sable_(marten),872
sobble,871
penis_creature,870
pangolin,868
coral,868
twi'lek,868
elk,866
apex_build_koraidon,863
rathalos,862
dwarf,858
symbareangoramon,858
dorumon,856
mega_gardevoir,856
allosaurid,854
cardinal_(bird),851
chesnaught,850
sunflower_(pvz),848
tv_head,843
equine_taur,837
amped_toxtricity,836
tepig,835
afghan_hound,835
ecaflip,834
honey_badger,834
water_creature,834
spinda,832
tsareena,832
euplerid,826
ursaring,825
yak,825
piplup,823
t'vaoan,820
chimpanzee,817
diamond_dog_(mlp),817
procyonid_humanoid,814
aardvark,810
ottsel,810
nidoran,809
toad_(mario),806
urshifu,806
hairless_dog,805
raccoon_humanoid,804
domestic_goat,803
koopa_humanoid,800
hymenopteran_humanoid,800
elapid_(snake),800
fungi_humanoid,798
tasmanian_devil,797
thomson's_gazelle,797
allosaurus,796
brute_wyvern,796
scaled_dragon,795
manta_ray,794
dachshund,791
pomsky,791
catfish,790
behemoth_(final_fantasy),788
squid_humanoid,785
eastern_bluebird,784
kecleon,782
demigod,782
liepard,782
genet,780
flower_humanoid,780
boinae,778
omnic,776
true_eagle,776
ho-oh,773
angel_dragon,773
gorgon,770
puwa,769
lilligant,767
mygalomorph,767
tarantula,766
chow_chow,765
rainicorn,765
darkrai,764
lizardman_(overlord),762
caitian,761
froslass,761
hydreigon,760
dragonfly,759
betelgeusian,759
mackerel_tabby,759
linoone,754
ratite,754
king_cheetah,751
blue_yoshi,750
dilophosaurid,750
larvitar,749
rathian,749
purrloin,749
mimic_chest,748
zacian,748
primate_humanoid,747
black-backed_jackal,746
spinosaurus,745
persian_(pokemon),745
critters_(poppy_playtime),745
golden_eagle,744
amphibian_humanoid,744
skink,743
air_creature,743
venusaur,741
lurantis,741
werefelid,740
dilophosaurus,739
emboar,734
gaomon,733
mamagen,732
lizard_(rain_world),732
chua,731
deer_humanoid,728
cactus_creature,728
dullahan,724
tailed_beast,724
quaquaval,721
gruiform,720
prionailurus,718
marble_fox,716
mexican_wolf,716
siren,713
russian_blue,713
peashooter_(pvz),713
titan_(the_owl_house),713
fossa,712
laquine,712
ring-tailed_cat,711
bamfear,710
bearded_vulture,709
persian_cat,707
warthog,706
leavanny,704
zebroid,704
slowpoke,703
manticore,699
wingless_bat,698
tinkaton,698
pancham,697
cucujoid,697
ambient_fish,695
elateroid,694
moth_humanoid,693
articuno,691
scorpion,690
girafarig,690
ladybug,689
groudon,686
jackal_humanoid,686
solgaleo,686
cell_(organism),686
mythological_marine,685
micro_organism_(organism),684
miraidon,684
houndour,683
new_world_monkey,682
lepi,682
pink_yoshi,681
canada_lynx,681
flying_squirrel,678
muk,677
tobi-kadachi,677
land_forme_shaymin,677
cheshire_cat_(species),677
smilodon,675
salamence,675
meganium,673
slime_(blob),673
crane_(bird),671
akita_inu,670
bighorn_sheep,669
chain_chomp,669
mineral_humanoid,669
gulusgammamon,668
civet,667
gastly,667
goo_dragon,667
na'vi,664
leopard_cat,664
feathered_snake,664
shrimp,663
torchic,663
finch,661
firefly,659
mule,657
rhydon,655
deerling,651
kangaskhan,648
moon_bear,648
meles,647
keldeo,646
bat_humanoid,645
stingray,638
mienfoo,638
saiyan,637
servine,637
gazimon,636
dire_aircraft,635
pidgeot,632
dragon_taur,632
purugly,630
espurr,630
camel,629
palkia,629
roswell_grey,628
cuculiform,623
whale_shark,622
beast_(bloodborne),622
colubrid,622
lizardman_(warhammer),622
growlmon,620
mesprit,620
joltik,620
sandwing_(wof),619
mega_charizard_y,616
lion_humanoid,616
furred_shark,615
zeti,614
dialga,613
reformed_changeling,613
delcatty,611
monkey_humanoid,610
wigglytuff,609
python_(genus),609
gourgeist,607
galarian_ponyta,607
kulve_taroth,606
sandshrew,605
icewing_(wof),605
bow_experiment_(resident_evil),604
giant_pacific_octopus,604
ground_shark,603
hoopa,600
silvally,599
ruuhtian_(kig-yar),599
gigantamax_pokemon,596
ambient_crustacean,596
goose,595
wolpertinger,595
dhole,594
haxorus,594
low_key_toxtricity,591
ambient_bat,590
fallen_angel,589
salmonid_(fish),588
american_shorthair,586
zubat,586
bokoblin,586
alcremie,586
anglerfish,585
kyogre,584
dracthyr,584
gargomon,583
dryad,582
canyne,582
beedrill,581
salmonid_(splatoon),580
palamute,580
zigzagoon,578
gothitelle,578
centipede,577
cockapoo,576
rowlet,576
croconaw,575
cherub,574
breloom,574
biomechanical,574
iradeon,574
mythological_carbuncle,574
mind_flayer,573
tyrantrum,572
domestic_duck,569
ultimate_mode_miraidon,568
red_arremer,566
carcharhinus,565
living_cloud,565
new_world_ground_cuckoo,563
togruta,561
primitive_dog,561
roadrunner,560
abra,560
rainwing_(wof),560
single_strike_style_urshifu,560
hobkin,560
dragon_(dnd),559
cockatiel,558
ragdoll_cat,555
magikoopa,554
lontra,554
kubold_(atlyss),554
mustelid_humanoid,553
sun_bear,552
north_american_river_otter,549
picid,549
badnik,547
rat_humanoid,547
crux,546
egyptian_mau,546
grookey,546
drizzile,545
drekir,543
cinccino,542
lampropeltini,542
ventrexian,541
magnemite,540
brachiosaurid,539
guinea_pig,538
microraptor,538
bee_humanoid,538
flying_fox,537
legged_snake,534
deinonychus,533
indominus_rex,533
goldfish,532
anaconda,532
characiform,531
skuntank,530
stand_(jjba),529
glameow,528
woodpecker,527
caterpillar,526
couatl,526
bovid_taur,526
mythological_golem,526
betelgammamon,525
australian_possum,524
yeti,522
ambient_crab,522
froakie,521
serrasalmid,521
tibetan_mountain_dog,521
cacomistle,519
tortoise,519
virizion,519
drowzee,518
enfield,518
mega_banette,518
tatzlpony,518
japanese_kobold,518
arachne,517
nevrean,517
orthopterid,517
magikarp,516
piranha_(fish),516
syngnathiform,515
indeedee,515
hyenid_(species),515
acrador,513
fruit_humanoid,513
brachiosaurus,512
nidoran♀,511
avian_(starbound),510
heteromyid,508
uxie,507
sea_monster,507
cocotama,507
cyan_yoshi,507
eldritch_being,507
squid,506
marshtomp,506
xenomorph_queen,506
dutch_angel_dragon,505
manectric,503
alcid,503
mythological_fox,503
sea_otter,502
mega_mewtwo,502
troodontid,502
psyduck,501
biyomon,500
honey_bee,500
syngnathid,500
medicham,498
ankylosaurian,498
mushroom_humanoid,498
pug,497
peregrine_falcon,496
seawing_(wof),496
ekans,495
togekiss,495
weredog,495
lunala,495
dipodomyine,495
osprey,494
florges,494
zonkey,493
frog_humanoid,493
katress,493
xerneas,492
zerg,490
blackwargreymon,490
elemental_dragon,490
butterfree,489
tigrex,488
scyther,487
abelisaurid,486
grumpus,486
european_badger,485
wooper,484
frilled_lizard,483
origin_forme_giratina,483
primatius,483
sparrow,482
troodon,482
eublepharid,480
azumarill,478
pantherine_taur,478
jellymon,478
diglett,475
fire_humanoid,474
seikret,474
nokuri,473
water_deer,473
monodontid,473
seahorse,472
living_costume,472
misdreavus,471
sea_lion,471
robot_feral,471
apatosaurus,469
salmon,467
tapir,467
empoleon,467
mammoth,467
gremlin_(spiral_knights),466
scavenger_(rain_world),466
dodo,465
abyssal_wolf,465
bangaa,463
pooka,463
carnotaurus,462
nu_mou,461
clefable,461
apodiform,461
red_kangaroo,460
gastropod_humanoid,460
gnome,459
dove,459
boston_terrier,459
krookodile,459
mega_mewtwo_y,458
natural_furfrou,456
shoutmon,455
abyssinian_cat,455
hummingbird,454
sawsbuck,454
kweltikwan,453
dall_sheep,453
hereford_cattle,453
cactus_humanoid,453
martian,449
spiral-horned_antelope,449
heliolisk,449
corviknight,448
roselia,447
pikmin_(species),447
old_english_sheepdog,445
teddiursa,443
bottlenose_dolphin,443
crowned_sword_zacian,443
grus_(genus),442
metroid_(species),441
swatchling,439
tauros,438
puffin,438
rat_snake,437
floran,436
marowak,435
petaurid,435
bat-eared_fox,434
short-faced_bear,434
hammerhead_shark,433
lalafell,433
draph,433
gungan,432
hoopa_(confined),431
displacer_beast,430
mega_ampharos,430
spectacled_bear,430
living_mask,430
murkrow,429
hisuian_samurott,429
strawberry_sweet_alcremie,429
scizor,428
setter,428
fish-men_(one_piece),428
ankylosaurid,428
otolla_gungan,428
cecaelia,427
faraden,427
eurasian_lynx,427
armorless_protogen,427
bobtail_cat,426
skywing_(wof),425
sugar_glider,424
dratini,424
silver_dragon,424
keldeo_(ordinary_form),423
highmountain_tauren,422
kappa,421
nudibranch,421
mareep,419
jakkai,419
cnidarian_humanoid,419
ara_(genus),419
manaphy,418
pronghorn,418
seedrian,418
ctarl-ctarl,417
lagiacrus,417
corn_snake,417
brown_hyena,416
gabite,416
pignite,415
will-o'-the-wisp,414
blade_(xenoblade),414
nymph,413
unown_(pokemon),413
lemurian,412
treant,411
musteline_humanoid,411
longma,410
tetramand,410
assimilative_feline,410
paper_creature,409
canary,408
vespid,408
marshadow,407
xerneas_(active_mode),407
plesiosaur,406
aurorus,406
spotted_skunk,405
palmon,405
siberian_tiger,405
litwick,405
venlil_(the_nature_of_predators),405
pixie,404
dorukolorukalai,404
devilchild,404
chaos_daemon,404
azelf,403
ibex,402
dusknoir,402
tentacruel,402
chuki,401
robloxian,401
mal0_(species),401
kelpie,400
ostrich,399
leopard_gecko,399
lopmon,399
reef_shark,397
wolf_taur,397
araneomorph,397
chameleon_humanoid,396
zamazenta,396
entei,395
altaria,394
clefairy,394
caterpie,393
red_yoshi,393
facehugger,392
living_bomb,392
pteranodontid,391
binturong,390
krokorok,390
drow,389
compsognathus,389
living_weapon,389
werefeline,389
compsognathid,389
kommo-o,388
galarian_rapidash,388
farigiraf,388
fuecoco,387
leviathan,386
piglin,386
wolf_(minecraft),385
atelid,385
sea_serpent,383
frieza_race,383
skull_dog,382
indian_python,382
hisuian_growlithe,382
heartless,381
lich,381
sand_cat,381
elkhound,381
poison_dart_frog,380
toa,380
cat_demon,380
steenee,380
scarabaeid,379
poon_(atlyss),379
jiangshi,378
candy_people_(at),378
air_humanoid,378
waddle_dee,377
keronian,377
coati,376
leopard_seal,375
mega_mawile,375
xoloitzcuintli,375
citra,373
pteranodon,373
fakeveelution,373
true_buffalo,372
nidoran♂,371
goomy,371
quaxly,371
novabeast,371
muppet,369
zygarde,369
european_polecat,369
assaultron_(fallout),369
indoraptor,369
thresher_shark,367
ice_dragon,367
synx,365
oddish,365
irish_setter,365
nihallaks_(species),365
yamper,365
machop,364
ankylosaurus,364
king_cobra,364
living_balloon,364
dabbling_duck,363
neco_spirit,363
eliksni,361
ramphastos,361
harpy_eagle,360
dedenne,360
girdled_lizard,360
disassembly_drone,360
ambient_fly,359
yellow_yoshi,358
vanilla_cream_alcremie,358
slowbro,356
jynx,356
delibird,356
werecat,356
timberwolf_(mlp),356
sperm_whale,355
passimian,355
faunus,354
set_(species),354
chinese_crested_dog,353
moltres,353
loch_ness_monster,353
seraph_(angel),353
rito_humanoid,353
short-beaked_echidna,353
gyarados,352
quagsire,352
volcarona,352
cervine_taur,352
vastaya,351
saber-toothed_squirrel,351
tengu,349
star_sprite,349
kishu_inu,349
blacktip_reef_shark,349
plant_monster,349
golden_jackal,348
hakamo-o,348
alakazam,347
braviary,347
anas,347
skink_(warhammer_fantasy),347
purple_yoshi,346
bob-omb,345
malinois_dog,345
lamarian,345
pine_squirrel,344
maggot,343
demon_dragon,343
void_monster,343
raikou,342
helioptile,342
orc_(dragon_quest),342
living_car,342
kangaroo_rat,341
hammer_bro,341
lynel,341
kit_fox,340
zapdos,340
octillery,340
moblin,340
robin_(bird),340
werepantherine,340
water_buffalo,339
nidorino,339
sentret,339
greymon,339
mallard,339
cramorant,339
gemsbok,338
leech,338
celestial_being,338
quoll,337
kadabra,337
catfolk,337
tailclops_(species),337
bellossom,336
weasel_humanoid,336
holarctic_magpie,336
fyre_fox,336
gliscor,335
gyroid,335
chickenhawk,335
beluga,334
feline_taur,334
bellabot,334
ronso,333
kumiho,333
dewgong,332
shape_head,332
barioth,331
diancie,331
iksar,330
ambient_starfish,330
kaisura,329
chatot,329
dracony,329
bovine_taur,329
slug_humanoid,329
somali_cat,328
oriental_shorthair,328
imp_(doom),328
mithra,327
lickitung,327
archeops,327
fennec_humanoid,327
buteo,327
marill,326
diaper_creature,326
ponyta,325
pyroar,325
bivalve,323
kermode_bear,323
nine-banded_armadillo,323
ogerpon,323
shrew,322
hawlucha,322
gieeg,322
mudwing_(wof),322
cloud_humanoid,322
lizard_(divinity),321
dragapult,321
fox_(minecraft),321
vespiquen,320
kyurem,320
deino,320
honduran_white_bat,320
meicrackmon,320
medusozoan_humanoid,320
procellariiform,320
iterator_(rain_world),320
baboon,319
staraptor,319
crystal_pony_(mlp),319
ribombee,319
jellyfish_humanoid,319
bidoof,318
hylotl,317
kineceleran,317
living_pool_toy,317
pidgey,316
bloodhound,316
cofagrigus,316
gumdramon,316
rinrin_(pokemon_gold_beta),316
lobster,315
oozaru,315
american_badger,314
greyhound,313
panthera,313
lihzahrd,313
papillon,312
noibat,311
chupadore,311
felidae,310
ariados,310
wingull,310
swellow,310
infected_(species),310
golduck,309
pumpkaboo,309
stoat_humanoid,309
maxillopod,309
dormouse,308
chimchar,308
ethiopian_wolf,308
teddy_bear_(species),308
velkhana,308
three-toed_sloth,307
eye_creature,307
ivalician_moogle,307
carcharodontosaurid,307
heron,306
kyubimon,306
australian_kelpie,306
yuman,306
lava_creature,306
cacturne,305
unicorn_humanoid,305
harpy_humanoid,305
fallow_deer,304
baron_of_hell,303
stunky,303
least_weasel,303
hitmonchan,302
nanger,302
raypeople_(rayman),302
wailord,301
smiler_(the_backrooms),301
shellder,300
shire,300
vernid,300
fancy_rat,300
appletun,300
mosquito,299
windragon,299
hippocampus,299
ferrin,299
jou,299
faceless_(species),299
talonflame,298
draako,298
black-necked_crane,298
eulipotyphlan_humanoid,298
living_train,298
halfling,297
weedle,297
sharpedo,297
feathered_raptor,297
american_cocker_spaniel,297
meicrackmon_vicious_mode,297
changeling_(world_of_darkness),297
suine_humanoid,297
exceed,296
ouginak,296
egyptian_vulture,296
mega_swampert,296
exo,296
demogorgon,296
electrike,295
excadrill,295
simipour,295
spring_deerling,295
cetacean_humanoid,295
cherrim,294
mantrin,294
scraggy,294
bewear,294
mandrill,293
bisharp,293
cresselia,292
spider_monkey,292
black_yoshi,292
orange_yoshi,292
coraciiform,291
stork,290
combusken,290
moomin,290
deoxys,290
deku_(tloz),290
sika_deer,289
scombriform,289
gem_creature,289
kudu,288
numbat,288
serval_humanoid,288
cockatrice,287
skarmory,287
hornet,287
peryton,287
chandelure,287
fairy_dragon,287
biblically_accurate_angel,287
pelican,286
scarlet_macaw,286
appmon_(species),286
sumatran_rhinoceros,286
chrysolophus,286
cat-sith,286
gremlin,285
red-tailed_hawk,285
galarian_zigzagoon,285
golden_pheasant,284
pachycephalosaurid,284
helodermatid,284
plorgonarian,283
dutch_rabbit,283
gogoat,282
cum_creature,281
hero_of_many_battles_zacian,281
gerbil,280
gila_monster,280
grant's_gazelle,280
albatross,279
american_red_squirrel,279
ice_creature,279
sheikah,278
bucerotiform,278
cacatua,278
macaque,277
ursine_humanoid,277
grinion,277
teal_mask_ogerpon,277
quail,276
mega_blaziken,276
gormotti,276
bugbear,275
toxicroak,275
bellsprout,275
computer_virus_(species),275
garurumon,274
slaking,274
schnauzer,274
mechanical_dragon,274
duskull,273
sunshine_form_cherrim,273
turkish_angora,272
furred_snake,272
t-virus_mutant_(resident_evil),272
nomu,271
margay,270
tyranid,270
tadpole,270
legiana,270
beartic,269
long_taur,269
gootraxian,269
zerian_(species),269
sasquatch,268
fjord_horse,268
2channel_ascii_art_character,268
tree_frog,267
galvantula,267
roe_deer,267
baby_kangaskhan,267
odogaron,267
living_onahole,267
wereursid,267
grasshopper,266
fearow,266
reploid,266
terminid,266
grumpig,265
heracross,265
leonin,265
avian_taur,265
bio-android_(dragon_ball),265
zbornak,264
glaive_wyvern,264
tetraodontiform,264
mustela_humanoid,264
pure_faraden,264
nuzleaf,263
isopod,262
bullet_bill,262
unigan,261
collared_lizard,261
werehyena,260
rapid_strike_style_urshifu,260
mouth_creature,260
thievul,259
luma,258
archen,258
blackgatomon,258
mythological_salamander,258
pawmot,258
archaeopteryx,257
petilil,257
desert_bat,257
toons_(dandys_world),257
brontosaurus,256
platinum_fox,256
blob_creature,256
fabric_creature,256
tangela,255
imaginary_friend,255
common_collared_lizard,255
warframe_(species),255
khao_manee,255
aipom,254
dry_bones,254
friesian,254
umbrum,254
dragonmaid_(yu-gi-oh!),254
electabuzz,253
crobat,253
drifloon,253
dunsparce,253
earthworm,253
manokit,253
scombrid,253
warabbit,253
hell_knight,252
monferno,252
american_paint_horse,252
scalie_taur,252
organ_creature,252
anubis_(pal),252
victreebel,251
lightforged_draenei,251
mythological_chimera,251
hisuian_sneasel,251
great_horned_owl,250
physeteroid,250
baleen_whale,249
xatu,248
pachycephalosaurus,248
aerodactyl,247
jogauni,247
honchkrow,247
elekid,247
politoed,247
luvdisc,247
sunflora,246
chimera_ant,246
poliwag,245
scottish_fold,245
dragon_pony,245
suid_humanoid,245
melusine_(genshin_impact),245
karelian_bear_dog,244
bird_demon,244
deku_scrub,243
boo_(sonic),243
celesteela,243
crystal_creature,243
bangboo,243
croagunk,242
axew,242
incubator_(puella_magi),242
dra'essa,241
american_akita,241
hakken_(world_of_darkness),241
chang_(atlyss),241
tropius,240
owl_humanoid,240
pale_wolf_(minecraft),240
torterra,239
porygon-z,239
blitzle,239
ball_python,238
mega_audino,238
horse_taur,238
pallas's_cat,237
eurasian_eagle-owl,237
sea_goat,237
trogonid,237
bumble_bee_(species),237
cattle_taur,237
ceratosaurid,237
pomacentrid,237
chansey,236
jiralhanae,236
living_fursuit,236
crustacean_humanoid,236
ibie'shan,235
farfetch'd,234
draconic,234
irish_wolfhound,234
tojol,234
pokemon_taur,234
boltund,234
lanturn,233
clownfish,233
tangrowth,232
high_elf,231
ceratosaurus,231
pig_humanoid,231
anjanath,231
nezumi_(magic:_the_gathering),231
tortoiseshell_cat,230
togetic,230
togepi,230
scratazon,230
e-series,230
banded_mongoose,230
soul_(undertale),230
dazzi_(pal),230
black-footed_ferret,229
anole,229
long-tailed_weasel,229
polecat_(mustelid),229
mallkin,229
pidgeotto,228
hawkmon,228
moray_eel,228
norwegian_forest_cat,227
loriinae,227
sungazer_(lizard),227
kukuri,226
dark_chao,226
fire_salamander,226
bacteria_(organism),226
coywolf,225
beauceron,225
bicorn,225
keldeo_(resolute_form),225
flap-necked_chameleon,225
walking_wake,225
translynx,225
winter_sawsbuck,224
mareanie,224
living_melee_weapon,224
turtwig,223
ranamon,223
orangutan,223
kraken,222
saurian_(mortal_kombat),222
cookie_(cookie_run),222
goron,221
swadloon,221
eelektross,221
toco_toucan,221
bee_(minecraft),221
snow_creature,221
metal_creature,221
hisuian_goodra,221
reuniclus,220
dustox,219
dreamspinner,219
sliggoo,219
amazon_parrot,219
vileplume,218
tapu_lele,218
new_faraden,218
sea_turtle,217
copepod,217
locomorph,217
savannah_cat,216
bunnelby,216
kroxigor,216
living_statue,216
living_vegetable,216
ariral,216
shurian,215
saturniid,215
felid_demon,215
morpeko,215
hilichurl,215
bowman's_wolf,214
diggersby,214
lemon_shark,214
spectrier,214
gastrodon,213
druddigon,213
voltorb,212
onix,212
megalodon,212
virovirokun,212
sunflower_creature,212
koffing,211
nihilego,211
plankton_(species),211
snow_leopard_humanoid,211
istiophoriform,211
malzeno,211
chupacabra,210
gypsy_vanner,210
staryu,210
vortigaunt,210
flabebe,210
normal_rotom,210
cobalion,209
red_pikmin,209
sleep_paralysis_demon,209
humanoid_merfolk,209
cricket,208
golbat,208
zony,208
little_mouser,208
god_of_destruction,208
dire_car,208
meller's_chameleon,208
crowned_shield_zamazenta,208
t'au_(warhammer),208
bearded_dragon,207
caiman,207
hermit_crab,207
diplodocus,207
seismitoad,207
honeypot_ant,207
poipole,207
amoeba_(organism),207
heart_creature,207
true_bug,207
phantump,206
drauk,206
ice_cream_creature,206
living_gasm_drive,205
budgerigar,205
cra,205
murasadramon,205
grimm_(rwby),205
lakitu,204
rhinoceros_beetle,204
french_spaniel,204
alolan_sandslash,204
jackson's_chameleon,204
living_tank,204
oviraptorid,204
fire_demon_(slightly_damned),204
metapod,203
deuzear,203
loon,202
hornbill,202
shoebill,202
thestral,202
peafowl_demon,202
parasect,201
poliwrath,201
skunk_taur,201
mephitid_taur,201
living_sword,201
wisp_(sonic),201
harlequin_rabbit,201
blissey,200
drider,200
nurse_shark,200
gore_magala,200
ginglymostomatid,200
catrobis,200
raharr,200
demi_elder,200
amur_leopard,199
unown_e,199
muto_(godzilla),199
greedent,199
water_humanoid,199
blue_flower_florges,199
spiral_knight_(species),199
numel,198
oviraptor,198
vorpal_bunny,198
ursaluna,198
peridot_(gem_species),198
white_mage_(final_fantasy),198
feces_creature,198
flammie,197
potoo,197
espathra,197
monster_(moshi_monsters),197
wormmon,196
manx,196
rock_dove,196
night_elf_(feral),196
septarian,196
dracozolt,196
cattiva,196
shuppet,195
wood_elf,195
bombay_cat,195
alolan_rattata,195
drulttur,195
gigantamax_cinderace,195
skeledirge,195
leezpunk,195
new_world_parrot,195
frogadier,194
iron_valiant,194
byte_(sintronic),194
fey,193
hedgehog_humanoid,193
naked_mole-rat,193
depresso,193
hitmontop,192
airplane_dragon,192
unown_a,192
reptile_taur,192
south_american_fox,192
simisear,191
cheetah_humanoid,191
meloetta_(pirouette_form),191
perciform,191
aye-aye,190
zorse,190
rotom_pokedex,190
dark_latex,190
rock_humanoid,190
raticate,189
tentacool,189
mr._mime,189
simisage,189
atlantic_puffin,189
okidogi,189
lunaris_(pal),189
lizardman_race_(soulcalibur),189
thorny_devil,188
clam,188
seyloid,188
leafwing_(wof),188
chien-pao,188
owlbear,187
pufferfish,187
lilibee,187
tetton,187
dragonoid_(dark_souls),187
south_china_tiger,187
asinus_humanoid,187
jumping_spider,186
jaguar_humanoid,186
korean_jindo,186
dreepy,186
warden_(minecraft),186
bomb_humanoid,186
angewomon,185
fletchling,185
manserpent,185
dog_taur,185
wererodent,185
squirmle,185
quivern,185
ledian,184
pelipper,184
swift_fox,184
emperor_penguin,184
pika,184
worg,184
snapping_turtle,184
yellow_pikmin,184
paolumu,184
jacktor,184
hitmonlee,183
spearow,183
dugtrio,183
swanna,183
elin,183
alolan_marowak,183
biyemorph,183
faunazon,183
cebid,183
limited_build_koraidon,183
bubble_dragon,182
koopa_paratroopa,182
kangal,182
donkey_humanoid,182
monarch_butterfly,182
corvid_humanoid,182
grimmsnarl,182
angel_hare_(the_east_patch),182
lizalfos,181
holstaurus,181
gothorita,181
vulpin,181
elezen,181
darkin,181
wyverian,181
awtter,181
corsola,180
shokan,180
beanish,180
welsh_springer_spaniel,180
pukei-pukei,180
slime_(slime_rancher),180
moki_(species),180
unicellular_organism_(organism),180
garbodor,179
jorunna_parva,179
geth,178
cyber_dragon,178
kenku,178
snowshoe_cat,178
japanese_bobtail,178
terrapin,178
cervine_humanoid,178
alolan_exeggutor,178
leghorn_chicken,178
feline_demon,178
porygon,177
grimer,177
rhyperior,177
robot_master,177
amalgamate,177
kirin_(mh),177
primal_reversion,177
cynocephalus,177
backrooms_creature,177
letter_creature,177
aegislash,176
zorgoia,176
zygarde_10_forme,176
drakator,176
emoji_(race),176
candy_humanoid,176
seapony_(mlp),176
shedinja,175
noctowl,175
bibarel,175
stormcutter,175
mamba,175
pond_slider,175
impidimp,175
blank_humanoid,175
cadou_host_(resident_evil),175
hisuian_lilligant,175
goldeen,174
paras,174
deviljho,174
nurse_(silent_hill),174
bearmon,174
sahash,174
red-eared_terrapin,174
babylonian_(sonic),174
azurill,173
trogon,173
blue_pikmin,173
slurpuff,173
rain_dragon,173
buzzwole,173
alcelaphine,173
flute_dragon,173
teacup_gryphon,173
living_gum,173
mega_dragonite,173
krabby,172
kushala_daora,172
mako_shark,172
tit_(bird),172
lutra,172
ki'rinaes,172
lewxen,172
bambiraptor,172
cacodemon,171
whippet,171
neumono,171
necrozma,171
berger_blanc_suisse,171
living_sock,171
shetland_sheepdog,170
wobbuffet,170
felin,170
eurasian_magpie,170
magearna,170
arctic_shrew,170
licker_(resident_evil),170
electrode_(pokemon),170
afrotropical_parrot,170
werewire,170
chozo,169
shuckle,169
armadillomon,169
hoppip,169
belgian_shepherd,169
hero_of_many_battles_zamazenta,169
posean,169
giant_anteater,168
machgaogamon,168
northern_cardinal,168
sethrak,168
aquilinae,168
sirfetch'd,168
ictonychine,168
pawmi,168
ceruledge,168
mizzle_(deltarune),168
unown_o,167
jacob_sheep,167
anubian,167
quokka,167
munchkin_cat,167
wasp_humanoid,167
japanese_macaque,167
caprine_taur,167
bonneter,167
helmeted_lizard,167
sea_anemone,166
protoceratops,166
keeper_of_the_moon,166
mega_houndoom,166
kamaitachi,166
west_sea_gastrodon,166
japanese_hare,166
merino_sheep,166
eurasian_otter,166
anglerfish_merfolk,166
graveler,165
zweilous,165
lyrian,165
louie_(bomberman),165
oricorio,165
living_puppet,165
suffolk_sheep,165
warg_(fours),165
tasque,165
lizardfolk_(dnd),165
kakuna,164
appaloosa,164
cerinian,164
skvader,164
mega_rayquaza,164
tailmouth_(species),164
green_lizard_(rain_world),164
true_hawk,164
worker_drone,164
fatalis,163
doduo,163
werebat,163
beholder,163
granbull,163
yellow-throated_marten,163
vivillon,163
alolan_persian,163
posthuman,163
visage_form,163
foxparks,163
snatyr,163
geodude,162
wurmple,162
tauntaun,162
saurus,162
lungless_salamander,162
hisuian_arcanine,162
magnamon,161
jumpluff,161
blue_merle,161
american_pit_bull_terrier,161
falcomon,161
stufful,161
chimereon,161
erune,161
wereequine,161
moschid,161
salarian,160
boobipede,160
adelie_penguin,160
leopard_shark,160
japanese_badger,160
triakid,160
duskky,160
chromatic_dragon_(dnd),160
illumise,159
kodiak_bear,159
hocotatian,159
kangaroo_mouse,159
brachydios,159
divenka,159
woodlouse,159
paldean_form,159
new_world_deer_humanoid,159
primeape,158
space_dragon,158
parasprite_(mlp),158
bouffalant,158
qunari,158
billfish,158
blue-tongued_skink,158
mega_gengar,158
rutmutt,158
spring_salamander,158
tailclops_(race),158
rocky_mountain_goat,158
corvus_humanoid,158
galarian_meowth,158
oinkologne,158
pearl_(gem_species),158
eye_of_providence,157
synapsid,157
scorpion_humanoid,157
ambient_coral,157
marine_taur,157
namielle,157
nushi,157
suliform,157
slowking,156
diplocaulus,156
terrakion,156
pansage,156
tamaranean,156
unown_t,156
nectrid,156
wombat,155
lunastra,155
impala,155
black_mamba,155
aurochs,155
echinozoan,155
bori_(neopets),155
shoutmon_(king_ver.),155
red_flower_florges,155
calumon,154
electivire,154
boa_constrictor,154
regigigas,154
wildebeest,154
breezie_(mlp),154
breast_creature,154
golisopod,154
old_world_porcupine,154
hellfox,154
adeptus_(genshin_impact),154
saurus_(warhammer),154
tochukaso_(pokemon),154
wookiee,153
spheal,153
phanpy,153
white_kyurem,153
alatreon,153
pill_bug,153
mute_swan,153
alligator_snapping_turtle,153
queen's_stallion,153
temtem_(species),153
queen_bee,152
teostra,152
wraith_(evolve),152
sulphur-crested_cockatoo,152
butterfly_humanoid,152
unathi,152
lesser_hedgehog_tenrec,152
werelagomorph,152
pelecaniform_humanoid,152
steelix,151
alraune,151
magneton,151
pliosaur,151
spotted_seal,151
kulu-ya-ku,151
wild_sheep,151
morpeko_(full_belly_mode),151
gloom_(pokemon),151
linsang,150
gligar,150
ghoul,150
werelion,150
kiwi_(bird),150
ursidae,150
werehorse,150
red-billed_hornbill,150
zafara_(neopets),150
herbivore_(mh),150
shinkaisei-kan,150
calyrex,150
birman_cat,150
dorid_nudibranch,150
ludicolo,149
weepinbell,149
african_civet,149
morgrem,149
ixi_(neopets),149
himalayan_cat,149
lamortmon,149
sinner_demon,149
colorpoint,149
mayu_(azuki),149
magmar,148
ahuizotl,148
pseudowyvern,148
beastkin,148
living_helicopter,148
capuchin_monkey,148
tiger_taur,148
african_elephant,148
sirenian,148
mountain_hare,148
black_arms_(sonic),148
aviarian_wolf,148
eldritch_humanoid,148
boogie_(species),148
cherry_blossom_creature,148
swoobat,147
trubbish,147
dunmer,147
mobile_suit,147
pyukumuku,147
labbit,147
cremis,147
thugs-4-less,146
hero_chao,146
korok,146
great_jagras,146
american_bison,146
english_lop,146
ambient_arachnid,146
classic_tabby,146
flea,145
abomasnow,145
omanyte,145
starmie,145
wererabbit,145
marbled_polecat,145
nightmaren,145
white_yoshi,145
normal_forme_deoxys,145
tatsugiri,145
quartz_(gem_species),145
anthry_(sparklecare),145
headcrab,144
half-orc,144
motmot,144
loboan,144
tauren_(feral),144
bengal_cat,144
living_coin,144
horsea,143
crow_humanoid,143
icterid,143
tucker_chimera_(fma),143
gem_fusion,143
gholdengo,143
chimecho,142
living_armor,142
eurasian_wolf,142
cherubimon,142
familiar,142
dwarf_(coh),142
african_grey,142
dinosaur_humanoid,142
chital,142
ambient_spider,142
galarian_linoone,142
wixen,142
porygon2,141
narwhal,141
zergling,141
sawk,141
unown_i,141
banana_slug,141
mega_sceptile,141
crocodilian_humanoid,141
american_alligator,141
box_turtle,141
vesper_bat,141
hisuian_decidueye,141
weretiger,140
spinarak,140
star_dragon,140
malamar,140
dartrix,140
unown_r,140
orca_humanoid,140
bazelgeuse,140
tooth_creature,140
snow_leopard_taur,140
wurae,140
kabutops,139
kingdra,139
spiritomb,139
lightner,139
wolfskin,139
cosmog,139
unown_s,139
shorebird,139
threskiornithid,139
weezing,138
cloyster,138
igglybuff,138
zudomon,138
blooper,138
rajang,138
maximal,138
teletubby,138
crested_porcupine,138
plains_zebra,138
daemon_of_slaanesh,138
yoda's_species,138
mantled_beast,138
liopleurodon,137
trevenant,137
corrupted_gem,137
tibetan_sand_fox,137
kritter_(kremling),137
gossifleur,137
critter_(smiling_friends),137
thylacoleo,136
ambipom,136
trapinch,136
terran,136
watchog,136
mackerel,136
hyena_humanoid,136
bulkmon,136
wind_demon_(slightly_damned),136
buffalo,135
munchlax,135
poliwhirl,135
tiger_(monster_rancher),135
marmot,135
raidramon,135
pushmi-pullyu,135
katta,135
ghast_(minecraft),135
earth_wyrm,135
prairie_dog,134
rampardos,134
cleffa,134
lairon,134
remoraid,134
venomoth,134
alfiq,134
tufted_deer,134
jinn,134
muntjac,134
jangmo-o,134
galliform_humanoid,134
cyclizar,134
pandawa,133
beelzemon,133
great_pyrenees,133
kingfisher,133
battle_droid,133
scp-939,133
iguanodontid,133
old_world_viper,133
classical_hippogriff,133
lombre,132
hoothoot,132
swablu,132
mouflon,132
unown_c,132
chartreux,132
luna_moth,132
wererat,132
si'itiae,132
summer_deerling,132
umbrian_(species),132
valstrax,132
theridiid,132
glitch_creature,132
draco_shokan,132
mitachurl,132
scream_tail,132
lemming,131
eredar,131
tarkatan,131
korat_cat,131
trinidad_motmot,131
nightborne,131
widow_spider,131
virus_(organism),131
extraterrestrial_vegetation_evaluator,131
katsuma_(species),131
mankey,130
sudowoodo,130
lillymon,130
robot_dog,130
mega_kangaskhan,130
aisha_(neopets),130
spider_demon,130
spring_sawsbuck,130
personality_core_(portal),130
lunagaron,130
grafaiai,130
living_chess_piece,130
dodrio,129
venonat,129
aromatisse,129
ausar,129
petrosapien,129
armadillo_girdled_lizard,129
geroo,129
kirin_(mlp),129
gigantamax_charizard,129
wiglett,129
accipiter,128
elecmon,128
chinchou,128
combee,128
phione,128
mudbray,128
unown_h,128
firebunny,128
mutate_(gargoyles),128
pockoon_(insomniacovrlrd),128
darigan_neopet,128
wuggy_(poppy_playtime),128
ork,127
gnat,127
skiddo,127
canada_goose,127
b1_battle_droid,127
ornate_hawk-eagle,127
jenexian,127
gooborg,127
daedream,127
mo_(adventure_time),127
slugma,126
kougra,126
poro,126
lupe_(neopets),126
sheep-goat,126
clay_creature,126
keel-billed_toucan,126
softshell_turtle,126
chomper_(pvz),126
scorpaeniform,126
dagonian,126
euclidean,126
homunculus,125
darknut,125
lego_minifigure,125
cottontail_rabbit,125
giganotosaurus,125
flower_mantis,125
living_airplane,125
cutiefly,125
leipori,125
githyanki,125
elvian,125
fliwirrel_(insomniacovrlrd),125
khezu,124
torkoal,124
manatee,124
toy_poodle,124
novakid,124
honedge,124
bergmite,124
monster_tail,124
langur,124
candy_orca_dragon,124
kui-tan,124
greater_roadrunner,124
em_being,124
living_chocolate,124
dynamax_pokemon,124
wildmons_(catcouch),124
iberian_lynx,123
starly,123
smoochum,123
gible,123
namekian,123
pachyderm,123
moomba,123
gerenuk,123
litleo,123
swirlix,123
lion_taur,123
bakeneko,123
baxxid,123
spidr,123
cattail_(pvz),123
furred_fish,123
bracken_(lethal_company),123
incineram,123
pembroke_welsh_corgi,122
placoderm,122
unown_n,122
leopard_humanoid,122
diablos_(mh),122
shoebill_humanoid,122
dinossom,122
metagross,121
slime_(dragon_quest),121
kokiri,121
sockeye_salmon,121
blue-and-yellow_macaw,121
wolf_demon,121
tortavi,121
frilled_petal_dragon,121
umbrella_cockatoo,121
yungoos,121
bog_leech_(species),121
chakamil,121
black_dragon_(dnd),121
flutter_mane,121
gulpin,120
pinsir,120
ratteguhn,120
sadida,120
dunkleosteus,120
kwuff,120
quilladin,120
lykoi,120
unown_m,120
snub-nosed_monkey,120
ornate_box_turtle,120
skwovet,120
safi'jiiva,120
daemon_of_tzeentch,120
moonscorched,120
scorpaenoid,120
tyrogue,119
zanburg,119
smurf,119
manakete,119
amalj'aa,119
togedemaru,119
labramon,119
golden_snub-nosed_monkey,119
pileated_woodpecker,119
pumapard,119
keeshond,119
gourami,119
great_old_one_(h.p._lovecraft),119
gryphon_demon,119
drifblim,118
mandibuzz,118
antylamon,118
predacon,118
a-10,118
floette,118
mrrshan,118
cat_taur,118
betta_(genus),118
hobkin_redux,118
winterpaw_canine,118
tuna,117
stantler,117
zebra_finch,117
thwomp,117
hutt,117
grei,117
orchid_mantis,117
iguanodon,117
scottish_terrier,117
primal_groudon,117
galvanic_mechamorph,117
shadow_mewtwo,117
pikipek,117
holland_lop,117
unown_d,117
xeno'jiiva,117
visayan_spotted_deer,117
entity,117
loporrit,117
slither_wing,117
kryptonian,116
netherdrake,116
earth_dragon,116
beheeyem,116
arctic_hare,116
lovebird,116
shroob,116
unown_u,116
steelhead,116
eldegoss,116
crystal_humanoid,116
lamball,116
langurhali,115
draconid,115
natu,115
rhyhorn,115
magnezone,115
finnish_spitz,115
shagaru_magala,115
bush_viper,115
fantasy_creature,115
fanmon,115
qinling_panda,115
seeker_(transformers),115
weredeer,115
chimera_humanoid,115
sakuyamon,114
patrat,114
dracomon,114
purple_pikmin,114
carbink,114
xenodragon,114
mosasaur,114
vanara,114
black_widow_spider,114
domestic_silk_moth,114
citra_taur,114
leaf-tailed_gecko,114
amphibian_(mh),114
gravelin,114
serpentine_(ninjago),114
monitor_head,114
dragoon_(avelos),114
cradily,113
exeggutor,113
lionfish,113
venipede,113
lord_of_change,113
tamandua,113
dromedary,113
siberian_cat,113
crocodile_skink,113
hippodrake,113
anocris,113
maus_(deltarune),113
lutrai,112
leonberger,112
freakhound,112
arvion,112
rosy_maple_moth,112
ghost_(destiny),112
bongo_(antelope),112
mewman,112
grey_langur,112
cariamiform,112
kamui_(kill_la_kill),112
siamese_fighting_fish,112
frosmoth,112
frozunny_(insomniacovrlrd),112
metallic_dragon_(dnd),112
smoliv,112
tatsugiri_(curly_form),112
yamask,111
fionbri,111
puazi,111
canine_demon,111
wishiwashi,111
cosmic_being,111
shepsky,111
grolar_bear,111
angora_goat,111
mantis_humanoid,111
hypsilophodon,111
beastman_(warhammer),111
strix_(genus),111
flora_colossus,111
rythulian,111
prinny,110
cyberdemon,110
monodramon,110
xenogon,110
bancholeomon,110
millennium_dragon,110
void_elf,110
ringel,110
sulid,110
prime_warframe,110
philikkahn,110
cat_(minecraft),110
trico_(species),110
seel,109
gopher,109
vibrava,109
castform,109
mantine,109
tentomon,109
golurk,109
sourou_cerulean_wolf,109
woozle,109
morsectuum,109
skullcat_(sar),109
napoleon_(species),109
springbok,108
jersey_devil,108
cubi_(race),108
froggit,108
terror_bird,108
canary_(fiaskers),108
newfoundland_dog,108
jawless_fish,108
green_flu_mutant_(left_4_dead),108
naga_(warcraft),108
abnormality_(project_moon),108
black_mage_(final_fantasy),108
acipenseriform,108
armaldo,107
kabuto,107
kunemon,107
kestrel,107
sawshark,107
chinese_water_deer,107
chthon,107
half_elf,107
tome_imp,107
frosty_arcanine,107
diamond_(gem_species),107
spotted_tabby,107
camerupt,106
snubbull,106
ayakashi,106
draconian,106
vortixx,106
vulpimancer,106
english_bulldog,106
amaura,106
bruxish,106
potoroo,106
zandalari_troll,106
spiny_softshell_turtle,106
ailurid_humanoid,106
alpine_goat,106
western_barn_owl,106
west_highland_white_terrier,106
terminators_(terminator),106
azurlligator,106
lickilicky,105
omastar,105
hare_(monster_rancher),105
forest_dragon,105
great_jaggi,105
capra_demon,105
hoopa_(unbound),105
tanager,105
beowolf_(rwby),105
living_watercraft,105
bubblemummy,105
greenwolf,105
deathclaw_humanoid,105
fidough,105
dusk_prowler,105
asar,104
pidove,104
vanillite,104
coonhound,104
komala,104
unown_l,104
red_panda_humanoid,104
sabertooth_feline,104
wulg,104
leprechaun,103
registeel,103
blue_whale,103
tamaskan_dog,103
alebrije,103
ogremon,103
styracosaurus,103
stygian_zinogre,103
mega_garchomp,103
kingsnake,103
otter_humanoid,103
lakitu's_cloud,103
falconid_humanoid,103
armarouge,103
taillow,102
jaguarundi,102
firedog,102
unfezant,102
turret_(portal),102
flamemon,102
hippopotamid_humanoid,102
falcon_humanoid,102
flat-tailed_gecko,102
myumon,102
budew,101
varren,101
pawniard,101
demidevimon,101
aasimar,101
pixiu,101
great_izuchi,101
starling_(kirby),101
kingler,100
cherubi,100
feebas,100
lotad,100
egyptian_god,100
panpour,100
nile_crocodile,100
red_merle,100
english_pointer,100
unown_y,100
interceptor,100
hippopotamus_humanoid,100
standard_poodle,100
outer_god_(h.p._lovecraft),100
low-power_mode_miraidon,100
imp_(atlyss),100
chuchu,99
steller's_jay,99
culpeo_fox,99
breeder_(species),99
island_fox,99
titanoboa,99
nubian_goat,99
insect_taur,99
sheep_taur,99
horned_tailclops,99
cambion,99
proboscidean_humanoid,99
hawk_moth,99
felngo,99
sheep_demon,99
eurasian_sparrowhawk,99
grub_(insect),99
eastern_dragon_humanoid,99
paldean_wooper,99
land_shark_(species),99
athene_(genus),99
imperial_dragon_(lol),99
earth_demon_(slightly_damned),99
dusclops,98
wynaut,98
summon,98
primal_kyogre,98
moo_(klonoa),98
saurolophus,98
winter_deerling,98
callitrichid,98
egg_creature,98
amethyst_(gem_species),98
beautifly,97
shrike,97
shroomish,97
vigoroth,97
whiscash,97
cubchoo,97
angora_rabbit,97
jaggia,97
numemon,97
boxer_(dog),97
tinkerbat,97
zygarde_50_forme,97
caucasian_mountain_dog,97
tapu_fini,97
nomai,97
sheep_(minecraft),97
basculegion,97
teslajellymon,97
circlehead,97
octoroo,97
exeggcute,96
cuttlefish,96
regice,96
swinub,96
half_demon,96
praimortis,96
ultra_necrozma,96
astromech_droid,96
satanic_leaf-tailed_gecko,96
hive_(destiny),96
black_rhinoceros,96
space_dog,96
greavard,96
kishin_(gekk0),96
western_diamondback_rattlesnake,96
bogroo,96
near-human,96
bagon,95
skiploom,95
yanma,95
kai_ken,95
like_like,95
lampent,95
astalos,95
drampa,95
sea_snake,95
maned_dragon,95
unown_k,95
shellder_(slowbro),95
ornithomimid,95
therizinosaurid,95
asteriid,95
snom,95
impim,95
gpd_(lurdanjo),95
clodsire,95
t-800_series_(terminator),95
living_orange,95
golem_(pokemon),94
unggoy,94
fenra,94
frillish,94
plover,94
iberian_wolf,94
king_penguin,94
pink_rathian,94
sea_urchin,94
blue_morpho,94
panda_humanoid,94
character_chao,94
mole_humanoid,94
furby_(species),94
glitch_pokemon,94
salmon_shark,94
giant_otter,94
anthozoan_humanoid,94
cazar_(ratchet_and_clank),94
felnid,94
living_moon,94
moshling,94
arxur_(the_nature_of_predators),94
meat_creature,94
eugief,94
barboach,93
triceraton,93
flicky,93
chestburster,93
floramon,93
incursean,93
wishiwashi_(solo_form),93
caracara,93
dragonflora,93
salamander_humanoid,93
red_lizard_(rain_world),93
emerald_dragon,93
booby_(bird),93
eyrie_(neopets),93
pelagice_(insomniacovrlrd),93
goat_demon_humanoid,93
purrely_(archtype),93
living_pumpkin,93
walrein,92
african_golden_cat,92
snorunt,92
wailmer,92
unown_f,92
herdier,92
tigon,92
lyrebird,92
ladydevimon,92
boom_boom,92
german_spitz,92
dragalge,92
howler_monkey,92
manticore_humanoid,92
orb_robot,92
felnidae,92
nephrite_(gem_species),92
translop,92
wraith,91
seadra,91
bent,91
harp_seal,91
ibis,91
tatzlwurm,91
demon_pony,91
banded_linsang,91
autumn_deerling,91
nekokai,91
wereavian,91
zebra_taur,91
mythological_basilisk,91
hog-nosed_snake,91
thwackey,91
seraphie,91
magnamalo,91
g-virus_mutant_(resident_evil),91
lykra,91
nitoma,91
genome_(final_fantasy),91
protoss,90
aron,90
donphan,90
bronzong,90
snowshoe_hare,90
foozle,90
crested_penguin,90
blue_shark,90
plumed_basilisk,90
sturgeon,90
ambient_jellyfish,90
british_shorthair,90
kimera,90
lechonk,90
seaking,89
dik-dik,89
finneon,89
swordfish,89
bouncywild,89
barnacle,89
cheep_cheep,89
drilbur,89
kumamon,89
lekismon,89
orthros,89
dragonewt,89
furred_monster,89
bounsweet,89
ezo_red_fox,89
mephitid_humanoid,89
dragunny,89
galarian_zapdos,89
hydralisk_(starcraft),89
glastrier,89
aeldari,89
living_appliance,89
kingambit,89
ratonga,88
bilby,88
gorebyss,88
qwilfish,88
xweetok,88
thundurus,88
triton,88
tsukaimon,88
skunk_humanoid,88
meicoomon,88
unown_p,88
night_light_(species),88
gerenuk_taur,88
gimmighoul,88
kinx_(blarf022),88
mamool_ja,87
larvesta,87
carracosta,87
stunfisk,87
barghest,87
ludroth,87
starman_(mario),87
normal_castform,87
fly_humanoid,87
nanozell_spirit,87
trenco,87
effulgent_dragon,87
bucentaur,87
artamid,87
ground_squirrel_humanoid,87
snow_humanoid,87
living_scarecrow,87
acanthurid,87
kausgammamon,87
allay,87
hail-fanged_dragon,87
murloc,86
pygmy_goat,86
stoutland,86
sea_snail,86
spritzee,86
unown_w,86
giraffid_humanoid,86
eupelycosaur,86
cracticinae,86
gryphon_taur,86
dracmon,86
kubfu,86
electricity_creature,86
suboscine,86
the_thing_(organism),86
regenerator_(resident_evil),86
goss_harag,86
hyogaryu,86
big_shot_(splatoon),86
rat_ogre,85
andalite,85
daedra,85
sandile,85
shifter,85
bull_shark,85
gold_dragon,85
sunflowmon,85
muskrat,85
chinese_mountain_cat,85
common_dolphin,85
northern_dragon,85
plesiosaurus,85
turkish_van,85
ratfolk,85
vaal_hazak,85
hivewing_(wof),85
eastern_red_bat,85
temperate_rainforest_ratteguhn,85
spectrobe,85
birbit,85
nyctilian,85
embereon,85
ice_cream_humanoid,85
entity_(tma),85
zeikauko,85
drapion,84
automaton,84
tediz,84
fraxure,84
yorkshire_terrier,84
toyger,84
humpback_whale,84
carcharodontosaurus,84
kubrow,84
arabian_horse,84
alecani,84
minion_(despicable_me),84
ghoul_(fallout),84
pac-person,84
human_taur,84
megalosaurid,84
eared_owl,84
attack_forme_deoxys,84
new_world_suboscine,84
vixult,84
feonix,84
slugcat_humanoid,84
gavialid,84
ena_(species),84
happiny,83
regirock,83
hariyama,83
slakoth,83
half-dragon,83
blue-footed_booby,83
etemon,83
motobug,83
nightmare_(species),83
cicada,83
housefly,83
baile_oricorio,83
tree_humanoid,83
unown_g,83
appmon,83
spiderpony,83
patchwork_monster,83
reticulated_giraffe,83
camelid_taur,83
renamon_x,83
living_bubble,83
yellowjacket_(wasp),83
taidum,83
rainbow_lass,83
ghidorah_(species),83
sivkit_(the_nature_of_predators),83
butterfly_furry,83
volbeat,82
nautilus,82
emu,82
lillipup,82
moondog,82
stingmon,82
gharial,82
red-crowned_crane,82
krokodyle,82
coral_snake,82
slime_(minecraft),82
mosasaurus,82
battle_monster,82
oranguru,82
green_martian,82
pink_butterfree,82
felinid,82
megalosaurus,82
rex_(cat),82
anomalocarid,82
hair_sheep,82
sea_slug_humanoid,82
worm_(worms),82
bronze_dragon_(dnd),82
goobit,82
aarakocra_(dnd),82
steel_eel_driver,82
archon_(genshin_impact),82
magcargo,81
mamoswine,81
masquerain,81
delos,81
seeq,81
basenji,81
trout,81
therapsid,81
appoplexian,81
cherubimon_(evil),81
giant_squirrel,81
crab_humanoid,81
silkwing_(wof),81
black-billed_magpie,81
druid_(feral),81
accidental_bow_mutant_(resident_evil),81
living_hat,81
dolliv,81
sprinkledog,81
darmanitan,80
piscine_wyvern,80
spadamon,80
lagombi,80
shar_pei,80
therizinosaurus,80
thark,80
asian_small-clawed_otter,80
grey-headed_flying_fox,80
azhdarchid,80
beetle_humanoid,80
reindeer_humanoid,80
great_heron,80
sand_creature,80
blackgargomon,80
nexomon_(species),80
espimon,80
wolficus,80
valta,80
living_emoji,80
norn_(doubleecho),80
hobgoblin,79
lunatone,79
makuhita,79
therion,79
covenant,79
groundhog,79
chameleos,79
timburr,79
coeurl,79
tsuchinoko,79
royal_ludroth,79
klefki,79
sepilian,79
monstar_(space_jam),79
chimera_sui_generis,79
xurkitree,79
chicken_humanoid,79
thrumbo,79
evangelion_(cyborg),79
tree-kangaroo,79
xenarthran_humanoid,79
anglerfish_humanoid,79
smozumi_(insomniacovrlrd),79
salmonoid_(splatoon),79
locust_(gears_of_war),79
onyx_dragon_(maplestory),79
loudred,78
sea_angel,78
piloswine,78
sylvari,78
yuan-ti,78
pyronite,78
multi_taur,78
dakotaraptor,78
northern_crested_caracara,78
yellow-billed_magpie,78
striped_dolphin,78
neomorph,78
nardo,78
marsupial_humanoid,78
standard_mode_darmanitan,78
lagomorph_taur,78
pisaster,78
phasianus,78
smallfry_(splatoon),78
demon_rabbit,78
gremlin_(gremlins),78
york_chocolate,78
rey_dau,78
lumineon,77
magby,77
necromorph,77
genesect,77
sewaddle,77
locust,77
lilithmon,77
cutemon,77
marlin,77
storm_dragon,77
zygarde_core,77
glavenus,77
daenanguis,77
common_pheasant,77
belgian_draft_horse,77
ant_humanoid,77
saanen_goat,77
pink_sea_star,77
applin,77
eiscue,77
bugabuzz_(insomniacovrlrd),77
wezengammamon,77
lapis_lazuli_(gem_species),77
pup_(adventure_time),77
xog,77
scylla,76
sunkern,76
surskit,76
garudamon,76
grey_seer,76
deadly_nadder,76
windigo_(mlp),76
kudamon,76
aerusan,76
hoopoe,76
seregios,76
rex_rabbit,76
fire_genasi,76
vontsira,76
nemuina,76
maccao,76
unown_b,76
gecko_(fallout),76
who_(species),76
hyaenodontid,76
furred_dragon_humanoid,76
feathered_dragon_taur,76
phrynosomatid,76
tyrant_(resident_evil),76
thraxan,76
algebralian,76
slugpup_(rainworld),76
dimka_(itisd),76
kaleesh,75
mega_mewtwo_x,75
spewpa,75
brown_yoshi,75
apex_(starbound),75
crow_demon,75
hyaenodon,75
unicorn_taur,75
dung_beetle,75
blue_poison_dart_frog,75
wax_creature,75
zombot,75
volkitsu_(insomniacovrlrd),75
pawmo,75
ophan,75
flopie,75
spoink,74
meditite,74
goblimon,74
swalot,74
missingno.,74
angelfish,74
congalala,74
hooded_crow,74
taguel,74
blacktip_shark,74
tyrunt,74
fletchinder,74
moose_humanoid,74
zabrak,74
sandygast,74
toucannon,74
kaioshin,74
pygmy_hippopotamus,74
indrel,74
east_sea_gastrodon,74
elephant_humanoid,74
ring-tailed_vontsira,74
drude,74
anomalocaris,74
rabbit_taur,74
tarantula_taur,74
leporid_taur,74
drednaw,74
eternatus,74
usul_(neopets),74
cyan_lizard_(rain_world),74
great_horned_bunwolf,74
armordragon,74
thei'mare,74
pecharunt,74
warg,73
yanmega,73
corphish,73
ninjask,73
weimaraner,73
musharna,73
vole,73
conkeldurr,73
pansear,73
graboid,73
mass_production_eva,73
orc_king_(dragon_quest),73
rex_(mario),73
toxapex,73
dokarian,73
dodogama,73
rock_drake,73
shadow_(kingdom_hearts),73
lumpy_space_denizen,73
cheloniid,73
spectre_(titanfall),73
alternate_(species),73
fezandipiti,73
therrigon,73
saurian_(genshin_impact),73
solrock,72
prinplup,72
dromaeosaurus,72
green_snake,72
livestock,72
star-nosed_mole,72
aracari,72
andean_mountain_cat,72
gazer,72
weredragon,72
managarmr,72
puffle,72
primagen,72
snail_humanoid,72
kivouackian,72
vegetable_humanoid,72
pink_lizard_(rain_world),72
markazian,72
dubwool,72
douglas_squirrel,72
vevosonian,72
bugsnak,72
oriental_longhair,72
cervolt_(insomniacovrlrd),72
debutante_trim_furfrou,72
canis_woof,72
serkanian,72
whismur,71
peppercat,71
strikedramon,71
combine,71
kyrii,71
utonagan,71
dorugamon,71
strabimon,71
goblin_shark,71
living_furniture,71
doppelgänger_(species),71
knifefish,71
doumon,71
trandoshan,71
blacephalon,71
three-banded_armadillo,71
mitsukurinid,71
daemonette_(warhammer),71
western_dragon_humanoid,71
ophiotaurus,71
hattrem,71
perrserker,71
varkeeg,71
germ_(organism),71
x-tian,71
tandemaus,71
thesium,71
cpu_(goddess),71
living_m&m,71
gekkomon,71
dracolich,70
ducklett,70
phyrexian,70
taurus_demon,70
invertebrate,70
alien_dog,70
velvet_worm,70
marine_mammal,70
furred_dinosaur,70
cherubimon_(good),70
pom-pom_oricorio,70
zull,70
turtle_humanoid,70
flood_(halo),70
alpaca_taur,70
jagras,70
new_world_oriole,70
fisher_(animal),70
wyrm_(dragon),70
gelert_(neopets),70
condom_creature,70
noaia,70
corgidor,70
lifmunk,70
diarbbitmon,70
talking_flower_(super_mario_bros_wonder),70
fluffalo_(fluffy_pony),70
green_tree_viper,70
american_bobtail,69
cutebold,69
gallimimus,69
phasmid,69
crowned_lemur,69
woolly_mammoth,69
luceiry,69
tabby_slime,69
vizsla,69
wereursine,69
didelphid,69
valais_blacknose,69
polar_bear_humanoid,69
living_ranged_weapon,69
dark_gaia_minion,69
daemon_of_khorne,69
sayakat,69
living_sun,69
gimmighoul_(roaming_form),69
aeolid_nudibranch,69
living_clone_unit,69
half_shiny_pokemon,69
emotion_(inside_out),69
prawn_(district_9),68
magnadramon,68
tonberry,68
poncle,68
archdemon,68
hellcat,68
dinopotamus,68
nightmare_(sonic),68
makuta,68
gibbon,68
comfey,68
amalgamate_(themefinland),68
chipmunk_humanoid,68
balinese_cat,68
mirroid,68
shetland_pony,68
taiwan_blue_magpie,68
sea_anemone_humanoid,68
leproid,68
dream_serpent,68
shiny_fakemon,68
pulsemon,68
great_ones_(bloodborne),68
golem_(minecraft),68
king_salmonid,68
fontozzio_anima,68
christmas_neopet,68
yotul_(the_nature_of_predators),68
slayer_(baldur's_gate),68
chillet_ignis,68
rocky_mountain_wolf,68
zombified_piglin,68
living_burger,68
foxhound,67
lileep,67
mii,67
gaia,67
electric_eel,67
starling_(bird),67
roegadyn,67
turuiemon,67
unown_x,67
feathered_wyvern,67
disguised_changeling,67
squaliform,67
naked-back_knifefish,67
ubumetori,67
mythological_fenghuang,67
ice_humanoid,67
dracovish,67
marauder_(doom),67
deep_one_(h.p._lovecraft),67
warmind,67
baxcalibur,67
keaton_(tloz),67
uth_duna,67
oyster,66
corythosaurus,66
cacnea,66
mogwai,66
vanilluxe,66
maltese,66
fygar,66
catahoula,66
werejackal,66
nelvaanian,66
nimmy,66
sand_shark,66
autumn_sawsbuck,66
blue-ringed_octopus,66
shiinotic,66
heligator,66
camelid_humanoid,66
decapodian_(futurama),66
polteageist,66
masked_dragon,66
zerg_queen_(starcraft),66
lycafel,66
space_pirate_(species),66
dachsbun,66
dryad_(warcraft),66
grinlin,66
papagen,66
recombinant_(avatar),66
nebelung,66
werenew_world_deer,66
dracostryx,66
tarsier,65
chingling,65
crawdaunt,65
seedot,65
tympole,65
terrible_terror,65
hercules_beetle,65
worgen_(feral),65
yutyrannus,65
werehusky,65
yellow_lizard_(rain_world),65
naganadel,65
girros,65
meadow_vivillon,65
emerald_swift,65
ambient_bee,65
great_grey_owl,65
red-eyed_treefrog,65
chum_(splatoon),65
alsoan,65
american_crow,65
varvarg,65
living_smoke,65
northern_olingo,65
royal_vixult,65
blackgatomon_uver.,65
faerie_neopet,65
dalsky_(dalmatian_and_husky),65
battle_wolf,65
arkveld,65
archaeocete,65
quagga,64
shoyru,64
mime_jr.,64
heatran,64
mantyke,64
mothim,64
nosepass,64
relicanth,64
mr._saturn,64
belphemon,64
nefertimon,64
aurin,64
great_blue_heron,64
quetzal,64
cottonee,64
heat_rotom,64
wash_rotom,64
flatworm,64
goliath_(evolve),64
stick_insect,64
terror_dog,64
peacock_spider,64
winged_lemur,64
african_wild_ass,64
indian_giant_squirrel,64
brain_creature,64
pilosan_humanoid,64
genasi,64
ladypot,64
japanese_wolf,64
werecaprine,64
hatenna,64
petpet_(neopets),64
almudron,64
penguin_(mario),64
awoofy,64
royal_neopet,64
roaring_moon,64
maushold,64
kitty_dragon,64
pteromon,64
exploud,63
cranidos,63
glalie,63
blanford's_fox,63
tardigrade,63
foongus,63
arrancar,63
desire_demon,63
andalusian_horse,63
gyrfalcon,63
imperial_dragon,63
prothean,63
australian_magpie,63
korbinite,63
bird_taur,63
acrocanthosaurus,63
adrakist,63
tism_rabbit,63
christmas_elf,63
shark_puppy,63
stardragon_(species),63
red-eyed_crocodile_skink,63
skrill_(species),63
cyclostomata,63
morpeko_(hangry_mode),63
winged_kobold,63
galvan_(ben_10),63
las_plagas_host_(resident_evil),63
whirlott_(insomniacovrlrd),63
anacondrai,63
arch_(nukerooster),63
ethereal_(zzz),63
iop,62
beldum,62
osamodas,62
muskox,62
penis_monster,62
hollow_(bleach),62
musk_deer,62
melynx,62
termite,62
allomon,62
popori,62
superb_lyrebird,62
matoran,62
mega_blastoise,62
sectoid,62
saberon,62
persona_(species),62
minior,62
alolan_muk,62
unown_v,62
snoval,62
spider_wasp,62
new_world_vulture,62
vehicle_humanoid,62
gnome_(warcraft),62
heart_trim_furfrou,62
detan,62
arflin_(species),62
avatar_(tma),62
shiftry,61
predalien,61
claydol,61
guanaco,61
ewok,61
bush_dog,61
sable_antelope,61
kookaburra,61
witch_(left_4_dead),61
cassowary,61
gorgonopsid,61
mirialan,61
half-elf,61
dream_eater,61
tarantula_hawk_wasp,61
monty_mole,61
rahkshi,61
tapu_koko,61
offmon,61
trumbeak,61
carret,61
moorish_idol,61
crystal_dragon,61
palm_civet,61
silvertongue,61
rodent_taur,61
weremustelid,61
gnoll_(monsterpunk),61
weremoose,61
magma_dragon,61
toxel,61
ampwave,61
blue_dragon_slug,61
zarude,61
exadian_hybrid,61
hypnobrai,61
canoweissmon,61
fenril_(spicy_flakes),61
living_watermelon,61
poptart_creature,61
ghostfox_gootraxian,61
deishun_(species),61
lunoid,61
ledyba,60
espinas,60
indramon,60
vanillish,60
tozol,60
selkie,60
skeksis,60
lynxuki,60
mega_venusaur,60
deer_mouse,60
nanomachines,60
quetzalcoatlus,60
psycrhen,60
onryo,60
ectonurite,60
mimic_octopus,60
eel_humanoid,60
giraffe_humanoid,60
megaprimatus_kong,60
screech_owl,60
scorpion_taur,60
desert_iguana,60
shisa_dog,60
regal_tang,60
galarian_articuno,60
sek_(species),60
hearthian,60
drackal,60
goo_creature_with_bones,60
wither_beast,60
wither_beast_(freak_magic1369),60
millipede,59
grotle,59
huntail,59
snover,59
bloodsucker,59
weresheep,59
equestrian,59
spragon,59
laiski,59
rainbow_boa,59
mega_latias,59
rahn,59
gelatinous_cube,59
lapphund,59
catshark,59
morelull,59
kavat,59
werebird,59
pallid_bat,59
desir,59
shrimp_humanoid,59
loggerhead_sea_turtle,59
african_golden_wolf,59
old_world_flycatcher,59
cheetabbit,59
creep_(goosebumps),59
wiltshire_horn,59
object_humanoid,59
passerina,59
cardinal-tanager,59
chocobo_taur,59
lorisoid,59
garden_dormouse,59
quantum_deathclaw,59
slitherspawn,59
pursuers_(outer_wilds),59
snork_(moomin),59
fluffshie,59
snake_naga,59
yumkasaurus,59
ukimori,58
kricketune,58
magmortar,58
kaminoan,58
waddle_doo,58
arabian_oryx,58
golett,58
throh,58
american_kestrel,58
lutari,58
blue_bird,58
talyxian,58
mirromy,58
white_pikmin,58
doublade,58
mega_gallade,58
rockhopper_penguin,58
ryudamon,58
garter_snake,58
palossand,58
kaprosuchus,58
red-crested_cardinal,58
aromagon,58
malo_0.9,58
skinwalker,58
dinosaur_taur,58
sphinx_taur,58
asian_water_monitor,58
nudibranch_humanoid,58
therianthrope,58
maykr,58
cohozuna,58
honey_creature,58
house_dragon,58
german_yellowjacket,58
titan_(crash_bandicoot),58
mammalian_(stellaris),58
beastren,58
noop,57
carvanha,57
kinkajou,57
aven,57
jellicent,57
tranquill,57
woobat,57
antlion,57
swamp_monster,57
cathar,57
shikoku_ken,57
fallen_captain,57
blue_lizard_(rain_world),57
sifaka,57
martial_eagle,57
caracal_humanoid,57
belphemon_(rage_mode),57
spanish_fighting_bull,57
carnivorous_plant_humanoid,57
cerberus_(resident_evil),57
sky_dragon_(cave_story),57
kabuki_trim_furfrou,57
galarian_moltres,57
chat_(bird),57
saxicoline,57
talehnyan,57
axolotl_humanoid,57
lobe-finned_fish,57
paldean_tauros,57
living_drawing,57
lizardman_(that_time_i_got_reincarnated_as_a_slime),57
devonian_fish-man,57
vixy_(pal),57
woren,56
asterisk,56
lyn,56
skag,56
heatmor,56
sigilyph,56
laguz,56
werepony,56
wildclaw_dragon,56
glitch_(starbound),56
spider_(minecraft),56
pudu,56
alaskan_klee_kai,56
to'kustar,56
mutt_moth,56
summer_sawsbuck,56
talyxian_stalker,56
parrot_humanoid,56
sphenacodontid,56
pelycosaur,56
living_gun,56
puffel,56
horse_(minecraft),56
witch_(puella_magi),56
meicrackmon_(original),56
meicrackmon_normal_mode,56
beholding_(tma),56
raging_bolt,56
daiman_night_dragon_(keltaan),56
regulus_(species),56
bruguadeh_snake,56
love_sweet_alcremie,56
mephiphage,56
goetia,55
toad,55
morph,55
carnivine,55
nincada,55
wolvar,55
ridleymorph,55
barracuda,55
munna,55
tornadus,55
kaisgaru,55
buzz_bomber,55
mega_diancie,55
skydancer_dragon,55
burmese_python,55
forest_spirit,55
quarter_horse,55
snorkasaurus,55
gindo,55
goat_taur,55
summoner_(doom),55
alpaca_humanoid,55
shadowweregarurumon,55
harbor_seal,55
nirik,55
ambient_moth,55
sergal_taur,55
neuropteran,55
cohock_(splatoon),55
banded_gecko,55
speed_forme_deoxys,55
lupinossai,55
pink_slime_(slime_rancher),55
arcanaloth_(dnd),55
digidevil,55
omen_(elden_ring),55
jasper_(gem_species),55
minior_(core_form),55
parasite_(skullgirls),55
unopan,55
ambient_flea,55
gilded_dragon,55
siphary_dragon,55
colossus,54
tarutaru,54
banshee,54
weevil,54
coronamon,54
dimetrodon,54
giant_squid,54
solosis,54
landorus,54
kraskit,54
avalugg,54
virus_(kittikary),54
zebra_humanoid,54
goldyura,54
mosquito_humanoid,54
shutmon,54
furred_drake,54
shellder_(slowking),54
myriapod_humanoid,54
catopuma,54
chymlaxi,54
true_toad,54
gigantamax_eevee,54
grapploct,54
fella_(aimkid),54
lantern_mouse_(rain_world),54
silver_dragon_(dnd),54
stegobold,54
felhound_(warcraft),54
sniffer,54
lupin_(ffxiv),54
dark_matter_(kirby),54
idrath,54
orc_(delicious_in_dungeon),54
sealeo,53
forretress,53
baltoy,53
clamperl,53
mephitoad,53
dorulumon,53
necron,53
irbis,53
metaletemon,53
shugr,53
behir,53
mega_altaria,53
snake_wyvern,53
serpentine_dragon,53
elf_owl,53
gatchmon,53
alolan_raticate,53
angara,53
fox_terrier,53
veilhound,53
legendary_beasts,53
meltan,53
vector_(hsd),53
pig_orc,53
ocean_sunfish,53
impmon_x,53
ice_face_eiscue,53
green-banded_broodsac,53
kleika,53
kobold_(5e),53
vuljath,53
copper_dragon_(dnd),53
draft_mule,53
fanged_dragon,53
jetragon,53
abstraction_(tadc),53
velociprey,52
spycrab,52
carapacian,52
cyberdramon,52
gothita,52
tynamo,52
ice_jogauni,52
ushi-oni,52
flame_atronach,52
hunter_(resident_evil),52
darkling,52
burrowing_owl,52
streaked_tenrec,52
snotter,52
taffy_monster,52
pixie_(monster_rancher),52
moonblood,52
dathomirian,52
mutant_to'kustar,52
ascended,52
mantis_shrimp,52
smilodon_fatalis,52
wilderkin,52
thundurus_(incarnate_form),52
normal_kyurem,52
atrociraptor,52
amazon_milk_frog,52
domestic_pigeon,52
oceanic_whitetip_shark,52
lizard_taur,52
sur'ri,52
ottaroo,52
sir_unit,52
besuru,52
dire_leopard,52
calico_cat_humanoid,52
sentry_turret_(portal),52
petroid,52
wyrdeer,52
hisuian_braviary,52
cog_(toontown),52
r2-series_astromech_droid,52
siriusmon,52
tinkatuff,52
ambient_pokemon,52
waste_allocation_load_lifter_earth-class,52
beastkin_(gatobob),52
kachooli,52
nightcrawler_gootraxian,52
sleepy_boo_(super_mario_sunshine),52
adasaurus,52
void_fluff,52
wudwud,52
geogreymon,51
agnaktor,51
amargasaurus,51
escavalier,51
eelektrik,51
asian_golden_cat,51
blue_crane,51
wereshark,51
gear_(guilty_gear),51
magical_creature,51
shishi_dog,51
nova_scotia_duck_tolling_retriever,51
guzzlord,51
koopatrol,51
monster_pony,51
werefish,51
penguin_humanoid,51
mimic_dragon,51
kirin_humanoid,51
great_girros,51
headcrab_zombie,51
barbary_macaque,51
protocol_droid,51
yak_humanoid,51
dicraeosaurid,51
acarine,51
paradisaeid,51
syakomon,51
european_shorthair,51
aquatic_kobold,51
cazador_(fallout),51
colossus_(shadow_of_the_colossus),51
mossdog,51
nexis_domine,51
feathered_dromaeosaurid,51
hoarding_bug_(lethal_company),51
boximp_(species),51
bile_titan,51
nanyangosaurus,51
mammalian_3,51
bonsly,50
cascoon,50
borg,50
warforged,50
lindwurm,50
monstrous_nightmare,50
ichthyosaur,50
inkay,50
scatterbug,50
smooth_collie,50
beastmon,50
mega_pidgeot,50
neopteron,50
centipede_humanoid,50
banzai_bill,50
alolan_sandshrew,50
egyptian_wolf,50
major_mitchell's_cockatoo,50
xerneas_(neutral_mode),50
cockroach_humanoid,50
alpine_ibex,50
soay_sheep,50
abyssal_(kancolle),50
indian_peafowl,50
taipan,50
viper_tobi-kadachi,50
teiid,50
hound_of_tindalos,50
hoksho,50
food_pony,50
owl_beast_(the_owl_house),50
fainting_goat,50
twinkle-eyed,50
waggan,50
poppet_(species),50
living_banana,50
white_flower_florges,50
garnet_(gem_species),50
moonshadow_elf,50
moonkin,49
dalek,49
wizardmon,49
revenant,49
kricketot,49
drell,49
skorupi,49
sea_cucumber,49
brushtail_possum,49
gigginox,49
mooshroom,49
gaogamon,49
grouse,49
rodian,49
elder_lemurian,49
dug_(species),49
nephilim,49
nopon,49
kalapean,49
gumshoos,49
blanc_de_hotot,49
sky_bison,49
saltwater_crocodile,49
bluetick_coonhound,49
rogialos,49
anteater_humanoid,49
giraffid_taur,49
fancy_pigeon,49
homotherium,49
sanitized_octarian,49
strigopoid,49
bleeding-heart_monkey,49
marwari,49
somnacanth,49
dragon_otter,49
squid_(minecraft),49
deerfox_(hilda),49
loogamon,49
custom_unown_form,49
percoid,49
wau,48
bastiodon,48
cybunny,48
hanar,48
hobbit,48
thri-kreen,48
durant,48
qurupeco,48
barroth,48
black_kyurem,48
springhare,48
jaggi,48
tundra_dragon,48
lunamon,48
skeleton_(minecraft),48
coatl_dragon,48
great_tit,48
mandrake_marshal,48
giras,48
marineangemon,48
molten_corgi,48
infested_(warframe),48
aphid,48
ryuu-neko,48
beast_sergal,48
snapper,48
rhode_island_red,48
blue-eyed_black_lemur,48
ground_sloth,48
desert_cottontail_rabbit,48
dutch_shepherd,48
finnish_lapphund,48
kan'vi,48
trumpeter_swan,48
short-eared_owl,48
green_gecko,48
beaked_toad,48
exadian,48
acara_(neopets),48
unusual_taur,48
bomberman_(species),48
clodespin_(species),48
neuron_fly,48
maned_wolf_taur,48
snowman_(species),48
mutant_(x-men),48
veggiefolk,48
northland_green_gecko,48
elvaan,47
metalgreymon,47
hominin,47
spacebat,47
blue_anole,47
gigalith,47
nobody_(kingdom_hearts),47
blue-tailed_skink,47
egg_pawn,47
hextaur,47
fangmon,47
fire_belly_newt,47
mikemon,47
wind_dragon,47
nikitak,47
stag_beetle,47
wolfos,47
azure_rathalos,47
drakonid,47
gaytor,47
zamtrios,47
trilobite,47
malfestio,47
mousemallow,47
cane_toad,47
abum,47
badger_humanoid,47
jersey_cattle,47
lion_tamarin,47
day_gecko,47
baba_(tloz),47
sledge_bro,47
qsiti,47
lava_humanoid,47
living_star,47
glyphid,47
merm,47
gold_dragon_(dnd),47
crocanine,47
hormone_monster,47
bundroid,47
breadfluff,47
eyeless_dog_(lethal_company),47
rose_creature,47
puyo,46
shellos,46
silcoon,46
staravia,46
darwin's_fox,46
nerond,46
tegu,46
archangel,46
dwebble,46
alomomola,46
amoonguss,46
elgyem,46
porpoise,46
daimon,46
pharaoh_hound,46
grave_gryphon,46
steller's_sea_eagle,46
triclops,46
mook,46
swedish_vallhund,46
cyavian,46
living_ship,46
crested_gecko,46
piscciss_volann,46
vikavolt,46
alien_cat,46
bee_pony,46
titan_(attack_on_titan),46
snow_goose,46
bass_(fish),46
ambient_ladybug,46
ambient_dragonfly,46
edible_dormouse,46
crocodile_humanoid,46
dtella,46
four-clawed_gecko,46
inland_taipan,46
banbaro,46
duraludon,46
synth-crador,46
spirit_dream_eater,46
yurei,46
milcery,46
afika,46
falinks,46
herissmon,46
vox_(space_station_13),46
sewer_monster,46
palisman_(the_owl_house),46
daddy_long_legs_(rain_world),46
r-series_astromech_droid,46
demi-human_(elden_ring),46
pianta_(super_mario_sunshine),46
mutant_neopet,46
basilisk_(the_owl_house),46
c_line_kishin,46
ruby_cream_alcremie,46
talbuk,45
mudokon,45
tyrannomon,45
lamprey,45
castanic,45
altmer,45
ibizan_hound,45
winged_pikmin,45
f-22_raptor,45
shadow_dragon,45
xer'sai,45
hackmon,45
slime_dragon,45
tamanuus,45
kartana,45
fan_species,45
musimon,45
furred_wyvern,45
mershark,45
grackle,45
cryophoenix,45
beringel_(rwby),45
european_goldfinch,45
black-footed_cat,45
ursid_taur,45
khonorik,45
wiggler_(mario),45
dhole_humanoid,45
primitive_hunting_dog,45
alligatorid_humanoid,45
dragonoid_(bakugan),45
oriental_magpie,45
antigone_(genus),45
aquatic_dragon_humanoid,45
welsh_sheepdog,45
bolovaxian,45
drakloak,45
sacred_scarab,45
star_trim_furfrou,45
ahamkara_(destiny),45
toysky,45
mewlin_(species),45
inkling_(squid_form),45
vulpkanin,45
shadow_pony,45
gojid_(the_nature_of_predators),45
regional_form_(fakemon),45
overseer_(rain_world),45
hydrapple,45
direhowl,45
stalker_(helldivers),45
berry_sweet_alcremie,45
spiny,44
bronzor,44
burmy,44
pupitar,44
ruffed_lemur,44
tentacle_plant,44
accelgor,44
crustle,44
basculin,44
ferrothorn,44
megidramon,44
pink_fairy_armadillo,44
skakdi,44
betsumon,44
brittany_spaniel,44
zombie_(minecraft),44
mechari,44
yuki-onna,44
mouse_lemur,44
zebesian,44
onene,44
matile,44
rubikang,44
metal_gear_(robot),44
wild_cat,44
raposa,44
primal_sunflower,44
gorn_(species),44
fomantis,44
coconut_crab,44
revenant_(doom),44
yellow_mongoose,44
peafowl_humanoid,44
tzitzi-ya-ku,44
chillydog,44
indian_flying_fox,44
sanitized_octoling,44
blue_toad,44
tv_head_robot,44
puyo_(puyo_puyo),44
blue_bunting,44
vex_(destiny),44
red_dragon_(dnd),44
octopus_merfolk,44
lalafox,44
duros_(species),44
cyan_wisp_(sonic),44
feral_taur,44
garyu_(species),44
alpha_lucario,44
royal_vernid,44
broncherry,44
elizamon,44
pherodrake,44
vulcan,43
hippowdon,43
pineco,43
unidentified_species,43
octorok,43
koromon,43
aeromorph,43
monzaemon,43
springer_spaniel,43
snow_serval,43
zephyrmon,43
dust_bunny,43
hyacinth_macaw,43
mega_medicham,43
cucco,43
mega_manectric,43
grineer,43
betamon,43
crystal_lizard,43
indigo_bunting,43
temnoceran,43
taotie,43
sair,43
tuatara,43
golden_lion_tamarin,43
sandhill_crane,43
god_dragon,43
hare_humanoid,43
harvin,43
wyvern_humanoid,43
tyrant_flycatcher,43
true_thrush,43
fall_guy,43
mabosstiff,43
kilowattrel,43
arboliva,43
valkwulf,43
new_world_deer_taur,43
bulborb_(pikmin),43
nox_(pal),43
snarf_(species),43
ruby_swirl_alcremie,43
spoonwing,43
siamese_mouse,43
cactuar,42
anorith,42
probopass,42
salamon,42
chickadee,42
yellow-footed_rock-wallaby,42
goagon,42
kazemon,42
botamon,42
meow_wow,42
water_nymph,42
woolly_rhinoceros,42
eliatrope,42
cane_corso,42
vampire_squid,42
hundun,42
reticulated_python,42
silkie_chicken,42
type_null,42
dhelmise,42
gizoid,42
dream_creature,42
werepokemon,42
vicuna,42
peterbald,42
veiled_chameleon,42
winged_yoshi,42
cecropia_moth,42
cat_robot,42
unown_!,42
butterflyfish,42
vayron,42
ambient_dragon,42
legendary_titans,42
cactus_cat,42
kite_(bird),42
little_owl,42
american_marten,42
basilosaurid,42
octodontid,42
shadekin,42
gecko_humanoid,42
super_mutant_(fallout),42
viltrumite,42
bombirdier,42
purrely,42
white_wisp_(sonic),42
zylep,42
sacabambaspis,42
alpha_abra,42
pomily,42
relaxaurus,42
synth_(dtstat),42
small_indian_mongoose,42
coral_dragon_(rainbowwave),42
skunny,41
silverfish,41
degu,41
veedramon,41
viximon,41
dynx,41
kakapo,41
gamorrean,41
coelacanth,41
cryogonal,41
nightjar,41
sindaraye,41
vampony,41
ratteguhncat,41
chasmosaurus,41
draik_(neopets),41
barraki,41
moa_(warframe),41
whip_spider,41
zeus_genus,41
alolan_dugtrio,41
werecoyote,41
snake_pony,41
bird_dragon,41
antelope_humanoid,41
jackalope_humanoid,41
tornadus_(incarnate_form),41
half-vampire,41
living_planet,41
lowland_streaked_tenrec,41
kingbird,41
martin_(bird),41
mythological_baku,41
african_wild_dog_humanoid,41
spectral_dog,41
amatsu_(mh),41
toothed_whale_humanoid,41
skull_kid_(species),41
emerald_tree_boa,41
sphinx_humanoid,41
corvisquire,41
water_dragon_(agamid),41
glowing_deathclaw,41
california_kingsnake,41
breed_(biomutant),41
dolehest,41
shoggoth_(h.p._lovecraft),41
medabots_(models),41
axolotl_(minecraft),41
valbaran,41
daxy,41
weaver_(hollow_knight),41
drizzler_(splatoon),41
wolver_(spiral_knights),41
stompo,41
iron_leaves,41
munkidori,41
jellenheimer,41
selis,41
dorid_nudibranch_humanoid,41
creaking_(minecraft),41
byrdle_(atlyss),41
monstrous_demon,41
hooda,40
bullsquid,40
metang,40
shelgon,40
shieldon,40
mancubus,40
rufflet,40
plesioth,40
frost_rotom,40
jackdaw,40
arzuros,40
krazoa_spirit,40
jinjo,40
side-striped_jackal,40
mega_sableye,40
mega_latios,40
psychemon,40
neemon,40
bokomon,40
nature_spirit,40
fruit_dragon,40
cappy_(kirby),40
aldgoat,40
sensu_oricorio,40
lunalight,40
house_martin,40
bandit_(mario),40
unown_z,40
khnum_(serious_sam),40
angel_(dragon_ball),40
venandi,40
annelid_humanoid,40
crustacean_taur,40
firbolg,40
miniature_horse,40
hokkaido_dog,40
lynx_taur,40
neovison,40
timber_pony,40
egretta,40
tentacle_dog,40
hazel_dormouse,40
dandy_trim_furfrou,40
rakshasa_(might_and_magic),40
fuckplant,40
brahmin_(fallout),40
medusabold,40
revenant_(supersoupnova),40
enamorus,40
tbh_creature,40
red_bluster,40
lyran_(lunate),40
curator_(species),40
goblin_(gigantic),40
red_flower_flabebe,40
jellyfish_(spongebob),40
yrryf,40
abissal,40
old_god_(fear_and_hunger),40
phasefox,40
white_dragon_(species),40
windea_(fadingsky),40
techno,39
demiveemon,39
phanto,39
grunt,39
blackbuck,39
deku_baba,39
nautolan,39
rancor,39
starman,39
azul,39
seadramon,39
lutecian,39
kelbi,39
scarfy,39
ridgeback_dragon,39
najarala,39
birrin,39
nutria,39
sardine,39
echinoderm_humanoid,39
xaela,39
dawn_wings_necrozma,39
yiga,39
thundurus_(therian_form),39
marvellous_spatuletail,39
warpjaw,39
cabal_(destiny),39
rahi,39
black_tip_reefshark,39
skandark,39
pincurchin,39
donkey_taur,39
khovita,39
bunger,39
phantomilian,39
kin_(bloodborne),39
cleric_beast_(bloodborne),39
shield_moblin,39
lizard_(bless_unleashed),39
3po-series_protocol_droid,39
shark_merfolk,39
quaxwell,39
harengon,39
drazil_(grimm3d),39
stupid_rat_(pizza_tower),39
hellhound_(lapfox_trax),39
gnarpian,39
water_demon_(slightly_damned),39
robot_taur,39
celestrian,39
flying_pig,38
remora,38
tokomon,38
hellhorse,38
darumaka,38
palpitoad,38
zoid,38
draugr,38
raskvel,38
mega_scizor,38
grey_kangaroo,38
wereskunk,38
golden_labrador,38
tizzian,38
english_springer_spaniel,38
ikkakumon,38
gold_rathian,38
silgrian,38
otusian,38
akinna,38
suchomimus_(species),38
shuna,38
pretztail,38
cornish_rex,38
galra,38
prowler,38
tiban,38
bowgart,38
dolphin_humanoid,38
white_lizard_(rain_world),38
hackmon_(appmon),38
american_mink,38
pegasus_humanoid,38
cetacean_taur,38
weremephitid,38
african_wildcat,38
carolina_dog,38
parasitiform,38
reindeer_taur,38
feathered_dragon_humanoid,38
yaga,38
ethereal_monster,38
arctozolt,38
hypnolizard,38
wraithraiser,38
noxkat,38
rikkor,38
viatores,38
chicken_(minecraft),38
grizzbolt,38
dracobit_(species),38
farsul_(the_nature_of_predators),38
service_droid,38
kindred_(world_of_darkness),38
chatacabra,38
girl_(8eyes),38
twisteds_(dandys_world),38
crayfish,37
dhampir,37
japanese_marten,37
thel,37
marine_iguana,37
akrennian,37
flying_fish,37
duosion,37
caterkiller,37
wingless_gryphon,37
rosemon,37
horshu,37
mabari,37
mipedian,37
jaggard,37
tsunomon,37
rockman_(species),37
furred_lizard,37
fantail_pigeon,37
necrofriggian,37
magihound,37
moofah,37
idog,37
villager_(minecraft),37
bat_(cave_story),37
angel_(evangelion),37
stakataka,37
lucky_beast,37
half-demon,37
berurun,37
eurasian_bullfinch,37
tempest_wolf,37
marsupial_taur,37
gryphonification,37
coyote_humanoid,37
plant_cloak_burmy,37
anseriform_humanoid,37
anatid_humanoid,37
folfitty,37
defense_forme_deoxys,37
highland_psycrhen,37
true_bullfinch,37
radroach_(fallout),37
mudraptor,37
bb-series_astromech_droid,37
catte_(kaiju_paradise),37
jelly_neopet,37
palafin,37
honeysham,37
red_flower_floette,37
ku-series_service_droid,37
archaic_human,37
fennec_fox_taur,37
common_bowgart,37
cow_(minecraft),37
mooncalf_(sindri_myr),37
bread_creature,37
moonbee,37
construct_(mh),37
norn,36
hippopotas,36
water_spirit,36
english_setter,36
bloodletter,36
flowercat,36
yian_kut-ku,36
snarbolax,36
draken,36
selonian,36
schipperke,36
atronach,36
milk_snake,36
groenendael,36
commandramon,36
gnorc,36
troll_(feral),36
kaithrit,36
rokurokubi,36
sargorn,36
horn_point,36
spike_(mario),36
minion_(overlord),36
brightosaur,36
cherub_(homestuck),36
ragamuffin_cat,36
spotted_salamander,36
landorus_(incarnate_form),36
pinniped_humanoid,36
deer_pony,36
death's-head_hawkmoth,36
weresciurid,36
werescalie,36
threskiornithid_humanoid,36
ibis_humanoid,36
cissa_(genus),36
caridean_shrimp,36
chiropteran_demon,36
spiny_lizard,36
marshadow_(zenith_form),36
icelandic_horse,36
slime_(genshin_impact),36
pinky_(doom),36
fenomenan,36
nommie,36
panon_rabbit,36
prehensile_tailed_rat,36
domino_sisters,36
questing_beast,36
ichorynth,36
altean,36
finizen,36
guardian_(tloz),36
living_computer,36
skibidi_toilet_(species),36
long-eared_owl,36
long_neck_taur,36
nian_(species),36
lesser_mokuri,36
kacheek,35
pegasusmon,35
blumaroo,35
squirrel_monkey,35
shinigami,35
shelmet,35
klink,35
reverse_gryphon,35
firewolf,35
ocicat,35
inugami,35
bosmer,35
chargin'_chuck,35
cordyceps,35
great_wroggi,35
evil_hare_(monster_rancher),35
indochinese_green_magpie,35
neanderthal,35
demon_horse,35
wuzzle,35
lambeosaurus,35
omicronian,35
saurin,35
lasat,35
earwig,35
dreadqueen_rathian,35
kwami,35
verminlord,35
iguini,35
trianii,35
phessian,35
commerson's_dolphin,35
unown_q,35
hand_creature,35
amphithere,35
scrub_jay,35
goodman's_mouse_lemur,35
ambient_seagull,35
mountainfolk,35
swallowtail_butterfly,35
tiger_moth,35
eld's_deer,35
myriapod_taur,35
macropod_taur,35
dimorphodon,35
tick_(arachnid),35
leopardus_humanoid,35
tigrar_shokan,35
fulgur_anjanath,35
grovetender,35
oriole_(bird),35
pooka_(dig_dug),35
halfworlder,35
izuchi,35
sinosauropteryx,35
lawachurl,35
primal_(biomutant),35
simulacrum,35
enamorus_(incarnate_form),35
evros,35
vishap_(genshin_impact),35
vigor-mie,35
fumamon,35
tatsugiri_(stretchy_form),35
tatsugiri_(droopy_form),35
umiyaena,35
microfluff,35
m_line_kishin,35
chikipi,35
spinel_(gem_species),35
belgian_tervuren,35
sharkitty_(yongin),35
vortihound,35
matriarch_queen,35
prawn,34
gordo,34
cape_fox,34
sahagin,34
horseshoe_crab,34
wolfhound,34
karrablast,34
vullaby,34
paragoomba,34
crabmeat,34
birdramon,34
wereotter,34
chikin,34
shushu,34
french_bulldog,34
spiral_dragon,34
dogo_argentino,34
arakkoa,34
skunkettemon,34
duplighost,34
bellyburster_(species),34
tundra_wolf,34
splixson,34
nyxie,34
celestial_dragon,34
kanj'isha,34
unown_?,34
turf_tiger,34
goshawk,34
cardigan_welsh_corgi,34
cacklin,34
rainbow_trout,34
uxorite,34
vakari,34
digimon_taur,34
werereptile,34
ape_humanoid,34
behemoth_(dauntless),34
gambian_pouched_rat,34
rare_monster_(my_singing_monsters),34
furred_dragon_taur,34
concavenator,34
rookidee,34
lobani,34
overcast_form_cherrim,34
worm_humanoid,34
voogaroo,34
harpy_(terraria),34
bleitsell,34
grunt_(madness_combat),34
white-winged_parakeet,34
muh'kean,34
lionhead_rabbit,34
annihilape,34
pig_(minecraft),34
miuntaa,34
space_dog_(pikmin),34
elphidran,34
pinstriped_poker,34
silek,34
airplane_pony,34
balhannur,34
happy_ghast_(minecraft),34
gen_mo'kai,33
wormadam,33
japanese_fire_belly_newt,33
tamarin,33
skull_dragon,33
great_baggi,33
gurdurr,33
metalgarurumon,33
fan_rotom,33
masked_palm_civet,33
luminari,33
gatomon_x,33
italian_wolf,33
pumpkinmon,33
parasyte,33
blackagumon,33
scp-131,33
griffon_vulture,33
chinstrap_penguin,33
aptonoth,33
blackgabumon,33
latius,33
frilled_shark,33
agudner,33
zygarde_complete_forme,33
piraka,33
galago,33
huppermage,33
sprite_(homestuck),33
tattletail_(species),33
american_staffordshire_terrier,33
megaloceros,33
cape_vulture,33
mecranord,33
hunter_slime,33
rhinoceros_humanoid,33
hadanin,33
shadel,33
longtailclops,33
west_sea_shellos,33
snow_pea_(pvz),33
bactrian,33
sleeper_shark,33
chlamydoselachid,33
hexanchiform,33
morelia_(snake),33
tibetan_spaniel,33
three-legged_crow,33
mythological_nian,33
slerm,33
centiskorch,33
arrokuda,33
squellac,33
pokey_(mario),33
neferkiti,33
brushtail_marten,33
cetitan,33
dire_train,33
drazerk,33
spiko,33
dreameater_(stargazernue),33
zonai_construct,33
zap_goat,33
mesopotamian_blue,33
larva_humanoid,33
fork-tailed_flycatcher,33
thunder_beast_(flower_knight_dakini),33
rosetted_tabby,33
mint_cream_alcremie,33
bestial_object,33
tarantriss,33
half_human,32
marilith,32
hunter_(left_4_dead),32
nibblonian,32
white_fatalis,32
raiju,32
american_eskimo,32
krii,32
sabrecat,32
digitamamon,32
eldrazi,32
mirror_dragon,32
pearlcatcher_dragon,32
powerwild,32
namazu,32
norwegian_elkhound,32
revonnahgander,32
dragonwrought_kobold,32
barnacle_(hl),32
spectacled_flying_fox,32
floofshark,32
bane_(species),32
raichamonolith,32
red-striped_basculin,32
akaname,32
english_cocker_spaniel,32
kangaroo_humanoid,32
slithereen,32
beaver_humanoid,32
white-beaked_dolphin,32
nathrezim,32
metjef,32
velvet_ant,32
kangaroo_taur,32
gourmand_(ben_10),32
common_loon,32
eastern_screech_owl,32
little_auk,32
small_cabbage_white,32
white_rhinoceros,32
macropod_humanoid,32
ogre_(dragon_quest_x),32
trochilinae,32
jaquin,32
flytrap_humanoid,32
peeper_(subnautica),32
mud_creature,32
snow_golem_(minecraft),32
krawk_(neopets),32
chowba,32
calderian,32
trifeagon,32
mister_handy_(fallout),32
archvile_(doom),32
ushi-oni_(mge),32
simian_(species),32
celestial_wolf,32
hydromel,32
mountain_kobold,32
valtalska_dercas,32
maschiff,32
murid_taur,32
plushie_neopet,32
nerd_(species),32
magenta_wisp_(sonic),32
aquamarine_(gem_species),32
niva_(fluffybastion),32
caterpillar_humanoid,32
lux_(species),32
draksune,32
bomb_head,32
cabbit_(tenchi_muyo),31
nue,31
australian_water_dragon,31
roggenrola,31
tirtouga,31
mow_rotom,31
puff-shroom,31
loftwing,31
andrewsarchus,31
lilmothiit,31
girtablilu,31
maverick_(mega_man),31
drimogemon,31
skrelp,31
cal-tsi,31
spitbug,31
western_spotted_skunk,31
american_curl,31
pain_elemental,31
czechoslovakian_wolfdog,31
coelophysis,31
proboscis_monkey,31
kecha_wacha,31
daku,31
rail_(bird),31
bronto_burt,31
green_tree_python,31
wimpod,31
pianitchi,31
tarunah,31
blue_dragon_(species),31
corruption_(species),31
living_mannequin,31
spanish_dancer,31
yellow-banded_poison_dart_frog,31
carolina_anole,31
dusk_mane_necrozma,31
liloc_(species),31
draggot_(species),31
ambient_frog,31
rat_terrier,31
manotaur,31
sayaad,31
european_robin,31
malayan_tapir,31
filmon,31
raunikayle,31
orca_taur,31
beelstarmon,31
largo_slime,31
dire_tank,31
certhioid,31
titmouse_(bird),31
raccoon_dog_humanoid,31
sandaconda,31
calupoh,31
irish_terrier,31
kinfolk_(species),31
libredrone,31
raenix_(species),31
vulper,31
slasher_(dead_space),31
koel,31
bloomara,31
felstalker_(warcraft),31
bestboi,31
iron_golem_(minecraft),31
mythological_arachnid,31
mythological_arthropod,31
living_logo,31
scrapper_(splatoon),31
tri-brigade,31
kazdruk,31
octobax,31
seafluff,31
coil-head_(lethal_company),31
living_musical_instrument,31
fearsome_critter,31
darkling_(rodent_powered),31
durachev,31
caprigor,31
lamiamon,31
vulva_creature,31
malboro,30
clione,30
blargg,30
inca-ren,30
whirlipede,30
omnimon,30
yahg,30
miniblin,30
fae_dragon,30
bulborb,30
monster_under_your_bed,30
heavy_draft,30
var'kel,30
vikemon,30
dalamadur,30
p-47_thunderbolt,30
vastatosaurus_rex,30
mgalekgolo,30
voidling,30
carapaceon,30
horned_viper,30
laprine,30
tervuren,30
voidling_(lol),30
space_fox,30
wishiwashi_(school_form),30
fillyjonk,30
leshy,30
easkull,30
dragon_moray,30
centipede_taur,30
wocky_(neopets),30
lezagrad,30
ruby-throated_hummingbird,30
hair_creature,30
hybrid_taur,30
longtail_carpet_shark,30
jandaya,30
chuckwalla,30
nure-onna,30
chort,30
bio-android,30
copperajah,30
cyborg_taur,30
ambient_cat,30
hissi_(neopets),30
true_finch,30
las_plagas_parasite_(resident_evil),30
drukhari,30
securitron_(fallout),30
gnollsune,30
cat-sith_(sao),30
bosamon,30
dinodog_(species),30
folicoatl,30
welsh_pony,30
nucleon_(fakemon),30
livly_(species),30
noctide,30
dire_helicopter,30
artifice_(dream_mirage),30
colonial_organism,30
winter_sprite,30
mink-mink_harpy,30
primal_(granblue_fantasy),30
chi-yu,30
melmacian,30
azorian,30
candy_neopet,30
kantus_(gears_of_war),30
lampcat,30
draconis_elementa,30
boss_bokoblin,30
yellow_flower_florges,30
nukite,30
erogenetian,30
hygrodere_(lethal_company),30
blue_mage_(final_fantasy),30
charger_(helldivers),30
kobold_(kobold_festival),30
hunter_(helldivers),30
beastie_(species),30
eydynx,30
flarespeon,30
nyabootmon,30
undine,29
giant_salamander,29
snork,29
hoatzin,29
cormorant,29
gallantmon,29
nogitsune,29
klinklang,29
yian_garuga,29
selkirk_rex,29
machinedramon,29
wall-nut,29
anubismon,29
fox_squirrel,29
mogma,29
mogu,29
crowned_pigeon,29
guardian_dragon,29
khaa'ther,29
krall,29
bakemon,29
mega_beedrill,29
fanaloka,29
vine_snake,29
temmie_(species),29
barbary_lion,29
mandrake_major,29
calot,29
red_martian,29
tapu_bulu,29
monspik,29
giraffe_weevil,29
tynx,29
hourglass_dolphin,29
comoro_flying_fox,29
sea_guardians,29
sengi,29
succubat_(dragon_quest),29
procyonid_taur,29
ambient_barnacle,29
plant_cloak_wormadam,29
flat_coated_retriever,29
leech_humanoid,29
lusus_naturae,29
nightshade_paolumu,29
sinistea,29
portuguese_water_dog,29
skye_terrier,29
allotheria,29
zombie_(plants_vs_zombies),29
ensafir,29
sardonic_lynx,29
sisalian,29
lafoyan,29
magicorn,29
chumouree_(rodent_powered),29
springlock_suit,29
wagon(species),29
violet_mizutsune,29
runebear_(elden_ring),29
wugtrio,29
blue_wisp_(sonic),29
orange_wisp_(sonic),29
ucumar,29
grox_(spore),29
duskwalker,29
erosion_bird,29
e_line_kishin,29
lyleen_(pal),29
visha,29
blue_flicky,29
boom_boo_(sonic),29
ct'hussian,29
sabersnep,29
salted_cream_alcremie,29
omnitope,29
mutant_(tmnt),29
chiropmon,29
sabertooth,28
mephit,28
snifit,28
rakshani,28
elfane,28
tribble,28
uruk-hai,28
hiver,28
wolf_spider,28
luck_dragon,28
felynn,28
possat,28
chaos_god,28
ichthyosaurus,28
butterfly_dragon,28
longhorn,28
fraggle,28
protopet,28
missile_toe,28
tokay_gecko,28
collector,28
bushwoolies,28
blaze_(minecraft),28
clawitzer,28
mega_tyranitar,28
austroraptor,28
galah,28
minxen,28
bushtit,28
volcanion,28
scp-745,28
roden,28
kikimora,28
andorian,28
charjabug,28
crabrawler,28
ammonite,28
chevrotain,28
fox_squirrel_(ghibli),28
hamadryas_baboon,28
fenkey,28
tajaran,28
arabian_wolf,28
texas_horned_lizard,28
pacific_swallow,28
macaw_humanoid,28
raccoon_taur,28
ichthyosaurid,28
borophagine,28
monodelphis,28
kiko_goat,28
resplendent_quetzal,28
calling_gecko,28
matriarch_worm,28
flapple,28
runerigus,28
macronarian,28
noice_face_eiscue,28
fringillid,28
hyena_taur,28
zevashi_roach,28
kobold_(warcraft),28
starble,28
platypet_(temtem),28
hydrozoan,28
cryptid_(call_of_duty),28
pyrubis_(insomniacovrlrd),28
coronavirus_(organism),28
solari_(species),28
dogborg,28
boo_block,28
cookie_humanoid,28
cephalopod_merfolk,28
alderian,28
paldean_tauros_(combat_breed),28
klingon_(star_trek),28
pink_wisp_(sonic),28
blue_honeysham,28
ancient_(rain_world),28
holy_beast_(core34),28
owlin,28
lethalcreature_(darnhyena),28
primal_(final_fantasy_xiv),28
living_motorcycle,28
aqualateons,28
selenite,28
canis_species(narram),28
green_puyo,28
tapeworm,27
shikigami,27
mixed,27
vortian,27
brute,27
marmoset,27
orthrus,27
angemon,27
beast_kin,27
minish,27
devourer,27
sandpiper,27
cobrat,27
rock_pikmin,27
clubba,27
orange_tabby,27
cellan_(species),27
texas_longhorn,27
fuzzy_(mario),27
zygarde_cell,27
virus_(dr._mario),27
poppy_bros_jr.,27
gemlin,27
water_opossum,27
hizathri_(species),27
vaxasaurian,27
anthro_insect,27
spectral_bat,27
gammoth,27
dragon_(lol),27
minion_(lol),27
unown_j,27
lynx_humanoid,27
ninji_(mario),27
black-chested_buzzard-eagle,27
dragonfish,27
moffle_(species),27
whale_humanoid,27
glass_frog,27
sand_tiger_shark,27
hinox,27
malo_1.1,27
loth-wolf,27
tiger_salamander,27
norwegian_alfheim_dragon,27
east_sea_shellos,27
minior_(meteor_form),27
grimalkyne,27
blackguilmon,27
crab_taur,27
channel-billed_toucan,27
karo-amu,27
common_raven,27
warbler,27
lepidopterran_(ben_10),27
batgriff,27
pale_clouded_yellow,27
cheetah_taur,27
werebovine,27
river_pig,27
sun_parakeet,27
boer_goat,27
accipitriform_humanoid,27
curly_coated_retriever,27
eurasian_blue_tit,27
baaz,27
dinobot_(species),27
sin_eater,27
galarian_corsola,27
shara_ishvalda,27
enigma_(species),27
monolophosaurus,27
equine_satyr,27
beast_(pikmin),27
scourge_beast_(bloodborne),27
rain_imp,27
vial_(species),27
dracotiel,27
carneline_(kaiju_paradise),27
vulture_(rain_world),27
clicker_(tlou),27
traditional_moogle,27
suslik_(species),27
apostlebird,27
corcoracidae,27
living_condiment,27
ogre_(warcraft),27
rutann_species,27
tigerbee,27
primordial_malzeno,27
limb_creature,27
mau_(pal),27
pawns_(fattmana),27
deep_pony,27
labubu,27
cottoid,27
otherling,27
gubby_(species),27
cuptain,27
skerpent,26
esper,26
silphymon,26
imperial,26
loris,26
vajramon,26
stink_bug,26
sentinel,26
mana_dragon,26
devidramon,26
victorygreymon,26
scallop,26
watchdog,26
gelfling,26
crazee_dayzee,26
extyrannomon,26
river_zora,26
mega_aggron,26
aeriatlas,26
greenland_dog,26
long-eared_hedgehog,26
awoken,26
kuchisake-onna,26
silver_rathalos,26
zebra_shark,26
star_nomad,26
galian_beast,26
turtonator,26
alolan_grimer,26
american_robin,26
digimon_humanoid,26
salamandrian,26
poptop,26
hungarian_sheepdog,26
catahoula_cur,26
silenus,26
river_dolphin,26
mephitidae,26
goblinoid,26
pangolin_humanoid,26
green-cheeked_conure,26
gorochu,26
sand_cat_humanoid,26
california_sea_lion,26
unicronian,26
black-capped_chickadee,26
hinny,26
stripe-faced_fruit_bat,26
weremarsupial,26
shadow_humanoid,26
corgidile,26
weresuid,26
phantom_(minecraft),26
perninae,26
aegolius,26
iguana_(genus),26
true_cobra,26
treeing_dog,26
duck_humanoid,26
lemon_people,26
magpie-jay,26
australian_raven,26
arctovish,26
australian_terrier,26
ambient_human,26
senche-raht,26
cowplant_(the_sims),26
arenidean,26
nefer_(species),26
halfcut,26
reaper_leviathan_(subnautica),26
pitador,26
glow_squid_(minecraft),26
living_pickle,26
mummymon,26
lq-84_fenrir,26
formie,26
architect_(subnautica),26
mawframe,26
tenrec_humanoid,26
tundran_woolcoat,26
bloodscale_(imperatorcaesar),26
llama_(minecraft),26
wraith_neopet,26
ffidyll_(my_singing_monsters),26
yebra,26
paper_humanoid,26
monster_(geometry_dash),26
sparkit,26
spookaboo_(species),26
weresuine,26
blue_puyo,26
ghastling_(minecraft),26
forgetail,26
devilshark_(xfr),26
armored_dragon_(kaijudo),26
jabberwocky,25
khyn,25
pekingese,25
c-snake,25
wheelie_(kirby),25
mudskipper,25
egyptian_plover,25
korikakumon,25
toydarian,25
bothan,25
yaungol,25
giggi,25
oarfish,25
dorzian,25
bloophyn,25
raptoid,25
hungry_luma,25
dickwolf,25
giant_isopod,25
percheron,25
tokaya,25
greenland_shark,25
eyebot,25
american_bulldog,25
cryolophosaurus,25
maple_dog,25
crabominable,25
polar_bear_dog,25
fishing_cat,25
tionerroroct,25
japanese_white-eye,25
red_river_hog,25
leaf_dragon,25
dyna_blade_(species),25
strawberry_poison-dart_frog,25
bohemian_shepherd,25
piraya_piranha,25
peleng,25
quasi-ghost,25
sea_bass,25
domestic_goose,25
mammoth_humanoid,25
sun_dragon,25
colugo,25
epicyon,25
organic_transformed_flyer,25
kampfhund,25
tank_humanoid,25
pampas_fox,25
north_american_cougar,25
weremacropod,25
cashmere_goat,25
south_american_tapir,25
ocelot_humanoid,25
shiba_inu_humanoid,25
orb-weaver_spider,25
common_coquí,25
eleutherodactylus,25
gobiiform,25
lemur_humanoid,25
vamcat,25
titanian,25
pholidine,25
cursola,25
matron_trim_furfrou,25
lowland_psycrhen,25
paddlefish,25
cardueline,25
cardueline_finch,25
regieleki,25
hellwolf,25
suhomei,25
bajoran,25
verdugo_(resident_evil),25
helper_drone_(vader-san),25
demon_beast,25
blue_dragon_(dnd),25
cell_(cells_at_work!),25
red_virus_(dr._mario),25
sars-cov-2,25
progenitor_(domehead),25
full_exadian,25
exotic_(cyberpunk),25
equid_satyr,25
plugboy,25
werewerewire,25
m.u.l.e._(drg),25
addison_(deltarune),25
mollusk_merfolk,25
artesian,25
lokix,25
berdimo,25
orthworm,25
halloween_neopet,25
magdalian,25
gekko_(tloz),25
marcep,25
grub-dog_(pikmin),25
living_lemon,25
purrelyly,25
auroricorn,25
coromon_(species),25
melpaca,25
shoemon,25
virelli,25
ticked_tabby,25
mountain_deer_dragon,25
ribbon_sweet_alcremie,25
wiggler_(monster_hunter),25
red_core_minior,25
moonfang,25
watercooler_(deltarune),25
shadowguy_(deltarune),25
horsefly,24
ruminant,24
boldore,24
naiad,24
mon_calamari,24
togemon,24
tuskarr,24
devimon,24
hakutaku,24
fire_bro,24
rift_dragon,24
victoria_crowned_pigeon,24
clauncher,24
thanator,24
maxirobe,24
seeker_of_the_sun,24
artificial_chaos,24
lithulraptor,24
jabberwock,24
dokri,24
hyde,24
capybarian,24
wizzrobe,24
blazermate,24
otter_dragon,24
akhlut,24
abyssal_lagiacrus,24
reaper_(mass_effect),24
cave_lion,24
araquanid,24
briard,24
dalmin,24
copperhead,24
honey_badger_humanoid,24
reppamon,24
north_american_wolverine,24
melmetal,24
malurid,24
rudinn,24
sciurid_taur,24
werekangaroo,24
weredinosaur,24
common_brushtail_possum,24
cellien,24
pallas's_sea_eagle,24
fairywren,24
pegasus_taur,24
meratrix,24
galarian_slowpoke,24
galarian_slowbro,24
zedian,24
leshen,24
space_badger,24
straxian,24
eyebot_(fallout),24
blue_virus_(dr._mario),24
sea_emperor_leviathan_(subnautica),24
dynamonk_(insomniacovrlrd),24
vatkin_(species),24
hisuian_sliggoo,24
snittle,24
grub_(hollow_knight),24
ormer,24
velociraptor_(jurassic_park_3),24
affinity_(bayonetta),24
x'i,24
charcadet,24
scovillain,24
maushold_(family_of_four),24
zapper_(grimm3d),24
pseudoflynx,24
terapagos,24
dossur_(the_nature_of_predators),24
gateon,24
gloom_spawn_(tloz),24
golden_hamster,24
raigaar,24
living_marshmallow,24
urzuk,24
island_puppy,24
vinesian,24
doshaguma,24
mimic_poison_frog,24
grabber_(sonic),24
tardigrade_taur,24
blueberry's_race,24
quillspike,24
inheritor,24
dz'isu,23
poe,23
catoblepas,23
marsupilami,23
space_cat,23
coydog,23
dodongo,23
bastet_(world_of_darkness),23
ulforceveedramon,23
metalseadramon,23
tufted_titmouse,23
guardian_angel,23
iceleomon,23
threepeater,23
batarian,23
eidolon,23
silvex,23
skritt,23
frigatebird,23
lava_shark,23
magma_cube,23
oonzucht,23
turkey_vulture,23
silkworm,23
balloonicorn,23
binacle,23
bonobo,23
replicant,23
venezuelan_poodle_moth,23
rouse,23
aviansie,23
poltergeist,23
european_wildcat,23
hilachev,23
merlinisapien,23
fire_ant,23
cait_sith_(species),23
western_fence_lizard,23
shek,23
bengal_fox,23
mixel_(species),23
troll_(trolls),23
myconid,23
eastern_spotted_skunk,23
brute_tigrex,23
vam,23
lythrion,23
werecattle,23
asian_palm_civet,23
zakretian,23
panzerhund,23
spencer's_goanna,23
giant_insect,23
forzenta,23
harlequin_great_dane,23
capybara_humanoid,23
waterbot,23
sandbar_shark,23
amabie,23
lilac-breasted_roller,23
rat_taur,23
spotted_owl,23
shetland_sheep,23
neapolitan_mastiff,23
laenei,23
mythological_mandrake,23
kyriean,23
sorg_(species),23
stellar_(species),23
lisko,23
flapjack_octopus,23
gigantamax_inteleon,23
shogungekomon,23
regidrago,23
lahmu_(fate),23
keeper_of_secrets,23
angel_demon,23
hunter_gamma_(resident_evil),23
lictor_(tyranid),23
wirebug,23
viskal,23
tyrvari,23
think_tank_(fallout),23
scorchbeast_(fallout),23
feliform,23
purple_demon,23
abyss_mage,23
swunnel_(insomniacovrlrd),23
ball_robot,23
boximorph,23
endertwinks_(species),23
horse_satyr,23
fanged_imp_(elden_ring),23
absukian,23
ravasaur,23
pawcow,23
roumenrou,23
alien_neopet,23
krakotl_(the_nature_of_predators),23
grouch,23
nemurian,23
corrupt_fluffshie,23
living_book,23
evisceroid,23
punk_raptor,23
elderbug_(species),23
ada_(core34),23
koppaite_(pikmin),23
borobo_(miso_souperstar),23
orange_flower_florges,23
cube_creature,23
vehicle_taur,23
unknown_unown_form,23
servant_(giant_ojou-sama),23
borealan,23
opal_(gem_species),23
skeleriolu,23
arati,23
mossanda,23
ribbuny,23
zess,23
warden_(creatures_of_sonaria),23
beta_zorua,23
ravager_(ark),23
dreadlord,22
hive_tyrant,22
unicron,22
keese,22
brain_slug,22
uni_(neopets),22
horstachio,22
ceanataur,22
slig,22
examon,22
warumonzaemon,22
marsh_deer,22
cheagle,22
floater,22
lorikeet,22
grarrl,22
naia,22
anthrosaur,22
hormagaunt,22
gigimon,22
net_navi,22
alphamon,22
giant_leopard_moth,22
arukenimon,22
lost_soul,22
cave_spider,22
seltas,22
brownie_(creature),22
edenian,22
alp-luachra,22
lenny_(neopets),22
sarcosuchus,22
silver_stiletto_fly,22
thai_cat,22
grubbin,22
sunny_castform,22
blue-striped_basculin,22
fennix,22
sohmder,22
alolan_diglett,22
hork-bajir,22
alurian,22
wereboar,22
dokamon,22
teshari,22
scrapgoat,22
stiletto_fly,22
chinchilla_humanoid,22
cooper's_hawk,22
dolphin_(mario),22
stinger_(splatoon),22
amphibiosan,22
jukani,22
honey_buzzard,22
dovotum,22
lizzles,22
archosaur,22
landorus_(therian_form),22
fire_peashooter_(pvz),22
beta_girafarig,22
fairy_penguin,22
mosscreep,22
hog_badger,22
silky_sifaka,22
mag'har_orc,22
cyborg_dragon,22
dorudon,22
living_candle,22
superb_fairywren,22
small_fry,22
megadermitid,22
racka,22
sikur,22
spacian,22
changeling_humanoid,22
gracile_capuchin,22
gastropod_taur,22
war_beast,22
galarian_weezing,22
kowakian_monkey-lizard,22
ambient_gull,22
coalossal,22
stonjourner,22
blizzarian,22
alexander_archipelago_wolf,22
scorchio_(neopets),22
ligerbull_(species),22
merhog,22
vitamin_(species),22
shigoni,22
weredonkey,22
olm,22
daemon_of_nurgle,22
rain_deer_(rain_world),22
bun_jay_(synpentane),22
lavedor_chimera,22
teporingo_(species),22
chipori,22
dracanine,22
florvian_(frooby),22
strelats_(resident_evil),22
octopus_taur,22
lion_demon,22
mantid_(warcraft),22
pyonmon,22
grasshopper_mouse,22
moschus_troll,22
dweller_(jagged),22
likho,22
planet_devourer,22
vobax_(species),22
night_creature_(castlevania),22
compet,22
ratigator,22
fluffers_(tfh),22
dondozo,22
speculative_species,22
pit_fiend_(might_and_magic),22
two_taur,22
gjonk,22
living_spacecraft,22
bloodmoon_ursaluna,22
living_pastry,22
slyveren,22
myrmedion,22
lizardfolk_(lustful_desires),22
dryakui,22
skalgan_(the_nature_of_predators),22
oxytalis,22
aboomstix_(rodent_powered),22
pseudo-dendrobate,22
spinosaurus_(jurassic_park_3),22
pepon-jin,22
red_puyo,22
servbot,21
cherubim,21
roper,21
rabite,21
keranidae,21
jawa,21
kroot,21
wereleopard,21
grabber,21
cuddlemander,21
ferroseed,21
enderwoman,21
wolfe,21
qiqirn,21
kotemon,21
sparrowmon,21
pig_cop,21
kittysune,21
slow_loris,21
kriin,21
albertosaurus,21
rizegreymon,21
fume-shroom,21
arresterdramon,21
tanemon,21
silken_windhound,21
pac-worlder,21
celestial_(species),21
mega_steelix,21
tetsucabra,21
siberian_weasel,21
skywrath,21
reptoid,21
monster_dog,21
primal_zerg,21
alaskan_husky,21
bloodthirster,21
storm_drake,21
chilly_(kirby),21
advent,21
plant_dragon,21
husky_inu,21
demi_god,21
guanlong,21
rainy_castform,21
geoffroy's_cat,21
terrorbird,21
ambulantes_omnigus,21
zubamon,21
typhon_(species),21
squeak_(kirby),21
lagora,21
hooded_skunk,21
ant_queen,21
peccary,21
pompom_(my_singing_monsters),21
mexican_eagle,21
olingo,21
woolie_(bubsy),21
house_gecko,21
pied_bat,21
robot_pony,21
ko-nya,21
seal_humanoid,21
okapi_humanoid,21
amazon_river_dolphin,21
peophin_(neopets),21
geordian,21
stefilmon,21
almiraj,21
nepal_house_martin,21
skua,21
caenagnathid,21
nigerian_dwarf_goat,21
yorkshire_pig,21
cephalopod_taur,21
jamthund,21
dalatiid,21
harris's_hawk,21
ptarmigan,21
currawong,21
wyvern_(kingdom_hearts),21
yakutian_laika,21
mars_people,21
crowned_crane,21
tyranid_warrior,21
yugoloth,21
coral_pukei-pukei,21
cupid_bee,21
skulldragon,21
gigantamax_meowth,21
gigantamax_pikachu,21
orbeetle,21
thai_bangkaew,21
gulper_eel,21
chinese_paddlefish,21
living_submarine,21
paper_wasp,21
whiplash_(doom),21
rosefinch,21
herrerasaurus,21
subconscious,21
aknosom,21
phoneris,21
morphomon,21
kyrian,21
cat_ribeiro,21
gor_(beastmen),21
radstag_(fallout),21
sabresune,21
swinefolk_(darkest_dungeon),21
klesha,21
fexa_stem,21
onychophora,21
detan_reaper,21
slime_dragon_(regalbuster),21
pesquet's_parrot,21
manus_(dragon_village),21
lum_(species),21
tree_squirrel_taur,21
wingless_bat_pony,21
living_carrot,21
vulpaphyla,21
death_angel_(a_quiet_place),21
scipionyx,21
koco_(sonic),21
dudunsparce,21
tinkatink,21
palafin_(hero_form),21
paldean_tauros_(blaze_breed),21
sclantra,21
umbrella_leaf_(pvz),21
ghost_neopet,21
caramel_lizard_(rain_world),21
bert_(mmhorrors),21
dragonfruit_(elvche),21
centipede_(rain_world),21
black_lizard_(rain_world),21
void_shadow,21
parrot_(minecraft),21
karutian_(pikmin),21
leviathan_(rain_world),21
puss_moth,21
ural_owl,21
panther_gootraxian,21
pengullet,21
arativulpes,21
loupmoon,21
generation_2_bakugan,21
ketupa,21
stealthy_neopet,21
batsloth,21
borisin,21
soul_sentinel,21
dweller_(sayeth),21
mycosapien,21
arthropoid_(stellaris),21
slime_(atlyss),21
yellow_puyo,21
old_world_parrot,21
moglin,20
toruk,20
sweberra,20
heffalump,20
markhor,20
immortal,20
sacrier,20
buzzy_beetle,20
gendrome,20
smoker_(left_4_dead),20
tapirmon,20
kuros,20
blade_knight,20
tenontosaurus,20
lazurek,20
meloditchi,20
spectacled_owl,20
variant,20
punimon,20
beech_marten,20
house_sparrow,20
black_heron,20
kasha,20
long-eared_jerboa,20
barbaracle,20
arne,20
qu'eii,20
vera_(species),20
ghost_bat,20
horny_toad,20
laphria,20
ovnee,20
galaxy_dragon,20
seahawk,20
werebunny,20
sand_dollar,20
gouldian_finch,20
atlantean,20
arkkin,20
blow_fly,20
clound,20
scuttlebug,20
high_entia,20
honey_slime,20
shadowdog,20
sea_monkey,20
sulyvahn's_beast,20
stalker_(subnautica),20
gek,20
slime_(terraria),20
kraken_(evolve),20
mordle,20
jujehyu,20
hand_taur,20
floralian,20
muchomon,20
plasmoid,20
singarti,20
dreamer,20
varmint,20
agrossian,20
giraffe_taur,20
swords_of_justice,20
european_hare,20
hog-nosed_skunk,20
giant_ground_sloth,20
methanosian,20
ambient_wildlife,20
cotingid,20
common_kingfisher,20
megantereon,20
ivory_lagiacrus,20
ferragon,20
trilobite_(prometheus),20
shaman_mouse,20
white-sided_dolphin,20
kryptid,20
pulsatrix,20
yellow_toad,20
ranid,20
green_iguana,20
cross_adder,20
aurochs_humanoid,20
turek,20
ebony_odogaron,20
akl,20
loomian,20
dralic,20
dragorii,20
theropod_taur,20
agaminae,20
sizzlipede,20
monocerus_(species),20
starwolf_(species),20
ambient_snail,20
lizard_doggo,20
vulture_demoness,20
kirhos,20
daemon_engine,20
teran_(species),20
synth_(fallout),20
orion_(star_trek),20
poitou_donkey,20
daemon_prince,20
brass_dragon_(dnd),20
white_blood_cell_(organism),20
yellow_virus_(dr._mario),20
martian_vixen,20
great_leonopteryx,20
flamoa_(insomniacovrlrd),20
coyodune_(insomniacovrlrd),20
ufo_(kirby),20
???zolt,20
chu'la,20
bogg,20
gimmighoul_(chest_form),20
forces_of_nature_(pokemon),20
revavroom,20
tolai_hare,20
caxy,20
vanquish_soul,20
ruby_(gem_species),20
ifrit_(risk_of_rain),20
sibelyx,20
european_nightjar,20
verdash,20
shoeshoemon,20
trader_llama,20
ambient_sea_anemone,20
starclan_cat,20
federation_worker,20
hell_phoenix,20
salmon_humanoid,20
swamp_dragon_(zerofox1000),20
mochibun_(species),20
goblin_(destiny),20
purple_puyo,20
pippins_(deltarune),20
skaarj,19
amaru,19
bone_dragon,19
pinto,19
fuzor,19
hagfish,19
catsune,19
jykhotl,19
energy_being,19
tank_(left_4_dead),19
neoshadow,19
bauble,19
tern,19
hordika,19
wren,19
redguard,19
dwarf_hotot,19
basking_shark,19
boomerang_bro,19
wereraccoon,19
genestealer,19
sprixie,19
chaurus,19
wild_horse,19
drom,19
anchovy,19
tykeriel,19
asian_elephant,19
meloncat,19
serpentfolk,19
mega_aerodactyl,19
mothpony,19
allmate,19
bohrok,19
klipspringer,19
thoat,19
hellmouth_imp,19
jorogumo,19
hallucigenia,19
robobot_armor,19
keramon,19
pa'u_oricorio,19
titwolf,19
dewpider,19
cosmoem,19
samudramon,19
feridae,19
suina,19
tennegrin,19
common_side-blotched_lizard,19
bowerbird,19
indian_cobra,19
irish_elk,19
side-blotched_lizard,19
crestysaurus,19
prowler_(doom),19
indri,19
cervyderia_deer,19
gazelle_humanoid,19
xenomorph_king,19
sangloupmon,19
potato_mine_(pvz),19
sui_(pokemon_gold_beta),19
klaptrap,19
california_gull,19
horned_dragon,19
boreal_owl,19
yiga_blademaster,19
new_world_blackbird,19
new_world_porcupine,19
wereprocyonid,19
flat-headed_cat,19
panda_german_shepherd,19
depraved_(species),19
white-tailed_mongoose,19
aix_(genus),19
echinozoan_humanoid,19
sea_urchin_humanoid,19
sculpin,19
warsphinx,19
caracat,19
satomi_(species),19
lono'e,19
citron_crested_cockatoo,19
long-eared_bat,19
gladiator_beast,19
colmillos_(resident_evil),19
pyroraptor,19
durri,19
carnictis,19
neckrophine,19
cyberdog_(fallout),19
white_dragon_(dnd),19
germ_(anpanman),19
blacklight_virus_(prototype),19
ebola_(organism),19
tripod_(war_of_the_worlds),19
ratcicle,19
dromeathomimus,19
aereis,19
klafenrui,19
chelicarae,19
ryuumata,19
ridea_(fadingsky),19
scent_dragon,19
crocalor,19
great_tusk,19
capsakid,19
leptailurus_(genus),19
mask_beast,19
fetimon,19
leucrotta_(species),19
batfly_(rain_world),19
veristal,19
limbless_cat,19
wolvoon,19
sapphire_(gem_species),19
actually_biblically_accurate_angel,19
nexus_(species),19
elizabee,19
snake_demon,19
orserk,19
frostallion,19
hydro_slime,19
dragon_egg_(qsmp),19
calico_cat_(minecraft),19
punkmon,19
balahara,19
caramel_swirl_alcremie,19
wulfren,19
kaburion_(beta_pokemon),19
vornian,19
avatar_(core34),19
squirrelbold,19
zoh_shia,19
kitsune_(paizo),19
drill_dragon,19
spark_(mario_plus_rabbids),19
sekarri,19
pristimon,19
furbolg,18
denizen,18
mokvwap,18
wargrowlmon,18
frostwyrm,18
yurble,18
blue_rat,18
unimon,18
nereid,18
esk,18
fire_fox,18
katydid,18
nuckelavee,18
green_nargacuga,18
kabuterimon,18
lalamon,18
flying_monkey,18
naerian,18
prairiemon,18
dark_dragon,18
burgermon,18
poogle,18
gentoo_penguin,18
viscacha,18
pellucid_hawk_moth,18
omega_wasp,18
grizzlymon,18
winged_pony,18
przewalski's_horse,18
kentrosaurus,18
kudagitsune,18
spiritfoxcat,18
huragok,18
shistavanen,18
volvidon,18
vademon,18
blackgrowlmon,18
wulver,18
seedling_(ever_oasis),18
eyeball_monster,18
olorotitan,18
meep_(lol),18
fenkitty,18
vampire_deer,18
krakun,18
somali_wild_ass,18
polacanthus,18
assassin_bug,18
gigantoraptor,18
jacktor_imperator,18
grubbon,18
lar_gibbon,18
belenos,18
deinosuchus,18
epaulette_shark,18
grounder_(badnik),18
gar_(fish),18
purple_people_eater,18
tornadus_(therian_form),18
black_swan_(species),18
merlin_(bird),18
tao_trio,18
megalonyx,18
ichthyocentaur,18
tamaraw,18
bristle_worm,18
soolossean,18
slivian,18
crocodilian_taur,18
black_flying_fox,18
tasmanian_devil_humanoid,18
opinicus,18
nubian_ibex,18
grevy's_zebra,18
margay_humanoid,18
white-faced_owl,18
pike_(fish),18
krait_(guild_wars),18
dasyuromorph_humanoid,18
leopard_taur,18
mythological_thunderbird,18
mythological_rainbird,18
crater_critter,18
bivalve_humanoid,18
japanese_boar,18
galaxolotl,18
american_foxhound,18
motaur,18
kayna,18
eastern_dragon_taur,18
gigantamax_machamp,18
clobbopus,18
cufant,18
central_asian_shepherd,18
hovawart,18
airedale_terrier,18
galarian_farfetch'd,18
animated_organ,18
tolec,18
balrog_(the_lord_of_the_rings),18
orc_chieftain,18
beta_arceus,18
sargavien,18
torgarian,18
dream_demon_(cresce_zoroark),18
cat_piranha_plant,18
rhaall,18
protectron_(fallout),18
chupian,18
blacklight_virus_mutant_(prototype),18
ebolavirus_(organism),18
pooka_(folklore),18
maelstrorcas_(species),18
gatorclaw_(fallout),18
headlights_(scp),18
zird_(species),18
kymera,18
demonic-dragon,18
changeling_(fey),18
aeon_(final_fantasy),18
poppup_(deltarune),18
thetismon,18
penkaari,18
glyphid_grunt,18
ancilla_(halo),18
jucumari,18
gembold,18
ardub,18
shorthair_cat,18
avarian,18
qurio,18
dwarf_demon_bat,18
regulusmon,18
flamigo,18
iron_bundle,18
toedscruel,18
sockbat_(species),18
starry_neopet,18
island_neopet,18
ambient_worm,18
cybele_(species),18
rabbit_(minecraft),18
spiral_(tma),18
marishk,18
balloon_humanoid,18
kyuulin,18
poison_honeybee_(solo_farming_in_the_tower),18
demon_arthropod,18
daeva_(scp_foundation),18
yi_qi,18
protovali,18
skedaddler,18
living_lamp,18
emperor_shrimp,18
jellydragon,18
deckimortis,18
splynter,18
fluffy_kobold,18
javan_green_magpie,18
lesser_hybrid,18
shaft_beast_(twilightmaster),18
burnil,18
piian,18
arctic_fox_(minecraft),18
motorcycle_taur,18
living_spinach,18
lumari,18
azdov,18
yoshi_adjacent,18
shambler,17
bronze_dragon,17
spriggan,17
bolf,17
monmon,17
camel_spider,17
devilite,17
gypceros,17
ornithomimus,17
plesiomon,17
blobfish,17
jackelope,17
damselfly,17
pizza_pony,17
loxodon,17
huldra,17
val'kyr,17
bengal,17
buzzbomber,17
black_shuck,17
serpent_mage,17
gargantuar,17
entelodont,17
aeroveedramon,17
daedric_prince,17
ta'rall,17
humboldt_penguin,17
common_blackbird,17
zil,17
gannet,17
hyrax,17
broom_hatter,17
mega_alakazam,17
mega_salamence,17
unspecified,17
poyomon,17
seltas_queen,17
vapo,17
nimbi,17
torgon,17
ramiotran,17
tarrasque,17
pillar_man,17
basilosaurus,17
house_elf,17
conductoid,17
leprechaun_(homestuck),17
crinoid,17
gryvain,17
frozen_hydra,17
serow,17
lekgolo,17
slimegal,17
antlion_(half-life),17
maiasaura,17
norwegian_lundehund,17
bunnycomb,17
leafy_seadragon,17
scops_owl,17
guardian_force,17
geth_prime,17
beta_yoshi,17
koi_humanoid,17
dreg,17
velocian,17
italian_greyhound,17
apollomon,17
siamogale_melilutra,17
elephant_taur,17
cactus_(pvz),17
snapdragon_(pvz),17
emden_goose,17
hooker's_sea_lion,17
spider-man_agama,17
lumeris,17
transcender,17
rachni,17
carpenter_bee,17
common_gull,17
western_meadowlark,17
infamouse,17
ambient_beetle,17
ambient_mouse,17
blakiston's_fish_owl,17
djinni_(species),17
ardor_imp,17
snake_eagle,17
jumping_jackal,17
moa_(bird),17
dama_gazelle,17
mustelid_taur,17
proboscidean_taur,17
husky_taur,17
spotted_hyena_humanoid,17
aardwolf_humanoid,17
coyote_taur,17
hooded_snake,17
asterozoan_humanoid,17
scarlet_macaw_humanoid,17
ba-u,17
trash_cloak_burmy,17
pokemon_tower_ghost,17
stomiiform,17
cypriniform_humanoid,17
yellow_tang,17
porcupine_humanoid,17
sun-shroom,17
cornflower_dragon,17
windcutter,17
galarian_darmanitan,17
mucuchies,17
toy_fox_terrier,17
carkol,17
winged_unicorn_humanoid,17
galarian_slowking,17
rodenian,17
'm_(ff),17
gryphox,17
lobopod,17
tar_creature,17
mutalisk_(starcraft),17
qualuon,17
stoneborn,17
true_griffin_(ffxiv),17
white-eared_opossum,17
mirelurk_(fallout),17
vendiri,17
red_blood_cell_(organism),17
el'phine,17
t-abyss_virus_mutant_(resident_evil),17
detan_seraph,17
amygdala_(bloodborne),17
cu-sith,17
old_god_(warcraft),17
narwa_(elder_dragon),17
lerien,17
wither_(minecraft),17
vase_(pinkmoth),17
vitaen,17
zef,17
kahlith,17
sajjas,17
bellibolt,17
iridonian,17
alien_pony,17
drakkau,17
iron_moth,17
palafin_(zero_form),17
fish_taur,17
tarbosaurus,17
panzer_vulpaphyla,17
baby_neopet,17
scp-2845-1,17
fruit_fly,17
sibling_(hollow_knight),17
zommer_(species),17
train_lizard_(rain_world),17
pompetune,17
kobold_(pf2e),17
escalauzon,17
dipplin,17
cuttlefish_humanoid,17
biyokant,17
univolt,17
hellhound_humanoid,17
louis_(species),17
wasp_pony,17
gobcat,17
common_ffidyll_(my_singing_monsters),17
common_pompom,17
striped_wolf_(minecraft),17
liaxhog,17
marinebullmon,17
metopydra,17
clover_sweet_alcremie,17
rathgreymon,17
primordial_deity,17
concrete_creature,17
red_elk_(ghibli),17
brown_long-eared_bat,17
wootch,17
gamajig,17
living_pepper_(fruit),17
dandelion_creature,17
diera_(species),17
advancea_(fadingsky),17
sea_duck,16
skiltaire,16
shetland,16
nacatl,16
akantor,16
that_one_bug_that_looks_like_a_croissant_that_you_can_freeze_and_use_as_a_platform,16
tayra,16
killer_klown,16
mastodon,16
trollan,16
psychoraptor,16
howler,16
poptart_cat,16
lanternfish,16
kestral,16
omnibus,16
imperialdramon,16
kiwimon,16
pajiramon,16
elder_thing,16
paildramon,16
ankylomon,16
falmer,16
red_dragonflight,16
gorgosaurus,16
cenobite,16
nether_dragon,16
shadow_beast,16
korbat,16
lavasioth,16
eurasian_tree_sparrow,16
red_kite,16
grey_crowned_crane,16
cosmic_dragon,16
olinguito,16
diamondback_rattlesnake,16
ooze_(resident_evil),16
sukusuku_hakutaku,16
bully_(mario),16
kargaroc,16
bluffings,16
walfhir,16
mockingbird,16
lao-shan_lung,16
leap_(kirby),16
japanese_river_otter,16
bewilderbeast,16
talis_(species),16
babirusa,16
bunting,16
star_spirit,16
nerscylla,16
wrought,16
ruby_dragon,16
duduk,16
euoplocephalus,16
ikran,16
bed_bug,16
reverse_taur,16
swamp_imp,16
kilm,16
ripper_(metroid),16
arburian_pelarota,16
polymorph_(ben_10),16
werechipmunk,16
bullmastiff,16
snowy_castform,16
wendigomon,16
daspletosaurus,16
gorgon_(evolve),16
nu-ray,16
bomb_boo_(species),16
geigra,16
silverback_gorilla,16
werebadger,16
longhorn_beetle,16
termite_queen,16
polish_chicken,16
dawn_lycanroc,16
egyptian_cat,16
blood_python,16
repeater_(pvz),16
brain_coral,16
noom_(species),16
ghost_pepper_(pvz),16
armadillo_humanoid,16
turaga,16
tactopod,16
avesriim,16
stink_badger,16
rachni_queen,16
lancetfish,16
hathy,16
canadian_eskimo_dog,16
new_world_warbler,16
man_o'_war_(medusozoa),16
blue_bottle_fly,16
bottle_fly,16
egyptian_fruit_bat,16
english_spot,16
possum_humanoid,16
salt's_dik-dik,16
starfish_humanoid,16
yellow-bellied_sea_snake,16
filolial,16
su-a,16
eastern_barn_owl,16
breed_of_calamity,16
porcupinefish,16
fat-tailed_gecko,16
guernsey_cattle,16
shamos,16
tapir_humanoid,16
mooninite,16
furon,16
gigantamax_alcremie,16
fiend_(the_witcher),16
ambient_lizard,16
werdo,16
gourami_humanoid,16
mr._rime,16
ambient_ghost,16
leaf_beetle,16
pineapple_dragon,16
common_rosefinch,16
omoris,16
guard_hound,16
vaymori_race,16
pigrita,16
jakoon,16
werepoodle,16
loredana,16
solarii,16
werehound,16
tetranadon,16
demgel,16
lupin_(final_fantasy),16
c-virus_mutant_(resident_evil),16
gokong_bull,16
toucat,16
stoazap_(insomniacovrlrd),16
eastern_quoll,16
kantus,16
werubi_(satsukii),16
himalayan_rabbit,16
womb_creature,16
winter_lantern_(bloodborne),16
nosus,16
wayne_(species),16
tanar'ri_(dnd),16
milk_creature,16
golden_poison_dart_frog,16
chinese_mantis,16
munchqit,16
pharaohmone,16
wereturtle,16
flan_(final_fantasy),16
apostle_(berserk),16
desert_neopet,16
iron_thorns,16
missile_toe_(pvz),16
glimmora,16
tibicena,16
sheleshian,16
green_wisp_(sonic),16
ambient_rabbit,16
hunt_(tma),16
hyehehe,16
prime_soul,16
party_bear,16
faeris,16
pintabian_horse,16
saturn_(kaiju_paradise),16
rolla_koopa,16
deep_sea_gargantuar,16
nahual,16
angelic_warden,16
ratkin_(lustful_desires),16
beeb_(cutebeeby),16
virupoda_polymorpha,16
spore_lizard_(lethal_company),16
albino_rabbit,16
svevusrus,16
garou_(world_of_darkness),16
scansoriopterygid,16
blazamut,16
pure_white_latex,16
common_kayna,16
creeper_taur,16
same-species_taur,16
shade_wolf_(fortnite),16
creeper_humanoid,16
forerunner_(halo),16
arcaneon,16
calico_fox,16
spiger_(piporete),16
beta_zoroark,16
klowahkan_(species),16
scruffin,16
concordian,16
weaver_(haribunawa),16
cephalopod_(mh),16
behemoth_(petruz),16
living_tongue,16
majarean,16
fake_namekian,16
foxia_(fadingsky),16
murasamemon,16
brin,15
sky_dragon,15
bunky,15
chiken,15
eland,15
drenath,15
arachnotron,15
hag,15
addax,15
birdon,15
lilamon,15
bateleur,15
engi,15
steef,15
augur_buzzard,15
great,15
weeping_angel,15
klang,15
planarian,15
tachikoma,15
darktyrannomon,15
ballistamon,15
hound_dog,15
piedmon,15
cookiecutter_shark,15
techo,15
blood_dragon,15
shiny_eevee,15
ferret-badger,15
pink_pikmin,15
volus,15
tigerdog,15
cheewuff,15
jinmenken,15
spindrift,15
gordon_setter,15
rocky_wrench,15
hideous_zippleback,15
kooikerhondje,15
onager,15
rhodesian_ridgeback,15
sky_doll,15
bancholillymon,15
heldrake,15
deerclops,15
gojirasaurus,15
luminoth,15
pangdillo,15
armolin,15
mega_gyarados,15
puppetmon,15
sailfish,15
hamster_humanoid,15
overworlder_(species),15
elder_bairn,15
moon_wolf,15
japanese_spitz,15
titamon,15
lutra_draconis,15
living_condom_(species),15
kamemon,15
viperfish,15
sya'rid,15
dino_piranha,15
smeech,15
angol,15
aryan_(species),15
achillobator,15
sslyth,15
bolgan,15
bicci,15
airplane_humanoid,15
saiga_antelope,15
yiga_footsoldier,15
dogmon,15
kodama_(princess_mononoke),15
jerboa_humanoid,15
struthiomimus,15
kuraya,15
enderpup,15
coconuts_(badnik),15
atlas_moth,15
tzaangor,15
sloth_humanoid,15
glunk,15
lian_(species),15
oncilla,15
greater_swiss_mountain_dog,15
malayan_tiger,15
yuan-ti_halfblood,15
hornero,15
geometer_moth,15
elasmosaurid,15
reduncine,15
goral,15
sprollie,15
betta_humanoid,15
guardian_(minecraft),15
carnosaur,15
sunflower_sea_star,15
reydayz,15
cricetid_humanoid,15
stenonychosaurus,15
cyanocorax,15
furred_raptor,15
latex_dragon,15
ambient_pterosaur,15
ambient_hermit_crab,15
mythological_behemoth,15
primarch,15
wublin,15
hoola_(my_singing_monsters),15
snake_taur,15
silicobra,15
blucomon,15
elnin,15
java_sparrow,15
anthro_snake,15
milodan,15
sliver_(magic:_the_gathering),15
rakshasa_(dungeons_and_dragons),15
edmontosaurus,15
kaijukuma_panda,15
corrupt_bunny_(terraria),15
beta_yanmega,15
shark_taur,15
weregryphon,15
celestial_humanoid,15
kalharia,15
flugel_(no_game_no_life),15
soot_sprite_(ghibli),15
chinchaloon_(insomniacovrlrd),15
opabinia,15
kobot,15
rakna_kadaki,15
skeleton_dog,15
devil_(chainsaw_man),15
green_dragon_(dnd),15
bacteriophage_(organism),15
yuvlin_(species),15
delta_species_(pokemon),15
enoki_(helixel),15
azuloris_(insomniacovrlrd),15
w'ott,15
ugas,15
voidsent,15
shark_minion,15
stonehide_lawachurl,15
wrigglish_(insomniacovrlrd),15
vulskaran,15
gatorfoxaroo,15
primal_peashooter,15
minimoy,15
cavalry_drake,15
qu_(all_tomorrows),15
wereowl,15
maw-maw_(species),15
babamon,15
chimurian_(temtem),15
pterergos,15
kendyll,15
lion_guardian_(elden_ring),15
radieon,15
nemertea,15
oreon_(fakemon),15
geovishap,15
rockclaw_(a.i.d.a.),15
sionach,15
maned_tiger,15
klawf,15
maws_(splatoon),15
heraldic_beast,15
sandy_shocks,15
standard_mode_galarian_darmanitan,15
great_grey_shrike,15
egyptian_mongoose,15
t-1000_series_(terminator),15
furred_marine,15
yellow_wisp_(sonic),15
horrorboros,15
pony_taur,15
shadowleomon,15
lymbodian,15
kerpali,15
terapagos_(normal_form),15
angeliic_dragon_(piiunivers),15
wire_creature,15
american_opossum_humanoid,15
jumpo,15
living_cupcake,15
dovekie,15
virupoda,15
nova_(kirby),15
wubba,15
halcyniate,15
kanoa_(jimmuarts),15
fuddler,15
gobfin,15
worm_grass_(rain_world),15
bushi_(pal),15
leezpunk_ignis,15
faroese_sheepdog,15
shigarshil,15
ambient_urchin,15
khet,15
black_cat_(minecraft),15
flopkin,15
crab-eating_mongoose,15
suveghn,15
illuminate_(helldivers),15
eikon_(final_fantasy),15
kholo,15
red_rumped_agouti,15
distortus_rex,15
living_cherry,15
matanu,15
roshenon,15
dragoyle,15
uniqua_(species),15
zapper_(deltarune),15
botfly,14
proto-drake,14
ainur,14
aquilamon,14
wurm,14
hoary_fox,14
grison,14
wyrmkin,14
angler,14
ratgirl,14
rapidmon,14
iodrome,14
gravios,14
megadramon,14
dobermon,14
scaredy-shroom,14
subrosian,14
mythos_(dmfa),14
barn_swallow,14
absoleon,14
tidehunter,14
fals,14
troglodyte,14
duiker,14
dire_miralis,14
savage_deviljho,14
nixie,14
murgal,14
wereechidna,14
mocchi_(monster_rancher),14
suezo_(monster_rancher),14
raen,14
scolopendra,14
aur,14
pocket_dragon,14
haflinger,14
phoru,14
dragon_horse,14
lava_dragon,14
ketza,14
boitata,14
zoanoid,14
gotsumon,14
meatdragon,14
glukkon,14
myotismon,14
mega_sharpedo,14
metroid_queen,14
netherwulf_(species),14
gogmazios,14
bal'kar,14
unversed,14
overworlder,14
datamon,14
giant_clam,14
guilmon_x,14
shunamir,14
bonehound,14
glatorian,14
leoketsal,14
varactyl,14
drakken,14
seraphynx_(species),14
scuttle_crab,14
odot_cat,14
phosphor_slime,14
florauna,14
watermelon_dragon,14
p-47,14
mushroom_parent,14
cataquack,14
novuly,14
tarasque,14
ratling,14
gabilani,14
cerulean_(species),14
keropin,14
sawfish,14
ovis,14
living_scat,14
molten_tigrex,14
goa'uld_(species),14
samael_(species),14
northern_white-faced_owl,14
whitetip_reef_shark,14
akrid,14
su-25,14
cinnamon_bear,14
elsen_(off),14
bleeding_tooth_fungus,14
chaos_chao,14
eagle_ray,14
porg,14
lucemon,14
carachaos,14
vulptex,14
ambient_fairy,14
xenomorph_queen_mother,14
scp-610,14
merlion,14
klyntar,14
minke_whale,14
imago_(gow),14
caudin,14
peg_bug,14
winter_melon_(pvz),14
twin_sunflower_(pvz),14
tetsunin,14
prairie_dog_humanoid,14
okapi_taur,14
passenger_pigeon,14
ghost_shark,14
mystical_creature,14
jyuratodus,14
steed_of_slaanesh,14
combaticon,14
wildren,14
bunyip,14
dragonling,14
half-goblin,14
ornitholestes,14
professaurus,14
purussaurus,14
red-winged_blackbird,14
seadragon_(fish),14
prime_(las_lindas),14
weremonotreme,14
filolial_queen,14
brachypelma,14
lappet-faced_vulture,14
isopod_humanoid,14
rain_frog,14
amphibian_taur,14
swan_humanoid,14
taken_(destiny),14
coral_humanoid,14
kinsect,14
magnet-shroom,14
vortigaunt_slave,14
oviworm,14
einiosaurus,14
furyhorn,14
barraskewda,14
colorado_potato_beetle,14
fastfin,14
swiftwing,14
gun_head,14
aarin,14
abhuman,14
terlaknem,14
ruin_(starbound),14
deericorn,14
orochi-bito,14
hyox,14
wereraven,14
warclaw,14
zaika_(species),14
boarblin,14
european_mole,14
red-capped_cardinal,14
stingtail_dragon,14
hornthropod,14
moobloom,14
froglet,14
ysoki,14
wobbegong,14
golden_monkey,14
siphonophore,14
toropiamon,14
nezuseishy,14
bat_dragon,14
candle_humanoid,14
satyriac,14
kytinn,14
cecaelia_humanoid,14
fiend_(chainsaw_man),14
ghost_(pac-man),14
blood_creature,14
fanbeemon,14
polar_bear_(minecraft),14
burmese_cat,14
ivenmoth,14
beeps_(species),14
partygoer_(the_backrooms),14
desert_snapper,14
tufflaze,14
lomibu,14
algredo_(deepfriedlasereyes),14
alamosaurus,14
falcomon_(2006_anime),14
avali_taur,14
wattrel,14
maushold_(family_of_three),14
not_deer,14
kugar_(alteredkrimson),14
paldean_tauros_(aqua_breed),14
dogkin,14
salamander_(rain_world),14
iskai_(albion),14
inostrancevia,14
terebra,14
feralis,14
kau_(neopets),14
high_score_dragon_(dragon_city),14
tribrid_(wof),14
web_(tma),14
epurrely_noir,14
diavlo_(species),14
bilopterix,14
neurolictor,14
cat_fish_(sar),14
miros_bird_(rain_world),14
living_cookie,14
eternal_flower_floette,14
hooz,14
heliobi,14
anary_(species),14
maraith,14
tanzee,14
tombat,14
petallia,14
rayhound,14
okuri-inu,14
bovid_demon,14
capdrone,14
qiongqi,14
giblet_(battletoads),14
highreign,14
solaris_dragon,14
aegiri,14
ku-series_replica_droid,14
replica_droid,14
whitespotted_bamboo_shark,14
quematrice,14
hominid_object,14
carbuncle_(atlyss),14
mystian,14
werewootch_(jiffy),14
goblin_(paizo),14
living_mailbox,14
creeper,13
aeralfos,13
digmon,13
nyala,13
enforcer_(duke_nukem),13
elcor,13
hedgewolf,13
volcanic_fenra,13
fire_demon,13
demora,13
spoonbill,13
spirit_wolf,13
airdramon,13
pantoran,13
roc,13
ruppell's_fox,13
skeith,13
wrathguard,13
blue_marlin,13
partridge,13
smilodon_populator,13
monk_parakeet,13
picori,13
wroggi,13
cockerel,13
merpony,13
suthay-raht,13
promethean,13
squig,13
brock_(species),13
gigasmon,13
podoboo,13
starfuries,13
rangalodon,13
abyssal_dragon,13
plunder_seeds_(mlp),13
ukanlos,13
zoltan,13
fallen_one_(starbound),13
drea,13
southern_fox_squirrel,13
collie_taur,13
dog_demon,13
mite,13
novaraptor,13
ixal,13
ceadeus,13
toyagumon,13
phanteon,13
shykitty,13
living_cum,13
australian_mist,13
gekomon,13
teensie,13
zani,13
blipper,13
kasa-obake,13
berserker_(x-com),13
ghru,13
ilujanka,13
skut,13
rhamphorhynchus,13
yumemitchi,13
amaran,13
warlord_(species),13
lobster_humanoid,13
bee_fly,13
cephirid,13
raven_humanoid,13
whacka,13
werebeaver,13
urd,13
scarlet_tanager,13
chip_(kirby),13
alligator_humanoid,13
king_vulture,13
african_fat-tailed_gecko,13
suula,13
deckannima,13
muton_(species),13
fictional_species,13
skullcrawler,13
grizzlemaw,13
gibdo,13
rucil,13
leaellynasaura,13
sooty_owl,13
scp-3199,13
futakuchi-onna,13
whiskered_screech_owl,13
koma_inu,13
kett_(race),13
sponge_monster,13
marigold_(pvz),13
araripe_manakin,13
cherry_bomb_(pvz),13
herpestid_humanoid,13
white-tailed_eagle,13
tropical_dragon,13
red_ruffed_lemur,13
masai_giraffe,13
two-toed_sloth,13
ambient_humanoid,13
little_egret,13
grey_heron,13
cock-of-the-rock,13
pack_rat,13
skull_creature,13
sea_scorpion,13
herrerasaurid,13
mountain_weasel,13
vombatiform_humanoid,13
scottish_blackface,13
welsh_mountain_sheep,13
eagle_humanoid,13
loggerhead_shrike,13
real_bombchu,13
shulker,13
sandy_cloak_burmy,13
columbid_humanoid,13
piranga,13
red_panda_taur,13
dragoon_(kingdom_hearts),13
northern_goshawk,13
agouti,13
craw_(paper_mario),13
gigajolteon,13
witch_hazel_(pvz),13
electric_currant,13
beta_kingdra,13
unidog,13
chocomon,13
stunticons,13
rolycoly,13
ladybug_humanoid,13
branchiopod,13
tongue-eating_louse,13
bear_girl,13
sergalope,13
hybrid_humanoid,13
aruan_dragon,13
mammott,13
ailurid_taur,13
east_european_shepherd,13
chu_(savourysausages),13
gigantamax_lapras,13
galgo_espanol,13
pink_salmon,13
noddy_(kirby),13
magnas,13
bison_humanoid,13
boreray_sheep,13
beached_thing,13
flutter_pony_(mlp),13
darnathi,13
vorkai,13
guppy_(species),13
water_demon,13
apis_mellifera,13
deathclaw_matriarch,13
xenusiid,13
arvol_(kevinsano),13
flurg,13
flayfillae,13
dharagami,13
kittyfox,13
krana_(bionicle),13
owlcat_(warcraft),13
illager_(minecraft),13
romerolagus_diazi,13
fire_imps_(conker's_bad_fur_day),13
mysa,13
bloodsucker_(darkest_dungeon),13
nimbilisk_(insomniacovrlrd),13
snow_stalker_(subnautica),13
angus_bull,13
watchman_(metro),13
monzaemon_x,13
pupreez,13
kul_tiran,13
arbaran,13
aerogen,13
crystal_wolf_(changed),13
fishcat,13
basterran,13
synth_(xenopera),13
bathbot_(vader-san),13
orricane_(insomniacovrlrd),13
item_dragon,13
smiling_dragon,13
lumilott,13
origin_forme_dialga,13
origin_forme_palkia,13
slime_pup,13
harvest_mouse,13
fennian,13
fashui_(kaiju_paradise),13
mimic_tear,13
hybrid_(wof),13
minawii,13
draco???,13
mega_gatling_pea_(pvz),13
jigsawry,13
goldie_(splatoon),13
apocrita,13
pucchiemon,13
squawkabilly,13
varoom,13
lycandoom,13
livyatan,13
living_card,13
kaibutsu_(live_a_hero),13
gran_weapon,13
storm_creature_(mlp),13
ice_pikmin,13
striped_neopet,13
angore,13
goliath_(dnd),13
stranger_(tma),13
lonely_(tma),13
lambie_(species),13
furred_yoshi,13
argits_species,13
brabant_horse,13
furi_(species),13
strawberry_lizard_(rain_world),13
silly_snuffler,13
dracolotl,13
nazari,13
sinistcha,13
rear_taur,13
terriermon_assistant,13
adder_(xcom),13
koblin,13
lotus(pvz),13
living_container,13
living_clock,13
blarret_(my_singing_monsters),13
yarn_creature,13
gloink,13
mantis_shrimp_humanoid,13
magiu,13
vultaas,13
cawgnito,13
grintale,13
beegarde,13
nitewing,13
beakon,13
skjavr_(ponynok),13
anubian_jackal_humanoid,13
paradox_delphox,13
ashen_wolf_(minecraft),13
snowy_wolf_(minecraft),13
peakit,13
engineer_(alien),13
xalanyn,13
pillowing,13
draahkit,13
pakkun_(mana),13
koholasaurus,13
brass_dragonborn_(dnd),13
star_sweet_alcremie,13
beta_wash_rotom,13
parrotlet,13
clemar,13
living_pineapple,13
american_bullfrog,13
water_sprite_(fortnite),13
caiman_lizard,13
dewi_(species),13
nychora,13
cowmera,13
draconic_sabrewolf,13
living_voodoo_doll,13
flower_fairy_(barbie),13
dragonkin_(rapscallion),13
halflinger_pony,13
proto_(cats_project),13
extinct,12
ruke,12
chetorian,12
water_horse,12
jaeger,12
pagumon,12
northern_ice_fenra,12
taurus,12
free-tailed_bat,12
spider_mastermind,12
kuvrahk,12
sechuran_fox,12
sahuagin,12
snow_dragon,12
elasmosaurus,12
diclonius,12
kilrathi,12
reverse_mermaid,12
monoblos,12
boomer_(left_4_dead),12
venkat,12
penicorn,12
dinobeemon,12
snowagumon,12
gizamon,12
ceffyl_dwr,12
kyukimon,12
african_painted_dog,12
yesman,12
ophanimon,12
kzinti,12
anup,12
gryph,12
ipotane,12
bullfango,12
wagtail,12
daedroth,12
saurok,12
animate,12
cloud_serpent,12
ceratopsid,12
orgas,12
uragaan,12
fire_wolf,12
aparoid,12
omega_metroid,12
blossomon,12
swooper,12
gleeok,12
broo,12
wedge-tailed_eagle,12
flyguy,12
metarex,12
crimson_fatalis,12
amtsvane,12
dragon_3.0,12
chistori,12
caelera,12
dusky_dolphin,12
grizzo,12
remobra,12
tundra_quetzalcoatl,12
pandamon,12
brodo_asogian,12
madleomon,12
shock_trooper,12
apemon,12
sarlacc,12
bearger_(species),12
rahonavis,12
leoryn,12
dryosaurus,12
wight,12
lark_(bird),12
deathmon,12
mentali,12
baltimore_oriole,12
nezumini,12
minnow,12
chryatis,12
popobawa,12
frogmouth,12
half_orc,12
sharkcat,12
ice_bro,12
womble,12
san'shyuum,12
copperband_butterflyfish,12
madagascar_giant_day_gecko,12
loransoan,12
kawauso,12
tarr_slime,12
thala-siren,12
dzaan,12
blue_iguana,12
guam_kingfisher,12
thunderian,12
x_parasite,12
sylvee,12
camel_taur,12
mya-kin,12
tylosaurus,12
troggle,12
whooper_swan,12
bob-omb_buddy,12
gang-gang_cockatoo,12
new_guinea_singing_dog,12
como_(kirby),12
fuzzievo,12
guardian_tapu,12
crypto_(telefang),12
balaur_bondoc,12
fire_spirit_(ahit),12
gymnure,12
temayn,12
brown_pelican,12
tikbalang,12
grootslang,12
false_killer_whale,12
crab-eating_raccoon,12
mole_cricket,12
onocentaur,12
tawny_frogmouth,12
estrildid,12
dreki,12
parasitoid_wasp,12
coendou,12
waspling,12
effecmon,12
dryosaurid,12
noasaurid,12
tsessebe,12
argali,12
venezuelan_troupial,12
ambulocetid,12
cyberfox,12
bewarewolf,12
ahtal-ka,12
soldier_(kingdom_hearts),12
anti-fairy,12
red-shouldered_hawk,12
trash_cloak_wormadam,12
varied_bunting,12
dancer_(kingdom_hearts),12
chimpanzee_humanoid,12
gorilla_humanoid,12
nimbus_(mario),12
narwhal_humanoid,12
zed_(killing_floor),12
lindmoth,12
cadenti,12
horndog_(species),12
cougar_taur,12
theremind,12
epic_monster_(my_singing_monsters),12
dranda,12
combine_advisor,12
hunneon,12
chewtle,12
panda_girl,12
sauroposeidon,12
ravager_(minecraft),12
jellyfish_(splatoon),12
living_bodysuit,12
wolf_shark,12
monkey_taur,12
b2_super_battle_droid,12
squisherz,12
awelish,12
rakshasa_(magic:_the_gathering),12
garlean,12
motacillid,12
american_black_duck,12
seabird,12
wyvern_(terraria),12
tearwolf,12
rikoru,12
kushiban,12
metrono_panda,12
pawnchessmon,12
dear_stage,12
space_bunny,12
vivigon,12
downy_crake,12
broodmother_(starcraft),12
vulture_droid,12
grand_kobold,12
carnifex_(tyranid),12
werecanis,12
toxoplasma_gondii,12
gnoll_(baldur's_gate),12
bloatfly_(fallout),12
rydrake,12
neurax_worm_(plague_inc.),12
lesser_wisp,12
crysable_(insomniacovrlrd),12
line_creature,12
imp_humanoid,12
junar,12
feron_(lunate),12
hydropent_(insomniacovrlrd),12
chimera_taur,12
faceless_one_(warcraft),12
abomination_(the_owl_house),12
beastman_(gurren_lagann),12
glare_(minecraft),12
consort_(homestuck),12
scp-1000,12
plumebeast,12
staggon,12
chirean,12
muffnarian,12
mermgoat,12
endercat,12
metal_head_(jak_and_daxter),12
griffequus,12
living_jar,12
gaboon_viper,12
hazzy_(kaiju_paradise),12
mountain_snapper,12
antinium,12
fret'yus,12
saber_droid,12
sram_(ankama),12
shelldrake,12
rainbow_lad,12
beastmen_(warhammer),12
squib_(species),12
iron_hands,12
flittle,12
ting-lu,12
power_(angel),12
ahoriyan,12
mega_virus_(kittikary),12
deinocheirus,12
dessert_goblin,12
maraquan_neopet,12
flame_dragon_(dragon_city),12
bronze_dragonborn_(dnd),12
echo_(rain_world),12
leezord,12
da'kar,12
nembrotha_kubaryana,12
stench_(crash_bandicoot),12
the_loyal_three,12
dracobunny,12
living_peppermint_candy,12
blue_flower_floette,12
hearthflame_mask_ogerpon,12
vesihiisi,12
banana_dragon,12
snare_flea_(lethal_company),12
drone_rotom,12
syrian_bear,12
deepdrake,12
lyleen_noct,12
incineram_noct,12
living_staff,12
wrasse,12
jaslip_(the_nature_of_predators),12
groxisude,12
scp-001-a_(when_day_breaks),12
sergal_moth_(lofinebulae),12
bile_spewer,12
sword_knight_(kirby),12
tuxedo_cat_(minecraft),12
living_potion,12
walking_mushroom,12
malino,12
nirandel,12
tepetlisaurus,12
tailless_wyvern,12
drekmurian,12
matcha_cream_alcremie,12
razor_(chesterfern),12
thrait,12
angelic_goat,12
cervus_durr,12
dalcerid,12
woolly_mouse,12
guardian_seikret,12
torugi,12
puffball_(fairytopia),12
infineon,12
living_cucumber,12
songbird,11
byakko,11
nihil,11
sparkledog,11
dragonspawn,11
prevost's_squirrel,11
bagworm,11
chitten,11
nife,11
chamois,11
katan,11
sivak,11
dreamhare,11
toriningen,11
sodaroo,11
nether_kirin,11
crab-eating_fox,11
zinger,11
half_genie,11
gods,11
rift_drake,11
nexu,11
eurasian_jay,11
guar,11
metabee,11
galeacoma,11
nightingale,11
baggi,11
candlemon,11
crusadermon,11
wampa,11
sukamon,11
hououmon,11
sea_creature,11
al-mi'raj,11
yaoguai,11
reptite,11
calmaramon,11
norn_(creatures),11
eno,11
chimera_cat,11
meramon,11
daeodon,11
luzon_bleeding-heart,11
cat_dragon,11
puni,11
zanpakuto,11
motimon,11
mega_heracross,11
nedynvor,11
tweeter,11
gronckle,11
beardog,11
opossumon,11
hypno-shroom,11
crimson_qurupeco,11
bruce_(neopets),11
otamamon,11
piximon,11
mamemon,11
common_opossum,11
mega_glalie,11
ainok,11
gekko_(metal_gear_solid),11
jungle_cat,11
nocturne_dragon,11
charren,11
mii_(nintendo),11
leithan,11
burrowing_snagret,11
dolphmon,11
space_goat,11
canaan_dog,11
baby_yoshi,11
diabloceratops,11
flatrian,11
chirr,11
puklipo,11
wrothian,11
dinohyumon,11
dragon_naga,11
rad_slime,11
rock_slime,11
tidri,11
slider,11
spotted_bat,11
sonorosian,11
corruptvoid,11
commando_droid,11
basilisk_(dark_souls),11
nakarkos,11
cipactli,11
squishy_(kirby),11
behemoth_(evolve),11
burning_leo,11
rocky_(kirby),11
grouper,11
sulenx,11
assassin_droid,11
koba_(species),11
beitok,11
hylian_retriever,11
vaeu_(species),11
werefennec,11
weremongoose,11
werewyvern,11
lava_bubble,11
car_humanoid,11
jaxi,11
black_vulture,11
fudgehog,11
penguinmon,11
ambulocetus,11
paraceratherium,11
woodcock,11
scorpion_fly,11
inky_cap,11
clam_humanoid,11
razor_spine_raptor_(mtg),11
rosy-faced_lovebird,11
deinotherium,11
mandarin_duck,11
cotton-top_tamarin,11
blue_tree_monitor,11
black_cockatoo,11
vanu_vanu,11
green_sea_turtle,11
mangalica,11
driblee,11
notail,11
celesteon,11
gigantes,11
ocean_vivillon,11
mya-at,11
suborg,11
pewter_consort,11
ursa_(rwby),11
aura_trio,11
cowpony,11
silky_anteater,11
celestialsapien,11
tsukumogami,11
elephant_seal,11
vegetable_lamb,11
arachnogon,11
lio_(species),11
tiger_swallowtail,11
ring-billed_gull,11
hyracodontid,11
cauthan,11
relemon,11
wereherpestid,11
koala_humanoid,11
monito_del_monte,11
scarfox,11
suid_taur,11
cyclops_(dragon_quest),11
gigantes_(dragon_quest),11
deathgripper,11
snitra,11
flood_(infection_form),11
marten_humanoid,11
fury_(dmc),11
lane_creep,11
picid_humanoid,11
perch_(fish),11
zorah_magdaros,11
sage-grouse,11
demon_ferret,11
galago_humanoid,11
oryx_humanoid,11
snail_taur,11
helicoprion,11
old_world_jay,11
western_jackdaw,11
machairodontine_humanoid,11
sheepsquatch,11
singing_rabbit,11
dark_iron_dwarf,11
slug_taur,11
ambient_creature,11
mithra_(dragon_village),11
goblin_(warcraft),11
western_dragon_taur,11
tamandua_humanoid,11
karakasa_obake,11
kronosaurus,11
scarab_beetle,11
tyrannosaurus_humanoid,11
arma_monster,11
fire_sprite,11
fire_fury,11
scortini_(species),11
nimmo_(neopets),11
half_exadian,11
fuzzy_(yoshi),11
reaper_(ark_survival_evolved),11
dubdog,11
ultimasaurus,11
pharado_(race),11
panserbjorn,11
molded_(resident_evil),11
boomalope,11
dhakkar,11
banchostingmon,11
chaotic_gore_magala,11
dianoga,11
archelian_(battle_fennec),11
ambient_snake,11
gundarii,11
agumon_x,11
yellow_belly_flycatcher,11
polyphemus_moth,11
urikki_(the_ashes),11
greymon_x,11
mowff,11
kyoth_(species),11
xenodrake,11
hydro_abyss_mage,11
cragorus_(insomniacovrlrd),11
vex_(minecraft),11
kleavor,11
beta_koopa,11
fluffodile_(species),11
wemic,11
melon_pult,11
novistador,11
lupestra,11
pilomon,11
ajatarmon,11
jammer_(kaiju_paradise),11
nin'fea,11
agumon_expert,11
heart_squid_(shantae),11
angel_shark,11
flyfish,11
parasaurmon,11
flipper_flopper_(splatoon),11
vivosaur,11
jarilan,11
garganacl,11
wo-chien,11
amphimon,11
nahobino_(smt),11
papa_gen_(species),11
living_snowman,11
gatlean,11
creacher_(kokoro-doll),11
cold_snapdragon_(pvz),11
grey_neopet,11
metal_dragon_(dragon_city),11
harchen_(the_nature_of_predators),11
lykaios_(tes_mod),11
mallory_(sildre),11
flesh_(tma),11
snowgabumon_(species),11
living_apple,11
kylthe_(novaconis),11
enderium,11
yeek_(rain_world),11
camel_(minecraft),11
red_centipede_(rain_world),11
tiger_deer,11
cheeseslime,11
chemical_elemental_creature,11
aranga_(dragon_adventures),11
qyrva_(species),11
living_strawberry,11
wellspring_mask_ogerpon,11
beta_inkling,11
knurv,11
grajolio,11
galemon,11
mozzarina,11
foxcicle,11
shadowbeak,11
distortion_(project_moon),11
lum_(rayman),11
halfcanter,11
watcher_(horizon),11
common_mammott,11
hue_critter_(species),11
jorunna_parva_humanoid,11
cephalon,11
kitna_(species),11
felidae_(felidae),11
void_puddles_(pressure),11
sylvpunny,11
elegator,11
boomslang_snake,11
lala_barina,11
beastform_(golden_sun),11
moon_mite,11
furred_cetacean,11
danlitian,11
avian_(stellaris),11
smart_dragon,11
vessel_(core34),11
violet_core_minior,11
hobgoblin_(destiny),11
carnosaur_(warhammer),11
squash_(pvz),11
percid,11
demonbold_(srmario),11
arvinian,11
adaptoid,11
bombo_(species),11
grassrunner,10
ki-rin,10
galka,10
bozak,10
acedia,10
seraphimon,10
eniripsa,10
bori,10
lophorina,10
x-naut,10
tiger_quoll,10
oompa_loompa,10
critter_(cave_story),10
rukodiora,10
stalfos,10
megaseadramon,10
shellmon,10
diaboromon,10
frost_giant,10
galla,10
tyrax,10
living,10
xelor,10
dohbr,10
australian_sea_lion,10
mannequin_(silent_hill),10
nightsaber,10
skrull,10
vehicon,10
koosalagoopagoop,10
hairless_rat,10
macaroni_penguin,10
macawnivore,10
vorcha,10
driggy,10
weresnake,10
sand_barioth,10
anodite,10
tiberian_fiend,10
glyptodon,10
amazy_dayzee,10
dorugreymon,10
mint_(monster_rancher),10
koga_dog,10
chryssalid,10
mega_pinsir,10
soul_reaper,10
medusa_head,10
fench,10
drafolk,10
amphisbaena,10
canis_lupus,10
mega_metagross,10
notso_macho,10
dinolfos,10
emer,10
zesk,10
dianamon,10
gobul,10
toy_tiger,10
buzz_(neopets),10
african_leopard,10
hakallo,10
shadow_hand,10
ferret_humanoid,10
hermitaur,10
telly,10
lixeon,10
strider_(species),10
isonade,10
little_birdie_(metroid),10
insecticon,10
zygerrian,10
kraaho,10
featherscale_(species),10
werecheetah,10
lucky_slime,10
takloree,10
abyss_(monster_rancher),10
camarasaurus,10
siberian_lynx,10
kurzen,10
giant_octopus,10
constructicons,10
alligator_gar,10
teacup_fox,10
glyptodont,10
ketoran,10
kragoc,10
spooky_fox,10
electric_demon,10
blupee,10
flesh_golem,10
werejaguar,10
grebe,10
silvertip_shark,10
cinereous_vulture,10
pacific_white-sided_dolphin,10
atlantic_spotted_dolphin,10
panther_chameleon,10
pakicetus,10
rhinoceros_hornbill,10
greater_sage-grouse,10
ebolable,10
cathay-raht,10
lurcher,10
fuma,10
praivitalia,10
nekker,10
moonflower,10
manananggal,10
coyote-dog,10
pampas_cat,10
pond_skater,10
ambient_deer,10
wood_duck,10
chinese_water_dragon,10
rubber_creature,10
cod,10
kalasian,10
bastekh'met,10
fellpool,10
niird,10
meerca,10
tangle_kelp_(pvz),10
mada-mu,10
marine_vivillon,10
plugg,10
pavoid,10
smooch_demon,10
beta_leafeon,10
jetsam_(neopets),10
citrakayah,10
rhesus_macaque,10
tussock_moth,10
bangus,10
chapa,10
fur_seal,10
heveren,10
red-billed_oxpecker,10
geldragon,10
white-tailed_kite,10
saffron_finch,10
myna_(bird),10
poring_(ragnarok_online),10
serbaka,10
short-beaked_common_dolphin,10
common_porcupine,10
cape_coral_snake,10
antelope_taur,10
mumbies_(kirby),10
plateosaurid,10
camarasaurid,10
metriacanthosaurid,10
ictonyx,10
pseudocheirid,10
true_gazelle,10
slann,10
pakicetid,10
persian_onager,10
wolverine_humanoid,10
greater_grison,10
tarantula_humanoid,10
sandy_cloak_wormadam,10
mozzamazel,10
blobbos,10
procellariid,10
triggerfish,10
shield-nosed_cobra,10
meerkat_humanoid,10
striped_grass_mouse,10
pitcher_plant_humanoid,10
baleen_whale_humanoid,10
dactyloid,10
spider_crab,10
taw_(species),10
pitheciid,10
marshian_(thepolygonheart),10
umbrella_octopus,10
mollusk_taur,10
antian,10
seraphies,10
brahman_cow,10
sand_humanoid,10
morgendrache,10
sox_(my_singing_monsters),10
gigantamax_hatterene,10
lopmon_x,10
bearded_collie,10
norfolk_terrier,10
hungarian_mudi,10
taiga_ratteguhn,10
interstellar_fury,10
gigantamax_venusaur,10
snatcher_(splatoon),10
shongairi,10
instant_martian,10
dreaiju,10
wetmen_(shantae),10
geth_stalker,10
ganados_(resident_evil),10
oni_impim,10
ocelot_(minecraft),10
rainbow_scarab_beetle,10
rattapede,10
steward_(warcraft),10
uroboros_virus_mutant_(resident_evil),10
shadow_rider_calyrex,10
ice_rider_calyrex,10
maar,10
beetle_(risk_of_rain),10
chadra-fan,10
giraffatitan,10
cannem,10
tupandactylus,10
pufaloosa_(insomniacovrlrd),10
hunter_alpha_(resident_evil),10
pipefox,10
crawler_zombie_(call_of_duty),10
scout_(call_of_duty),10
hunter_(call_of_duty),10
yaraga,10
biter_(factorio),10
blazinguin_(insomniacovrlrd),10
irritator,10
jotunhel,10
spike_(crash_bandicoot),10
ing_(species),10
snake_person_(all_tomorrows),10
empress_bulblax,10
kazaquus,10
hell_cat,10
loboxin_(insomniacovrlrd),10
quasit_(dnd),10
banchowollviehmon,10
mi-go_(h.p._lovecraft),10
heaviside's_dolphin,10
awdeen,10
ambyu-lance,10
salamander_(homestuck),10
valentine_(guilty_gear),10
draakin,10
hisuian_voltorb,10
animated_heart_(monster_pulse),10
concubus,10
hook-footed_centaur,10
kaiju_(kaiju_paradise),10
buck_(kaiju_paradise),10
feizao_(kaiju_paradise),10
blind_pest,10
puffwump,10
coralis,10
logo_(species),10
dreamoriginated,10
marinchimairamon,10
ani_(species),10
gypsy_cob,10
parascylla,10
shinmonzaemon,10
canada_warbler,10
dveselt_fox,10
cybbit,10
shi-kenker,10
fire_neopet,10
snowdragon,10
embody_(transformation),10
cetoddle,10
dudunsparce_(two-segment_form),10
dudunsparce_(three-segment_form),10
mule_dragon,10
honeybunny,10
expurrely_noir,10
wyvern_(warcraft),10
ogre_(dark_souls),10
cyborg_dog,10
cevern,10
feli_(species),10
nektarin,10
odher,10
demon_(megami_tensei),10
milkfish,10
hebridean_black,10
ambient_rodent,10
stygian_guard,10
spright,10
luvli_(species),10
ameraucana_chicken,10
woolly_hoodoo,10
pokemon_naga,10
cat-5_(cassette_beasts),10
celestial_kitsune,10
scp-408,10
japanese_serow,10
gem_dragon_(dnd),10
agate_(gem_species),10
bismuth_(gem_species),10
living_fridge,10
enolaraptor,10
living_coffin,10
gelatinous_humanoid,10
letian_(the_nature_of_predators),10
hyrax_(tits),10
changeling_(slychangeling),10
ukkomon,10
mauken,10
tigershark_(invizimals),10
primordial_bathysmal_vishap,10
snail_woman_(bloodborne),10
thumper_(lethal_company),10
northern_flying_squirrel,10
geodis_(species),10
loach_dragon,10
maw-ray,10
dominican_ferret,10
dragon_eliatrope,10
bristla,10
gumoss,10
rooby_(pal),10
umbrahound,10
kingpaca,10
mau_cryst,10
galeclaw,10
verlagsjel,10
itrean,10
bellanoir_(palworld),10
jakapil,10
common_hoola,10
common_theremind,10
squidcada_(rain_world),10
powder_blue_tang,10
bannerfish,10
woods_wolf_(minecraft),10
microbe_obliterator,10
flashlight_fish,10
siamese_cat_(minecraft),10
egg_animal_(billy_hatcher),10
fondew_(rodent_powered),10
tianma,10
ragkhlar,10
megalodontia,10
fyskari,10
snufflet,10
spiderfennec,10
donkey_satyr,10
hypnovenator,10
living_blueberry,10
aelorian,10
fish_(minecraft),10
dokunemon,10
faux_object,10
transcanine,10
living_lock,10
charger_(regalbuster),10
jewel_beetle,10
suine_taur,10
bear_demon,10
indigo_core_minior,10
blue_core_minior,10
furious_roar,10
fuizel,10
zoarcoid,10
omnigon,10
piantan,10
lava_lamp_creature,10
sleigh_pony_(cracklewink),10
flora,9
voidwalker,9
marbled_cat,9
devilsaur,9
kerra,9
ceranid,9
crow_tengu,9
inhuman,9
pale_fox,9
alcoon,9
california_condor,9
nyaromon,9
coredramon,9
vespoid,9
steer,9
ravel,9
orchid_bee,9
spiked_lizard,9
gabbit,9
pussy_eating_monster,9
kuvasz,9
waxwing,9
uroktor,9
cacomixtle,9
dugong,9
flymon,9
redead,9
gargoylemon,9
chuumon,9
mailbirdramon,9
dazzle_bat,9
hawaiian_siamese,9
time_lord,9
lilty,9
manakin,9
venusmon,9
white_wagtail,9
kodo,9
boerboel,9
emperorgreymon,9
fline,9
canichimera,9
blue_macaw,9
common_myna,9
yokomon,9
grundo,9
aruraumon,9
reznor,9
shadramon,9
cyvian,9
lilim_(monster_rancher),9
gobball,9
floormaster,9
hyprid,9
musteloidea,9
li'l_sparky,9
molehog,9
mutants,9
tosa_inu,9
mervamon,9
mega_slowbro,9
albino_raccoon,9
american_alsatian,9
sultai,9
lanius,9
core_hound,9
bukamon,9
tortle,9
growlmon_x,9
polof,9
ettin,9
metal_slime,9
tatzelwurm,9
golden_cat,9
deer_fox,9
lacuni,9
shurimon,9
prelate,9
transylian,9
crescemon,9
tigvix,9
abelisaurus,9
shaman_(mario),9
race_x,9
sir_kibble,9
vulfen,9
boar_humanoid,9
grem,9
chuckya,9
liminal_(species),9
comb_jelly,9
vampire_dragon,9
pistol_shrimp,9
elt,9
lamassu,9
psittacosaurus,9
zunicorn,9
candy_pakupaku,9
harbour_porpoise,9
twilighter_(mario),9
ninetailed_fox,9
plateosaurus,9
bladderfish_(subnautica),9
ghost_dragon,9
soda_pony,9
fenril,9
pied_crow,9
silverwind_nargacuga,9
dreamy_(species),9
biped_taur,9
marine_reptile,9
togorian,9
orcamon,9
abalone,9
brije,9
healslime,9
great_spotted_woodpecker,9
alraumon,9
wereorca,9
demiwaifu,9
african_penguin,9
red-tailed_black_shark,9
wolffish,9
mallowolf,9
desert_rain_frog,9
flatfish,9
red-bellied_piranha,9
pinniped_taur,9
cichlid,9
dark_chaos_chao,9
red-tailed_black_cockatoo,9
great_green_macaw,9
cuban_amazon,9
lady_amherst's_pheasant,9
dumbo_octopus,9
katakan,9
titi_monkey,9
mok_(species),9
ghini,9
dire_bear,9
painted_bat,9
green_anaconda,9
tokota,9
sailor-multi,9
european_pine_marten,9
gulper,9
slaad,9
monsuno,9
aquatic_creature,9
nesp,9
dusk_(kingdom_hearts),9
huli_jing,9
hunter_(halo),9
molluscoid_(stellaris),9
jaranra,9
blover_(pvz),9
starfruit_(pvz),9
torchwood_(pvz),9
beta_porygon2,9
savanna_vivillon,9
icelandic_goat,9
chimera_dragon,9
weddell_seal,9
living_building,9
yuke_(species),9
patagonian_mara,9
icelandic_sheepdog,9
simirror,9
ambient_ant,9
sith_(species),9
lenopan,9
rock_ptarmigan,9
ussuri_brown_bear,9
strigoi,9
cave_hyena,9
inchworm,9
poop_creature,9
andean_cock-of-the-rock,9
hawaiian_honeycreeper,9
thomson's_gazelle_humanoid,9
faleshkarti,9
paradise_flycatcher,9
batoid,9
sour_pinata,9
penis_worm,9
dingo_humanoid,9
house_bat,9
pteropodid,9
hyaena_humanoid,9
ice_dragon_(kirby),9
werecetacean,9
sugar_glider_humanoid,9
rusty-spotted_cat,9
eastern_grey_kangaroo,9
kaitzel,9
pukuripo,9
rosella,9
semitaur,9
astrobunny,9
thomisid,9
bee_hummingbird,9
masked_owl,9
pigeon_humanoid,9
teal_(duck),9
radobaan,9
dire_ship,9
salamander_taur,9
pronghorn_humanoid,9
caiman_humanoid,9
brown_bear_humanoid,9
blango,9
draymander_(species),9
wolfmodo,9
skyscale,9
beta_hoppip,9
atokirina',9
nasutoceratops,9
decapoda,9
remikiad,9
oxeliss,9
hushtail,9
gallant_lightbearer,9
jeniff,9
red_toad,9
sooza,9
dromaeosaurid_taur,9
western_grey_squirrel,9
balloon_creature,9
ambient_horse,9
hornet_humanoid,9
dottler,9
yellow-headed_amazon,9
galarian_stunfisk,9
galarian_darumaka,9
border_terrier,9
spanish_water_dog,9
gigantamax_snorlax,9
gigantamax_toxtricity,9
skyress_(bakugan),9
pterosaur_humanoid,9
ludomon,9
diamond_trim_furfrou,9
savanna_ramiotran,9
deciduous_forest_ratteguhn,9
striped_african_fat_tailed_gecko,9
xariat,9
japanese_rhinoceros_beetle,9
kavarin,9
ogrin_(neopets),9
dire_watercraft,9
demigryph,9
mayfly,9
b-2_spirit,9
tormentor,9
kx-series_security_droid,9
albino_rat,9
hummingbird_moth,9
redstart,9
ferox_(ark_survival_evolved),9
poffletop,9
shadow_leviathan_(subnautica),9
deerfae,9
kalharia_(elepatrium),9
balar,9
ferimgari,9
hekiru,9
murmurian,9
neo-mitochondrial_creature_(parasite_eve),9
larva_(starcraft),9
clockwork_kazooie,9
reaper_king,9
ravener_(tyranid),9
great_unclean_one,9
huggles_(tfh),9
ungor_(warhammer),9
bruhathkayosaurus,9
imp_(risk_of_rain),9
sandovile,9
dragodile,9
fungoid_(stellaris),9
boomerang_(subnautica),9
jagosaur,9
crowlfsax_(razorsedge),9
frostarm_lawachurl,9
whalien,9
abyssal_creature,9
bolkuma_(insomniacovrlrd),9
moo_dragon,9
zallaby_(insomniacovrlrd),9
werewolfhound,9
lumpsucker,9
tyraster_(insomniacovrlrd),9
mouse_taur,9
noot_(ever_oasis),9
felhunter_(warcraft),9
flummel,9
ananta_(final_fantasy),9
ibushi_(elder_dragon),9
nanuqsaurus,9
blood_monkey,9
titan_(deltarune),9
pherquos,9
leozar,9
achillesmon,9
hippo_taur,9
battery_dragon_(altitude_designs),9
nailong_(smooshkin),9
doom-shroom,9
rhyn_(species),9
zebon,9
signal_(oh_so_hero!),9
kel_dor,9
ornith_(murrfur),9
ambient_turtle,9
orca_merfolk,9
eborsisk,9
glyphid_praetorian,9
servitor,9
bloater_(tlou),9
kiinfaun,9
starir,9
humanoid_emoji,9
???vish,9
bloomlordmon,9
elytrian,9
radiant_dragon,9
machina_(xenoblade),9
biomechanoid,9
employer_(madness_combat),9
sea_slug_merfolk,9
morphfly,9
nochein,9
octoling_(octopus_form),9
ssi-ruu,9
widowbird,9
tarountula,9
veluza,9
houndstone,9
frigibax,9
sinoceratops,9
arion_encephalos,9
eel_merfolk,9
sylph_(final_fantasy_xiv),9
enigma_(wolflance),9
rainbow_neopet,9
eventide_neopet,9
megalania,9
skullface_dragon_(dragon_city),9
phayanaga,9
bleeko,9
korkin,9
witchbrew_(kaiju_paradise),9
eyelash_viper,9
skull_wolf,9
dark_young_of_shub-niggurath,9
mustafol,9
mobian_sheep,9
pixie_(jeffron),9
karelum,9
spherox,9
magnamon_(black),9
edenchgon,9
arowana,9
jack_o'_lantern_(pvz),9
ronin_raccoon,9
snouted_humanoid,9
domestic_rat,9
scp-3456,9
pattern_screamer,9
scp-1762-2,9
iron_crown,9
terapagos_(terastal_form),9
void_worm_(rain_world),9
olgiorian,9
nephalem,9
dicynodont,9
aeolid_nudibranch_humanoid,9
nokuri_(aquatic),9
living_graffiti,9
umbral_sergal,9
glessar,9
chopper_(badnik),9
adian(1/2exadian),9
chinook_salmon,9
chimer_(the_elder_scrolls),9
burraco,9
jester_(lethal_company),9
chrocodon_(minomonsters),9
desert_spiny_lizard,9
hellhound_(zdnoz),9
malkavian_(world_of_darkness),9
zoroark_taur,9
azurobe,9
robinquill,9
ragnahawk,9
mythological_feline,9
starling_(broadside_beach),9
materi,9
rookie_digimon,9
black_wolf_(minecraft),9
common_sooza,9
t'voal_(alteredkrimson),9
rozital,9
chestnut_wolf_(minecraft),9
winged_snake,9
lautus-k,9
keplerian,9
twice_as_fancy_pony,9
drad_(species),9
lyrax,9
vildvittra,9
amphimorpho,9
bat_(minecraft),9
pencil_fox_(species),9
zeyzell,9
zeyzell_fox,9
wild_kalharia,9
yufeng_(changed),9
lemon_cream_alcremie,9
hk-series_assassin_droid,9
looney_bird_(species),9
dracatvus,9
phurra,9
corridor_slime,9
death_song_(httyd),9
drark_(species),9
zogipi,9
pyro_viper_(ninjago),9
northern_caiman_lizard,9
arvien,9
taa-an_(marvel),9
shrink_bee,9
kristen_(teymosoo),9
jin_dahaad,9
xu_wu,9
myceelidos_(zortrex),9
felcarune,9
megalurker,9
man_eater_(dialingnumber9),9
hoofbeast,9
vessel_(godhusk),9
zovian_wolf,9
primordial_beast,9
cysgwerin,9
dragon_fruit_dragon,9
droogle,9
cepn,8
tucan,8
fast_headcrab,8
kodkod,8
grimm,8
matango,8
dragon_bunny,8
yip_yip,8
sea_witch,8
roan_antelope,8
siberian,8
lazuhrek,8
constrictor,8
charikoopa,8
lumen,8
harvestman,8
candy_monster,8
spitter_(left_4_dead),8
laser_wisp,8
skulltula,8
megakabuterimon,8
coral_dragon,8
snuffleupagus,8
leviamon,8
tezakian,8
leopardmon,8
pegicorn,8
ninjamon,8
frost_atronach,8
she-slime,8
aurak,8
turtles,8
fire_ferret,8
pigadillo,8
lobomon,8
beiuan,8
shiyu,8
fenec,8
great_sabrecat,8
zebu,8
night_spirit,8
beaked_whale,8
turtle_dove,8
rose-ringed_parakeet,8
mountain_bluebird,8
cleaner_wrasse,8
jargon,8
queerat,8
geoduck,8
dragon_(monster_rancher),8
swat_bot,8
dance_vegi,8
demom,8
pilot_whale,8
nerubian,8
gargwa,8
waterbuck,8
honkeycorn,8
damselfish,8
werehawk,8
rhenoplos,8
gankoomon,8
lizard_girl,8
lupogryph,8
night_sparrow,8
southern_dragon,8
kabu_(kirby),8
wolf-dragon,8
whomp,8
mourning_dove,8
rust_monster,8
camine,8
white_mouse,8
duvusoth,8
aviacean,8
paca,8
klomp,8
peruvian_inca_orchid,8
warrguix,8
bat_girl,8
grymp,8
underworlder_(species),8
danian,8
quillboar,8
ruem,8
portuguese_man_o'_war,8
gronk,8
dwarf_dragon,8
sabre-toothed_cat,8
boggart,8
breadbug,8
starman_(kirby),8
wargreymon_x,8
lusaan,8
halsemon,8
ebemon,8
nipper_plant,8
chizelle,8
gypsy_moth,8
youkomon,8
miragegaogamon,8
huskamute,8
eater_of_souls_(terraria),8
goonie,8
wishdragon,8
hoshiko_beast,8
hartebeest,8
pak'toh,8
combine_gunship,8
thwimp,8
nightmare_(creature),8
lunarkin,8
darkspawn,8
reaper_(resident_evil),8
morbol,8
centaur_(monster_rancher),8
ptooie,8
crested_tit,8
sirenmon,8
majungasaurus,8
huntarian,8
gastonia,8
xezozex,8
void_beast,8
miraitchi,8
alolan_golem,8
zurg,8
bogsneak_dragon,8
pomeranian_husky,8
bouncy_(kirby),8
corvidae,8
ursus_citrus,8
argon_lizard,8
furcorn,8
halcandrian,8
mega_abomasnow,8
fizzlybear,8
palm-nut_vulture,8
white-headed_vulture,8
vulture_humanoid,8
big_brown_bat,8
cephalos,8
doenut,8
black_giant_squirrel,8
loveland_frog,8
porpos-kin,8
arkot,8
seal_taur,8
dapple_deer,8
woolly_aphid,8
hungarian_horntail,8
mesmerich,8
amaranth_(species),8
cat_fish_(pun),8
xaisyn,8
lurker_(jak_and_daxter),8
lace_monitor,8
dragon_boy,8
lanner_falcon,8
verreaux's_sifaka,8
floogull,8
dinosaur_girl,8
tarynn,8
rainbow_lorikeet,8
pferline,8
droideka,8
crocodile_taur,8
flambit,8
monstrous_cavity,8
korgonne,8
bumblebee_bat,8
chia_(neopets),8
masiakasaurus,8
mya-kar,8
zen_mode_darmanitan,8
monja,8
tsubomitto,8
icy_snow_vivillon,8
canis_peritissimus,8
sister_of_plenitude,8
wood_frog,8
flopsie_(tfh),8
ashoor,8
size-shifter,8
felbat,8
original_color_magearna,8
pidgit,8
sunda_stink_badger,8
black-and-white_ruffed_lemur,8
indian_palm_squirrel,8
northern_saw-whet_owl,8
ctenophore,8
giant_(species),8
sweat_bee,8
paratoad_(species),8
aerophibian,8
roseate_spoonbill,8
simurgh,8
mizuchi,8
honeyeater,8
tetra_(fish),8
werecrocodile,8
nothic,8
saurid,8
ambient_owl,8
roller_(bird),8
eider,8
cracid,8
grey_jay,8
rhea_(bird),8
yuan-ti_abomination,8
dipteran,8
golden-mantled_ground_squirrel,8
limacoid,8
ragworm,8
otter_taur,8
onmon,8
n-z_(kirby),8
cheviot_sheep,8
mascot_(species),8
kunekune,8
petaurid_humanoid,8
grasshopper_humanoid,8
dracky_(dragon_quest),8
striped_polecat,8
american_pine_marten,8
cobalt_blue_tarantula,8
cyriopagopus,8
robold,8
gull_humanoid,8
ratite_humanoid,8
alcid_humanoid,8
ratmen,8
red-footed_booby,8
pyreneen_mastiff,8
damascus_goat,8
ratite_taur,8
larid_humanoid,8
primate_taur,8
wingdrake,8
northern_felkin,8
edamimi,8
large-billed_crow,8
long-tailed_bushtit,8
smilodon_humanoid,8
eoraptor,8
toadstool_(pvz),8
sidestepper,8
nightmare_dream_eater,8
camera_head,8
zuu_(final_fantasy),8
vartello,8
seething_bazelgeuse,8
chinook_(dog),8
tailed_worgen,8
gigantamax_butterfree,8
endermite,8
tortoise_humanoid,8
blipbug,8
gigantamax_grimmsnarl,8
galarian_mr._mime,8
puli,8
transylvanian_hound,8
saarloos_wolfdog,8
german_shorthaired_pointer,8
carnivoran,8
galarian_yamask,8
rakali,8
la_reine_trim_furfrou,8
saberleomon,8
japanese_fox,8
quoa_(dorkinhorkin),8
poptop_(starbound),8
sylvaan,8
abednedo,8
jellitrap,8
malo_1.0,8
sea_squid_(rahi),8
ambient_dolphin,8
bresol,8
glowing_one_(fallout),8
marsh_rabbit,8
volkeya,8
syg,8
khalman,8
regalecusmon,8
fera_(uberquest),8
glyphid_dreadnaught,8
shuvalla,8
urvol,8
bean_(mameshiba),8
grapple_worm_(rain_world),8
rexise,8
orieforn,8
pachyrhinosaurus,8
vandagyre,8
eyesmon,8
gatis,8
mushroom_pikmin,8
cuddles_(tfh),8
beeg_lizard,8
groundmouth,8
kamuy_(ffxiv),8
hammerhead_bat,8
mystic_beast,8
scp-531,8
pomumon,8
bishaten,8
sentry_bot_(fallout),8
radscorpion_(fallout),8
demichi_(specie),8
robobrain_(fallout),8
shadowmorph,8
pyro_abyss_mage,8
mutamycete_host_(resident_evil),8
firecco_(insomniacovrlrd),8
protist_(organism),8
amoeboid_(ratchet_and_clank),8
tier_(species),8
delta_charmeleon,8
cloudrunner,8
mutant_hound_(fallout),8
australopithecus,8
bandeleon_(insomniacovrlrd),8
caprizap_(insomniacovrlrd),8
salmon_(minecraft),8
ghost_leviathan_(subnautica),8
great_kiskadee,8
bald_eagle_humanoid,8
goddramon,8
jirtan,8
mind_stealer_sphiranx_(aos),8
alarith_spirit_of_the_mountain,8
sha_(warcraft),8
havoc_dragon,8
deer_demon,8
witch_(minecraft),8
albino_mouse,8
latenivenatrix,8
pathetic_critter,8
toxoth_(insomniacovrlrd),8
eggrobo,8
capiller,8
pillager_(minecraft),8
klombo,8
needlous,8
gabon,8
sprinklekit_(kaiju_paradise),8
gramoss,8
hellion_warden,8
eerie_(mario),8
rakshasa_(pathfinder),8
bushiagumon,8
crane_hawk,8
moistfever_mutant,8
wobbledog_(species),8
dinaurian,8
grron,8
huhhuh,8
milo_grande,8
bunkip,8
kapak,8
ukan_muri_ghost_type_fakeveelution,8
arcto???,8
aurunin,8
gaismagorm,8
gand,8
drive_mode_miraidon,8
tully_monster,8
forbidden_beast,8
livemetal,8
acipenseriformes,8
gaviid,8
hexefoxen,8
chocolate_neopet,8
xxubis,8
knight_(halo),8
gnatscale,8
blightling,8
ox_humanoid,8
loach,8
toedscool,8
arctibax,8
asian_vine_snake,8
strixene_(ofideans),8
voider_(species),8
fluffernutter_(jackademia),8
xen_creature,8
alloy_vulture,8
charger_(horizon),8
strombonin_(my_singing_monsters),8
draconilk,8
pink_flicky,8
sleepy_demon,8
cyberdoll_v1_(horni4robo),8
cloud_neopet,8
snot_neopet,8
pirate_neopet,8
scp-1619-2-c,8
ribbon_eel,8
alien_taur,8
mercury_dragon_(dnd),8
diamond_heads,8
fairy_(tloz),8
pahtra,8
monoceros_(species),8
ambient_shark,8
cuban_crocodile,8
guardian_(sonic),8
varen_(hiroketzio),8
cotton_slime,8
aerocuda,8
bopper_(c91),8
valais_blackneck_goat,8
glow_pikmin,8
creeper_(haydee),8
living_bus,8
mcos_drone,8
mewt_(elly_zupko),8
giyan_(pikmin),8
scp-1619-2,8
poltchageist,8
chemical_elemental_humanoid,8
metriacanthosaurus,8
sea_serpent_naga,8
red_spotty_bulborb,8
blue_flower_flabebe,8
yellow_flower_flabebe,8
living_key,8
wubbox_(my_singing_monsters),8
carillong,8
didelphodon,8
pignon,8
rainbow_quartz_(gem_species),8
tofu_(dofus),8
lunar_dragon,8
evolved_sonorosian,8
fuack,8
fenglope,8
swee,8
kitsun_(pal),8
jormuntide,8
avulpi,8
living_armor_(delicious_in_dungeon),8
hoodlum_(rayman),8
redtail_catfish,8
jelleton,8
monster_rat(ftnw),8
fuzzmonster,8
common_floogull,8
winged_draft_kelpie,8
lagomorph_demon,8
snowroarer,8
dark_forest_cat,8
rusty_wolf_(minecraft),8
phoenix-fox_hybrid,8
parabiote,8
cendrillmon,8
unnamed_fakemon_(game_theory),8
rainbow_pony,8
skullgoat,8
yellow_dragon_(chinese_mythology),8
ymirei,8
agenta,8
mongra,8
exor_(abiotic_factor),8
skullwolf_(species),8
djinni_(golden_sun),8
saturn's_eel,8
lupumaris,8
stick_figure_(species),8
cameraman_(skibidi_toilet),8
zinogarurumon,8
rimebiter_bathysmal_vishap,8
randler_(species),8
rompopolo,8
sarumon_(helloimfurry),8
arthropoid_5,8
rabbitmaiden,8
nyafia_(pal),8
bademus,8
mirokai,8
neuron_(organism),8
bandicraft,8
doom_hound,8
green_core_minior,8
red_dragon_(delicious_in_dungeon),8
bovigor,8
massiu,8
fluffbot,8
juniper_titmouse,8
astral_dragon_(panazelmaria),8
ajarakan,8
umbra_(species),8
glass_wolf,8
swaggon,8
querm_rybet,8
living_tomato,8
daisy_creature,8
handicoot,8
fantastic_aibi_(eggy_party),8
generic_cartoon_anthropomorph,7
shoggoth,7
snark,7
carnelian,7
bushbuck,7
faellie,7
renamorph,7
sarnak,7
kor,7
jubjub,7
king_slime,7
charybdis,7
metool,7
pentaceratops,7
flora_beast,7
zygote,7
justimon,7
anacoonda,7
shlealin,7
burninggreymon,7
skullgreymon,7
duftmon,7
hagurumon,7
lungfish,7
frost_troll,7
varodurumon,7
daru,7
drovine,7
primid,7
jacodile,7
breton,7
mosswine,7
fire_imp,7
dogfish,7
lumine,7
devil_boy,7
cone_snail,7
huntsman_spider,7
lotusmon,7
gelada,7
naval_piranha,7
minku,7
mabu,7
kotora,7
satori,7
fruit_bat_(mlp),7
visorak,7
whooping_crane,7
whisp,7
frostbite_spider,7
shirshu,7
jagermonster,7
werespider,7
white_wolfos,7
crinos,7
ape_(monster_rancher),7
yao_guai,7
swordgon,7
rakir,7
hunter_(half_life),7
windrider,7
dire_weasel,7
jade_dragon,7
snapper_dragon,7
nudge_hound,7
frigimon,7
caique,7
why-wolf,7
fairy_fox,7
elysian_(species),7
khel,7
scree,7
red_bulborb,7
viashino,7
blackexveemon,7
arachnichimp,7
jhen_mohran,7
plane_pony,7
mew_(monster_rancher),7
dino_(monster_rancher),7
dargul,7
takin,7
makiko,7
kuromametchi,7
krell,7
ruki_(neopets),7
houndeye,7
arabian_mau,7
shakkoumon,7
hadrosaurus,7
theet,7
mouse_girl,7
greasel,7
duramboros,7
whamon,7
chulajachi,7
zapfish,7
supreme_pizza_jackal,7
irish_dragon,7
crystal_beast,7
metalmamemon,7
miniature_pig,7
ghost_pony,7
mantidfly,7
add-on,7
nashitiri,7
nashitiri-mo,7
puddle_slime,7
oculot,7
wereraptor,7
bullet_kin,7
grippli,7
argomon,7
clulutchi,7
chamametchi,7
aragami,7
kuchipatchi,7
bandersnatch,7
maltipoo,7
alolan_graveler,7
highlander_cat,7
hellwarden,7
california_scrub_jay,7
xiaotingia,7
tortoiseshell,7
coffretchi,7
xiin_(species),7
polluted_piranha_plant,7
aurorian_fox,7
dandidoo,7
tiktaalik,7
werecollie,7
ghost_mantis,7
magellanic_penguin,7
andean_condor,7
glowworm,7
etter,7
maunoku,7
laperm,7
mamenchisaurus,7
green_milkweed_locust,7
werebinturong,7
mephitisoid,7
wisemon,7
siberian_chipmunk,7
rubriary_dragon,7
tiplod,7
guardian_stalker,7
argentinosaurus,7
albino_deer,7
creo,7
hemka,7
duremudira,7
hissune,7
groaner_(silent_hill),7
chantecler_chicken,7
boko_baba,7
crystal_slime,7
grey_yoshi,7
lindworm,7
welsh_setter,7
swift_(bird),7
man'ari_eredar,7
warty_newt,7
fathier,7
octotrooper,7
scp-111,7
wilds_venkat,7
red_snapper,7
froske,7
voidelf,7
red_bamboo_snake,7
miklik,7
atlantic_white-sided_dolphin,7
pseudoscorpion,7
vahki,7
draken_(end_roll),7
tropical_fish,7
lava_guava,7
oglodi,7
elegant_vivillon,7
beta_octillery,7
rai_(pokemon_gold_beta),7
koolie,7
fossa_humanoid,7
puffin_humanoid,7
griffon_(rwby),7
mealworm,7
fake_agumon_expert,7
noxan,7
stargazer_(species),7
euplerid_humanoid,7
scorpgal,7
resheem,7
ramblin'_evil_mushroom,7
shadow_(blue_dragon),7
sphere_doomer,7
chimera_(resistance),7
african_bush_elephant,7
tac_(kirby),7
niarl,7
orc_(disgaea),7
brittle_star,7
sotoraggian,7
nosedeenian,7
gaur,7
nemean_lion,7
scissor-tailed_flycatcher,7
vaquita,7
carabao,7
european_bison,7
north_american_beaver,7
ogopogo,7
yeren,7
intellect_devourer,7
golden_mole,7
giant_armadillo,7
potamogale,7
bloodworm,7
coredramon_blue,7
comet_moth,7
oxpecker,7
pink_tabby_largo,7
azure_jay,7
black-legged_kittiwake,7
kittiwake,7
turaco,7
crimson_rosella,7
steamlizard,7
nuthatch,7
platinum_dragon,7
giant_petrel,7
arabomb,7
devon_rex,7
birdwing_butterfly,7
herring_gull,7
sooty_gull,7
triceramon,7
patapon_(tribe),7
regaliceratops,7
aejax,7
slurm_queen,7
common_warthog,7
wyvern_taur,7
millenniummon,7
argentine_black_and_white_tegu,7
werearachnid,7
werevivverid,7
edaphosaurid,7
mamenchisaurid,7
ink_demon,7
bontebok,7
k'yuubi,7
anaconda_humanoid,7
cougar_humanoid,7
dalmatian_humanoid,7
throckmorton,7
scorpionid,7
astral_dragon,7
zoombini,7
ferruginous_hawk,7
blyth's_hawk-eagle,7
bubo_(genus),7
turkey_humanoid,7
spatula_(genus),7
yellow-throated_toucan,7
squeaker_(kirby),7
gargoyle_(kingdom_hearts),7
fortuneteller_(kingdom_hearts),7
german_pinscher,7
cur_(pyre),7
bichon,7
semi-humanoid,7
gryphon_humanoid,7
flamingo_humanoid,7
toa_tesukatora,7
aludran_reptiloid,7
iboga,7
gruiform_humanoid,7
crane_humanoid,7
boost_wisp,7
xiezhi,7
vambee,7
paradisaea_(genus),7
lalutri,7
combiner,7
sykrin,7
ambient_cockroach,7
jutha,7
satyr_(floraverse),7
quix_(species),7
cardiocraniine,7
perognathine,7
swoopin'_stu,7
glowl,7
dcedican,7
cobra_humanoid,7
bobcat_humanoid,7
paracanthurus,7
gigantamax_centiskorch,7
kunekune_pig,7
american_water_spaniel,7
irish_water_spaniel,7
tripod_fish,7
enantiornithine,7
little_blue_heron,7
living_mountain,7
relentless_razorwing,7
beotodus,7
sea_sheep,7
holstein_cow,7
thunder_emperor_kirin,7
gigantamax_urshifu,7
cyberocerus,7
sea_elf,7
gigantamax_single_strike_style_urshifu,7
living_grass,7
smoke_humanoid,7
fish_bone_(mario),7
ardennes_draft_horse,7
guardromon,7
passerine_humanoid,7
strider_(minecraft),7
hoglin,7
asian_giant_hornet,7
maned_fox,7
ferox_(species),7
ice_worm_(subnautica),7
sea_wyvern,7
kiriko_(hunter_x_hunter),7
pikip,7
hreshin,7
gujiramon,7
deuman,7
beetlewing_(wof),7
pero_(species),7
avaraptor,7
gidi,7
pumpkakitty,7
ultralisk_(starcraft),7
senri_(fer.al),7
estoc_(species),7
drekkubus,7
dergalynx,7
sadeenian,7
loonie_(miso_souperstar),7
gabumon_x,7
raging_brachydios,7
sutsune,7
monochromicorn,7
archdragon,7
simplex,7
tsumemon,7
platox_(temtem),7
lexian_([josel]),7
bullfrilly_(insomniacovrlrd),7
ignis_(yu-gi-oh_vrains),7
vexitty_(insomniacovrlrd),7
grantrix_(insomniacovrlrd),7
tindrix_(insomniacovrlrd),7
eigo,7
samachurl,7
margwa_(call_of_duty),7
plant_42_(resident_evil),7
monsta,7
dorset_horn,7
sam-marten,7
postosuchus,7
rasklapanje_(resident_evil),7
probe_droid,7
rabbit_ray_(subnautica),7
cephei_(radioactivemint),7
night_stalker_humanoid,7
cockchafer,7
rabbid_humanoid,7
airplane_cat,7
gnoat_(biomutant),7
flaren,7
cryo_abyss_mage,7
kuramon,7
trash_panda,7
daemon_(species),7
minomon,7
anima_(shadowykitsune),7
ne-alpha_parasite_(resident_evil),7
bonedog_(kenshi),7
arthrolisk,7
chiroptyvern,7
amaro,7
hydramon,7
beta_wooper,7
clockmon,7
orange_wisp,7
dark_craw_(paper_mario),7
sand_boa,7
gamma_orsinian,7
mokari,7
algarvia_goat,7
xenoparasite_(jazzyz401),7
kittimitt_(insomniacovrlrd),7
sanburro_(insomniacovrlrd),7
pondolotl_(insomniacovrlrd),7
schnabelperchten,7
mirebeast,7
takkuri_(majora's_mask),7
pteran,7
coner,7
galastropods,7
destructon,7
rattik,7
insectoid_dragon,7
american_cheetah,7
sistermon,7
vogex,7
fed_(kaiju_paradise),7
exilian,7
myiopsitta_(genus),7
kreunsian,7
devil_horned_owl,7
lowland_kobold_(kanekuo),7
eclipsite,7
warhawk_(elden_ring),7
haunteon_(fakemon),7
star_dragon_(dragon_city),7
moomil,7
maskylogafox,7
xivali,7
boo_(super_mario_sunshine),7
machgaogamon_hudie_mode,7
raimon,7
prank-kids,7
wiffen_(specie),7
xenomorph_empress,7
penis_flower,7
fllafa_(insomniacovrlrd),7
asreed,7
fish_stick_(splatoon),7
banana_humanoid,7
ghostmon,7
beipiaosaurus,7
noghri,7
berserker_(gears_of_war),7
keepers_hunting_dog,7
lemmurmint_(insomniacovrlrd),7
robbin'_'ood,7
nacli,7
brute_bonnet,7
iron_jugulis,7
spidops,7
bramblin,7
female_headcrab,7
living_cloth,7
gretchin,7
fiery_serpent,7
avimimus,7
grahn,7
elder_guardian,7
ichneumon_wasp,7
megarhyssa,7
cthyllamon,7
malo_2.0,7
wolroc,7
cloud_bear_(dnd),7
purple_wisp_(sonic),7
dorothi_(omori),7
burrowborn,7
versa_pietru,7
sistermon_blanc,7
black_dragon_(might_and_magic),7
manatee_merfolk,7
ink_monster,7
european_hornet,7
sableroo,7
epurrely_plump,7
caramel_dog,7
fountess_(cassette_beasts),7
lummox_(saga),7
pink_bunny,7
fungi_(genshin_impact),7
odogamielle_(lofinebulae),7
scp-040-1,7
leafling_(pikmin),7
aster_sheep,7
jidiao,7
australian_possum_humanoid,7
pahmar-raht,7
viridi_dragon,7
primal_aspid_(hollow_knight),7
scp-511,7
living_cabbage,7
living_furnace,7
living_beverage,7
white_flower_floette,7
barrb_(my_singing_monsters),7
aviaple_hornieponia,7
thafki_(the_nature_of_predators),7
sanyh,7
bulrush,7
black_swallower,7
delta_pokemon_(pokemon_insurgence),7
droyne,7
devil_(fallen_london),7
unicorn_puffle,7
toskal,7
dracoling,7
blazonier_(minomonsters),7
flarepunny,7
hogsvin_(lustful_desires),7
pou_(species),7
larimar_(gem_species),7
jet_dragon,7
skelecario,7
rokea_(world_of_darkness),7
dumud,7
caprity,7
blazehowl,7
mossanda_lux,7
gorirat,7
flambelle,7
potcake_dog,7
pornlizard,7
bakunawa,7
transaries,7
najani_(sol_mates),7
krev_(the_nature_of_predators),7
grimwalker_(the_owl_house),7
croioghir,7
partypooper_(the_backrooms),7
custard_neopet,7
mule_taur,7
shark_demon,7
inchling_(origins),7
common_dandidoo,7
common_furcorn,7
whiptail_wallaby,7
marriage_(fear_and_hunger),7
spotted_wolf_(minecraft),7
pole_plant_(rain_world),7
ankura_gungan,7
ghoul_(the_witcher),7
springtail_(species),7
headhunter_(castlevania),7
pan_(remnant),7
jellie_cat_(minecraft),7
kobold_(suikoden),7
living_yogurt,7
aplomado_falcon,7
aberration_(dredge),7
black_dragon_(chinese_mythology),7
crimson_father,7
estorir_spawn,7
felepidopterine,7
dazemu,7
dogen_(pal),7
kidnapper_fox_(lethal_company),7
trompette,7
sentinel_(murder_drones),7
dragosect_(slushy),7
greatwolf,7
living_pillow,7
moth_demon,7
elebit,7
maneater_(lethal_company),7
crystal_breath_dragon,7
american_crocodile,7
flower_sweet_alcremie,7
dimetromon,7
nautilus_humanoid,7
maquinamon,7
elda,7
drakedillo,7
rogue_(ankama),7
hoary_bat,7
theoretical_construct,7
tanookiko,7
supercherrychomper_(pvzfusion),7
fungoid_12,7
avian_6,7
colbahound,7
muse_(don't_feed_the_muse),7
huskita,7
snipe_(crash_bandicoot),7
quivern_botan,7
venezie,7
celesdir,7
nitemary,7
lantern_worm,7
tropheus,7
aesir_(species),7
dronkey,7
orange_core_minior,7
yellow_core_minior,7
loveseat_(species),7
nu_udra,7
spiclypeus,7
arkoshark,7
tuatha,7
varwolf_(neopets),7
horsehead_(zelda),7
ice_felcarune,7
big_moth_(rain_world),7
butterfly_fairy_(barbie),7
ainimo,7
maskfly,7
alterling,7
parti-colored_bat,7
firedrake,6
neofelis,6
urial,6
felguard,6
ohmu,6
chick,6
efreeti,6
loops,6
stygimoloch,6
sun_fenra,6
illusory_fenra,6
great_auk,6
leptictidium,6
charonosaurus,6
gobbo,6
gorn,6
minmi,6
american_lion,6
nilgai,6
yeerk,6
megagargomon,6
werehare,6
nergal_demon,6
sparklecat,6
house_centipede,6
spikey,6
cyan_wisp,6
southpaw,6
dead_hand,6
hagraven,6
shimaunimon,6
monochromon,6
makuramon,6
skullmeramon,6
snowbunny,6
ceph_(crysis),6
boreworm,6
aleena,6
crowned_eagle,6
kaisroki,6
mermaimon,6
cybug,6
flotsam,6
khar,6
serbit,6
ruby_carbuncle,6
werwolf,6
ultra,6
toller,6
xochi,6
black-headed_gull,6
sirene,6
xenomutant,6
ruan,6
chocolate_labador,6
gryff,6
mustlid,6
felidar,6
bulbmin,6
mujina,6
vulazula,6
kellashee,6
queen_ant,6
chondrichthyes,6
leopon,6
lightfoot,6
gummymon,6
agaran,6
viverridae,6
moehog,6
dynasmon,6
vargr,6
vegiemon,6
fimir,6
prayween,6
flemoid,6
great_argon_lizard,6
phantasm,6
satyress,6
skullyena,6
mega_camerupt,6
selkath,6
kuldran,6
blue_sea_slug,6
trapjaw,6
green_jay,6
silurian,6
magnaangemon,6
shakalaka,6
space_angel_cat,6
mahi-mahi,6
gray_wolf_(monster_rancher),6
saibamen,6
memetchi,6
gargantua_(half-life),6
barreleye,6
warrior_bug,6
dah'ren_mohran,6
ovir,6
gomamon_x,6
baihumon,6
galvan,6
tekenar,6
kraata,6
pokefur,6
aquatic_animal,6
qarow,6
chicken_girl,6
mettaur,6
aquairian,6
rhynoc,6
green_heron,6
drakeling,6
infested_ancient,6
draskhalan_(species),6
konchu,6
faedragon,6
agave_dragon,6
keynain,6
weta,6
sandtrap_(coc),6
thoroughbred,6
living_shield,6
yarn_yoshi,6
moluccan_cockatoo,6
east_siberian_laika,6
therizinosaur,6
blooming_heart,6
dragonkin_(runescape),6
peckmon,6
spy_guy,6
dragonet,6
elephant_beetle,6
sentient_tentacle,6
gigantess,6
griffoth,6
zombie_dog_(resident_evil),6
angova,6
alolan_geodude,6
animate_object,6
nirsh'ari,6
shimsa,6
zeta_metroid,6
greenie,6
goriya_(species),6
tetrapod,6
ancientgarurumon,6
feathered_lizard,6
equinetaur,6
galboros,6
vastayan,6
flumph,6
beelzebub_(mgq),6
werewolverine,6
bald-faced_hornet,6
black_grouse,6
pygmy_marmoset,6
giant_schnauzer,6
thylacosmilus,6
magnificent_frigatebird,6
kea,6
robian,6
runiec_kitsune,6
sparky_(kirby),6
humbug_(my_singing_monsters),6
bee-eater,6
prickly_pear,6
ochu,6
pogona,6
jackal_(path_of_fire),6
bribeclaw,6
daemnyk,6
succubus_(warcraft),6
mechakoopa,6
pearl_fox,6
wolfwrath,6
umbrus_(kilinah),6
minervamon,6
chipsune,6
chain_chomplet,6
zouyu,6
klampon,6
double_head_(silent_hill),6
spotted_eagle,6
estrellian,6
yangchuanosaurus,6
lochlady,6
dewback,6
succubat,6
umbracapta,6
gigadramon,6
braque_du_bourbonnais,6
terranean,6
qaywa,6
palm_cockatoo,6
verdigrian,6
pilshub,6
dragon_zombie,6
quiggle,6
wanyamon,6
sand_seal,6
dyeing_dart_frog,6
siamese_battle_fish,6
inflatable_creature,6
modern_vivillon,6
continental_vivillon,6
tundra_vivillon,6
titan_(xenoblade),6
foot_creature,6
african_bullfrog,6
labradoodle,6
camel_humanoid,6
eggy,6
growlmon_(data),6
moab_mauler,6
blood_troll,6
african_sea_eagle,6
chesapeake_bay_retriever,6
argonian_behemoth,6
lantern_shark,6
chestnut-mandibled_toucan,6
imp_(homestuck),6
underling_(homestuck),6
caribeld,6
emperor_tamarin,6
alaskan_tundra_wolf,6
alien_hybrid,6
yuan_ti,6
pegomastax,6
kavu,6
kentaurosmon,6
liollmon,6
simulish,6
wape,6
desman,6
tadpole_shrimp,6
opticoid,6
spider_tortoise,6
rufous_hornero,6
cuban_trogon,6
clannfear,6
lapwing,6
ringed_seal,6
giant_potamogale,6
undergrunt,6
umbrellabird,6
new_world_flycatcher,6
australasian_swamphen,6
capercaillie,6
swainson's_hawk,6
acheroraptor,6
mimid,6
southern_cassowary,6
fruitdragon,6
skate_(fish),6
american_sparrow,6
clearwing_moth,6
cockatoo_humanoid,6
gran_(species),6
brazilian_porcupine,6
pacarana,6
white-throated_woodrat,6
asiatic_brush-tailed_porcupine,6
brush-tailed_porcupine,6
gajalaka,6
hymenopteran_taur,6
indian_rhinoceros,6
gryphonmon,6
husk_(mass_effect),6
galaxy_fox,6
barghast,6
spotted-necked_otter,6
capreoline,6
south_andean_deer,6
landrace_pig,6
greater_kudu,6
cephalophus,6
centrosaurine,6
arctic_fox_taur,6
border_leicester,6
icelandic_sheep,6
berkshire_pig,6
civet_humanoid,6
orthopterid_humanoid,6
leopard_slug,6
kaelas,6
werepanda,6
mountain_zebra,6
capralong,6
prairie_vole,6
galápagos_tortoise,6
butorides,6
marleyzard,6
grasshole,6
woodland_kingfisher,6
rook_(bird),6
caecilian,6
sheprador,6
mallikah_sphinx,6
blue-throated_macaw,6
cat_gecko,6
lapponian_herder,6
norrbottenspets,6
aidi_dog,6
earthworm_humanoid,6
alligatorid_taur,6
flurry_(mario),6
furred_dragoness,6
nutria_humanoid,6
scrab_(oddworld),6
flying_squirrel_humanoid,6
stork_humanoid,6
sea_lion_humanoid,6
walrus_humanoid,6
behemoth_(ff),6
guanzorumu,6
dotesque_chu-chupolin,6
gelgato,6
boxy_(kirby),6
gnasher_(dauntless),6
slasher_(killing_floor),6
plutonian_(athf),6
animon_(pokemon_gold_beta),6
femisapien,6
whaddle,6
musweat,6
cocomon,6
tyutyumon,6
loader_bot,6
khenra_(species),6
galoomba,6
robust_capuchin,6
chlorocebus,6
helicopter_humanoid,6
chicken_taur,6
draus,6
typhon_(greek_mythology),6
ambient_dinosaur,6
perognathus,6
silky_pocket_mouse,6
zarubon,6
blue-banded_bee,6
cinnabar_moth,6
arapaima,6
desert_ramiotran,6
lupos,6
vigorwasp,6
celestial_monster,6
velociraptor_taur,6
valkaz,6
binturong_humanoid,6
dokugumon,6
indian_wolf,6
desert_horned_lizard,6
polish_tatra_sheepdog,6
diplodocoid,6
murin,6
siberian_musk-deer,6
elephant_trunk_snake,6
nightmare_(monster),6
southern_felkin,6
owl_taur,6
pharaoh_trim_furfrou,6
tundra_ratteguhn,6
clydesdrake,6
platypus_humanoid,6
iterator,6
arctic_rabbit,6
sr71_blackbird,6
long-haired_dachshund,6
red_fox_taur,6
thraggen,6
mynci_(neopets),6
dipteran_humanoid,6
living_hurricane,6
hurricane_humanoid,6
yukimibotamon,6
uwu_(nsfuwu),6
kor_(magic:_the_gathering),6
mythological_rakshasa,6
harrier_(bird),6
talehnyan_feline,6
saurian_(borderlands),6
vekter,6
admoot,6
feliraptor,6
violet-backed_starling,6
rabbick_(deltarune),6
terreon,6
beak_thing_(kenshi),6
island_(species),6
myche,6
ekimmara,6
futico,6
gor'lex,6
axobat,6
kraidmorph,6
hybrid_mammal,6
spitz_wolf,6
griffoth_(shovel_knight),6
sumo_bro,6
doggymon,6
largemouth_bass,6
gasmoxian,6
baneling_(starcraft),6
batgal,6
ermin,6
air_cat,6
fenrisian_wolf,6
vire_(tloz),6
envaem,6
crystalline_hunllef,6
werelemur,6
beadamup,6
mossling,6
lucemon_shadowlord_mode,6
mochiraptor,6
daemon_(his_dark_materials),6
skunch_(temtem),6
cerneaf_(temtem),6
nikoza,6
living_missile,6
gotchawrench,6
blackveil_vaal_hazak,6
box_fox,6
soulseer_mizutsune,6
emin_(the_ashes),6
smoglin_(starbound),6
adjule_(resident_evil),6
fluke_(hollow_knight),6
illumina_pokemon,6
kharaa_(natural_selection),6
hoopfish_(subnautica),6
kinzilla,6
steam_locomorph,6
living_scythe,6
dokkaebi_(species),6
cirrantula_(insomniacovrlrd),6
glowkie,6
orbiton,6
infernite,6
etecoon,6
succulantis_(insomniacovrlrd),6
gummy_(ravoilie),6
lumenwood_(bloodborne),6
sapphire_fox_(species),6
fallen_dreg,6
gold_slime_(slime_rancher),6
sentient_(warframe),6
morshdrone,6
eladrin_(dnd),6
ne-alpha_parasite_zombie_(resident_evil),6
elixir_golem,6
goby,6
cakehound,6
volcanic_forge_dragon,6
bovid_satyr,6
crocodile_(homestuck),6
oozail_(insomniacovrlrd),6
constrictai,6
nisse_(species),6
tree_wolf,6
blue_wisp,6
green_wisp,6
tiger_tiger_(final_space),6
havana_brown,6
mactera,6
serperisu_(rodent_powered),6
gretchco_mountain_sheep,6
golation_hound,6
bluntnose_sixgill_shark,6
arvian,6
light_creature,6
gallian,6
spice_dragon,6
beetlemon,6
ursa_minor_(dragon_quest),6
fishbone_(kirby),6
suguiki,6
overqwil,6
white-striped_basculin,6
pupa_(kirby),6
tick_(kirby),6
soarar,6
scion_(gow),6
motos,6
lydian_drakon,6
clawstrider,6
twin_runner,6
cthurean,6
pacto_(kirby),6
aisueon,6
bitmon,6
jackalope_taur,6
ice-shroom,6
scorpios_rex,6
vorvomon,6
moonelle,6
monster_moth,6
beezu,6
nodosaurus,6
andr,6
lilliarna,6
garangolm,6
kokomi,6
cube_(geometry_dash),6
buttercup_(pvz),6
winged_tiger,6
hound_of_tindalos_(operation_lovecraft),6
boreal_warden,6
kemari_(livly),6
sinornithoides,6
grem2,6
akiridion,6
pygmy_2021_(livly),6
skimbo_(species),6
heterodontosaurid,6
raika_(species),6
slammin'_lid,6
sniffer_(minecraft),6
glowflies_(splatoon),6
giant_wildclaw,6
spookstep,6
pernirex,6
shroodle,6
tempomon,6
tadbulb,6
glimmet,6
brambleghast,6
dragati_(kingparked),6
stone_titan_(risk_of_rain_2),6
blemmyes_(species),6
lamia_(fate),6
giant_golden-crowned_flying_fox,6
ancients_(warcraft),6
keeat_hound,6
hatzegopteryx,6
jackora,6
exo_dog,6
catalina_macaw,6
xyster_(my_singing_monsters),6
teroxian,6
prism_basilisk,6
radlin,6
zombie_neopet,6
virginia_(the_forest),6
high_commander_dragon_(dragon_city),6
nega-wisp,6
red_wisp_(sonic),6
ambient_clam,6
lissiceous,6
ambient_squirrel,6
garlic_(pvz),6
ambient_penguin,6
sinex,6
taiwan_dog,6
slaughter_(tma),6
vast_(tma),6
grabuki,6
romanian_raven_shepherd,6
aerusan_dragon,6
tryvuulian,6
gyroudus,6
horned_cat,6
yoshiguana,6
kitefin_shark,6
cerberus_(ultrakill),6
strabby,6
xxl_bunny,6
tufili,6
kaizeras,6
shadow_peashooter_(pvz),6
chinese_alligator,6
eel_lizard_(rain_world),6
fossil_fakemon,6
snap_pea_(pvz),6
cosmic_rabbit_(species),6
goat_(minecraft),6
cabbage-pult_(pvz),6
king_gleeok,6
senche,6
zalnak,6
ena_(monoceros's_subspecies),6
morshbird,6
archaludon,6
badken,6
gazorpian,6
fangpyre,6
venomari,6
elecmon_violet,6
flowean,6
vengefly_(hollow_knight),6
beastfallen,6
rose_quartz_(gem_species),6
wing_pony_(mlp),6
living_bed,6
living_computer_keyboard,6
living_cinnamon_bun,6
yama_(the_last_remnant),6
turbel,6
yellow_flower_floette,6
lagothi,6
kijyo_(fate),6
star_creature,6
rare_ffidyll,6
werechicken,6
maidtron,6
sulean_(the_nature_of_predators),6
scp-1702,6
pteri_(neopets),6
shova,6
ear_creature,6
dropwig_(rain_world),6
dog_puffle,6
rat_funk,6
bunker_spider_(lethal_company),6
lycanthropithecus,6
kelpie_mule,6
nagah_(world_of_darkness),6
nosferatu_(world_of_darkness),6
sunfox,6
evolved_methanosian,6
eikthyrdeer,6
hangyu,6
wispir,6
snilymim,6
hippalectryon,6
the_cheat_(species),6
ukrainian_ironbelly,6
qu_(final_fantasy),6
gria_(final_fantasy),6
highland_guard,6
poko_(species),6
longleg_(horizon),6
beakman_(species),6
neurosentry,6
australian_ringneck,6
spookat_(spiral_knights),6
common_glowl,6
ribbon_worm,6
khodok,6
brahma_chicken,6
schooling_bannerfish,6
persocom,6
wolfgar,6
chameleosaur,6
cernumon,6
ranchu_goldfish,6
frobot,6
vesper_(species),6
malumute,6
tabby_cat_(minecraft),6
chimera_(delicious_in_dungeon),6
perfume-shroom,6
psyraptor,6
queenbeemon,6
sistermon_noir,6
bolupus,6
rescue_(nyxotiacola),6
krohnjen,6
plague_eater,6
cyberdragon_(doom),6
rurimon,6
blu_(hyper_light_drifter),6
abductor_(final_fantasy_v),6
pufkan,6
polarbearmon,6
sandkrit,6
dryad_(elepatrium),6
cod_(minecraft),6
cardboard_creature,6
chinese_shorthair,6
musk_beast_(evol),6
rainbow_swirl_alcremie,6
aircraft_taur,6
beta_liepard,6
fiyoko,6
kadas,6
convergent_fakemon,6
bulbasaurus_phylloxyron,6
leoger_(nu:_carnival),6
tan_rabbit,6
akhtari,6
bandicraft_(beastieball),6
vorpalus,6
drawolger,6
garlese,6
ruler_(angel),6
living_corn,6
slimek_(atlyss),6
icy_ender_creeper_(minecraft:_story_mode),6
oribonny,6
dobsky,6
beehive_(rain_world),6
trilobite_beetle,6
popple_(species),6
green_moray,6
piyo_(maplestory),6
spiker_(fantastic_frontier),6
drakobloxxer,6
jaguarian,6
chasmosaurine,6
novar,6
thunder_fox_(species),6
therian_(etrian_odyssey),6
saturnian_(starbound_mod),6
melon_shork_(kaiju_paradise),6
anima_(maplestory),6
ladyshinmonzaemon,6
delta_(milia_wars),6
xenetic,6
dandelion_(iguanamouth),6
bleeding_heart_creature,6
maraso,6
enforcer_(ark),6
fara_rex,6
kilwala,6
nu_(chrono_trigger),6
were,5
moonwolf,5
ahriman,5
kayeer,5
hoomiku,5
taschevah,5
deva,5
aisha,5
poison_headcrab,5
sectis,5
mallard_duck,5
sky_nymph,5
bubble_slime,5
queen_slime,5
stormdrake,5
phaem,5
focco,5
sovani,5
lynxmon,5
maiar,5
flying_whale,5
dopefish,5
firebird,5
mikon,5
tentacle_beast,5
scimitar_oryx,5
humboldt_squid,5
cremello,5
koicat,5
cuscus,5
tentaspy,5
spotted_linsang,5
storm_fenra,5
sumatran_tiger,5
desmatosuchus,5
yammaruke,5
minjo,5
half_and_half,5
snow_lion,5
shadow_monster,5
alot,5
cartilaginous_fish,5
mercurymon,5
charger_(left_4_dead),5
american_pit_bull,5
ushabti,5
tol'vir,5
tall-nut,5
big_octo,5
slayerdramon,5
mudcrab,5
mixbreed,5
draconite,5
gomphotherium,5
aedaha,5
marinedevimon,5
devil_mametchi,5
black_caiman,5
pegas,5
enoca,5
louse,5
amphicyon_ingens,5
tuskmon,5
arctic_tern,5
flannel_moth,5
brass_dragon,5
nek'kari,5
hypacrosaurus,5
bernese,5
jinyu,5
khamega,5
mechanized,5
dragonian,5
japanese_spider_crab,5
potato_mine,5
prism_peacock,5
kraang,5
blue-winged_kookaburra,5
common_crane,5
grumblemon,5
lhasa_apso,5
sylvan_hound,5
ininbi,5
wildclaw,5
kerbal,5
indahl,5
fiddler_crab,5
hoopster,5
golem_(monster_rancher),5
vanity_(monster_rancher),5
gali_(monster_rancher),5
draxion,5
cragadile_(mlp),5
hive_guard,5
nyangnyang,5
archon,5
shir,5
snow_lynx,5
neimoidian,5
bennatiel,5
homo_neanderthalensis,5
litra,5
pale_damselfish,5
coax,5
craniamon,5
felivarin,5
twilight_wolf,5
chemo,5
siberian_retriever,5
glowchu,5
felinoid,5
bushbeast,5
horned_frog,5
fade_(natural_selection),5
rubbercat,5
water_wraith,5
wyvaran,5
cat_goomba,5
leatherback_sea_turtle,5
rechuli,5
carpathian_shepherd,5
yellow_wisp,5
meowsky,5
vinkt,5
spooder,5
zeus_guy,5
acklay,5
feijarl_(species),5
homo_sapiens,5
canadian_lynx,5
mephistomon,5
vorticon,5
ratooey,5
daekkuh,5
gill_man,5
condom_pony,5
tokomon_x,5
lucemon_(rookie),5
llama_humanoid,5
m'arrillian,5
dragon_girl,5
bzzap!,5
granok,5
batton,5
leafmon,5
draegloth,5
fumoon,5
slug_girl,5
carro,5
angovas,5
kodan_(species),5
fire_skink,5
buttfly,5
gezak,5
meylan,5
bouncy_sis,5
baruragaru,5
theelin,5
squee_(species),5
mec_(x-com),5
boom_slime,5
majibeast,5
king_snake,5
draconus,5
serpent_soldier,5
vampire_rabbit,5
dalet_goblin,5
bafomdad,5
pygmy_rabbit,5
werewuffie,5
sodazel,5
jailcat,5
desert_yinglet,5
lacertian,5
ice_dragon_(species),5
space_hamster,5
zitidar,5
anthrocealia,5
cat_shark,5
plasma_wisp,5
tailghost,5
beezo,5
anchiornis,5
gazimon_x,5
werepig,5
nightmare_animatronic,5
dachora,5
resomi,5
moriritchi,5
slugger_(mario),5
lingering_figment_(species),5
gelbeast,5
uragi,5
new_species,5
bull_humanoid,5
remlit,5
ancientgreymon,5
key_dee,5
oti'qkhit,5
antaerian,5
miniature_pinscher,5
anteka,5
apceros,5
sherbat,5
keaton_(minish_cap),5
monkey-bird,5
nature_dragon,5
blue-winged_teal,5
nekryuwolf,5
arthropoid_18,5
crown-of-thorns_starfish,5
macrauchenia,5
king_crab,5
javanese_cat,5
sea_hare,5
bedlington_terrier,5
titanite_demon,5
cathay,5
charabom,5
helminth_charger,5
common_genet,5
moldworm,5
succubat_(ficus),5
kaijukuma,5
doragel,5
tibetan_bear,5
saola,5
sand_jackal,5
lycelot,5
vervet_monkey,5
coquerel's_sifaka,5
sniffer_dog_(silent_hill),5
closer_(silent_hill),5
wormhead_(silent_hill),5
single-celled_organism,5
mosaic_slime,5
tangle_slime,5
merb,5
king_taijitu_(rwby),5
huayangosaurus,5
goo_snake,5
dragon_fish,5
werereindeer,5
tarchia,5
kybuck,5
edaphosaurus,5
mega_(malevolified),5
phoenix_humanoid,5
podarian,5
serkah,5
sarplaninac,5
spearfish,5
mothbold,5
green_slaad,5
bullywug,5
anunnaki,5
ered'ruin,5
scraggler,5
snaggletooth_kobold_(species),5
pig_taur,5
malo_1.1-b,5
kyonpan,5
electric_blueberry,5
newfoundland_pine_marten,5
bonk_choy,5
iceberg_lettuce_(pvz),5
coconut_cannon_(pvz),5
jalapeno_(pvz),5
lily_pad_(pvz),5
spikerock_(pvz),5
spikeweed_(pvz),5
tall_nut_(pvz),5
wa-urufu,5
falanouc,5
sun_vivillon,5
garden_vivillon,5
polar_vivillon,5
jungle_vivillon,5
american_goldfinch,5
beta_pichu,5
kalar,5
burmese_ferret-badger,5
tiger_beetle,5
isabella_tiger_moth,5
merinian,5
candle_spirit,5
brimknole,5
wadjet_(neopets),5
malay_civet,5
ogre_(homestuck),5
banded_palm_civet,5
jumping_mouse,5
hirith,5
procoptodon,5
horrorterror,5
leafan,5
radiant_draco,5
dohen,5
coosa,5
rat_creature,5
highbreed,5
protost,5
black_swallowtail,5
irrawaddy_dolphin,5
sharp-shinned_hawk,5
right_whale,5
smooth_green_snake,5
legless_lizard,5
spiderling,5
blink_dog,5
shelduck,5
kortu_(species),5
aboleth,5
nosalis,5
zen-whoberis,5
centaur_(fallout),5
marabou_stork,5
cedar_waxwing,5
golden-hooded_tanager,5
dancemon,5
scarlet_ibis,5
piranha_yoshi,5
white-breasted_nuthatch,5
chiss,5
great_crested_grebe,5
american_flamingo,5
legendary_fakemon,5
scottish_deerhound,5
lunar_moth,5
ambient_myriapod,5
sea_squirt,5
hystricid,5
turahk,5
ant_taur,5
mauritian_flying_fox,5
rhinolophid,5
sorcermon,5
dogatchmon,5
two_headed_dog,5
african_clawless_otter,5
peccary_humanoid,5
java_mouse-deer,5
tremarctine,5
giant_eland,5
black_wildebeest,5
iberian_ibex,5
lincoln_sheep,5
kerry_hill_sheep,5
somali_hedgehog,5
were_snow_leopard,5
acanthasterid,5
drakulard,5
saddleback_pig,5
ordinemon,5
shrew_humanoid,5
acanthaster,5
ferax,5
devlyn_(tinydemon),5
porbeagle_shark,5
quavess,5
alligator_taur,5
python_humanoid,5
firefly_humanoid,5
riot_(dmc),5
sirenian_humanoid,5
hooded_tickspider,5
javan_hawk-eagle,5
australian_masked_owl,5
clovenix,5
ejacasm,5
demon_(metro),5
african_pygmy_kingfisher,5
lizakbar,5
araçari,5
marbled_salamander,5
corella_(bird),5
flood_(kingdom_hearts),5
white_mushroom_(kingdom_hearts),5
baker_dragon,5
chameleon_taur,5
apso,5
parotia,5
mythological_nue,5
mancubus_(doom),5
fusion_dragonoid_(bakugan),5
shīsā,5
inagami,5
canada_jay,5
blue_whale_humanoid,5
wild_horse_humanoid,5
moose_taur,5
embermane_(dauntless),5
satyrbun,5
fire_lion_(kirby),5
wedgetail_eagle,5
british_saddleback,5
dark_matter_dragonfruit,5
dogtail_(pvz),5
drakari,5
aq'et,5
thrumble,5
white_wisp,5
shortfin_mako_shark,5
feather_dinosaur,5
void_tendrils,5
paradisaeid_humanoid,5
isopoda,5
boneshark_(subnautica),5
acidic_glavenus,5
ambient_duck,5
odder_otter,5
great_panda,5
deathorus,5
whisp_(my_singing_monsters),5
tyrannosaurid_taur,5
yellowfin_tuna,5
alien_grunt_(half-life),5
nilgai_humanoid,5
riekling,5
blue_lacy,5
american_bully,5
dutch_partridge_dog,5
appenzeller_mountain_dog,5
dryolestid,5
chalicothere,5
halcyon_(species),5
voxai_(sonic),5
gigantamax_duraludon,5
squamate,5
flower_chafer,5
longfin_mako_shark,5
frost_wyrm,5
musteline_taur,5
slime_mold,5
nekopossum,5
moahu,5
royal_gramma_(fish),5
rozenich,5
soulmon,5
saladactyl,5
arbold,5
bumblebun_(species),5
nessla_(temtem),5
kinu_(temtem),5
petpetpet_(neopets),5
chomby_(neopets),5
grass_humanoid,5
semdemen,5
litopteran,5
evil_demon_monkeys,5
vulpine_goliath,5
great_eagle_(lotr),5
rock_dragon,5
spikanor,5
parasimon,5
ashen_blight,5
heavy_howler,5
dagi,5
tolesian,5
nui-rama,5
marapet,5
goat_gorilla,5
moon_demon,5
dread_knight,5
mobian_rabbit,5
wraith_(terraria),5
scutlix,5
mara_(genus),5
goat_dragon,5
nurgling,5
desert_bighorn_sheep,5
varakyn,5
owl_finch,5
siren_humanoid,5
obsidian_creature,5
envestus,5
rasenmon,5
cocaineaco_(graystillplays),5
valarian,5
t-103_(resident_evil),5
egyptian_dog,5
hive_mind_(dead_space),5
spire_wolf,5
bajadasaurus,5
rylak_(warcraft),5
stringwyrm_(fireflufferz),5
feathered_kobold,5
chameleo_arm,5
kroteran,5
tanatos,5
dragonfly_humanoid,5
pearlspring_macaque,5
walky_(kirby),5
water_rat,5
quilbreon,5
noxolotl_(temtem),5
drakash_(temtem),5
kitobra_(insomniacovrlrd),5
naganyx,5
debtcat_(c91),5
sendaen,5
zozanero,5
royal_tern,5
montrose,5
kobug,5
giddyup_buttercup_(fallout),5
beezle_(species),5
lavampyri,5
sheepsquatch_(fallout),5
leaf_insect,5
phantom_(prey),5
nightmare_(prey),5
innki_(temtem),5
wiwaxia,5
wither_skeleton_(minecraft),5
fezateru_dragon,5
root_(the_ashes),5
sylupo_(insomniacovrlrd),5
grunge_(teddy_ruxpin),5
demon_taur,5
ooze_rachel_(resident_evil),5
emperor_bulblax,5
sockpuppy,5
hydra_taur,5
urshiib,5
songbird_(butterflydragon),5
ladibus,5
guarian,5
merseal,5
bergrisi,5
fire_gecko_(fallout),5
maskune_(insomniacovrlrd),5
beverage_humanoid,5
koolebyaka,5
nitro_(toriko),5
blind_one_(metro),5
dark_one_(metro),5
magenta_yoshi,5
waterdog,5
musk_cat,5
nightmare_executioner_(bloodborne),5
rad_deerling,5
werepossum,5
mud_bog_creature,5
soundbyte,5
arboreal_(lunate),5
cock-snapper,5
vulzen_(insomniacovrlrd),5
killer_folk_(all_tomorrows),5
lumpkin,5
werelynx,5
giant_eagle_(super_animal_royale),5
hurakan_wind_spirit,5
rasielmon,5
stingwing_(fallout),5
stavoyan,5
kalthorn,5
baatezu_(dnd),5
quetzalcobra,5
banshee_(yukikaze),5
smaug_giganteus,5
yacare_caiman,5
thunderhelm_lawachurl,5
werefrog,5
forge_dragon,5
copper_golem_(minecraft),5
sinossum_(insomniacovrlrd),5
horned_lion,5
rift_hound_(genshin_impact),5
weregator,5
blackbeetle,5
puyomon,5
chudent_(rodent_powered),5
honeybee_(mario),5
mol'aqa,5
cold_one_(warhammer_fantasy),5
raccoon_(super_mario_sunshine),5
runnermon,5
mimic_(dark_souls),5
baarndancer,5
noodlefly_(rain_world),5
morccubus,5
crabmon,5
nightbringer,5
ray_cat,5
void_creature,5
squibby_(kirby),5
hisuian_avalugg,5
enamorus_(therian_form),5
gargantuan_leviathan_(subnautica),5
gieeg_(cowprintsoda),5
horsehair_worm,5
babut,5
feyan,5
sistermon_ciel,5
gloom-shroom,5
tygoose,5
hesiarr,5
curimon,5
twinklepet,5
security_droid,5
master_green,5
cearadactylus,5
duskit,5
deermouse,5
phrend,5
rabuei,5
puyoyomon,5
glass_shark,5
lootbug,5
rudeling,5
vah_shir,5
quetzalmon,5
faenine,5
egg_humanoid,5
amethyst_dragon_(dnd),5
husk_(hollow_knight),5
void_angel,5
amur_tiger,5
kiinyrie,5
pokara_(species),5
kodokugumon,5
armadon,5
puttimon,5
dryptosaurus,5
pseudoroid,5
glowbug,5
cicada_killer_wasp,5
plantix_(kaiju_paradise),5
chaosdramon,5
frontbeast_sergal,5
suidaen_(eevilish),5
sprinting_build_koraidon,5
pumpkitty,5
xeno_dragon,5
taelon_(species),5
tarakotu,5
arrowbird,5
blessed_narehate,5
remnant_(species),5
spinner_(badnik),5
pyrine,5
little_weaver,5
farkas_(race),5
t-rex_(fossil_fighters),5
nykur,5
veena,5
doodlekin,5
geodoe_(species),5
cave_leech_(deep_rock_galactic),5
orin-acrador,5
weregoat,5
skully_(kirby),5
strap-toothed_whale,5
slaangor,5
knalriki,5
green_plumage_squawkabilly,5
abysskin,5
dironic,5
noblepumpkinmon,5
epurrely_happiness,5
keeper_of_the_grove_(warcraft),5
draak_(golden_treasure),5
pyontomon,5
rooter_(rainbow_six),5
mythological_horse,5
green_flicky,5
roosevelt_elk,5
blanket_demon,5
swaddler_blanket_demon,5
urine_creature,5
living_body_part,5
saurophaganax,5
food_taur,5
perro_de_maro,5
tyrannian_neopet,5
vampire_dragon_(dragon_city),5
legion_(astral_chain),5
mawmu,5
black-bellied_pangolin,5
batflower,5
sangomon,5
drachetype,5
cob_cannon_(pvz),5
gnath,5
panthera_horriblis,5
depthkin,5
mobian_raptor,5
prototaur,5
corruption_(tma),5
quantumon,5
kyuzo,5
flame_donkey,5
elemental_spirit,5
bombermon,5
ktak,5
fallingstar_beast,5
celestial_(ebiinari),5
heisoteri,5
ghibli_(creatures_of_sonaria),5
candevil,5
staccoon,5
tilfish_(the_nature_of_predators),5
stowaway_(rain_world),5
xenomorph_praetorian,5
korathos,5
winged_nomu,5
electric_peashooter_(pvz),5
centaur_(rtts),5
plotseajok,5
gnorbu_(neopets),5
goo_peashooter_(pvz),5
mongolian_gazelle,5
sochuri,5
folfo,5
unclean_(scp-093),5
skrall,5
clown_(scp_foundation),5
clocker_(kirby),5
vorahk,5
blowhog,5
obesk,5
mumrik,5
fox-hyena,5
blubberbeast,5
bullogan,5
tresaur,5
sentinel_terror_dog,5
grimalkin_(species),5
scp-2300,5
tallneck,5
red-spotty_bulborb,5
junimo,5
inverted_(species),5
mawlek_(hollow_knight),5
grimmkin_nightmare_(hollow_knight),5
weaverling_(hollow_knight),5
digrins,5
meinastilim,5
igna_(xenoblade),5
wickerbeast_taur,5
dremora_(the_elder_scrolls),5
living_doughnut,5
red_dragon_(might_and_magic),5
faerie_dragon_(might_and_magic),5
pael,5
orange_flower_floette,5
segyein,5
scythian_witch-harpy,5
aeolid_nudibranch_merfolk,5
rainbow_onesie_dragon,5
leoplicant,5
california_ground_squirrel,5
sakuyamon_miko_mode,5
nuka_(species),5
wolph,5
figura,5
beechey_ground_squirrel,5
cockatrimon,5
wolfvern,5
hummingbird_demon,5
living_melon,5
velveteen_lop,5
amuaroo,5
suanni,5
forest_keeper_(lethal_company),5
gouging_fire,5
pikling,5
tentacle_humanoid,5
viverra_megaspila,5
g-imp_(fiend_folio),5
baize,5
actinopterygii,5
dancing_bug,5
nightmare_stalker_(minecraft),5
poodle_taur,5
anti-matter_humanoid,5
solitary_suanni,5
celaray,5
woolipop,5
pal_humanoid,5
mammorest,5
wastes_lesser_rex,5
pyrin_(pal),5
nutcracker_(lethal_company),5
norn_emissary,5
cinnamoth,5
reindrix,5
broncherry_aqua,5
astegon,5
kerian,5
swolfpert,5
cryo_slime,5
dendro_slime,5
crocgreymon,5
miff_(species),5
mozzie_(species),5
whopperflower,5
sushi_dog,5
humanoid_draconcopode,5
leererhund,5
greymon_(2010_anime),5
axehandle_hound,5
teakettler,5
raen_(final_fantasy),5
evolved_necrofriggian,5
hybrien,5
slug_dragon_(species),5
toy_neopet,5
quill_dog,5
garbage_worm_(rain_world),5
lom-series_protocol_droid,5
voseus,5
chaperomon,5
aeriad,5
enderian,5
dromeosaur,5
puppy_deer,5
luprangi,5
drowned_(minecraft),5
altevian,5
alien_bunny,5
valentine_neopet,5
common_rooba,5
rooba,5
shovel_headed_worm,5
foxface_rabbitfish,5
rabbitfish,5
pacific_double-saddle_butterflyfish,5
lapras_taur,5
cell_humanoid,5
tamacat,5
living_game,5
tyrat,5
new_god_(fear_and_hunger),5
akutsune,5
scavenger_(helldivers),5
woolly_chafer_beetle,5
striped_marlin,5
laptop_head,5
hagsfiend,5
cen_(maddworld),5
taowu,5
oozoid,5
sea_bear_(spongebob),5
puijila_darwini,5
puijila,5
vulture_bee,5
lubraean,5
lumifluff,5
maip,5
draknaryant,5
europasaurus,5
raythan,5
rob'ott,5
purrgon,5
amabilisdraco,5
canonine,5
arachnomorph,5
dire_cat,5
nitron,5
akeshi,5
ginko_(leopets),5
telescope_goldfish,5
oranda_goldfish,5
ghartokus,5
skullcat_(species),5
iron_dog,5
ryugumon,5
otrmon,5
red_garra,5
gold_golem,5
tau_(dfo),5
soldier_fly,5
beta_treecko,5
zuruuzu,5
torosaurus,5
krotch,5
peanut_beta_pokemon,5
illupine,5
red_death_(httyd),5
ulysses_butterfly,5
datkashi,5
umbreepunny,5
rook_(fattmana),5
gauna,5
proavis,5
lithoid_(stellaris),5
molluscoid_17,5
mammalian_6,5
corsican_hare,5
common_humbug_(my_singing_monsters),5
mini_geist,5
sea_pen,5
snapjaw_(caves_of_qud),5
dominion_(angel),5
smelt_(fish),5
scorpionfish,5
centrosaurus,5
living_dumpling,5
seedling_(naycelium),5
plague_doctor_(anthro),5
smokie_(pal),5
megamaiden,5
beast_thiren,5
scale_insect,5
pacific_banana_slug,5
ornitaro,5
talean,5
gooray,5
japanese_silk_moth,5
lard_(adventure_time),5
nimlac,5
wolf_deer_hybrid,5
cnidling,5
american_rabbit_(breed),5
atlantic_tarpon,5
rodingding_(sacred_trees),5
tarpon,5
birdfox,5
tengu_(paizo),5
xanthid_crab,5
sparkle_fairy_(barbie),5
xerces_(butterfly),5
belgian_hare,5
species_arh,5
fire_naoki,5
naoki_(race),5
surgorix,5
werewolf_(maplestory),5
newtron_(badnik),5
lycanthrope_(maplestory),5
crowgryphon,5
dirvys,5
lurkerbeast,5
tomb_kings_(warhammer),5
demon_(ultrakill),5
cream_wolf_(cookie_run),5
fizzlit_(mario),5
living_onion,5
tanu_wyvern,5
guei_(deltarune),5
nobody_humanoid,5
wicabel,5
omnilurkerbeast,5
brownbanded_bamboo_shark,5
stumbleboom_(rayman),5
qilin(chinese_mythology),5
aniimo_(species),5
jelling,5
spamtopian,5
capriogre,5
girratalope,4
stenomylus,4
ekaltadeta,4
huntaway,4
something,4
eohippus,4
auggie,4
capricorn,4
tiburon,4
dracolupe,4
hissi,4
ettercap,4
yagudo,4
devil_bug,4
giant_ant,4
vangaurd,4
sloughi,4
cyberman,4
java_finch,4
angelpuss,4
wilddog,4
direhorse,4
icebear,4
tibetan_antelope,4
marlfox,4
mana_wyrm,4
brocket_deer,4
muscaliet,4
rock_fenra,4
kojondo,4
draggy,4
redcap,4
wiggler,4
river_spirit,4
drone_(starcraft),4
sandstone_drake,4
spectre,4
red_khezu,4
wingdramon,4
juusou,4
saper,4
puka,4
marozi,4
plant_elf,4
gun_puppy,4
ophidian,4
whaleshark,4
axe_beak,4
nagini,4
cardassian,4
kweh,4
cybermen,4
penguinator,4
devildog,4
netch,4
sinister_squashling,4
midnight_dragon,4
daemon_(digimon),4
candiru,4
diatrymon,4
demimeramon,4
cerberumon,4
sandiramon,4
yasyamon,4
zhuqiaomon,4
venommyotismon,4
lucemon_chaos_mode,4
kokabuterimon,4
submarimon,4
bunneh,4
da'kor,4
branath,4
kimeramon,4
gastornis,4
violetchi,4
starmon,4
depraved,4
half-human,4
leapard,4
flycatcher,4
cardian,4
jeroba,4
jackel,4
martail,4
warp-aci_(dmfa),4
wester,4
overlander,4
kender,4
krait,4
cur,4
sr71,4
mutoid,4
linx,4
winged_twilight,4
sea_nettle,4
vinegaroon,4
apbt,4
faery,4
shrieker,4
ceratosaur,4
royal_penguin,4
cave_troll,4
skeever,4
borelian,4
ohmes,4
cadejo,4
manhandla,4
catsaber,4
pommy,4
krauk,4
giff,4
fryguy,4
australian_dragon,4
unico_(monster_rancher),4
plant_(monster_rancher),4
manna_(monster_rancher),4
vectarr,4
fire_lizard,4
sergalnid,4
killer_panther,4
poffel,4
glacial_agnaktor,4
balanar,4
platypunk,4
pudú,4
hermit_(species),4
felinae,4
magroplex,4
tarakai,4
chelys_galactica,4
sarseian,4
tallstrider,4
staurikosaurus,4
devourer_(terraria),4
pichimon,4
xero,4
skyliner,4
hothead,4
adamantine_lustre,4
neuroi,4
hypnocatrice,4
kangarumon,4
garyo,4
jiikenwa,4
aldebaran,4
ripper_(shadow_warrior),4
lizardian,4
lumine_(species),4
surmelle,4
caragor,4
yordles,4
kusian,4
wither_skeleton,4
witchmon,4
nibelsnarf,4
larko,4
mussel,4
wasps,4
mock_turtle,4
dradon,4
liir,4
catbatdemoncat,4
stalker_(borderlands),4
galactic_coatimundi,4
demoiselle_crane,4
magic_(monster_rancher),4
worm_(monster_rancher),4
chia,4
herbivorous_wyvern,4
tentacles_monster,4
whammy,4
vodun,4
haniwa,4
gryphinne,4
basarios,4
rhedosaurus,4
chirt,4
sniperwild,4
gigante_(species),4
boov,4
humbaba,4
star_pony,4
ice_phoenix,4
grandracmon,4
vulpex,4
human_doll,4
flaremon,4
bonitasaura,4
andromon,4
deramon,4
heaven_gryphon,4
eeltail_catfish,4
sakkra,4
protean,4
hibeia,4
gimel_goblin,4
gobli,4
killerwhale,4
meeseek,4
geonosian,4
mutated_namekian,4
majespecter,4
mojyamon,4
fluffdragon,4
yeemur,4
turan,4
grapple_grounder,4
g-murr,4
metalgarurumon_x,4
demonbatcat,4
pedetidae,4
mordrem,4
dinsoaurs,4
shock_trooper_(half-life),4
spectreon,4
eeveeon,4
weresquirrel,4
vaettir,4
noise_(the_world_ends_with_you),4
shivarra,4
unknown_pokemon,4
scp-504,4
snork_(s.t.a.l.k.e.r.),4
quilux,4
rappy,4
skull_beast,4
yaamon,4
shadow_elf,4
argentavis,4
hook_horror,4
european_honey_bee,4
blackfooted_ferret,4
direenyxian_(species),4
diuban,4
panser,4
bucculus,4
bharal,4
varcsin,4
emperor_dragon,4
lemure,4
iceborn,4
kukun,4
voltigore,4
garakton,4
mahna_drop,4
yellow-crowned_amazon,4
maenad,4
dolphoria,4
tailypo,4
cacklebat,4
goliath_birdeater,4
eternal_dragon,4
lacertian_(species),4
sea_pig,4
azata,4
minkin,4
luporaptor,4
fisseon,4
husky_dragon,4
lobo_guara,4
military_macaw,4
sword_spirit,4
fenerox,4
spirit_tree,4
cryptoclidus,4
faedera,4
chimaera_(dragon_quest),4
dozedrake,4
ioprey,4
norwegian_buhund,4
eurypterid,4
monkey_boy,4
brute_dragon,4
spikan,4
rashaverak,4
whiptail_lizard,4
kakamora,4
colossal_squid,4
alpha_metroid,4
daidoota,4
cat_pony,4
oujamon,4
niyassur,4
lord_of_the_mountain,4
mustalidae,4
deep-eyes_white_dragon,4
giadrome,4
butt_creature,4
flame_sprite,4
chilleon,4
spotted_towhee,4
treehopper,4
dobsonfly,4
pukamon,4
fiordland_penguin,4
indian_grey_mongoose,4
synthetoceras,4
spiny_dogfish,4
red-headed_vulture,4
pieena,4
kittyfloss,4
newtgat,4
bargasaurus_(banjo-kazooie),4
sour_mallowolf,4
macaracoon,4
quackberry,4
bispotti,4
baiji,4
ardipithecus,4
pygmy_possum,4
solenodon,4
northern_gannet,4
dumbo_rat,4
african_dwarf_frog,4
hoplophoneus,4
squat_lobster,4
prairie_chicken,4
elasmotherium,4
procompsognathus,4
chalicotherium,4
lava_lizard_(spyro),4
syricta,4
o'possum,4
florn,4
stareater,4
dusk_lobber,4
leafox,4
muse_(species),4
wutt,4
silithid_(species),4
careck,4
bread_cat_(species),4
nerdluck_(space_jam),4
bulgasari,4
aswang,4
sniper_(monster_rancher),4
beast_man_(species),4
metahuman,4
numb_body_(silent_hill),4
shiverian,4
great_flying_fox,4
miragaia,4
urakri,4
gummy_rat,4
sektan,4
pokemon_(especies),4
rosasaur,4
punkleton,4
jugglhare,4
slurpasaur,4
ring_spirit,4
lock_(species),4
toavat,4
hug_wolf,4
mobian_cat,4
abyss_dragon,4
krogan_behemoth,4
kiko_(neopets),4
shadow_creature_(don't_starve),4
beefalo_(don't_starve),4
helian,4
masiakasaurus_knopfleri,4
met_(mega_man),4
tuskaninny,4
tojay,4
red-backed_poison_frog,4
caenemung,4
tostarenan,4
citron_(pvz),4
guacodile_(pvz),4
imitater_(pvz),4
red_stinger_(pvz),4
split_pea_(pvz),4
stallia_(pvz),4
utauloid,4
happi-,4
name-ru,4
sandstorm_vivillon,4
river_vivillon,4
high_plains_vivillon,4
fancy_vivillon,4
springer_(path_of_fire),4
hammerhood,4
masked_lovebird,4
california_quail,4
en_(pokemon_gold_beta),4
foxen_(rva),4
rufous_hummingbird,4
fakkumon,4
bio_spark,4
parasol_waddle_dee,4
arkesian,4
lucid_nightmare,4
belphemon_(sleep_mode),4
qoutel,4
light_trio,4
piasa,4
etalcon,4
steller_sea_lion,4
gorillamon,4
lahore_pigeon,4
scat_golem,4
ocelotl,4
elemental_earth,4
common_brown_lemur,4
vampire_succubat,4
basilisk_(homestuck),4
lich_(homestuck),4
horsaroni,4
mother_grub,4
denizen_(homestuck),4
brown_swiss_cattle,4
texas_longhorn_cattle,4
uintatherium,4
dinocrocuta,4
haast's_eagle,4
protoceratid,4
saddleback_caterpillar,4
sufokian,4
giclops_(homestuck),4
jyarimon,4
soul_(inazuma_eleven),4
blitzgreymon,4
nyokimon,4
ferake,4
fiend_of_slaanesh,4
pygmy_falcon,4
pom-pom_crab,4
cerebrocrustacean,4
crystalsapien,4
orishan,4
thep_khufan,4
mediterranean_monk_seal,4
painted_turtle,4
greater_flamingo,4
white-bellied_sea_eagle,4
indian_elephant,4
bananaquit,4
chukar,4
collared_crow,4
kuo-toa,4
modron,4
hannya,4
megatherium,4
nikonight,4
ruddy_duck,4
carolina_parakeet,4
pupfish,4
fin_whale,4
guineafowl,4
brown_fur_seal,4
ribbon_seal,4
panarthropod,4
half-dwarf,4
archfiend,4
androsphinx,4
fog_crawler,4
killdeer,4
eurasier,4
tragopan,4
homing_pigeon,4
night_heron,4
sword-billed_hummingbird,4
centaurian,4
satin_bowerbird,4
slyph_(species),4
mufflon,4
wandering_albatross,4
curassow,4
sunbird,4
crimson_topaz,4
red-crowned_parakeet,4
common_wood_pigeon,4
swamphen,4
greater_sooty_owl,4
king_eider,4
western_capercaillie,4
bustard,4
snowy_egret,4
petroicid,4
vice_(final_fantasy_ix),4
northern_lapwing,4
drongo,4
laughing_kookaburra,4
dream_walker,4
cowbird,4
american_redstart,4
fox_sparrow,4
the_eye_of_timaeus,4
camel_cricket,4
hairstreak_(butterfly),4
great_black-backed_gull,4
tunicate,4
kirs,4
himalayan_guinea_pig,4
abyssinian_guinea_pig,4
siberian_flying_squirrel,4
lerahk,4
omegashoutmon,4
ursine_taur,4
white_rhinoceros_humanoid,4
fuzzle_(oddworld),4
flamewizardmon,4
gaelicat,4
reaper_queen,4
cryptoclidid,4
wusky_inu,4
boar_taur,4
collared_peccary,4
arctodus,4
amphicyonid,4
triceratops_horridus,4
blesbok,4
common_tsessebe,4
dorcas_gazelle,4
kabara,4
raphicerus,4
kirk's_dik-dik,4
oberhasli_goat,4
tobucatmon,4
neo-fennec,4
mountain_tapir,4
tamworth_pig,4
juliana_pig,4
loa_(species),4
machairodontinae,4
hedgehog_taur,4
brutosaur,4
hedgehog_pie,4
viper_humanoid,4
mushussu,4
hareraiser,4
lips_(dragon_quest),4
sand_shark_(subnautica),4
lamniform,4
lamnid,4
bullhead_shark,4
bunneran,4
spiny_orb-weaver,4
emperor_scorpion,4
mastigure,4
tentigo,4
aquafairy,4
lapidopteran,4
moon_dragon,4
white-naped_honeyeater,4
galápagos_penguin,4
flying_shrieker,4
pelican_humanoid,4
american_white_pelican,4
australian_pelican,4
black-crowned_night_heron,4
cassowary_humanoid,4
ostrich_humanoid,4
unjoy,4
flemoidus_bipedicus,4
whizzard,4
new_world_quail,4
peacock-pheasant,4
megaraptor,4
condoom,4
white-throated_toucan,4
ringed_salamander,4
red_lory,4
boxfish,4
flying_snake,4
swedish_lapphund,4
english_mastiff,4
miniature_poodle,4
crocodylid,4
dodomeki,4
wombat_humanoid,4
thylacine_humanoid,4
omukade,4
rock_hyrax,4
gastornithiform,4
maremmano,4
bankhar,4
kestodon,4
behemoth_(mh),4
disufiroa,4
lyrebird_humanoid,4
cuculiform_humanoid,4
roadrunner_humanoid,4
florida_scrub_jay,4
sperm_whale_humanoid,4
bowhead_whale_humanoid,4
quetzal_humanoid,4
elk_taur,4
stormclaw_(dauntless),4
muskox_humanoid,4
skarn_(dauntless),4
cat-bird,4
clot_(killing_floor),4
yanme'e,4
black-tailed_jackrabbit,4
koma_pig,4
goombrat,4
goombo,4
gigantamax_corviknight,4
fire_piranha_plant,4
greater_lophorina,4
water_flea,4
ocypodid,4
kurilian_bobtail,4
thunderaffe,4
flantastic_seven,4
black-tailed_prairie_dog,4
shoe_creature,4
oobling,4
hani_(species),4
pixolotl,4
thwok,4
dracanid,4
husa_(species),4
cantaphaloara,4
memenace,4
clovour,4
mamodo,4
vandash,4
g'joob,4
tapricorn,4
deloris_(pokemon_clover),4
flum_ox,4
ghazt_(my_singing_monsters),4
turtle_taur,4
ornithischian_taur,4
sauropod_taur,4
xudarian,4
spider_daedra,4
dromedary_humanoid,4
puma_humanoid,4
mightyvee,4
cormorant_humanoid,4
finch_humanoid,4
horned_unicorn,4
gigantamax_garbodor,4
nightwalker_(species),4
potcake,4
plott_hound,4
redbone_coonhound,4
wire_fox_terrier,4
staffordshire_bull_terrier,4
estrela_mountain_dog,4
ornithomimosaur,4
dinocephalian,4
broozer,4
southern_grasshopper_mouse,4
long_eared_owl,4
asp_viper,4
water_snake,4
thunderbird_humanoid,4
eternamax_eternatus,4
white-throated_sparrow,4
freshwater_qaywa,4
sea_cow_humanoid,4
shinehorn,4
reapermon,4
mirror_spider,4
neptune_(resident_evil),4
cat_owl,4
tactical_droid,4
pocus_(temtem),4
skeeter_(mario),4
clony,4
bread_monster,4
avajax,4
vy'keen,4
slyphur,4
electricity_humanoid,4
galotian,4
harvester_queen,4
cat_boomer,4
archon_(magic:_the_gathering),4
rinymon,4
dragon_snapper,4
hydranoid_(species),4
northern_harrier,4
grinion_(species),4
kahu,4
bunny_dragon,4
zosteropid,4
protodite,4
monkey_dude,4
becklespinax,4
k'beck,4
kacheek_(neopets),4
silverush,4
megasaurus_rex,4
jobaria,4
bear_(castle_crashers),4
taxxon,4
chaosgallantmon,4
machairodus_aphanistus,4
albino_sangheili,4
dodo_(jelly_jamm),4
daegian,4
mole_rat_(fallout),4
american_paddlefish,4
leopard_frog,4
spiderant,4
void_dragon,4
flower_dragon,4
wingray,4
fire_imp_(terraria),4
hornet_(terraria),4
moss_hornet_(terraria),4
medusa_(terraria),4
sand_dragon,4
northern_pike,4
purple_frog,4
scp-1293,4
silverwing_(lol),4
scyphozoa_(code_lyoko),4
woodmon,4
wandering_vagrant,4
voltanian,4
hollow_(acleanperson),4
hollow_(hollow_knight),4
tentagami,4
crasberry,4
brown_booby,4
saichania,4
siamese_jackal,4
stranger_(parasite_eve),4
maned_gryphon,4
anubian_baskurr,4
cosmic_wolf_(voltron),4
mirrodin_leonin,4
quarren,4
krayt_dragon,4
negati,4
wulfen,4
ironwing,4
ovum_creature,4
t-002_(resident_evil),4
snuppy,4
joti,4
feathren,4
puffstool,4
scruffsum,4
strategodine,4
bionyr,4
silvapithecus,4
paraboom,4
scp-966,4
kinkakumon,4
skorch,4
caraglow,4
che'lahn,4
ickygoo,4
mesomorph,4
nuclear_snake,4
wollywog,4
swedish_demondeer,4
california_leaf-nosed_bat,4
panda_(minecraft),4
maniraptor,4
gumon,4
toady_(mario),4
feex,4
vixbun,4
kikanalo,4
nidrasil_(temtem),4
toxolotl_(temtem),4
wiplump_(temtem),4
zephyruff_(temtem),4
seachuck,4
sinsect_(biffyjack94),4
asiatic_wildcat,4
zazanero,4
papu,4
dragoling,4
cake_monster,4
kachicamo,4
ursin,4
miggwitch_(slug),4
breeder_(call_of_duty),4
rhino_(call_of_duty),4
strelac_(resident_evil),4
hell_razer_(doom),4
tyrannidae,4
stinkmink,4
protozoa_(organism),4
fev_mutant_(fallout),4
common_cold_(organism),4
rhinovirus_(organism),4
spinupine_(insomniacovrlrd),4
hidegons,4
dinocrocuta_gigantea,4
iskal_(the_ashes),4
pyrocyonidae,4
ikazune,4
dra'gal,4
water_monitor_lizard,4
regis_licker_(resident_evil),4
mirage_(woff),4
sky_baron,4
lust_yamask,4
reefback_leviathan_(subnautica),4
sea_dragon_leviathan_(subnautica),4
spaniel_of_saint_usuge,4
dilute_calico,4
fat_rat_(dragon_quest),4
guurahk,4
squeek_(mario),4
grassland_fox,4
dashkin,4
furious_rajang,4
old_amber_gnoat_(biomutant),4
dumdon_(biomutant),4
automaton_(biomutant),4
firthaen,4
hunter_beta_(resident_evil),4
arctic_peeper_(subnautica),4
garden_of_eyes_(bloodborne),4
beast-possessed_soul_(bloodborne),4
gravital,4
moonfolk,4
spitz_humanoid,4
samebito,4
urmahlullu,4
qianzhousaurus,4
barometz,4
draco_psyrin,4
flerken,4
sogecko_(insomniacovrlrd),4
furroi,4
snake_man_(he-man),4
succubus_(dnd),4
mag_agent_(madness_combat),4
sealsdramon,4
scaleon,4
makara_(dragon_village),4
whitespike,4
dorbickmon,4
dodoco_(genshin_impact),4
traveller_(no_man's_sky),4
lesser_iraian,4
bovine_satyr,4
iguana_(homestuck),4
turtle_(homestuck),4
frog_(minecraft),4
orc_dragon,4
zhutia_hudul,4
giant_armored_serpentid,4
californian_rabbit,4
jackspring,4
chocolate_mouse,4
boltmon,4
spinoraptor,4
dark_boo,4
red_wisp,4
jade_wisp,4
pink_wisp,4
arkasodara,4
genfable,4
cecaelia_taur,4
arctic_fennec_fox,4
kessurian,4
mossax,4
ventgarden_(subnautica),4
hisuian_qwilfish,4
maloq,4
emp,4
ghost_knight_(kirby),4
flora_(kirby),4
kapar,4
propeller_(kirby),4
flappy_(kirby),4
gaal,4
pepiken_(insomniacovrlrd),4
skud_(kirby),4
bobo_(kirby),4
petermon,4
maus'sune,4
felinor_(deepwoken),4
gumimon,4
wisp_(kirby),4
capsule_j2,4
flotzo,4
mouser_(tmnt),4
jaegerdorulumon,4
transvaal_lion,4
golem_(kirby),4
gogol,4
galbo,4
slippy_(kirby),4
cccat,4
sajii,4
sinox_(kaiju_paradise),4
craby,4
qualuzol,4
egg_slug,4
tullimonstrum,4
lemon_shork_(kaiju_paradise),4
athulyth,4
serpents_of_tiamat,4
beastman_(elden_ring),4
king_raptor,4
silver_tear,4
sheepmon,4
echidna_humanoid,4
kuzuhamon,4
sauropterygian,4
nightshade_(kaiju_paradise),4
legendark,4
hound_(don't_starve),4
format_x,4
trigger_(trinity_trigger),4
bumi_(species),4
ebiburgermon,4
mobian_frog,4
splashmon,4
tobiumon,4
lerachu,4
valiar_(temtem),4
saikarie,4
khar-salim,4
cluckoid,4
mojompu,4
australopithecus_sediba,4
kingetemon,4
pyre_rakna-kadaki,4
gowngoat,4
acorn_bug,4
glider_(caleb_magness),4
hominidae_(eevilish),4
piki_(livly),4
lovox_(livly),4
grankuwagamon,4
lang_(kaiju_paradise),4
ixenien,4
ruiner_nergigante,4
kobold_taur,4
cornu_lepus_(livly),4
nudibranch_merfolk,4
s.n.i.p.e,4
angel_rabbit,4
tigaro,4
pinamon,4
paleo_(species),4
doomclaw,4
dweller_(daz3d),4
zyta_helorum,4
ringtail_slime,4
pollicula_(insomniacovrlrd),4
assbyssian,4
voorean,4
crawler_(halo),4
parrotmon,4
black-throated_bushtit,4
oleamon,4
mousefly,4
kyacaotl,4
violet-green_swallow,4
moss_charger_(hollow_knight),4
pa'lowick,4
golden_oni,4
kuxpir,4
naclstack,4
spunky_(kaiju_paradise),4
zen_mode_galarian_darmanitan,4
common_cuckoo,4
aranara_(genshin_impact),4
crystalfly_(genshin_impact),4
dsungaripterus,4
hesperosaurus,4
nulfero,4
mengji,4
ramovii,4
serpenista,4
dogkin_(lord_of_heroes),4
snaunt,4
trill_(star_trek),4
areore,4
crater_creature_(scorn),4
noppera-bo,4
merfolk_taur,4
enigma_(kokoro-doll),4
kamaitachi_(world_flipper),4
bemmon,4
jyoti,4
sabertooth_felid,4
gitsaykeron,4
jumbo_blanket_demon,4
symbiote_(starcraft),4
vaporweevee,4
seacon,4
goobus_(species),4
ottuk,4
skunk_cleaner_shrimp,4
disco_neopet,4
copper_dragonborn_(dnd),4
basilisk_(dnd),4
sun_dragon_(dragon_city),4
kolshian_(the_nature_of_predators),4
possum_rat,4
sunarizamon,4
countryhuman,4
weregarurumon_x,4
replika,4
plantern_(pvz),4
batty_slime,4
ambient_parasprite,4
ambient_rat,4
civil_engineer_dragon_(species),4
pelicorn_(drawfee),4
lava_dragon_(might_and_magic),4
dark_(tma),4
desolation_(tma),4
end_(tma),4
extinction_(tma),4
mobian_pronghorn,4
gnarl_(species),4
gup_(risk_of_rain),4
reptilian_(conspiracy_theory),4
battler_(crash_bandicoot),4
soul_warrior_(hollow_knight),4
san_jose_scale,4
prickly_piranha_plant,4
sablefish,4
siyokoy,4
frostfang_barioth,4
black_oni,4
makili_pietru,4
leptoceratops,4
willosaur,4
tidi_(saga),4
dusky_shark,4
cherubble,4
rishboland_tiger,4
snivelakian,4
kejtdra,4
telija,4
gekkalek,4
novus_warden,4
glump,4
guardian_(rain_world),4
bozak_draconian,4
forged_construct,4
mystery_dragon,4
estine,4
velociraptor_(jurassic_park),4
turquoise_fronted_amazon,4
antherian,4
sirenade,4
arkri-bat,4
galtino,4
melon-pult_(pvz),4
monstrous_dog_(elden_ring),4
variable_neon_slug,4
g.e.n.i.e.,4
insectoid_(species),4
dark_spectrobe,4
verian,4
hayim_(species),4
scp-2256,4
dracomon_x,4
protodrone,4
tressym,4
perucetus,4
arthropleura,4
lymphocyte_wc,4
goloma,4
wandsman_(scp_foundation),4
gorilla_taur,4
lugworm,4
sugarbee_fairy,4
brooding_mawlek_(hollow_knight),4
grub_mimic_(hollow_knight),4
vengefly_king_(hollow_knight),4
grimmkin_master_(hollow_knight),4
panda-dragon,4
werehuman,4
diadei,4
robonoid,4
primal_wall-nut,4
living_vacuum_cleaner,4
living_earbud,4
living_nut,4
greater_basilisk_(might_and_magic),4
living_pasta,4
living_crash_test_dummy,4
dire_plant,4
white_flower_flabebe,4
ember_wolf,4
garnet_dragon,4
shiyaro,4
wasp_taur,4
war_hydra_(warhammer),4
scp-478,4
werecuttlefish,4
weresmilodon,4
weresaber-toothed_tiger,4
scp-1702-3,4
kromsapiod,4
breeze_(minecraft),4
cat-astrophe_(species),4
korsu,4
wereplatypus,4
antilocaprid,4
bruchandus,4
clefthoof,4
varik_(aflamboyantduck),4
cat_puffle,4
protostegidae,4
hippity_(my_singing_monsters),4
hippityhop,4
hop_(my_singing_monsters),4
rare_furcorn,4
butterfly_taur,4
inchworm_pipe,4
kobodal,4
felithrax,4
gelgoog,4
rifthound,4
zol_(the_legend_of_zelda),4
meep_(doctor_who),4
aandrisk,4
chalibdryl,4
iron_boulder,4
anhinga,4
doyle_(marapets),4
melanistic_jackal,4
figs_gootraxian,4
greaper,4
bredyne,4
masked_(lethal_company),4
kleptocat,4
corax_(world_of_darkness),4
ratkin_(world_of_darkness),4
brujah_(world_of_darkness),4
golem_(risk_of_rain),4
aratilupus,4
shrieking_legiana,4
evolved_vaxasaurian,4
kiju_(species),4
vulpin_(vulpin_adventure),4
penking,4
tocotoco,4
vanwyrm,4
planchakule,4
dark_mutant,4
engaryu,4
flare-fanged_dragon,4
paladius,4
arsox,4
dinossom_lux,4
digtoise,4
kelpsea,4
faleris,4
nevok_(the_nature_of_predators),4
jikkemon,4
gaian,4
shararook,4
electro_slime,4
pyro_slime,4
scrameustache_(species),4
lagutrop,4
eternal_flower_florges,4
ovomorph,4
luminamon,4
corori_(kirby),4
imp_(disgaea),4
bubblebeastie,4
gorg_(muppets),4
bd_explorer_droid,4
yolkmon,4
geochelone_aerios,4
felnac_(zdnoz),4
stalker_(horizon),4
ravager_(horizon),4
zerukmo,4
golden_collie,4
zebra_wolf,4
wolf_zebra,4
binary_entity_(qsmp),4
brain_bug,4
arctic_hyena,4
kri_(species),4
basedinian,4
largodecuello_basedinians,4
peacock_mantis_shrimp,4
zurulian_(the_nature_of_predators),4
draconith,4
marching_andante,4
battering_lento,4
common_edamimi,4
clown_triggerfish,4
lagoon_triggerfish,4
candy_shark,4
tulip_snake_(lethal_company),4
grappleomon,4
grannen,4
meishi,4
kipine_(species),4
alkaksu,4
slurple,4
deputymon,4
haku_fox,4
servace,4
windy_wing_pony,4
yulpa_(the_nature_of_predators),4
baku_(species),4
krakken_(ben_10),4
nuckelavee_(rwby),4
azarathian,4
azure_dragon_(chinese_mythology),4
white_dragon_(chinese_mythology),4
zorvuun,4
hyenadeer,4
foam_creature,4
foam_humanoid,4
sapphire_dragon,4
sapphire_dragon_(dnd),4
sumatran_striped_rabbit,4
slime_(maplestory),4
harch,4
jagar,4
arctic_fox_humanoid,4
tiderg,4
trigonian,4
wixen_noct,4
wright_wyvern_(slightly_damned),4
bajole_(insomniacovrlrd),4
alioramus,4
corrupt_insect,4
ascended_god_(fear_and_hunger),4
extinct_breed,4
shadyhound,4
water_fox,4
ma_vu_dai,4
skolger,4
yakumo_(palworld),4
black_kite,4
higher_drekiormr_(species),4
dinomon,4
ferret-rabbit,4
goatmon,4
affini,4
wood_creature,4
mars_djinni,4
jupiter_djinni,4
bubble_eye_goldfish,4
bat-canine,4
kanpainiki_(tenma),4
panther_eye,4
dolphin_(minecraft),4
naolu,4
slimevern_(species),4
huhu,4
sheep-wolf,4
evolved_to'kustar,4
eurasian_cuckoo,4
emerald_(gem_species),4
moriah_dragon_(dragon_city),4
green_horsefly,4
beta_lickilicky,4
beta_cacturne,4
gyarubi,4
beta_meloetta,4
west_african_giraffe,4
tentacut_alien,4
tentacut,4
hell_panda,4
leoger_humanoid,4
living_potato,4
felinerect,4
evereni,4
hybrid_digimon,4
lithoid_14,4
protonoid,4
felithid,4
gundalian,4
avikan,4
alopekis,4
inv_pup,4
bogmoo,4
darter_(bird),4
mara_(mammal),4
torpedo_ray,4
jinn_(mythology),4
anthias,4
exe_(species),4
living_ball,4
squiddle_(pressure),4
hylaeosaurus,4
payer,4
bastigor,4
bunswirl,4
henes,4
kebold_(sacred_trees),4
lagobon_(sacred_trees),4
harvester_ant,4
red_harvester_ant,4
damsel_bug,4
northern_inuit_dog,4
galocero,4
lephideon,4
lireon,4
drakeon,4
moon_person,4
bubli_(original_species),4
scyclaw,4
kura_(species),4
rekivolt,4
doppelganger_(fear_and_hunger),4
plecostomus,4
lintran,4
rayosian,4
rhinorex,4
sootseer,4
miminomi,4
dungeon_honey_bee,4
desert_woodrat,4
starkitty_(chromulus),4
redhelm_arzuros,4
bluestreak_cleaner_wrasse,4
wesfey,4
hirabami,4
red_lionfish,4
windrustler,4
nardotaur,4
freshwater_angelfish,4
nebullari,4
rabbear,4
vassago_(doom),4
elhawk,4
anurognathus,4
living_chastity_device,4
vastrean_(deaniealaska),4
radiodont,4
gripper_(dialingnumber9),4
living_dress,4
feathered_elemental_dragon,4
sashli'sftonodo,4
dolphin_taur,4
goblin_(parasite_world),4
euclidean_humanoid,4
noveltech_samson,4
iec_wingman,4
full_body_conversion,4
horny_mushroom_(maplestory),4
moriten,4
mairan_(species),4
darkmess_manta,4
inanis_(species),4
devouring_swarm,4
umbran,4
mekboar,4
garchomp_(reburst),4
living_pea_(food),4
centiwing_(rain_world),4
colorbeast,4
egyptian_goose,4
omnibeast,4
balthizard_(deltarune),4
snyakutz,4
bildit,4
bao_bao_hu_(eggy_party),4
bishop_(molecular_breakdown),4
claireon,4
runewolf,4
delivery_bot_(death_stranding),4
necroshifter,4
arch_(species),4
snootbeast,4
nox_dragon,4
benthodytes_violeta,4
moropus,3
wahoo,3
tai_pan,3
cheshire,3
half-esper,3
laika,3
black_footed_cat,3
cat-shark,3
sylphid,3
drull,3
giant_slug,3
scorchio,3
english_shepherd,3
oribi,3
ardipithecus_ramidus,3
hekrochupaai,3
punica,3
consort,3
pa'li,3
rock_golem,3
vogon,3
hawkstrider,3
zonz,3
keelie,3
foxxis,3
black_bird,3
crowla,3
freak,3
crocotta,3
kangasarusrex,3
catdemon,3
probe_(starcraft),3
dragon_monster,3
rusalka,3
army_ant,3
taunka,3
mota,3
brine_shrimp,3
fel_orc,3
matagot,3
sunfish,3
sunbear,3
bamf,3
lanx,3
merukimon,3
dragonness,3
frenzy_wisp,3
hover_wisp,3
suguri,3
northern_sergal,3
stalchild,3
ash_zombie,3
shirohebi,3
amounda,3
kendogarurumon,3
breakdramon,3
kuwagamon,3
deltamon,3
huanglongmon,3
coelamon,3
sinduramon,3
phantomon,3
ankheg,3
vux,3
tortomon,3
demi-human,3
bed_monster,3
vilemon,3
ravager,3
batbrain,3
nalarian,3
taarakian,3
triops,3
ballchinian,3
sabertooth_lion,3
nanuq_(species),3
cheeta,3
yumar,3
indeterminate_species,3
dohar,3
dorat,3
meganulon,3
zombie_yeti,3
crab_pony,3
crane_fly,3
lesbeon,3
neko_girl,3
pocket_mouse,3
harpymon,3
d'arcmon,3
lhurgoyf,3
white_stork,3
f/a-18_hornet,3
ballbuster,3
hozen,3
doomguard,3
fowl,3
spryte,3
airedale,3
timberwolves,3
feral_(silent_hill),3
landstrider,3
khazra,3
karabos,3
kerubi,3
greater_antillean_bullfinch,3
jockey_(left_4_dead),3
silithid,3
jovian,3
twingersnap,3
orangebell,3
esquilax,3
gallifreyan,3
fern_hound,3
konxy,3
depthmon,3
thresher_maw,3
booboo,3
asp,3
selyan,3
zhevra,3
mothula,3
canind,3
kitra,3
dorugoramon,3
birdpaw,3
elve,3
kitten_(monster_rancher),3
granity_(monster_rancher),3
scaler_(monster_rancher),3
topaz_carbuncle,3
soleon,3
jade_barroth,3
hairy_woodpecker,3
ruffed_grouse,3
jelly_monster,3
bulette,3
winged_cat,3
bomp,3
rip_van_fish,3
paramoth,3
gnefflan,3
zombidillo,3
mischievous_mole,3
ysgin,3
southern_rockhopper_penguin,3
zaltys,3
rhinocorn,3
thyladingo,3
queen_buzzerfly,3
cetecean,3
hashihime,3
heal_slime,3
fugamon,3
klurf,3
dixie_(monster_rancher),3
tenda,3
mega_mole,3
poppant,3
fynx,3
raremon,3
crystal_(ftl),3
pi'illo,3
custom_species,3
lavos,3
light_kat,3
wall_master,3
lion_fish,3
morrigi,3
parabones,3
fellbeast,3
giza_rabbit,3
rainbow_monkey,3
blueberry_dragon,3
eeldog,3
slissa,3
pfhor,3
birebo,3
venus_pitcher,3
bird_girl,3
herring,3
beanbon,3
gim,3
vedalken,3
flightmare,3
purgatorius,3
mercat,3
furgon,3
vampire_lord,3
southern_flannel_moth,3
left_shark,3
utrom,3
vanae,3
long_tail_blotched_armolin,3
rosemon_x,3
wheatear,3
viscol,3
mum_mew_(monster_rancher),3
howlzapper_(monster_rancher),3
doodle_(monster_rancher),3
disk_(monster_rancher),3
monol_(monster_rancher),3
henger_(monster_rancher),3
cupie,3
blue_skydragon_nirai_kanai,3
megistotherian,3
gronn,3
ichthyosaur_(half-life),3
klinger,3
kutlass,3
owten,3
youma,3
african_dog,3
squirrelanoid,3
searr,3
kelari,3
kodama,3
lamia_(terraria),3
mastemon,3
chaos_gore_magala,3
rukari,3
trollkin,3
phascomon,3
sandbelching_meerslug,3
boarmon,3
schism_(silent_hill),3
caprimon,3
jas_39_gripen,3
blanket_octopus,3
hybikian,3
saelian,3
luraxin,3
hydrian,3
black_tip_shark,3
alien_controller,3
ghoulmon,3
cyclomon,3
clancer,3
morocanth,3
tallbird,3
rose_flaun,3
dwarf_(one_piece),3
aegiomon,3
squeemle,3
warmblood,3
battle_sprite_(species),3
krenshar,3
ice_demon,3
flying_penis_monster,3
codex_(x-com),3
catcoon_(species),3
luxeon,3
glub,3
female_robot,3
sodium_butterfly,3
mawvorr,3
chumtoad_(half-life),3
askal,3
zyla,3
threadwing_antlion,3
astamon,3
white_plume_moth,3
putrid_moldyman,3
lovebug,3
goldsmith_beetle,3
siamesecat,3
desert_lynx,3
banteng,3
nruff,3
flying_frog,3
arkarthri_(species),3
mirai,3
tentaquil,3
blossums,3
crocobeast,3
asian_small_clawed_otter,3
humanoide,3
voidborn,3
eater_(purebreed_mode),3
mahjarrat,3
nefit,3
shantungosaurus,3
puertasaurus,3
feliquine,3
zeep,3
div,3
eclectus,3
imakandi,3
munsterlander,3
sheegoth,3
angel_(monster_rancher),3
drogo_raptor,3
floater_(species),3
lillend,3
altus,3
skelk,3
adian,3
alsier,3
cleft_(mario),3
cybranasaurus_rex,3
kiramotchi,3
rattataki,3
shadow_(persona),3
plutonian_(rick_and_morty),3
sable_(animal),3
red-breasted_goose,3
g-kami,3
brachiosarus,3
dotagumon,3
rhizomian,3
erchius_ghost,3
white_ape_(pom),3
nimflora,3
toobalaunchalecti,3
troopmon,3
smeht,3
rockadile,3
shriekbeak,3
gravelguts,3
evil_beetle,3
blooderfly,3
wicked_cricket,3
scarepion,3
terrorantula,3
bloodstone_(species),3
trapasaurus,3
pabumon,3
crocagator,3
fire_bros,3
velt,3
bulbul,3
cobra_cola,3
cimolestes,3
gamma_metroid,3
kemeeko_panda,3
anphibian,3
sex_object,3
arcosian,3
himespetchi,3
stormwing,3
fencing_fox,3
catibou,3
assassin_spider,3
swirlcat,3
quaggan,3
wagan,3
gordo_slime,3
red_nocturne,3
assault_(devil_may_cry),3
triceratops_beetle,3
cownose_ray,3
epioth,3
dreamkeeper,3
garif,3
black_fly_(tboi),3
were_african_wild_dog,3
cocoadile,3
japanese_waxwing,3
bear_owl,3
megamouth_shark,3
primal_dragon,3
himalayan_vulture,3
genprey,3
lickatoad,3
cave_bear,3
elephanilla,3
goobaa,3
sour_macaraccoon,3
sparrowmint,3
billy_bob_(banjo-kazooie),3
jeli,3
ponocky,3
tigermisu,3
badgesicle,3
barkbark,3
parrybo,3
sour_macaracoon,3
sour_profitamole,3
whirlm,3
sarsgorilla,3
five-lined_skink,3
pardelou,3
balmeran,3
pony_snake,3
protozoan_(tales),3
mobian_bat,3
maiacetus,3
silver_ridge_gammoth,3
giraffokeryx,3
white_mocchi_(monster_rancher),3
skunk_cabbage,3
crested_hawk-eagle,3
wereeagle,3
greater_glider,3
limpet,3
mobian_fox,3
hellbender_salamander,3
homo_floresiensis,3
oyster_humanoid,3
angel_chaos_chao,3
moordrake,3
moordragon,3
cavalier_king_charles,3
sluggy_(mario),3
black_russian_terrier,3
peacock_butterfly,3
wholphin,3
green_mamba,3
furawatchi,3
kraukit_(hyena-teeth),3
viipii,3
teensy,3
mienumon,3
ikassi,3
uproot_(mario),3
corvian_settler,3
suripula,3
harvester_(doom),3
hexclops,3
farghul,3
montserrat_oriole,3
olive_baboon,3
diademed_sifaka,3
red_orc,3
bohrok_va,3
lying_figure_(silent_hill),3
abstract_daddy_(silent_hill),3
hummer_(silent_hill),3
vregon,3
libidine,3
sea_octorok,3
saleth,3
quantum_slime,3
ichthyornis,3
protelot,3
anurognathid,3
albertaceratops,3
houyhnhnm,3
the_chosen,3
ravager_(resistance),3
birch_woman,3
bowhead_whale,3
baluchistan_pygmy_jerboa,3
russell's_viper,3
mechanoid,3
dovotum-rui,3
juta,3
galaxy_monster,3
tawny_owl,3
ska'drin,3
northern_rockhopper_penguin,3
poison_drop,3
banshee_(mass_effect),3
raccon_dog,3
triple_stryke,3
frit,3
porcupuffer,3
chuul,3
mufflhare,3
smolbun,3
bohrok-kal,3
scp-098,3
snecko,3
tamadra,3
corpus_crewman,3
jandaya_parakeet,3
bullfinch,3
european_green_woodpecker,3
anubis_(neopets),3
slorg,3
spardel,3
dragon_phoenix,3
siberian_ibex,3
tempered_xeno'jiiva,3
snow_ferrin,3
chireon,3
ithorian,3
metal_dragon,3
lesser_panda,3
elephante,3
virgina_opossum,3
arthropoid_9,3
borubea,3
raitora,3
hanamogura,3
kurusu,3
tsuinzu,3
greylag_goose,3
omnimon_merciful_mode,3
lightning_reed,3
sweet_potato_(pvz),3
dandelion_(pvz),3
banana_launcher_(pvz),3
endurian_(pvz),3
grave_buster_(pvz),3
magnet_shroom_(pvz),3
magnifying_grass_(pvz),3
akueria,3
manbo-1,3
pudi,3
puchikon,3
monsoon_vivillon,3
archipelago_vivillon,3
cape_gannet,3
eldak,3
toulouse_goose,3
beetley,3
northern_flicker,3
inca_tern,3
beta_remoraid,3
mr._i,3
morgan_horse,3
mekong_bobtail,3
cresgarurumon,3
vermilion_bird,3
cyberse,3
queen_alexandra's_birdwing,3
jammerjab,3
molduga,3
giant_water_bug,3
cordoba_fighting_dog,3
shoutmon_b,3
worm_people,3
blackgarurumon,3
savannah_serval,3
death_seraph,3
shammy_(shammy_1000),3
rahaga,3
bali_myna,3
golden_bamboo_lemur,3
bamboo_lemur,3
black_lemur,3
river_drake,3
bug_dragon,3
pale-throated_sloth,3
phorusrhacos,3
dinoceratan,3
astrapotherium,3
kelenken,3
mesohippus,3
impling,3
enutrof,3
white-nosed_coati,3
sourang,3
cherrymon,3
yuramon,3
blue_carpenter_bee,3
yurarin,3
rufous_sengi,3
russian_desman,3
brandt's_hedgehog,3
death_hound,3
roach_(starcraft),3
coloborhynchus,3
forest_gnome,3
amperi,3
atrocian,3
chronosapien,3
gimlinopithecus,3
polar_manzardill,3
prypiatosian-b,3
vladat,3
timber_rattlesnake,3
grass_snake,3
coho_salmon,3
maleo,3
european_perch,3
golden_irish,3
alkonost,3
serpopard,3
vodyanoy,3
ivory-billed_woodpecker,3
shadar-kai,3
duskling,3
grick,3
sea_spider,3
hopparoo,3
pygmy_right_whale,3
southern_tamandua,3
colobus,3
tiger_shrimp,3
shambling_mound,3
caucasus_beetle,3
quiksilver,3
homo_habilis,3
scarlet_kingsnake,3
snares_crested_penguin,3
barred_owl,3
raloi,3
tropicbird,3
stilt_(bird),3
scarlet_honeycreeper,3
american_woodcock,3
jacana,3
machimosaurus,3
mcmon,3
ruff_(bird),3
temminck's_tragopan,3
spectacled_eider,3
common_eider,3
harlequin_duck,3
greater_bird-of-paradise,3
skidda,3
fish_dragon,3
sturnid,3
bittern,3
fischer's_lovebird,3
lesser_bird-of-paradise,3
honeyguide,3
hui-maow,3
northern_pintail,3
south_american_grey_fox,3
common_marmoset,3
philippine_tarsier,3
chinese_peacock_butterfly,3
crown_humanoid,3
meadowlark,3
great-tailed_grackle,3
oblong-winged_katydid,3
new_world_sparrow,3
plume_moth,3
spanish_moon_moth,3
parakeet_humanoid,3
berserkwolf,3
gundi,3
yellow-bellied_marmot,3
mexican_tree_porcupine,3
lowland_paca,3
mastertyrannomon,3
sperm_creature,3
great_grey_horned_fox,3
welsh_terrier,3
gazelle_taur,3
jaekelopterus,3
raguelmon,3
banchomamemon,3
azulongmon,3
coordemon,3
cervinegryph,3
cervigriff,3
mariel_(kirby),3
werecervine,3
ophthalmosaurus,3
teleosaurid,3
mantikel,3
ophthalmosaurid,3
european_mink,3
lycalopex,3
hemicyon,3
didelphid_humanoid,3
common_eland,3
blue_wildebeest,3
himalayan_tahr,3
eudorcas,3
red-fronted_gazelle,3
kashiroo,3
arabian_sand_gazelle,3
firelizard,3
bioconstruct_(mortasheen),3
reedbuck,3
grey_rhebok,3
giant_sable_antelope,3
golden_parakeet,3
little_corella,3
southdown_sheep,3
crab_(space_invaders),3
slugcat_(rain_world),3
visayan_warty_pig,3
protocetid,3
chimeroo,3
vesk,3
werewolf_taur,3
ferian,3
serketh,3
meowgician,3
drake_slime,3
muddy_hand,3
liege_lizard,3
imp_(dragon_quest),3
frootz_cat,3
buzzerfly,3
dik-dik_humanoid,3
light_and_darkness_dragon,3
emerald_ash_borer,3
african_forest_elephant,3
asian_badger,3
hydnellum,3
bankeraceae,3
cardinal_humanoid,3
elk_humanoid,3
deathstalker_scorpion,3
buthid,3
acariform,3
caragh,3
yugopotamian,3
violetear,3
red-throated_caracara,3
emu_humanoid,3
dodo_humanoid,3
mimimie,3
incubator_bird,3
chezetta,3
caracara_humanoid,3
pheasant_humanoid,3
monal,3
gallopheasant,3
azure_kingfisher,3
rectreem,3
aviary_(species),3
gao_(mario),3
pionpi,3
boo_guy,3
xenite,3
monster_(goosebumps),3
whisken,3
colorado_river_toad,3
green-and-black_poison_dart_frog,3
salamander_(amphibian),3
andurian,3
frog_taur,3
trumpetfish,3
werelizard,3
emerald_tree_monitor,3
african_viper,3
defender_(kingdom_hearts),3
winterhorn_(kingdom_hearts),3
werewolf_(kingdom_hearts),3
miniature_schnauzer,3
norwegian_hound,3
bahamian_raccoon,3
parrotfish,3
black_bear_humanoid,3
chōchin-obake,3
musneak,3
efreet_(fate),3
banxring,3
gnu_humanoid,3
puka_puka,3
moa_taur,3
annamite_striped_rabbit,3
pariapuria,3
hyujikiki,3
abiorugu,3
ray_gougarf,3
eruzerion,3
laviente,3
message_block,3
lion-panther,3
theria,3
crawler_(killing_floor),3
black_crowned_crane,3
white-naped_crane,3
dugong_humanoid,3
arthytal,3
paramite,3
rosely,3
soein,3
spectacled_caiman,3
mouse-eared_bat,3
tyrant_guard,3
ibex_humanoid,3
mandarin_dragonet,3
drask_(dauntless),3
briar_rose_(pvz),3
bloat_(killing_floor),3
trolls(homestuck),3
gynomorph_(josemalvado),3
ostro,3
muncher_(mario),3
japanese_chin,3
anzu_(dinosaur),3
combaticons,3
cataroo,3
valcien,3
werekitsune,3
gnosis,3
astrapia,3
king_of_saxony_bird-of-paradise,3
diphyllodes,3
gillion,3
neptunian_(futurama),3
ambient_lobster,3
goose_barnacle,3
calappa_(crab),3
calappid,3
rock_crab,3
barbara_brown's_titi,3
callithrix,3
namarenian,3
mushi_(hypnospace_outlaw),3
chirithy,3
skeleton_horse,3
yar_(yars'_revenge),3
reindog,3
flairees,3
omega_shoutmon,3
von_der_decken's_hornbill,3
tennessee_walker,3
nen_creature,3
drekiin,3
octofolk,3
enta,3
kif_(species),3
bona-petite,3
wampus_cat,3
fairileon,3
rekroach,3
maymay,3
pikotton,3
corooster,3
spookzilla,3
american_hairless_terrier,3
noggin_(my_singing_monsters),3
tweedle_(my_singing_monsters),3
yawstrich,3
petite_(wublin),3
bona_(wublin),3
drakanguis,3
epic_pompom,3
flowah_(my_singing_monsters),3
mohrg,3
osh-tekk,3
quagga_humanoid,3
sable_humanoid,3
honey_bee_humanoid,3
poleepkwa,3
bakedanuki_(touhou),3
long_coat_dalmatian,3
bytan,3
chiko_(mario),3
dirt_creature,3
russkiy_toy,3
cretan_hound,3
boykin_spaniel,3
bichon_frise,3
clumber_spaniel,3
akbash,3
south_russian_ovcharka,3
porcelaine,3
cairn_terrier,3
pelican_eel,3
chelicerate,3
embrithopod,3
batrachian,3
eurasian_harvest_mouse,3
purple_heron,3
coin_coffer,3
southern_right_whale,3
worm_lizard,3
chinese_crocodile_lizard,3
indian_rock_python,3
dwarf_boa,3
lagidium,3
raptidon,3
velociraptor_humanoid,3
bulgae,3
crocodile_needlefish,3
vampire_bat_humanoid,3
stretch_(mario),3
animated_eye,3
badger_taur,3
jabbalope,3
kattyri_(species),3
swirleo,3
tarpan_humanoid,3
boa_humanoid,3
ambivian,3
exgrowlmon,3
silivar,3
greyback,3
gigantamax_blastoise,3
longhaired_dachshund,3
vancouver_island_wolf,3
petitmamon,3
nyrea,3
feran,3
gonarch,3
kiruta,3
chibomon,3
shuine,3
gigantamax_rapid_strike_style_urshifu,3
crystle_(temtem),3
bunbun_(temtem),3
awburn,3
meching_(kinfolk),3
living_tornado,3
living_smog,3
blind_snake,3
ajaba_(world_of_darkness),3
duplicat,3
batterex,3
felis_catus,3
titan_(sonic),3
cat_snake,3
sidewinder,3
titan_(ark_survival_evolved),3
azure_dragon,3
smazee_(temtem),3
living_software,3
gukko_bird,3
veloci-radish_(pvz),3
raptor_elk,3
piranha_creeper,3
bewick's_wren,3
aleo_(dalius),3
warbling_white-eye,3
white-eye,3
tyrannid,3
hypodrake,3
tylomon,3
maulotaur,3
peach-bot,3
guivre,3
fairy_(overlord),3
passer,3
passerid,3
scolopacid,3
rhipidurid,3
old_world_oriole,3
blue-naped_chlorophonia,3
euphoniine,3
chlorophonia,3
piprid,3
salamurder_(placeholder),3
agrias_butterfly,3
california_flying_fish,3
muaka,3
magellan_fox,3
white-lipped_python,3
uwotto,3
venowatt,3
hanginy,3
ravenfolk,3
meteor_head,3
mobian_wolf,3
hazmate,3
ythillian,3
black_waltz,3
galarian_legendary_birds,3
alien_queen_(terraria),3
goat_rat_(species),3
hirundinid_humanoid,3
swallow_humanoid,3
kamori_goat,3
chimenticore,3
asiatic_cheetah,3
biter_(dead_cells),3
beta_gible,3
squeakers_(warcraft),3
ratstallion_(warcraft),3
furred_imp,3
aleph_goblin,3
chocolate_bear,3
doogan,3
pawnchessmon_(white),3
european_roller,3
camoleon_(nexomon),3
mearn_(nexomon),3
spanish_mackerel,3
stoat_taur,3
gasopod_(subnautica),3
lycastial,3
vodyani,3
kyawl,3
momo_(temtem),3
metal_raidramon,3
sciraptor,3
boss_stranger_(parasite_eve),3
eliminator_(resident_evil),3
infector_(dead_space),3
lurker_(dead_space),3
stalker_(dead_space),3
fluffernutter,3
solarkit,3
sybertyger,3
shakoblad,3
malayan_weasel,3
vampire_cat,3
chocolate_pokemon,3
spotted_husky,3
pererth,3
chroon-tan_b-machine,3
wa-7_waitress_droid,3
kiki_(sonic),3
tim_(species),3
cackling_demon,3
gindari,3
blue_naped_parrot,3
drago_(earthbound),3
tree_swallow,3
cubus_(species),3
o'deere,3
xenomorph_crusher,3
medusancolie,3
redran,3
gifteon,3
tasselled_wobbegong,3
new_republic_security_droid,3
frolifawn,3
bbq_bunger,3
reveling_kamuy,3
goryannus,3
rose_breasted_grosbeak,3
gatordog,3
neptunemon,3
yintae,3
darkdramon,3
basten_(nexomon),3
tuffle,3
mandora_(species),3
scorpiomon,3
celeptrolyte,3
drug_(species),3
zigoton_(tribe),3
volarend_(temtem),3
zaobian_(temtem),3
tuwai_(temtem),3
tateru_(temtem),3
kalazu_(temtem),3
capyre_(temtem),3
tental_(temtem),3
poke_ball_vivillon,3
aromapharos_(fakemon),3
plumauris,3
craver,3
milkeon,3
mystipillar_(insomniacovrlrd),3
african_wild_donkey,3
belial_(dragon_quest),3
weenieworm,3
hell_zombie,3
ant_(fallout),3
shinertak,3
pagoyama,3
hospital_horror_(fallout_equestria),3
sandeal_(insomniacovrlrd),3
leechy_(nexomon),3
valash_(temtem),3
brute_(dead_space),3
bat_(sonic),3
syrilith,3
t-phobos_virus_mutant_(resident_evil),3
fluffshark,3
sharkette,3
progenitor_virus_mutant_(resident_evil),3
drain_deimos_(resident_evil),3
nerve_cell_(organism),3
nakiri_(species),3
zen-chan,3
maita,3
pulpul,3
banebou,3
somali_goat,3
mobian_tenrec,3
boggarak,3
blue_sea_dragon,3
reflection_(infinity_train),3
serval_taur,3
waspeen_(temtem),3
maulerfiend,3
majini_(resident_evil),3
jumping_jack_(balan_wonderworld),3
del_lago_(resident_evil),3
suspended_(resident_evil),3
aye-aye_humanoid,3
cycrox_(temtem),3
imp_overlord_(risk_of_rain),3
ottpera,3
tigappa,3
night-gaunt,3
umibozu,3
chromeon_(temtem),3
headcleaner_(c91),3
atlas_bear,3
suitbun,3
fatter_cat,3
neetori,3
mingkott,3
squidshark_(subnautica),3
breezebuilder_parrot,3
harp_seal_humanoid,3
r4_astromech_droid,3
japanese_beetle,3
saurolisk,3
berry_humanoid,3
bugfolk_(the_weaver),3
vacan,3
slagodon_(insomniacovrlrd),3
scottish_highland_cow,3
hoverfly,3
garkain,3
burt_(yoshi's_island),3
surfing_pikachu,3
tanoomba,3
airscreamer_(silent_hill),3
celestial_child_(bloodborne),3
danciary_(insomniacovrlrd),3
scp-217,3
hippopotamid_taur,3
mila_rosso,3
venekai,3
gorgian,3
vanneran_(subverse),3
unknown_largo,3
arachnowo_humanized,3
arachnowo_necromaster,3
arachnowo,3
scarawatt_(temtem),3
mimit_(temtem),3
gremblun,3
cabberjak,3
shade_(species),3
space_bear,3
peckapi_(insomniacovrlrd),3
stardust_(warcraft),3
blunderling,3
x'hyrok-aa,3
soaraphin_(insomniacovrlrd),3
animus_(shadowykitsune),3
shantak_(h.p._lovecraft),3
hissho_(endless_space),3
typhodile_(insomniacovrlrd),3
deep_one_(etrian_odyssey),3
pig-mole_(gurren_lagann),3
black-tailed_deer,3
globoi_(snizzydraws),3
weretanuki,3
snennec,3
firefly_(minecraft),3
xevion_(reptilligator),3
bonbon_(species),3
cameo_stag,3
noel_(medabots),3
sobemon,3
pretty_prime,3
equinian_(lunate),3
frame_(destiny),3
cast_(phantasy_star),3
creedmon,3
frogog,3
indigo_wisp,3
magenta_wisp,3
violet_wisp,3
coahuilaceratops,3
otamamon_(red),3
harescent_(insomniacovrlrd),3
batyrant_(insomniacovrlrd),3
lagostomid,3
machmon,3
timbercat,3
werelagon,3
huachimingo_(species),3
tortingot_(insomniacovrlrd),3
panic_attack_(psychonauts),3
expunk_(nexomon),3
flopper_(fortnite),3
long_furby,3
xaethios,3
mamanti,3
anuberos,3
half_suguiki,3
hisuian_electrode,3
ma'kos,3
blackmachgaogamon,3
blitz_(devil_may_cry),3
quacho,3
cool_spook,3
walf_(kirby),3
kany,3
cairn_(kirby),3
griller_(splatoon),3
sea-shroom,3
mummbon,3
daedrat,3
marsmon,3
paint_dragon,3
bomber_(kirby),3
ringle,3
maw_(kirby),3
chemitory,3
octomon,3
pepelogoo,3
mactera_grabber,3
black_forest_dragon,3
chironean_taur,3
dante's_manticore_(species),3
chapmon,3
draconequus_taur,3
gilla_monster,3
irdegarde,3
stonefish,3
troopea,3
hobdeer_(species),3
sheevaran,3
aqualish,3
unitaur,3
variable_harlequin_toad,3
yatagaramon,3
eternal_one,3
pengwing,3
chelicerate_(subnautica),3
draconoid,3
latex_lurker,3
steelign,3
euvias,3
indotaurus,3
glyphid_web_spitter,3
animal_kingdom,3
paelleon,3
terzshu,3
caidoberman,3
mobian_squirrel,3
kingchessmon,3
royal_retainer_(hollow_knight),3
eulopii,3
platinumnumemon,3
zaex,3
wall_nut_(pvz),3
daemon_primarch,3
gnolrok,3
sushi_creature,3
mobian_lynx,3
mobian_snake,3
glyphid_grunt_guard,3
petala_(alicethedeer),3
sethmon,3
bruiser_(jagged),3
strider_(jagged),3
kae_(species),3
plainsrunner,3
husher_(jagged),3
s'moreon,3
megalobite,3
armadil,3
bittybolt,3
kroma_(nexomon),3
khavra_(species),3
prosauropod,3
pitohui,3
dokimon,3
primal_awoofy,3
valkurse,3
deer-crossfox,3
weresnep,3
proceratosaurus,3
sparcant_(insomniacovrlrd),3
feca_(ankama),3
australopithecus_afarensis,3
australopithecus_garhi,3
homo_erectus,3
homo_ergaster,3
kenyanthropus,3
kenyanthropus_platyops,3
buff_eulopii,3
bighorn_bison_(risk_of_rain),3
ice_werewolf,3
kon-seal,3
manticoremon,3
zurk_(stray),3
aqua_soldier_(duel_masters),3
swedish_warmblood,3
pampas_deer,3
veeblie_(species),3
p1_variant_livly,3
sonimoguri_(livly),3
yohsog,3
furdot_(livly),3
madarakaga_(livly),3
nidhoggmon,3
morolian,3
upamon,3
latcher_(regalbuster),3
monocorn_(livly),3
candir,3
halszkaraptor,3
giant_moa,3
seahorse_merfolk,3
electric_eel_merfolk,3
stingray_humanoid,3
husk_(ultrakill),3
imirok,3
fongoid_(ratchet_and_clank),3
ancestor_spirit,3
snubboko_(insomniacovrlrd),3
mudmouth_(splatoon),3
epat,3
sonachi,3
chimeragon,3
colonial_(all_tomorrows),3
gold_waddle_dee,3
tiger_grass,3
orctaurbear,3
orlyumbi,3
gaoler_dragon,3
vaeraf_(villiedoom),3
bantha_(species),3
pyke_(species),3
c-series_astromech_droid,3
ualaq,3
octopus_dragon,3
ejox_(okkanaitonchiki),3
ghost_gordo,3
phanta_(kirby),3
frolishian_droat,3
furry_robot,3
scauldron,3
crested_newt,3
draglyn_(tinydemon),3
nymble,3
fexa_(species),3
iron_treads,3
rellor,3
boom_balloon_flower_(pvz),3
rabsca,3
japanese_dwarf_flying_squirrel,3
blue_plumage_squawkabilly,3
firefly_axolotl,3
expurrely_happiness,3
weird_baby_fakemon,3
european_wolf,3
mundo_(species),3
shepweiler,3
keruku,3
cuga,3
sualokin,3
wereman,3
elder_gods_(h.p._lovecraft),3
watcher_in_the_dark,3
lorypterid_(rabblerouser),3
anugoran,3
tigrerra,3
voltip_(starbound),3
suri_(naytek),3
salertani,3
venelbris,3
sea_bishop,3
blackagumon_x,3
clearagumon,3
cortos,3
draconic_equine,3
coltage,3
megarhyssa_macrurus,3
nothing_face_(critters),3
crites_(critters),3
tryonn_(rick_griffin),3
combine_scanner,3
cuckoo_wasp,3
axorian,3
ancient_salamander,3
shell_(scorn),3
kitsune_pony,3
aloxian,3
arcturusmon,3
fennalope,3
red_flicky,3
alien_beast,3
miporina,3
pillow_demon,3
standard_pillow_demon,3
treasures_of_ruin,3
logamon,3
grimjaw,3
titan_(warhammer_40000),3
rain_giant,3
fleep,3
moldorm,3
halmasti,3
bala_shark,3
electric_neopet,3
ice_neopet,3
split_neopet,3
camouflage_neopet,3
denversaurus,3
friendship_dragon_(dragon_city),3
high_queen_dragon_(dragon_city),3
high_star_dragon_(dragon_city),3
super_star_dragon_(dragon_city),3
blood_raptor_dragon_(dragon_city),3
ambient_shrimp,3
ambient_mollusk,3
sefalogue,3
killifish,3
money_ghost,3
shirime,3
xiquemon,3
ambient_slug,3
coffee_bean_(pvz),3
bloodormar,3
rare_edamimi,3
super_dragonfruit_wolf,3
ambient_chicken,3
androglossini,3
turquoise-fronted_amazon,3
hebitoa,3
pooba,3
chocolate_slime,3
griffin_(might_and_magic),3
vambat,3
gooseberry_fool_(drawfee),3
moros_intrepidus,3
bone_dragon_(might_and_magic),3
void_wolf,3
buried_(tma),3
leshy_(pathfinder),3
pseudoraptor,3
banana_eel,3
brontodon,3
kiev'arian,3
gabumon_(bond_of_friendship),3
chalcid_wasp,3
irish_cob,3
petra_(lunate),3
genpal,3
hellhorned,3
neumodian,3
fire_bird_(duel_masters),3
amanojaku,3
abada,3
soul_twister_(hollow_knight),3
sergeant_(fish),3
faemian,3
palangolin,3
deepstrider,3
coloradisaurus,3
magmadon,3
heartichoke_(pvz),3
kren_(queblock),3
folly_(hollow_knight),3
octoalien,3
halo_loop_dragon,3
cassette_beast,3
atheia,3
magnuliam,3
uokasa_(species),3
phantom_(animal_jam),3
stray_cats,3
brillurk,3
avieon_(fakemon),3
gigantamax_fakemon,3
aero-drake,3
kaithe_(warframe),3
indian_lion,3
cuddlezotl,3
hygos,3
greater_curassow,3
reindoonicorn,3
giant_weta,3
divermon,3
kernel-pult_(pvz),3
limapleuradon,3
broken_(warcraft),3
monimon,3
scp-718,3
peregrine_series_humanoid_utility_droid,3
scp-2952-2,3
tylwyth_teg,3
merpeople_(tmnt),3
bullock's_oriole,3
meepit,3
fluoress,3
scp-1498,3
bowl_fluffy,3
scp-367,3
gold_barb,3
scp-525,3
stiff-tailed_duck,3
oxyurini,3
catdragon_(species),3
waluna,3
gharunder_(temtem),3
scp-049-2,3
hermikmin_(pikmin),3
maha_naga_(fate),3
puffluff,3
scp-016,3
goomba_toad,3
scp-553,3
geb_(neopets),3
komodo_dragon_humanoid,3
monitor_lizard_humanoid,3
caulipower_(pvz),3
warkun,3
quotidian_(zampanio),3
aqueous_beast,3
living_text,3
unenlagiid,3
milktchi,3
topaz_dragon,3
topaz_dragon_(dnd),3
sha'gin,3
elder_baldur_(hollow_knight),3
slobbering_husk_(hollow_knight),3
grimmkin_novice_(hollow_knight),3
mobian_raccoon,3
cluster_gem,3
topaz_(gem_species),3
pufferfish_humanoid,3
pancake_humanoid,3
living_computer_mouse,3
living_pear,3
living_butterscotch,3
hydra_(might_and_magic),3
serpent_fly_(might_and_magic),3
wyvern_(might_and_magic),3
azure_dragon_(might_and_magic),3
pink_boo,3
living_waffle,3
orange_flower_flabebe,3
bar-ba-loot,3
fissan_(the_nature_of_predators),3
arachnorb,3
aldebaran_serpent,3
naga_myrmidon,3
parasite_(isle),3
frogspawn,3
drezjin_(the_nature_of_predators),3
popon_(kirby),3
deira,3
mishipeshu,3
urinal_creature,3
living_briefcase,3
tlalocmon,3
impacha,3
mobian_monkey,3
sea_sponge_humanoid,3
weremule,3
wormray,3
decibelle,3
scp-7999-3,3
norn_assimilators_(tyranid),3
veek,3
lunarian_(one_piece),3
motusborn,3
weresloth,3
nymph_dragon,3
goo_cat,3
kahruga_kaiju,3
daguna,3
dire_hyena,3
krut_(krut:_the_mythic_wings),3
shalinae,3
banded_sugar_ant,3
living_spacesuit,3
callismon,3
taskuolento,3
scamp_(the_elder_scrolls),3
scrib_(the_elder_scrolls),3
knife_hound,3
firth_wirk,3
oddeer,3
kita'dragon,3
rubbery_man,3
felnproot,3
thalassodromeus,3
dinosaur_puffle,3
red-headed_krait,3
armadillo_(minecraft),3
ambient_cephalopod,3
hacksaurus,3
bigfin_squid,3
color_creature,3
auglur_(my_singing_monsters),3
strombone_(my_singing_monsters),3
forest_dodo,3
steel_dragon,3
thwackalope,3
arachnid_(starship_troopers),3
bleatnik,3
shlep,3
hydrogere_(lethal_company),3
grinnade_(skylanders),3
pantydraco,3
monster_train_(species),3
hoppycat,3
tuff_golem_(minecraft),3
demi-human_(zenless_zone_zero),3
opium_bird,3
alurine_(lustful_desires),3
fluffydog_(species),3
anofobi,3
tokusect,3
jellyton,3
dominoth,3
calvatia_gigantea,3
small_creature,3
hawlo,3
buffalo_humanoid,3
horndog_(nikomedraws),3
1/2_seraphie,3
malicious_face_(ultrakill),3
locust_(battletech),3
whipper_(tboi),3
time_being,3
living_censor,3
sarcastic_fringehead,3
pilli,3
toucan_humanoid,3
noctarion,3
ananasi_(world_of_darkness),3
kitsune_(world_of_darkness),3
spitzfyre,3
sauropods,3
gagighandi,3
evoker_(minecraft),3
teafant,3
rushoar,3
kengu_(species),3
alien_puffle,3
dolphin_dragon_(dragon_city),3
sweepa,3
kisuta,3
occidental_dragon,3
ananta-nakarath,3
draxirion,3
elphidran_aqua,3
cryolinx,3
warsect,3
furred_centipede,3
australian_green_tree_frog,3
boslan,3
epic_carillong,3
sparklemouse,3
honeyfox_(turnipthebee),3
san_francisco_garter_snake,3
filth_(ultrakill),3
xywott,3
mythical_avian,3
mythological_firefox,3
monuca,3
brog_(xenoblade),3
mobian_cattle,3
mobian_hyena,3
whiskers_(kirby),3
azarue_(kaiju_paradise),3
mosaic_canary,3
volcano_rabbit,3
salamon_x,3
kissacore,3
spiteling,3
jetfish_(rain_world),3
hollow_(dark_souls),3
evolved_arburian_pelarota,3
evolved_vulpimancer,3
oryctini,3
lintwian,3
fluffymon,3
eggbug_(rain_world),3
sphoeroid,3
geodrake_(zdnoz),3
sawtooth_(horizon),3
scrapper_(horizon),3
elemental_pixie_(the_battle_cats),3
green_aeriad,3
bomber-cyborg,3
slime-biot,3
mantis_shrimp_taur,3
fanfrou_(nexomon),3
vermillion_(ninjago),3
reviiaton,3
nuciffracoccu,3
glowing_neopet,3
transparent_neopet,3
common_noggin,3
common_punkleton,3
copepod_humanoid,3
scorcho,3
dro-m'athra,3
lokrad,3
capensis,3
threadfin_butterflyfish,3
trotter_(honkai:_star_rail),3
smigli_(the_nature_of_predators),3
bissem_(the_nature_of_predators),3
meshana,3
beeling,3
kadoatie,3
common_chuckwalla,3
puglaistik,3
clyhorn,3
rutann,3
zyuman_(zyuohger),3
mantis_taur,3
guta_(halo),3
zombie_mutt,3
bungisngis,3
host_(minecraft),3
cherry_wolf_(fireopal),3
gordo_bar,3
fire_galboros,3
masher_(kirby),3
adolescent_drakon_(cerberussenn),3
cervibis,3
komion,3
aetherling_(species),3
goldentail_moray_eel,3
nursing_spewer,3
chi'nai,3
skullbeast,3
pizorax,3
geckaleck,3
british_shorthair_cat_(minecraft),3
ragdoll_cat_(minecraft),3
mythological_taur,3
bliblie,3
snail_(rain_world),3
araripesuchus,3
american_cockroach,3
annihilan,3
pit_lord_(warcraft),3
dnalien,3
baxia,3
heavymetaldramon,3
cendrillmon_minion,3
archelon,3
rainbow_curl_pony,3
lynx_point,3
chimera_eclipse_(lackofbindings),3
mazpot,3
volkarian,3
incisivosaurus,3
chirogo,3
ornias,3
veilspun_dragon,3
collared_dove,3
magofer_(rodent_powered),3
dark-emolga_(rodent_powered),3
manticore_(rwby),3
so_soft_pony,3
red_dragon_(chinese_mythology),3
dieselgen,3
iki-turso,3
raitekian,3
cursed_fleshlight_(gorila_invisible),3
pycnonemosaurus,3
gigantron,3
peccary_(abiotic_factor),3
shadow_of_yharnam,3
gurakarmyn,3
black_latex_(changed),3
red-bellied_woodpecker,3
demon_eye_(terraria),3
octamory_(insomniacovrlrd),3
voidwoken,3
paratroopea,3
aquapot,3
living_pancake,3
roth_(species),3
katress_ignis,3
luxmon,3
bluefin_tuna,3
gravebird,3
gormentian,3
diting,3
gnayena_(insomniacovrlrd),3
keukegen,3
plushroom,3
turgeon,3
nebnom,3
wraithpup,3
shimmer_(lucem),3
lucem,3
abyss_drake,3
skadimon,3
bai'n_kai,3
abyssal_netherborne_(kruuxx),3
netherborne_(kruuxx),3
shade_(kaiju_paradise),3
ghilliedhumon,3
madirekat,3
kraj,3
doggomole,3
venus_djinni,3
mitra_(tlr),3
batafire_(kirby),3
divemon,3
umiushii_(kirby),3
termagant,3
t-trux,3
mechform,3
grublin_(banjo-kazooie),3
godken,3
pixila,3
mandarinfish,3
orinoco_crocodile,3
dwarf_crocodile,3
gulper_(fallout),3
imagin_(kamen_rider),3
nargacuga_taur,3
kin_(warhammer_40000),3
odontomyia_cincta,3
woodlouse_fly,3
roussainte,3
kuvelli,3
cymurk,3
arjibii,3
bog_wolf,3
syrian_hamster,3
beta_zigzagoon,3
suraka_silk_moth,3
lesser_horned_owl,3
kitar,3
black-chested_spinytailed_iguana,3
louisiana_pine_snake,3
pine_snake,3
synapse_(species),3
jijimon,3
phalloid_(jaxtraw),3
sap-fling,3
bishop_(fattmana),3
duskian,3
rhyotan,3
gurt,3
demasondre_(madteysha),3
zmeu(ishura),3
kriffin,3
aniwye,3
common_bona-petite,3
common_hippity_(my_singing_monsters),3
common_hop_(my_singing_monsters),3
ocio,3
shemum,3
reaper_(kid_icarus),3
monoeye_(kid_icarus),3
hardlight_dragon,3
chenghuang,3
flying_lizard,3
feather_duster_worm,3
abyscount,3
grenadier_(fish),3
coreid,3
lanternfly,3
mouth_(atlyss),3
power_slug_(satisfactory),3
criosphinx,3
racket_tailed_roller,3
blue_glaucus,3
guianan_cock-of-the-rock,3
ruby-topaz_hummingbird,3
termite_humanoid,3
chum_salmon,3
the_core_(cave_story),3
bean_(spore),3
oogie_(spore),3
tobi-lunagaron,3
dracatta,3
xmas_dragon,3
deathlock_(dragon_village),3
berris,3
bucue,3
karakul_sheep,3
oaf_(sacred_trees),3
angry_dandelion_(terraria),3
longlegs_(zooliminology),3
iriden,3
mabonny,3
ornigrim,3
foxparks_cryst,3
squasher_(mario_plus_rabbids),3
lantern_man,3
dratector,3
neflim,3
corrupted_hunllef_(runescape),3
zuurian,3
wandering_eye_(terraria),3
kud,3
zarvos,3
sproing_(mario),3
tube-lipped_nectar_bat,3
blossom_lizard_(blossom_lizard),3
devine_jackal,3
aurelian,3
krieg_steed,3
sillysona,3
splatterina,3
dire_bus,3
common_quaker,3
aku_(the_battle_cats),3
prowler_(titanfall_2),3
mockingjay,3
lake_trout,3
brown_trout,3
west_indian_ocean_coelacanth,3
bovyne_(sacred_trees),3
broker_(pinwheel),3
great_barracuda,3
asian_arowana,3
gunsawian,3
rove_beetle,3
red-tailed_comet,3
togemen_(wario_land),3
gemmon,3
scalamogh,3
aiuvarin,3
atyid_shrimp,3
grapsoid_crab,3
frog_crab,3
stygimoloch_(jurassic_world),3
angra_(species),3
mothball,3
purge_event_creature,3
koat,3
ryllidy,3
psycho_dog_(beta_pokemon),3
armored_scorpion_(beta_pokemon),3
hipo_(beta_pokemon),3
drogahri,3
mexican_grey_squirrel,3
merfairy,3
moon_fairy_(barbie),3
borealopelta,3
lythronax,3
hellblade_glavenus,3
boltreaver_astalos,3
imperobator,3
fukuiraptor,3
pols_voice,3
bem-te-vi,3
madagascan_day_gecko,3
chomper_(dialingnumber9),3
goldfish_humanoid,3
living_cauldron,3
giggling_rubber,3
wetlung,3
tulp_(godhusk),3
goatkobold,3
splatcat,3
bourde,3
nectant,3
lucier_(7th_dragon),3
dark_fright_(sonic),3
mer_(rapscallion),3
underite,3
ichlamo,3
razor_hound,3
flower_pot_(pvz),3
rabbit_puffle,3
star_humanoid,3
nyilleto,3
miteling,3
mouzer,3
solar_pea,3
zoroark_(reburst),3
arokkian,3
aurafluff_(species),3
jerboa_(ark),3
khnfucat_(cyangryphon),3
orchid_creature,3
nyeshuten,3
paona,3
penedesenca_chicken,3
garfish,3
avali_druid,3
surgus,3
celestial_pearl_danio,3
snow_owl_(ark),3
old_world_parakeet,3
grupin_(maplestory),3
nixi_(species),3
kujatta,3
skittomon,3
experiment_(scav_prototype),3
floutling,3
zhani_the_orni,3
happian,3
dyno_(malachivolta),3
wolfboy,2
whatever,2
spore_bat,2
wakaleo,2
rabbitgirl,2
javarran,2
football_fish,2
topi,2
mousegirl,2
malabar,2
gigas,2
leanan_sidhe,2
arilou,2
tsuchigumo,2
sitatunga,2
closer,2
monkeys,2
manbearpig,2
silverfox,2
bunchie,2
fenix,2
dragonblight,2
highlander,2
strogg,2
moss_fenra,2
bedspike,2
rakais,2
droid,2
roogoo,2
meemoo,2
sea_mink,2
vermilion_flycatcher,2
mastan_dragon,2
coot,2
cliffracer,2
dug,2
ghast,2
awlyna,2
mammalian_dragon,2
hodremlin,2
sah'aaran,2
armordillo,2
otra,2
land_shark,2
nact'larn,2
moonfish,2
golden_langur,2
flounder,2
kiang,2
akua,2
zeloknigh,2
southern_sergal,2
cube_wisp,2
ascended_sleeper,2
robot_fish,2
cyandog,2
devaronian,2
nasrala,2
ice_fox,2
seahorse_(moomin),2
jackle,2
iron_lich_(heretic),2
herculeskabuterimon,2
peco_peco,2
arachnamorph,2
celestial_steed,2
sider,2
kitsune-bi,2
brown_lab,2
german_shephard,2
agunimon,2
catus,2
chinese_crested,2
bnahabra,2
millennian,2
pickmon,2
slender_loris,2
artic_hare,2
zentka,2
oceana,2
psychlops,2
drakal,2
mana_mutated_crux,2
jetsilphymon,2
ant_eater,2
masai_ostrich,2
shaak,2
squirell,2
marone,2
plains_dweller_(species),2
mystic_wolf,2
aex,2
hatchetfish,2
archerfish,2
neomise,2
dogcow,2
azawakh,2
monstar,2
ojos_azules,2
lanamon,2
skypouncer,2
blazehound,2
miacid,2
uruk,2
owlkin,2
popoko,2
miqote,2
duocorn,2
landseer,2
snogre,2
falhorn,2
bouncywild_heartless,2
thragtusk,2
boron,2
paon,2
titspider,2
phelan,2
thunderbeast,2
thorntail,2
nicobar_pigeon,2
ruut-truut,2
willow_tit,2
virmen,2
black-and-yellow_broadbill,2
himalayan_bluetail,2
slink,2
ice_banshee,2
rapoda,2
legion_beast,2
iron_golem,2
hierophant,2
tyraeli,2
feline_cat,2
hrotha,2
lon,2
karka,2
arhtaxsis,2
chimermenda,2
autobomb,2
big_blin,2
droolik,2
midlander,2
wakita,2
frog_girl,2
snakehead,2
sitrah,2
avaian,2
kazilik,2
daina_(monster_rancher),2
ogyo_(monster_rancher),2
buster_(monster_rancher),2
futurity_(monster_rancher),2
pink_golem_(monster_rancher),2
colorpandora_(monster_rancher),2
zuum_(monster_rancher),2
nimbeon,2
tuskar,2
piping_plover,2
agomorph,2
dicorn,2
mojoceratops,2
quetzar,2
dreamdery,2
buster_beetle,2
tutumon,2
sikara,2
drackyma,2
lava_demon,2
draptor,2
karghal,2
minifigure,2
gekocat,2
wraitheon,2
nilin,2
fosh,2
nurshary,2
anvelid,2
orett,2
clawsion,2
dominus,2
chicorita,2
domestic_bobcat,2
loi,2
delphinian,2
sleipmon,2
shepalope,2
dodo_bird,2
allure_(monster_rancher),2
villk,2
kexia,2
large_body,2
pigmy_goat,2
glacial_marten,2
i³,2
tamarian,2
hen_harrier,2
arrowhead_(monster_rancher),2
bouvine,2
alatyn-necros_werewolf,2
kaeroki,2
beefalo,2
beranine,2
ferratoodorple,2
naleen,2
werecorgi,2
sphinx_cat,2
caezynx,2
skedar,2
dyre,2
mimicutie,2
servitor_(destiny),2
torix,2
alicorn_pony,2
sleestak,2
fairy_tone,2
hummingway,2
siege_rhino,2
petal_(species),2
boo_(species),2
jellyhound,2
mana_(species),2
horn_shark,2
draltmer,2
abbadonian,2
baraka_(tera),2
hell_horse,2
vorox,2
hypersuctor_sensitiva,2
kwama,2
vykker,2
kokuwamon,2
jellyfluff,2
mushan,2
amphin,2
omnomnomnivore,2
nurikabe,2
thrull,2
queen_xenomorph,2
frost_demon,2
refd,2
hazzardhound,2
regal_banded_four-arm,2
metallic_pangdillo,2
crowned_rainbow_glider,2
red_banded_armolin,2
red_banded_tortle,2
eastern_sergal,2
four-arm,2
frog_demon,2
japanese_turtleshell_armolin,2
pii,2
gargoyle_(dragon_quest),2
bat_taur,2
kimonomimi,2
dickcissel,2
ripper_(monster_rancher),2
ghost_(monster_rancher),2
octowolf,2
soft_kitty,2
pandeer,2
herah_(species),2
biolotusmon,2
grue,2
foxdeer,2
ia,2
compy,2
eshouten,2
hatran,2
hydroid,2
bullymong,2
seodalis,2
living_money,2
ruby_basarios,2
torpedo_ted,2
slagtoth,2
scelidosaurus,2
infernal_demon,2
bit_beast,2
keeper_(species),2
vampire_girl,2
chuckolator,2
gra_ktchela,2
tu'veerath,2
czarnian,2
apocalymon,2
flarerizamon,2
latex_snake,2
xill,2
bomb_(final_fantasy),2
meinkun,2
bulrathi,2
chrysopelea,2
baby_breather,2
nelvaan,2
ferraen,2
bey-dragon,2
changyuraptor,2
orcana,2
vinean,2
menoceras,2
nestrian,2
flutterkin,2
trask,2
ebon_creature,2
barinade,2
spinomon,2
dracowrex,2
keikoreekie,2
waruseadramon,2
akheilos,2
ryuunu,2
anubi,2
living_beehive,2
siren_dragon,2
mantipony,2
ursaan,2
darastrix,2
tiburonera,2
zuul_(sword_of_the_stars),2
vipress,2
honōguma,2
shreaver,2
harrowet,2
carine,2
gurig,2
gwappamon,2
dexmon,2
garu_(monster_rancher),2
evolzar_laggia,2
hypello,2
shayna,2
agorian,2
poes,2
yama_tsukami,2
oystercatcher,2
nashitiri-tun,2
snukey,2
wahruvix,2
slobberbeast,2
sahelanthropus,2
lacta_bovine,2
clonz,2
pleasing_fungus_beetle,2
gall_midge,2
ethereal_(x-com),2
ruff_puff,2
secretay_bird,2
glabrezu,2
hell_corgi_(species),2
honey_tabby_largo,2
faceless_(x-com),2
kaloothri_(species),2
mordesh,2
gnath_(final_fantasy_xiv),2
monkey_girl,2
grim_hound,2
borboras,2
helmasaur,2
guan'thwei,2
barguest,2
lindrac,2
barred_parakeet,2
black-headed_caique,2
flifit,2
orphean,2
snekku,2
xezozec,2
snatcher_(bloodborne),2
catwings,2
genesis_(metroid),2
nymph_(monster_rancher),2
snowy_(monster_rancher),2
nagisa_(monster_rancher),2
mogi_(monster_rancher),2
antlan_(monster_rancher),2
zan_(monster_rancher),2
lesione_(monster_rancher),2
jinnee_(monster_rancher),2
psiroller_(monster_rancher),2
rockworm_(monster_rancher),2
pandala,2
parasaurolophus_amphibio,2
hybrid_creature,2
dire_rabbit,2
nimfi,2
inky_piranha_plant,2
lagoonate,2
mais_(species),2
bearded_tit,2
coal_tit,2
foglet,2
magma_chimera,2
koalak,2
octalus_(deep_rising),2
franian,2
me3,2
mirkwood_spider,2
ryuleon,2
shoog_(species),2
bohemian_waxwing,2
grunty_(.hack),2
ancient_mew,2
carolina_wren,2
bug_girl,2
birdfolk,2
eeray,2
winston_(bad_dragon),2
joy_mutant,2
ervajak,2
golden-crowned_sifaka,2
barbar,2
e-x7052,2
hogbunny,2
kitkin,2
glitch_monster,2
amazon_weasel,2
elephant_bird,2
sheltopusik,2
chocolate_pony,2
wolf.,2
hard_nose_xidragon,2
chinese_fireball,2
eudox,2
blue_yian_kut-ku,2
shapesister,2
sirin,2
ice_bros,2
minijack,2
flutter_(mario),2
margavan,2
jaegermonster,2
lux_vami,2
deer_girl,2
meeko_(species),2
boss_enemy,2
halstaurus,2
pishaca_tiger,2
platypus_bear,2
rawulf,2
black-collared_jay,2
multituberculate,2
kingpin_(species),2
gemmed_fungiderm,2
honduran_milk_snake,2
reptiloid,2
banded_coral_shrimp,2
cleaner_shrimp,2
aquanis,2
dark_faerie,2
mana_saber,2
flame_spirit,2
goonroe,2
lockheed_yf-12,2
lugarou,2
filigree_familiar,2
antlion_grub_(half-life),2
h'ragra,2
snow_bunting,2
xiaornis,2
aguanaut,2
necroslime_dragon,2
tama_pet,2
cape_ground_squirrel,2
kulindadromeus,2
grunt_(mario),2
puigur,2
crator,2
mustlelid,2
gryvern,2
tomato_frog,2
felumino,2
wifemin,2
ultigonian,2
wobber,2
plant_pony,2
swar,2
kavarian,2
goliath_beetle,2
menk,2
skarien,2
double-barred_finch,2
half_satyr,2
wild_hare_(monster_rancher),2
glass_mantis,2
werekoopa,2
weredoberman,2
sour_cocoadile,2
gasac,2
mydas_fly,2
ox_beetle,2
plume_dragon,2
erect-crested_penguin,2
snares_penguin,2
yellow-eyed_penguin,2
campo_flicker,2
little_penguin,2
gigantopithecus,2
milne-edwards'_sifaka,2
white_monoblos,2
ofidioid,2
toy_toy_blowfish,2
rüppell's_vulture,2
white-rumped_vulture,2
hooded_vulture,2
delex,2
giaprey,2
bonboon,2
arocknid,2
chewnicorn,2
blue_dragonache,2
dragonache,2
topper_(banjo-kazooie),2
cinnamonkey,2
profitamole,2
buzzlegum,2
dragumfly,2
juicygoose,2
pigxie,2
raisant,2
squazzil,2
sweetooth,2
syrupent,2
taffly,2
chocstrich,2
moojoo,2
pengum,2
polollybear,2
s'morepion,2
ruffian_(viva_pinata),2
sour_s'morepion,2
cactus_dryad,2
surinam_toad,2
sivatherium,2
hoplitomeryx,2
tapejara,2
shriek,2
high_priest's_lightsworn_seeker,2
zeephyn,2
great_hornbill,2
trojan_(spiral_knights),2
valoinx,2
freshwater_crocodile,2
blood_fiend,2
geminia_(species),2
helmet_urchin,2
pipefish,2
stegadon,2
kadaknath,2
duroc_pig,2
scarf_weasel,2
red-and-green_macaw,2
light_beast,2
flame_beast,2
green_kingfisher,2
lava_eel,2
zebra_moray,2
bune_(final_fantasy_xiv),2
elder_syricta,2
gerberian_shepsky,2
cape_genet,2
kelrethan_infernal,2
kaelon,2
morsel,2
tamagotchi_(species),2
hibiscus_dragon,2
stalking_devout,2
sailfin_lizard,2
dewbasaur,2
warudamon,2
orange_bulborb,2
animated_statue,2
cupid_corgi,2
crowber,2
paradise_dragon,2
nixiava_dragon,2
great_white_ape,2
roostro,2
bombegranate,2
worm_salamander,2
fleder,2
phosphor_tabby_largo,2
arcanus_(velkss),2
spidercar,2
salamanca,2
chinese_foo_dog,2
drigano,2
barbaliga,2
hexabump,2
gnawbit,2
novite,2
roman_monster,2
bucchiemon,2
allayi,2
metriorhynchus,2
jagerloweemon,2
seltzea,2
highlander_(breath_of_fire),2
ancientbeetlemon,2
purruse,2
creeper_(silent_hill),2
slurper_(silent_hill),2
pomi,2
mad_scrub,2
cursed_bokoblin,2
barbary_striped_grass_mouse,2
pear_bear,2
tricera_(fossil_fighters),2
thunderjaw,2
cyber_bird,2
niffler,2
botchling,2
marsuul,2
serbex_(species),2
farfalin,2
griffin_vulture,2
sewer_centipede,2
datonare_(monster_rancher),2
homalocephale,2
rhinoceros_viper,2
turiasaurus,2
gulpit,2
owlgryph,2
shedu,2
fireling,2
warforged_nightmare,2
tusken_raider,2
lanai,2
spotted_genet,2
cabbage_dragon,2
pokio,2
tyrannofex,2
lamia_(megaten),2
potfoot,2
rootitoot,2
lasher_rat,2
caribbean_reef_shark,2
bimbomorph,2
wereorc,2
bahrag,2
valkyr_(species),2
leafcutter_ant,2
xmas_elf,2
romulan,2
hasee,2
rowai_venkat,2
cloudy_leopard,2
bainligor,2
drahthaar,2
healer_(dragon_quest),2
blue_slaad,2
sea_raccoon_(one_piece),2
saltasaurus,2
arachnus,2
wood_gator,2
tailclops,2
perorimon,2
mariperorimon,2
flame_dragon_(gotcha_force),2
leedsichthys,2
yellow-tailed_black_cockatoo,2
red-headed_lovebird,2
evil_twin_(tboi),2
syfaerian_dragon,2
moja_(locoroco),2
dagannoth,2
yooyu,2
toadpoli,2
quibble,2
braq,2
harpatrice,2
tonu_(neopets),2
cobrall,2
flotsam_(neopets),2
feepit,2
bunzoni,2
pliosaurus,2
entaik,2
pahmar,2
zuffoid,2
chant,2
kosomon,2
angelamon,2
dosukomon,2
pangar_(dauntless),2
tongue_creature,2
stegopelta,2
thyme_warp,2
bloomerang_(pvz),2
bowling_bulb_(pvz),2
chard_guard_(pvz),2
chili_bean_(pvz),2
electric_blueberry_(pvz),2
gold_leaf_(pvz),2
homing_thistle_(pvz),2
hurrikale_(pvz),2
hypno_shroom_(pvz),2
intensive_carrot_(pvz),2
laser_bean_(pvz),2
pea_pod_(pvz),2
power_lily_(pvz),2
rotobaga_(pvz),2
spring_bean_(pvz),2
stunion_(pvz),2
thyme_warp_(pvz),2
tile_turnip_(pvz),2
female_monster,2
gigant_edge,2
gyopin,2
hina-zu,2
ta-ban,2
bubii,2
bomushika-,2
ri-fi,2
tundra_swan,2
sebastopol_goose,2
branded_charr,2
diamond_dove,2
northern_wheatear,2
white-necked_jacobin,2
calliope_hummingbird,2
white-booted_racket-tail,2
huernia_zebrina,2
life_saver_plant,2
alkari,2
escape_root,2
degu_humanoid,2
warnicorn,2
iron_maiden_(resident_evil),2
maddened_chaosrunner,2
eldin_ostrich,2
roarifice,2
octoball,2
octocopter,2
calapix,2
tiger_butterfly,2
shiftyke,2
froglodyte,2
shisin,2
anuby,2
beta_murkrow,2
aegean_cat,2
rabbitmon,2
voklit,2
belted_kingfisher,2
bearly,2
beastman_(ff),2
bantam_chicken,2
ekin,2
lyrekhet,2
arcadian_war_turtle,2
cow_pony,2
spark_(mario),2
heavenly_dragon,2
american_hog-nosed_skunk,2
humboldt's_hog-nosed_skunk,2
molina's_hog-nosed_skunk,2
bavom,2
ariel_toucan,2
collared_aracari,2
bogsneak,2
gargoyle_(devil_children),2
red-fronted_lemur,2
doomeon,2
hoffmann's_two-toed_sloth,2
khnum_(neopets),2
climacoceratid,2
chop_chop,2
stegodine,2
columbian_mammoth,2
utwig,2
betobebii,2
erebebii,2
eusmilus,2
long-necked_camel,2
arsinoitherium,2
borophagus,2
castoroides,2
pachyaena,2
pelagornis,2
megavore,2
moeritherium,2
platybelodon,2
palaeomastodon,2
sauroposidon,2
shunosaurus,2
gaw_gaw,2
avinychus,2
cronopio_(species),2
lyconfure,2
silithen,2
fronk,2
herculeskabuterimon_x,2
apollomon_whispered,2
larein,2
zin_(saints_row),2
draglet,2
canargon,2
acrosian,2
fish_girl,2
jiggler,2
belkin_(species),2
detrovite,2
ickthyperambuloid,2
segmentasapien,2
talpaedan,2
insecta,2
red-headed_rock_agama,2
hawaiian_monk_seal,2
common_snapping_turtle,2
brahminy_kite,2
hangul,2
great_egret,2
false_gharial,2
finless_porpoise,2
gray_whale,2
hawaiian_hoary_bat,2
willow_ptarmigan,2
oceanid,2
slaughterfish,2
hiisi,2
valravn,2
genius_loci,2
hydrax,2
knocker,2
umber_hulk,2
mantella,2
eurasian_beaver,2
grey_whale,2
dalmatian_pelican,2
burbot,2
great_bustard,2
sandgrouse,2
grysbok,2
rorqual,2
woolly_monkey,2
douc,2
orbed_piercer,2
bogart,2
water_genasi,2
xvart,2
yuan-ti_pureblood,2
snallygaster,2
fresno_nightcrawler,2
ambient_cervine,2
deoni_cattle,2
madagascan_owl,2
gray_mouse_lemur,2
madagascar_hissing_cockroach,2
himalayan_monal,2
common_sandpiper,2
desert_cardinal,2
skimmer_(guild_wars),2
dominique_chicken,2
black_skimmer,2
skimmer_(bird),2
zenn-lavian,2
tokay,2
vulturine_guineafowl,2
astonian,2
korugaran,2
hooded_merganser,2
tatsu_(neopets),2
crest_(bird),2
shearwater,2
swallow-tailed_kite,2
black-necked_stilt,2
double-crested_cormorant,2
gloster_canary,2
chill_bully,2
wilson's_bird-of-paradise,2
comb-crested_jacana,2
lesson's_motmot,2
treecreeper,2
black-shouldered_kite,2
painted_bunting,2
amethyst_starling,2
agami_heron,2
downy_woodpecker,2
crossbill,2
bare-faced_go-away-bird,2
go-away-bird,2
screamer_(bird),2
furnariid,2
white-eye_(bird),2
hamerkop,2
bobolink,2
bellbird,2
three-wattled_bellbird,2
laughingthrush,2
antillean_crested_hummingbird,2
steller's_eider,2
blue_bird-of-paradise,2
broadbill,2
therium,2
grey-winged_trumpeter,2
trumpeter_(bird),2
collared_inca,2
geemer,2
swolf,2
dogadon,2
tinker_pony,2
grey-headed_kingfisher,2
australian_brushturkey,2
brushturkey,2
pink_pigeon,2
eurasian_bittern,2
weaver_(species),2
ambient_crow,2
badgermole,2
dimensional_horror,2
pacific_loon,2
calcariid,2
phainopepla,2
redpoll,2
blue-streaked_lory,2
abyssinian_ground_hornbill,2
ground_hornbill,2
wallcreeper,2
dohwar,2
tufted_puffin,2
volpone,2
american_avocet,2
avocet,2
red_rail,2
guivrelid,2
oriolid,2
yellow-headed_blackbird,2
sour_sherbat,2
macaraccoon,2
black-throated_blue_warbler,2
kelpi,2
seukothi,2
grey_hairstreak_(butterfly),2
io_moth,2
malachite_butterfly,2
nene_(bird),2
terrabull,2
tufforse,2
jentink's_duiker,2
zebra_duiker,2
toong,2
organ_pipe_coral,2
domestic_water_buffalo,2
african_forest_buffalo,2
italian_mediterranean_buffalo,2
beta_scyther,2
erethizontid,2
mirapo,2
beta_gyarados,2
cape_porcupine,2
saurornitholestes_(species),2
skellor,2
mayan_dragon,2
doram,2
pardine_genet,2
southern_white_rhinoceros,2
orthoceras,2
rhinocerotoid_taur,2
woolly_rhinoceros_humanoid,2
ancientkazemon,2
sakusimon,2
fruity_succubat,2
volxen,2
cap_ghost,2
celestial_raccoon,2
mosasauroid,2
mesosaurid,2
scelidosaurid,2
saltasaurid,2
neovenatorid,2
southern_tigrina,2
machairodus,2
pterrordax,2
raven_(bird),2
capreoline_taur,2
parapuzosia_seppenradensis,2
mosasaurus_hoffmannii,2
amplectobelua,2
parapuzosia,2
desmoceratid,2
eutriconodont,2
tanystropheus,2
tanystropheid,2
topi_(ice_climber),2
joker_(mortasheen),2
bushpig,2
nesotragus,2
steenbok,2
imbabala,2
xenoceratops,2
rubeosaurus,2
nanday_parakeet,2
red-masked_parakeet,2
dorset_down,2
romney_sheep,2
bluefaced_leicester,2
greyface_dartmoor,2
rough_fell,2
four-toed_hedgehog,2
desert_hedgehog,2
squid_(space_invaders),2
octopus_(space_invaders),2
barbados_blackbelly,2
dwarf_bharal,2
pyrenean_chamois,2
voidfox,2
echinoderm_taur,2
camarodont,2
giant_forest_hog,2
vietnamese_pot-bellied_pig,2
weresuina,2
bryde's_whale,2
crinoid_humanoid,2
bearring,2
meishan_pig,2
sköll_(kingdom_hearts),2
red_knob_sea_star,2
oreasterid,2
protoreaster,2
raccoon_girl,2
caprici,2
magmaargh,2
spitzfire,2
ghost_(dragon_quest),2
mongoose_humanoid,2
moosifer,2
dingbat_(dragon_quest),2
south_african_giraffe,2
great_sabrecub,2
weredrackal,2
tropeognathus_(species),2
mega_chopper,2
mesmerize,2
daddy_longlegs,2
curved_spiny_spider,2
crab-like_orb-weaver,2
arabian_red_fox,2
eastern_imperial_eagle,2
asian_forest_scorpion,2
giant_forest_scorpion,2
flapper_(sonic),2
trombidiform,2
flower_crab_spider,2
demodex,2
rocky_mountain_goat_humanoid,2
darkside_(kingdom_hearts),2
guard_armor,2
lumiliad,2
rough-toothed_dolphin,2
black-and-chestnut_eagle,2
mountain_hawk-eagle,2
philippine_hawk-eagle,2
athene_(bird),2
amazilia,2
hermit_(hummingbird),2
tiger_heron,2
large_bittern,2
woodpecker_humanoid,2
partridge_humanoid,2
grouse_humanoid,2
ninoop,2
greater_prairie-chicken,2
sawbill,2
long-tailed_duck,2
analgae,2
butcherbird,2
seriema,2
fishing_boo,2
iguallah,2
baddon,2
pipid,2
hosajack,2
harboen_(species),2
green_toucanet,2
lummners,2
kaiser's_spotted_newt,2
spotted_newt,2
cave_salamander,2
green_salamander,2
strigopoid_humanoid,2
chestnut-fronted_macaw,2
cornetfish,2
fire_salamander_(salamander),2
parson's_chameleon,2
doxxel,2
eastern_red-headed_skink,2
krait_(snake),2
snakeman_(x-com),2
hawksbill_sea_turtle,2
trick_ghost,2
wight_knight,2
volpino,2
pointer_(dog),2
cozumel_raccoon,2
candy_golem,2
crocodylid_humanoid,2
spotted_moray,2
fimbriated_moray,2
goose_humanoid,2
sunakake-baba,2
ox-head,2
flicker_(bird),2
rose_robin,2
amazing_flyin'_hammer_brother,2
dread_ducky,2
impala_humanoid,2
kasabe,2
kattyri,2
cerberustaur,2
ostrich_taur,2
kiwi_humanoid,2
kakapo_humanoid,2
millipede_humanoid,2
toxiraptor,2
octobot,2
oneiros,2
midogaron,2
barnos,2
raphinos,2
harudomerugu,2
shantien,2
spot-billed_duck,2
urocissa,2
cyanolyca,2
forest_raven,2
northwestern_crow,2
european_crested_tit,2
beluga_humanoid,2
black_rhinoceros_humanoid,2
cowrie,2
white-tailed_tropicbird,2
funks,2
realian,2
halcandran,2
nelly_(kirby),2
yariko,2
para_sorceress,2
lyminal,2
garthim,2
shrike_(dauntless),2
shryke,2
nether_noble,2
minotaur_(disgaea),2
quillshot_(dauntless),2
kobble_(kremling),2
gloucestershire_old_spots,2
taihu_pig,2
alien_flower_(pvz),2
kharabak_(dauntless),2
chaos_spawn,2
diffusion_sliver,2
albatoss,2
trouter,2
bony_beetle,2
boss_bass,2
micro-goomba,2
honen,2
suu_(mario),2
fire_chomp,2
king_bill,2
paguroid,2
obsidian_drakonid,2
nali_(species),2
utahceratops,2
shoe_goomba,2
karakara,2
gigantamax_drednaw,2
para-beetle,2
moss_knight,2
pilot_whale_humanoid,2
batoid_humanoid,2
manucode,2
magnificent_bird-of-paradise,2
western_parotia,2
lawes's_parotia,2
arfak_astrapia,2
epimachus,2
drepanornis,2
black_sicklebill,2
black-billed_sicklebill,2
frog_(mario),2
rabbold,2
hammerhead_shark_humanoid,2
amphipod,2
red_king_crab,2
wallop_(mario),2
subcon,2
husk_(fortnite),2
geoffroy's_spider_monkey,2
guenon,2
chimera_anima,2
chimera_(nethil),2
rom_(2064),2
garblugh,2
ether_drake,2
p-35,2
cherry_flan,2
trickmaster,2
japanese_black_bear,2
void_worm,2
ratatoski,2
gun_hunter,2
ferring,2
water_wolf,2
toado,2
forest_fox,2
lacewing,2
crystalsong_dragon,2
demi_(subeta),2
spec_pangolin,2
oboroguruma,2
popoon,2
mink_humanoid,2
clothing_mimic,2
common_rain_frog,2
delta_pidgeot,2
seafolk,2
skipsqueak,2
tufted_ground_squirrel,2
pasdawg,2
huntabre,2
caracold,2
cheerly,2
elephas,2
hitmonana,2
mabster,2
tripsius,2
kuklan,2
incarnate_champion_(divinity),2
ayylamo,2
phantash,2
potbelly_(my_singing_monsters),2
gloptic,2
rare_mammott,2
repatillo,2
hurricanine,2
chompest,2
epic_hoola,2
yelmut,2
krillby,2
tiangou,2
plesiosaur_taur,2
mosasauroid_taur,2
thyreophoran_taur,2
spinosaurid_taur,2
spinosaurus_taur,2
archuslop,2
werebandicoot,2
barghest_mythology,2
barguest_mythology,2
ig-100_magnaguard,2
reek_(species),2
sauroniops,2
caroline_(pokemon_clover),2
european_savage_cat,2
llapaca,2
aralez,2
deathbead,2
ferengi,2
thumper_(species),2
rainbow_drinker,2
gigantamax_kingler,2
livingmachine,2
gigantamax_coalossal,2
ice_devil,2
blue-headed_pionus,2
pionus,2
magma_worm,2
brachiomon,2
siren_(monster),2
thai_ridgeback,2
bracco_italiano,2
blackmouth_cur,2
stabyhoun,2
dogue_de_bordeaux,2
hellenic_hound,2
field_spaniel,2
berger_picard,2
spanish_mastiff,2
serbian_hound,2
sulimov,2
vlcak,2
otterhound,2
bergamasco_shepherd,2
bichir,2
megalosauroid,2
black_and_rufous_elephant_shrew,2
caseasaur,2
metatherian,2
anomodont,2
choristodere,2
docodont,2
pteraspidomorph,2
archegosaurid,2
notosuchian,2
esociform,2
eliminator_(dragons_dogma),2
apodemin,2
common_degu,2
port_jackson_shark,2
sweep_(transformers),2
tricolored_heron,2
salmon_(fish),2
rath_fury,2
gigantamax_orbeetle,2
western_screech_owl,2
european_green_lizard,2
earless_monitor_lizard,2
sunbeam_snake,2
ringed_snake,2
common_leopard_gecko,2
carpet_beetle,2
beetle_taur,2
houndfish,2
valgen_dragon,2
cheep_chomp,2
mame_shiba_inu,2
nezuth,2
animated_stomach,2
elchulus,2
living_plane,2
yellow-throated_day_gecko,2
giant_jumping_rat,2
nagas,2
grar'hel,2
burwor,2
broodsac,2
trematode,2
bear_dragon,2
banteng_humanoid,2
indri_humanoid,2
tern_humanoid,2
ptarmigan_humanoid,2
lieofin,2
blazgia,2
longhaired_chihuahua,2
griffon_bruxellois,2
pacific_parrotlet,2
gila_monster_humanoid,2
thorny_devil_humanoid,2
dinogorgon,2
sand_heron,2
spectre_(doom),2
alladon,2
coelophysis_bauri,2
coelophysid,2
paharo_(temtem),2
realmseeker,2
luma_temtem,2
embear,2
kainite,2
skulken,2
kodoki,2
avieon,2
mechid,2
bakionawa,2
e-121_phi,2
living_storm,2
smog_humanoid,2
storm_humanoid,2
nightopian,2
eucharitid,2
panda_ant,2
mirror_plant,2
american_copperhead,2
drecko,2
pip_(species),2
rukaan,2
baariette,2
chanolour,2
upchucken,2
crystaking,2
tabanid,2
antechinus,2
orodromeus,2
sminthopsinae,2
dunnart,2
sinaloan_milk_snake,2
basilica_screecher,2
sapphire_drake,2
invisible_(heartless),2
kitsunicorn,2
calamity_kid_dragon,2
benem-princess_lecherta,2
mysidian_rabbit,2
dwemer,2
subw00fer_(species),2
anthropoid_(stellaris),2
mythologial_avian,2
klobber,2
woody_pig,2
common_dab,2
african_black_footed_cat,2
mutant_telephone,2
celosan,2
baug,2
royal_griffin,2
palliduvan,2
blorg,2
xernvetal,2
domestic_canary,2
weaver_(bird),2
true_sparrow,2
violet-capped_woodnymph,2
woodnymph,2
passerellid,2
coquette_(bird),2
lamprotornis,2
horboen,2
callaeid,2
elanus,2
royal_flycatcher,2
leiothrichid,2
watermelon_flan,2
vittra,2
bryozoan,2
kokomon,2
houre,2
nui-jaga,2
skin_wolf,2
kyupimon,2
orthrus_(resident_evil),2
pangoose,2
inbitween,2
nauseon,2
vasca_kavat,2
motherfuck_(pokemon_clover),2
hofucno,2
varghulf,2
adesign,2
juggernaut_of_khorne,2
earth_demon,2
sky_demon,2
nakudomosor,2
rune_dragon,2
conchilla,2
dulok,2
sushi_(mario),2
lanshil,2
flowre,2
hanoverian_horse,2
buckston,2
begotten_(tboi),2
pink_horror,2
weremental,2
mysticare,2
bivall,2
old_world_suboscine,2
antlion_(terraria),2
alien_hornet_(terraria),2
giant_flying_fox_(terraria),2
gastropod_(terraria),2
spiked_jungle_slime_(terraria),2
crimera_(terraria),2
slimer_(terraria),2
ghoul_(terraria),2
flocko,2
clinger_(terraria),2
floaty_gross,2
angry_nimbus,2
ichor_sticker,2
granite_elemental_(terraria),2
dirt_shark,2
long-wattled_umbrellabird,2
mushroom_taur,2
brazilian_treehopper,2
goliath_tigerfish,2
tigerfish,2
squeedle,2
chomper_(bug_fables),2
molebear,2
triffid,2
pokemon_hybrid,2
gnuru,2
amalgame,2
wolpertinger_humanoid,2
axolotl_dragon,2
semdrop,2
beta_garchomp,2
plaguebearer,2
blue_bokoblin,2
hikei_(subeta),2
green_banana_cockroach,2
asuramon,2
astrelix,2
floressum,2
froghopper,2
urosaurus_graciosus,2
sperm_humanoid,2
pawnchessmon_(black),2
gran_canaria_giant_lizard,2
carnis,2
necramech,2
hemogoblin_shark,2
granite_golem,2
rooskipa_(nexomon),2
spink_(nexomon),2
fisbowl_(species),2
mara_(nexomon),2
scrake_(killing_floor),2
gorefast_(killing_floor),2
cyst_(killing_floor),2
kasadar,2
bobfae,2
nep-enut,2
grey_seal,2
myreus,2
riojasaurus,2
cherubimon_(evil)_x,2
ojizama,2
onin_(nexomon),2
regenerator_(dead_space),2
j'avo_(resident_evil),2
proxy_(ergo_proxy),2
basilect,2
chromacoatl,2
borhsak,2
midgar_zolom,2
diathim,2
mimbanese,2
kitalyst,2
esshound_(runescape),2
nature_esshound_(runescape),2
stalking_piranha_plant,2
gekimugon,2
premantom,2
dread_saurian_(warhammer_fantasy),2
eyesmon_scattered_mode,2
zombie_(ghosts_'n_goblins),2
green_monster_(ghosts_'n_goblins),2
mantellisaurus,2
viventem,2
xenomorph_runner,2
fleuryale,2
haruspex_(tyranid),2
swarmlord,2
tegumii,2
unaysaurus,2
mobian_chipmunk,2
mobian_jackal,2
parasite_taur,2
berserker_(kingdom_hearts),2
regimelt,2
dowster,2
kedamamo-chan,2
wyrm_(warframe),2
paraphysornis,2
veltahraptor,2
scp-1499-1,2
manis_gigantea,2
giant_pangolin,2
i'itoise_(apacies),2
kobold_(fer.al),2
goatdemon,2
hell-pit_abomination,2
dromeasaurus,2
phlovomite,2
spatulon,2
krawl,2
masetosu,2
vilanox,2
grahktii,2
fen'une,2
spike_top,2
karava,2
shadowbeast,2
tarakava_(bionicle),2
growdramon,2
mogay,2
humanoid_(grandia),2
baby_miltank,2
raiden_(monster_rancher),2
evilbeak_(monster_rancher),2
yowlar_(temtem),2
cheriontop,2
chicrane,2
thundepyrus,2
flamencoil_(species),2
gazuma_(temtem),2
orphyll_(temtem),2
paharac_(temtem),2
tuvine_(temtem),2
oree_(temtem),2
pycko_(temtem),2
raiber_(temtem),2
platimous_(temtem),2
skail_(temtem),2
houchic_(temtem),2
adoroboros_(temtem),2
pewki_(temtem),2
mudrid_(temtem),2
vulcrane_(temtem),2
vulor_(temtem),2
barnshe_(temtem),2
gardenine_(fakemon),2
primarino_(fakemon),2
velix_(species),2
tapejarid,2
futabasaurus,2
endworm,2
zaarthal,2
inkling_(by_sweetburn),2
mimic_(call_of_duty),2
zuniceratops,2
allurion,2
blooze_(temtem),2
feeorin,2
diremite,2
mysligrei,2
chymerian,2
terrantian,2
ssarith,2
possessed_armor_(terraria),2
paladin_(terraria),2
klaxian,2
mutillidae,2
fire_ant_(fallout),2
european_bee-eater,2
wintherin_(doom),2
ambient_axolotl,2
kikainoid,2
royal_doggo,2
mastione_(temtem),2
naknadan,2
moab_assassin,2
devilfish_(dragon_quest),2
tuskitee_(insomniacovrlrd),2
zetan_(fallout),2
the_tormentor_(dead_space),2
leaper_(dead_space),2
tau_volantian_necromorph_(dead_space),2
flesh_(stalker),2
mu'curi,2
serak_(sapphinarose),2
scorpion_(call_of_duty),2
bloodshot_(resident_evil),2
charvaargh,2
acromantula,2
lyricus,2
autozakretian,2
gozzo_(species),2
shinegreymon,2
beelzebufo,2
dollocaris,2
invader_(bubble_bobble),2
skel-monsta,2
brambleback_(lol),2
fendrix_(species),2
dinocarid,2
equinine_(hybrid),2
pandaman_(one_piece),2
hahnah_crab,2
cave_creature,2
t-veronica_virus_mutant_(resident_evil),2
garrador_(resident_evil),2
ganki_(temtem),2
hydro_samachurl,2
spitter_(factorio),2
water_vole,2
kituff,2
cuddlefish_(subnautica),2
crabsnake_(subnautica),2
furen,2
sunekosuri,2
dulagal,2
whowhie,2
shadowling,2
spilefree,2
insipax_worm,2
volgon_(temtem),2
skeleton_dragon,2
kobold_humanoid,2
glow_whale_(subnautica),2
carbuncle_(la-mulana),2
akumu_(nightmare),2
4_4_(pokemon),2
female_symbol_(glitch_pokemon),2
hooded_pitohui,2
hobgoblin_(goblin_slayer),2
donutsteel_(pokemon_clover),2
beetle_guard,2
volto_(the_weaver),2
bloodbug_(fallout),2
xalakai,2
wendigo_(dusk),2
carmolac,2
chimera_(fish),2
wuffbug,2
azure_gnoat_(biomutant),2
rex_(biomutant),2
myxogastrian,2
marshmallow_girl,2
grass_lizard,2
great_drakar,2
azure_drakar,2
osukan_(temtem),2
arcubone,2
spiked_goomba,2
bone_pillar,2
tapuddle_(insomniacovrlrd),2
insect_hybrid,2
changelicorn,2
malingee,2
hot_lips_(yoshi's_island),2
tap-tap,2
den_den_mushi,2
cryo_hilichurl,2
esperian,2
neck_(species),2
alicanto,2
grizzled_giant_squirrel,2
leech_(terraria),2
brain_suckler_(terraria),2
flow_invader_(terraria),2
milkyway_weaver_(terraria),2
celestial_mob_(bloodborne),2
carrion_crow_(bloodborne),2
silverbeast_(bloodborne),2
vileblood_(bloodborne),2
blood-starved_beast_(bloodborne),2
snakedog_(sword_of_the_stars:_the_pit),2
minion_(ahit),2
fenrir_(ffxiv),2
hoarhound_(ffxiv),2
riftborn,2
lurker_(resident_evil),2
marra,2
agkelite,2
dop_demon,2
zaghnol,2
hen_hen,2
hunter_gordo,2
honey_hunter_largo,2
navajodactylus,2
kloak,2
mouse_droid,2
dumpling_(race),2
loxodonta,2
living_pantyhose,2
hunter_pink_largo,2
saber_slime,2
infurm,2
draedha,2
asteromorph,2
stygian_(species),2
quantum_deathclaw_(fallout),2
iron_cleft,2
k'thir_(warcraft),2
abomination_(warcraft),2
squid_taur,2
darkhound_(warcraft),2
dabus_(dnd),2
vulffy_(temtem),2
hybrid-tan,2
red_dragon_(dragon_quest),2
siren_(phoenix_point),2
mindfragger_(phoenix_point),2
hairless_fox,2
vulpkin,2
swimmer_(all_tomorrows),2
bonethief_(eternal_darkness),2
ambient_chipmunk,2
russian_white_dairy_goat,2
succplant,2
thrall_(destiny),2
euglena_(organism),2
bladra,2
predator_(all_tomorrows),2
harridan_(tyranid),2
black_gargomon,2
cannon_neddy_(ty),2
whyrlish,2
aurutejmo,2
tor_linnorm,2
obese_tofu_mummy,2
imp_(warcraft),2
cervid_satyr,2
chirchik,2
mammet,2
hyenox,2
boutmon,2
lime_shark,2
jubjub_bird,2
werepangolin,2
power_crystal_demon_(castlevania),2
conqueror_worm,2
malumdrake,2
lunarma,2
mukoron,2
kirikiri,2
sailormate,2
oltura,2
stringy_demodand,2
unagi_jorou_(mge),2
navi_commu,2
marine_healer,2
equal_dragon_weapon_(mh),2
hardness_ten,2
xiomorn,2
dongiga,2
purple_wisp,2
primordial_serpent,2
serafbit,2
dangerous_duck,2
mactera_goo_bomber,2
red_maya_bird,2
krexian,2
cyber_elf,2
gorlek,2
kapuseroido,2
draconium,2
timor_python,2
pancan,2
wizard_(destiny),2
atlantic_sharpnose_shark,2
sharpnose_shark,2
illuminant,2
common_noctule,2
african_paper_wasp,2
hornseghrelin_demoness,2
aohi_(temtem),2
killing_doll,2
red_mimic_slime_(regalbuster),2
laprine_(orokin),2
wolf_tengu,2
vermilion_cardinal,2
wattled_curassow,2
deervee,2
northern_bottlenose_whale,2
ibycai,2
graciliceratops,2
mantamoolis,2
astromon,2
robber_rabbit,2
flopper_(kirby),2
sea_monkey_(subnautica),2
space_raptor,2
eustreptospondylus,2
mephistomon_x,2
symprite_(closed_species),2
deserian,2
bronteroc,2
zorilla,2
bunnykin,2
obelisk_dragon,2
phelesmon,2
space_snail,2
solarisapien_(sugarratio),2
ladydevimon_x,2
meeboid,2
snoozroot,2
frozomon,2
fish_split_form,2
shortmon,2
foley_(kirby),2
highland_orc,2
lamoid,2
seiki_(mae_and_the_kingdoms_of_seasons),2
lua_(vatkin),2
raptor_(alien_shooter),2
galaxeon,2
eldorian,2
dragorian,2
blazekit,2
primadoom,2
common_vixult,2
circlion,2
ceresmon_medium,2
plutomon,2
vek_(species),2
rook_(distant_star),2
saithion,2
cotton_mouse,2
togekuki,2
miracinonyx,2
bumber,2
mite_(kirby),2
kacti,2
drop_(kirby),2
water_galbo,2
mirra_(kirby),2
flamer_(kirby),2
haley_(kirby),2
punc_(kirby),2
aurumtail,2
bulby_(kirby),2
gemra_(kirby),2
trericultua,2
gurimon,2
turbite_(kirby),2
klinko_(kirby),2
mini-sloths_(ice_age),2
shnurgle,2
clownboi,2
neour,2
argos_(ffxiv),2
humbee,2
gleap_(starbound),2
slicoup,2
rukig,2
exterreri,2
death_kiss,2
dinosoid,2
crimson_pigron,2
potty_monster,2
nara_(nexomon),2
alangasaurus,2
abomihoney,2
banshaen,2
delphinoid_taur,2
banchogolemon,2
metronette,2
venthyr,2
brinewing,2
yampa,2
bibimon,2
coomba,2
tinkermon,2
blackburnian_warbler,2
chipmunk_taur,2
ground_squirrel_taur,2
jabhog,2
lurdusaurus,2
xzizren,2
monitamon,2
nuralagus_rex,2
the_podfather,2
winky_(dragon_quest),2
rare_bowgart,2
stormhawk_(elden_ring),2
jexouium,2
mononykus,2
dracoz_(species),2
polymonstrum,2
lopp_(wildstar),2
spotty_bulborb,2
yellow_wollyhop,2
aberration_dragon,2
dragontail_butterfly,2
red-billed_blue_magpie,2
olympeon_(fakemon),2
humanized_warframe,2
arabian_sand_boa,2
lezoreon,2
rockmaw_(jagged),2
zoocuu,2
tzhaar,2
rareraremon,2
ghinx,2
porcupamon,2
antlion_guard,2
banescale_dragon,2
suwysid,2
rockspitter,2
ebon_dwarven_wolf,2
pudel,2
sinwolf,2
mooncat_(downpurr),2
silt_strider,2
sprouter_(regalbuster),2
snake_monster,2
betamon_x,2
zwevealisk,2
crata_peretina,2
yggdragstyx,2
bicentenaria,2
wurm_(monster_girl_encyclopedia),2
argomon_(fresh_stage),2
ashstrider,2
spikog_(insomniacovrlrd),2
digdogger,2
s'klik,2
sunfish_humanoid,2
florisbad_hominin,2
homo_heidelbergensis,2
orrorin_tugenensis,2
sahelanthropus_tchadensis,2
ardipithecus_anamensis,2
ardipithecus_kadabba,2
australopithecus_africanus,2
cro_magnon,2
denisova_hominin,2
denisovan,2
dmanisi_hominin,2
galerix,2
homo_antecessor,2
homo_georgicus,2
homo_helmei,2
homo_luzonensis,2
homo_naledi,2
homo_rhodesiensis,2
homo_rudolfensis,2
homo_sapiens_idaltu,2
orrorin,2
paranthropus,2
paranthropus_aethiopicus,2
paranthropus_boisei,2
paranthropus_robustus,2
red_deer_cave_people,2
medievalgallantmon,2
hexeblaumon,2
montanoceratops,2
pteryx,2
aurora_somnacanth,2
vulcan_(odin_sphere),2
muffalo,2
hellkite_drake,2
chrysalimon,2
chimaera_(fish),2
fish_scale_gecko,2
rodentian_(eevilish),2
livyatan_melvillei,2
gliding_build_koraidon,2
lloigor_(operation_lovecraft),2
gaossmon,2
burmecian_taur,2
rusttyrannomon,2
jumbogamemon,2
zanbamon,2
hiandromon,2
skullmammothmon,2
gulfmon,2
devitamamon,2
donedevimon,2
chronomon_(holy_mode),2
ravemon,2
black_hound,2
shuvuuia,2
lego_people,2
hanamaki_(livly),2
poorwill,2
mobian_chinchilla,2
mobian_shrew,2
tsunoriml_(livly),2
suspendium_dragon_(acts),2
sham_hatwitch,2
jewelbeemon,2
ghoshi,2
vampshi,2
jin_qiangshou,2
granlocomon,2
locomon,2
neodevimon,2
fighting_fish_merfolk,2
momoth_(livly),2
bovline,2
sacred_wolf_(paladins),2
slice_n'_splice,2
saurian_(star_trek),2
mephismon,2
kibatekka,2
aqua_rider_(duel_masters),2
barbaridactylus,2
aqua_knight_(duel_masters),2
gremlin_(livly),2
candy_crab,2
yesso_scallop,2
spanish_hound,2
protogen_taur,2
chinook_(splatoon),2
stonehorn,2
bomb_bro,2
munchies_(species),2
selkid,2
worm_(all_tomorrows),2
saurosapient,2
langalorian,2
nanimon,2
flappy_(tfh),2
gummycatworm,2
kambojaku_(livly),2
cherub_(caelum_sky),2
loth-cat,2
yukimushi,2
kiukkukalma,2
apollo_butterfly,2
gear_dragon,2
rugops,2
armorder,2
dowutin,2
impid,2
ig-88_assassin_droid,2
ig-series_droid,2
navimon_(appmon),2
sandra_(valkyrie),2
flapper_(kirby),2
nemain,2
kyuzo_(species),2
ichgor,2
bulblin,2
magnarothus,2
aholai,2
american_bushtit,2
green_aracari,2
red-billed_toucan,2
ogryn,2
glacier_bear,2
mobian_chameleon,2
yellow_plumage_squawkabilly,2
white_plumage_squawkabilly,2
sharkermelon,2
bremand,2
mackenzie_river_husky,2
scudama,2
roxen,2
ooger,2
buzzicue_(insomniacovrlrd),2
mobian_werehog,2
cannonball_jellyfish,2
spirit_(spirit_island),2
nectrapi_(insomniacovrlrd),2
mobian_fennec,2
mantisaur,2
wheeled_creature,2
mahran,2
ropen,2
lighter_(species),2
skulloxorn,2
ghamaki_(rabblerouser),2
omeisaurus,2
giant_sloth,2
gryposaurus,2
pterodaustro,2
corythoraptor,2
llingor_dercas,2
aurumvorax,2
lyran_(star_trek),2
stalker_(titanfall),2
epurrely_beauty,2
kalvorssian_(ugnaughtsden),2
anubos,2
greedrone,2
blue_fly_(tboi),2
deep_sea_vaporeon,2
zaiki,2
darkling_(kingdom_hearts),2
strombonin,2
fuhreragumon,2
cybershade,2
hoverespimon,2
terrorcon,2
glintstone_dragon,2
chimerina,2
meadow_jumping_mouse,2
stranger_(spiral_knights),2
tickle_monster_(dragon_tales),2
seeker_(the_elder_scrolls),2
cylon_(battlestar_galactica),2
abc_warrior_(judge_dredd),2
k-9_(fakemon),2
sturbi,2
mudskipper_(deepwoken),2
featherhide,2
grisha_(vetisx),2
indigo_lizard_(spyro_the_dragon),2
moldmen_(scorn),2
gemcutter_(spyro_the_dragon),2
crater_worker_(scorn),2
firin,2
elvaan_(pome-tia),2
muscovy_duck,2
aeserian,2
tsurubebi,2
okubi,2
fuzzly,2
rajah_brooke's_birdwing,2
kazerian,2
gizmo-tank,2
zatierovian,2
druid_of_the_claw,2
ancients_(sonic),2
zing_zing_zing_(species),2
kolavian,2
queen_size_pillow_demon,2
volatile_leaper,2
misbegotten_(elden_ring),2
zeedmilleniumon,2
frostmaw_(minecraft_mod),2
centerfrog,2
fautolia,2
roobat,2
gremor_(deepwoken),2
bunnit,2
kiwibeast,2
mando_(uncrom),2
darsi_drake,2
lucido,2
bowmon,2
dimensional_neopet,2
magma_neopet,2
biscuit_neopet,2
water_neopet,2
strawberry_neopet,2
mobian_albatross,2
fox_pony,2
blizzard_dragon_(dragon_city),2
apocalypse_dragon_(dragon_city),2
plant_dragon_(dragon_city),2
deathly_dragon_(dragon_city),2
runner_dragon_(dragon_city),2
archangel_dragon_(dragon_city),2
high_comet_dragon_(dragon_city),2
kitsune_dragon_(dragon_city),2
necromancer_dragon_(dragon_city),2
high_virago_dragon_(dragon_city),2
aqualung_dragon_(dragon_city),2
zodiac_gemini_dragon_(dragon_city),2
gaoleo,2
classic_unicorn,2
selachii_(tes_mod),2
colonials_(all_tomorrows),2
magalitsa_pig,2
shikakun,2
kernal_pult_(pvz),2
pumpkin_(pvz),2
magicerf,2
zazak_(tloz),2
bubble_(tloz),2
verza,2
flying_anchovy_(pizza_tower),2
nixie_(ffxiv),2
mobian_deer,2
magnagracilisuchus,2
raku_(species),2
dralox,2
plinkajou,2
fevine,2
weevolt,2
kurvinox,2
spectral_dragon,2
pikit,2
digguh,2
rabiroo,2
cone_cat,2
ice_golem,2
gritdog,2
ci_annwn,2
phonodroid,2
gnawty,2
golem_(might_and_magic),2
green_welsh,2
pit_fiend_(dungeons_and_dragons),2
sporerow,2
eternal_(dreamscreep),2
z'dgarurumon,2
jewel_wasp,2
dutch_warmblood,2
lumiere_(suirano),2
marduk_(god_eater),2
wereopossum,2
nagual,2
master_pixie_(jeffron),2
formosan_clouded_leopard,2
sssnacker,2
jaktus,2
lemur_taur,2
azinarsi,2
ee-lectric,2
grimble_(ebiinari),2
scp-949-1,2
mijusuima,2
ralokai,2
emphines,2
minceminx,2
erridea,2
triceratops_taur,2
bansheep,2
elepet,2
wiggleteeth,2
enchantling,2
diesura,2
vlarrian,2
singapura_cat,2
red_honeysham,2
cowbunny,2
bacchusmon,2
muskrateer,2
weird_fox,2
armoredge,2
floot_fly,2
kyomin,2
kriprik,2
archalium,2
xoywren,2
feloreena,2
luxsces,2
aelurognathus,2
angora_ferret,2
rare_ghazt,2
ramtasm,2
noki_(mario),2
blackneck_goat,2
rotoko,2
dragon_ogre_(warhammer),2
horriblin,2
poink_(mario),2
keplarian,2
ikari_(pokemon_gold_beta),2
merqaal,2
traiboros,2
aero_(mario),2
remuli,2
flame_gleeok,2
blarg_(ratchet_and_clank),2
panthera_atrox,2
sharbex,2
skin_stealer,2
k'daai_fireborn,2
starpion_(cursedluver),2
zehoberei,2
ancient_hylian,2
sinornithosaurus,2
aimm,2
pepper-pult_(pvz),2
a.k.e.e._(pvz),2
hookwing,2
clubstep_monster,2
chuchu_(tloz),2
elozar,2
scp-323-1,2
nymphojinn,2
aberration_(firelight),2
pilot_hare,2
agori,2
scp-1661,2
scp-3934,2
scp-3338,2
scp-1678-b,2
nirogan,2
batamon,2
flaming_espinas,2
manticora,2
folktail,2
mactera_spawn,2
floruit,2
forknight,2
apple_mortar_(pvz),2
amazonian_(futurama),2
travis_(kobold),2
jatal,2
bunnicomb,2
scp-1956,2
kul_tiran_(feral),2
green_honeysham,2
scp-065-j,2
scp-2782,2
zariel_tiefling_(baldur's_gate),2
weremink,2
scp-1956-1,2
mule_humanoid,2
being_(strange_planet),2
corruptus,2
flour_golem,2
scp-1507,2
slob_(awful_hospital),2
pizza_monster,2
palomino_rabbit,2
kurzsic_dragon,2
kurzsucatsa,2
griffgar_(nexomon),2
emnidi,2
maskeraith,2
mantis_traitor_(hollow_knight),2
dirtcrawler_(hollow_knight),2
grubberfly_(hollow_knight),2
aspid_hunter_(hollow_knight),2
scp-1797-a,2
scp-2036,2
scp-1530,2
kolopee,2
zircon_(gem_species),2
jacobin_pigeon,2
ragnalordmon,2
bombadgy,2
lignum,2
living_berry,2
living_hot_dog,2
mighty_gorgon_(might_and_magic),2
cornerstone_mask_ogerpon,2
chuian,2
yomotsu-shikome,2
lollipop_creature,2
skarak,2
blue_jay_taur,2
sulfur_elemental,2
groovy_longlegs,2
aulalism_(shountar),2
tiger_shark_merfolk,2
sagittarimon,2
rogue_wickerbeast,2
cerberus_(demikids),2
spanish_shawl,2
ancula_gibbosa,2
headshield_slug,2
chromodoris_lochi,2
spider_mouse,2
volkx,2
wadabe,2
weretiger_(dragon_quest),2
scp-1342-3,2
zalmoxes,2
fenriloogamon,2
scp-2615-j,2
harkhretian_anglerfish,2
cynognathus,2
living_wrench,2
living_tool,2
zyrdrake,2
ice_beak_(breath_of_fire),2
chessbot,2
eigion_warden,2
verdant_warden,2
beevee,2
dragon_(disgaea),2
sharovipteryx,2
razor-billed_auk,2
living_bottle,2
guardian_wolf_(guardian_tales),2
aliorammus,2
brishtail,2
ooma_(hollow_knight),2
husk_(minecraft),2
qallupilluit,2
kaiwhekea,2
acora,2
scp-178-1,2
missulena,2
scp-331-1,2
patterdale_terrier,2
cherub_(feather_trail),2
roboko,2
werecock,2
common_octopus,2
divrani,2
gundramon,2
snaccoon,2
bith_(species),2
anton_(badnik),2
needlenose_(badnik),2
boodoo,2
werecapybara,2
hoppo_(super_mario_bros_wonder),2
mobian_hawk,2
springheel,2
crab_(minecraft),2
jack_rabbit_(arknights),2
mobian_skunk,2
eastern_spot-billed_duck,2
net_ghost,2
lobster_taur,2
penguin_(minecraft),2
megalodaunt,2
komainu_(spectrobes),2
ambient_cetacean,2
stoplight_loosejaw,2
number_creatures_(sesame_street),2
cataliszt,2
rare_whisp_(my_singing_monsters),2
denchuhs,2
wheezel,2
bushveld_rain_frog,2
grummle,2
magnapaulia,2
monculus,2
sky_dodo,2
amuraroo_(species),2
drumpler,2
epic_wubbox,2
baboon_hawk_(lethal_company),2
uuduk,2
khan_(deepwoken),2
viveine,2
weredingo,2
rare_hoola,2
squirey,2
ancient_dragon_(mario),2
pinghound,2
manic_(kaiju_paradise),2
buzzinga,2
cranchee,2
blubberfly,2
tsintaosaurus,2
kerfzel,2
dergzel,2
pyroraptor_olympius,2
faereon_(species),2
ryutian_(species),2
oryvion,2
tiger_sphinx,2
hagfish_merfolk,2
peepy_(itemlabel),2
living_saint,2
eunectes_murinus,2
ursadin_(lustful_desires),2
dagi-raht,2
miasmodeus,2
carniviper,2
allseer,2
ambient_robot,2
wave_(geometry_dash),2
terriermon_x,2
cheelai_(chokovit),2
lix_(chokovit),2
bula'vain,2
flasque_(my_singing_monsters),2
rare_hawlo,2
meowsletoe,2
rabbibunny,2
quetch,2
obsidian_(gem_species),2
rutile_(gem_species),2
skadean,2
c'tan,2
furlien,2
half-furry_half-alien,2
sluck_(dizzytizzy),2
seaflora_(pvz),2
iceweed_(pvz),2
glubby_gootraxian,2
hades_condor,2
armado,2
warth_warriors,2
satori_(tloz),2
skunk-fox,2
atlantic_wolffish,2
mink-mink_dragon,2
gurahl_(world_of_darkness),2
scp-3003-1,2
rocky_mountain_sheep,2
axolotl_taur,2
feltropod,2
killamari,2
tetramon,2
shiva_(ravine),2
helzephyr,2
pride_vampire_dragon_(dragon_city),2
zrunian,2
ribunny,2
medusa_head_(castlevania),2
pilotfish,2
living_volcano,2
living_landmass,2
popsichu,2
thumbless_bat,2
wendaroo,2
urru,2
mystic_(tdc),2
gobfin_ignis,2
surfent,2
suzaku_(pal),2
necromus,2
pvyuven,2
pseudo_arachnid,2
royjibiv,2
desert_xariat,2
consecrated_fanged_beast,2
consecrated_horned_crocodile,2
seelie_(genshin_impact),2
desert_sumpter_beast,2
bolteater_bathysmal_vishap,2
nudibranchid,2
nudian,2
valkeer,2
drakomire,2
unicorgi,2
spanner_crab,2
cavefish,2
sakuling,2
orc_brute_(lustful_desires),2
snifflehide,2
aurune,2
chaosmon,2
abbadomon,2
abbadomon_core,2
gotoku-neko,2
jinhua_cat,2
ovinnik,2
mythological_grimalkin,2
ball-tailed_cat,2
ccoa,2
gatto_mammone,2
calopus,2
hainu,2
rare_sox,2
voltagandr,2
nebiros_sekhum,2
thunderbird_2,2
naelih'ng,2
pugbug,2
bagworm_moth,2
sandran,2
frogmon,2
gelanexi_(theorchidartichoke),2
sinisaur,2
archivile,2
leeches_(rain_world),2
hazer_(rain_world),2
beta_espeon,2
dinotoad,2
quarantamaula,2
evolved_arachnichimp,2
grandgalemon,2
furred_goblin,2
microchip_(ben_10),2
orthopterran,2
galilean_(ben_10),2
slime_(lethal_company),2
stormbird_(horizon),2
strider_(horizon),2
corruptor_(horizon),2
laerwolf,2
kruskont_(species),2
blue_aeriad,2
wolf_spider_(rain_world),2
not-cat,2
guard_(fear_&_hunger),2
ambient_sheep,2
ulchid_(the_nature_of_predators),2
fennec_demon,2
northern_shoveler,2
sweet_corn_(undertale_yellow),2
frostermit_(undertale_yellow),2
impaler_(helldivers),2
garlic_humanoid,2
fetroscale,2
false_hydra_(dnd),2
ambient_swan,2
spodumene_(gem_species),2
common_whisp_(my_singing_monsters),2
common_quibble,2
split_worm_(silent_hill),2
snaelstrom,2
broad-snouted_caiman,2
xaiphyne,2
maxillopod_humanoid,2
fitzen,2
beekeeper_(fear_and_hunger),2
eurasian_hoopoe,2
bellend_(fear_and_hunger),2
lemonpeel_angelfish,2
longnose_butterflyfish,2
tomato_anemonefish,2
teardrop_butterflyfish,2
orange-lined_triggerfish,2
garibaldi_(fish),2
ura_mametchi,2
ura_tamagotchi,2
smooth-fronted_caiman,2
bertamerr,2
resket_(the_nature_of_predators),2
origin_species,2
florabold,2
fiery-billed_aracari,2
turaian,2
penis_taur,2
thunderclops,2
breebly,2
cimmaron_uruguayo,2
demon_hare_(soulcentinel),2
kuneko_(species),2
chemy_(gotchard),2
saurian_(dragon's_dogma),2
vesani,2
chakutori,2
adyjuni,2
little_buddy_(qsmp),2
halloween_crab,2
mosasaur_taur,2
nuno_sa_punso,2
puki_(species),2
sixgill_shark,2
shrieker_(helldivers),2
shotzo,2
sawyer_(kirby),2
owgulf,2
crawun_(cerberussenn),2
guitar_humanoid,2
pastel_neopet,2
polka_dot_neopet,2
doglefox,2
ona_(neopets),2
drossling,2
yaced_goblin,2
stone_goat,2
bagbean,2
hiisihound,2
gofograe,2
bee_drone_(slime_rancher),2
treasure_insect,2
pond_pony,2
s'lanter,2
magnapeko,2
moon_jellyfish,2
albino_dobermann,2
aesmir,2
emperor_angelfish,2
lined_butterflyfish,2
harlot_of_the_lake_(speculative_species),2
viper_probe_droid,2
hatchling_(hollow_knight),2
gulper_catfish,2
red_cat_(minecraft),2
white_cat_(minecraft),2
waffle_(kittydogcrystal),2
scp-2050-1,2
tibetan_blue_bear,2
mistake_(hollow_knight),2
impkin,2
living_grape,2
traffikrab,2
weevilite,2
blue_catfish,2
chiwen,2
yazi,2
bi'an,2
bixi,2
jiaotu,2
pulao,2
shameow,2
sekotem,2
amphibious_zork,2
zhuhuai,2
indo-pacific_bottlenose_dolphin,2
mantlewing_(zipper),2
unnamed_fakemon_(markiplier),2
night_lurch,2
dragon_turtle_(chinese_mythology),2
revenant_(rimworld),2
red-shanked_douc,2
shuangjing,2
rakshasa_(monsterpunk),2
swarm_beast,2
apathy_(rwby),2
welkyn_(rukifox),2
tintail,2
deathclaw_taur,2
indonesian_tiger,2
white_tiger_(chinese_mythology),2
yinglong,2
aether_dwarf,2
cychien,2
bombacide,2
darmacrys,2
fluffshie_pooltoy,2
grimmsteed_(hollow_knight),2
uoma_(hollow_knight),2
stone_dragon_(dragon_city),2
swomee-swan,2
ackie_monitor,2
aloe_(pvz),2
bonnethead_shark,2
mecha_(overwatch),2
alterion,2
loudmon,2
scampuss,2
panuncian,2
american_wirehair,2
bandicute_(monster_racers),2
moonless_guard,2
meowseclick,2
skunk-dragon,2
helmeted_guineafowl,2
flying_meepling,2
living_peach,2
sweet_pea_(pvz),2
sour_bunch,2
langolier,2
trottin'_piranha_plant,2
goat_pony,2
dungeon_rabbit,2
brood_commander_(helldivers),2
living_halo,2
living_pill,2
living_bow,2
avulpian,2
slugcat_taur,2
hive_wizard,2
bunnassin,2
valohund,2
bananasaurus_rex,2
mage_dog_(ebf),2
puffer_pig,2
bacomon,2
idyllkin,2
rare_pompom,2
barsboldia,2
spheric_gaurdian,2
riftwolf_(genshin_impact),2
living_aloe_vera,2
neighbour_(fear_and_hunger),2
drakonar,2
turnspit_dog,2
kinoko_(species),2
baleful_(species),2
wolskyroo,2
traffic_cone_(changed),2
dwelf,2
ceretorem,2
abyssian_(species),2
gagaga_(species),2
eurasian_goshawk,2
wall_dweller_(pressure),2
heave-ho_(mario),2
trenchbleeder,2
yeonx,2
cabbernine,2
red_elebit,2
velari,2
rhinotank,2
blight_(fear_and_hunger),2
koz'venn,2
ryukin_goldfish,2
veiltail_goldfish,2
mantibab,2
lorcaelan,2
echis,2
carpet_viper,2
northeast_african_carpet_viper,2
cockroach_taur,2
yamaraj,2
theropod_humanoid,2
lurker_(species),2
guardemis_(tales_of_tanorio),2
tanorian,2
soundbirdmon,2
dinofelis_draconis,2
scraptool,2
forsaken_(warcraft),2
tentacle_(half-life),2
cait'si,2
totectic,2
megalograptus,2
black-tailed_marmoset,2
grublin_(dragon_quest),2
ukanidactyl,2
treyachnid,2
cerulean_warbler,2
buglizard_(ben_10),2
univore_merger,2
biotsavartian,2
krytatok,2
daruma_horse,2
copper_shark,2
red_dragonborn,2
deinosuchus_riograndensis,2
armadillosuchus,2
hell-hound_(predator),2
halcandle_dee,2
koozer,2
zoos_(kirby),2
nagaji,2
voidpet,2
green_bottle_fly,2
behemoth_dragon,2
black_fly,2
great_zapfish,2
living_shoe,2
beta_absol,2
okuwamon,2
harahara_(endless_dungeon),2
phryge,2
beta_ariados,2
mitchell's_satyr,2
popomo_(dragon_village),2
aqua_flora,2
typhoomerang,2
signal_monkey_(moon),2
krellek,2
grom-grom,2
tiger_thresher,2
kaua'i_cave_wolf_spider,2
kiravolt_(puzzle_and_dragons),2
tanycolagreus,2
ambient_ray,2
ignis_vitae,2
q'taylean_(hijackerdraws),2
high_orc,2
porta,2
royal_salmon,2
yamauba,2
goko,2
lapidean_golem,2
bloxer_(deltarune),2
snout_moth,2
arthropoid_7,2
arthropoid_17,2
reptilian_(stellaris),2
aquatic_(stellaris),2
avian_2,2
assimilated_(objectified),2
selenite_taur,2
beta_florges,2
knight_(fattmana),2
common_drumpler,2
mothbunny,2
specknose,2
reapette,2
syren_(kid_icarus),2
eshou,2
salamander_(romancing_saga_2),2
epomis_beetle,2
chafer,2
owlfly,2
blind_mole-rat,2
sea_fan,2
plaice,2
undertide_dragon,2
geist_(atlyss),2
tomato_creature,2
arch_wyvern_(terraria),2
emerald_green_snail,2
horny_(species),2
char_(fish),2
clupeid,2
gadiform,2
gudgeon,2
chiton_(mollusk),2
piddock,2
argonaut_(mollusk),2
planthopper,2
potter_wasp,2
shield_bug,2
thread-waisted_wasp,2
brill_(fish),2
european_eel,2
freshwater_eel,2
gurnard,2
stickleback,2
whiting,2
mata_mata,2
snake-necked_turtle,2
atlantic_bluefin_tuna,2
goatfish,2
halfbeak,2
interdimensional_entity,2
werewolf_(terraria),2
altamaha-ha,2
tadpole_monster,2
phoenix_dragon,2
loader_droid,2
hollyphant,2
goar_(crash_bandicoot),2
tufted_coquette,2
atlantic_salmon,2
prociphilus,2
aphidid,2
gaudi,2
press_(cave_story),2
burrunjor,2
power_critter_(cave_story),2
cavengauu,2
cottol,2
putreficacion,2
energy_hound,2
zephagamon,2
mummy_dragon_(dragon_village),2
aphrodite_(dragon_village),2
lakion,2
citael,2
liso,2
hungry_dragon,2
black_dragon_(dragon_village),2
bat_star,2
dazzi_noct,2
sea-shroom_(pvz),2
guard-shroom_(pvz),2
grey_elebit,2
fennec_fox_humanoid,2
pengling_(subnautica),2
veluzthithar,2
teppi,2
blood_fiend_(project_moon),2
ginryumon,2
kerry_blue_terrier,2
traditional_kobold,2
pyrenean_sheepdog,2
sealyham_terrier,2
reptile_demon,2
strider_(zooliminology),2
golbo_(zooliminology),2
amphibian_demon,2
prince_(zooliminology),2
queen_(zooliminology),2
glass_creature,2
ceriden_(pokemon),2
whisbonny,2
labrigrim,2
titaneon,2
furred_dolphin,2
furred_salmon,2
pierce_(kirby),2
cryspaledramon,2
borka_(species),2
helper_jelly,2
big_axefish,2
minutefauna,2
kannapokkur,2
stilted_redwood_fox,2
psicovenom,2
mewthree_(reloaded),2
mega_pikablue,2
oku-yan_(mcompasss),2
chartfortt,2
torkore,2
servant_of_cthulhu_(terraria),2
cold_cow_(minecraft),2
warm_cow_(minecraft),2
harefolk,2
lamia_(elder_scrolls),2
luvpup_(species),2
sluglug,2
poplin,2
ambient_octopus,2
volf_(livly),2
straw_dog,2
homobestia,2
arthropleuridean,2
tharen,2
yeast_(organism),2
cottonball_demon,2
murder_monkeys,2
greater_wisp,2
unidonk,2
slugraptor,2
shagbeetle,2
opposur,2
zombie_horse_(minecraft),2
eastern_brown_snake,2
nothosaurus,2
angler_lard,2
ashbeast,2
sea_lard,2
proto_long_legs_(rain_world),2
red-breasted_nuthatch,2
hochumi,2
biddybud_(mario),2
outmaway,2
zeltron_(species),2
all_purpose_animal_(species),2
criai,2
alpha_doshaguma,2
floof_dragon_(javeloz),2
cavapoo,2
leever_(tloz),2
midnight_wrath_(httyd),2
vorch,2
mimic_toilet,2
black_marlin,2
lepomis_macrochirus,2
manta_ray_humanoid,2
tuskfish,2
harlequin_tuskfish,2
saratoga,2
electric_blue_jack_dempsey,2
red_tiger_oscar,2
giant_moray,2
barramundi,2
conger_eel,2
bottlenose_whale,2
smooth_hammerhead,2
risso's_dolphin,2
payara,2
gelidron,2
legend_(kinkydrag0n),2
owlet_moth,2
phylloxera,2
dot-eared_coquette,2
horned_sungem,2
little_woodstar,2
long-billed_starthroat,2
racket-tipped_thorntail,2
starthroat,2
woodstar,2
red-legged_partridge,2
barbet_(bird),2
black-winged_stilt,2
paradise_kingfisher,2
slimevee_(sacred_trees),2
many-banded_aracari,2
mountain_trogon,2
atlantic_cod,2
false_cleanerfish,2
cleanerfish,2
okigen,2
gulper_shark,2
guardian_rathalos,2
guardian_ebony_odogaron,2
guardian_arkveld,2
kunine,2
xiphactinus,2
living_bandage,2
vulparii,2
ambient_trilobite,2
poison_pokey,2
cambion_(paizo),2
nephilim_(paizo),2
coral_shrimp,2
giant_folk_(nekuzx),2
sarcoprion,2
muskellunge,2
spiny_lobster,2
leopard_tiger,2
woofspdr,2
noxiouk,2
wind_felcarune,2
silkat_(species),2
rosethorndrake,2
western_timber_wolf,2
shapeling,2
hazrat_(temtem),2
tapeti,2
beta_simisear,2
beta_reshiram,2
shamu_(beta_pokemon),2
brontide_(zikeny),2
crundle,2
dearc,2
tonatiuh_itzpapalotl,2
suminia,2
foxteddy,2
dantenos_(creatures_of_sonaria),2
ratical,2
stegouros,2
elaphrosaurus,2
isaberrysaura,2
grimclaw_tigrex,2
thunderlord_zinogre,2
bone_(bone),2
hollow_(scavengers_reign),2
gnollmole_(six_legends),2
virtue_(ultrakill),2
rope_(tloz),2
ripper_(dialingnumber9),2
striker_(dialingnumber9),2
pesanta_(resident_evil),2
living_ticket,2
fetcham,2
rustrazor_ceanataur,2
stonefist_hermitaur,2
deadeye_yian_garuga,2
crystalbeard_uragaan,2
nightcloak_malfestio,2
tardigrade_(rain_world),2
bone_shaker_(rain_world),2
kamu_ougaron,2
nono_ougaron,2
watcher_(ena),2
swampstrider,2
wibble_(species),2
logo_head,2
carapace_slime,2
zaphermonarian,2
desiello,2
mawda,2
living_sperm,2
reacher_(mario),2
kylin_(species),2
nuclear_rabbit_(kaiju_paradise),2
explorer_(godhusk),2
protovessel,2
commander_(godhusk),2
mopos,2
scavenger_(godhusk),2
wab-b,2
skup_(godhusk),2
gyne's_infant,2
gyne's_offspring,2
mogema,2
mogema_(mother),2
mogema_(spawn),2
clear_vessel_(godhusk),2
chimera_(godhusk),2
rambling_crust,2
oozer_(godhusk),2
red_walker,2
adam2,2
kihb,2
ripper_(godhusk),2
gatling_pea_(pvz),2
pseudovessel,2
segger_fly,2
moonhound,2
mota_synth,2
grotesque_mackerel,2
scaly-foot_snail,2
sapper_(peglin),2
tadpole_humanoid,2
caridina,2
rubber_ducky_isopod,2
crystal_red_shrimp,2
drive_armor,2
ice_pheonix,2
seahippo,2
lava_bat_(terraria),2
red_devil_(terraria),2
carver_hatcher_(hollow_knight),2
pullulu_(species),2
brouni,2
presa_canario,2
komodo_(doom),2
splats_(badnik),2
shutterbug_(badnik),2
dark_bat_(sonic),2
killer_bee_(sonic),2
orbinaut,2
dexdorugamon,2
brown_fish_owl,2
asher_dragon_(species),2
parba,2
sand_grub_(rain_world),2
harker_peregrine,2
bondbird,2
carakiller,2
energy_vampire,2
living_knife,2
omascul,2
cherry_humanoid,2
atom_humanoid,2
living_atom,2
hideous_mass,2
kowari,2
golden_greyhound,2
pawn_(species),2
asian_sheepshead_wrasse,2
oblex,2
hopkin's_rose,2
ortolan_(star_wars),2
luna_coven,2
tarasque_(abiotic_factor),2
narragancet_pacer,2
living_pizza,2
living_peanut,2
living_radish,2
lily_creature,2
carnivorous_plant_creature,2
tormentor_(destiny),2
dothganti,2
tepota,2
bi'in,2
vespenti,2
xaurip,2
mauswheel_(deltarune),2
sifara,2
archtelopod,2
dark_cornian_(maplestory),2
drukainosaur,2
discus_(fish),2
bichi_(furality),2
garakchagore,2
quenarr,2
starborn_quenarr,2
terra_quenarr,2
othulotherius,2
ashwalker,2
felaan_(sacred_trees),2
avion_(sacred_trees),2
lepidini_(sacred_trees),2
heavenhound,2
off-road_vehicle,2
off-roader,2
sousou_diao_(eggy_party),2
azula_beastman,2
dodorex,2
sabretooth_lynx,2
zoomer_(metroid),2
skree_(metroid),2
electro-dasher_(deltarune),2
meat_fairy,2
hudlum_(species),2
gloopie,2
mutadon,2
fire_cat_(warcraft),2
deer_puffle,2
hamis,2
hexian,2
bibliox,2
blue-and-yellow_tanager,2
gasosaurus,2
aerideon,2
clavis_(dragon_village),2
arrunian,2
mecha-beast,2
ignis_(monster_girl_profile),2
ambient_monkey,2
scort_(fadingsky),2
moon_ghost,2
sunflower_humanoid,2
sivarg,2
muripota,2
gatling_pea_turret_(pvz_fusion),2
rev_(dragon_village),2
ski'tarr,2
seelid,2
temnospondyl,2
pit_droid,2
k'da,2
flaxith,2
wockwurm,1
dragongirl,1
inaba,1
sandworm,1
murkstrider,1
piyo,1
senmurv,1
monkeygirl,1
seafox,1
plantgirl,1
enzyme,1
overlord,1
assapple,1
venus_weed,1
butt_worms,1
lulari,1
mordreg,1
moren,1
luren,1
shryne,1
vytherine,1
leafling,1
gylphid,1
sproutling,1
night_wolf,1
sahaugin,1
nerim,1
deep_human,1
sylvan_elf,1
quickling,1
nylpid,1
cuar,1
bighorn,1
man_bird_sloth,1
seamonkey,1
slithzerikai,1
bronze_parrot,1
jar_demon,1
mole_rat,1
weasels,1
usul,1
chigoe,1
gorloc,1
lupin,1
humanimal,1
insect_girl,1
feragator,1
razzashi_cobra,1
otyugh,1
cornbird,1
sabotender,1
swift_palomino,1
cockfairy,1
mewchu,1
hydrid,1
neoplants,1
shmoo,1
woodsprite,1
robot_scorpion,1
jello_fenra,1
lgd-09,1
urentian,1
short-eared_dog,1
yahoo,1
lesser_minotaur,1
mechanostrider,1
tardicaca_lake_shark,1
rüppell's_fox,1
entelexeia,1
tarka,1
felpurr,1
taiidani,1
seelie,1
red_ferus,1
metaling,1
storm_sworder,1
talus,1
beisa,1
sharks,1
marine_fenra,1
tiger_demon,1
fearless,1
froglok,1
dog_boy,1
lizar,1
zoanthrope,1
wallop,1
felis_erectus_si'itiae,1
shandera,1
five_lined_skink,1
callosciurus,1
pharoah_hound,1
sisters_of_edurneum,1
fat_bandit,1
caterchipillar,1
wanderer_(species),1
candycorn_shrimp,1
cagroo,1
moth_girl,1
ginger_vixen,1
dukemon,1
sandan,1
fanear,1
dardexian,1
vashta_nerada,1
armageddemon,1
higgie,1
hydrargyride,1
boneknapper,1
alaskan,1
octopus_(maplestory),1
volganos,1
gargant,1
monocerous,1
archan,1
swamp_wallaby,1
pandarian,1
anton,1
kleptolisk,1
surgebot,1
molgator,1
exodar,1
drill_wisp,1
spikes_wisp,1
waratah,1
gymnos,1
koikaru,1
mentalis,1
willcock,1
fraby,1
raigonetta,1
screamer,1
dustmite,1
magentacat,1
fire_bird,1
gyuun,1
junco,1
dahaki,1
giant_parasitic_armored_arachnid,1
pantheress,1
grandiskuwagamon,1
deckergreymon,1
fendras,1
duftmon_leopard_mode,1
hazardhound,1
caturamon,1
vikaralamon,1
kumbhiramon,1
mihiramon,1
majiramon,1
pajramon,1
gorerilla,1
ancientvolcamon,1
phoenixmon,1
shoutmon_x3gm,1
deckerdramon,1
raindeer,1
dagomon,1
kagu,1
chimeramon,1
cape_dog,1
orion_(monster_rancher),1
horn_(monster_rancher),1
deergirl,1
rats,1
cockle,1
archetype,1
half_vampire,1
plated_lizard,1
scuttlebot,1
latex_monster,1
toaster_head,1
titanosaurus,1
kuchi,1
chakawary,1
mecha-koopa,1
slurp_slurp,1
living_tombstone,1
screen_door_zombie,1
blue_lizard,1
kitsunetsuki,1
veneneon,1
wingeon,1
lizardeon,1
steameon,1
dustbunny,1
ebeeon,1
areneon,1
ironeon,1
petreon,1
maneon,1
eaglet,1
lama,1
hell_raven,1
j'rykhai,1
alil,1
birpent,1
armine,1
equinian,1
mow_(dmfa),1
cragmite,1
queenchessmon,1
cho_hakkaimon,1
skritch,1
nightwing,1
dudim_phreykunoutonthis,1
pearl_dragon,1
hellgrammite,1
hourse,1
anubian_jackel,1
chameleonmon,1
magidragon,1
cheron_native,1
daka,1
tentace,1
locian,1
monkeybird,1
clayman,1
slien,1
ropa,1
sasquatchanakwa,1
chancellor,1
bee_girl,1
white-beaked,1
pacific_white_sided,1
puff_adder,1
manexray,1
shadow_familiar,1
keeto,1
emerald_toucanet,1
bedmonster,1
vagary,1
memory_monk,1
swiss_white_shepherd,1
mais,1
holygreymon,1
frosslass,1
rhebuk,1
myna,1
shimmer-scale,1
energo-lioness,1
tautaun,1
blazel,1
bluethroat,1
cinnamon_sparrow,1
iago_sparrow,1
great_sparrow,1
blue-and-white_flycatcher,1
sudan_golden_sparrow,1
eurasian_skylark,1
dik_dik,1
tertwig,1
mugger_crocodile,1
sesheyan,1
bok,1
hua_po,1
albategna,1
zoza,1
nerter,1
garrnil,1
mirrash,1
tar-shun,1
reefclaw,1
ssylsin,1
unf'r_hulk,1
gobling,1
chachalaca,1
pistachu,1
chorizard,1
ohmes-raht,1
suthay,1
pyjak,1
hariboogu,1
fendik,1
qwuedeviv,1
jungle_fenra,1
bolognese,1
meowclops,1
tropical_bird,1
blue_lorikeet,1
furred_dragons,1
spitting_cobra,1
izard,1
longwing,1
regal_copper,1
xenospitter,1
herpling,1
face_monster,1
s'kytri,1
wirewolf,1
cheetahs,1
man_dog,1
kohdon,1
lycaean,1
akrabi,1
hound_dragon_(monster_rancher),1
jill_(monster_rancher),1
sea_slider,1
bullbo,1
careature,1
dwarfelle,1
spireon,1
infeon,1
runeon,1
brezeon,1
drobix,1
rhino_dragon,1
faverolles,1
french_hen,1
scorpion_girl,1
vulpian,1
femline,1
wood_sandpiper,1
green_sandpiper,1
buff-breasted_sandpiper,1
drin,1
mo'lepid-za,1
horror_(eternal_darkness),1
tenter_lion,1
tomias,1
snow_deer,1
giant_centipede,1
key_deer,1
fire_kitsune,1
onion_alien,1
coconutter,1
big_bully,1
patacat,1
sealmon,1
wheeflower,1
wonder_meow,1
thunder_chimera,1
nimon,1
tetsumon,1
woylena,1
whookerpop,1
capra_chloro,1
cubild,1
arash,1
mad_mole,1
quarray_eel_(mlp),1
stinger_(monster_rancher),1
sapient_pearwood,1
lycaon_pictus,1
spiroc,1
zoldoom,1
kroking,1
isz,1
mantaseal,1
breadfish,1
space-goat,1
knollspine_dragon,1
tamian,1
lutran,1
celinox,1
dar_elf,1
ryuugon,1
flit_(species),1
senkian,1
beebalm,1
yellow-cheeked_tit,1
sultan_tit,1
were_skunk,1
fedoe,1
sclie,1
canice,1
carvisan,1
troon,1
tsurube-otoshi,1
battlerex,1
pyrofox,1
monster_man,1
gruffon,1
bunski,1
ratlin_(species),1
rovan_(species),1
varkolyn_(species),1
ponya_(species),1
hacan,1
legendarypokemon,1
frost_draconian,1
mooncalf,1
ferlvidea,1
banbots,1
toy_dragon,1
gemini_(species),1
leopard_moth,1
galgo,1
jetmervamon,1
krotor,1
worthless_protoplasm,1
beast_wolf,1
ruin_dragon,1
sirian_werebull,1
lithogriff,1
warpig,1
white_walker,1
north_swedish_horse,1
vuplix,1
taffymonster,1
adamantine-lustre,1
dorado,1
dragon-wolf,1
zokinye,1
menreiki,1
munk,1
ta'gruta,1
bunzilla,1
hydral,1
jade_serpent_(species),1
amazaura,1
spirit_foxcat,1
hiver_(sots),1
ur-quan_(species),1
sullaginn,1
castorocauda,1
iguni,1
velocirex,1
shell_slime,1
altrusian,1
hamsters,1
slimette,1
shoulder_dragon,1
xotec,1
cha'kaari,1
druuge,1
catis,1
melonyancat,1
alces_(world_of_darkness),1
usara_(world_of_darkness),1
mastmot,1
fauxi_(species),1
awgwa_(species),1
candywolf,1
balefire_phoenix,1
catspider,1
space_orc,1
calvarian,1
minosaur,1
gekidou,1
thunder_demon,1
melonlofehatcat,1
penismelon,1
lizen,1
ladea,1
eye_goo,1
guardian_beast,1
tangduo,1
withe_tiger,1
wyvern_(dragon_quest),1
cobronicus,1
azul_dragon,1
blood_tongue_emeralds,1
mousian,1
galaxy_panther,1
cabbage_butterfly,1
harlequin_furgon,1
queen_pangdillo,1
gurdy_family,1
green_flower_dragon_casablanca,1
baryonyx_walkeri,1
lobisomem,1
blattidae,1
umberling,1
poogie,1
jammbonian,1
false_eyed_armolin,1
western_sergal,1
lylek,1
jell_(monster_rancher),1
mindsquito,1
vermillion_tipped_drake,1
aegisdramon,1
ophalian,1
fan_tail_armolin,1
lunar_dragoness,1
maiga,1
meteor_volcano_dragon,1
flask_robonoid,1
fenline,1
oriomote,1
satarian,1
sylphid_drake,1
fuzzdragon,1
darkrizegreymon,1
hurlock,1
threed,1
viu'krasota,1
vivillion,1
kheltiri,1
reefhound,1
lexiburr,1
sugar_ferret,1
deyuragua,1
chimera_(species),1
blitz_leopard,1
green_plesioth,1
desert_lumen,1
brown_tigrex,1
frankencroc,1
candibus,1
american_fuzzy_lop,1
cercaria,1
cocky_alien,1
arfo,1
shadhavar,1
devilish_chimera,1
northern_seodalis,1
common_seodalis,1
felicine,1
kokogiak,1
paradry_bones,1
vulpinal,1
agathion,1
guardinal,1
zagool,1
nagoursoth,1
dragon_snake,1
astranian,1
predator_hound,1
shinso_vampire,1
wolf_girl,1
snakomandra,1
sneetch,1
liamon,1
monmon_(digimon),1
skrell,1
jiggler_(species),1
shiny_riolu,1
blooper_(mario),1
crowmon,1
yakul,1
vagishroom,1
gnawer,1
pantherwoman,1
donskoy,1
centarumon,1
archidaes,1
mouthtail_fox,1
animus_duplicate,1
grindylow,1
armoured_croc,1
da-un,1
imentesh,1
darkky,1
soulace,1
gold_bey-dragon,1
aureignian_dragon,1
paradise_tree_snake,1
lemoen,1
balloon-blaster,1
dobble,1
night_lizard,1
shadow_dick,1
lucari,1
mahri,1
sugartouched,1
great_cormorant,1
carrion_(silent_hill),1
nipple_creature,1
warpwolf,1
tremere,1
beagles,1
parasight,1
zurumon,1
chaosgreymon,1
metaltyrannomon,1
chaosseadramon,1
ood,1
ekose,1
lightning_dragon,1
alien_vampire,1
water_wyvern,1
mechanized_soldier,1
spore_launcher,1
frost_nymph,1
shahdou,1
inuveneon,1
tar-azdha,1
tourma,1
nymkapheon,1
sibhuseon,1
duster_(species),1
humanid,1
nekogami,1
bunny_moth,1
bloodrin,1
enderfang,1
zafrii,1
rouke,1
syreen,1
shofixti,1
torusk,1
psiroller,1
kopian,1
great_grey_wolf,1
ruspoli's_turaco,1
dinafung,1
accolade_(bayonetta),1
everbeast,1
simius,1
mukat,1
baloth,1
gemigon,1
ploverlor,1
moosemon,1
leomon_x,1
valkyrimon,1
bekkin,1
elonian,1
ruby_macaw,1
black_dragonfish,1
xaman,1
feral_triangle,1
olkhid,1
eyegore,1
owlmon,1
serpion,1
fenchee,1
cartazonon,1
mechanized_anthro,1
splinterling,1
red_blood_cell,1
scp-307,1
zuree,1
masqueraider,1
civolin,1
shamanmon,1
bambino,1
kami_(magic:_the_gathering),1
virginia_tiger_moth,1
space_chup,1
displacer,1
petal_dragon,1
solanum_grasshopper,1
walktapus,1
space_meeble,1
vampire_spider,1
kagros,1
unicorn_girl,1
nipplepede,1
seeker_(x-com),1
specdra,1
orlan,1
goana,1
spiked_fun_guy,1
nova_(neopets),1
xorn,1
firamon,1
marpesia_furcula,1
xel'naga,1
kryptish,1
bird_creature,1
encantado,1
biter_(obscure),1
zeverothian,1
sikai_(species),1
venusian,1
shalebuck,1
pupruff,1
daikain,1
ferrekeet,1
me_me_bunny,1
oniron,1
scythe_kamaitachi,1
drayguana,1
zirkonian,1
aquamite_(species),1
synth_(species),1
sky_jackal,1
camaro_shepherd,1
mesosaurus,1
grogunarian,1
blue_doberman,1
prestosuchus,1
tindercat,1
renamon_(digimon),1
rain_deer,1
imoogi_(species),1
pairaka,1
aghash,1
kab_kannon,1
aevaeryx,1
fang_(final_fantasy),1
fenisect,1
gharian,1
wolheim_howler,1
delta_bulbasaur,1
stensioella_heintzi,1
sioliy,1
sidrian,1
cyber_raptor,1
crepitus,1
fragaria_monsterum,1
bazula_(monster_rancher),1
jungler_(monster_rancher),1
flamecrest,1
draw_tribe,1
mischief_(monster_rancher),1
suzurin_(monster_rancher),1
gitan_(monster_rancher),1
undine_(monster_rancher),1
octopee_(monster_rancher),1
jilt_(monster_rancher),1
janne_(monster_rancher),1
dryad_(monster_rancher),1
serenity_(monster_rancher),1
silhouette_(monster_rancher),1
nightflyer_(monster_rancher),1
sothian_(species),1
homing_thistle,1
ferious_(monster_rancher),1
hopper_(monster_rancher),1
ducken_(monster_rancher),1
piroro_(monster_rancher),1
durahan_(monster_rancher),1
pancho_(monster_rancher),1
phoenix_(monster_rancher),1
beaklon_(monster_rancher),1
joker_(monster_rancher),1
baku_(monster_rancher),1
xenon_(monster_rancher),1
falco_(monster_rancher),1
momo_(monster_rancher),1
tyrannosaurus_dominum,1
techno_dragon_(monster_rancher),1
grinkuine,1
combine_dropship,1
sfavic,1
chirolope,1
windbag,1
atrox_(species),1
genesaur,1
simurmon,1
shiryumon,1
haseepuss,1
zytch,1
chirinmon,1
malefic_red-eyes_black_dragon,1
cabal_devil,1
uniila,1
sinspawn,1
lustspawn,1
cursed_sapling,1
bongo_(species),1
embernestle,1
maftet,1
dead-wood_borer,1
iss,1
lygrol,1
betrien,1
tektite,1
atorimi,1
clamling_(species),1
marsh_tit,1
onnaiju,1
darkside_nightmare,1
lamkin,1
umgah,1
specbat_pony,1
yordel,1
komodogalionus,1
cephalo_(resident_evil),1
rockworm_(species),1
dark-eyed_junco,1
forlarren,1
mejiro,1
zerureusu,1
nymphalis,1
yumecantchi,1
kizunatchi,1
plutonian,1
homanoid,1
sugarflit,1
anthrosaurus,1
mirelurk_king,1
turquoise_reed_ruffler,1
supraa_hondo,1
roosquire,1
savrip,1
miho,1
shae_(pathfinder),1
eye_with_legs_(species),1
gyrm,1
gooble,1
japanese_red_fox,1
protozoan,1
white_dragonborn,1
stellen,1
lazairean,1
shunned_guy,1
horned_bush_viper,1
kixen,1
flat_faced_cat,1
fufa,1
fel_core_hound,1
spearguy,1
riptile,1
rockwraith,1
karayaburi,1
magisword,1
hotburple,1
thunderdrum,1
balloh,1
morio_worm,1
aepyornis,1
polar_wolf,1
fuck_dragon,1
anthro_cat,1
ice_charmeleon,1
scaly-breasted_lorikeet,1
green_acouchi,1
acouchi,1
javan_leopard,1
kaplan_hound,1
nimbus_(feralise),1
psychosis_vessel,1
noodl,1
barufaruku,1
cystelz,1
shalrath,1
jamaican_red_bat,1
karvarian,1
beenis,1
red_tip_siamese,1
wyvra,1
huscat,1
g-nightmare,1
scryhound,1
woolvern,1
homo_aquaticus,1
baleful_gigginox,1
dipster,1
draakhar,1
chocobotaur,1
snaptrapper,1
meteor_black_dragon,1
necroface,1
ichthyovenator,1
tharpod,1
blue_zephyr_falcon,1
galaxy-eyes_prime_photon_dragon,1
prism_tail,1
cloud_rat,1
guppy_(fish),1
gold_greenie,1
spike_blop,1
chesa,1
jellypus,1
remorhaz,1
magmalice,1
arasaduil,1
bennu_(final_fantasy),1
ballio,1
clark's_nutcracker,1
rufous_treepie,1
flind,1
chinn_dragon,1
saar_(twilight_imperium),1
rufous_hornbill,1
zirran,1
doezeon,1
coyote_girl,1
jade_golem,1
macropus,1
decorator_crab,1
japanese_flying_squid,1
sathar,1
bruxa,1
elephantgirl,1
amazin'_hammer_bro,1
cervie,1
glass_squid,1
fairy_basslet,1
majikirin,1
kortan,1
american_pika,1
feature_creep,1
scamp_(species),1
guardian_hieroglyph,1
gnarlid,1
nuri_(species),1
valkeri,1
jinnibakeneko,1
bioraptor,1
cherbil,1
christomon,1
daira_(species),1
nematomorph,1
cougarfox,1
agloolik,1
cinderwing,1
nulh,1
grimafoliis,1
malrop,1
thendra,1
khoriala,1
thrianta_rabbit,1
giragiratchi,1
rubytchi,1
grikuu,1
watcher_(species),1
g-hund,1
sugardragon_(species),1
duster_dragon,1
death_adder,1
wolfreez,1
sleeke,1
rakta,1
iciquill,1
wreckx,1
furion,1
alien_bird,1
pisanosaurus,1
lavee,1
lavare,1
alox,1
burukku,1
redgaurd,1
skullzter,1
grumpyre,1
hell_pierrot_(monster_rancher),1
salaikou,1
nightmare_imp_(doom),1
ramshorn_snail,1
mobian_hedgehog,1
class_one,1
dracanis,1
goblers,1
lubican,1
farfail,1
kebanzu,1
swallowtail_moth,1
eebit,1
balamant,1
ieroklif,1
chylgun,1
sharkofurs,1
fexel,1
rex_(telefang),1
typhon_anthrophantasmus_(species),1
typhon_cacoplasmus_(species),1
mikyuum,1
fieldfare,1
snow-shoe-cat,1
buzzer_(neopets),1
crarian,1
blibli_(wakfu),1
sparreon,1
okidoken,1
pizazzuma,1
fairy_shrimp,1
stick_mantis,1
european_dwarf_mantis,1
devil's_flower_mantis,1
giant_mantis_(mtg),1
highspire_mantis_(mtg),1
myr_(mtg),1
boom_fly,1
snakefly,1
wererottweiler,1
weremalamute,1
palaeolagus,1
mawg,1
ampar,1
amphalt,1
amprid,1
anerate,1
apiteddy,1
aromerita,1
serperilure,1
rockeon,1
inviseon,1
balloogoo,1
baulder,1
blockid,1
calume,1
carchirn,1
bouldereon,1
three-lined_potato_beetle,1
cow_killer,1
giant_mesquite_bug,1
augochlora_sweat_bee,1
flesh_fly,1
holly_borer_moth,1
ironclad_beetle,1
jerusalem_cricket,1
kudzu_bug,1
northern_paper_wasp,1
pelecinid_wasp,1
queen_butterfly,1
robber_fly,1
formic,1
formic_queen,1
puffer_whale,1
green_pheasant,1
fuzzie,1
pyokomon,1
tsaidamotherium,1
mimic_monster,1
black-necked_grebe,1
ommastrephidae,1
greater_yellow-headed_vulture,1
indian_vulture,1
lesser_yellow-headed_vulture,1
white-backed_vulture,1
slender-billed_vulture,1
carrion_crow,1
drakaina,1
altaroth,1
blongo,1
arusian,1
barbari_goat,1
warp_cauldron_(banjo-kazooie),1
diggit_(banjo-kazooie),1
jira'la_(species),1
parmadillo,1
black_flutterscotch,1
blue_flutterscotch,1
brown_flutterscotch,1
buzzenge,1
candary,1
chippopotamus,1
cluckles,1
eaglair,1
fourheads,1
galagoogoo,1
green_flutterscotch,1
jameleon,1
lackatoad,1
moozipan,1
mothdrop,1
orange_flutterscotch,1
pink_flutterscotch,1
pudgeon,1
purple_flutterscotch,1
rashberry,1
red_flutterscotch,1
reddhott,1
roario,1
salamango,1
shellybean,1
sour_bonboon,1
sour_crowla,1
sour_shellybean,1
swanana,1
white_flutterscotch,1
yellow_flutterscotch,1
zumbug,1
camello,1
vulchurro,1
dhoul,1
water_chevrotain,1
nembrotha_cristata,1
ostracod,1
rainbow_mabuya,1
tufted_pygmy_squirrel,1
lapidin,1
trumpet_manucode,1
queen_carola's_parotia,1
bolmane,1
zygaena_carniolica,1
squanch_(species),1
proborhyaena,1
lambiz,1
agra-nu-tagresh,1
chelidonura_hirundinina,1
psywurm,1
derphinx_(species),1
urchin_(mario),1
antillean_nighthawk,1
centaur-taur,1
humonoid,1
cum_golem,1
inktail_cat,1
eggling,1
wisp_in_a_bottle,1
infernya,1
feather_star_squat_lobster,1
myzostomida,1
ornate_ghost_pipefish,1
long-crested_eagle,1
crested_ibis,1
titanis,1
white-crested_black_polish_chicken,1
asian_stinging_catfish,1
sandzard,1
taurus_(fantasy_life),1
western_skink,1
gilbert's_skink,1
floof_drago,1
poniraptor,1
devil_ray,1
black-cheeked_lovebird,1
orange-breasted_falcon,1
white_bellied_caique,1
abomination_(species),1
snowflake_moray,1
dark_beast,1
thylacene,1
twisted_(parasite_eve),1
mozambique_girdled_lizard,1
satyrlin,1
blimp_yoshi,1
ship_yoshi,1
rippu,1
grey_goshawk,1
lasarian,1
tierian,1
puddlings,1
desert_pocket_mouse,1
riff_(my_singing_monsters),1
rainbow_bee-eater,1
small-toothed_palm_civet,1
aquatic_genet,1
fleshipede,1
tabby_gordo,1
qwamee,1
frog-ray,1
ethereal_(species),1
w'hrr,1
english_collie,1
anthurium_dragon,1
levities,1
river_nymph,1
sparkon,1
spawnling,1
nephelam,1
vhoul,1
sherm_(mario),1
blacksmith_plover,1
white_crowned_sparrow,1
tusoteuthis,1
celious_(monster_rancher),1
dragoon_(monster_rancher),1
stealth_dragon,1
kawan,1
flagaza,1
sablast,1
coolem,1
permafur,1
derfus,1
paregal,1
torsuri,1
bigbrute,1
disneyscalie,1
magnagarurumon,1
blaze_(species),1
dreko,1
cinnamon_teal,1
splinterwaif,1
daozi,1
infected_timberwolf,1
sushi_dragon,1
fyru,1
petricub,1
water_phoenix,1
bunyun,1
foodon_(species),1
flame_light_pony,1
jangsanbum,1
yaramayhawho,1
siamese_fireback,1
livolt,1
vylent,1
chrono_blob,1
time_monster,1
hairy-eared_dwarf_lemur,1
simii,1
ferrucutus_cerastes,1
cynosaur_(species),1
hapihapitchi,1
apocanymph,1
sydian,1
caapaw,1
caaprowl,1
lakelurk,1
normin_malakhim,1
puppet_nurse_(silent_hill),1
siam_(silent_hill),1
raw_shock_(silent_hill),1
doll_(silent_hill),1
mumbler_(silent_hill),1
chain_catshark,1
ancestor_(cod),1
valdani,1
khryll,1
dofelniir,1
armando,1
golden_monitor,1
lokomo,1
gerune_(spirit_tracks),1
phantom_guardian,1
club_moblin,1
ceremonial_troop,1
quadro_baba,1
baba_serpent,1
river_octorok,1
loser_ghosts,1
ariel_(mahou_tsukai_no_yome),1
trunk_people,1
ma'azu,1
beata_(monster_rancher),1
red_locust,1
chinese_warty_newt,1
thargoid,1
drej,1
supersaurus,1
direhorn,1
anchiceratops,1
poison_dragon,1
harrier_hawk,1
wuerhosaurus,1
tuojiangosaurus,1
neovenator,1
pantheron,1
bicornaclops,1
chozi,1
cervin,1
sei_whale,1
kanyura,1
tiliqua_rugosa,1
vernnim,1
snow_pokey,1
monstrosity_of_sin,1
man-grub,1
bargest_(monster_rancher),1
digimon_species,1
tianyulong,1
mei-long,1
dilong,1
agilisaurus,1
blixus,1
casnidaithian,1
foletrisha,1
spot_saurian_(monster_rancher),1
spectacled_cormorant,1
brown_swiss,1
leothin,1
golden_takin,1
bin-mon_sur,1
volbonan,1
acidomeous,1
djibb,1
snailit,1
lapinara,1
albino_namekian,1
weirdcorn,1
gromp_(herdy_gerdy),1
mitirihu,1
vulrora,1
zhanshi,1
mechanostrider_(species),1
wind_demon,1
nine_tail_fox,1
werecamel,1
serpent_rider,1
werejolteon,1
draenic_cat,1
drom_(species),1
parademon,1
byondi,1
sectatores_ad_solem_(species),1
brontosaur,1
kfor,1
boowolf,1
shadox,1
amircorn,1
terrorguard,1
umbrespeon,1
goren,1
palude_venkat,1
brozhsko,1
naaru,1
ga_(badnik),1
haunteon,1
grizzlybear,1
emperor_xenomorph,1
buggalo,1
zebra_dove,1
spawn_(quake),1
bookling,1
constellar_siat,1
ichthyoconodon,1
stalkoblin,1
batty_(kirby),1
urpney,1
turbofox,1
skum,1
quadrapus,1
fire_faerie,1
earth_faerie,1
royal_drakator,1
mundarda,1
red_slaad,1
jorri,1
kercpa,1
thanoi,1
loxo,1
ibixian,1
choldrith,1
charret,1
fenneak,1
necorrode,1
vormelta,1
phlogusnoa,1
foosa,1
hornicus,1
olog-hai,1
gullugg,1
hornoad,1
tsumuri,1
ursoi,1
watchlin,1
behegon,1
wax_dragon,1
pterafolk,1
east_african_wild_dog,1
spirit_guide,1
aerozard_(the-cog),1
grenwall,1
juvie_(gow),1
rhinoceros_snake,1
cervinae,1
shadow_beast_(dreamcreatures),1
seagile,1
pinchit,1
blechy,1
flame_lizard,1
female_plant,1
sackperson,1
polarchuck,1
hegelob,1
woebergine,1
moleworm_(don't_starve),1
snowbird_(don't_starve),1
dragonfly_(don't_starve),1
pika_humanoid,1
scorchen,1
vurk,1
je-stoff_drachen,1
muipa,1
saw-whet_owl,1
nakikabane,1
lightforged_worgen,1
candicorn,1
maidtchi,1
pandaphant,1
loiter_(end_roll),1
deliveryuu,1
darcover_flower,1
molluscoid_6,1
warden_(saints_row),1
reticulated_poison_frog,1
wereshadow,1
rukonee,1
dainabea,1
hi-vision_monitamon,1
hellion_(dauntless),1
kayan_river_slow_loris,1
steppe_eagle,1
phat_beet,1
hot_potato_(pvz),1
lightning_reed_(pvz),1
pepper_pult_(pvz),1
phat_beet_(pvz),1
spore_shroom_(pvz),1
bulltaur,1
anthrodog,1
crowncrab_(ficus),1
shielder_(species),1
haneei,1
shibirefugu,1
akua_(pokemon_gold_beta),1
gurotesu,1
para_(pokemon_gold_beta),1
nyorotono,1
mitsuboshi,1
gongu,1
kapoera-,1
poponeko,1
wataneko,1
bariri-na,1
norowara,1
shiza-su,1
purakkusu,1
urufuman,1
kingudora,1
teiru,1
enigmoid,1
umbrella_dee,1
plesiadapis,1
skimmer,1
chinese_goose,1
hornead,1
tropical_pewee,1
welcome_swallow,1
society_finch,1
kawaupaka,1
green_bee-eater,1
common_starling,1
club-winged_manakin,1
eurasian_spoonbill,1
slugsiren,1
buttlicker,1
tojin,1
birdgirl,1
worldshaper_dragon,1
glowsinger,1
sabaeus_monkey,1
tsu-heddo,1
sani-,1
kireihana,1
gifuto,1
yamikarasu,1
nyu-ra,1
panthara,1
nixiris,1
mexican_violetear,1
brown_inca,1
copper-rumped_hummingbird,1
fiery-throated_hummingbird,1
berylline_hummingbird,1
cum_wolf,1
v'karnian,1
ziggurab,1
christmas_beetle,1
avorans,1
yellow-headed_vulture,1
kaigu,1
koff,1
kestridis,1
vipyro,1
xulux,1
succuisk,1
octostriker,1
octozeppelin,1
octocommander,1
octoseeker,1
parasitic_wolf,1
forest_lumen,1
deepress,1
sauki,1
toumie,1
pegasoar,1
tephlare,1
esphlare,1
water_thief_(maplestory),1
ashered,1
boilake,1
aqweedra,1
ghostgirl,1
foppy,1
fobby,1
fuzzie_(fakemon),1
shrubur,1
ignerate,1
paralite,1
yudyg,1
despace,1
platinew,1
brawlick,1
hauntrixx,1
cyanice,1
volanor,1
leffyran,1
koopeleon,1
geist_(warcraft),1
firegg,1
ahkredon,1
yashinean,1
kachanusis,1
chariot_honkai_beast,1
oplogikas,1
platygue,1
turategon,1
rakudren,1
glaureus,1
odontate,1
typhang,1
champodin,1
gulflota,1
oshoradin,1
lepoprine,1
swashbeak,1
star_kid,1
pernese_dragon,1
servalor,1
gryphorca,1
tharasi,1
aurora_nocturnis,1
syrviq,1
goonite,1
aero-derg,1
crested_genet,1
cigau,1
specie:panda,1
ayam_cemani,1
yodsu_(species),1
aidmon,1
paso_fino,1
polycera,1
pachycrocuta,1
beta_noctowl,1
beta_igglybuff,1
nezshan,1
chimalgra,1
navagra,1
burrunan,1
striped_hog-nosed_skunk,1
pygmy_spotted_skunk,1
southern_spotted_skunk,1
little_tern,1
arizona_skunk,1
palawan_stink_badger,1
sunda_clouded_leopard,1
broad-striped_vontsira,1
bukharan_markhor,1
malagasy_leaf-nosed,1
langaha,1
killer_orca,1
crabeater_seal,1
huggle_(teripets),1
fenrir_(devil_children),1
white-headed_lemur,1
collared_brown_lemur,1
brown_mouse_lemur,1
eastern_falanouc,1
owston's_palm_civet,1
nigerien_giraffe,1
rothschild's_giraffe,1
angolan_giraffe,1
zergite,1
callimicos,1
steller's_sea_cow,1
troll_(discworld),1
nac_mac_feegle,1
angyalkae,1
salmonling,1
anthropornis,1
saturn's_sandworm,1
pallanoph,1
opakirin,1
prolibytherium,1
osteodontornis,1
xenosmilus,1
twin_dragon,1
tropiliad,1
giant_short-faced_hyena,1
chapalmalania,1
giant_lemur,1
megalibgwilia,1
onychonycteris,1
phoberomys,1
sloth_lemur,1
taeniolabis,1
well-nosed_dolphin,1
stermyn,1
aepycamelus,1
aegyptopithecus,1
ampelomeryx,1
archaeotherium,1
arctocyon,1
australodelphis,1
bathornis,1
borissiakia,1
bramatherium,1
coryphodon,1
dromornis,1
ergilornis,1
giant_swan,1
giraffa_jumae,1
hipparion,1
hyracodon,1
ischyromys,1
megacamelus,1
megacerops,1
mesocyon,1
nambaroo,1
nuralagus,1
palaeochiropteryx,1
palaeoloxodon,1
phenacodus,1
presbyornis,1
proailurus,1
protoceras,1
protylopus,1
ptilodus,1
sarkastodon,1
sinotherium,1
tokarahia,1
toxodon,1
zygophyseter,1
isisauriraptor,1
stegotetrabelodon,1
cuvieronius,1
primelephas,1
stegomastodon,1
murusraptor,1
koolasuchus,1
developer_dinosaur_(ds),1
european_tree_frog,1
schackhund,1
hapalodectid,1
brontotheriid,1
june_beetle,1
infernote,1
acheron_(homestuck),1
lavasquid,1
lich_queen_(homestuck),1
gray_heron,1
box_jellyfish,1
florida_softshell_turtle,1
death_slaad,1
spynum,1
atlas_beetle,1
langmon,1
t-rox,1
miniature_dachshund,1
anuraur,1
voranian,1
green_orchid_bee,1
frosthound,1
yurarin_boo,1
gunion,1
gubru_(uplift_universe),1
heilang,1
rifle_demon,1
shark_boy,1
wunsler,1
hainan_gymnure,1
anguiliian,1
dengu,1
tiger_pistol_shrimp,1
monster_hyena,1
ermehn,1
novian,1
mutant_sotoraggian,1
dimple_plant,1
pantophage,1
synthroid,1
vreedle,1
zaroffian,1
round_island_burrowing_boa,1
round_island_boa,1
monk_seal,1
hutia,1
desmarest's_hutia,1
desert_tortoise,1
saker_falcon,1
silver_pheasant,1
great_argus,1
mourning_cloak,1
dungeness_crab,1
helmeted_hornbill,1
zebra_longwing,1
knobbed_hornbill,1
standardwing,1
twelve-wired_bird-of-paradise,1
brown_eared_pheasant,1
gayal,1
asiatic_lion,1
brolga,1
fancy_mouse,1
siamese_crocodile,1
curlew,1
mexican_free-tailed_bat,1
brown_thrasher,1
hermit_thrush,1
wild_turkey,1
sri_lankan_junglefowl,1
common_goldeneye,1
baird's_tapir,1
apocanymphs_(species),1
fuath,1
yowie,1
huay_chivo,1
tallemaja,1
gashadokuro,1
sigbin,1
lusca,1
duende,1
headless_mule,1
xiuhcoatl,1
elwetritsch,1
chickcharney,1
uldra,1
diopsid,1
grig,1
fiji_mermaid,1
amikiri,1
mavka,1
lutin,1
ash_ghoul,1
nix-hound,1
bombardier_beetle,1
phase_spider,1
common_box_turtle,1
grass_carp,1
dwarf_pufferfish,1
marsh_frog,1
pyrenean_ibex,1
kentish_plover,1
pygmy_hog,1
american_shrew_mole,1
bearded_seal,1
potto,1
uakari,1
western_gorilla,1
hyooman,1
hector's_dolphin,1
marsupial_mole,1
polleni_cichlid,1
madagascar_rainbowfish,1
ghosr,1
setah,1
bogeymonster,1
hill_dwarf,1
dread_gnome,1
karkadann,1
monkfish,1
methamorph,1
air_genasi,1
night_hag,1
half-drow,1
death_dog,1
demilich,1
sarrukh,1
yochlol,1
clay_golem,1
planetar,1
babau,1
wood_woad,1
gelugon,1
fey'ri,1
neogi,1
giant_cockroach,1
pentataur,1
rapthund,1
hattifattener,1
speckled_pigeon,1
scalvaginal,1
dusk_elf,1
fody,1
grey_mouse_lemur,1
hissing_cockroach,1
painted_mantella,1
red_fody,1
cabot's_tragopan,1
giant_day_gecko,1
satantic_leaf-tailed_gecko,1
common_fody,1
red_cardinal_fody,1
malay_stink_badger,1
european_sivathere,1
horn-nosed_sivathere,1
sivathere,1
ancient_giraffid,1
african_sivatherium,1
asiatic_sivatherium,1
stag-horn_giraffid,1
lucerne_gold_collar,1
whitetailed_deer,1
gennery_(species),1
mukivoir,1
cabalos_(monster_rancher),1
daton_(monster_rancher),1
jagd_hound_(monster_rancher),1
terror_dog_(monster_rancher),1
tauntuan,1
flock_(species),1
strontian,1
ex_nihilii,1
moloid,1
makluan,1
gardener_(species),1
northern_shrike,1
squid_ii,1
northern_bald_ibis,1
christmas_frigatebird,1
chickcharnie,1
european_ram,1
mars_mecha,1
hopper_mecha,1
ring_laser_mecha,1
acorn_woodpecker,1
sooty_shearwater,1
red-billed_tropicbird,1
pied_oystercatcher,1
eastern_whip-poor-will,1
spinifex_pigeon,1
groove-billed_ani,1
prismatic_dragon,1
reng,1
sapearanifea,1
komodo_rhino,1
gushen,1
knysna_turaco,1
long-tailed_widowbird,1
weaverbird,1
chestnut_sparrow,1
blue-throated_bee-eater,1
grey_fantail,1
swallow_tanager,1
willie_wagtail,1
regent_bowerbird,1
skeleton_scarab,1
red-vented_bulbul,1
noisy_miner,1
great_curassow,1
towhee,1
red-whiskered_bulbul,1
paradise_tanager,1
rufous-crested_coquette,1
fish_owl,1
superb_starling,1
bare-necked_umbrellabird,1
turquoise-browed_motmot,1
blond-crested_woodpecker,1
black-hooded_oriole,1
black_phoebe,1
scarlet-chested_sunbird,1
brown_creeper,1
guira_cuckoo,1
naked_neck_chicken,1
pheasant_coucal,1
flammulated_owl,1
king_quail,1
pink_robin,1
american_dipper,1
palawan_peacock-pheasant,1
star_finch,1
oilbird,1
island_scrub_jay,1
black-capped_parakeet,1
devil_dog_(spyro),1
tooka,1
two-barred_crossbill,1
pied_falconet,1
guianan_trogon,1
wattled_jacana,1
field_sparrow,1
southern_screamer,1
squirrel_cuckoo,1
black_baza,1
amazonian_royal_flycatcher,1
red-capped_manakin,1
horned_lark,1
cinnamon_ground_dove,1
plumbeous_water_redstart,1
white-crested_laughingthrush,1
auklet,1
whiskered_auklet,1
black-backed_woodpecker,1
little_kingfisher,1
scale-crested_pygmy_tyrant,1
horned_grebe,1
rufous-necked_hornbill,1
spotted_shag,1
horned_screamer,1
magnificent_riflebird,1
riflebird,1
waved_albatross,1
blue_manakin,1
bahama_pintail,1
baikal_teal,1
smew,1
surf_scoter,1
torrent_duck,1
lucifer_hummingbird,1
miner_(bird),1
greater_antillean_grackle,1
spindalis,1
western_spindalis,1
common_chiffchaff,1
leaf_warbler,1
yellow-vented_bulbul,1
tui_(bird),1
silver-eared_mesia,1
short-tailed_nighthawk,1
chestnut-eared_aracari,1
spix's_guan,1
cobalt-winged_parakeet,1
plum-throated_cotinga,1
chestnut-headed_oropendola,1
oropendola,1
jabiru,1
yellow-headed_caracara,1
living_feces,1
phascogale,1
tesscoga,1
outer_god,1
scorpionfly,1
unicorn_katydid,1
varied_carpet_beetle,1
wheel_bug,1
tricolor_hognose,1
spotted_catbird,1
southern_boobook,1
lewin's_honeyeater,1
orange-footed_scrubfowl,1
purple_glossy_starling,1
little_hermit,1
double-toothed_kite,1
rufescent_tiger_heron,1
crested_partridge,1
ryukyu_wood_pigeon,1
mariana_fruit_dove,1
javan_lapwing,1
noisy_friarbird,1
tropical_screech_owl,1
eastern_yellow_robin,1
black_hawk_(sonic),1
dracorex_(species),1
trixie_(species),1
evangelizard,1
kleptoreptile,1
blood_fluke,1
leviathan_melvillei,1
mexican_grizzly_bear,1
greater_honeyguide,1
crowned_hornbill,1
river_martin,1
white-eyed_river_martin,1
blue_pigeon,1
mauritius_blue_pigeon,1
short-toed_treecreeper,1
varied_thrush,1
seychelles_paradise_flycatcher,1
wooly_shambler,1
tora_(species),1
stitchbird,1
trumpeter_hornbill,1
pomarine_skua,1
black_tern,1
winter_wren,1
beaudouin's_snake_eagle,1
golden-crowned_kinglet,1
old_world_warbler,1
blue-grey_gnatcatcher,1
gnatcatcher,1
thrasher_(bird),1
common_hill_myna,1
pennant-winged_nightjar,1
silky-flycatcher,1
prothonotary_warbler,1
greater_racket-tailed_drongo,1
crimson-collared_grosbeak,1
indian_runner_duck,1
common_redpoll,1
phalarope,1
red_phalarope,1
black_guillemot,1
guillemot,1
green-winged_teal,1
rusty_blackbird,1
red_crossbill,1
spot-bellied_eagle-owl,1
space_swine,1
hurriedcane,1
coastal_dragon,1
mamushi,1
lion-tailed_macaque,1
chirin_(mlp),1
anak_(final_fantasy_xv),1
anak_stag,1
murrelet,1
drakin,1
marbled_murrelet,1
bush_stone-curlew,1
stone-curlew,1
eurasian_wryneck,1
wryneck_(bird),1
modern_vernid,1
javan_trogon,1
elegant_trogon,1
red-spotted_purple,1
emerald_swallowtail,1
red_brocket,1
lechwe,1
santoho,1
yuthief,1
yellow-hooded_blackbird,1
kunskard,1
scalon,1
ghost_ant,1
rose_weevil,1
peruvian_leaf_katydid,1
broad-winged_katydid,1
zebra_katydid,1
fork-marked_lemur,1
hawkmoth,1
hercules_moth,1
red-banded_hairstreak,1
black_hairstreak_(butterfly),1
ruby_tiger_moth,1
eastern_tailed-blue,1
giant_prickly_stick_insect,1
velleda_lappet_moth,1
lappet_moth,1
blood-vein_moth,1
chionarctia_nivea,1
regal_moth,1
copiopteryx_derceto,1
heermann's_gull,1
belcher's_gull,1
isegun,1
laughing_gull,1
mediterranean_gull,1
snowy_geometer,1
humpback_dolphin,1
bates's_pygmy_antelope,1
chinese_serow,1
dwarf_brocket,1
thorold's_deer,1
yellow-backed_duiker,1
mogui,1
nym_(tanglewood),1
veknoid,1
er'kit,1
western_dragons,1
tropical_wiggler,1
omega_(pokemon),1
wereliger,1
forest_folk,1
malayan_porcupine,1
magnette_renamon,1
dibbler,1
bubblainian,1
zenith_tigrex,1
hokkaido_squirrel,1
three-eye_(one_piece),1
kurahk,1
ratling_(legend_of_grimrock),1
limeocerous,1
sour_limeocerous,1
hoghurt,1
amynodontid,1
hyrachyus,1
metamynodon,1
teleoceras,1
trigonias,1
hyrachyid,1
sulawesi_stripe-faced_fruit_bat,1
phyllostomid,1
meganeura,1
dorugreymon_taur,1
pheromoo,1
peters's_dwarf_epauletted_fruit_bat,1
pokura,1
epomophorine,1
moon=millenniummon,1
bramon,1
charismon,1
dressmon,1
entermon,1
globemon,1
roamon,1
weathermon,1
spilocuscus,1
predatory_tunicate,1
barbourofelis,1
alexeyisaurus,1
elken_(species),1
gun_beetle,1
red-breasted_sapsucker,1
werecamelid,1
weremacropodid,1
tek_raptor,1
liquid_metal_slime,1
dinosauriforme,1
archaeoceti,1
alvarezsaurus,1
alvarezsaurid,1
grlor,1
dreamon_(whygena),1
niffler_(species),1
ianthasaurus,1
dinofelis,1
peckpocket,1
chinese_ferret-badger,1
komodo_dragon_taur,1
hesperocyonine,1
japanese_weasel,1
nevi_(gravity_rush),1
suina_humanoid,1
capreoline_humanoid,1
tragulid,1
arctocyonid,1
sphaerotholus_goodwini,1
sphaerotholus,1
coryphodontid,1
toxodontid,1
oxyaenid,1
striped_possum,1
tanystropheus_longobardicus,1
cuvier's_gazelle,1
cape_grysbok,1
sharpe's_grysbok,1
wild_goat,1
chinkara,1
midnight_marten,1
harlequeen,1
cruelhardy,1
hissbegotten,1
hisscreant,1
bweehorse,1
aligorn,1
southern_reedbuck,1
natal_duiker,1
mountain_reedbuck,1
suni_antelope,1
hirola,1
soemmerring's_gazelle,1
beira,1
common_duiker,1
philantomba,1
silver_dik-dik,1
bubal_hartebeest,1
coke's_hartebeest,1
lichtenstein's_hartebeest,1
red_hartebeest,1
blue_duiker,1
nekoi,1
black-faced_impala,1
xenoceratops_foremostensis,1
rubeosaurus_ovatus,1
tylosaurus_proriger,1
cretoxyrhina_mantelli,1
loopur,1
dismemper,1
javan_tiger,1
himalayan_goral,1
alpine_chamois,1
dark_thorn,1
european_mouflon,1
seismosaurus,1
yan_(final_fantasy),1
rose-fronted_parakeet,1
ochre-marked_parakeet,1
dusky-headed_parakeet,1
blue-crowned_parakeet,1
painted_parakeet,1
crimson-bellied_parakeet,1
long-billed_corella,1
clun_forest_sheep,1
hampshire_down,1
herdwick,1
hill_radnor,1
oxford_down,1
north-african_hedgehog,1
south-african_hedgehog,1
northern_white-breasted_hedgehog,1
southern_white-breasted_hedgehog,1
amur_hedgehog,1
collared_hedgehog,1
daurian_hedgehog,1
hugh's_hedgehog,1
indian_hedgehog,1
madras_hedgehog,1
pumpkin_ghost,1
polar_beartaur,1
moving_bar,1
shropshire_sheep,1
changthangi,1
navajo-churro,1
erismon,1
corriedale,1
crittendenceratops_krzyzanowskii,1
chrysocora,1
mint_dragon,1
east_friesian_sheep,1
damara_sheep,1
parasol_beauty,1
kapanda_kou'i,1
radien,1
poggeron,1
suina_taur,1
long-beaked_common_dolphin,1
ochre_sea_star,1
runk,1
ballom,1
bismarck_masked_flying_fox,1
khanid,1
pietrain_pig,1
fennec_taur,1
purple_carbuncle,1
drague_(species),1
omututchi,1
futabatchi,1
stilioforms,1
fila_brasileiro,1
skewer_(mario),1
owoth,1
weretaur,1
peewee_piranha,1
lunatick,1
sizzard,1
frizzard,1
boss_troll,1
frou-frou_(dragon_quest),1
catanuki,1
majik_lapin,1
cyber_yog,1
keeba_tiger,1
web_crawler_(goosebumps),1
furnis,1
hyperanemon,1
crimson_sunbird,1
thirteen-lined_ground_squirrel,1
mongolian_wild_ass,1
russian_heavy_draft_horse,1
vladimir_heavy_draft_horse,1
conkuistador,1
mummy_boy,1
giant_girdled_lizard,1
turquoise_monitor,1
reddish-spotted_mycena,1
mycenacean,1
golden_jelly_fungus,1
orange_mushroom_(maplestory),1
porcelain_fungus,1
keronpa_ball,1
splatypunk,1
parasite_paracide,1
flip-flop_folk,1
tick_humanoid,1
deathstalker_dragon,1
girtablilu_(la-mulana),1
ornamental_spider,1
gooty_sapphire,1
weretarantula,1
antilles_pinktoe_tarantula,1
pinktoe_tarantula,1
hawaiian_happy-face_spider,1
arabian_leopard,1
bent's_mastigure,1
common_black_scorpion,1
nebo_(scorpion),1
dust_mite,1
pyroglyphid,1
recluse_spider,1
european_black_widow,1
redback_spider,1
flat_rock_scorpion,1
hemiscorpiid,1
zebra_spider,1
atracid,1
brown_recluse,1
pine_marten_humanoid,1
dustflier,1
rapid_thruster,1
alcremisch,1
grass_ogre,1
awni,1
karvaur,1
flexian,1
fluffin,1
thunder_unicorn,1
horseshoe_crab_humanoid,1
spanish_imperial_eagle,1
verreaux's_eagle,1
short-toed_snake_eagle,1
broad-winged_hawk,1
crested_owl,1
trogonid_humanoid,1
giant_pelican_(ff),1
pink-backed_pelican,1
bald_ibis,1
threskiornis,1
black-headed_ibis,1
bare-throated_tiger_heron,1
boatbill,1
falconet,1
dove_humanoid,1
hawk_humanoid,1
pokfusa,1
guan_(bird),1
scrubfowl,1
old_world_quail,1
white-tailed_ptarmigan,1
green_peafowl,1
pochard,1
common_merganser,1
red-breasted_merganser,1
magend,1
lazuli_bunting,1
snipe_(bird),1
chromox,1
woodswallow,1
bycanistes,1
lophoceros,1
ship_humanoid,1
dipper_(bird),1
octobomber,1
gadfly_petrel,1
jelly_fungus,1
grubb,1
monstrap,1
huia_(bird),1
wregale_(species),1
ant_trooper,1
choco_toucan,1
chinese_giant_salamander,1
eastern_newt,1
coastal_giant_salamander,1
red_salamander,1
void_salamander,1
yellow-striped_caecilian,1
asian_caecilian,1
flopper_slug_(slugterra),1
silver-haired_bat,1
fig_parrot,1
kākāriki,1
burrowing_parrot,1
meyer's_parrot,1
baudin's_black_cockatoo,1
tanimbar_corella,1
lear's_macaw,1
shining_bronze-cuckoo,1
ostraciid,1
snipefish,1
tatari,1
tatarun,1
bibron's_thick-toed_gecko,1
five-lined_mabuya,1
galapagos_land_iguana,1
sea_krait,1
cape_cobra,1
sharp-nosed_viper,1
map_turtle,1
rough-scaled_python,1
symphony_master,1
spiderchest,1
creeper_(kingdom_hearts),1
kintamani_dog,1
african_puff_adder,1
molossus_(dog),1
tornjak,1
affenpinscher,1
standard_schnauzer,1
aberrant_tang,1
hamiltonstovare,1
nitpicker_(ice_climber),1
tsang_apso,1
brussels_griffon,1
fury_(devil_may_cry),1
nue_(multiple.wounds),1
basan,1
anchor_raider,1
numbat_humanoid,1
deomyine,1
maned_rat,1
wiskra,1
muskuff,1
efreet_(mtg),1
darlok,1
pigron,1
wildebeest_humanoid,1
vyriix,1
am-ian,1
viscacha_humanoid,1
dormouse_humanoid,1
broodmother_(species),1
arabian_cat_snake,1
cassowary_taur,1
emu_taur,1
hippogryph_taur,1
vhozon,1
gampr,1
gaddi_kutta,1
karakachan,1
menacing_ruin,1
volcano_plant,1
giant_penguin,1
new_zealand_giant_penguin,1
oriental_stork,1
occamy_(fantastic_beasts),1
egyurasu,1
toridcless,1
gasurabazura,1
conga_(mh),1
slicemargl,1
popo_(tloz),1
popo_(mh),1
gastodon,1
cettiid_warbler,1
japanese_bush_warbler,1
warbler_humanoid,1
clouded_leopard_humanoid,1
sealina,1
snow_sheep,1
bergman's_bear,1
tyghateek,1
gnaar,1
kidden,1
kindichi,1
mythical_fakemon,1
furbaitem,1
candelavra,1
western_lowland_gorilla,1
treepie,1
nutcracker_(bird),1
tufted_jay,1
azure-naped_jay,1
sri_lanka_blue_magpie,1
dendrocitta,1
jay_humanoid,1
blue_jay_humanoid,1
white-throated_bushtit,1
carolina_chickadee,1
sumatran_rhinoceros_humanoid,1
common_wombat,1
lamprey_mermaid,1
lamprey_humanoid,1
husky_humanoid,1
dust-munnie,1
cheetath,1
arachubus,1
lunge_fish,1
venzuelan_poodle_moth,1
rooksy,1
eldritch_creature,1
common_bottlenose_dolphin,1
siberian_crane,1
sarus_crane,1
wattled_crane,1
hooded_crane,1
gigas_(xenosaga),1
rooster-moose,1
oktigi,1
qrourp,1
elum,1
taotie_queen,1
galbel,1
tasslepossum,1
obachan_(kirby),1
toppy_(kirby),1
lutrine_taur,1
mystics,1
landstrider_(dark_crystal),1
venomthrope,1
wallaby_taur,1
krochead,1
charrogg_(dauntless),1
husum_red_pied,1
göttingen_minipig,1
choctaw_hog,1
ossabaw_island_hog,1
nayzaga_(dauntless),1
foxtail_(pvz),1
poppin'_poppies,1
grow-shroom,1
bananya_(species),1
newfie,1
azahund,1
variable_bush_viper,1
feathered_humanoid,1
qhat,1
quilldog,1
exocrine,1
formian,1
oxis-gomb,1
amp_(mario),1
demostic_cat,1
porcupo,1
cybork,1
slow_worm,1
ganchan,1
chikako,1
tamao_(mario),1
chicken_(mario),1
mekabon,1
tokotoko,1
fly_(mario),1
bunbun_(mario),1
blooper_nanny,1
dino-torch,1
fighter_fly,1
shellcreeper,1
tail_goomba,1
animal_dragon,1
lowchen,1
eudromaeosaurian,1
protectobots,1
terrorcons,1
luminid,1
burst_wisp,1
crimson_wisp,1
leferran,1
catta,1
crested_anole,1
mediterranean_jelly,1
bow-wow,1
kumo_(mario),1
torion,1
greater_egyptian_jerboa,1
colossal_koopa_paratroopa,1
missile_bill,1
durandoo,1
volatile_mosskin,1
obble,1
oncilla_humanoid,1
bronze_parotia,1
ribbon-tailed_astrapia,1
princess_stephanie's_astrapia,1
lesser_lophorina,1
crescent-caped_lophorina,1
red_bird-of-paradise,1
heavy_para-beetle,1
jelectro,1
jumping_pumpkin_plant,1
para-goomba_(super_mario_world),1
para-goomba_(mario_clash),1
tonguebear,1
hermit_crab_humanoid,1
dolly_varden_crab,1
bombshell_koopa,1
pernine,1
metroid_hatcher,1
dorarizin,1
karnakian,1
unenlagia,1
bornean_orangutan,1
saki_monkey,1
brown_woolly_monkey,1
goeldi's_marmoset,1
golden-headed_lion_tamarin,1
superagui_lion_tamarin,1
aerialbots,1
eggplant_man,1
dripple,1
a-164_wipeout,1
peezgal,1
sever_(pokemon_quartz),1
beta_tyrogue,1
octopod,1
moonbug_(species),1
toxicrene,1
memory_thief_(fvt),1
cluffewing,1
dewzel,1
sun_shark,1
acid_whip,1
avatar_of_change,1
qingling_panda,1
pogeyan,1
aotento,1
marrun,1
bu-bu,1
ginpe,1
hariisen,1
kyacchaa,1
takkon,1
uutsubo,1
newfu,1
waller's_gazelle,1
spiky_parabuzzy,1
archilles,1
gellin,1
yatagaryu,1
capsule_j,1
tree_(species),1
crawler_(the_descent),1
crested_sprinter,1
behemoth_(kingdom_hearts),1
mushling,1
icelyn,1
reptrill,1
zwartbles,1
woodland_dormouse,1
hexadragon,1
nebulian,1
xiesayo,1
karkian,1
chaetodipus,1
ord's_kangaroo_rat,1
black-feathered_avian,1
mythological_ziz,1
vodnyy_fox,1
veenox_7_monster,1
mahendo'sat,1
kora_(subeta),1
jungle_fuzzy,1
frostburn_dragon,1
ittan-momen,1
pillow_creature,1
indian_eagle-owl,1
hedsentale,1
pherian,1
emballonurid,1
alaskan_bull_worm,1
strollin'_stu,1
blipsqueak,1
brump,1
dwumrohl,1
poewk,1
zynth,1
belenosian,1
amazonian_bumblebeeperson,1
siestar_fish,1
wild_idler,1
mooshock,1
shiriman,1
birdhouse_(pokemon_clover),1
cannonance,1
davyjaws,1
mennopaws,1
ricosuave,1
bolivian_hairless_dog,1
scups,1
fung_pray,1
kazilleon,1
incarnate_(divinity),1
cyan_abyss_entity,1
masdawg,1
bongecko,1
chasumo,1
cirpent,1
embortion,1
juarecito,1
chantruth,1
sapleaf,1
ignut,1
torrt,1
plixie,1
arackulele,1
schmoochle,1
tring_(my_singing_monsters),1
rare_quarrister,1
rare_tweedle,1
kemono_mimi,1
octai,1
snooza_koopa,1
stogg,1
bisonorus,1
incisaur,1
pakka_(species),1
hornbill_taur,1
combat_drone,1
leviathan_(mass_effect),1
ectopus,1
aquatic_dragon_taur,1
tuatara_taur,1
ceratopsian_taur,1
stegosaurian_taur,1
ankylosaurian_taur,1
utahraptor_taur,1
shellslop,1
turthole,1
deer_(pokemon_red_and_green_beta),1
silence_(doctor_who),1
leapord_slug,1
mained_wolf,1
magna_guard,1
lohrke,1
mapusaurus,1
marionettl,1
xenotherium_myrmex,1
alien_ant_beast,1
chinese_fire_belly_newt,1
draakhonen,1
spider_ball_python,1
yokkis_(chaotic),1
varterral,1
strider_(dragon_age),1
slyggian,1
toomeyan,1
bellatrixian,1
g'newtian,1
varvan,1
graxosian,1
ungaran,1
manhunter,1
grendan,1
dryad_(dc),1
h'lvenite,1
faoladh,1
adaro,1
ijiraq,1
doggonightmon,1
marmoset_humanoid,1
taipan_humanoid,1
lophorina_humanoid,1
science_parasite,1
brain_(brain_powerd),1
featherknight,1
megalocerataur,1
airsac_catfish,1
vamp_mosquito,1
chernobue_qlippoth,1
qlippoth,1
schistosome,1
electrictype,1
olethros_psychopomp,1
feldrange,1
void_yai,1
jaguar_lord,1
astradaemon,1
adamantine_golem,1
akata_(species),1
worm_that_walks,1
gigantamax_sandaconda,1
red-fan_parrot,1
blue-headed_parrot,1
blanfords_fox,1
zither_(monster_hunter),1
zither_(species),1
stoatic,1
barbamon,1
pacific_saury,1
saury,1
mackerel_pike,1
gazer_(monster_girl_encyclopedia),1
aepyornithid,1
dosa_mastiff,1
russian_spaniel,1
telomian,1
mudhol_hound,1
catalburun,1
santal_hound,1
pumi,1
wirehaired_vizsla,1
corb_shepherd,1
lagotto_romagnolo,1
chilean_terrier,1
havanese,1
fox_paulistinha,1
colombian_fino_hound,1
argentine_pila,1
magellan_sheepdog,1
bolivian_khala,1
cimarron_uruguayo,1
dogo_guatemalteco,1
black_and_tan_coonhound,1
treeing_walker_coonhound,1
cape_shore_water_dog,1
blue_tick_coonhound,1
american_staghound,1
tyrolean_hound,1
buhund,1
halden_hound,1
portuguese_sheepdog,1
coton_de_tulear,1
bosnian_hound,1
bully_kutta,1
turkmen_tazi,1
finnish_hound,1
prague_ratter,1
cesky_terrier,1
sapsaree,1
polish_hound,1
braque_francais,1
griffon_vendeen,1
bouvier_des_ardennes,1
bouvier_des_flandres,1
canary_mastiff,1
cirneco_dell'etna,1
spinone_italiano,1
andalusian_hound,1
podengo_grande,1
podenco_canario,1
ariegeois,1
petit_basset_griffon_vendeen,1
swiss_hound,1
small_swiss_hound,1
laekenois,1
korthals_griffon,1
grande_blue_de_gascogne,1
bull_arab,1
maasai_dog,1
rajapalayam,1
russell_terrier,1
tenterfield_terrier,1
australian_staghound,1
stumpy_tail_cattledog,1
boz_shepherd,1
singapore_special,1
filipino_askal,1
indog,1
chippiparai,1
kombai,1
magyar_agar,1
chart_polski,1
nippon_terrier,1
smaland_hound,1
drever,1
polish_lowland_sheepdog,1
danish_pointer,1
broholmer,1
schapendoes,1
jagdterrier,1
red_and_white_setter,1
red_&_white_setter,1
kerry_beagle,1
manchester_terrier,1
basset_artesien_normand,1
griffon_nivernais,1
basset_fauve_de_bretagne,1
artois_hound,1
kromfohrlander,1
wetterhoun,1
picardy_spaniel,1
lancashire_heeler,1
norwich_terrier,1
brittany_(dog),1
podengo_pequeno,1
pachon_navarro,1
africanis,1
alpenlandische_dachsbracke,1
pine_tree_mary,1
ermenti_dog,1
fangtooth_fish,1
marine_hatchetfish,1
nautilus_(animal),1
pelican_gulper,1
umbrella-mouth_gulper,1
deep-sea_hatchetfish,1
staghound,1
australian_silky_terrier,1
gastornis_gigantea,1
cygnus_falconeri,1
suinan,1
sundathere,1
prototherian,1
thelodont,1
galeaspid,1
halecomorph,1
cladistian,1
brontothere,1
equoid,1
tylopod,1
creodont,1
bowfin,1
parareptile,1
placodont,1
claudiosaurus,1
longisquama,1
protosaur,1
seymouriamorph,1
elopomorph,1
pachycormiform,1
ginglymodian,1
dipnomorph,1
alvarezsaur,1
eryopid,1
captorhinid,1
notoungulate,1
lipotyphlan,1
pantestudinian,1
chondrostean,1
ophiacodontid,1
eucanodont,1
primatomorph,1
gliriform,1
pistosauroid,1
litoptern,1
erythrosuchid,1
aetosaur,1
phytosaur,1
vancleavea,1
drepanosaurid,1
biarmosuchian,1
thalattosaur,1
ichthyosauriform,1
afroinsectiphilian,1
ruminantiamorph,1
mesonychian,1
pholidotamorph,1
arthrodire,1
therocephalian,1
saurosphargid,1
menaspid,1
chimaeriform,1
iniopterygiform,1
neoselachian,1
symmoriid,1
xenacanthid,1
eugeneodontid,1
hybodontiform,1
anaspid,1
osteostracan,1
rhenanid,1
cynognathian,1
tritylodontid,1
antiarch,1
gobiconodont,1
oviraptorosaur,1
confuciusornithid,1
hesperornithine,1
anthracosaur,1
crassigyrinus,1
silesaurid,1
tethysuchian,1
aegyptosuchid,1
thalattosuchian,1
rauisuchid,1
poposauroid,1
rhynchosaur,1
hupehsuchian,1
neoteleost,1
otocephalan,1
rhizodont,1
osteoglossomorph,1
ichthyodectiform,1
lepospondyl,1
aspidorhynchiform,1
diadectomorph,1
pycnodontiform,1
anthro_cow,1
siren_monster,1
gimard,1
doomsay,1
kha-nyou,1
common_gundi,1
diatomyid,1
african_brush-tailed_porcupine,1
plains_pocket_gopher,1
sewellel,1
aplodontiid,1
azara's_agouti,1
dinomyid,1
brazilian_guinea_pig,1
cane_rat,1
greater_cane_rat,1
abrocomid,1
machu_picchu_arboreal_chinchilla_rat,1
dassie_rat,1
petromurid,1
bathyergid,1
northern_luzon_cloud_rat,1
rattin,1
paucidentomys_vermidax,1
hydromyin,1
otomyin,1
bush_vlei_rat,1
typical_striped_grass_mouse,1
arvicanthin,1
okinawa_spiny_rat,1
montane_fish-eating_rat,1
sigmodontine,1
cairo_spiny_mouse,1
fat_sand_rat,1
northern_collared_lemming,1
european_hamster,1
neotomine,1
african_pygmy_mouse,1
african_wading_rat,1
praomyin,1
tylomyine,1
peters's_climbing_rat,1
tuco-tuco,1
crested_rat,1
chinese_pygmy_dormouse,1
tiny_tuco-tuco,1
long-tailed_chinchilla,1
dipodoid,1
south_african_springhare,1
anomalure,1
lord_derby's_anomalure,1
zagros_mountains_mouse-like_hamster,1
calomyscid,1
spalacid,1
lesser_mole-rat,1
red-crested_tree_rat,1
platacanthomyid,1
echimyid,1
votsotsa,1
nesomyid,1
worm-eating_few-toothed_mouse,1
lord_derby's_scaly-tailed_squirrel,1
white-faced_hornet,1
white-tailed_hornet,1
spruce_wasp,1
blackjacket,1
bull_wasp,1
madagascar_fody,1
yellow_crowned_heron,1
goliath_heron,1
frog_(toad),1
moneybags_(mario),1
mogall,1
araneomorph_humanoid,1
black_widow_spider_humanoid,1
theridiid_humanoid,1
widow_spider_humanoid,1
gigantamax_gengar,1
mannikel,1
european_scops_owl,1
south_asian_river_dolphin,1
la_plata_dolphin,1
pygmy_sperm_whale,1
cuvier's_beaked_whale,1
four-toed_tegu,1
sudan_plated_lizard,1
western_plated_lizard,1
great_plated_lizard,1
rough-scaled_plated_lizard,1
desert_night_lizard,1
amazon_lava_lizard,1
sonoran_leaf-toed_gecko,1
spotted_amphisbaena,1
amphisbaenian,1
tree_goanna,1
smooth_helmeted_iguana,1
helmeted_iguana,1
helmeted_basilisk,1
knob-scaled_lizard,1
elegant_helmeted_lizard,1
mountain_boomer,1
slender_lizard,1
thin_lizard,1
jewel_lizard,1
leiosaurid,1
collared_iguanid_lizard,1
collared_iguana,1
common_slowworm,1
long-cripple,1
madagascan_collared_iguana,1
cuvier's_madagascar_swift,1
mexican_python,1
mexican_burrowing_python,1
mexican_burrowing_snake,1
mountain_pipe_snake,1
kinabalu_giant_blind_snake,1
bornean_spine-jawed_snake,1
asian_rock_python,1
common_pipe_snake,1
red-tailed_pipe_snake,1
red_cylinder_snake,1
night_snake,1
aurora_snake,1
aurora_house_snake,1
javan_file_snake,1
european_asp,1
aspic_viper,1
javan_mudsnake,1
rough-backed_litter_snake,1
puff-faced_water_snake,1
masked_water_snake,1
dawn_blind_snake,1
primitive_blind_snake,1
anomalepidid,1
beddome's_worm_snake,1
madtsoiid,1
common_sandfish,1
european_worm_lizard,1
iberian_worm_lizard,1
mediterranean_worm_lizard,1
galliwasp,1
costa_rican_rainbow_stripe_galliwasp,1
blindworm,1
deaf_adder,1
american_chameleon,1
brazilian_bush_anole,1
california_legless_lizard,1
ocellated_gecko,1
ocellated_sphaero,1
stippled_sphaero,1
chameleon_gecko,1
common_scaly-foot,1
greer's_blind_skink,1
eastern_stone_gecko,1
wood_gecko,1
underwood's_spectacled_tegu,1
black-and-white_worm_lizard,1
speckled_worm_lizard,1
spotted_worm_lizard,1
north_american_worm_lizard,1
florida_worm_lizard,1
thunderworm,1
checkerboard_worm_lizard,1
western_blind_snake,1
western_slender_blind_snake,1
western_threadsnake,1
xenotyphlopid,1
american_pipe_snake,1
false_coral_snake,1
earthworm_blind_snake,1
dusky_dwarf_boa,1
cuban_wood_snake,1
cuban_giant_dwarf_boa,1
keeled_slug-eating_snake,1
large-eyed_bamboo_snake,1
chinese_false_cobra,1
bombay_earth_snake,1
common_skink,1
phasianid_humanoid,1
common_tuft_bearing_longhorn_beetle,1
tyrannosaur_humanoid,1
western_hercules_beetle,1
angel_(monster_farm),1
zopherid,1
eupholus,1
gigantosaurus,1
handsome_fungus_beetle,1
needlefish,1
south_american_coati,1
fathead_minnow,1
brook_trout,1
lion_girl,1
turbot,1
storage_(susfishous),1
lesser_swear_demon,1
halibut,1
singir_(race),1
botanical_girl,1
merrow_(species),1
striped_wolffish,1
fishdogs,1
kab-omb,1
japanese_terrier,1
mini_shiba_inu,1
unmbreon,1
canyon_bat,1
pythaw,1
animated_spine,1
animated_blood,1
animated_tooth,1
animated_brain,1
animated_hair,1
southern_elephant_seal,1
shetland_fishdog,1
ovenbird,1
african_barbet,1
quilen,1
sentinel_(mario),1
fungio,1
flowaby,1
progon,1
lan_ling_quan,1
marine_qaywa,1
swamp_qaywa,1
rainforest_ramiotran,1
alrato_(monster_rancher),1
amazoon_(monster_rancher),1
hell_(monster_rancher),1
mermaid_(monster_rancher),1
naibell_(monster_rancher),1
nyang_(monster_rancher),1
rinka_(monster_rancher),1
scryer_(monster_rancher),1
suntarn_(monster_rancher),1
vivian_(monster_rancher),1
xylohorn_(monster_rancher),1
tyrannobdella_rex,1
worluk,1
garwor,1
thorwor,1
angel_sea_slug,1
sparrow_humanoid,1
sharken,1
dog_monster,1
greomon,1
floranole,1
naga_brute,1
american_longhair,1
screamapillar,1
necropossum,1
batinicus,1
thrynn,1
rabbon,1
sr72,1
deep_of_blue-eyes,1
tinymon,1
screechereen,1
japanese_wagtail,1
spiny_(badnick),1
black_bull_(sonic),1
e-10000g,1
drasparagon,1
gigantamax_rillaboom,1
black_norwegian_elkhound,1
long-haired_chihuahua,1
frisian_water_dog,1
wirehaired_dachshund,1
wire-haired_dachshund,1
black-headed_parrot,1
shark_race_(monster_musume),1
sr-71blackbird,1
norwegian_forest_cat_humanoid,1
resembles_but_is_legally_distinct_from_a_vaporeon,1
clover_lamb,1
makaboteng,1
petit_mamon,1
blaze_humanoid,1
moellenkampi_beetle,1
malaconda,1
tove_(tits),1
kerokora,1
swimmon,1
puroromon,1
hulk_(robotron:_2084),1
enforcer_(robotron:_2084),1
grunt_(robotron:_2084),1
tank_(robotron:_2084),1
huntailclops,1
thunderballmon,1
dragnori,1
ryu_dragon,1
resholp,1
itopus,1
noaki,1
radiant_creep_(dota_2),1
anahir,1
azuroc,1
lapinite,1
occlura,1
saku_(temtem),1
raize_(temtem),1
mushi_(temtem),1
granpah_(temtem),1
kaku_(temtem),1
babawa_(temtem),1
ampling_(temtem),1
gladias,1
bomb_wisp,1
sanitized_inkling,1
elemental_dragon_humanoid,1
common_wasp,1
common_yellow-jacket,1
barkshark,1
ovape,1
hatch_(species),1
mexican_blind_snake,1
xenophidiid,1
homalopsid,1
cylindrophiid,1
bolyeriid,1
booid,1
jungabeast_(species),1
orchynx,1
erebid,1
karablosaurus,1
splendid_fairywren,1
lamprophiid,1
house_snake,1
amerophidian,1
aniliid,1
skullmonster,1
old_world_cat_snake,1
telescopus,1
common_grass_snake,1
colubroid,1
pareid,1
slug_snake,1
lizardman_lord,1
woolly_thoctar,1
cryptic_annelid,1
clockwork_beast,1
zanikev_locust,1
scute_mob,1
slaughterhorn,1
silverchase_fox,1
devilthorn_fox,1
long-finned_skywhale,1
sedge_scorpion,1
gremlin_(magic:_the_gathering),1
southern_white_rhino,1
argentine_ant,1
worm_creature,1
kobold_(amalur),1
mudmen,1
f18e,1
su24mu2,1
cross-sheep,1
house_finch,1
fennec_cat,1
demon_moose,1
dashade,1
scovorch,1
dracereon,1
virgeon,1
hirahian,1
sheigh,1
sulairian,1
animated_skin,1
blowjob_beast,1
false_water_cobra,1
candy_gnoll,1
darnathi_human,1
water_people,1
phoebe_(bird),1
sunbird_humanoid,1
sonic_speed_monkey,1
torynorrhina,1
komodon,1
paddlemar,1
sys_proc,1
paradise_shelduck,1
indian_runner,1
dab_(fish),1
womp_rat,1
egume,1
salachomp,1
wacky_amoebatrons,1
poisonous_pansy,1
manic_mining_robot,1
japanese_badger_humanoid,1
honey_girl,1
super_koopa_troopa,1
lava_larva_(subnautica),1
demonthing_(trigger_lex),1
angelias,1
malkarion_(dauntless),1
water_beetle,1
cyanocompsa,1
mothmon,1
common_house_martin,1
wolperting_(rumo_and_his_miraculous_adventures),1
buphagid,1
buffy_fish_owl,1
taiwan_firecrest,1
antrostomus,1
southern_lapwing,1
ani_(bird),1
spinus,1
estrildid_finch,1
phylloscopid,1
ploceid,1
eastern_rosella,1
ross's_turaco,1
musophagid,1
thalurania,1
pipilo_(genus),1
lophornis,1
nestorid,1
certhia,1
purple_starling,1
genma,1
loxia,1
parulid,1
tityrid,1
alauda,1
old_world_sparrow,1
skylark_(bird),1
shine_bug,1
phalacrocoracid,1
delta_heatmor,1
sicalis,1
spindalid,1
velathi,1
cowgi,1
cosmo_gang,1
meliphagoid,1
stardust_guardian,1
adarna,1
gadzu,1
parent_(risk_of_rain),1
echlin_(marapets),1
arinya_(marapets),1
stoaic_(nexomon),1
gaugein,1
elemaut,1
columbia_basin_pygmy_rabbit,1
lower_keys_marsh_rabbit,1
notridley,1
trifurake_(species),1
stringfish,1
kekroach,1
praunch,1
beta_sunkern,1
kokopelli_(pokemon_gold_beta),1
spindle_drone,1
corsharrk,1
spedo_(pokemon_clover),1
fishnism,1
chancer,1
meteor_head_humanoid,1
faucet_hound,1
kothoga,1
ayewiraz,1
chesapeake_bay_raccoon,1
iriomote_wildcat,1
voch'khari_(species),1
kyndyr,1
machmona,1
banageddon,1
lavorvomon,1
common_kestrel,1
pretzely,1
ambient_wyvern,1
kaosune,1
seamapan,1
pooka_(changeling),1
barunda,1
red_coin_fish,1
mobian_lemur,1
hornigiri,1
slugfugg,1
ponchito,1
flameboyan,1
coolcube,1
retater,1
rolango,1
spargle,1
floconut,1
peperee,1
black_forest_horse,1
devilfish_humanoid,1
jackaroogon,1
arkana_(dragon_village_m),1
mini_dragon_(dragon_village_m),1
mudpants,1
shroofle,1
diobat,1
kuuroba,1
spermie,1
kurenai_goukami,1
air_giant,1
wish_(species),1
call_duck,1
tongue_monster,1
sabertooth_dog,1
polar_bear_taur,1
thranx,1
torvosaurus,1
mysticute,1
mysticrone,1
dyreck,1
serynese,1
toxic_sludge_(terraria),1
star_cell_(terraria),1
eurylaimid,1
chibikamemon,1
martian_probe,1
alien_larva_(terraria),1
hyaenid_taur,1
barn_swallow_humanoid,1
capuchinbird,1
great_potoo,1
fungus_taur,1
mega_samurott_(fakemon),1
african_tetra,1
alestid,1
membracid,1
bombycid,1
kapukapu,1
thoriphant,1
mariguana,1
supreme_succubat,1
uropeltid,1
mega_jirachi_(fakemon),1
devee_(species),1
camarillo_white_horse,1
mega_tropius_(fakemon),1
glider_(marsupial),1
unicorndog,1
saharan_cheetah,1
northeast_african_cheetah,1
southern_african_cheetah,1
cheerific,1
moose_girl,1
tiniking_(species),1
moostatic,1
mega_skarmory_(fakemon),1
siren_soldier_(shantae),1
golden_bokoblin,1
rainmaker_(species),1
bloodwrack_medusa,1
neurothrope,1
tyranid_prime,1
eurasian_kestrel,1
hyena_(earthbound),1
short-tailed_chinchilla,1
desert_hare,1
striped_skunk_taur,1
math_robot,1
big_bohto_(shovel_knight),1
eastern_glass_lizard,1
glass_lizard,1
mahi_(rahi),1
nyastet,1
jack_bagder,1
varevar,1
digignome,1
incogness,1
digga_(nexomon),1
lancehorn,1
cumpire,1
maleceptor,1
african_skunk,1
bevy_(nexomon),1
roohopu_(nexomon),1
bedam_(nexomon),1
vivizard_(nexomon),1
uncello,1
baatender,1
noki_(nexomon),1
aloha_sauran,1
hissing_gog,1
hydrose_(nexomon),1
groundling,1
vainok_(nexomon),1
marasuma_(nexomon),1
raksuma_(nexomon),1
furrygon_(nexomon),1
sushibold,1
sylrua,1
venus_bud,1
husk_(killing_floor),1
masqat_(nexomon),1
masquiti_(nexomon),1
ghouze_(nexomon),1
woozy_(nexomon),1
nekgiri_(nexomon),1
vados_(nexomon),1
astrolotl,1
iguanomorph,1
tornado_step,1
yumbly,1
nightite_(nexomon),1
chirrent_(nexomon),1
hydrip_(nexomon),1
trebly_(nexomon),1
hainok_(nexomon),1
horror_(goosebumps),1
mobian_mongoose,1
fishbun,1
kauren_(temtem),1
otterprene,1
koirin,1
genderbot,1
magiwolf,1
lystrosaurus,1
rock_clinger,1
duffel_penguin,1
were_cat_(quest_64),1
blue_dasher,1
libellulid,1
ginormoose,1
cherubimon_(good)_x,1
kaldrin_(charbold),1
kaldrin_(race),1
colobinae,1
chaser_(parasite_eve),1
desert_chaser_(parasite_eve),1
ubistvo_(resident_evil),1
veil_(doctor_who),1
scourge_(starcraft),1
broodling_(starcraft),1
hyekka,1
skow,1
scorpion_(starcraft),1
gel_pony,1
dracofelian,1
mangalore,1
corpse-weeper,1
common_yabby,1
truelasuar,1
punkturepine,1
chabarro,1
weldring,1
amalgemeld,1
contress,1
adorbestos,1
mobian_echidna,1
zicryato,1
gejigage,1
wirewolf_(buzz_lightyear),1
vixxie,1
meliphagid,1
winged_sphinx,1
avianoid,1
nurk,1
mikkian,1
zillo_beast,1
aeosian,1
orbak,1
tognath,1
phillak,1
karkarodon,1
vigilynx,1
broodmother_lysrix,1
orchard_orioles,1
toady_(dragon_quest),1
invader_(metal_slug),1
cayuga_canvasbacks,1
crow_(ghosts_'n_goblins),1
magician_(ghosts_'n_goblins),1
flying_knight,1
unicorn_(ghosts_'n_goblins),1
blue_killer,1
big_man_(ghosts_'n_goblins),1
petite_devil,1
tower_monster,1
bat_(ghosts_'n_goblins),1
dragon_(ghosts_'n_goblins),1
skeleton_(ghosts_'n_goblins),1
mesmer_(subnautica),1
dusky_moorhen,1
slavonian_grebe,1
crow_(earthbound_beginnings),1
snake_(earthbound_beginnings),1
stray_dog_(earthbound_beginnings),1
centipede_(earthbound_beginnings),1
akashita,1
muncher_(munchers),1
fairy_goat,1
halfpony,1
halffox,1
lettered_aracari,1
lion_satyr,1
sthenorge,1
seaweed_dragon,1
ripper_(tyranid),1
flesh_hound,1
blue_horror,1
screamer_of_tzeentch,1
lengamu,1
ghost_(find_mii),1
charolais_cattle,1
troll_(extreme_ghostbusters),1
krook,1
nigersaurus,1
greater_crested_tern,1
balearic_shearwater,1
beast_grovyle,1
leopard_tortoise,1
majidonga,1
natural_mob,1
hostile_mob,1
orc_pawn,1
waywick,1
onyon,1
ancientsphinxmon,1
dark_trooper,1
jerry_(soul),1
regirust,1
regirode,1
bruhkid,1
ubruh,1
telescopefish,1
giant_centipede_(maplestory),1
hermit_crab_(spelunky),1
triobroma,1
house_person,1
flare_dancer,1
evershade_stalker,1
bonewidow,1
urog,1
stalhorse,1
perrojo_(apacies),1
ojcilla_(apacies),1
zunake_(apacies),1
puptriotism_(apacies),1
scrose_(apacies),1
duscape_(apacies),1
awreki_(apacies),1
murkipede_(apacies),1
mammoth_(space_harrier),1
ink_sprite,1
hydra_(dark_souls),1
dhark_(species),1
mawrat,1
pexiga,1
pegasus_(webkinz),1
lil'_kinz_unicorn,1
clover_puppy,1
stormy_dragon,1
gyrolian,1
sylvar,1
grildragos,1
ussal_crab,1
kane-ra,1
archives_mole,1
gloyo,1
hissslime,1
leaka,1
sliraffe,1
yeti_crab,1
roravan,1
spaghefant,1
nependeath,1
rapilux_(nexomon),1
knogoat,1
mysdirai,1
guinette,1
paraudio,1
dramsama,1
bero,1
yenjdrasil,1
halo_(species),1
shade_shifter,1
amphicoelias_fragillimus,1
snowman_(minecraft),1
fungoid_17,1
pikaia,1
bunny-octopus,1
estherian,1
firefox_(elae_meltaea),1
freesian,1
capricean,1
irsyl,1
phantom_reaper,1
european_conger_eel,1
bonethresher,1
pulscorn_(monster_rancher),1
lobearta_(monster_rancher),1
balais_black_nose_sheep,1
swali_(temtem),1
scotik,1
venusian_ant,1
suavain_(species),1
batterbite,1
volbat,1
luvi_(species),1
lamiamor_(species),1
mega_flamencoil_(species),1
goolder_(temtem),1
kalabyss_(temtem),1
hidody_(temtem),1
droply_(temtem),1
kuri_(temtem),1
magmis_(temtem),1
loali_(temtem),1
saipat_(temtem),1
umishi_(temtem),1
tukai_(temtem),1
vulvir_(temtem),1
banapi_(temtem),1
goty_(temtem),1
taifu_(temtem),1
zizare_(temtem),1
myx_(temtem),1
haneko_(pokemon_gold_beta),1
slurrade_(fakemon),1
drifcko_(fakemon),1
zorovoir_(fakemon),1
weaetta_(fakemon),1
halla_(species),1
cinnadog,1
kidling,1
hubner's_wasp_moth,1
sprucifix,1
erchius_horror,1
adipose_(doctor_who),1
heptapod,1
brolean_(bixiekz),1
torvix_(twizzie),1
nagameta,1
nuxitli,1
vampa_beast,1
imp_(runescape),1
boarick,1
deendre_(temtem),1
akranox_(temtem),1
rootle,1
pinantula,1
kweeble,1
golden_mouse_(sar),1
j'achian,1
basser,1
zigmo,1
cobra_(adventure_island),1
skeleton_(adventure_island),1
harumitey,1
ghost_(alex_kidd),1
monster_bird_(alex_kidd),1
time_baby,1
toonkind,1
prism_beast,1
dark_prism_(species),1
kekiwi,1
synth_(type_epnic),1
minion_(clash_of_clans),1
dragonfruit_cat,1
ugnaught,1
lockheed_a-12,1
rhoulder_(temtem),1
piraniant_(temtem),1
garyo_(temtem),1
koish_(temtem),1
screaming_mimi,1
blood_squid_(terraria),1
tenkomon,1
gemlial,1
turoc_(temtem),1
korozama,1
li'l_oink,1
ratgragon,1
seismunch_(temtem),1
spriole_(temtem),1
mushook_(temtem),1
tusk_cat,1
anooba,1
bursa,1
bordok,1
sando_aqua_monster,1
auroros_(ssb),1
kosmoceratops,1
graverobber_(dead_space),1
puker_(dead_space),1
pregnant_(dead_space),1
swarmer_(dead_space),1
twitcher_(dead_space),1
mantrados,1
tau_volantian_brute_(dead_space),1
divider_(dead_space),1
ji'rri,1
boar_(sonic),1
cheetah_(sonic),1
trishout,1
jumping_jack_(call_of_duty),1
balverine_(fable),1
drippler_(terraria),1
impling_(doom),1
hell_guard_(doom),1
araneam,1
midnight_eevee,1
dragon_plant_(puzzle_and_dragons),1
gorgon_(dnd),1
tari_(dnd),1
giardia_(organism),1
platelet_(organism),1
eukaryote_(organism),1
fluthmugoon_cliffhugger,1
nues,1
sperm_vampire,1
ramoose,1
tyranak_(temtem),1
paozusaurus,1
korechu,1
red_brambleback_(lol),1
bordakh,1
otoryu,1
northern_parula,1
exermon,1
manoraidramon,1
sea_creeper_(resident_evil),1
oddbod,1
kau'handt,1
afflicted_(resident_evil),1
rotten_(resident_evil),1
zombie_lion_(resident_evil),1
nuhvok,1
dahaki_(uberquest),1
labrador_braque_croise,1
catpony,1
prowlire_(insomniacovrlrd),1
avairtos,1
franklin's_ground_squirrel,1
blink_dragon,1
synthite,1
charhound,1
alicorn_taur,1
punk_puppy,1
chubee_(temtem),1
smolzy_(temtem),1
0b10_(temtem),1
honrade,1
draconius_(pokemon_clover),1
fleespecs,1
andromedon_(x-com),1
knokedge,1
praestish,1
rascal_(bubble_bobble),1
mongolian_gerbil,1
ramlion,1
oburonyxo,1
falcaptain,1
fazeagle,1
centauride,1
kentauride,1
worm_(factorio),1
lerk_(natural_selection),1
skulk_(natural_selection),1
trivalve_(subnautica),1
fungarian,1
reaper_beast,1
vath,1
gobbledew,1
oculus_(subnautica),1
morrigan_horse,1
african_land_snail,1
deemdow,1
grampus,1
burer_(s.t.a.l.k.e.r.),1
fondupple,1
mudslacks,1
slithersong,1
windora,1
thundora,1
id10,1
wedgard,1
nutzboltz,1
lithoid,1
chardalyn_dragon,1
koballs,1
volt_(nexomon),1
rapnux_(nexomon),1
aobasar,1
3trainerpoke,1
7pkmn_'v,1
lm4,1
94_h,1
>_a,1
a_(glitch_pokemon),1
h_poke,1
pokewtrainer,1
......_(glitch_pokemon),1
.4_(glitch_pokemon),1
kynk,1
grik_(destroyermen),1
murgel_(biomutant),1
spanke,1
euphorbia_ingens,1
cotyledon_tomentosa,1
tengu_(monster_sanctuary),1
kazakoemaru,1
seaweed_monster,1
demon_mouse,1
exonymph,1
merelei,1
changeling_(monsterpunk),1
moab_eliminator,1
peruvian_booby,1
sparzy_(temtem),1
goodler_(temtem),1
molgu_(temtem),1
mummy_(castlevania),1
oceara_(temtem),1
colossus_(cloud_meadow),1
cyrathilian,1
thilian,1
erzsepet,1
longnose_chimera_fish,1
ratfish,1
spookfish,1
western_swallowtail,1
hyla_(biomutant),1
bula_gnoat_(biomutant),1
sullustan,1
star_drake,1
galavire,1
mantrake,1
krokizon,1
ikoran,1
japanese_squirrel,1
rock_dog_(spelunky),1
kaori_(species),1
mercedes_(species),1
mouflank_(temtem),1
pupoise_(temtem),1
loatle_(temtem),1
fire_demon_(castle_crashers),1
pilchard,1
pakkunntokage,1
mokey_mokey,1
nobisaurus,1
white_tip_reef_shark,1
zombie_(friday_the_13th),1
crab_(jaws),1
ray_(jaws),1
jellyfish_(jaws),1
watermelon_cat,1
terasaur,1
nindja,1
blooper_racer,1
yellow_blooper,1
fenroar,1
pyro_viper,1
ursdogge,1
northern_tiger,1
azewana,1
ophidiniere,1
frosticon,1
mist_monster,1
blaster_(fortnite),1
bencreb_(7metal5rainbow7),1
zooplankton_(species),1
ultraplankton_(species),1
blow_hard_(yoshi's_island),1
clawdaddy,1
lantern_ghost,1
flaming_guy,1
flightless_goonie,1
mace_penguin,1
estemmenosuchus,1
quelea,1
grey_child_(silent_hill),1
romper_(silent_hill),1
nightflutter_(silent_hill),1
hanged_scratcher_(silent_hill),1
water_dumple,1
whiptongue_bulborb,1
beast_humanoid_(pikmin),1
bulborb_humanoid,1
taurogriff,1
candlodon,1
stink_hound_(the_ashes),1
armless_man_(silent_hill),1
hairy-footed_flying_squirrel,1
gromflomite,1
honeybug,1
canid_(the_outer_worlds),1
beetle_(terraria),1
crawltipede_(terraria),1
maneater_boar_(bloodborne),1
crawler_(bloodborne),1
bloodlicker_(bloodborne),1
lost_child_of_antiquity_(bloodborne),1
hole_digger_(bloodborne),1
labyrinth_mole_(bloodborne),1
loran_cleric_(bloodborne),1
darkbeast_(bloodborne),1
church_giant_(bloodborne),1
rabid_dog_(bloodborne),1
aysheaia,1
gyalis_(temtem),1
white-faced_whistling_duck,1
whistling_duck,1
ruddy_shelduck,1
yungavolucris,1
scalekin,1
amphicephalus,1
demonthing_(frat_rattatack),1
giraffe-humanoid,1
stringle,1
night_fae,1
burrick,1
daldrat,1
gilgoblin,1
kelfin,1
pearlfish,1
manxal,1
north_american_dragon,1
cyclops_(wonder_woman),1
capybara_taur,1
shathra,1
lighting_wisp,1
terrestrial_(all_tomorrows),1
nefertimon_x,1
hornski,1
lizardman_(gothic),1
starmaker,1
pygmy_mouse_lemur,1
yara-mara-yha-who,1
briar_hen,1
hunter_tabby_largo,1
honey_phosphor_largo,1
hunter_phosphor_largo,1
boom_pink_largo,1
boom_rad_largo,1
hunter_tangle_largo,1
pink_rock_largo,1
tabby_tangle_largo,1
amphatyr_(temtem),1
saberdramon,1
bee_blader,1
halzhi_(temtem),1
hedgine_(temtem),1
greater_basilisk,1
hedonist_(all_tomorrows),1
lunatik_(dragon_quest),1
druin,1
talnisian,1
bug_facer,1
duskako,1
vigorien,1
fusani2103,1
fire_slime,1
raving_lunatick_(dragon_quest),1
weaken_beakon_(dragon_quest),1
iron_scorpion,1
ra'dok,1
heragoi,1
golden_panda,1
drohl_drone,1
golem_(dragon_quest),1
musk_duck,1
boom_honey_largo,1
ongis_(ratld),1
vyrkos_(aos),1
gryphhound,1
oxi_(ikonoklast),1
scarewolf,1
moginaian,1
moginaian_(battle_mode),1
cerlyn,1
sapling_(lol),1
pycthems,1
grey_fox_humanoid,1
urocyon_humanoid,1
ash_titan_(anthem),1
brute_(anthem),1
snare_(species),1
winged_goomba,1
voltex_(species),1
flowbermeow_(kingdom_hearts),1
dreadstalker_(warcraft),1
restless_armour_(dragon_quest),1
korvax,1
immortal_(dnd),1
space_cow_(mass_effect),1
ghoul_(h.p._lovecraft),1
great_race_of_yith_(h.p._lovecraft),1
beckledint_(slug),1
chthonian_(h.p._lovecraft),1
goodybag,1
gold_golem_(dragon_quest),1
mantelope_(all_tomorrows),1
ultharian_(cthulhu_saves_the_world),1
skull-cat,1
insectophagi,1
parasite_(all_tomorrows),1
temptor_(all_tomorrows),1
ruin_haunter,1
the_ancients_(eternal_darkness),1
antidobra,1
nevermore_(rwby),1
glacor,1
mono_beetle,1
cat_bunny,1
qinglongmon,1
gargoyle_(tyranid),1
prey_(all_tomorrows),1
anti_guy,1
abert's_squirrel,1
half_fish_(sonic),1
aquatic_pygmy_grasshopper,1
exscinder_archon,1
swamp_elemental_(overlord),1
demon_mink,1
hooded_oriole,1
ambient_hummingbird,1
cervine_satyr,1
aggressor_sentinel,1
kodamame,1
albino_raven,1
gabball,1
cruff,1
golden_oriole,1
frulf_(nexomon),1
plasmaman,1
drust_(warcraft),1
syphoon,1
wraith_(hc_svnt_dracones),1
chilabothrus,1
silver_boa,1
poyon_(fantasy_zone),1
roringa,1
dorarinfura,1
kuron_(fantasy_zone),1
bottako,1
hydradaemon,1
wolfalyon,1
saurischian,1
kobold_(dota),1
circulis,1
viggaria,1
sea_bear,1
laceorgana,1
blackstag,1
fatui_cecin_mage,1
zombie_piglin,1
grahzena,1
royal_beast,1
kokokin,1
poop_monster,1
dust_digger,1
glyphid_bulk_detonator,1
patrushky,1
chomp_bro,1
chizzle_(mario),1
grindel_(mario),1
badge_bandit,1
gray_wisp,1
amphycion_giganteus,1
aevian_ampharos,1
couvere,1
mecha-chomp,1
spiked_koopa,1
thistle_tiger,1
volt_goat,1
hefty_goonie,1
elbst,1
magnawn_(insomniacovrlrd),1
polistes_chinensis,1
asian_paper_wasp,1
polistes,1
eeklu,1
somboludo,1
stray_dog_(mega_man_legends),1
man_o'_war_(dragon_quest),1
cactus_mantis,1
nanotyrannus,1
goblin_with_a_tail,1
echodweller_(darli_buni),1
veil_angel,1
gessy,1
pict_warrior,1
bugg_(species),1
goblin_soldier,1
kasumire,1
shirren,1
lunatender,1
knight_(destiny),1
drahk_(warframe),1
jadinko,1
beta_celebi,1
madafrost,1
procedural_fauna_(no_man's_sky),1
catte_(species),1
wolf_eel,1
white-backed_woodswallow,1
beast_(fate),1
goblin_archer,1
morganucodon,1
yellow-necked_mouse,1
rifleman_(bird),1
sprunk_(nexomon),1
fetidoom_(nexomon),1
yellow-throated_whistler,1
black-and-white_tanager,1
slynx,1
mademoir,1
xtoli,1
colugonian,1
wooxen,1
fenrauder,1
variant_astromon,1
fennec_(astromon),1
reval_(temtem),1
viarraxia,1
rawr_(species),1
makomon,1
chibijimon,1
nightsnagger,1
half_zedian,1
acid_dragon,1
yaksa,1
z-rex_(fossil_fighters),1
massassi,1
rockpuncher_(subnautica),1
keron_(kid_icarus),1
daphne_(kid_icarus),1
hooded_seal,1
origin_dragon,1
abyss_(devil_may_cry),1
winotinger,1
ginushena,1
gensian,1
midling,1
western_kingbird,1
christmas_zafara,1
shield_guard_(kirby),1
badger_dragon,1
sandman_(kirby),1
skellobomber,1
mugoo,1
leifich,1
ela-ela,1
geso-q,1
tiral,1
earna,1
earina,1
brollopelan,1
papillone,1
clawcerer,1
thalassomedon,1
cetacean_split_form,1
psychopomp,1
ginui,1
helibuzz,1
barbecutie_(kurzgesagt),1
lama_(genus),1
biewer_terrier,1
manananggal_(shin_megami_tensei_v),1
koopa_striker,1
mage_goblin,1
ethcarin,1
gelbvieh,1
jirahl,1
giralooza,1
apkallu,1
squeaknight,1
archfiend_(soul_sacrifice),1
bahamut_(soul_sacrifice),1
ikeshti,1
tamatoch,1
large_munsterlander,1
polyclad,1
fell_beast,1
maia_(lotr),1
axol_(fakemon),1
hyloty_(fakemon),1
askit,1
phoskit,1
dinneaf,1
hamgreen,1
fraser_dolphin,1
sparklecat_humanoid,1
arctic_wooly_bear_moth,1
r5-series_astromech_droid,1
plantfolk,1
nivawk,1
lioma,1
jupitermon,1
vulcanusmon,1
gold_wolf_(monster_rancher),1
otter_hyena_hyrbid,1
peppette,1
himeniero,1
reapress,1
goolazzle,1
delphinid,1
zigzah,1
ambient_bryozoan,1
ambient_cnidarian,1
moon_deer,1
baotheris,1
violebra,1
cactus_mouse,1
spore_mine,1
cthulie,1
drago_(dungeon_petz),1
imp_(dungeon_petz),1
crystal_snail_(elden_ring),1
carniwolf_(species),1
blep_(species),1
common_swift,1
hydra_(destiny),1
harpy_(destiny),1
aurostice,1
placien,1
big_chip,1
burnis,1
swordory,1
snooter_(kirby),1
puppet_dee,1
doomer_(kirby),1
donpuffle,1
gesomon,1
blood_demon,1
void_jailer_(risk_of_rain_2),1
dragonian_beast,1
goyocephale,1
australian_shepherd_taur,1
arkreich,1
zyglak,1
twister_(kirby),1
catlotl,1
hellpig,1
taigan,1
hyperion_dragon,1
mothfly,1
mothfly_cluster,1
torzhu,1
kranuhiisi,1
gsamxlit,1
cop_speeder,1
thunder_spinner,1
unidasu,1
gohla,1
boa-boa_(sonic),1
nightmare_(pokemon),1
rabber_(alchemia_story),1
weedmon,1
spidaur_(pit_people),1
gloomy_grublin,1
huckit_crab,1
tropical_crystal_wyvern,1
petaldramon,1
chicken_stinger,1
cottemony,1
tek_creature,1
shadebeast,1
harika,1
yorn,1
dorugyurosu,1
sleirnok,1
rinkurutchi,1
gabilan,1
reshivoire,1
mandrake_militant,1
scarchic,1
albino_wyyyschokk,1
wyyyschokk,1
lollydragon,1
sleep_deprivation_monster,1
sandmaargh,1
utarinex,1
fracrunor,1
grrrol,1
novi_(gungear),1
quaa_dragon,1
paramoloch,1
pitayen,1
mammalian_(splatoon),1
infurnus_(slugterra),1
fexel_(species),1
bat_rabbit,1
brush_tailed_rock_wallaby,1
ethereal_(warcraft),1
labyrinthosaurus,1
nyazen,1
white-footed_mouse,1
whimpor,1
nymaurae,1
skincat,1
dolphin_merfolk,1
acolyte_(steamworld),1
budmon,1
eggler,1
talz,1
valkyrie_(ratchet_and_clank),1
vulkyr,1
daekrin,1
purrolyth,1
eel_hound,1
busoida,1
joojoo_(reallydarkandwindie),1
carnopapio,1
cyanolepus,1
sunner,1
arodian,1
hybrid_cat,1
purrgy,1
snail_ostrich,1
skeena,1
oracle_envoy,1
optimod,1
ichthyo_sapien,1
litt,1
godskin_noble,1
zoof_(species),1
teladi,1
loco_coco,1
pecanolith,1
mars_flytrap,1
cosmoss,1
astrocado,1
eyespore,1
wing-nut,1
pipsqueak_(species),1
gigantelope,1
kingsmould_(hollow_knight),1
anubis_(palworld),1
tool_breeder_(all_tomorrows),1
daedren,1
ikaruz,1
hippocampus_humanoid,1
slime_drop_(yoshi's_island),1
frog_pirate,1
mojaranian,1
chem_drone,1
zorblaxian,1
plant_taur,1
plant_humanoid_taur,1
hairy_bulborb,1
wollyhop,1
yellow_wollywog,1
beady_long_legs,1
gatortuga,1
devils_coach_horse_beetle,1
bearded_wood-partridge,1
chivizcoyo,1
glyphid_grunt_slasher,1
oleandrian,1
purrghast,1
modular_people,1
bone_crusher_(all_tomorrows),1
aluraumon,1
leucrocuta,1
vulpoid,1
dralien,1
beast_of_gevaudan,1
blue_flame_braixen,1
lurker_(jagged),1
snatcher_(jagged),1
lure_(species),1
teinook,1
jelly_slime_(dragon_quest),1
skelatops,1
orotchy,1
chonktoad,1
fibio,1
kyreptil,1
kyraptor,1
arcadiamon,1
arcadiamon_(ultimate),1
ocean_crawler,1
crimean_rock_lizard,1
sky_fox,1
musyamon,1
kyun,1
pafumon,1
butterdroid,1
wingmould_(hollow_knight),1
hippocampus_(ni_no_kuni),1
pipsqueak_(ni_no_kuni),1
panoplosaurus,1
avaceratops,1
mareshmallow_pony,1
arrainoa,1
syroudon,1
ura_(species),1
owlhe_(temtem),1
bellasaurus,1
lesothosaurus,1
aragosaurus,1
grauss,1
keemon,1
darkwalker,1
yenyasha,1
jeholosaurus,1
faecalu,1
carp_merfolk,1
vasen,1
poekilopleuron,1
bulver,1
ultimate_spectrobe,1
tindera,1
valkyrie_(creatures_of_sonaria),1
sabretooth_bunny,1
mineral_pony,1
noyakin,1
zerimon,1
conomon,1
mole-troll,1
coatyl,1
staver,1
majesweet,1
sugank,1
sweetant,1
kazuchimon,1
shork_(kaiju_paradise),1
lizardman_(heavy_metal_2000),1
azulian,1
azulian_adapter,1
spokyojan_(alien),1
void_reaver_(risk_of_rain_2),1
seti_(neopets),1
orthomerus,1
magma_almudron,1
red-headed_woodpecker,1
live_twin_(yu-gi-oh!),1
caketaur,1
floral_fox,1
waxy_monkey_leaf_frog,1
ball_(geometry_dash),1
ship_(geometry_dash),1
love_angel,1
green_algae,1
acetabularia,1
baculogypsina,1
halimeda,1
hydra_(genus),1
foraminifera,1
nanningosaurus,1
ilokelesia,1
three-toed_skink,1
defiler_(runescape),1
ostafrikasaurus,1
urbacodon,1
shanag,1
wizard_(species),1
changelord,1
sex_morph,1
corvidae_(eevilish),1
squamatan_(eevilish),1
cetaceans_(eevilish),1
talpidae,1
talpid,1
scp-312,1
gobi_jerboa,1
glide_mode_miraidon,1
gupp_(hades),1
mi-go_nymph_(operation_lovecraft),1
stonewhal_(hades),1
scuffer_(hades),1
crutter_(starbound),1
sana_ata,1
p2_variant_livly,1
mushicho_(livly),1
volg_(livly),1
fae_felidae,1
amanita_(mario),1
gun_hawk,1
chubitosaurus,1
hollow_beast,1
cetus_(mythology),1
ogre_(livly),1
zero_arms_grani,1
jesmon,1
angelsune,1
volnoirve,1
balakai,1
yehat,1
chincho,1
aolenus,1
tobine_(livly),1
feral_(brute_force),1
pakike_(livly),1
plusterin_livly,1
byakko_(livly),1
geremon,1
balhuticaris_voltae,1
mara_(doctor_who),1
miik,1
cleric_(peglin),1
mammalodon,1
gadgebot,1
hashasky,1
mobian_badger,1
lunarian_(land_of_the_lustrous),1
glaucus_atlanticus_merfolk,1
lunalin,1
jijia_ren,1
an_fu,1
mammal_merfolk,1
hypsos,1
shakarn,1
watame_(livly),1
misokian_(species),1
black_dog_(livly),1
zashiki-warashi,1
revolver_fish,1
walrinian,1
amenohigashuri_(livly),1
beta_gabite,1
zenith_hypnocatrice,1
snail_elephant,1
mobian_panda,1
sea_fury,1
mitty_(temtem),1
mawtle_(temtem),1
tiglaari,1
bray_(warhammer),1
terra_(dzel),1
quartzeon,1
qilau,1
creatonotos_gangis,1
pictus_catfish,1
tropico_(duel_masters),1
umbralu,1
australian_warmblood,1
oboromon,1
kurome_(livly),1
elder_race,1
jaghut,1
cold-water_snapper,1
niavem,1
shadow_void_dragon,1
avorram,1
drakon_(species),1
beltfish,1
cutthroat_eel,1
ping-pong_tree_sponge,1
kangspar,1
zanate,1
ansect,1
brachiosaurus_taur,1
deep_sea_kaiju,1
sinister_shadows_(metazoo),1
girl_deviltchi,1
g.e.m_(heartermobs),1
hammerhead_(barotrauma),1
beast_(afk_arena),1
markhor_goat,1
arbophobos,1
spacers_(all_tomorrows),1
blind_folk_(all_tomorrows),1
hand_flapper,1
lopsider_(all_tomorrows),1
smasher_(fortnite),1
vilmsk,1
alphyn,1
me'nuww,1
zzimp,1
fantascene,1
airanea,1
ter'kati,1
pricolici,1
green_wing_macaw,1
apilitian,1
hot_date_(pvz),1
hider_(luigi's_mansion),1
kelpeon,1
shadow_leech,1
baahmut,1
stegoceras,1
florafluff_(monsters_of_etheria),1
tulikettu,1
reynarmon_(species),1
tulgah,1
elegant_coralbird,1
cohwa,1
blackmetalgarurumon,1
rascal_(minecraft),1
xexto,1
nightmare_(mint_dust),1
vexis_(species),1
frenk_(species),1
hwurmp_(hollow_knight),1
crystal_crawler_(hollow_knight),1
wolfen_(dingobabee),1
glires,1
himalayan_wolf,1
chatterer_beast,1
xi'lahsi,1
regulumon,1
illusory_berry,1
malitress,1
manta_ray_(half-life),1
dweomercat,1
chaos_fish_(duel_masters),1
grebuloff,1
glow_wolf,1
nakamaska,1
bagaceratops,1
connie_dragon,1
hellhound_(runescape),1
snip_striker_bullraizer,1
capulilly,1
growmeo,1
montegrew,1
tuliep,1
california_valley_coyote,1
manticoeur,1
virus_(species),1
etherian,1
aqua_guard_(duel_masters),1
aqua_shooter,1
mando_(species),1
white_throated_dipper,1
aqua_agent,1
concierge_bell,1
syberian,1
iberian_frog,1
gambler_(kingdom_hearts),1
techno_fish,1
candy_drop_(duel_masters),1
mobian_dog,1
living_mushroom_(ben_10),1
platypus_frog,1
night_mare,1
aviceda,1
baza_(species),1
guider,1
waregeist,1
mantiqueen,1
dreadnought_lacerator,1
dreadnought_arbalest,1
imagined_pokemon_(pokemon_violet),1
banana_monster,1
scaravolt_(temtem),1
genus_(evolution),1
lagartija,1
phantom_fish_(duel_masters),1
chocosuchus,1
szubs_kin_twilight_guardian,1
mobian_weasel,1
aqua_jolter,1
weregoblin,1
adratiklit,1
makara_(megami_tensei),1
ogre_(cave_story),1
radiodonta,1
thick-headed_fly,1
pelecanimimus,1
reaper_nurse_(dark_deception),1
applaud_(bayonetta),1
madomon,1
rain_frog_(chrono_trigger),1
mobian_cheetah,1
cyclophiops_semicarinatus,1
alpha_archelian,1
fire_sweeper_burning_hellion,1
ivyblossom,1
bax_(oh_so_hero!),1
venlil,1
ma-non,1
clover_dragon,1
fleshbeast,1
brawlax,1
soldurant,1
blazirex,1
eurasian_red_squirrel_humanoid,1
phelomian_(ugnaughtsden),1
demon_piller,1
bunger_royale,1
chimaera_(warcraft),1
dragon_turtle_(warcraft),1
magnaron_(warcraft),1
lareech,1
edmontonia,1
ikkaku_(livly),1
corruptor_(terraria),1
floaty_gross_(terraria),1
garryfish_(subnautica),1
biter_(subnautica),1
reginald_(subnautica),1
spadefish_(subnautica),1
jellyray_(subnautica),1
eyeye_(subnautica),1
river_prowler_(subnautica),1
clitobra,1
twilight_thorn,1
galvoff,1
rachnoid,1
milkshake_minotaur,1
tasveta,1
cave_crawler_(subnautica),1
homo_gautengensis,1
kocabas_hominin,1
australopithecus_prometheus,1
australopithecus_bahrelghazali,1
australopithecus_deyiremeda,1
dtundtucan,1
pandai,1
peror,1
slahei,1
astrel_spawn,1
turpis_tigris,1
cefireon,1
metalphantomon,1
flower_husky,1
bumble_snowmonster,1
black-mandibled_toucan,1
boobsnake,1
phydolon,1
coloradosaurus,1
hk-tank_(terminator),1
robos_(robo_story),1
nimblefoot_(kinkou),1
zorgon_(zathura),1
saltici_(farscape),1
delvian_(farscape),1
nebari_(farscape),1
dobsonfly_humanoid,1
synthoid_(dc),1
judoon_(doctor_who),1
krot,1
t-900_series_(terminator),1
deep_owl_(deepwoken),1
mexican_red_ringed_tarantula,1
eastern_milk_snake,1
horned_adder,1
vampire_(infamous),1
ax_cat_(pythosart),1
scp-870,1
scipionyx_samniticus,1
sneil_(adventure_island),1
kelll_(adventure_island),1
octopi_(adventure_island),1
shadowtoyagumon,1
calamander,1
congo_clawless_otter,1
cupop,1
orkestral,1
horror_of_tzeentch,1
infected_bat_(resident_evil),1
yohualtepoztli,1
brock_(mario_and_luigi),1
shiberlaah_(raysh),1
predasite,1
brown_lizard_(spyro_the_dragon),1
striped_hyena_taur,1
cooroster_(fakemon),1
frieden_(fakemon),1
kengeon_(fakemon),1
spiny_cheep_cheep,1
lapin_(custom_species),1
drowned_people,1
choreamnos,1
japanese_eel,1
aeshalin,1
daidarabotchi,1
bake-kujira,1
urkburgals,1
jeep_(species),1
nure-onago,1
otoroshi,1
cat_waddle_dee,1
daitengu_(species),1
hitotsume-kozo,1
teru_teru-bozu,1
karasu_tengu_(nioh),1
ophiocordyceps_unilateralis,1
clocksloth,1
hemasaurus,1
woodcrafter,1
gravedigger,1
sentanine,1
mewtwo_satyr,1
zorkit,1
seacons,1
ermilkeiden,1
rex_(second_extinction),1
electro_raptor_(second_extinction),1
shrykull,1
malivo,1
vanaa,1
xerran,1
mobian_swallow,1
dreamreaver_dragon,1
brimling_(terraria_mod),1
piicee,1
raidenetti,1
sprigan_(yugioh),1
crater_chicken_(scorn),1
daggerwrist,1
grattler,1
buzzer_(sonic),1
people_of_the_day,1
serpedi,1
shushu_pop,1
papio_chevalier,1
stabosaur_(dragon_quest),1
mobian_bandicoot,1
clavisangemon,1
tudor_dercas,1
etrean_(deepwoken),1
spotted_eagle_ray,1
dark_koopatrol,1
folfbold,1
maggot_(hollow_knight),1
chickabirb,1
dragonkin_(overlord),1
fealnities,1
decrepit_(uncrom),1
bottle_creature,1
sauce_creature,1
spirit_steed_(elden_ring),1
lightfoot_(rodent),1
lioetta,1
skezgell,1
tsunderice,1
firesona,1
fluffir,1
gotheon_(mat4265),1
nurseon,1
dracogor,1
calico_koi,1
robot_neopet,1
spriteon,1
snow_inasi,1
barbat,1
intesteen,1
goople,1
checkered_neopet,1
snowbunny_(neopets),1
scp-3004-2,1
aussiedraco,1
champsosaurus,1
palaeosaniwa,1
furball_(species),1
ambient_giraffe,1
deinvee,1
assassinoid,1
naga_medusa_(dungeons),1
chaos_weaver_(dungeons),1
brood_queen_(dungeons),1
infected_(dungeons),1
frozen_wind_dragon_(dragon_city),1
butterfly_dragon_(dragon_city),1
high_resolution_dragon_(dragon_city),1
valentine_dragon_(dragon_city),1
burglar_dragon_(dragon_city),1
rocket_dragon_(dragon_city),1
laser_dragon_(dragon_city),1
justice_dragon_(dragon_city),1
venom_dragon_(dragon_city),1
bookday_dragon_(dragon_city),1
zen_dragon_(dragon_city),1
darkjester_dragon_(dragon_city),1
king_dragon_(dragon_city),1
glowppy_dragon_(dragon_city),1
high_purity_dragon_(dragon_city),1
timeless_dragon_(dragon_city),1
guild_leader_dragon_(dragon_city),1
goalie-t_dragon_(dragon_city),1
jade_dragon_(dragon_city),1
yokai_dragon_(dragon_city),1
necro_dragon_(dragon_city),1
outlaw_dragon_(dragon_city),1
boreas_dragon_(dragon_city),1
zephyrus_dragon_(dragon_city),1
high_reborn_dragon_(dragon_city),1
pharaoh_dragon_(dragon_city),1
sinbad_dragon_(dragon_city),1
dragon_tv_dragon_(dragon_city),1
high_ethereal_dragon_(dragon_city),1
monstrous_dragon_(dragon_city),1
sensei_dragon_(dragon_city),1
little_red_riding_hood_dragon_(dragon_city),1
chthonian,1
cannabuddy,1
beta_torterra,1
gardenette,1
shleep,1
homunculus_(astral_chain),1
podarge_(astral_chain),1
dimicon,1
plasmemon,1
voidrig,1
eggers_killifish,1
oligokyphus,1
azhdarchidae,1
sparda_(ys),1
nightshade_(pvz),1
shadow-shroom,1
grimrose,1
murkadamia_nut,1
titan_(might_and_magic),1
pokemon_satyr,1
brahmin_humanoid,1
werekoala,1
senurian,1
kalibri,1
senurian_kalibri,1
animal_avian,1
hematophagy,1
dorcopsis,1
rivat,1
choleon,1
mimin_(captain_rainbow,1
armos_knight,1
spiny-tailed_monitor,1
fonfifeuy,1
faontastik,1
spoom_(drawfee),1
puriano,1
cindevoid,1
northern_pygmy_squid,1
canis-kalibris-senuris,1
king_salmon,1
griffaun,1
ambient_chameleon,1
cone_gnat,1
dirt_rasper,1
kazdra_(species),1
ambient_livestock,1
adharcaiin,1
fleuralis,1
flavored_slime,1
sun_guardian,1
shrimp_dragon,1
aspen_wickerbeast,1
jo_chuki,1
parasitoid_energy,1
scissor_eye_(duel_masters),1
birdie_(doom_3),1
zadakh,1
kahgarak,1
ursoul,1
revenine,1
shawchi,1
nevermare,1
bastiladon,1
emerald_dragon_(might_and_magic),1
thrax_(dauntless),1
wabalisc,1
akhalos,1
wintrix,1
festifir,1
cosmic_humanoid,1
lepthoda_cleric,1
palm_pit_viper,1
pterygotus,1
shoony,1
dentenya,1
wardursa,1
papinijuwari,1
hyper_goomba,1
bogsune,1
imprinter,1
viridian_(species),1
beetwoof,1
dirtraxian,1
nidorime,1
pofuilly_slime,1
nekovirus,1
lunarwing,1
slurry_beast_(nyinxdelune),1
scp-280-fr-2,1
pelagic_stingray,1
markatuva_(species),1
weredrashire,1
queen_coeurl,1
goolad,1
primogenitor,1
shiny_jolteon,1
giant_hornet_(ragnarok_online),1
frowner_(the_backrooms),1
draclone,1
pion,1
glucosian,1
dawnwatcher_brigade,1
wigglums,1
lumyr,1
zaberdrakon,1
maru_(species),1
pebblit,1
frogling_(species),1
kerrat_(species),1
serpent_(final_fantasy_vii),1
tornadon,1
floof_(species),1
spalax,1
barbed_devil,1
hiveling_(hollow_knight),1
hive_guardian_(hollow_knight),1
mana_chaser,1
wyrm_(hollow_knight),1
tsaagan,1
sun_fox,1
spoxl,1
black_seraphimon,1
azer_(species),1
beet_eevee,1
totenmaske,1
lynxdeer,1
hezrou_(species),1
rabine_(livly),1
cecrops,1
nef-garmat,1
befitu,1
blitty,1
torchclencher_(duel_masters),1
imori_(monster_sanctuary),1
ciliate,1
spikey_(mega_man),1
borderlanders,1
necrosphinx,1
lapvienis,1
chimera_(crash_bandicoot),1
raglin,1
scp-3508,1
aluba_(hollow_knight),1
sar_hingaro,1
iztajuatl,1
lenarabu,1
norskogg,1
empiterium,1
tohukos,1
venatrox,1
jumping_piranha_plant,1
river_piranha_plant,1
piranha_plorp,1
nui_jaga,1
glorft,1
fluff_monster,1
gruslen,1
paramedic_(rimworld),1
avalucard,1
wolfbunny,1
quarf,1
teeny_sanguini,1
valtalska_scudama,1
laguardians,1
pharaoh_predasite,1
jumpkin,1
khufo,1
kafit,1
golden_pokemon_(hazel),1
anodontosaurus,1
sea_fluffy_pony,1
g'day,1
wetland_warg,1
imp_(dokapon_kingdom),1
ardling,1
unplydot,1
convict_cichlid,1
clown_loach,1
graphorn,1
taulerian,1
mobian_walrus,1
space_lizard,1
carbunclo_(original_species),1
xiezhi_humanoid,1
aesho,1
aueko,1
sun_dragon_(warhammer),1
rofleemo,1
maidice,1
anthro_sperm,1
sylva_(dragon_adventures),1
jeksengaban_(draod_rhaysen_species),1
yanari,1
bloody_squito,1
tiawa,1
zebragus,1
elktrolysis,1
skideer,1
ferrark,1
mobian_octopus,1
halwen,1
bell_toll,1
hearty_salmon,1
twister_(super_mario_maker),1
hellkin,1
sylvachi,1
red_man,1
yama'tu,1
sugarshifter,1
cantorell,1
watarara,1
mothership_(splatoon),1
cimmabu,1
flying_crab_hatchers_(satisfactory),1
piranhakeet,1
surinam_horned_frog,1
wind_titan_dragon,1
mermurror,1
viators,1
imulata,1
void_folk,1
zavagirs,1
selachan,1
dragon_ogre_shaggoth,1
olive_pit_(pvz),1
tomb_tangler_(pvz),1
visayan_leopard_cat,1
sudama,1
white_tiger_(nioh),1
gozuki,1
fellisio,1
pea-nut_(pvz),1
buffalo_taur,1
opposite_(athens_paradise),1
volturnian_lobster,1
gardenfluff,1
bloopad,1
sea_beast,1
zoshling,1
zeedah,1
glyphid_stingtail,1
waynian,1
flowerhorn,1
sea_devil_(doctor_who),1
camarabrachid_(alien_biospheres),1
yuktopus,1
miyoa,1
ironhead_(resident_evil),1
kejwen,1
tk_(crash_bandicoot),1
garden_eel,1
bloathead_(dark_souls),1
veera_(redgreenfluffball),1
tinglbulb,1
montuntle,1
monkavern,1
malun_magnemite,1
kenkapi,1
gigglewott,1
longnose_hawkfish,1
sentient_statue,1
were_hare,1
bold_jumping_spider,1
juanin_(species),1
minox_(temtem),1
ambiguous_robots,1
infera,1
sling_pea_(pvz),1
veros_(species),1
blix_(evocreo),1
ueq'orb_(tyr'ma),1
nighside,1
kittybold,1
watcher_(barotrauma),1
kylosian,1
yakucha,1
kunburrasaurus,1
colgera,1
hauntras,1
erdas_(species),1
leon_(sonic),1
jyncargo,1
spore-shroom_(pvz),1
vf-1a,1
shad_(species),1
cukeman,1
miramon_(dislyte),1
roboquito,1
blokkat,1
teratail,1
mud_golem,1
salamandermon,1
thickmin,1
weredigo,1
scp-3007-3,1
laymaran,1
warbat_(godzilla),1
scp-5007,1
jewel_cichlid,1
arctivore_(nexomon),1
tarntaikh_(firelight),1
flame_chomp,1
magmaw,1
gargantua_blargg,1
fire_snake,1
hot_foot,1
lava_ghost,1
lava_drop_(mario),1
li'l_cinder,1
lava_bud,1
magmato,1
magmad,1
ember_(mario),1
phantom_ember_(mario),1
faiachu,1
sparkle_animal,1
homo_noir,1
parasaurolophus_taur,1
dilophosaurus_taur,1
crocoteuthis_gigantis,1
hiveking,1
rolling_flame,1
boggi,1
rim_marten,1
scp-6173,1
bulbin,1
kaijumonster,1
scp-1104,1
scp-1151-1,1
speckled_trout,1
felicicrow,1
wobbler,1
fruit_dove,1
fanwing_(wof),1
platerodrilus,1
iron_tooth,1
yorier,1
vulpes_(voidcritters),1
voidcritter_(species),1
glyphid_oppressor,1
dwarf_bulborb,1
aberrant_wing,1
erchitu,1
cecidine,1
mini_john_(pizza_tower),1
olive_trooper,1
pizza_angel_(pizza_tower),1
saberwing_(wof),1
watery_blowhog,1
hokun,1
desert_ratteguhn,1
demon_hyena,1
horned_python,1
zazane,1
morpheel,1
independent_parasite,1
ohrian_(pikmin),1
scp-1619-1,1
kobold_(ff),1
bulborb_larva,1
ambient_whale,1
cottonfluff,1
honeywisp_(pikmin),1
stratozotz,1
kidsect,1
scp-3325-1,1
scp-924,1
scp-1861-b,1
silvermane_rat,1
bolum,1
aqualux,1
scp-2727-2,1
scp-1719-1,1
scp-1308,1
skin_creature,1
keleken,1
hocus_crocus_(pvz),1
levitater_(pvz),1
meteor_flower_(pvz),1
macaque_humanoid,1
old_world_monkey_humanoid,1
frox,1
little_frox,1
smewce,1
nymphalis_(elpatrixf),1
protophant,1
scp-1678-a,1
mechanitis_(genus),1
scp-1641,1
bun_chi_(pvz),1
wasabi_whip_(pvz),1
parsnip_(pvz),1
pokra_(pvz),1
headbutter_lettuce_(pvz),1
scp-439,1
scp-879-2,1
arenicolid,1
scp-2250-1,1
scp-2250-2,1
dwarf_orange_bulborb,1
quaggled_mireclops,1
ragetail,1
demichi_(species),1
dysuva_(dragon_adventures),1
veidreki_(dragon_adventures),1
oroalas_(dragon_adventures),1
hedgemeleon,1
melon_piranha_plant,1
eastern_moose,1
mammon_(digimon),1
cat_bullet_bill,1
stygiomedusa_gigantea,1
ovipets_(species),1
crocolisk,1
head_taur,1
jubjub_(mge),1
baldur_(hollow_knight),1
tiktik_(hollow_knight),1
mother_gruz_(hollow_knight),1
aspid_hatchling_(hollow_knight),1
aspid_mother_(hollow_knight),1
furious_vengefly_(hollow_knight),1
void_tendrils_(hollow_knight),1
volatile_gruzzer_(hollow_knight),1
volatile_husk_(hollow_knight),1
key_golem_(minecraft_dungeons),1
fartoise,1
mobian_koala,1
kryptis,1
black-and-white_owl,1
scp-1282,1
scp-1284-2,1
ringed_arctic_fox,1
carnelian_(gem_species),1
bixbite_(gem_species),1
golzy_(temtem),1
scp-3060,1
scp-3060-a,1
gracenovamon,1
jagamon,1
dolpheagle,1
ridgelonian,1
ladybird_spider,1
egyptian_falcon,1
vahlok,1
oshi_(species),1
siliconian,1
oozer_(adventure_time),1
chaos_hydra_(might_and_magic),1
dragon_fly_(might_and_magic),1
wyvern_monarch_(might_and_magic),1
gorgon_(might_and_magic),1
blue_dragon_(might_and_magic),1
silver_dragon_(might_and_magic),1
rubanoid_(bakugan),1
destrakon_(bakugan),1
aje,1
manbomon,1
tv_cat,1
living_pretzel,1
swallow_tail_hummingbird,1
scp-3007,1
plantoid_(stellaris),1
pari_(genshin_impact),1
automata_(fate),1
muttaburrasaurus,1
mako_shark_merfolk,1
april_fools_neopet,1
spider_mice,1
alicorn_sheep,1
soloogarmon,1
loogarmon,1
ponchomon,1
dorid_nudibranch_taur,1
black_spotted_nudibranch,1
chromodoris_dianae,1
hypselodoris_variobranchia,1
chromodoris_willani,1
displacer_serpent,1
deus_ex_machina_(xeono),1
zealandithere,1
sanguini_(dragon_quest),1
henkelotherium,1
urishii_prince,1
urishii,1
abyss_lector,1
tenderalyz_(species),1
linzuru,1
kanushirian,1
semi_mammal,1
canid-like,1
highland_pony,1
nymphasuchus,1
bat_country_girl,1
saarloos_wolfhound,1
tuhle,1
scp-846,1
scp-1194-2,1
scp-1373,1
noctuid,1
large_yellow_underwing,1
palm_cat,1
lightgeist,1
winged_unicorn_taur,1
heartlicker,1
scp-5494,1
scp-6622-a,1
scp-4246-4,1
scp-6255-1,1
kopidodon_macrognathus,1
takkan_(the_nature_of_predators),1
cupricorn,1
duck_taur,1
leapleaf,1
jewel_(land_of_the_lustrous),1
giant_moth_(resident_evil),1
fenrir_(resident_evil),1
hooded_mantis,1
centurion_(resident_evil),1
doragonix,1
lorolael,1
saukuryn,1
cantapodi,1
ardor_warden,1
garra_warden,1
taurolystris,1
scp-2191-1,1
scp-5048-1,1
ophiocordyceps,1
scp-3667-1,1
mining_turtle_(computercraft),1
great_wyrm_(disgaea),1
holy_dragon_(disgaea),1
primal_rafflesia_(pvz),1
bruce_bamboo_(pvz),1
pyrumi,1
extermineater,1
lizardman_(monster_musume),1
diacian,1
scp-4823-1,1
nodosaur,1
scp-008,1
scp-6531-1,1
european_herring_gull,1
wilson's_storm_petrel,1
scp-4041-1,1
banksia_boxer_(pvz),1
abstraction_(the_amazing_digital_circus),1
hee-haw_(jade_cocoon),1
shroomboar,1
galios_(temtem),1
shaelmaar,1
navi_starmobile,1
segin_starmobile,1
turbinid-dragon,1
dogwood_(pvz),1
rare_incisaur,1
tiyanki,1
grootkatt_(species),1
african_porcupine,1
ghouly_(species),1
malm_tiger,1
nytoltalus,1
cuxena,1
lioncorn,1
implin,1
scp-020,1
scp-135,1
scp-129,1
scp-164,1
scp-164-2,1
scp-199,1
ambient_maggot,1
ghirrash,1
scp-4980,1
ambient_cicada,1
color_parasite,1
scp-625,1
viis_(alien_chronicles),1
parabuzzy,1
nose_creature,1
ghouleon,1
crunchling,1
buyon_(badnik),1
asteron_(badnik),1
octus_(badnik),1
taskulento,1
ambient_corvid,1
mobian_canary,1
hierotitan,1
dropship_(half-life),1
farfarello_(resident_evil),1
mobian_armadillo,1
bloomp_(mario),1
dinkubus,1
skywing_elf,1
infected_balloon_(hollow_knight),1
sponge_(minecraft),1
ouroboros_(xenoblade),1
spectrovenator,1
tapuiasaurus,1
kissy_(species),1
burmilla,1
grey-faced_buzzard,1
japanese_pygmy_woodpecker,1
little_grebe,1
syimoon,1
scarab_(halo),1
reindeer_puffle,1
ikakuma_(pokestory01),1
hotsueon_(pokestory01),1
ocepechelon,1
cryptodira,1
dragon_puffle,1
samatura,1
chicken_puffle,1
bat_puffle,1
ouzelum,1
scp-363,1
amazonian_giant_centipede,1
snoozee_(licoricetree),1
mobian_pika,1
scp-631,1
scp-2875-a,1
lepus_europaeus,1
scp-749,1
masterbeastmon,1
dumon,1
kasica,1
snowman_puffle,1
scp-019-2,1
scp-306-1,1
scp-1341-2,1
scp-2429,1
afrovenator,1
procambarius_digueti,1
coalpuff,1
pacific_blackdragon,1
coffinfish,1
sea_toad,1
dogfolk_(ni_no_kuni),1
quarrister,1
rare_hippityhop,1
rare_theremind,1
epic_furcorn,1
rare_punkleton,1
pango_(my_singing_monsters),1
maw_(my_singing_monsters),1
rare_flum_ox,1
rare_yawstrich,1
epic_bowgart,1
pan_(species),1
portiid,1
florami,1
entbrat,1
niptik,1
sucklefly,1
assymetric_person_(all_tomorrows),1
epic_kayna,1
congle,1
proxian,1
rare_krillby,1
spurrit,1
pongping,1
roarick,1
tootoo_(my_singing_monsters),1
withur_(my_singing_monsters),1
blow't,1
cybop,1
clavi_gnat,1
emperor_bisonorus,1
standard_bisonorus,1
playphid,1
squot,1
pipimon,1
rare_pummel,1
pummel_(my_singing_monsters),1
gob_(my_singing_monsters),1
jabber_(borderlands_3),1
tamaranian_hopper,1
kohikii,1
owa'stryrus,1
earth_dragon_(dragon_city),1
american_pekin,1
kokoni_(dog),1
clavavera,1
epic_jam_boree,1
jam_boree,1
chaos_eater,1
venefelis_(nexomon),1
yarasa,1
rasenmon_(fury_mode),1
crash_bandicoot_(species),1
anteater_taur,1
air_grinnade_(skylanders),1
light_grinnade_(skylanders),1
mysticleomon,1
dandylion_(cassette_beasts),1
caulkicephalus,1
paxa_(nikksilil),1
strawburst_(pvz),1
battle_wonder_(species),1
werebuffalo,1
vindula_erota,1
nymphalid,1
papilionoid,1
blue-ringed_octopus_merfolk,1
luothina,1
buychu,1
pikonsume,1
terapagos_(stellar_form),1
chaser_worm,1
turret_jellyfish,1
bat_(cult_of_the_lamb),1
jumper_worm,1
breacher_primus,1
rathound_(underrail),1
acrador_taur,1
gorgon_pitcher,1
batyote,1
orchid_mage,1
pombomb,1
bubbly_seahorse,1
arcona,1
muun_(species),1
gotal,1
gadzooks_(my_singing_monsters),1
kingwhamon,1
dragon_(geometry_dash),1
obstacle,1
spider_(geometry_dash),1
robot_(geometry_dash),1
ufo_(geometry_dash),1
dakota_(marapets),1
rhynchocyon,1
tupistra_stalker,1
rhomaleosaurus,1
shambler_(grove),1
asparagus_(pvz2),1
yursle,1
kobold_(ragnarok_online),1
banana_split_(pvz),1
haunted_pumpking,1
exotic_butters_(fnaf),1
yooreek_(my_singing_monsters),1
kanga_rat,1
leaper_lizard,1
jade_(gem_species),1
cherry_quartz_(gem_species),1
frostalyn,1
spiraryu,1
spirasol,1
keehee,1
hopslop_(creatures_of_aether),1
zephyrus_(creatures_of_aether),1
firefang_(creatures_of_aether),1
pseudo_zombot,1
bardottan,1
quasar_dragon,1
bamboo_spartan_(pvz),1
bzzz_button_(pvz),1
boomberry_(pvz),1
maybee_(pvz),1
bean_sprout_(pvz),1
sundew_tangler_(pvz),1
cran_jelly_(pvz),1
bud'uh_boom_(pvz),1
kaiju_gootraxian,1
plantix_gootraxian,1
brain_(robotron:_2084),1
king_vulture_(rain_world),1
diacodexis,1
delta_mismagius,1
labotory_(kirby),1
pseudosuchian,1
barinasuchus,1
popsaurus,1
leshee_(the_nature_of_predators),1
celestial_pillar,1
sparklebird,1
euparkeria,1
kyaromon,1
mobian_dolphin,1
ponman,1
jungle_spirit_(crash_bandicoot),1
cromulon,1
oscar_(fish),1
scp-2133-2,1
scp-958-a,1
scp-1498-1,1
gem_fish_(kleptocats),1
goldfish_(kleptocats),1
gen_1_m1nty_(skeletonhearts),1
m1nty_(skeletonhearts),1
totoaba,1
acanthuriformes,1
sciaenoidei,1
sciaenidae,1
gangrel_(world_of_darkness),1
fomori_(world_of_darkness),1
possessed_(world_of_darkness),1
camazotz_(world_of_darkness),1
toreador_(world_of_darkness),1
nagaraja_(world_of_darkness),1
scp-6833,1
scp-6833-a,1
scp-6833-b,1
bacteria_humanoid,1
spotted_turtle,1
microceratops,1
mawmense_(temtem),1
sea_elephant,1
scp-3003-3,1
scp-7354-a,1
scp-7450,1
highland_sheep,1
cretan_sheep,1
beak_dog,1
arctichare,1
fleshhound_of_khorne,1
e.m.peach_(pvz),1
mowling,1
goliath_(oh_so_hero!),1
orange_wybel_(wynncraft),1
wybels_(wynncraft),1
pomfkin,1
ambient_wingull,1
gen'dai,1
bramble_bush_(pvz),1
draconis_(starbound_mod),1
siege_turtle,1
magic_pot,1
sergal_tapir,1
zx-tole,1
mummy_(tomb_raider),1
semerkhet's_guardian,1
exhibition_homer,1
barbax,1
cantiorbeal,1
zombie_salmon,1
hross,1
embosaur,1
trihecta,1
snugget_(starbound),1
slitheen,1
hybrid_pal,1
he_(anthro),1
jolthog,1
hoocrates,1
beeboorat,1
satyr_(kingdom_hearts),1
starmeink,1
ambition_karma_dragon_(dragon_city),1
high_moon_empress_dragon_(dragon_city),1
dual_parliament_dragon_(dragon_city),1
dual_perception_dragon_(dragon_city),1
pyrin_noct,1
circuit_bee_(lethal_company),1
tyrannomimus,1
living_cake,1
jarackle,1
kra'deshi,1
ancient_(h.p._lovecraft),1
albino_penguin_(h.p._lovecraft),1
pebblesorter,1
pebpanzee,1
fluffy_pony_taur,1
mountrageon,1
xixchil,1
vanwyrm_cryst,1
vaelet,1
blazehowl_noct,1
reptyro,1
wumpo,1
menasting,1
jormuntide_ignis,1
jaur_(the_nature_of_predators),1
tohgron,1
sinaih_agauna,1
horned_stranger_(parasite_eve),1
namr,1
millennial_pearl_seahorse,1
scp-1788,1
gumbaal,1
scp-580-02,1
scp-1812,1
scp-2762-1,1
wolffo_(legend_of_zelda),1
scp-2610-e,1
sepah_visha,1
scp-779,1
scp-299,1
scp-3512-1,1
machine_elf,1
fractal_elf,1
dog_(uiic),1
geo_slime,1
anemo_slime,1
scp-5610,1
scp-6710,1
perk_gourmand,1
fuelong,1
western_red_bat,1
fluff-fleece_goat,1
leisurely_otter,1
onikabuto,1
electro_hypostasis,1
geo_hypostasis,1
hypostasis,1
diictodon,1
buffahorn,1
tulkun,1
canterwit,1
collector_(mass_effect),1
hebi_(kaiju_paradise),1
draconic_axolotl_(lofi_nebulae),1
skog_(species),1
novalite,1
jagertinger,1
kegatok,1
xyloscorch,1
two-headed_spider-eyed_mule_deer,1
brastak,1
fat_cat_(ffxiv),1
drinion_(subspecie),1
flower_crab,1
horsehair_crab,1
crucifix_crab,1
strawberry_crab,1
samurai_crab,1
ozark_cavefish,1
gollum_snakehead,1
hawai'i_'o'o,1
cherruble,1
catalyzt,1
cahoot,1
plant_wubbox,1
chaos_titan_(warhammer_40000),1
ravenii,1
tambaloslos,1
reaper_varren_(andrewryanart),1
scp-2833-a,1
zmeu,1
akuloth,1
bolutan_(violentcicadas),1
scissor_tailed_flycatcher,1
southern_masked_weaver,1
porcellio_laevis,1
splintercat,1
grimalkin_(palia),1
cha_kla,1
mythological_qiqirn,1
mythological_wani,1
mossfly,1
kimat,1
umi-inu,1
sea_dog_(heraldry),1
pesanta,1
minink,1
mezmola,1
pumarang,1
canid_angel,1
kweebec,1
mobian_quokka,1
bitron,1
werepigeon,1
zeexen,1
vore_(quake),1
corastil,1
soothing_remora_(astrea_six-sided_oracles),1
acanthinodera,1
pipismon,1
item_balloon,1
moixaura_(dragon_adventures),1
legend_beast_(legends_of_chima),1
acrophyseter,1
eurhinodelphinid,1
tigolf,1
artarctic_scale_worm,1
artarctic_scale_worm_humanoid,1
scale_worm,1
scale_worm_humanoid,1
stonefish_humanoid,1
northern_quoll,1
western_quoll,1
turtle_frog,1
predator_rat,1
pfrit,1
armoroid,1
bearealis,1
longhorn_cowfish,1
relic_neopet,1
woodland_neopet,1
viewers_(cape_escape),1
daemonic_mount_(warhammer),1
woolyne,1
gatehound,1
gorg_(star_wars),1
gorg_(home),1
tt-8l_gatekeeper_droid,1
longnose_gar,1
beta_umbreon,1
giant_jellyfish_(rain_world),1
deep_sea_shigarshil,1
tenerife_blue_chaffinch,1
bowmunk,1
silver_neopet,1
dip_(mythology),1
urchin_(mythology),1
water_leaper,1
rathtar,1
chinese_raccoon_dog,1
boss_sumo_bro,1
gobblin_(deadlaws),1
biot-savartian,1
evolved_polar_manzardill,1
brown_rat_humanoid,1
vesper_mouse,1
vesper_mouse_humanoid,1
palsona,1
hyrbid_humanoid,1
broadhead_(horizon),1
coalescipede_(rain_world),1
hooper_trooper,1
glorg_(little_runmo),1
little_danger,1
joker_fish,1
aricorn,1
arborling,1
jollybean,1
mimix_(strudel_cafe),1
strudel_(strudel_cafe),1
thimblet,1
blazeborn_(origins),1
merling,1
argus_pheasant,1
little_bustard,1
scp-1702-2,1
bogglyr,1
veyan,1
chest_humanoid,1
coin_humanoid,1
big_boo_(mario),1
radiaution,1
belgian_waffle_slobber-barker,1
mellow_(dragon_village),1
greeter_(braid),1
mimic_(braid),1
legionnaire_warhorse_(paladins),1
massiff,1
zelorian,1
infi-nut_(pvz),1
zalgoid,1
sheeb_(pochi),1
jabblebashhe,1
brass_contraption,1
ravil,1
snow_neopet,1
ambient_parrot,1
insane_cancer,1
sardonyx_(gem_species),1
moonstone_(gem_species),1
sugilite_(gem_species),1
eluvphant,1
sylveon_protogen,1
melagon_(puzzle_and_dragons),1
sun_bean_(pvz),1
celery_stalker_(pvz),1
primal_potato_mine_(pvz),1
epic_whisp_(my_sining_monsters),1
common_tweedle,1
common_maw,1
common_potbelly,1
common_tootoo,1
moa_(aether),1
sonoran_mountain_kingsnake,1
spawning_accordo,1
homing_arpeggio,1
springing_spiccato,1
swarming_languendo,1
reviver_(half-life_alyx),1
procaricus,1
contingency_(stellaris),1
podblob,1
faceless_monster,1
drazzan,1
rare_glowl,1
glimmering_glowfish,1
auruthemin,1
monstaur,1
shellfire,1
manispear,1
hive_soldier,1
indohyus,1
saker_series_android,1
delta_gallade,1
phone_head,1
glory_(bayonetta),1
myanmar_snub-nosed_monkey,1
raccoon_butterflyfish,1
basslet,1
flame_angelfish,1
frogfish,1
panda_butterflyfish,1
hawaiian_cleaner_wrasse,1
tilefish,1
florea_(dragon_village),1
mensten_(scar),1
st-series_super_tactical_droid,1
shai-hulud,1
starborne,1
nilumin,1
tadpole_merfolk,1
amphibian_merfolk,1
dreary_ball_(afk_arena),1
bellanoir_libero,1
smile_cat_(zoonomaly),1
american_herring_gull,1
drownviper,1
vanilla_(pvz),1
brahminy_blind_snake,1
acorn_creature,1
mamuta,1
rapunota,1
anima_sapiens,1
aigippus,1
canary_humanoid,1
snowickle,1
quetzal_(neopets),1
blibble,1
sklyde,1
rainbow_slime,1
indotriconodon,1
swanmon,1
astro_(species),1
zaeon,1
minimocursor,1
lil'_mouser,1
nomadimouse,1
chicka-lisk,1
cutie_(at),1
belphemon_x,1
mobile_persocom,1
ragnarr_(invincible),1
killoite,1
juralian,1
computron,1
dragaviir,1
giren_(suncasters),1
dandylion_(tuxemon),1
zoon-seijin,1
crolute,1
tahamaling,1
scp-655-a,1
scp-658,1
trash_creature,1
scp-667-2,1
land_crab,1
santelmo,1
scp-3310-gamma,1
belantsea,1
lollipop_catshark,1
harpacanthus,1
rough_shark,1
bandringa,1
pocket_shark,1
plesioselachus,1
harpagofututor,1
squaloraja,1
myriacanthus,1
dracopristis,1
thrinacodus,1
jungle_abomination,1
endersent,1
squall_golem,1
moolip,1
moolip_humanoid,1
tilapia,1
wavy-lined_grouper,1
roughback_sea_catfish,1
ariid_catfish,1
indian_mackerel,1
picturesque_dragonet,1
titan_triggerfish,1
blinker_(scp-5000),1
goldcrest,1
koipise,1
seradae,1
bimpil,1
roadkill_rodney,1
yoyomon,1
cu:re-d,1
fountain_bat,1
gwalla,1
quilin_(neopets),1
msp_neopet,1
ghostkerchief,1
harris_(neopets),1
rainblug,1
springabee,1
mauket,1
kookith,1
yullie,1
spotted_neopet,1
werezebra,1
skunk_neopet,1
ratoid_(duke_nukem),1
vile_(species),1
meat_snake_(vita_carnis),1
rotture,1
scumcrow,1
scaggot,1
mollosk,1
straiker,1
blob_mole,1
ghiozzo_(resident_evil),1
cochoa,1
axxel_cat,1
tyrian_(world_of_reos),1
mantagrem,1
amazi,1
dy'kletiun,1
thilyarem,1
chime_(species),1
skullbird_(species),1
barnevelder,1
closterium,1
beartrap_(fnaf_world),1
prototype_(fnaf_world),1
graveweed,1
bouncepot,1
boarbatusk_(rwby),1
auroran,1
bruno_jura_hound,1
bellcat,1
reinang,1
yellow_boxfish,1
spotted_garden_eel,1
red_toad_(mario),1
toady,1
internecivus_raptus,1
scissortail_sergeant,1
bluelashed_butterflyfish,1
scolopendra_subspinipes,1
puffy_blowhog,1
baboongamon,1
pineacool,1
javrii,1
edestus,1
holocephalan,1
paltan_(the_nature_of_predators),1
omnidroid,1
mucktorok,1
zeroid,1
cube_(terrahawks),1
belenz,1
wolfmer,1
fix-its,1
kabo_tiba,1
drupeian,1
bee-rabbid,1
mawlurk_(hollow_knight),1
the_fifteenth,1
springtail_humanoid,1
chorby,1
hellenic_giant,1
mythological_giant,1
huge_shadow_dominus,1
shadow_dominus,1
featherlight,1
hainosaurus,1
dendro_samachurl,1
grende,1
mouthseer,1
jewel_pony,1
jinga_(phantasy_star_online),1
sphinxian,1
rhamposuchus,1
dinofelis_barlowi,1
hydrodamalis,1
koro_(antilia),1
scp-2292-2,1
half-moon_conure,1
crucible_(species),1
nippit,1
scp-1784,1
anastoechus_nitidulus,1
rainbow_leaf_beetle,1
shellder_taur,1
melolonthinae,1
sparrmannia,1
hillstream_loach,1
rainbow_loach,1
royal_angelfish,1
hobblegrunt,1
analogue_monster,1
scp-1420,1
starsweeper,1
daemotusian,1
crocatiel,1
growlizard,1
araucana,1
chocodog,1
nospurratu_(chop_goblins),1
ningen_(cryptid),1
y'ren,1
antalir,1
memranth_drake,1
aveni,1
robot_pet_(kirby),1
chianina_bull,1
pearable_bird,1
crabdozer,1
evolved_galilean,1
cyberpitz,1
neomai,1
databeing,1
monster_kelp_(rain_world),1
kagewani,1
orcbear,1
kitigari,1
aquapede_(rain_world),1
kaiming_shou,1
huan_(the_classic_of_the_western_mountains),1
zhujian,1
galactic_deer,1
morcanix,1
defect_(species),1
finnish_landrace_goat,1
irish_goat,1
aland_sheep,1
startouch_elf,1
blood_tooth_fungi,1
blood_tooth_mushroom,1
houndshark,1
butiko,1
dergbold,1
summer_wing_pony,1
clown_knifefish,1
komanoto,1
komadoros,1
poppuppy,1
biteki_(pokemon_clover),1
rhinotaur_(medievil),1
american_ringtail,1
parrotbill,1
aethonite,1
mundi_felidae,1
snail_shaman_(species),1
lintling,1
niffen,1
zombleat,1
weeping_mouse,1
demi_grimm,1
pen-tailed_treeshrew,1
polish_konik,1
prismey,1
kobold_(monsterpunk),1
carpies_(gummi_bears),1
nether_wolf_(foxgumie),1
imp_(rwby),1
lancer_(rwby),1
sabyr_(rwby),1
sea_feilong_(rwby),1
lord_of_flies_(fear_and_hunger),1
glossotherium,1
common_bluebottle,1
soulsand_wolf_(foxgumie),1
empath_(fiend_folio),1
rotom_bike,1
spirit_turtle,1
spinefish_(subnautica),1
babyhemoth,1
sea_rhinoceros,1
golden_macaw,1
oracrys,1
seecrys,1
larvomb,1
sicni,1
harchling,1
harparina,1
carlfish,1
red_sindhi,1
guzera_(guzerat),1
raccoon_cat,1
pulsian_chocobo,1
dingbat_(miso_souperstar),1
merek-locian,1
is-0091_(leyak),1
proto_dragon_(warcraft),1
angel_slime,1
ojan,1
humming-fish,1
aether_wolf_(foxgumie),1
ukama_(temtem),1
belfly_(hollow_knight),1
fungal_scratcher_(darkest_dungeon),1
inspector_(rain_world),1
obsidianflame,1
sanguine_bat,1
alieon,1
scp-1557-a,1
scp-1557-b,1
scp-1557-c,1
creeper_wolf_(foxgumie),1
sea_ferrin,1
smooth-coated_otter,1
snake_ball_(bloodborne),1
scp-2574-1,1
little_brown_bat,1
canis_mosbachensis,1
pliohippus,1
pliohippus_pernix,1
dusicyon,1
dusicyon_avus,1
theriodictis,1
theriodictis_platensis,1
hypohippus,1
hypohippus_osborni,1
sifrhippus_grangeri,1
sifrhippus,1
arizona_bark_scorpion,1
scp-594,1
scp-1013,1
scp-3400-1,1
omura's_whale,1
scp-2037,1
strider_(all_tomorrows),1
shrinking_violet_(pvz),1
yellownosed_albatross,1
murgg,1
gigaseadramon,1
guard_dog_(final_fantasy_vii),1
cripshay_(final_fantasy_vii),1
grapeshot_(pvz),1
gold_bloom_(pvz),1
silicoid,1
dagoda_(kaiju_paradise),1
sussex_chicken,1
lurmen,1
big_dora,1
scp-972-jp,1
dire_motorcycle,1
scp-671-jp,1
scp-671-jp-1,1
petrid,1
diplozoid,1
noot_noot,1
snowberman,1
lullu_(pal),1
boombat,1
naga_(shantae),1
octomammoth,1
lunarian_(final_fantasy),1
capracalide_(nyxotiacola),1
cirvulp,1
envelawn,1
constricturf,1
phantasmal_poison_frog,1
cimolestid,1
cimolestan,1
skimwing,1
canivoran,1
scintilakian,1
cosmic_pea_(pvz),1
snow_wolf_(foxgumie),1
cutie_cascade_pony,1
shirachigo,1
inmyao,1
reyep-kamuy,1
yiji,1
froap_(insomniacovrlrd),1
hellhound_taur,1
glowbug_(scrap_mechanic),1
sirenidae,1
southern_bahamas_anole,1
puddis,1
headless_(fear_and_hunger),1
bobby_(fear_and_hunger),1
pillarman_(fear_and_hunger),1
pearly_clamclamp,1
stickbone,1
gluttonous_yumkasaur_mountain_lord_(genshin_impact),1
star_horse,1
steelhound,1
domestic_servant_robot,1
shoutmon_dx,1
circassian_orloff_wolfhound,1
dralinflore,1
quili-quili,1
clon_(fantasy_zone),1
moocolon,1
bottaco,1
black_dog_(folklore),1
possessum,1
lilith_(castlevania),1
gorgosuchus,1
dracoceratops,1
spinoceratops,1
carnoraptor,1
bagehesaurus,1
erliphosaurus,1
kaprodacthylus,1
living_mist,1
nargas_dercas,1
lightning_fox,1
amookun_(species),1
c'zath_(species),1
oink_rabbit,1
fluffiee,1
fofa_(kirby),1
nesolagus,1
water_python,1
vindicator_(mincraft),1
door_ant,1
gold_bro,1
novosaur,1
whirling_accelerando,1
schmentorr,1
dark_hide,1
philippine_cobra,1
indian_jackal,1
chagrian,1
vanitail_(monster_racers),1
sinotyrannus,1
dawn_dragon,1
canequine,1
sea_bream,1
scp-3802-a,1
dad-bod,1
breton_epagneul,1
polarian_dragon,1
rainbow_dragon_(species),1
eridanian_dragon,1
atlantic_torpedo_ray,1
pachimolga,1
motlien,1
marine_demon,1
fallen_archangel,1
kolbones,1
alpha_commander_(helldivers),1
broom_king,1
koi_(neopets),1
barnaboo,1
dark_lizamon,1
fur-bearing_trout,1
inverted_taur,1
palestrider,1
apotatosaurus,1
aether_dragon,1
tacodile,1
minidemon,1
gorirat_terra,1
cockatrice_(feather_family),1
miman,1
viper_(sgt._frog),1
lust_reaper,1
shade_(hades),1
mercury_djinni,1
pearlscale_goldfish,1
shubunkin_goldfish,1
wakin_goldfish,1
trombil_(the_nature_of_predators),1
mantoan,1
diurnal_gryphon,1
sephirotmon,1
wilson's_warbler,1
crossmon,1
parux,1
elarickkeir,1
veraiatrice,1
jhiggo_jangl,1
pierry,1
starlit_(creatures_of_sonaria),1
flame_jackal,1
sziviik,1
kernal_corn_(pvz),1
makulian,1
verolisk,1
maraisreq,1
kreu,1
dranic_(form),1
cuttlebot,1
snail_fur,1
bunnecki_(loomian_legacy),1
reapmon,1
uhwdstc_(gyhmybzyz),1
bristolia_insolens,1
scivoli_(nommz),1
chicomon,1
mochimon,1
bubbmon,1
tunomon,1
living_marijuana,1
zerdava,1
black_mouth_cur,1
sussex_spaniel,1
pufferfish_(minecraft),1
pyrovore,1
orecrusher,1
ironing_board_shark,1
stethacanthus,1
valiyn,1
tanis_(uncrom),1
blank_(bleach),1
scarran_(species),1
scream_cheese,1
deckman_(battle_angel_alita),1
drac_(enemy_mine),1
en_mushroom_clone,1
howler_(harry_potter),1
mushroom_person_(dark_souls),1
sebacean,1
stalker_(half-life),1
boulan-bathor,1
tesso_(nioh),1
gaki_(nioh),1
wheelmonk_(nioh),1
toxic_slime_(nioh),1
mitsume_yazura_(nioh),1
nocturnal_gryphon,1
galarius,1
pukumon,1
fusestopper,1
klushund,1
ykanti,1
baton_(uncrom),1
saddle_butterflyfish,1
hoplitaspis,1
jellyhead,1
pararoid_v-1_(mega_man_x),1
arade,1
honeybeemon,1
hippogryphmon,1
kli-tai,1
woolwoo,1
feli_(subeta),1
tank_taur,1
kerry_bog_pony,1
kaosseffexx_ultimasauria,1
arvaelien,1
obsaurus,1
crab_pig,1
stranger_(white_stag_education),1
forest_melt,1
byrus,1
jab_joat,1
bronzed_cowbird,1
american_coot,1
red-eyed_vireo,1
snail_kite,1
eastern_towhee,1
eared_grebe,1
red-throated_loon,1
virginia_rail,1
white-faced_ibis,1
western_grebe,1
black_rail,1
canvasback,1
clark's_grebe,1
maraudowolf,1
ferafang_(species),1
tasmanian_masked_owl,1
west_african_slender-snouted_crocodile,1
cuvier's_dwarf_caiman,1
morelet's_crocodile,1
west_african_crocodile,1
new_guinea_crocodile,1
philippine_crocodile,1
sarcosuchus_imperator,1
araripesuchus_wegeneri,1
torvoneustes,1
torvoneustes_carpenteri,1
deep_nightmare_(sonic),1
micropachycephalosaurus,1
felclaw_(nexomon),1
plymouth_rock_chicken,1
new_hampshire_red,1
cainen_(loa),1
psycholeopterran,1
basalt_(ben_10),1
cephalod-ae,1
evolved_panuncian,1
evolved_appoplexian,1
omnivoracious,1
slammoid,1
vicetopus,1
ormerowon,1
millgan,1
qucusaurus,1
mecha_(elepatrium),1
neodragonoid_(bakugan),1
alfiq-raht,1
tojay-raht,1
pitta,1
taraheek,1
car_taur,1
sparkla,1
scorpio_demon,1
polish_rabbit,1
antitoon,1
chinpokomon_(species),1
tower_(dota),1
hisstok,1
drain_fly,1
green_soldier_fly,1
rock_monster_(power_miners),1
glaciator_(power_miners),1
red_egg_crab,1
green_shell_semi-slug,1
semi-slug,1
puerto_rican_amazon,1
winged_coyote,1
beta_elgyem,1
beta_kyurem,1
beta_emolga,1
proceratosaurid,1
donotsura,1
mythological_lagomorph,1
foxxen,1
kai_(dragon_ball),1
temper_wolf,1
eutanis_hound_(lloxie),1
the_backteria_(the_backrooms),1
blue_whawk_(forest_patrol),1
barosaurus,1
great_horned_bundigo,1
geortharoc_(creatures_of_sonaria),1
pigepic_(temtem),1
luminisk,1
autine,1
golden_mouse,1
lokiceratops,1
spruce-fir_moss_spider,1
mountain_bamboo_partridge,1
night_terror_(httyd),1
dramillion,1
razorwhip,1
scuttleclaw,1
shovelhelm,1
fuzzy_(little_fuzzy),1
pervatasaurus,1
eth'dra,1
a03,1
velkin_(species),1
gloomhound_(warcraft),1
patagotitan,1
bone_thresher,1
bay-breasted_warbler,1
rheineer,1
poison_smoglin_(starbound),1
turanoceratops,1
kamikaze_(serious_sam),1
musk_turtle,1
herbunny_(yaoling_mythical_journey),1
skeetla_(dinosaur_planet),1
ginkgoblin,1
barlgura,1
ahuzitol,1
nisedrimogemon,1
barocress_(fakemon),1
eeveenon_(fakemon),1
grindalid,1
tynnan,1
deviation,1
chalo(vrchat),1
moss_walker,1
rabunga_(species),1
laeus_greymon,1
zino_garurumon,1
bobtail_eel,1
mysid_shrimp,1
snipe_eel,1
mawful_mole,1
crawful,1
sockop,1
mechawful,1
scutlet,1
sorta_dragon_thing,1
amazoneko,1
tanycolagreus_(species),1
hinoenma,1
goborn,1
ittriani,1
bony_fish,1
mse-6_droid,1
lambtron,1
rhinoroller,1
havana_rabbit,1
draenyct,1
onier,1
oryctodromeus,1
malexonas,1
stiti,1
scafallis,1
spinner_(final_fantasy),1
grimly_(crash_bandicoot),1
pretzel_(species),1
candle_dragon,1
bildit_(beastieball),1
zoybean_pod_(pvz),1
turkey-pult_(pvz),1
kaua'i_'o'o,1
wiggler_segment,1
volcanian,1
susimi,1
simosuchus,1
caldonterrus,1
fallen_lizard,1
rare_uuduk,1
spring_humanoid,1
equala,1
scarlet_headed_blackbird,1
racbun,1
blockoli_(pvz),1
holly_barrier_(pvz),1
explode-o-nut_(pvz),1
vamporcini_(pvz),1
thuon,1
bogged_(minecraft),1
oreodont,1
julies,1
shrumal_warrior,1
vetemortem,1
phosphatodraco,1
deltan_(star_trek),1
virmink_(warframe),1
mother_long_legs_(rain_world),1
skiphosoura,1
solomon_islands_skink,1
demon_kid,1
blood_golem,1
simocyon,1
webspinner,1
pelican_spider,1
denteram,1
pumpkinhead_(ogre_battle),1
pterotracheid,1
pterotrachea,1
avian_11,1
plantoid_machine,1
humanoid_machine_(stellaris),1
avian_9,1
fungoid_11,1
reptilian_8,1
molluscoid_3,1
arthropoid_13,1
mammalian_15,1
aquatic_4,1
molluscoid_16,1
default_machine_(stellaris),1
prethoryn_scourge,1
necroid_(stellaris),1
necroid_12,1
reptilian_16,1
aquatic_14,1
mammalian_17,1
plantoid_6,1
pride_demon_(dragon_age),1
arthropoid_8,1
velocirifle,1
poison_giant,1
gray_mouse_opossum,1
menace_(cos),1
madagascan_flying_fox,1
coelurus,1
camptosaurus,1
yamanonushi,1
beta_tornadus,1
gyorori,1
assildra,1
strawberry_seed_beetle,1
suiba,1
achelousaurus,1
conchoraptor,1
phosphoran_phlox,1
lickerino,1
wargrowlmon_x,1
watcher_(elder_scrolls),1
whirlwolf,1
scullking,1
reaper_(helluva_boss),1
oval_butterflyfish,1
mascotorn,1
oceanic_dolphin_taur,1
gigantamax_yveltal,1
moleweasel_(masterwork_dwarf_fortress),1
charlequin,1
common_sox_(my_singing_monsters),1
common_krillby,1
common_cataliszt,1
common_withur_(my_singing_monsters),1
common_clavavera,1
common_gob,1
common_spurrit,1
common_monculus,1
common_cybop,1
common_entbrat,1
common_clavi_gnat,1
common_thwok,1
common_congle,1
skitterbug_(drawfee),1
smoxilon,1
mcgoo,1
cloucat,1
felimbus,1
honeydragon_(hydratomic),1
numtum,1
madgeburg_unicorn,1
mole_(romancing_saga_2),1
chinese_tiger_beetle,1
peacock_katydid,1
porcelain_roach,1
ant_nest_beetle,1
click_beetle,1
groundhopper,1
jewel_scarab,1
monkey_beetle,1
new_guinea_stag_beetle,1
violin_beetle,1
bobak_marmot,1
chondrophore,1
cup_coral,1
pencil_urchin,1
basket_star,1
giant_basket_star,1
sea_mouse,1
snake_star,1
sun_star,1
devil_frog,1
gummy_humanoid,1
commyloose,1
garuda_(pathfinder),1
kaamoh,1
dinoponera_tribe_(boogiebarrel),1
asiarcha_angulosa,1
asiarcha,1
tessaratomidae,1
ziphus,1
pig_(tomba!),1
cellar_spider,1
pink_underwing_moth,1
red-lined_bubble_snail,1
garden_snail,1
mik_(kid_icarus),1
skuttler_mage,1
pouched_lamprey,1
clupeiform,1
sand_lance,1
iktomisaurus,1
souflee,1
european_common_squid,1
false_cowrie,1
apple_snail,1
auger_snail,1
carrier_snail,1
cymbium,1
harp_snail,1
helmet_snail,1
heteropod,1
mitre_snail,1
murex,1
olive_snail,1
radiolarian,1
razor_clam,1
rotifer,1
shipworm,1
spiny_oyster,1
stentor,1
top-snail,1
tower_snail,1
turban_snail,1
scoliid,1
ambush_bug,1
crown_wasp,1
golden_egg_bug,1
jewel_bug,1
leaf-footed_bug,1
stalk-eyed_fly,1
tortoise_beetle,1
roach_(fish),1
tench_(fish),1
barb_(fish),1
bleak_(fish),1
bream_(fish),1
mullet_(fish),1
greek_tortoise,1
common_dragonet,1
poacher_(fish),1
swallowtail_sea_perch,1
crestfish,1
dory_(fish),1
horned_bannerfish,1
john_dory,1
snailfish,1
weever,1
wreckfish,1
carangiform,1
lookdown,1
torian_(sefeiren),1
paldean_quagsire,1
nogratu,1
frozian,1
command_bridge_droid,1
geonosian_queen,1
chewyaya,1
leather_star,1
ornate_tree-kangaroo,1
rufous_hare-wallaby,1
coracias_(genus),1
sharakara,1
aquamoth,1
pompadour_cotinga,1
brown_howler,1
campo_troupial,1
gold-and-white_marmoset,1
white-bellied_spider_monkey,1
white-faced_saki,1
white-headed_marmoset,1
wied's_marmoset,1
atlantic_spanish_mackerel,1
brown_bullhead,1
ictalurid,1
longhorn_sculpin,1
northern_red_snapper,1
charcoal_creature,1
varga_(dragon_ball_multiverse),1
purple_sea_snail,1
vortex_(ecco_the_dolphin),1
saber_lion,1
pistol_shrimp_humanoid,1
norbottenspets,1
ubirajara,1
floro_sapien,1
orc_(dfo),1
mountain_tauren,1
maw_(atlyss),1
skullhead_(cave_story),1
sandcroc_(cave_story),1
green_devil_(cave_story),1
basil_(cave_story),1
the_door_(cave_story),1
hoppy_(cave_story),1
littles_(cave_story),1
crow_(cave_story),1
fai_(species),1
venus_rabbit,1
metal_horror_(rimworld),1
ogei,1
ichidou,1
garakotsu,1
fuzz_core,1
giant_pignon,1
fuzz_(cave_story),1
genyodectes,1
ornithocheirus,1
chirostenotes,1
abomination_(madness_combat),1
striped_biologist-taunter,1
nolumoth,1
dogbun,1
meekrob,1
brequewk,1
wystora,1
prabiki,1
morinus,1
hikorshi,1
ibetchi,1
colval,1
demetyra,1
bison_taur,1
chibigen,1
flame_thrower_(sm64),1
sharpea,1
snake_person_(cthulhu_mythos),1
bone_piranha_plant,1
gajios,1
long-necked_rhino,1
animate_inanimate_taur,1
snatchmon,1
citramon,1
tigervespamon,1
giromon,1
alpacalypse_(miso_souperstar),1
levnir_(miso_souperstar),1
oposse_(miso_souperstar),1
platypult_(miso_souperstar),1
jovian_celestial,1
nachtskinhren,1
karna_(dragon_village),1
solar_dragon,1
iris_(dragon_village),1
hellkaiser,1
illan,1
hapla,1
epit,1
talissah,1
darknix,1
flaghead,1
seere,1
nakir,1
florea_(fennecnom),1
brrry_(dragon_village),1
frostina_(dragon_village),1
demong_(demong_and_gargoyle),1
mud_dragon_(dragon_village),1
swamp_dragon_(dragon_village),1
unicorn_dragon_(dragon_village),1
janus_(dragon_village),1
lalux,1
goldie_(dragon_village),1
scrapnik,1
scolosaurus,1
altispinax,1
kowosu,1
quahog,1
fat_innkeeper_worm,1
cutlassfish,1
blue_bat_star,1
boaboa,1
sea_cucumber_taur,1
sea_pig_taur,1
peglaci,1
fusilier_(fish),1
opah_(fish),1
leguatia_gigantea,1
european_turtle_dove,1
pouter_pigeon,1
eastern_lowland_olingo,1
utilikin,1
bellero,1
dragon_bruit_(pvz),1
electric_peel_(pvz),1
totem_dragon,1
bombzar,1
flamerax,1
gekikro,1
yagizora,1
palorchestes,1
ghostray_(subnautica),1
bleeder_(subnautica),1
dolphice,1
subjugator_(destiny),1
african_giant_buffalo,1
south_island_giant_moa,1
silvegis,1
gummy_ghost,1
speakerman_(skibidi_toilet),1
fuxi_(shanhai_jing),1
barbet_(dog),1
bolognese_dog,1
dandie_dinmont_terrier,1
entlebucher_mountain_dog,1
german_roughhaired_pointer,1
glen_of_imaal_terrier,1
gull_terrier,1
cirolanid,1
fungal_cell_(organism),1
animal_cell_(organism),1
living_estrogen,1
phu_quoc_ridgeback,1
pungsan,1
rampur_greyhound,1
sao_miguel_cattle_dog,1
slovak_cuvac,1
slovak_rough-haired_pointer,1
wheaten_terrier,1
xiasi_dog,1
kattdraggen,1
arthropod_demon,1
insect_demon,1
sockwyrm_(zooliminology),1
spume_(zooliminology),1
miish_(zooliminology),1
fogwalker_(zooliminology),1
maax_(zooliminology),1
pantherine_demon,1
lepidopteran_demon,1
galliform_demon,1
phasianid_demon,1
arachnid_demon,1
myriapod_demon,1
fish_demon,1
light_mimic_(zooliminology),1
kyte_(zooliminology),1
droplett_(zooliminology),1
pelet_(zooliminology),1
spospo_(zooliminology),1
sailor_(zooliminology),1
aqua_vine_(pvz),1
mangofier_(pvz),1
zuctuveil_(velvet-rainbow),1
eeveon,1
aereon,1
duneon,1
bandeon,1
cream_wolf,1
croakiss,1
flamoid,1
nightsider_(warhammer_40000),1
light_latex,1
cyclops_worm_(dragon's_lair),1
forgotten_beast_(dwarf_fortress),1
skogsra,1
bunny/fox,1
yellowlegs_(bird),1
grey_trembler,1
rodrigues_starling,1
trembler_(bird),1
jamaican_poorwill,1
rodrigues_rail,1
kiritimati_sandpiper,1
tahitian_sandpiper,1
jamaican_petrel,1
rodrigues_solitaire,1
common_pochard,1
garganey,1
dieffenbach's_rail,1
gadwall,1
harvester_(helldivers),1
harp_(maplestory),1
flamingull,1
havanian,1
diprotodon,1
thresholder,1
stealth_sneak,1
enemy_anemone,1
hole_hound,1
humble_hermit,1
super_fighting_robot_(slarpg),1
frostbite_(middle_of_winter),1
manticoil_(lethal_company),1
anophelinae,1
culicidae,1
rare_hyehehe,1
mole_lizard,1
altai_argali,1
chuck_(bfbb),1
djitar,1
lestodon,1
askajian,1
velker,1
gripherial,1
pikablue,1
koiki_(mcompasss),1
jablogian,1
blastspinner_(pvz),1
blazeleaf_(pvz),1
frostbonnet_(pvz),1
znake_lily_(pvz),1
babullor,1
slingbeak,1
crystal_onix,1
harfetch'd,1
betearow,1
tursoot,1
orphegasus,1
kytto,1
terodactyl,1
latly,1
hyena_(zairiza),1
super_starfruit,1
specter_(horizon),1
circuagodont,1
loopalope,1
nothingwing,1
were-ferret,1
florasaur,1
hexagrammid,1
atka_mackerel,1
attrim_(species),1
dakini_(mythology),1
fupol,1
finnish_landrace_sheep,1
prunelia_(pal),1
mistralion_(nexomon),1
phantra_(nexomon),1
poltergeist_(atlyss),1
stingby,1
urban_stingby,1
buddy_bot_(death_stranding),1
dino_otter,1
mountainier,1
acanthopholis,1
barracu_(kirby),1
xariel,1
spoon_worm,1
marrella,1
astenian_(cavern_crusher),1
aern,1
rozella_(livly),1
stella_(livly),1
snow_dot_(livly),1
vex_mind,1
bamboo_snake,1
madtsoia,1
madtsoia_bai,1
palaeophis,1
palaeophis_casei,1
european_eelpout,1
ilumaran,1
galtling_peashooter_turret,1
living_markings,1
sahtan,1
reptomotor,1
oregoon,1
stickybomb_rice_(pvz),1
cannondramon,1
aelrok,1
honey_golem,1
klaida,1
banded_krait,1
caterpillar_dog,1
daitorikaiju,1
oculi_(species),1
corjaxs,1
talioth,1
puffball_(pvz),1
solar_tomato_(pvz),1
ice_bloom_(pvz),1
tumbleweed_(pvz),1
trigger_teddies,1
sarin_(species),1
gochizo_(kamen_rider_gavv),1
surabhi_(breeders_of_the_nephelym),1
programs,1
firewall_security,1
beauty_rat_snake,1
speleurgan,1
khulaz_(coh),1
felpurr_(coh),1
parahexilian,1
snorpler,1
droma_(honkai_star_rail),1
mythological_hybrid,1
aloesaurus,1
jewelcat,1
omfg_(species),1
zombie_medusa_(pvz),1
electrici-tea_(pvz),1
imp_pear_(pvz),1
gumnut_(pvz),1
boingsetta_(pvz),1
solar_sage_(pvz),1
xenolord,1
giant_tiger_prawn,1
little_marbled_scorpion,1
dandevimon,1
metunny,1
living_eggplant,1
warm_pig_(minecraft),1
janorne,1
ambient_squid,1
taketento_(mega_man),1
abductor_(freedom_wars),1
dionaea_(freedom_wars),1
christmas_island_red_crab,1
golden_bosun_bird,1
allwing_(wof),1
ambient_creeper,1
ambient_enderman,1
garn_(species),1
sushi_humanoid,1
man-eating_plant_(delicious_in_dungeon),1
palau_nautilus,1
spinosaurus_(jurassic_world_rebirth),1
gulf_fritillary,1
variegated_squirrel,1
western_tanager,1
yellow_tiger_moth,1
white_admiral,1
ambient_alien,1
waptia,1
pacific_parakeet,1
green_honeycreeper,1
yellow_canary,1
red_factor_canary,1
kargurhevd,1
calplex,1
gwyllgi,1
croatian_shepherd,1
maata,1
stray_(minecraft),1
bolatra_(creatures_of_sonaria),1
octajin_(machokefucker),1
viscidmorph,1
oc_(sparklecare),1
bastetodon,1
coelacanth_humanoid,1
tiktaalik_humanoid,1
werewolf_(demihuman_form),1
acrobat_ant,1
ceratonoth,1
divine_beast_(dark_cloud),1
tracker_jacker,1
ignigon_(nexomon),1
elder_kraken_(evolve),1
meteor_goliath_(evolve),1
glacial_behemoth_(evolve),1
blastberry_vine,1
pyre_vine,1
rose_swordfighter,1
cuddlesuit,1
rhinogradentia,1
channel_catfish,1
vyrax,1
thalassian,1
smalltooth_sawfish,1
lake_sturgeon,1
pirarucu,1
florida_flagfish,1
balao_halfbeak,1
siesamon,1
ghost_catfish,1
giant_oarfish,1
largetooth_sawfish,1
piraiba,1
blind_cave_tetra,1
broadbill_swordfish,1
roosterfish,1
indo-pacific_sailfish,1
indonesian_coelacanth,1
glass_catfish,1
deadrock,1
kranodath,1
bulaqchi,1
mimiphyta,1
wereimp,1
medusae_(warhammer),1
dorcean,1
mastema_(dragon_village),1
belgian_red_cattle,1
berrichon_du_cher,1
cochin_chicken,1
craonnais_pig,1
houdan_chicken,1
la_fleche_chicken,1
montbeliarde,1
northern_red_bishop,1
old_dutch_capuchine,1
navarrin_horse,1
rosecomb,1
coniferon,1
allifu,1
backswimmer,1
caddisfly,1
cinnamon_bug,1
diving_beetle,1
great_diving_beetle,1
orange_tip_butterfly,1
pill_millipede,1
rose_chafer,1
scentless_plant_bug,1
tortoiseshell_butterfly,1
velvet_crab,1
asparagus_beetle,1
auger_beetle,1
bark_beetle,1
bean_weevil,1
capricorn_beetle,1
carpet_moth,1
codling_moth,1
common_asparagus_beetle,1
cychrus,1
dark_sword-grass,1
deathwatch_beetle,1
desert_locust,1
ermine_moth,1
european_mole_cricket,1
european_stag_beetle,1
false_firefly_beetle,1
flea_beetle,1
fungus_moth,1
goat_moth,1
greater_wax_moth,1
house_cricket,1
lined_click_beetle,1
malachite_beetle,1
moroccan_locust,1
myalabris,1
oriental_cockroach,1
pale_tussock,1
powderpost_beetle,1
sand_wasp,1
sawfly,1
soft-winged_flower_beetle,1
spanish_fly,1
tiger_mosquito,1
tortrix_moth,1
vine_leafroller_tortrix,1
vine_moth,1
procyokin_(sacred_trees),1
masked_bowerbird,1
streaked_bowerbird,1
black-throated_sunbird,1
fire-tailed_sunbird,1
flame-breasted_sunbird,1
handsome_sunbird,1
nile_valley_sunbird,1
splendid_sunbird,1
temminck's_sunbird,1
bearded_helmetcrest,1
bearded_mountaineer,1
ecuadorian_hillstar,1
frilled_coquette,1
golden-bellied_starfrontlet,1
green-bearded_helmetcrest,1
green-crowned_plovercrest,1
green_hermit,1
hillstar,1
marvulous_spatuletail,1
peacock_coquette,1
peruvian_sheartail,1
plovercrest,1
rufous-shafted_woodstar,1
spangled_coquette,1
starfrontlet,1
white-crested_coquette,1
adjutant_(bird),1
argus_(bird),1
bornean_crested_fireback,1
chinese_monal,1
eurasian_teal,1
koklass_pheasant,1
purple_swamphen,1
yellow-billed_stork,1
chattering_lory,1
eurasian_golden_oriole,1
long-tailed_paradise_whydah,1
malayan_banded_pitta,1
viduid,1
violet-chested_hummingbird,1
whydah,1
silvatit,1
hellhound_(chronicles_of_riddick),1
silver_arowana,1
apex_predator_(r.e.p.o.),1
banded_archerfish,1
gin_matsuba,1
pacific_herring,1
right_whale_dolphin,1
southern_right_whale_dolphin,1
golden_dorado,1
devils_hole_pupfish,1
barracouta,1
pirarara,1
snake_mackerel,1
ornate_bichir,1
guitarfish,1
bowmouth_guitarfish,1
flower_(donkey_kong),1
para-biddybud_(mario),1
spindlebeast,1
grebnedu,1
the_grebnedu,1
blue-and-orange_eighty-eight,1
cleopatra_butterfly,1
eighty-eight_(butterfly),1
erasmia_pulchella,1
eyed_hawk_moth,1
five-spot_burnet,1
french_red_underwing,1
garden_tiger_moth,1
green_silver-spangled_shark,1
jersey_tiger,1
old_world_swallowtail,1
pandora_sphinx_moth,1
purple_emperor,1
red_admiral,1
skipper_(butterfly),1
southern_brown_argus,1
southern_festoon,1
barbeled_dragonfish,1
bootleg_(cassette_beasts),1
koshai_(dauntless),1
nile_perch,1
arkadimon,1
modokibetamon,1
cardmon,1
snowgoblimon,1
minidekachimon,1
mushroommon,1
solarmon,1
syakomon_x,1
junkmon,1
gargantua_(toho),1
fungus_thrower_(minecraft_dungeons),1
living_airship,1
amstrigian,1
doppel_(puella_magi),1
cute_reindeer_(maplestory),1
batik_arowana,1
blue_pilchard,1
spotted_wobbegong,1
desert_pupfish,1
spiny_seahorse,1
great_hammerhead,1
camel_cowfish,1
scrawled_cowfish,1
shaw's_cowfish,1
cameroon_sailfin_chameleon,1
chameleon_forest_dragon,1
common_basilisk,1
common_flying_lizard,1
kuhl's_flying_gecko,1
canelos_tree_frog,1
common_green_frog,1
gold-striped_frog,1
guenther's_marsupial_frog,1
harlequin_tree_frog,1
mediterranean_tree_frog,1
mozambique_rain_frog,1
northern_leopard_frog,1
pouched_frog,1
solomon_island_leaf_frog,1
aldabra_giant_tortoise,1
argentine_snake-necked_turtle,1
geometric_tortoise,1
firecrown,1
hooded_visorbearer,1
juan_fernandez_firecrown,1
visorbearer,1
white-vented_violetear,1
diamondback_moth,1
many-plumed_moth,1
phyllonorycter_populifoliella,1
rose_plume_moth,1
twenty-plume_moth,1
oriental_spiny_orb-weaver,1
spiny-orb_weaver,1
atlantic_ancula,1
crowned_sea_slug,1
frond_eolis,1
sacoglossan,1
slim_aesop,1
yellow_skirt_slug,1
cock-eyed_squid,1
long-armed_squid,1
umbrella_squid,1
forest_glimmerfox_(maplestory),1
mermicorno_(species),1
cladoselache,1
cretoxyrhina,1
dried_ghast_(minecraft),1
moschops,1
rapetosaurus,1
megarachne,1
cynodont,1
duonychus,1
catfolk_(paizo),1
eelpout,1
long-spine_porcupinefish,1
lyretail_anthias,1
kaua'i_cave_amphipod,1
kentucky_cave_shrimp,1
sweet_home_alabama_cave_crayfish,1
mini_meyer's_parrot,1
spotted_porcelain_crab,1
porcelain_crab,1
burrow_pea_crab,1
pea_crab,1
atlantic_sand_fiddler_crab,1
spotted_reef_crab,1
harbour_crab,1
graceful_kelp_crab,1
kelp_crab,1
coral_guard_crab,1
tiger_face_crab,1
dwarf_beaver,1
moorhen,1
hypnos_(dragon_village),1
dollface_(backrooms),1
sea_lamprey,1
alewife,1
pacific_salmon,1
gildane_(palworld),1
cardinal_scorpionfish,1
mosquitofish,1
arctic_char,1
giant_oceanic_manta_ray,1
reef_stonefish,1
saurodon,1
pacific_bluefin_tuna,1
revolture,1
aethrid,1
atlantic_blue_crab,1
coral_crab,1
elbow_crab,1
horrid_elbow_crab,1
large_spotted_crab,1
lophogastrid,1
pebble_crab,1
polychelid,1
sea_sapphire,1
slipper_lobster,1
smooth_box_crab,1
brown_crab,1
ache_(zelda),1
deeler_(zelda),1
cancrocaeca_xenomorpha,1
bone_cave_harvestman,1
humpback_golden-line_barbel,1
mexican_blindcat,1
spotted-tail_salamander,1
tumbling_creek_cave_snail,1
waterfall_climbing_cavefish,1
white_cave_velvet_worm,1
mexican_tetra,1
cobia,1
southern_skua,1
titan_chomper,1
african_swamphen,1
biak_paradise_kingfisher,1
brant_goose,1
cape_barren_goose,1
common_ostrich,1
common_paradise_kingfisher,1
curl-crested_aracari,1
greater_rhea,1
hairy-breasted_barbet,1
painted_stork,1
rock_partridge,1
topknot_pigeon,1
western_long-tailed_hornbill,1
grass_gekko,1
arc_fox,1
indian_lionfish,1
tsunotsuki_uryu,1
clovilowper,1
'o'o,1
hawaiian_honeyeater,1
fire_felcarune,1
amakor,1
wargreymon_g_erosion_mode,1
ghost_puffle,1
giant_springtail,1
glamopod,1
skullgreymon_g_erosion_mode,1
florias_(meteos),1
oleana_(meteos),1
purple_ludroth,1
vulpbat,1
kepori_(shiptest),1
crawlid_(hollow_knight),1
european_cheetah,1
katyrd,1
cave_brachiosaurus,1
lunarpup,1
rubbervee,1
namib_sand_gecko,1
flamboyant_cuttlefish,1
boofly_(hollow_knight),1
bad_fish_(beta_pokemon),1
esper_rocket_(beta_pokemon),1
beta_shedinja,1
cactus_1_(beta_pokemon),1
archaeon,1
beta_furret,1
komari_(beta_pokemon),1
valisho,1
queensland_grouper,1
gyroptychius,1
mountain_redbelly_dace,1
blacknose_shark,1
axzharian,1
rhamphorhynchid,1
tapejaroid,1
tropeognathus,1
artsvi_tsnonter,1
korongo_ethala,1
gnathoraptor_graeca,1
kren_pakshee,1
dire_spacecraft,1
amoeba_humanoid,1
ambient_farm_animals,1
fusion_spawn,1
hesperornithoides,1
mothryn,1
nothronychus,1
monksnail,1
polerethmian_vexel,1
fimble_(species),1
snoot_(fimbles),1
uteodon,1
falcatakely,1
crystal_fairy_(barbie),1
mountain_fairy_(barbie),1
aristonectes,1
sidersaura,1
red_bellied_titi_monkey,1
palaelodus,1
medusamon,1
chilesaurus,1
chaetonychus,1
quaesitosaurus,1
clum_baby,1
placerias,1
phosphorosaurus,1
riftstalker_(dauntless),1
shenshou,1
gallodactylus,1
molenoid_(slugterra),1
kobold_(final_fantasy),1
sun_puyo,1
barlagual,1
lyrarapax,1
flameow,1
alanqa,1
pillopod,1
gel_(tloz),1
patra_(tloz),1
lanmola,1
chilantaisaurus,1
kryptops,1
hyperendocrin_carnotaurus,1
bulbos_(dialingnumber9),1
clapper_(dialingnumber9),1
emitter_(dialingnumber9),1
gulper_(dialingnumber9),1
stinger_(dialingnumber9),1
verrathan,1
brachytrachelopan,1
barnacle_(rain_world),1
chozo_ghost,1
amoeba_guy_(ena),1
jinx_(ena),1
coredramon_x,1
tegu_humanoid,1
perro_(arknights),1
watercraft_taur,1
purplefleur,1
mi_ru_(mh),1
arrogant_duremudira,1
arokuv,1
'akeke'e,1
grimmposs,1
carukia,1
congo_rope_squirrel,1
voidkin,1
blender_head,1
vacuum_head,1
printer_head,1
kettle_head,1
carapace_bird,1
vasari,1
pantodont,1
divine_longkat,1
catzerker,1
gasgira,1
pseudo_shork_(kaiju_paradise),1
boskurro_(species),1
worm_taur,1
stinch_champion,1
rust_feeder,1
cerate_(qb),1
blockin_(kirby),1
butch_(kirby),1
chacha_(kirby),1
chippurus,1
chuckie_(kirby),1
cookin_(kirby),1
cotta_(kirby),1
cotta_knight,1
drill_cotta,1
floaty_the_cell_core,1
mech_geg,1
mechamech_(kirby),1
metal_guardian_(kirby),1
metalun,1
pichikuri,1
searches,1
apolo_(kirby),1
bang-bang_(kirby),1
benny_(kirby),1
birdee_(kirby),1
blade_(kirby),1
blado_(kirby),1
blinkbat,1
bloon_(kirby),1
blowfish_(kirby),1
bonehead_(kirby),1
booler_(kirby),1
boomer_(kirby),1
bounder_(kirby),1
bowby_(kirby),1
boxin_(kirby),1
bronto_knight,1
bzztbulb,1
cackling_painting,1
caller_(kirby),1
capsule_j3,1
cawcun,1
cerulean_(kirby),1
clanksprout,1
clayn_(kirby),1
clown_acrobot,1
crabbo_(kirby),1
crazy_stactus,1
dangle_sloth,1
darpa_(kirby),1
degout,1
deppa_(kirby),1
dethskullk,1
dippa_(kirby),1
dizzy_(kirby),1
don_puffle,1
droppy_(kirby),1
dupa_(kirby),1
elec_(kirby),1
elieel,1
emp_(kirby),1
floaty_the_drifter,1
floof_(kirby),1
gansan_(kirby),1
gaspar_(kirby),1
geg_(kirby),1
gip_(kirby),1
glom_(kirby),1
grindarr,1
grinkey,1
grumples_(kirby),1
guard_(kirby),1
hack_(kirby),1
helmee_(kirby),1
jack_(kirby),1
jellifrizz,1
jungle_bomb_(kirby),1
keezer,1
lanzer,1
laser_ball_(kirby),1
magical_sweeper,1
magoo_(kirby),1
mahall_(kirby),1
maiga_(kirby),1
minny_(kirby),1
mister_anglep,1
mookie_(kirby),1
moonja,1
mr._p._umpkin,1
oro_(kirby),1
pacflower,1
paka_geg,1
para_matter,1
pasara_(kirby),1
peezer_(kirby),1
pengy_(kirby),1
peran_(kirby),1
perara_(kirby),1
pix_(kirby),1
pluid_(kirby),1
poison_croakom,1
pompey_(kirby),1
puff_(kirby),1
rolling_pawn,1
rolling_spike,1
roly-poly_(kirby),1
sectra_dee,1
shooty_(kirby),1
skullseer,1
slushy_(kirby),1
snipper_(kirby),1
snoppy_(kirby),1
spark-i,1
spiky_geg,1
spiny_(kirby),1
sportle,1
sportletini,1
stappy_(kirby),1
stumpee_(kirby),1
tappy_(kirby),1
thudd_(kirby),1
tookey_(kirby),1
totenga,1
transformer_(kirby),1
twizzy_(kirby),1
wapod_(kirby),1
wester_(kirby),1
whippy_(kirby),1
wizzer_(kirby),1
zombon,1
shelt_(kirby),1
sodory_(kirby),1
shanshan_(fossil_fighters),1
remingtonocetid,1
remingtonocetus,1
gold_bunny_(terraria),1
mite_(super_smash_bros._brawl),1
olatua,1
water_naoki,1
desmostylian,1
climacoceros,1
common_murre,1
naraoia,1
sidneyia,1
crust_saint,1
cellar_daughter,1
jubilee_(aversioncapacitor),1
petit_angel,1
all-seeing_cod,1
lumpy_mackerel,1
many-eyed_mackerel,1
fanged_cod,1
three-headed_cod,1
brood_squid,1
winged_sciurus,1
ebidramon,1
butler_(lethal_company),1
l-snu,1
devourer_(godhusk),1
specter_(maplestory),1
ferromorph,1
cactus_(maplestory),1
water_thief_monster,1
cotta_general,1
rockn_(kirby),1
shockcreepa,1
ace_phanta,1
balloon_bomber_(kirby),1
bivolt_(kirby),1
blatzy,1
blopper_(kirby),1
bo_(kirby),1
bubbles_(kirby),1
burnis_(kirby),1
croucars,1
doka_(kirby),1
frigis_(kirby),1
halcan_bouncy,1
halcan_bowby,1
halcanto_burt,1
heat_phanphan,1
hurly_(kirby),1
king_doo,1
loud_(kirby),1
mopoo_(kirby),1
mosomoso_(kirby),1
nolly_(kirby),1
noo_(kirby),1
orbserver_(kirby),1
pacloud,1
peloo_(kirby),1
perot_(kirby),1
poison_mash,1
puffy_(kirby),1
sectra_burt,1
skuller_(kirby),1
skullion,1
snowl_(kirby),1
space_jellifrizz,1
starry_(kirby),1
tinsel_(kirby),1
tortorner,1
venog_(kirby),1
wee_birdee,1
yaban_(kirby),1
bandit_(yoshi_mask),1
green_glove_(mario),1
grunt_(yoshi),1
cerelian,1
ratlizard,1
forest_dragon_(warhammer),1
intergalactic_proton-powered_electrical-tentacled_advertising_droid,1
waddledog,1
crapdragon,1
toad_humanoid,1
hummingbird_humanoid,1
blorbian,1
convallaria_pharmacist_(pvz),1
lily_of_alchemy_(pvz),1
cosmic_hyena,1
spot_shrimp,1
dairy_cow_isopod,1
peach_isopod,1
beetlejuice_isopod,1
black_evil_isopod,1
clown_isopod,1
dwarf_purple_isopod,1
dwarf_white_isopod,1
high_yellow_isopod,1
magic_potion_isopod,1
milkback_isopod,1
orange_embers_isopod,1
panda_king_isopod,1
pumpkin_pod_isopod,1
red_skirted_isopod,1
red_tiger_isopod,1
spanish_orange_isopod,1
white_angel_isopod,1
zebra_isopod,1
vampire_bat_(haunted_house),1
cuterebra_buccata,1
pyrops_heringi,1
blackwargreymon_x,1
sky_whale_(rain_world),1
castitas_(dragon_village),1
feyrex_(dragon_village),1
kamari_(dragon_village),1
gatheris,1
beta_politoed,1
microphone_head,1
aftea_(dragon_village),1
sand_poacher,1
six-spot_burnet,1
legacy_ani_(creatures_of_sonaria),1
sparkling_zerureusu,1
rhinobot_(badnik),1
flasher_(badnik),1
rexon_(badnik),1
spiker_(badnik),1
avian_(rtts),1
madmole_(badnik),1
bug_ferret,1
dark_master_(sonic),1
little_rex_(sonic),1
spotted_eagle_owl,1
cotton_fox,1
pazzel,1
hot_dog_(rapscallion),1
spike_ball_(mario),1
seahorse_humanoid,1
keen_(dota),1
dallinga,1
matree,1
maroosh,1
tsaesci,1
half-hag,1
blue_owl_(gogh),1
j-10,1
blood_orange_bishaten,1
olivine_guardian_(maplestory),1
blood_harp_(maplestory),1
yoke_fiend,1
fragment_of_ruin_(starbound_mod),1
barnard_gray_(maplestory),1
blazing_imp_(maplestory),1
pointy_imp_(maplestory),1
ear_plug_plead_(maplestory),1
minotaur_(runescape),1
samiho_(maplestory),1
cellion_(maplestory),1
chestnut-sided_warbler,1
magnolia_warbler,1
dreadclaw,1
ambient_dog,1
cuddlekin_(wild_republic),1
kileskus,1
toraton,1
snowstalker_(the_future_is_wild),1
living_pacifier,1
megazostrodon,1
skullshark,1
hurdiid,1
mosura,1
ultimate_lightning_dragon_(dragon_village),1
e-megalurker,1
imp_stalker_(doom),1
draconoir,1
brakki,1
computer_humanoid,1
gestral,1
ankole_watusi_cattle,1
living_spray_can,1
working-class_specimen,1
mirca,1
dungeon_honey_bee_(queen),1
devilite_(blakjakart),1
manetra_(miso_souperstar),1
ferruginean,1
moon_humanoid,1
sun_humanoid,1
amanita_virosa_humanoid,1
knife_humanoid,1
lichen_humanoid,1
kokako,1
kokako_humanoid,1
north_island_kokako,1
north_island_kokako_humanoid,1
acorn_humanoid,1
derum_(lorefule),1
anatae,1
gold-magnet_(pvz),1
jawbreaker_(kaiju_paradise),1
digger_wasp,1
velvet_wasp,1
chlorion,1
chlorion_lobatum,1
palocampis,1
work_robot_(metroid),1
rhinomon,1
lunagan,1
fear_fang,1
evil_spirit_(entity),1
yellow_crazy_ant,1
long-haired_grass_mouse,1
squashette,1
bear_jelly_(cookie_run),1
ikarta,1
khashar,1
diaper_dragon,1
raptorborg,1
jiangjunosaurus,1
dracogran,1
thermal_bunny,1
lemon_humanoid,1
napoleon_wrasse,1
bird_wrasse,1
alpha_dragon,1
choromon,1
mokumon,1
dimension_dragon_(dragon_village),1
anx_(species),1
saurin_(star_wars),1
recon_log_mek,1
delta_charizard,1
delta_typhlosion,1
salavile,1
delta_volcarona,1
shintuln,1
pyreborne,1
garburst,1
lunar_priestess,1
sandfly,1
phlebotomus,1
phlebotomus_papatasi,1
giant_sapsucker_(lethal_company),1
aazerach,1
baeyl,1
slimey-corn_(gori:_cuddly_carnage),1
demoni-corn_(gori:_cuddly_carnage),1
ugly-corn_(gori:_cuddly_carnage),1
sea-corn_(gori:_cuddly_carnage),1
flappy-corn_(gori:_cuddly_carnage),1
rarecat_(deltarune),1
whispering_death,1
vicious_bunny_(terraria),1
pissporeon,1
search_ghost_(kingdom_hearts),1
assassin_(kindom_hearts),1
kappa_(sakuna:_of_rice_and_ruin),1
demon_rabbit_(sakuna:_of_rice_and_ruin),1
xerox_(molecular_breakdown),1
dracomer,1
living_lettuce,1
living_asparagus,1
living_broccoli,1
living_leek,1
basilisk_(ark),1
electoon_(rayman),1
halari_donkey,1
hastovenator,1
behemoth_(super_auto_pets),1
bad_dog_(super_auto_pets),1
pitcher_plant_creature,1
flytrap_creature,1
hibiscus_creature,1
hibiscus_humanoid,1
gerbera_creature,1
bluebell_creature,1
forget-me-not_creature,1
yellow_bells_creature,1
lily_of_the_valley_creature,1
lilac_creature,1
water_lily_creature,1
scarleteeth,1
beta_purrloin,1
ruby-crowned_kinglet,1
trench_hunter_(kaijudo),1
bard_(monster_sanctuary),1
ominous_offering,1
brainsucker_(bloodborne),1
primal_dragon_(dragon_city),1
battat_(deltarune),1
haxorus_(reburst),1
lucario_(reburst),1
sableye_(reburst),1
hyperendocrin_spinosaurus,1
karfa,1
yenyi,1
nuu_(kiwikiwi555),1
panpan_(kiwikiwi555),1
horokko,1
reaverbot,1
voidbeast_(species),1
cryptoclididae,1
alien_fish,1
abyssosaurus,1
prehistoric_reptile,1
cotylorhynchus,1
caseid,1
rainbow_warrior,1
ukazeer,1
crimson_demon_(yowesephth),1
hilichurls_(species),1
tanuki_dog_(ebf),1
little_red_flying-fox,1
great_fruit-eating_bat,1
supilero,1
daredillo,1
skorock,1
cherrily,1
conjarr,1
demolipede,1
hopra,1
turtanchor,1
gnaw_(paper_mario),1
miya_(eggy_party),1
tu_luo_luo_(eggy_party),1
spoffit,1
rovri,1
auraboa_dragon,1
tun'yaso,1
poteta,1
munyisi,1
shuyu,1
shonisaurus,1
blainville's_beaked_whale,1
bobbit_worm,1
chain_loach,1
scyphozoan,1
semaeostomeae,1
ulmaridae,1
giant_phantom_jellyfish,1
white-spotted_jellyfish,1
rio_(metroid),1
zeela_(metroid),1
pa-d0_(type_a),1
pa-d0,1
locusts_(rain_world),1
indigo_lizard_(rain_world),1
dusky_leaf_monkey,1
bongus,1
wapf_(species),1
thorny_dragon_(ark),1
spikes_(badnik),1
thropher,1
charniidae,1
charnia,1
petalonamae,1
no_(species),1
living_remote_control,1
living_washing_machine,1
fomori_(magic:_the_gathering),1
celestial_pony_(mlp),1
bug_(the_matrix),1
malupiscis,1
delesari,1
drekoran,1
momola,1
flamin'_golem,1
tidal_golem,1
shockin'_golem,1
pest_(magic:_the_gathering),1
alaskan_black_bear,1
llekintea,1
hanpipo,1
lucernal,1
skorg,1
chinese_cobra,1
proarticulata,1
dickinsonia,1
dickinsoniidae,1
dipleurozoan,1
kitsuma,1
red_deep_nightmare_(sonic),1
zumae,1
spix's_disc-winged_bat,1
robot_naga,1
wolfwere,1
wafer_(deltarune),1
palumba,1
melosphere,1
constructine,1
spirit_of_the_north_(species),1
rare_g'joob,1
meeri,1
pale_fork-marked_lemur,1
blue_whale_taur,1
whale_taur,1
raccoon_puffle,1
luna_moth_humanoid,1
bony_grunty_(.hack),1
awsumposum_(haychel),1
sand_wraith,1
spenacodon,1
ophiacodon,1
archaeothyris,1
varanosaurus,1
casea,1
narcissus_(pvz),1
smallmouth_bass,1
reptilimon,1
cybernine,1
liberte_(dragon_village),1
cungadero_(deltarune),1
conkdor,1
bull_trout,1
cutthroat_trout,1
four-eyed_fish,1
ghost_knifefish,1
bongle_(beastieball),1
beastieball_(species),1
magic-shroom,1
charm-shroom,1
rock_candies,1
pteraspis,1
heterostracan,1
pteraspidid,1
kakamon,1
manekimon,1
hippogriffomon,1
sporale,1
spirit_of_rock_(maplestory),1
ninfu,1
anadi,1
axodragon,1
oui_zenni,1
luanchuanraptor,1
wolfia_(fadingsky),1
red-tailed_green_rat_snake,1
indian_paradise_flycatcher,1
megafelis,1
latero,1
spinner_dolphin,1
ultimatum_sapiens,1
rifier,1
kikit,1
sidehopper,1
zaforiflyn(arvinian),1
torrvyrn(arvinian),1
syrnakos(arvinian),1
dryallian(arvinian),1
overyillik(arvinian),1
enabler_(psychonauts),1
psuedo-hybrid,1
kusariqqu,1
faamba,1
viverrid_humanoid,1
dire_lane_creep,1
uncia_gryphonet,1
donkey_unicorn_hybrid,1
coral_dragon_(dragon_city),1
besalisk,1
leptocyon,1
essyra,1
swaria_(species),1
chiseltooth_cichlid,1
arctic_greyling,1
swordtail,1
smallmouth_buffalo,1
bluespotted_sunfish,1
black_arowana,1
banjo_catfish,1
cardinal_tetra,1
chain_pickerel,1
golden_trout,1
alpha_thrumbo,1
electric_blue_hap,1
blackstripe_cardinalfish,1
red_dragonborn_(dnd),1
milimels_(species),1
mountain_chicken,1
penshark,1
penpen_(penpen),1
pendog,1
penhippo,1
pencat_(penpen),1
scallion_(hidden),1
roki_fish(hidden),1
algara_shark(hidden),1
batzu,1
knot_the_grawx,1
myotragus,1
skyfish,1
screeble,1
dyiyd,1
crafter_construct,1
midas_cichlid,1
flagfin_shiner,1
emerald_cory,1
cory_(fish),1
sailfin_tetra,1
steelhead_trout,1
zebra_pleco,1
pleco_(fish),1
tube-nosed_bat,1
australovenator,1
ribbon_pig_(maplestory),1
blue_snail_(maplestory),1
jr._necki_(maplestory),1
narvenbold_(hidden),1
selleto,1
moon_bunny_(maplestory),1
puxillian_rover_(maplestory),1
ataibold_(hidden),1
culobold_(hidden),1
darobold_(hidden),1
smoky_progg,1
calcified_crushblat,1
bearded_amprat,1
mama_sheergrub,1
shaggy_long_legs,1
greenbottle,1
yaso_(matath),1
nikolsky_viper,1
deathgel_(atlyss),1
rageboar_(atlyss),1
boomboar_(atlyss),1
reef_dragon,1
lilibun,1
vulk'esh,1
popple_(apacies),1
dazey_chain_(pvz),1
living_ruler,1
lucemon_x,1
prionosuchus,1
invizimal_(species),1
phoebe_(denjuu),1
exor_monk,1
tambaqui,1
flame_chub,1
demon_eartheater,1
raspy_river_stingray,1
glass_bloodfin_tetra,1
white_sucker,1
reaper_(abiotic_factory),1
axie_(axie_infinity),1
mome_raths,1
pencil_bird,1
horn_duck,1
scotch_collie,1
yellow_dragon_(dnd),1
