hatsune_miku,146386
hakurei_reimu,101325
kirisame_marisa,87747
flandre_scarlet,63280
remilia_scarlet,62688
izayoi_sakuya,53423
artoria_pendragon_(fate),46251
komeiji_koishi,45420
kochiya_sanae,41203
konpaku_youmu,41014
cirno,40983
alice_margatroid,40019
sensei_(blue_archive),39693
admiral_(kancolle),39053
patchouli_knowledge,38921
yakumo_yukari,38656
shameimaru_aya,34378
reisen_udongein_inaba,31303
komeiji_satori,31105
fujiwara_no_mokou,30732
akemi_homura,30051
kaname_madoka,29996
hong_meiling,28268
saigyouji_yuyuko,28115
scaramouche_(genshin_impact),27493
kagamine_rin,26338
inubashiri_momiji,26169
konpaku_youmu_(ghost),22940
yakumo_ran,22903
kaenbyou_rin,22836
doodle_sensei_(blue_archive),22582
rumia,22462
warrior_of_light_(ff14),22354
lumine_(genshin_impact),22266
kaga_(kancolle),22204
moriya_suwako,22099
raiden_shogun,22084
trailblazer_(honkai:_star_rail),21431
saber_(fate),21236
link,21010
mash_kyrielight,20966
shimakaze_(kancolle),20763
reiuji_utsuho,20713
chen,20678
kazami_yuuka,20333
ganyu_(genshin_impact),20226
miki_sayaka,20216
hina_(blue_archive),19683
fujimaru_ritsuka_(male),19162
yuuka_(blue_archive),19003
tatara_kogasa,18774
kawashiro_nitori,18715
asuna_(blue_archive),18575
kasane_teto,18487
hibiki_(kancolle),18067
gotoh_hitori,18047
houraisan_kaguya,18023
houshou_marine,17995
hinanawi_tenshi,17917
kamishirasawa_keine,17904
gardevoir,17858
shigure_(kancolle),17817
pikachu,17605
souryuu_asuka_langley,17584
kagamine_len,17252
sakura_kyoko,17138
tifa_lockhart,17090
tomoe_mami,16902
princess_zelda,16820
firefly_(honkai:_star_rail),16715
fujimaru_ritsuka_(female),16549
gawr_gura,16506
mika_(blue_archive),16330
frieren,16280
mystia_lorelei,16272
koakuma,16247
nazrin,16180
shirakami_fubuki,16068
ibuki_suika,16058
cloud_strife,16013
inaba_tewi,15774
inkling_player_character,15599
usami_renko,15556
wanderer_(genshin_impact),15338
hoshimachi_suisei,15338
hoshino_(blue_archive),15276
maribel_hearn,15175
rio_(blue_archive),14919
trainer_(umamusume),14795
hijiri_byakuren,14721
hu_tao_(genshin_impact),14595
ouro_kronii,14562
agnes_tachyon_(umamusume),14332
aether_(genshin_impact),14142
houjuu_nue,14137
kongou_(kancolle),14059
furina_(genshin_impact),13996
megurine_luka,13970
nanami_chiaki,13945
jeanne_d'arc_alter_(fate),13806
elysia_(honkai_impact),13568
inazuma_(kancolle),13559
inkling_girl,13515
nahida_(genshin_impact),13436
yagokoro_eirin,13372
manhattan_cafe_(umamusume),13347
stelle_(honkai:_star_rail),13316
akemi_homura_(magical_girl),13303
mizuhashi_parsee,13270
yasaka_kanako,13225
kisaki_(blue_archive),13148
doctor_(arknights),13037
akagi_(kancolle),13006
fubuki_(kancolle),12948
ninomae_ina'nis,12802
abigail_williams_(fate),12740
mori_calliope,12725
yae_miko,12489
2b_(nier:automata),12421
kagiyama_hina,12249
amiya_(arknights),12217
toki_(blue_archive),12184
yuudachi_(kancolle),12177
tenryuu_(kancolle),12015
usada_pekora,11990
aerith_gainsborough,11959
aris_(blue_archive),11861
nekomata_okayu,11763
kayoko_(blue_archive),11669
togawa_sakiko,11625
producer_(idolmaster),11612
shigure_kai_ni_(kancolle),11610
shiroko_(blue_archive),11545
toyosatomimi_no_miko,11484
mari_(blue_archive),11473
yor_briar,11468
ikazuchi_(kancolle),11445
daiyousei,11419
nero_claudius_(fate),11418
manjuu_(azur_lane),11255
kazusa_(blue_archive),11223
illyasviel_von_einzbern,11144
suzumiya_haruhi,11107
nami_(one_piece),11099
kirby,11063
makima_(chainsaw_man),11058
tohsaka_rin,10956
hamakaze_(kancolle),10918
misaka_mikoto,10901
megumin,10877
gold_ship_(umamusume),10855
chihaya_anon,10786
zuikaku_(kancolle),10771
nishizumi_miho,10726
kaname_madoka_(magical_girl),10698
akatsuki_(kancolle),10688
hoshiguma_yuugi,10666
mononobe_no_futo,10602
akiyama_mio,10586
phainon_(honkai:_star_rail),10583
shiki_eiki,10580
takanashi_kiara,10568
ayanami_rei,10518
haruna_(kancolle),10482
wriggle_nightbug,10399
shanghai_doll,10358
onozuka_komachi,10349
koharu_(blue_archive),10308
sakura_miko,10296
rem_(re:zero),10289
sakayori_iroha,10215
zhongli_(genshin_impact),10211
reze_(chainsaw_man),10160
imaizumi_kagerou,10144
belle_(zenless_zone_zero),10069
rice_shower_(umamusume),10059
fate_testarossa,10058
morichika_rinnosuke,10052
kashima_(kancolle),10030
tokoyami_towa,9982
mona_(genshin_impact),9959
yuudachi_kai_ni_(kancolle),9949
yuzuki_yukari,9871
nagato_(kancolle),9828
rover_(wuthering_waves),9826
fern_(sousou_no_frieren),9757
oma_kokichi,9754
march_7th_(honkai:_star_rail),9709
nanashi_mumei,9689
minato_aqua,9644
columbina_(genshin_impact),9639
ellen_joe,9632
wise_(zenless_zone_zero),9611
pyra_(xenoblade),9573
dawn_(pokemon),9525
scathach_(fate),9512
nagasaki_soyo,9465
seia_(blue_archive),9459
suzuya_(kancolle),9436
kyubey,9425
kita_ikuyo,9416
lillie_(pokemon),9377
nakano_azusa,9296
nagato_yuki,9267
tomoe_mami_(magical_girl),9207
chun-li,9189
tamamo_no_mae_(fate),9173
hinoshita_kaho,9116
cyrene_(honkai:_star_rail),9073
kinomoto_sakura,9049
kaito_(vocaloid),9027
caelus_(honkai:_star_rail),8986
rosa_(pokemon),8973
toramaru_shou,8968
hirasawa_yui,8964
ryuujou_(kancolle),8955
daiwa_scarlet_(umamusume),8939
sunny_(omori),8897
himekaidou_hatate,8873
may_(pokemon),8872
miki_sayaka_(magical_girl),8798
matoi_ryuuko,8795
jeanne_d'arc_(fate),8778
mejiro_mcqueen_(umamusume),8705
murasa_minamitsu,8691
texas_(arknights),8658
princess_peach,8655
karin_(blue_archive),8579
noa_(blue_archive),8544
basil_(omori),8515
nishikigi_chisato,8496
midoriya_izuku,8494
venti_(genshin_impact),8486
ookami_mio,8484
mythra_(xenoblade),8468
plana_(blue_archive),8465
keqing_(genshin_impact),8452
kaku_seiga,8438
nishikino_maki,8403
serval_(kemono_friends),8384
paimon_(genshin_impact),8382
gilgamesh_(fate),8369
takamachi_nanoha,8340
houshou_(kancolle),8334
monkey_d._luffy,8294
joseph_joestar,8260
kafuu_chino,8246
marnie_(pokemon),8188
hilda_(pokemon),8177
samus_aran,8156
denji_(chainsaw_man),8139
kafka_(honkai:_star_rail),8094
hata_no_kokoro,8092
suletta_mercury,8062
hoshimi_miyabi,8046
saihara_shuichi,8018
sparkle_(honkai:_star_rail),8014
oozora_subaru,8001
okita_souji_(fate),7972
oyama_mahiro,7928
adachi_rei,7927
arona_(blue_archive),7926
kiana_kaslana,7921
shiina_taki,7890
misumi_uika,7887
iseri_nina,7834
momoi_(blue_archive),7834
shiori_novella,7830
yazawa_nico,7829
emiya_shirou,7827
shuten_douji_(fate),7821
tojo_nozomi,7810
ijichi_nijika,7779
murakumo_(kancolle),7777
amane_kanata,7773
remielle_dan,7766
sonoda_umi,7754
nico_robin,7749
amatsukaze_(kancolle),7749
cynthia_(pokemon),7734
ibaraki_kasen,7726
kujo_jotaro,7701
aru_(blue_archive),7695
yukihana_lamy,7690
baobhan_sith_(fate),7687
nerissa_ravencroft,7679
astolfo_(fate),7672
nagae_iku,7669
bakugou_katsuki,7658
gawr_gura_(1st_costume),7638
hakos_baelz,7632
komaeda_nagito,7627
sua_(alien_stage),7615
hanako_(blue_archive),7610
tainaka_ritsu,7586
yamato_(kancolle),7578
wakaba_mutsumi,7568
miyako_yoshika,7564
fujishima_megumi,7558
tartaglia_(genshin_impact),7535
saotome_ranma,7525
shibuya_rin,7469
yukikaze_(kancolle),7457
kaguya_(cho_kaguya-hime!),7449
watson_amelia,7445
ushio_(kancolle),7444
kei_(blue_archive),7439
female_byleth_(fire_emblem),7407
clownpiece,7381
kamisato_ayaka,7370
inugami_korone,7361
kawaragi_momoka,7357
shirogane_noel,7357
mizi_(alien_stage),7344
eevee,7308
saber_alter,7294
miorine_rembran,7288
ayase_eli,7263
otomune_kozue,7255
klee_(genshin_impact),7242
lappland_(arknights),7235
momose_ginko,7231
son_goku,7229
archer_(fate),7224
kasodani_kyouko,7221
soga_no_tojiko,7214
morrigan_aensland,7202
tokai_teio_(umamusume),7202
junko_(touhou),7200
atago_(kancolle),7184
yahata_umiri,7179
kumoi_ichirin,7132
kurodani_yamame,7127
sakura_kyoko_(magical_girl),7115
murano_sayaka,7076
ako_(blue_archive),7069
sakamata_chloe,7063
cu_chulainn_(fate),7042
nishizumi_maho,7035
meiko_(vocaloid),7020
hasumi_(blue_archive),6990
akebono_(kancolle),6983
asuna_(bunny)_(blue_archive),6970
kisaragi_chihaya,6962
shoukaku_(kancolle),6953
shinosawa_hiro,6942
joseph_joestar_(young),6931
skadi_(arknights),6927
matou_sakura,6900
tsukino_usagi,6875
suzuran_(arknights),6869
hoshii_miki,6849
kieran_(pokemon),6840
inoue_takina,6826
gloria_(pokemon),6821
acheron_(honkai:_star_rail),6812
runami_yachiyo,6809
aqua_(konosuba),6799
arcueid_brunestud,6798
sekibanki,6792
oguri_cap_(umamusume),6791
anya_(spy_x_family),6787
nozomi_(blue_archive),6785
oshino_shinobu,6774
watanabe_you,6766
northern_ocean_princess,6763
hk416_(girls'_frontline),6752
mordred_(fate),6752
ooyodo_(kancolle),6747
hinata_hajime,6747
darjeeling_(girls_und_panzer),6743
sandrone_(genshin_impact),6726
kijin_seija,6725
power_(chainsaw_man),6724
kanna_(blue_archive),6681
osawa_rurino,6629
yamada_ryo,6625
aki_minoriko,6617
minamoto_no_raikou_(fate),6611
bb_(fate),6596
ishmael_(project_moon),6588
shishiro_botan,6582
izumi_konata,6570
kitakami_(kancolle),6561
midori_(blue_archive),6534
kal'tsit_(arknights),6527
roronoa_zoro,6518
hiiragi_kagami,6517
kitagawa_marin,6501
ikari_shinji,6469
mydei_(honkai:_star_rail),6463
hieda_no_akyuu,6446
taihou_(azur_lane),6444
mirko,6441
eula_(genshin_impact),6440
saori_(blue_archive),6439
don_quixote_(project_moon),6436
dio_brando,6427
aubrey_(omori),6413
ash_ketchum,6406
silence_suzuka_(umamusume),6398
shenhe_(genshin_impact),6393
amami_haruka,6371
rensouhou-chan,6342
red_(pokemon),6336
mario,6326
hikari_(blue_archive),6314
fuwawa_abyssgard,6308
itsumi_erika,6306
morgan_le_fay_(fate),6305
sonic_the_hedgehog,6290
asashio_(kancolle),6277
xiao_(genshin_impact),6266
mutsuki_(blue_archive),6258
mococo_abyssgard,6228
jane_doe_(zenless_zone_zero),6222
houshou_marine_(1st_costume),6208
kris_(deltarune),6191
serena_(pokemon),6143
silver_wolf_(honkai:_star_rail),6126
asuna_(sao),6109
angelina_(arknights),6090
prinz_eugen_(kancolle),6040
gumi,6029
shiranui_mai,6024
gojo_satoru,6004
toki_(bunny)_(blue_archive),5999
nilou_(genshin_impact),5997
kasane_teto_(utau),5985
anyoji_hime,5967
arlecchino_(genshin_impact),5960
higuchi_madoka,5954
la+_darknesss,5953
irys_(hololive),5941
kikuchi_makoto,5940
uraraka_ochaco,5931
kotobuki_tsumugi,5922
sukuna_shinmyoumaru,5915
kaban_(kemono_friends),5904
minami_kotori,5902
marcille_donato,5899
mutsu_(kancolle),5898
anchovy_(girls_und_panzer),5893
hecatia_lapislazuli,5892
c.c.,5877
uzumaki_naruto,5865
cyrene_(demiurge)_(honkai:_star_rail),5863
narukami_yu,5862
medusa_(fate),5852
cammy_white,5835
yuuki_makoto_(persona_3),5834
sephiroth,5832
basil_(faraway)_(omori),5821
neru_(blue_archive),5818
yugiri_tsuzuri,5815
boo_tao_(genshin_impact),5814
futatsuiwa_mamizou,5814
raiden_mei,5811
iono_(pokemon),5808
artoria_pendragon_(lancer)_(fate),5795
exusiai_(arknights),5781
letty_whiterock,5766
aki_shizuha,5747
tatsuta_(kancolle),5689
female_admiral_(kancolle),5683
ceres_fauna,5663
takao_(kancolle),5648
shijou_takane,5647
ereshkigal_(fate),5643
ooi_(kancolle),5627
sendai_(kancolle),5615
musashi_(kancolle),5603
yumemi_riamu,5598
okita_souji_(koha-ace),5596
nice_nature_(umamusume),5591
satono_diamond_(umamusume),5582
stocking_(psg),5556
miyu_(blue_archive),5528
agnes_tachyon_(tach-nology)_(umamusume),5520
edelgard_von_hresvelg,5510
nakiri_ayame,5508
robin_(honkai:_star_rail),5507
bismarck_(kancolle),5505
nikki_(nikki),5502
haruno_sakura,5499
female_rover_(wuthering_waves),5472
amamiya_ren,5470
bremerton_(azur_lane),5469
kachimachi_kosuzu,5468
senketsu,5460
caesar_anthonio_zeppeli,5457
akashi_(kancolle),5450
shirasaka_koume,5446
yoko_littner,5444
ibuki_(blue_archive),5432
kasane_teto_(sv),5427
ange_katrina,5427
lucina_(fire_emblem),5418
shiranui_(kancolle),5392
d.va_(overwatch),5384
sazanami_(kancolle),5372
tendou_akane,5368
omori_(omori),5367
surtr_(arknights),5356
ishtar_(fate),5343
sanji_(one_piece),5321
zani_(wuthering_waves),5320
shiranui_flare,5318
octoling_player_character,5314
rotom,5308
akiyama_yukari,5302
kosaka_honoka,5298
male_rover_(wuthering_waves),5297
emilia_(re:zero),5292
souryuu_(kancolle),5243
fu_hua,5240
meltryllis_(fate),5237
hakui_koyori,5233
murasaki_shion,5228
kasumi_(kancolle),5227
wei_wuxian,5225
kiryuuin_satsuki,5221
iowa_(kancolle),5219
ui_(blue_archive),5201
yuki_miku,5194
miyako_(blue_archive),5191
raora_panthera,5182
samidare_(kancolle),5177
miyamoto_musashi_(fate),5165
wakasagihime,5160
lily_white,5154
symboli_rudolf_(umamusume),5150
kel_(omori),5146
hoshizora_rin,5141
koseki_bijou,5129
kishin_sagume,5112
tachibana_arisu,5112
mari_(omori),5110
yamashiro_(kancolle),5110
minase_iori,5109
suigintou,5109
kitasan_black_(umamusume),5108
selene_(pokemon),5089
dan_heng_(honkai:_star_rail),5062
takamatsu_tomori,5051
shu_(arknights),5046
special_week_(umamusume),5045
formidable_(azur_lane),5041
bronya_zaychik,5037
tatsumaki,4980
prinz_eugen_(azur_lane),4974
ro-500_(kancolle),4971
nonomi_(blue_archive),4965
commander_(azur_lane),4949
leon_s._kennedy,4947
ultimate_madoka,4945
kuroki_tomoko,4943
kim_dokja,4914
hiei_(kancolle),4902
shimamura_uzuki,4899
sailor_moon,4897
twilight_(spy_x_family),4895
atago_(azur_lane),4890
usada_pekora_(1st_costume),4883
hifumi_(blue_archive),4880
akamatsu_kaede,4869
vivian_banshee,4853
amate_yuzuriha,4844
w_(arknights),4841
herta_(honkai:_star_rail),4841
female_corrin_(fire_emblem),4831
rosalina,4814
sagisawa_fumika,4811
verniy_(kancolle),4803
misty_(pokemon),4769
ganaha_hibiki,4760
ex-keine,4754
mikasa_ackerman,4733
takarada_rikka,4731
shiroko_terror_(blue_archive),4731
touhoku_kiritan,4714
kirishima_(kancolle),4714
elysia_(herrscher_of_human:_ego)_(honkai_impact),4702
yelan_(genshin_impact),4700
uruha_rushia,4698
nakano_nino,4695
kizuna_akari,4691
ahri_(league),4683
wo-class_aircraft_carrier,4680
ichika_(blue_archive),4674
uchiha_sasuke,4673
curren_chan_(umamusume),4669
shirakami_fubuki_(1st_costume),4666
nagisa_kaworu,4666
faust_(project_moon),4660
takagaki_kaede,4657
ump45_(girls'_frontline),4642
lize_helesta,4640
chloe_von_einzbern,4639
hatsutori_hajime,4637
haru_urara_(umamusume),4633
artoria_caster_(fate),4611
sakuraba_ema,4596
castorice_(honkai:_star_rail),4592
tsushima_yoshiko,4590
nagisa_(blue_archive),4585
furude_rika,4583
natsuiro_matsuri,4580
reisalin_stout,4575
kaedehara_kazuha,4568
djeeta_(granblue_fantasy),4545
ch'en_(arknights),4532
yuubari_(kancolle),4526
sangonomiya_kokomi,4526
sunna_(zenless_zone_zero),4522
kazama_iroha,4521
karyl_(princess_connect!),4521
nicole_demara,4520
hyuuga_hinata,4517
aotsuki_eito,4504
medusa_(rider)_(fate),4502
yorigami_shion,4501
hex_maniac_(pokemon),4498
doremy_sweet,4498
black_rock_shooter_(character),4497
holo,4496
takatsuki_yayoi,4496
izuna_(blue_archive),4487
zero_two_(darling_in_the_franxx),4478
evelyn_chevalier,4476
aventurine_(honkai:_star_rail),4472
kujo_jolyne,4454
aubrey_(faraway)_(omori),4453
iroha_(blue_archive),4452
bridget_(guilty_gear),4446
sumino_takumi,4446
kikyou_(blue_archive),4440
march_7th_(preservation)_(honkai:_star_rail),4438
dark_magician_girl,4433
kirigiri_kyoko,4428
giorno_giovanna,4420
ryuuguu_rena,4418
shampoo_(ranma_1/2),4414
han_juri,4407
itadori_yuji,4399
arch_bishop_(ragnarok_online),4399
belfast_(azur_lane),4385
sakurauchi_riko,4383
saotome_ranma_(female),4381
hiryuu_(kancolle),4380
enoshima_junko,4380
asahina_mikuru,4379
kei_(student)_(blue_archive),4372
makise_kurisu,4352
elysia_(miss_pink_elf)_(honkai_impact),4340
naganami_(kancolle),4327
kiso_(kancolle),4323
mudrock_(arknights),4322
cu_chulainn_(lancer)_(fate),4317
sirius_(azur_lane),4316
wakamo_(blue_archive),4314
kama_(fate),4313
medicine_melancholy,4308
ayase_momo,4298
motoori_kosuzu,4289
usami_sumireko,4285
hong_lu_(project_moon),4273
yuzu_(blue_archive),4262
takodachi_(ninomae_ina'nis),4256
sylveon,4248
koizumi_hanayo,4245
hiroi_kikuri,4240
cheval_grand_(umamusume),4239
eren_yeager,4236
sinclair_(project_moon),4234
iori_(blue_archive),4232
tamamo_cross_(umamusume),4204
chouzetsusaikawa_tenshi-chan,4202
kiryu_coco,4196
graf_zeppelin_(kancolle),4193
callie_(splatoon),4183
dusk_(arknights),4181
fischl_(genshin_impact),4164
jougasaki_mika,4162
nakano_miku,4157
hestia_(danmachi),4157
shokuhou_misaki,4152
ivan_(alien_stage),4147
till_(alien_stage),4139
fujita_kotone,4137
futaba_anzu,4132
kyon,4130
kisume,4130
admire_vega_(umamusume),4119
star_sapphire,4118
tsukino_mito,4114
asahina_mafuyu,4113
t-head_trainer_(umamusume),4110
jean_(genshin_impact),4095
yoo_joonghyuk,4089
takami_chika,4087
yuuka_(track)_(blue_archive),4071
barbara_(genshin_impact),4068
takebe_saori,4061
tsukishiro_yanagi,4060
t.m._opera_o_(umamusume),4059
oda_nobunaga_(fate),4051
zuihou_(kancolle),4048
gentildonna_(umamusume),4045
akari_(pokemon),4039
serika_(blue_archive),4038
don-chan_(usada_pekora),4029
bowsette,4018
ryoshu_(project_moon),4016
kanzaki_ranko,4015
shirai_kuroko,4005
tomioka_giyuu,4004
kochou_shinobu,4001
citlali_(genshin_impact),4001
monster_hunter_(character),3997
diluc_(genshin_impact),3982
zhu_yuan,3981
alice_(alice_in_wonderland),3974
kay_(girls_und_panzer),3974
king_halo_(umamusume),3970
raihan_(pokemon),3961
azki_(hololive),3957
leon_(pokemon),3954
mayuzumi_fuyuko,3953
akiyama_mizuki,3942
florence_nightingale_(fate),3936
mihono_bourbon_(umamusume),3935
hero_(omori),3931
charizard,3930
lunasa_prismriver,3915
murasame_(kancolle),3915
nikaido_hiro,3915
kokkoro_(princess_connect!),3912
kokona_(blue_archive),3908
lucario,3907
kakyoin_noriaki,3902
yoimiya_(genshin_impact),3898
juliana_(pokemon),3897
scaramouche_(harbinger)_(genshin_impact),3897
ichinose_shiki,3897
marie_(splatoon),3895
nessa_(pokemon),3882
matara_okina,3877
falin_touden,3875
rika_(pokemon),3857
naka_(kancolle),3851
ethan_(pokemon),3850
narmaya_(granblue_fantasy),3831
yorigami_jo'on,3830
karin_(bunny)_(blue_archive),3824
octoling_girl,3819
dimitri_alexandre_blaiddyd,3814
rowlet,3809
shiroko_(swimsuit)_(blue_archive),3801
toga_himiko,3799
anis_(nikke),3797
alhaitham_(genshin_impact),3793
hoto_cocoa,3786
momosuzu_nene,3786
shirogane_naoto,3782
makaino_ririmu,3778
higashikata_josuke,3776
nia_(xenoblade),3772
yi_sang_(project_moon),3767
ruby_rose,3757
saotome_ranma_(male),3756
rotom_phone,3751
umbreon,3746
kudamaki_tsukasa,3744
omaru_polka,3743
mayano_top_gun_(umamusume),3741
runami_yachiyo_(tsukuyomi),3736
azusa_(blue_archive),3735
jonathan_joestar,3731
nitta_minami,3728
satou_kazuma,3725
jack_the_ripper_(fate/apocrypha),3724
hiiragi_tsukasa,3724
sunny_milk,3724
luna_child,3724
shinonome_ena,3719
super_sonico,3713
fairy_(kancolle),3712
yixuan_(zenless_zone_zero),3708
unicorn_(azur_lane),3707
cyrene_(philia093)_(honkai:_star_rail),3702
kirito,3702
nakano_yotsuba,3695
changli_(wuthering_waves),3684
abigail_williams_(first_ascension)_(fate),3681
i-19_(kancolle),3678
yamakaze_(kancolle),3678
shimada_arisu,3673
blade_(honkai:_star_rail),3668
seele_vollerei,3666
utsugi_noriyuki,3664
bea_(pokemon),3661
blue_oak,3654
asuna_(school_uniform)_(blue_archive),3653
lum,3642
satonaka_chie,3641
mostima_(arknights),3640
miyu_edelfelt,3639
tsunomaki_watame,3638
piplup,3636
chisa_(wuthering_waves),3635
seiun_sky_(umamusume),3634
reisa_(blue_archive),3634
koshimizu_sachiko,3624
vodka_(umamusume),3622
mash_kyrielight_(demi-servant),3617
jinx_(league),3612
hex_maniac_(pokemon_xy),3604
seaport_princess,3602
natsu_(blue_archive),3598
yoru_(chainsaw_man),3597
gokou_ruri,3597
akigumo_(kancolle),3597
inkling_boy,3597
arima_kana,3597
weiss_schnee,3593
uehara_ayumu,3586
darkness_(konosuba),3583
jeanne_d'arc_alter_(avenger)_(fate),3582
sanya_v._litvyak,3580
anastasia_(idolmaster),3578
aemeath_(wuthering_waves),3573
kotomine_kirei,3571
the_herta_(honkai:_star_rail),3570
kuchiki_rukia,3569
sakurai_momoka,3567
hagiwara_yukiho,3561
trafalgar_law,3558
yuki_setsuna,3552
glaceon,3548
moria_luluka,3546
yoshida_yuuko,3546
ram_(re:zero),3544
lana_(pokemon),3543
katyusha_(girls_und_panzer),3543
eila_ilmatar_juutilainen,3542
maya_(kancolle),3541
hibiki_(blue_archive),3541
pecorine_(princess_connect!),3530
endministrator_(arknights),3527
miura_azusa,3521
inui_toko,3512
kicchou_yachie,3507
burnice_white,3504
oberon_(fate),3501
aisaka_taiga,3500
inoue_orihime,3500
nian_(arknights),3499
professor_niyaniya_(blue_archive),3498
harukawa_maki,3496
elizabeth_bathory_(fate),3486
fushiguro_megumi,3485
melusine_(fate),3481
mercy_(overwatch),3473
mega_gardevoir,3466
dizzy_(guilty_gear),3456
ouro_kronii_(1st_costume),3453
sakura_miku,3453
shadow_the_hedgehog,3446
nitocris_(fate),3445
yagami_hayate,3440
chando_(ado),3439
barnaby_brooks_jr.,3439
kel_(faraway)_(omori),3439
natsuki_subaru,3437
ayanami_(azur_lane),3436
amber_(genshin_impact),3436
amy_rose,3434
oboro_(kancolle),3430
senjougahara_hitagi,3418
awa_subaru,3417
iskandar_(fate),3412
kamado_nezuko,3407
peroro_(blue_archive),3399
hilbert_(pokemon),3399
eishin_flash_(umamusume),3388
z1_leberecht_maass_(kancolle),3387
i-58_(kancolle),3387
aria_(zenless_zone_zero),3385
laios_touden,3380
panty_(psg),3379
atlanta_(kancolle),3378
jougasaki_rika,3375
sakayori_iroha_(tsukuyomi),3375
gengar,3372
princess_daisy,3371
shigure_ui_(vtuber),3365
zack_fair,3364
common_raccoon_(kemono_friends),3363
kanna_kamui,3362
agnes_digital_(umamusume),3360
hanako_(swimsuit)_(blue_archive),3359
saki_(blue_archive),3358
cinderella_(nikke),3357
twin_turbo_(umamusume),3356
pyonta,3355
waver_velvet,3354
illustrious_(azur_lane),3349
gigi_murin,3346
houjou_satoko,3345
ninomae_ina'nis_(1st_costume),3342
frisk_(undertale),3337
kaburagi_t._kotetsu,3337
asakura_toru,3327
tokitsukaze_(kancolle),3321
lilith_(darkstalkers),3308
beatrice_(umineko),3307
taihou_(kancolle),3307
eous_(zenless_zone_zero),3302
jungle_pocket_(umamusume),3298
kirima_syaro,3296
p-head_producer,3292
black_swan_(honkai:_star_rail),3288
z3_max_schultz_(kancolle),3283
watson_amelia_(1st_costume),3281
kaname_raana,3280
shun_(blue_archive),3271
matsuura_kanan,3271
sirius_symboli_(umamusume),3270
nangong_yu,3264
carmine_(pokemon),3263
yoisaki_kanade,3263
nanashi_mumei_(1st_costume),3262
takane_lui,3260
luigi,3259
bulbasaur,3258
akizuki_ritsuko,3258
gold_ship_(red_strife)_(umamusume),3257
still_in_love_(umamusume),3255
super_creek_(umamusume),3252
jeanne_d'arc_(ruler)_(fate),3238
kris_(dark_world)_(deltarune),3228
lelouch_vi_britannia,3222
skyla_(pokemon),3219
qiqi_(genshin_impact),3218
higashiyama_kobeni,3218
takakura_ken_(dandadan),3216
vegeta,3208
warspite_(kancolle),3207
male_byleth_(fire_emblem),3204
wa2000_(girls'_frontline),3201
reizei_mako,3201
n_(pokemon),3200
takeba_yukari,3197
kiyohime_(fate),3192
i-401_(kancolle),3192
nia_teppelin,3190
kurosaki_ichigo,3189
aoba_(kancolle),3186
maekawa_miku,3185
sheryl_nome,3177
kouzuki_kallen,3173
hayakawa_aki,3164
kaenbyou_rin_(cat),3163
mori_calliope_(1st_costume),3159
kumano_(kancolle),3157
fusou_(kancolle),3157
hanami_ume,3156
kuma_(kancolle),3154
mika_(girls_und_panzer),3152
astra_yao,3151
kaeya_(genshin_impact),3148
ike_(fire_emblem),3148
phoebe_(wuthering_waves),3144
ceras_yanagida_lilienfeld,3140
haruka_(blue_archive),3132
fennec_(kemono_friends),3127
leaf_(pokemon),3125
boko_(girls_und_panzer),3125
aigis_(persona),3124
inugami_korone_(1st_costume),3121
yukine_chris,3114
air_groove_(umamusume),3113
heathcliff_(project_moon),3112
lan_wangji,3112
sunday_(honkai:_star_rail),3111
lyrica_prismriver,3111
hilda_valentine_goneril,3111
florian_(pokemon),3109
zero_(mega_man),3106
ashigara_(kancolle),3101
vaporeon,3097
dantsu_flame_(umamusume),3097
vertin_(reverse:1999),3093
nekomata_okayu_(1st_costume),3091
ukinami_yuzuha,3091
charlotte_(madoka_magica),3089
tsumiki_mikan,3087
albedo_(genshin_impact),3077
kurosawa_dia,3077
seia_(swimsuit)_(blue_archive),3076
merlin_prismriver,3071
hoshino_(swimsuit)_(blue_archive),3071
shiratsuyu_(kancolle),3069
sora_harewataru,3067
mankanshoku_mako,3065
shihouin_yoruichi,3063
kamijou_touma,3061
lyn_(fire_emblem),3059
uzuki_(kancolle),3047
kagerou_(kancolle),3047
tomoe_gozen_(fate),3041
satsuki_(kancolle),3041
mogami_(kancolle),3036
urakaze_(kancolle),3020
sonia_(pokemon),3018
mitaka_asa,3015
alice_thymefield,3015
izumi_sagiri,3013
tighnari_(genshin_impact),3011
specter_(arknights),3008
matikanetannhauser_(umamusume),3008
lyra_(pokemon),3005
basil_(headspace)_(omori),3004
hanekawa_tsubasa,3004
raphtalia,3004
camilla_(fire_emblem),3003
mash_kyrielight_(dangerous_beast),3001
sakamata_chloe_(1st_costume),3000
yuutenji_nyamu,2999
neuvillette_(genshin_impact),2998
meisho_doto_(umamusume),2997
himari_(blue_archive),2995
geto_suguru,2993
unzan,2993
rapi_(nikke),2990
grass_wonder_(umamusume),2987
shiomi_kotone,2987
cecilia_immergreen,2987
monokuma,2987
takamaki_ann,2980
hayami_kanade,2978
dante_(devil_may_cry),2977
shiori_novella_(1st_costume),2972
android_18,2971
laffey_(azur_lane),2970
kujikawa_rise,2967
kiyoshimo_(kancolle),2964
hatsuyuki_(kancolle),2961
zundamon,2956
espeon,2951
isekaijoucho,2944
ame-chan_(needy_girl_overdose),2943
mr._c.b._(umamusume),2940
jintsuu_(kancolle),2938
ju_fufu,2933
katsushika_hokusai_(fate),2933
futami_mami,2925
mimikyu,2920
mizuno_ami,2915
yang_xiao_long,2912
tachibana_kanade,2911
hyuuga_(kancolle),2911
orfevre_(umamusume),2910
dodoco_(genshin_impact),2910
chitanda_eru,2910
kanroji_mitsuri,2910
haro,2908
dante_(limbus_company),2907
mortis_(bang_dream!),2906
emiya_kiritsugu,2904
commander_(nikke),2902
saratoga_(kancolle),2902
kirlia,2900
shiina_yuika,2898
midorikawa_nao,2897
akai_haato,2894
johnny_joestar,2893
female_robin_(fire_emblem),2892
todoroki_shoto,2891
yuffie_kisaragi,2890
lusamine_(pokemon),2886
kurosawa_ruby,2885
hatsuzuki_(kancolle),2883
stark_(sousou_no_frieren),2878
miyafuji_yoshika,2878
akuma_homura,2876
kousaka_kirino,2876
kise_yayoi,2874
saten_ruiko,2873
michishio_(kancolle),2872
nakayama_festa_(umamusume),2870
haruna_(blue_archive),2869
yahagi_(kancolle),2869
isokaze_(kancolle),2868
high_priest_(ragnarok_online),2868
barghest_(fate),2868
osaka_shizuku,2864
momo_(nikki),2863
tippy_(gochiusa),2862
sendai_kai_ni_(kancolle),2861
kaga_(azur_lane),2858
shinjou_akane,2850
harusame_(kancolle),2849
ump9_(girls'_frontline),2847
skadi_the_corrupting_heart_(arknights),2846
kunikida_hanamaru,2845
clorinde_(genshin_impact),2845
accelerator_(toaru_majutsu_no_index),2844
takasaki_yu,2842
spider-man,2839
non-human_admiral_(kancolle),2838
magical_mirai_miku,2836
sessyoin_kiara,2836
ohtsuki_yui,2836
unryuu_(kancolle),2834
makinami_mari_illustrious,2833
lysithea_von_ordelia,2827
hoshimachi_suisei_(1st_costume),2825
enterprise_(azur_lane),2820
jeanne_d'arc_alter_(swimsuit_berserker)_(fate),2818
tachibana_sherry,2818
toutetsu_yuuma,2818
chara_(undertale),2812
hanamura_yousuke,2812
sprigatito,2811
sakata_gintoki,2803
komano_aunn,2803
hachimiya_meguru,2798
narita_brian_(umamusume),2798
fukumaru_koito,2797
kasumi_kai_ni_(kancolle),2796
kotonoha_akane,2796
erica_hartmann,2795
himemori_luna,2795
tamamo_cat_(fate),2793
luciana_de_montefio,2793
eris_greyrat,2789
sakura_futaba,2788
akagi_miria,2787
brendan_(pokemon),2786
9s_(nier:automata),2784
takao_(azur_lane),2782
natori_sana,2778
gran_(granblue_fantasy),2776
ootori_emu,2775
morpeko,2774
mari_(track)_(blue_archive),2767
yuzuki_choco,2765
nero_claudius_(fate/extra),2761
navia_(genshin_impact),2759
evernight_(honkai:_star_rail),2754
shorekeeper_(wuthering_waves),2750
kurokoma_saki,2747
noelle_holiday,2745
kaveh_(genshin_impact),2740
fou_(fate),2737
tsukimura_temari,2732
canari_(pokemon),2731
ryougi_shiki,2727
theresa_apocalypse,2719
toshinou_kyouko,2717
aria_(human)_(zenless_zone_zero),2716
ia_(vocaloid),2710
roxy_migurdia,2709
akitsu_maru_(kancolle),2705
daitaku_helios_(umamusume),2702
iizunamaru_megumu,2702
kagari_atsuko,2700
hyacine_(honkai:_star_rail),2696
ningguang_(genshin_impact),2690
akane_(blue_archive),2690
kamado_tanjirou,2688
commander_(girls'_frontline),2688
oumae_kumiko,2684
yura_(kancolle),2675
monika_(doki_doki_literature_club),2670
taigei_(kancolle),2670
yae_sakura,2669
tamaki_iroha,2668
palutena,2667
edward_elric,2661
gertrud_barkhorn,2661
silver_(pokemon),2660
shikinami_(kancolle),2660
shinku,2659
hanami_saki,2656
akagi_(azur_lane),2656
amagi_yukiko,2655
liko_(pokemon),2651
higuchi_kaede,2651
shana,2651
aino_minako,2651
ak-12_(girls'_frontline),2649
akizuki_(kancolle),2649
perlica_(arknights),2649
phosphophyllite,2644
cipher_(honkai:_star_rail),2643
kotonoha_aoi,2639
hishikawa_rikka,2630
sameko_saba,2630
ruan_mei_(honkai:_star_rail),2629
seiran_(touhou),2628
mutsuki_(kancolle),2625
goldenglow_(arknights),2625
mallow_(pokemon),2621
aoki_reika,2620
la+_darknesss_(1st_costume),2612
narita_taishin_(umamusume),2611
futami_ami,2608
susie_(deltarune),2608
tenma_tsukasa,2608
haguro_(kancolle),2606
ohara_mari,2603
koyanskaya_(fate),2601
female_endministrator_(arknights),2599
leonardo_da_vinci_(fate),2599
nakano_itsuki,2595
levi_(shingeki_no_kyojin),2591
junketsu,2591
hoshikawa_sara,2590
asui_tsuyu,2589
leafeon,2589
atsuko_(blue_archive),2588
kayoko_(dress)_(blue_archive),2588
jessie_(pokemon),2587
sussurro_(arknights),2583
ubel_(sousou_no_frieren),2581
ye_shunguang,2579
shinomiya_kaguya,2579
t-head_admiral,2579
springfield_(girls'_frontline),2577
anaxa_(honkai:_star_rail),2577
ibaraki_douji_(fate),2576
vivlos_(umamusume),2575
irene_(arknights),2573
hornet_(hollow_knight),2571
simon_(ttgl),2571
ciel_(tsukihime),2568
von_lycaon,2568
marina_(splatoon),2564
rice_shower_(rosy_dreams)_(umamusume),2563
kugisaki_nobara,2559
slime_(genshin_impact),2557
mejiro_ardan_(umamusume),2557
elegg_(nikke),2557
pekomama,2553
scaramouche_(kabukimono)_(genshin_impact),2551
outis_(project_moon),2550
naegi_makoto,2545
yoshimi_(blue_archive),2545
tokisaki_kurumi,2544
mavuika_(genshin_impact),2544
shiver_(splatoon),2543
roll_(mega_man),2540
tennoji_rina,2538
pochita_(chainsaw_man),2534
isuzu_hana,2532
rebecca_(cyberpunk),2532
diarmuid_ua_duibhne_(fate),2532
shibuya_kanon,2531
oblivionis_(bang_dream!),2530
char_aznable,2528
asakura_ryoko,2528
louise_francoise_le_blanc_de_la_valliere,2525
elira_pendora,2525
ryu_(street_fighter),2524
meltryllis_(swimsuit_lancer)_(fate),2520
little_red_riding_hood_(fairy_tale_character),2516
verxina_(umamusume),2513
anastasia_(fate),2512
denia_(wuthering_waves),2511
madotsuki,2509
spider-man_(original_suit),2508
nakasu_kasumi,2508
dream_journey_(umamusume),2506
ushiromiya_battler,2505
cyno_(genshin_impact),2503
elizabeth_rose_bloodflame,2501
kero_(cardcaptor_sakura),2500
shinki_(touhou),2500
lopunny,2498
kashiwazaki_sena,2497
tony_tony_chopper,2495
nonna_(girls_und_panzer),2494
matikanefukukitaru_(umamusume),2493
emma_verde,2490
sonozaki_mion,2485
jill_valentine,2483
air_shakur_(umamusume),2483
yu_mei-ren_(fate),2482
hikawa_sayo,2480
komi_shouko,2480
lynette_(genshin_impact),2478
tsunade_(naruto),2478
pola_(kancolle),2478
bulma,2473
rodion_(project_moon),2471
endeavor_(boku_no_hero_academia),2471
yaoyorozu_momo,2467
momota_kaito,2456
diarmuid_ua_duibhne_(lancer)_(fate),2455
morikubo_nono,2454
cartethyia_(wuthering_waves),2452
gotland_(kancolle),2451
haniyasushin_keiki,2451
son_gohan,2451
enkidu_(fate),2447
moogle,2442
mint_fantome,2442
lisa_(genshin_impact),2442
miyuki_(kancolle),2440
almond_eye_(umamusume),2440
eimi_(blue_archive),2439
shima_rin,2439
ushiwakamaru_(fate),2439
hina_(swimsuit)_(blue_archive),2437
tokino_sora,2437
charmander,2437
takanashi_rikka,2434
lio_fotia,2431
morpeko_(full),2430
kinugasa_(kancolle),2430
ranka_lee,2427
senshi_(dungeon_meshi),2425
st._louis_(azur_lane),2424
sasaki_chie,2423
felicia_(darkstalkers),2421
fubuki_(one-punch_man),2421
u-511_(kancolle),2421
shun_(small)_(blue_archive),2419
midna,2419
meowscarada,2418
oyama_mihari,2417
kamikaze_(kancolle),2416
kureiji_ollie,2414
tachibana_hibiki_(symphogear),2413
squirtle,2413
kirijou_mitsuru,2412
hoshino_ai,2411
shantae,2409
osaki_amana,2409
niwatari_kutaka,2408
terra_branford,2407
raising_heart,2405
neptune_(neptunia),2404
akaza_akari,2404
satsuki_(blue_archive),2402
blaze_the_cat,2402
scorbunny,2397
tone_(kancolle),2397
lynette_bishop,2395
kyonko,2391
mari_(faraway)_(omori),2389
kisaragi_(kancolle),2388
sinon,2383
kujou_sara,2383
i-168_(kancolle),2383
gambier_bay_(kancolle),2383
jigglypuff,2380
suiseiseki,2379
mysterious_heroine_xx_(fate),2377
mima_(touhou),2376
saria_(arknights),2376
napoleon_bonaparte_(fate),2376
james_(pokemon),2376
lilith_(fate),2375
abukuma_(kancolle),2374
yanfei_(genshin_impact),2373
i-8_(kancolle),2371
makigumo_(kancolle),2370
hino_akane_(precure),2368
sora_(kingdom_hearts),2365
himmel_(sousou_no_frieren),2365
remielle_dan_(moonlight_whispers),2364
kitazawa_shiho,2362
mococo_abyssgard_(1st_costume),2362
himesaki_rinami,2361
ryoumen_sukuna_(jujutsu_kaisen),2360
mortis_(costume)_(bang_dream!),2359
perrine_h._clostermann,2359
ada_wong,2358
kusanagi_nene,2358
anby_demara,2357
houshou_marine_(summer),2356
hozuki_momiji,2355
blake_belladonna,2354
fubuki_kai_ni_(kancolle),2352
camellya_(wuthering_waves),2352
chiyoda_momo,2351
narita_top_road_(umamusume),2350
charlotte_e._yeager,2349
carlotta_(wuthering_waves),2346
smart_falcon_(umamusume),2346
nishizumi_shiho,2346
eri_(blue_archive),2346
yamato_(one_piece),2345
katsuragi_ace_(umamusume),2345
an-94_(girls'_frontline),2344
tedeza_rize,2343
serizawa_asahi,2342
takanashi_kiara_(1st_costume),2339
re-class_battleship,2337
tiki_(fire_emblem),2336
ashido_mina,2332
nero_claudius_(swimsuit_caster)_(fate),2330
pomni_(the_amazing_digital_circus),2328
houjou_hibiki,2327
oshawott,2326
tsurugi_(blue_archive),2324
bowser,2322
nakano_ichika,2321
hoshiguma_(arknights),2319
hino_rei,2316
honda_mio,2315
aglaea_(honkai:_star_rail),2315
iuno_(wuthering_waves),2313
ho'olheyak_(arknights),2313
kuwayama_chiyuki,2313
sans_(undertale),2310
akatsuki_kirika,2310
akita_neru,2309
kurumi_erika,2309
justice_task_force_member_(blue_archive),2308
backbeako_(torotei),2306
kino_makoto,2306
priest_(ragnarok_online),2305
tamamo_no_mae_(swimsuit_lancer)_(fate),2304
brazilian_miku,2299
niijima_makoto,2298
dr._ratio_(honkai:_star_rail),2298
horikawa_raiko,2297
fuji_kiseki_(umamusume),2297
suzutsuki_(kancolle),2296
miyashita_ai,2294
shirase_sakuya,2292
snivy,2286
eyjafjalla_(arknights),2285
koyuki_(blue_archive),2283
hibiki_(cheer_squad)_(blue_archive),2283
himeko_(honkai:_star_rail),2281
kanna_(swimsuit)_(blue_archive),2281
angel_devil_(chainsaw_man),2280
morino_rinze,2274
ranni_the_witch,2274
nagatoro_hayase,2273
backbeard,2272
wriothesley_(genshin_impact),2272
aida_mana,2269
flareon,2267
nemona_(pokemon),2267
aubrey_(headspace)_(omori),2266
tohru_(maidragon),2265
miyamoto_frederica,2264
ringo_(touhou),2264
fujiwara_chika,2264
fuwawa_abyssgard_(1st_costume),2263
wolverine_(x-men),2263
ashiya_douman_(fate),2263
cure_arcana_shadow,2263
elesa_(pokemon),2258
yukihana_lamy_(1st_costume),2257
ujimatsu_chiya,2255
ikamusume,2254
yuugumo_(kancolle),2253
mithrun,2248
hassan_of_serenity_(fate),2245
manhattan_cafe_(creeping_shadow)_(umamusume),2241
adventurer_(ff11),2239
artoria_pendragon_(lancer_alter)_(fate),2238
g11_(girls'_frontline),2236
shoebill_(kemono_friends),2234
mon3tr_(arknights),2231
irida_(pokemon),2231
tohno_shiki,2226
natsuki_(doki_doki_literature_club),2220
kaguya_(tsukuyomi)_(cho_kaguya-hime!),2217
minato_aqua_(1st_costume),2216
frye_(splatoon),2215
katsuragi_lilja,2214
x_(mega_man),2214
moona_hoshinova,2213
marie_antoinette_(fate),2212
america_(hetalia),2211
kayamori_ruka,2210
irisviel_von_einzbern,2209
daidouji_tomoyo,2207
asaka_karin,2207
mifune_shioriko,2207
marianne_von_edmund,2207
etna_(disgaea),2204
atou_haruki,2202
niko_(blue_archive),2200
cinnamoroll,2197
hakos_baelz_(1st_costume),2197
female_alear_(fire_emblem),2196
nanasaki_ai,2196
popuko,2195
kousaka_tamaki,2195
jirachi,2193
javelin_(azur_lane),2192
noumi_kudryavka,2192
shinonome_akito,2190
suou_momoko,2190
fine_motion_(umamusume),2190
sonoda_chiyoko,2185
boa_hancock,2184
airi_(blue_archive),2182
asaba_harumasa,2180
flins_(genshin_impact),2178
ise_(kancolle),2178
sonetto_(reverse:1999),2177
chibi_usa,2176
hoshizora_miyuki,2175
rouge_the_bat,2174
murakumo_kai_ni_(kancolle),2173
bardiche_(nanoha),2172
orange_pekoe_(girls_und_panzer),2172
hero_(faraway)_(omori),2170
velina_airgid,2170
aile_(mega_man_zx),2169
eternity_larva,2169
lucky_beast_(kemono_friends),2169
miyako_(swimsuit)_(blue_archive),2168
pit_(kid_icarus),2167
lovely_labrynth_of_the_silver_castle,2166
tokoyami_towa_(1st_costume),2166
kirigaya_suguha,2166
shinano_(azur_lane),2165
rossi_(arknights),2165
mejiro_dober_(umamusume),2163
biwa_hayahide_(umamusume),2163
noelle_(genshin_impact),2160
kamishiro_rui,2160
rosmontis_(arknights),2159
lynae_(wuthering_waves),2154
squall_leonhart,2153
komiya_kaho,2152
beidou_(genshin_impact),2151
cyndaquil,2151
mari_(headspace)_(omori),2149
portgas_d._ace,2149
elphelt_valentine,2148
ramlethal_valentine,2148
lucy_(cyberpunk),2147
konoe_kanata,2147
prisma_illya,2146
baobhan_sith_(first_ascension)_(fate),2144
rita_rossweisse,2142
kamisato_ayato,2141
andou_(girls_und_panzer),2138
noshiro_(kancolle),2137
tokai_teio_(peak_joy)_(umamusume),2136
phrolova_(wuthering_waves),2136
dimitri_alexandre_blaiddyd_(timeskip),2135
shishiro_botan_(1st_costume),2133
nachi_(kancolle),2130
ling_(arknights),2130
united_kingdom_(hetalia),2129
teruzuki_(kancolle),2128
hina_(dress)_(blue_archive),2124
saitama_(one-punch_man),2124
lucifer_(helltaker),2122
male_robin_(fire_emblem),2122
chikorita,2121
hakui_koyori_(1st_costume),2118
hoshi_syoko,2118
yukinoshita_yukino,2116
meowth,2115
muelsyse_(arknights),2115
selen_tatsuki,2112
kusanagi_motoko,2110
male_doctor_(arknights),2110
jun'you_(kancolle),2110
matsumoto_rangiku,2107
scaramouche_(cat)_(genshin_impact),2107
herrscher_of_sentience,2105
katsuragi_misato,2104
yumi_(senran_kagura),2104
shuji_ito,2103
waddle_dee,2102
killua_zoldyck,2100
misaki_(blue_archive),2100
gyro_zeppeli,2097
asashio_kai_ni_(kancolle),2096
battleship_princess,2096
fletcher_(kancolle),2095
watatsuki_no_yorihime,2094
matsuno_osomatsu,2093
maomao_(kusuriya_no_hitorigoto),2092
misumi_nagisa,2091
sunazuka_akira,2090
chris_redfield,2089
aoyagi_touya,2087
maruzensky_(umamusume),2085
himeno_(chainsaw_man),2085
choukai_(kancolle),2079
rabbit_yukine,2078
krista_lenz,2078
bibi_(tokoyami_towa),2077
kongou_kai_ni_(kancolle),2076
virtuosa_(arknights),2075
yvonne_(arknights),2075
angela_(project_moon),2073
kasugano_sakura,2073
yuzuriha_inori,2073
jakuzure_nonon,2071
aozaki_aoko,2070
shiomi_syuko,2068
jeanne_d'arc_alter_santa_lily_(fate),2068
index_(toaru_majutsu_no_index),2067
suzuhara_lulu,2066
nagatsuki_(kancolle),2065
m200_(girls'_frontline),2064
gangut_(kancolle),2063
kris_(pokemon),2062
saren_(princess_connect!),2061
fubuki_(blue_archive),2061
hishi_miracle_(umamusume),2059
takara_miyuki,2057
sakuragi_mano,2056
otonose_kanade,2056
tokoyami_towa_(jirai_kei),2055
matsuno_karamatsu,2053
hoshino_ruby,2051
nerissa_ravencroft_(1st_costume),2050
corin_wickes,2047
matsuno_ichimatsu,2047
konjiki_no_yami,2044
olga_marie_animusphere,2044
kuroshio_(kancolle),2041
hikawa_hina,2040
yuki_judai,2038
mountain_(arknights),2033
joutouguu_mayumi,2032
lohen_(genshin_impact),2032
moroboshi_kirari,2032
rex_(xenoblade),2032
hataya_misuzu,2031
tenkyuu_chimata,2031
something_(omori),2028
deadpool,2025
pepperoni_(girls_und_panzer),2024
miyo_(blue_archive),2022
nero_claudius_(bride)_(fate),2022
tsukioka_kogane,2020
sparxie_(honkai:_star_rail),2018
topaz_(honkai:_star_rail),2017
kasumi_(doa),2014
iruma_miu,2014
chongyue_(arknights),2012
tharja_(fire_emblem),2010
aranara_(genshin_impact),2010
hojo_karen,2008
tsubaki_(blue_archive),2007
neuro-sama,2003
pearl_(splatoon),2001
stay_gold_(umamusume),2000
tepig,2000
meursault_(project_moon),1999
moe_(blue_archive),1998
nugget_(project_moon),1997
kazama_iroha_(1st_costume),1996
yamada_anna,1996
hilichurl_(genshin_impact),1996
oguri_cap_(starlight_beat)_(umamusume),1996
ditto,1995
haru_haru_(koikoko),1992
matsuno_jyushimatsu,1992
hawks_(boku_no_hero_academia),1991
lyney_(genshin_impact),1990
celestia_ludenberg,1990
tsukino_mito_(1st_costume),1990
garchomp,1989
maru-yu_(kancolle),1988
daiwa_scarlet_(peak_blue)_(umamusume),1987
shirayuki_(kancolle),1985
tracer_(overwatch),1985
mei_(overwatch),1984
cu_chulainn_(fate/stay_night),1983
musashi_kai_ni_(kancolle),1982
sakurako_(blue_archive),1982
jeanne_d'arc_alter_(ver._shinjuku_1999)_(fate),1981
ayane_(blue_archive),1979
z23_(azur_lane),1979
artoria_pendragon_(swimsuit_ruler)_(fate),1978
bloop_(gawr_gura),1975
kamiya_nao,1973
ayanami_(kancolle),1971
cantarella_(wuthering_waves),1971
kagura_(gintama),1970
katsuki_yuri,1970
torchic,1970
elysia_(hi_love_elf)_(honkai_impact),1969
asashimo_(kancolle),1969
xingqiu_(genshin_impact),1967
nishida_satono,1965
kanoe_(blue_archive),1965
sabrina_(pokemon),1962
mysterious_heroine_x_alter_(fate),1961
durin_(genshin_impact),1960
arashio_(kancolle),1959
cissia_(zenless_zone_zero),1957
koharu_(swimsuit)_(blue_archive),1954
calem_(pokemon),1953
hanyuu,1953
kemomimi-chan_(naga_u),1953
android_21,1952
viktor_nikiforov,1952
honolulu_(azur_lane),1951
slime_(dragon_quest),1948
tenochtitlan_(fate),1945
yowane_haku,1945
katsuragi_izumi,1945
koizumi_itsuki,1944
bianca_(pokemon),1944
russia_(hetalia),1943
hello_kitty_(character),1943
oberon_(third_ascension)_(fate),1943
ichihara_nina,1942
vita_(nanoha),1941
last_order_(toaru_majutsu_no_index),1937
maki_(blue_archive),1937
hoshino_aquamarine,1935
takagi-san,1934
hatoba_tsugu,1933
mejiro_palmer_(umamusume),1933
ushiromiya_ange,1933
yayoi_(kancolle),1933
sengoku_nadeko,1932
vivio,1931
sonozaki_shion,1931
aston_machan_(umamusume),1930
fukawa_toko,1929
hanasaki_tsubomi,1927
sailor_mercury,1927
ao_isami,1927
mioda_ibuki,1926
nanami_kento,1926
katsuragi_(kancolle),1925
rupa_(girls_band_cry),1924
hokko_tarumae_(umamusume),1924
monomi_(danganronpa),1923
hisakawa_hayate,1921
raven_(dc),1919
hiyori_(blue_archive),1917
jinhsi_(wuthering_waves),1913
rosehip_(girls_und_panzer),1913
kurapika,1912
tama_(kancolle),1912
kuzuha_(nijisanji),1912
sua_(zombie_stage),1910
qingyi_(zenless_zone_zero),1910
chandelure,1910
scathach-skadi_(fate),1909
blue_poison_(arknights),1908
ralsei,1906
nonomi_(swimsuit)_(blue_archive),1906
jervis_(kancolle),1905
watatsuki_no_toyohime,1905
gregor_(project_moon),1905
dokibird,1905
aris_(maid)_(blue_archive),1903
teireida_mai,1902
m4a1_(girls'_frontline),1902
sakuma_mayu,1901
sakura_miko_(1st_costume),1901
pavolia_reine,1901
shiraishi_an,1900
araragi_koyomi,1900
taiki_shuttle_(umamusume),1897
reed_(arknights),1896
le_malin_(azur_lane),1896
widowmaker_(overwatch),1895
gwynn_(pokemon),1893
elio_(pokemon),1890
ichikawa_hinana,1890
m16a1_(girls'_frontline),1889
souseiseki,1889
dragonite,1889
gallade,1888
wattson_(apex_legends),1887
sweep_tosho_(umamusume),1886
tsukumo_benben,1886
okita_souji_(third_ascension)_(fate),1886
neru_(bunny)_(blue_archive),1885
osaki_tenka,1885
usopp,1884
bruno_bucciarati,1884
tohno_akiha,1883
yumeno_himiko,1882
minato_aqua_(sailor),1882
okabe_rintarou,1881
myoukou_(kancolle),1880
m4_sopmod_ii_(girls'_frontline),1880
sobble,1880
tsukumo_sana,1879
claude_von_riegan,1876
iris_(pokemon),1876
oshida_(girls_und_panzer),1875
la_pluma_(arknights),1875
classic_d.va,1875
funami_yui,1875
suzukaze_(kancolle),1874
matsuno_choromatsu,1873
soukaku_(zenless_zone_zero),1871
bb_(fate/extra),1870
chilchuck_tims,1870
dehya_(genshin_impact),1870
haruna_kai_ni_(kancolle),1869
mordred_(fate/apocrypha),1868
kel_(headspace)_(omori),1867
makoto_nanaya,1865
bayonetta,1865
tono_hanna,1864
mobius_(honkai_impact),1864
su-san,1864
chi-chi_(dragon_ball),1864
theresa_(arknights),1863
baltimore_(azur_lane),1861
martha_(fate),1860
azusawa_kohane,1860
leafa_(sao),1859
silver_fox_(kemono_friends),1858
okamisty,1858
nijigaoka_mashiro,1857
pichu,1857
mega_man_(character),1856
gladion_(pokemon),1856
maizono_sayaka,1853
todoroki_hajime,1852
tachibana_hinano,1851
sakamoto_mio,1850
harada_minoru,1850
japan_(hetalia),1849
kiryu_coco_(1st_costume),1848
absol,1847
falin_touden_(tallman),1845
yuri_(doki_doki_literature_club),1844
piers_(pokemon),1844
kishibe_rohan,1844
vi_(league),1842
medea_(fate),1842
luka_(alien_stage),1841
tails_(sonic),1841
furen_e_lustario,1840
doloris_(bang_dream!),1840
kamio_misuzu,1839
batman,1839
kousaka_reina,1839
mew_(pokemon),1838
tashkent_(kancolle),1837
mizi_(zombie_stage),1836
vulpisfoglia_(arknights),1836
reiuji_utsuho_(bird),1834
miyamoto_musashi_(swimsuit_berserker)_(fate),1834
otonashi_kotori,1833
kenzaki_makoto,1833
floyd_leech,1833
ange_katrina_(1st_costume),1831
tanaka_mamimi,1830
elsa_(frozen),1825
yuigahama_yui,1825
ebizuka_tomo,1824
igarashi_futaba,1824
katsuragi_marina,1822
yukishiro_honoka,1821
young_link,1819
chongyun_(genshin_impact),1819
hasumi_(track)_(blue_archive),1819
braixen,1818
zhao_(zenless_zone_zero),1815
tsurumaki_maki,1815
sakura_bakushin_o_(umamusume),1814
saber_lily,1814
heanna_sumire,1813
pipimi,1813
purple_heart_(neptunia),1813
astolfo_(rider)_(fate),1812
jiro_kyoka,1811
natsume_rin,1810
japanese_crested_ibis_(kemono_friends),1808
sukoya_kana,1808
shigure_kai_san_(kancolle),1808
sylphiette_(mushoku_tensei),1806
kabru,1806
angel_(kof),1806
hero_(headspace)_(omori),1804
jolteon,1804
latias,1804
kazano_hiori,1802
yuuki_haru,1801
agano_(kancolle),1799
alice_margatroid_(pc-98),1798
siege_(arknights),1797
furutaka_(kancolle),1797
elaina_(majo_no_tabitabi),1796
hachikuji_mayoi,1795
employee_(project_moon),1793
signum,1792
modeus_(helltaker),1791
female_sensei_(blue_archive),1790
amaori_renako,1789
racing_miku,1787
mamiya_(kancolle),1787
shigure_(blue_archive),1785
caenis_(fate),1784
libeccio_(kancolle),1784
tang_keke,1784
kamui_gakupo,1781
kasumi_(blue_archive),1781
mualani_(genshin_impact),1777
furukawa_nagisa,1776
princess_king_boo,1776
zidane_tribal,1774
oomuro_sakurako,1774
isuzu_(kancolle),1774
leona_heidern,1773
vergil_(devil_may_cry),1773
nishi_kinuyo,1772
matoba_risa,1770
sakura_chiyono_o_(umamusume),1769
mejiro_mcqueen_(frontline_elegance)_(umamusume),1768
nakamura_yuri,1767
mimura_kanako,1767
passionlip_(fate),1763
caesar_king_(zenless_zone_zero),1763
hisakawa_nagi,1763
jean_pierre_polnareff,1762
uiharu_kazari,1760
kizuna_ai,1760
mudkip,1759
kishinami_hakuno_(female),1758
gold_city_(umamusume),1758
noel_vermillion,1757
amami_rantaro,1757
yamamura_sadako,1756
merlin_(fate),1756
rias_gremory,1756
red_hood_(nikke),1755
popplio,1755
sasaki_saku,1755
kaf_(kamitsubaki_studio),1755
bronya_zaychik_(silverwing:_n-ex),1754
blaze_(arknights),1754
azura_(fire_emblem),1753
hyakumantenbara_salome,1752
kohaku_(tsukihime),1751
noire_(neptunia),1751
alisa_mikhailovna_kujou,1750
penny_(pokemon),1750
yang_guifei_(fate),1748
pod_(nier:automata),1748
producer_(idolmaster_cinderella_girls_anime),1746
akane_lize,1746
uruha_rushia_(1st_costume),1746
utage_(arknights),1745
yunyun_(konosuba),1743
schwarz_(arknights),1742
haru_urara_(bestest_prize)_(umamusume),1741
magnemite,1738
vincent_valentine,1737
mio_(xenoblade),1737
northern_white-faced_owl_(kemono_friends),1737
manaka_laala,1737
grusha_(pokemon),1737
hiro_(darling_in_the_franxx),1736
kageyama_shigeo,1733
pramanix_(arknights),1733
sonya_(kill_me_baby),1732
minamino_kanade,1732
priestess_(arknights),1731
kuramoto_china,1730
bremerton_(scorching-hot_training)_(azur_lane),1730
kirino_ranmaru,1728
yanami_anna,1725
nanachi_(made_in_abyss),1724
ezo_red_fox_(kemono_friends),1724
texas_the_omertosa_(arknights),1723
natsume_an-an,1723
litwick,1723
st_ar-15_(girls'_frontline),1722
kiss-shot_acerola-orion_heart-under-blade,1721
lucoa_(maidragon),1721
oshino_ougi,1721
frederica_bernkastel,1721
maka_albarn,1720
hoshimiya_ichigo,1720
ichijou_ririka,1720
mika_(swimsuit)_(blue_archive),1719
kirara_(blue_archive),1719
kiritani_haruka,1719
jumpy_dumpty,1718
mogami_shizuka,1718
totodile,1718
serina_(blue_archive),1718
malenia_blade_of_miquella,1717
gon_freecss,1716
arjuna_(fate),1713
fuuka_(blue_archive),1712
hyuna_(alien_stage),1712
sayori_(doki_doki_literature_club),1712
karna_(fate),1712
kamukura_izuru,1711
ako_(dress)_(blue_archive),1709
winning_ticket_(umamusume),1707
grey_wolf_(kemono_friends),1707
silence_suzuka_(innocent_silence)_(umamusume),1706
isoi_reiji,1706
matou_kariya,1706
yoshikawa_chinatsu,1704
isonami_(kancolle),1702
nekomusume,1702
matsuno_todomatsu,1700
fujibayashi_kyou,1697
osakabehime_(fate),1697
soul_(utdr),1697
tenma_saki,1697
meta_knight,1696
chen_qianyu_(arknights),1696
phoenix_wright,1694
fenomeno_(umamusume),1694
otomachi_una,1694
tarnished_(elden_ring),1693
aoba_(blue_archive),1692
vash_the_stampede,1691
wraith_(apex_legends),1690
yuri_lowell,1690
anila_(granblue_fantasy),1690
rapi_(red_hood)_(nikke),1688
spider-gwen,1687
emma_(pokemon),1684
kagamihara_nadeshiko,1684
el_condor_pasa_(umamusume),1682
amane_kanata_(1st_costume),1682
kazusa_(band)_(blue_archive),1681
sailor_venus,1680
tokisaki_kurumi_(spirit),1680
francesca_lucchini,1680
a2_(nier:automata),1679
lemuen_(arknights),1679
feixiao_(honkai:_star_rail),1677
new_jersey_(azur_lane),1676
hop_(pokemon),1675
collei_(genshin_impact),1674
akechi_goro,1672
murasaki_shion_(1st_costume),1671
my_melody,1670
nate_(pokemon),1668
ilulu_(maidragon),1668
sailor_mars,1667
gwen_(league),1666
grace_howard,1665
tateyama_ayano,1665
kashino_(azur_lane),1664
oda_nobunaga_(koha-ace),1664
midna_(imp),1663
hinata_(blue_archive),1663
helena_blavatsky_(fate),1661
female_byleth_(awakened)_(fire_emblem),1661
ceres_fauna_(1st_costume),1661
godzilla,1661
kinich_(genshin_impact),1661
psylocke,1660
daring_tact_(umamusume),1660
kama_(young)_(fate),1659
etorofu_(kancolle),1659
poring,1659
caitlyn_(league),1659
leonardo_da_vinci_(rider)_(fate),1658
cure_sky,1658
kawakaze_(kancolle),1658
oreki_houtarou,1656
armin_arlert,1656
luma_(mario),1655
boudica_(fate),1655
eunie_(xenoblade),1654
sendai_hakurei_no_miko,1653
kiana_kaslana_(herrscher_of_finality),1651
rensouhou-kun,1648
raiden_mei_(herrscher_of_thunder),1648
dido_(azur_lane),1648
arven_(pokemon),1646
amamiya_kokoro,1645
kuma_(persona_4),1644
katori_(kancolle),1641
reiner_braun,1638
boo_(mario),1637
tatsumi_kanji,1637
raichu,1637
maebara_keiichi,1635
lighter_(zenless_zone_zero),1633
hoshino_ichika_(project_sekai),1632
marciana_(nikke),1631
hayashimo_(kancolle),1629
kirara_(genshin_impact),1629
hanasato_minori,1628
female_trainer_(umamusume),1628
akali_(league),1627
diana_cavendish,1626
tokiko_(touhou),1625
kuromi,1625
tamura_yuri,1625
i-class_destroyer,1625
juufuutei_raden,1625
garnet_til_alexandros_xvii,1624
xiangling_(genshin_impact),1624
hatsune_miku_(append),1623
fuecoco,1621
isabelle_(animal_crossing),1620
mornye_(wuthering_waves),1620
may_(guilty_gear),1616
otogi_(blue_archive),1616
ymir_(shingeki_no_kyojin),1615
colorado_(kancolle),1615
ironmouse,1614
ingo_(pokemon),1614
medusa_(fate/stay_night),1613
sajo_yukimi,1612
gamagoori_ira,1612
katou_asuka,1610
ellen_joe_(on_campus),1609
shouhou_(kancolle),1609
aki_rosenthal,1608
bernadetta_von_varley,1607
mitake_ran,1607
norma_hollowell,1606
yuuri_(shoujo_shuumatsu_ryokou),1606
arataki_itto,1605
merlin_(fate/prototype),1603
victor_(pokemon),1602
evil_neuro-sama,1602
lewis_smith,1601
ninomiya_asuka,1601
ceobe_(arknights),1600
johnston_(kancolle),1599
arisugawa_natsuha,1598
hagikaze_(kancolle),1598
oyashio_(kancolle),1598
zero(z)_(mega_man),1597
hiyuki_(wuthering_waves),1597
hirasawa_ui,1597
perona,1596
natori_sana_(nurse),1596
copano_rickey_(umamusume),1596
theodore_riddle,1596
izuna_(swimsuit)_(blue_archive),1596
male_corrin_(fire_emblem),1592
mikazuki_munechika,1592
grookey,1592
enna_alouette,1591
chito_(shoujo_shuumatsu_ryokou),1590
yoshizawa_kasumi,1590
higashi_setsuna,1590
konno_junko,1590
maria_cadenzavna_eve,1589
fujisaki_chihiro,1587
gilberta_(arknights),1587
artoria_pendragon_(swimsuit_ruler)_(first_ascension)_(fate),1587
marie_(girls_und_panzer),1585
iwakura_lain,1583
damian_desmond,1583
caren_hortensia,1583
murasaki_shikibu_(fate),1580
tenko_shibuki,1579
zentreya,1577
albedo_(overlord),1576
edelgard_von_hresvelg_(timeskip),1574
beatrice_(re:zero),1573
izumi_mei,1573
okumura_haru,1572
juo_sena,1571
kashuu_kiyomitsu,1571
rx-78-2_gundam,1570
dorothea_arnault,1569
mejiro_ramonu_(umamusume),1569
jingliu_(honkai:_star_rail),1569
cure_peace,1569
totoki_airi,1566
protagonist_(love_and_deepspace),1566
arle_nadja,1566
win_variation_(umamusume),1565
zeta_(granblue_fantasy),1564
saijo_claudine,1564
pomu_rainpuff,1564
medea_(caster)_(fate),1563
sigewinne_(genshin_impact),1562
jogasaki_noah,1561
tenjouin_asuka,1560
ganondorf,1560
mizunashi_akari,1559
captain_(kemono_friends),1559
joseph_joestar_(old),1558
callie_(squid_sisters_outfit)_(splatoon),1557
varesa_(genshin_impact),1556
kiran_(fire_emblem),1555
lucas_(pokemon),1553
firefly_(spring_missive)_(honkai:_star_rail),1552
adachi_tohru,1551
murata_himeko,1551
dan_heng_(imbibitor_lunae)_(honkai:_star_rail),1550
tendo_maya,1550
rio_(armed)_(blue_archive),1549
silence_(arknights),1549
tsukikage_yuri,1549
nia_(blade)_(xenoblade),1549
fleurdelys_(wuthering_waves),1548
alolan_vulpix,1548
oribe_yasuna,1548
ogata_hyakunosuke,1547
miyu_(swimsuit)_(blue_archive),1545
kaneki_ken,1543
toon_link,1542
furutani_himawari,1542
toto-sama_(fate),1542
kadotani_anzu,1541
micaiah_(fire_emblem),1540
gwen_stacy,1539
nagato_(azur_lane),1538
kamoi_(kancolle),1538
37_(reverse:1999),1537
kazagumo_(kancolle),1537
umikaze_(kancolle),1536
white_mage_(final_fantasy),1535
y'shtola_rhul,1535
cagliostro_(granblue_fantasy),1535
marie_(squid_sisters_outfit)_(splatoon),1534
baiken,1534
richelieu_(kancolle),1534
litten,1534
kuki_shinobu,1533
crewmate_(among_us),1530
kenmochi_touya,1529
green_(pokemon),1529
kaela_kovalskia,1528
nyaan_(gundam_gquuuuuux),1528
rimuru_tempest,1527
hishi_amazon_(umamusume),1526
hatake_kakashi,1525
bede_(pokemon),1525
ralts,1524
atalanta_(fate),1523
faruzan_(genshin_impact),1522
yoroizuka_mizore,1522
luo_xiaohei,1521
agent_8_(splatoon),1520
enemy_aircraft_(kancolle),1519
fiammetta_(arknights),1517
sakura_miko_(casual),1517
rengoku_kyoujurou,1517
ookami_mio_(1st_costume),1516
artoria_caster_(second_ascension)_(fate),1516
steven_stone,1516
ro635_(girls'_frontline),1516
little_boy_admiral_(kancolle),1514
hasumi_(swimsuit)_(blue_archive),1514
guido_mista,1514
nimi_nightmare,1513
lux_(league),1512
ark_royal_(kancolle),1512
skirk_(genshin_impact),1511
assassin_cross_(ragnarok_online),1510
sendai_hazuki,1509
tsukuyomi_shirabe,1509
vikala_(granblue_fantasy),1507
sailor_jupiter,1506
riesz,1506
red_pikmin,1506
hare_(blue_archive),1505
dan_heng_(hunt)_(honkai:_star_rail),1504
herta_(puppet)_(honkai:_star_rail),1504
murasame_kai_ni_(kancolle),1504
ryuzaki_kaoru,1504
kamina_(ttgl),1503
edmond_dantes_(fate),1503
fennekin,1503
nishino_flower_(umamusume),1501
raora_panthera_(1st_costume),1500
psyduck,1499
akira_(blue_archive),1498
kanae_(nijisanji),1498
ichinose_uruha,1498
oikawa_shizuku,1498
tailless_(zenless_zone_zero),1497
red_soul_(utdr),1497
altaria,1497
iori_(swimsuit)_(blue_archive),1496
marth_(fire_emblem),1495
lucy_heartfilia,1494
homu_(honkai_impact),1494
momoe_nagisa,1494
yuno_(hidamari_sketch),1493
snorlax,1490
trunks_(dragon_ball),1490
sugimoto_saichi,1488
abe_nana,1488
mari_(idol)_(blue_archive),1487
rpk-16_(girls'_frontline),1487
suzuya_kai_ni_(kancolle),1487
uzaki_hana,1487
lacey_(pokemon),1486
crystalfly_(genshin_impact),1486
sister_claire,1485
miyagi_shiori,1484
nepgear,1482
ragna_the_bloodedge,1480
gilles_de_rais_(fate),1476
yukoku_kiriko,1476
trigger_(zenless_zone_zero),1475
zara_(azur_lane),1475
gorou_(genshin_impact),1471
ingrid_brandl_galatea,1471
roboco-san,1470
guts_(berserk),1469
pekomon_(usada_pekora),1469
clumsy_nun_(diva),1468
aizawa_ema,1468
yusa_kozue,1468
mizuki_(arknights),1467
assam_(girls_und_panzer),1466
akizuki_ryo,1466
arashi_(kancolle),1466
hisui_(tsukihime),1466
olimar,1465
asagumo_(kancolle),1464
sakurajima_mai,1464
minamoto_no_raikou_(swimsuit_lancer)_(fate),1463
erika_(pokemon),1462
kaine_(nier),1462
furret,1462
tanya_degurechaff,1461
kazanari_tsubasa,1461
rosaria_(genshin_impact),1461
kitasan_black_(gilded_shrine_to_glory)_(umamusume),1460
okita_souji_alter_(fate),1460
dhole_(kemono_friends),1460
nanao_yuriko,1459
makabe_mizuki,1459
susie_(dark_world)_(deltarune),1458
captain_(honkai_impact),1458
t.m._opera_o_(o_sole_suo!)_(umamusume),1458
alisa_ilinichina_amiella,1458
failure_penguin,1457
yuuki_(sao),1457
okazaki_yumemi,1456
aegir_(azur_lane),1456
jing_yuan,1454
saber_alter_(swimsuit_rider)_(second_ascension),1453
blanc_(neptunia),1453
yamato-no-kami_yasusada,1453
sieg_(fate),1453
cheren_(pokemon),1452
inuyama_aoi,1452
tanaka_kotoha,1451
sona_(league),1449
scathach_(lancer)_(fate),1449
high_wizard_(ragnarok_online),1448
yidhari_murphy,1447
swire_(arknights),1445
komano_manato,1445
flygon,1445
gogeta,1444
enemy_lifebuoy_(kancolle),1444
ibuki_tsubasa,1443
kiso_kai_ni_(kancolle),1443
seliph_(fire_emblem),1442
corbeau_(pokemon),1442
kinomoto_sakura_(magician),1442
morgana_(persona_5),1442
altera_(fate),1442
cinderace,1440
chattino_(raora_panthera),1440
yorumi_rena,1439
tosen_jordan_(umamusume),1439
rydia_(ff4),1438
platinum_(arknights),1437
jade_leech,1437
kyoka_(princess_connect!),1437
pachirisu,1436
tanino_gimlet_(umamusume),1436
myoudouin_itsuki,1435
aura_(sousou_no_frieren),1434
piper_wheel,1434
touhoku_zunko,1433
hourai_doll,1433
charlotte_dunois,1433
eden_(honkai_impact),1433
joker_(persona_5),1432
arimura_mao,1430
medb_(fate),1430
amanogawa_kirara,1430
arashi_chisato,1429
jack-o'_valentine,1429
wei_wuxian_(yiling_laozu),1429
diona_(genshin_impact),1429
roland_(project_moon),1428
evanescia_(honkai:_star_rail),1428
suomi_(girls'_frontline),1427
kama_(teenager)_(fate),1427
kisaki_(swimsuit)_(blue_archive),1427
cure_marine,1425
tomoe_hotaru,1423
seele_(alter_ego),1423
magical_ruby,1422
reines_el-melloi_archisorte,1422
momoi_airi,1420
purah,1419
momozono_love,1418
nekoyashiki_yuki,1417
sucrose_(genshin_impact),1415
lapras,1415
mita_(miside),1415
nakiri_ayame_(1st_costume),1414
orphie_magnusson,1414
haramura_nodoka,1414
jacinthe_(pokemon),1414
nearl_(arknights),1414
tsukumo_yatsuhashi,1413
chiori_(genshin_impact),1412
typhon_(arknights),1411
acerola_(pokemon),1410
harley_quinn,1410
nekomiya_mana,1410
goutokuji_mike,1410
alcremie,1410
cheshire_(azur_lane),1409
tsurumaru_kuninaga,1409
clark_kent,1408
hayasaka_ai,1408
ken_masters,1407
izumi_yuki,1407
alexandrina_sebastiane,1407
hoshino_fumina,1406
takane_lui_(1st_costume),1405
mordred_(memories_at_trifas)_(fate),1404
utane_uta,1404
yuuki_sakuna,1404
justice_(helltaker),1404
chihiro_(blue_archive),1403
suri_alpaca_(kemono_friends),1403
ikuno_dictus_(umamusume),1403
imai_lisa,1403
maikaze_(kancolle),1403
emperor_penguin_(kemono_friends),1403
cagalli_yula_athha,1403
elise_(fire_emblem),1402
drifloon,1402
jintsuu_kai_ni_(kancolle),1402
shiun_sumika,1402
symboli_kris_s_(umamusume),1401
ness_(mother_2),1401
arthur_pendragon_(fate),1400
phainon_(khaslana)_(honkai:_star_rail),1400
yui_(angel_beats!),1399
finana_ryugu,1398
eurasian_eagle_owl_(kemono_friends),1396
lucia_(pgr),1395
chief_(path_to_nowhere),1395
yamato_takeru_(fate),1395
sebastian_piyodore,1395
hiiragi_utena,1395
zen'in_maki,1393
amagi_(azur_lane),1393
elin,1393
cure_black,1393
jax_(the_amazing_digital_circus),1391
necrass_(arknights),1390
gekota,1390
kururugi_suzaku,1390
hornet_(kancolle),1390
eirika_(fire_emblem),1390
falin_touden_(chimera),1389
ooshio_(kancolle),1389
shuro_(blue_archive),1389
mori_calliope_(streetwear),1388
chrom_(fire_emblem),1387
houjou_tokiyuki_(nige_jouzu_no_wakagimi),1387
arcane_jinx,1386
minna-dietlinde_wilcke,1386
ifrit_(arknights),1386
zara_(kancolle),1385
jill_stingray,1383
naganami_kai_ni_(kancolle),1382
fu_xuan_(honkai:_star_rail),1382
himemushi_momoyo,1380
cerydra_(honkai:_star_rail),1380
seth_lowell,1380
kamikita_komari,1379
yonaga_angie,1379
mawile,1379
mikuma_(kancolle),1376
suzuhara_lulu_(1st_costume),1375
nursery_rhyme_(fate),1375
hinomori_shizuku,1375
tiki_(adult)_(fire_emblem),1374
adashino_adami,1374
xianyun_(genshin_impact),1374
luna_platz_(mega_man),1373
minato_yukina,1373
asuka_(senran_kagura),1371
fami_(chainsaw_man),1371
alphonse_elric,1370
jingei_(kancolle),1370
mewtwo,1369
neo_universe_(umamusume),1369
oka_asahi,1369
takeda_harumi,1369
durandal_(honkai_impact),1368
miyamoto_musashi_(swimsuit_berserker)_(second_ascension)_(fate),1367
kanou_aogu,1367
yangyang_(wuthering_waves),1366
gilles_de_rais_(caster)_(fate),1366
k1-b0,1366
kirino_(blue_archive),1365
kaguya_luna,1365
hado_nejire,1365
koseki_bijou_(1st_costume),1363
gilgamesh_(caster)_(fate),1363
tsushima_(kancolle),1363
tingyun_(honkai:_star_rail),1362
hatsukaze_(kancolle),1362
indou_hikaru,1358
arato_nagi,1358
hung_(arknights),1357
hunter_(bloodborne),1357
kino_(kino_no_tabi),1357
greninja,1356
layla_(genshin_impact),1355
thoma_(genshin_impact),1354
saki_(swimsuit)_(blue_archive),1354
dorothy_(nikke),1353
king_dedede,1353
kneesocks_(psg),1352
maya_kai_ni_(kancolle),1351
sephiroth_(ever_crisis),1350
kiriya_aoi,1350
len_(tsukihime),1350
roxas,1350
seed_(zenless_zone_zero),1348
ib_(ib),1348
sakura_(fire_emblem),1347
specter_the_unchained_(arknights),1347
ookami_mio_(hoodie),1346
senji_muramasa_(fate),1344
yuna_(ff10),1344
nemoto_hina,1343
intrepid_(kancolle),1343
astolfo_(sailor_paladin)_(fate),1342
neuro-sama_(1st_costume),1339
himejima_akeno,1338
kei_(aris)_(blue_archive),1338
france_(hetalia),1337
kurumi_(blue_archive),1337
chabashira_tenko,1337
yuuki_mikan,1337
kobo_kanaeru,1337
transcend_(umamusume),1337
milotic,1337
medjed_(fate),1336
timoris_(bang_dream!),1335
kozakura_marry,1334
shikanoin_heizou,1333
knuckles_the_echidna,1333
jessica_(arknights),1333
gastly,1332
diego_brando,1332
doujima_nanako,1332
nekomata_okayu_(oversized_shirt),1328
goh_(pokemon),1328
minamoto_sakura,1328
saniwa_(touken_ranbu),1328
honma_meiko,1327
kaede_(blue_archive),1326
izayoi_aki,1325
kama_(adult)_(fate),1324
female_chief_(path_to_nowhere),1323
asahina_mirai,1321
hozuki_kaede,1319
kawashima_momo,1319
fudo_yusei,1318
hagakure_toru,1317
venusaur,1317
hoshimachi_suisei_(sailor),1316
sancho_(project_moon),1315
lupa_(wuthering_waves),1314
shidare_hotaru,1313
quaxly,1313
jaguar_(kemono_friends),1312
chitose_(kancolle),1311
mia_taylor,1311
35p_(sakura_miko),1311
bianca_(dq5),1309
emmet_(pokemon),1309
serika_(swimsuit)_(blue_archive),1308
nowaki_(kancolle),1307
shiina_mayuri,1307
isshiki_iroha,1307
silverash_(arknights),1306
zhong_lanzhu,1305
lappland_the_decadenza_(arknights),1305
yamagishi_fuuka,1304
hatsushimo_(kancolle),1303
murosaki_miyo,1303
fumizuki_(kancolle),1302
yamanaka_ino,1301
hayasui_(kancolle),1301
florence_nightingale_(trick_or_treatment)_(fate),1301
larcei_(fire_emblem),1300
hsien-ko,1300
sabo_(one_piece),1300
uesugi_fuutarou,1300
sonia_nevermind,1300
boothill_(honkai:_star_rail),1298
frostnova_(arknights),1298
alina_gray,1298
kasuga_mirai,1298
ayunda_risu,1297
gawr_gura_(casual),1297
daiba_nana,1297
satono_diamond_(natural_brilliance)_(umamusume),1296
china_(hetalia),1295
billy_kid,1295
izutsumi,1295
tsurumaki_kokoro,1295
frankenstein's_monster_(fate),1294
kasuga_ayumu,1293
adeptus_astartes,1292
hau_(pokemon),1292
mochizuki_anna,1291
oozora_subaru_(1st_costume),1291
promeia_(zenless_zone_zero),1291
i-26_(kancolle),1291
makoto_(blue_archive),1290
ui_(swimsuit)_(blue_archive),1289
nekoyashiki_mayu,1288
sucy_manbavaran,1288
sento_isuzu,1288
toyokawa_fuka,1288
nanami_yachiyo,1287
carpaccio_(girls_und_panzer),1286
bruce_wayne,1286
ghost_(modern_warfare_2),1286
cheng_xiaoshi,1285
uchiha_sarada,1284
latios,1284
tron_bonne_(mega_man),1283
jacket_girl_(dipp),1283
inukai_komugi,1282
cosmog,1282
fushiguro_toji,1282
hypno,1282
twin_turbo_(blast_mode!_turbo_engine)_(umamusume),1282
mizuno_ai,1281
still_in_love_(scarlet_vow_raiment)_(umamusume),1281
yuzuha_riko,1280
saionji_hiyoko,1279
edogawa_conan,1279
kurobe_nanoka,1277
hoshino_(first_year)_(blue_archive),1277
special_week_(special_dreamer)_(umamusume),1277
isolde_(reverse:1999),1277
shirogane_noel_(1st_costume),1276
uta_(one_piece),1275
takumi_(fire_emblem),1275
chikuma_(kancolle),1274
kira_yoshikage,1273
hakozaki_serika,1271
namazuo_toushirou,1269
g'raha_tia,1269
suzuran_(spring_praise)_(arknights),1268
emma_frost,1267
takanami_(kancolle),1267
kasaki_nozomi,1267
meltryllis_(swimsuit_lancer)_(first_ascension)_(fate),1266
yui_(princess_connect!),1265
momo_velia_deviluke,1265
penance_(arknights),1264
volo_(pokemon),1264
aoba_moca,1264
furudo_erika,1264
eve_(elsword),1264
ononoki_yotsugi,1263
kos-mos,1263
musashi_(azur_lane),1263
vestia_zeta,1263
shigure_ui_(1st_costume)_(vtuber),1262
sugiura_ayano,1262
yumehara_nozomi,1262
nui_sociere,1262
cu_chulainn_alter_(fate),1261
ziche_fuzhao,1261
island_fox_(kemono_friends),1260
hina_(pajamas)_(blue_archive),1260
pyra_(pro_swimmer)_(xenoblade),1259
amuro_ray,1258
yagami_light,1258
miles_edgeworth,1258
kako_(kancolle),1258
yamper,1256
muto_yugi,1256
rumi_(blue_archive),1255
kirishima_eijiro,1254
ingrid_(capcom),1253
ivysaur,1253
symboli_rudolf_(emperor's_path)_(umamusume),1253
froggy_nun_(diva),1252
ivan_karelin,1252
koizumi_mahiru,1251
galo_thymos,1251
goomy,1249
chalky_(zenless_zone_zero),1248
shylily,1247
ushizaki_urumi,1247
roll_caskett_(mega_man),1246
angewomon,1246
millia_rage,1246
kanbaru_suruga,1245
clive_rosfield,1245
marie_rose,1245
winry_rockbell,1245
ikaruga_(senran_kagura),1245
clefairy,1245
uzuki_kou,1244
g36_(girls'_frontline),1244
xuangzang_sanzang_(fate),1244
revy_(black_lagoon),1243
midare_toushirou,1242
miyamizu_mitsuha,1241
zorua,1240
vulpix,1240
l_(death_note),1239
mudrock_(elite_ii)_(arknights),1239
hoshimachi_suisei_(casual),1239
akane_(bunny)_(blue_archive),1239
sawa_azusa,1238
pom-pom_(honkai:_star_rail),1238
charlie_morningstar,1237
koleda_belobog,1237
sigrika_(wuthering_waves),1236
fujimaru_ritsuka_(male)_(polar_chaldea_uniform),1236
kula_diamond,1236
rhea_(fire_emblem),1236
annie_leonhart,1235
ivy_(fire_emblem),1235
yamashiro_(azur_lane),1235
tsuruya,1234
amillion_(zenless_zone_zero),1234
shanks_(one_piece),1233
aponia,1233
petra_gurin,1231
honebami_toushirou,1231
allister_(pokemon),1230
pulchra_fellini,1229
mortis_(persona)_(bang_dream!),1229
yume_(blue_archive),1229
yomotsu_hisami,1227
hakurei_reimu_(pc-98),1227
mr._squeaks_(hakos_baelz),1227
alice_zuberg,1226
wu_zetian_(fate),1226
yellow_pikmin,1225
zaku_ii,1225
jason_todd,1224
saijo_juri,1224
huang_pao-lin,1224
lance_(pokemon),1224
gigi_murin_(1st_costume),1223
ogata_chieri,1223
rudeus_greyrat,1221
littorio_(kancolle),1221
tohsaka_tokiomi,1221
ten'ou_haruka,1221
yokoyama_nao,1220
kairi_(kingdom_hearts),1220
mordred_(third_ascension)_(fate),1220
mine_(blue_archive),1220
aisha_landar,1220
marciana_(marine_study)_(nikke),1219
mitsumine_yuika,1219
lord_knight_(ragnarok_online),1219
hysilens_(honkai:_star_rail),1218
helltaker_(character),1218
ak-15_(girls'_frontline),1218
sendai_hakurei_no_miko_(m.u.g.e.n),1216
junko_(blue_archive),1216
octoling_boy,1216
erza_scarlet,1215
sue_storm,1215
sol_badguy,1215
cure_blossom,1214
violet_evergarden,1214
dottore_(genshin_impact),1213
maruyama_aya,1213
espurr,1213
mochizuki_(kancolle),1212
silica,1211
chrono_genesis_(umamusume),1211
kurokawa_akane,1210
soren_(fire_emblem),1209
friend_(nanashi_mumei),1209
akitsu_maru_kai_(kancolle),1209
estellise_sidos_heurassein,1209
tsujinaka_yoshiki,1208
optimus_prime,1208
nanakusa_nichika,1208
scathach_(swimsuit_assassin)_(fate),1208
sion_eltnam_(type-moon),1207
yuuki_(princess_connect!),1207
wakamo_(swimsuit)_(blue_archive),1207
sandalphon_(granblue_fantasy),1207
agatsuma_zenitsu,1206
fujimaru_ritsuka_(female)_(polar_chaldea_uniform),1206
nagi_(kannagi),1206
ots-14_(girls'_frontline),1205
brook_(one_piece),1205
alice_(nikke),1205
shizuka_rin,1205
euryale_(fate),1204
iroha_(samurai_spirits),1204
dedenne,1203
cure_white,1203
myrtle_(arknights),1202
ta-class_battleship,1202
miia_(monster_musume),1201
lightning_farron,1201
venom_(marvel),1201
ashley_graves,1200
signora_(genshin_impact),1199
yinlin_(wuthering_waves),1199
tokoro_megumi,1199
aesc_(fate),1198
okusawa_misaki,1197
dialyn_(zenless_zone_zero),1196
takakura_ken_(transformed)_(dandadan),1195
satake_minako,1195
reigen_arataka,1194
tsunomaki_watame_(1st_costume),1194
giratina,1194
wakana_shiki,1194
rindo_chihaya,1193
nagusa_(blue_archive),1193
cure_sunshine,1193
pan_(dragon_ball),1193
primarina,1193
narancia_ghirga,1192
bronya_rand,1192
wiz_(konosuba),1191
fujimaru_ritsuka_(female)_(decisive_battle_chaldea_uniform),1191
florence_nightingale_(berserker)_(fate),1191
omaru_polka_(1st_costume),1190
sylus_(love_and_deepspace),1190
nemo_(fate),1189
korra,1189
nu-13,1189
protagonist_3_(housamo),1188
magikarp,1187
anya_melfissa,1187
yukari_(blue_archive),1187
prinz_eugen_(unfading_smile)_(azur_lane),1186
chise_(blue_archive),1185
roy_(fire_emblem),1185
griseo,1183
satono_crown_(umamusume),1183
kars_(jojo),1183
hinaichigo,1183
hitohira_kazane,1183
flower_(vocaloid),1182
chinatsu_(blue_archive),1182
araragi_karen,1182
tada_riina,1182
sanada_akihiko,1181
yozora_mel,1180
ouro_kronii_(maid),1179
kaai_yuki,1179
king_hassan_(fate),1179
netzach_(project_moon),1179
katou_megumi,1179
nakiri_erina,1179
shaymin,1178
sorceress_(dragon's_crown),1178
tomimi_(arknights),1178
ushiromiya_maria,1177
bb_(swimsuit_mooncancer)_(second_ascension)_(fate),1176
yellow_(pokemon),1176
ru-class_battleship,1176
yakumo_beni,1175
misaka_imouto,1175
li_huowang,1175
kaiou_michiru,1175
whislash_(arknights),1174
ikusaba_mukuro,1174
zhuang_fangyi_(arknights),1174
celebi,1173
wingull,1173
kitakami_kai_ni_(kancolle),1173
hazuki_ren,1172
lina_inverse,1172
inui_toko_(1st_costume),1171
crocodile_(one_piece),1170
tenjou_utena,1170
freminet_(genshin_impact),1169
yatadera_narumi,1168
shirogane_tsumugi,1168
cu_chulainn_(caster)_(fate),1168
pharah_(overwatch),1167
ijichi_seika,1167
cure_beauty,1167
neopolitan_(rwby),1166
pneuma_(xenoblade),1166
julia_(fire_emblem),1166
lyria_(granblue_fantasy),1166
viper_(nikke),1165
donquixote_doflamingo,1165
wooper,1165
evelynn_(league),1165
harmony_(pokemon),1164
jean_bart_(azur_lane),1164
karin_(school_uniform)_(blue_archive),1164
celica_(fire_emblem),1164
lord_el-melloi_ii,1164
marill,1164
naruse_shiroha,1163
agent_3_(splatoon),1163
kiana_kaslana_(herrscher_of_flamescion),1163
inuyasha_(character),1163
kamille_bidan,1162
chainsaw_man_(character),1162
saga_(arknights),1162
tezcatlipoca_(fate),1162
maya_fey,1161
aru_(dress)_(blue_archive),1161
kazama_asuka,1160
cerberus_(helltaker),1159
swablu,1159
riolu,1158
type_95_(girls'_frontline),1158
asakura_karen_(heaven_burns_red),1158
quanxi_(chainsaw_man),1158
lugia,1158
leo_(fire_emblem_fates),1157
natsuiro_matsuri_(1st_costume),1157
kohinata_miho,1156
dejiko,1156
kurokami_fubuki,1155
ikaruga_luca,1155
brown_long-eared_bat_(kemono_friends),1154
okkotsu_yuta,1154
star_platinum,1154
klukai_(girls'_frontline_2),1153
seele_(honkai:_star_rail),1152
celes_chere,1152
piccolo,1152
romani_archaman,1151
reisen_(touhou_bougetsushou),1151
konoka_(blue_archive),1150
blue_pikmin,1150
yin_(darker_than_black),1150
nekomusume_(gegege_no_kitarou_6),1150
queen_draco_(fate),1150
kisaragi_shintarou,1149
talulah_(arknights),1149
athrun_zala,1149
sensei_(blue_archive_the_animation),1148
shiratsuyu_kai_ni_(kancolle),1148
kiki_(majo_no_takkyuubin),1148
eva_02,1148
oda_nobukatsu_(fate),1147
aragaki_shinjirou,1145
projekt_red_(arknights),1145
lenna_charlotte_tycoon,1145
sorcerer_(ragnarok_online),1145
kujou_karen,1145
jeanne_d'arc_alter_(avenger)_(third_ascension)_(fate),1145
eunectes_(arknights),1145
uzaki_tsuki,1144
anna_(frozen),1143
izumi-no-kami_kanesada,1143
kotori_(blue_archive),1143
midori_(maid)_(blue_archive),1143
melia_antiqua,1142
yamagumo_(kancolle),1142
white_rabbit_(alice_in_wonderland),1142
shadowheart_(baldur's_gate),1142
rin_(blue_archive),1141
bismarck_(azur_lane),1141
sagiri_(kancolle),1141
roto_(dq3),1140
eishin_flash_(meisterschaft)_(umamusume),1140
ant_tenna,1139
humboldt_penguin_(kemono_friends),1139
cecilia_immergreen_(1st_costume),1138
amane_kanata_(work),1138
sukonbu_(shirakami_fubuki),1138
luo_tianyi,1138
abigail_williams_(traveling_outfit)_(fate),1137
nayuta_(chainsaw_man),1136
ampharos,1136
yoshi,1135
miyamoto_iori_(fate),1135
curren_bouquetd'or_(umamusume),1135
berserker_(fate/zero),1135
doraemon_(character),1134
suou_patra,1134
togepi,1134
exusiai_the_new_covenant_(arknights),1134
lala_satalin_deviluke,1134
nekota_tsuna,1134
roma_(kancolle),1133
usada_hikaru,1133
doro_(nikke),1132
oddish,1132
samuel_b._roberts_(kancolle),1131
ferry_(granblue_fantasy),1131
franky_(one_piece),1129
mihono_bourbon_(mb-19890425)_(umamusume),1129
sado_(kancolle),1129
richard_i_(fate),1129
scanty_(psg),1128
arcane_vi,1126
kikirara_vivi,1126
takamiya_rion,1124
ssrb_(shishiro_botan),1124
nina_(fire_emblem),1124
suzumi_(blue_archive),1123
mercedes_von_martritz,1123
reed_the_flame_shadow_(arknights),1123
saya_(saya_no_uta),1123
magia_baiser,1122
implacable_(azur_lane),1122
rulership_(umamusume),1121
ibuki_fuuko,1120
st._louis_(luxurious_wheels)_(azur_lane),1120
kurumi_noah,1120
fukuzawa_yumi,1120
rei_(pokemon),1120
shiina_yuika_(1st_costume),1119
ouro_kronii_(casual),1119
nadia_la_arwall,1119
sylvain_jose_gautier,1119
pannacotta_fugo,1118
kazami_yuuka_(pc-98),1118
eva_01,1118
ciel_phantomhive,1118
hiyajou_maho,1118
arcanine,1117
kinugasa_kai_ni_(kancolle),1117
lauma_(genshin_impact),1116
vane_(granblue_fantasy),1116
reshiram,1116
wonder_woman,1115
abigail_williams_(swimsuit_foreigner)_(third_ascension)_(fate),1115
arbok,1115
trish_una,1115
mejiro_bright_(umamusume),1115
klein_moretti,1114
bagpipe_(arknights),1113
melony_(pokemon),1113
slaine_troyard,1113
guzma_(pokemon),1113
saori_(dress)_(blue_archive),1113
suzukaze_aoba,1112
mismagius,1112
venat_(ff14),1111
kobayashi_(maidragon),1111
archetype_earth,1111
chou-10cm-hou-chan,1110
taneshima_popura,1110
caracal_(kemono_friends),1110
rainbow_mika,1110
kindred_(league),1109
utsumi_erice,1109
tyrant_(stella_sora),1109
blemishine_(arknights),1108
lady_(devil_may_cry),1108
shirogane_noel_(casual),1108
clarisse_(granblue_fantasy),1108
akitsushima_(kancolle),1106
keqing_(opulent_splendor)_(genshin_impact),1106
peni_parker,1106
tsuyuri_kanao,1106
asirpa,1105
assassin_(fate/zero),1105
steve_rogers,1105
kitashirakawa_tamako,1105
grecale_(kancolle),1105
shirokane_rinko,1105
aijo_karen,1105
ashley_graham,1104
bomb_hybrid_(chainsaw_man),1103
hebi_nyoubou_(fate),1103
mary_(ib),1102
hikami_meruru,1102
emolga,1102
danua,1101
hange_zoe,1101
mukai_takumi,1101
roon_(azur_lane),1100
little_mermaid_(nikke),1099
rean_schwarzer,1098
abigail_williams_(third_ascension)_(fate),1097
augusta_(wuthering_waves),1097
estelle_bright,1096
yuu_(twisted_wonderland),1096
vegetto,1096
lion_(kemono_friends),1095
suzuka_gozen_(fate),1094
curren_chan_(fille_eclair)_(umamusume),1094
anisphia_wynn_palettia,1094
soap_(modern_warfare_2),1094
gladiia_(arknights),1093
saber_alter_(ver._shinjuku_1999),1093
lambdadelta,1092
cure_happy,1092
ryugasaki_rene,1092
princess_of_moonbrook,1091
hinomori_shiho,1091
momoi_(maid)_(blue_archive),1091
yorick_(shiori_novella),1091
uryuu_ryuunosuke,1091
araragi_tsukihi,1090
aki_(girls_und_panzer),1090
randal_ivory,1090
helm_(nikke),1090
rinoa_heartilly,1090
subaru_nakajima,1090
van_gogh_(fate),1090
haibara_ai,1089
yumemizuki_mizuki,1089
oozora_subaru_(suspenders),1089
kawakami_sadayo,1089
matsubara_kanon,1089
yunli_(honkai:_star_rail),1088
feater_(arknights),1088
kondou_taeko,1087
lamb_(league),1087
aurora_(arknights),1086
rachel_alucard,1085
francesca_prelati_(fate),1085
lulu_(league),1084
blanc_(nikke),1084
player_character_(degrees_of_lewdity),1084
buena_vista_(umamusume),1084
cure_melody,1084
funada_kiito,1082
tanned_cirno,1082
sameko_saba_(1st_costume),1082
otokura_yuuki,1082
ghislaine_dedoldia,1081
toriel,1081
chomusuke,1081
hagoromo_lala,1081
treecko,1080
lacus_clyne,1080
gokuhara_gonta,1080
eve_(stellar_blade),1080
shishio_chris,1080
felix_hugo_fraldarius,1080
galbrena_(wuthering_waves),1079
mochizuki_honami,1079
gawain_(fate),1079
blaziken,1078
hatterene,1078
uzumaki_boruto,1077
sakura_laurel_(umamusume),1077
komaki_manaka,1076
ben_bigger,1076
nijimura_okuyasu,1075
magik_(x-men),1075
yumeko_(touhou),1075
igarashi_kyoko,1075
mem_(honkai:_star_rail),1075
male_byleth_(awakened)_(fire_emblem),1074
sakata_kintoki_(fate),1074
geeta_(pokemon),1074
soda_kazuichi,1074
bradamante_(fate),1074
elster_(signalis),1073
tear_grants,1073
rayquaza,1073
shirayuki_hime_(precure),1072
oktavia_von_seckendorff,1072
knight_(hollow_knight),1072
hifumi_(swimsuit)_(blue_archive),1072
jouga_maya,1072
sei_shounagon_(fate),1071
michiru_(blue_archive),1070
roy_mustang,1070
king_halo_(king_of_emeralds)_(umamusume),1069
cesario_(umamusume),1069
sayu_(genshin_impact),1069
haunter,1069
izayoi_liko,1069
frostleaf_(arknights),1069
razor_(genshin_impact),1068
ichigo_(darling_in_the_franxx),1068
texas_(willpower)_(arknights),1067
warrior_(dq3),1067
sessyoin_kiara_(heaven's_hole),1067
chiaki_(blue_archive),1067
pa-san,1066
li_syaoran,1066
pebble_(koseki_bijou),1064
tojo_kirumi,1064
melina_(elden_ring),1063
metroid_(creature),1063
adaman_(pokemon),1063
tamamo_cross_(fast_as_lightning)_(umamusume),1063
diavolo,1063
lunamaria_hawke,1063
belle_(summer_skies)_(zenless_zone_zero),1062
tanaka_gundham,1061
kizuna_ai_(1st_costume),1061
sanageyama_uzu,1061
wakan_tanka,1061
higurashi_kagome,1060
kirishima_touka,1060
acolyte_(ragnarok_online),1060
dick_grayson,1059
serperior,1058
hakase_fuyuki,1058
warlock_(ragnarok_online),1057
robin_(dc),1057
lana's_mother_(pokemon),1056
lili_(tekken),1056
takamori_aiko,1056
hasumi_leia,1056
magolor,1056
nyarlathotep_(nyaruko-san),1056
mifune_miyu,1054
cure_march,1054
roxie_(pokemon),1053
guoba_(genshin_impact),1053
anis_(sparkling_summer)_(nikke),1053
videl,1053
yotsuba_alice,1052
natsu_megumi,1052
thorns_(arknights),1052
subaru_duck,1052
ichikawa_kyoutarou,1051
klara_(pokemon),1050
xilonen_(genshin_impact),1049
yuuka_(pajamas)_(blue_archive),1049
enemy_naval_mine_(kancolle),1049
kobayakawa_sae,1048
scathach_(piercing_bunny)_(fate),1047
shirayuki_tomoe,1047
kamiina_botan,1047
kaho_(blue_archive),1046
hijiri_ageha,1046
kalina_(girls'_frontline),1046
adventurer_(ff14),1046
male_alear_(fire_emblem),1046
horikawa_kunihiro,1045
akashi_(azur_lane),1045
leonardo_da_vinci_(caster)_(fate),1044
turtwig,1043
manabe_nodoka,1043
kaya_rinha,1042
nice_nature_(run_&_win)_(umamusume),1041
focalors_(genshin_impact),1041
rydia_(adult)_(ff4),1041
vira_(granblue_fantasy),1041
dot_(pokemon),1041
tiki_(young)_(fire_emblem),1041
label_(nikke),1040
eimi_(swimsuit)_(blue_archive),1040
kohinata_miku,1039
fairy_leviathan_(mega_man),1039
prinny,1039
rosa_(tears_of_themis),1039
majin_android_21,1039
aketa_mikoto,1039
takoluka,1038
bennett_(genshin_impact),1038
kikyou_(swimsuit)_(blue_archive),1038
meltryllis_(swimsuit_lancer)_(second_ascension)_(fate),1037
leona_kingscholar,1037
kisaragi_(azur_lane),1035
artoria_pendragon_(lancer)_(third_ascension)_(fate),1035
faris_scherwiz,1035
taihou_(enraptured_companion)_(azur_lane),1035
yagami_hikari,1035
zabaniyya_(housamo),1035
kuonji_alice,1034
fuyutsuki_(kancolle),1033
tojo_tsukasa,1033
euphyllia_magenta,1033
lin_(arknights),1032
kon_kanaho,1032
magus_(zenless_zone_zero),1032
admire_groove_(umamusume),1031
black_cat_(marvel),1031
dinergate_(girls'_frontline),1031
navi,1030
tequila_(arknights),1030
sage_(dq3),1030
varka_(genshin_impact),1029
sothis_(fire_emblem),1029
hatsuharu_(kancolle),1029
sato_shin,1029
yae_miko_(fox),1029
pekoyama_peko,1029
commandant_teste_(kancolle),1028
alisa_(girls_und_panzer),1028
bond_(spy_x_family),1027
airani_iofifteen,1027
makoto_(street_fighter),1026
amagi_(kancolle),1026
crow_(la+_darknesss),1026
hiodoshi_ao,1026
captain_america,1025
kaga_sumire,1025
ayanami_(retrofit)_(azur_lane),1025
matsuwa_(kancolle),1024
inari_one_(umamusume),1024
yuudachi_(azur_lane),1024
mutsuki_kai_ni_(kancolle),1024
hugo_vlad,1022
perth_(kancolle),1021
hammann_(azur_lane),1021
mewo,1021
neco-arc,1020
gray_(fate),1020
rozaliya_olenyeva,1020
sora_(blue_archive),1019
turbo_granny_(dandadan),1018
gentildonna_(regina_dei_fiori)_(umamusume),1018
kagehira_mika,1018
zara_(poolside_coincidence)_(azur_lane),1018
yuni_(princess_connect!),1018
ogerpon,1018
fuji_kiseki_(shooting_star_revue)_(umamusume),1017
regulus_(reverse:1999),1017
soraka_(league),1017
tony_stark,1016
charmeleon,1016
mikazuki_(kancolle),1016
tribbie_(honkai:_star_rail),1016
graf_zeppelin_(azur_lane),1016
akechi_anna,1015
hoshino_ruri,1014
owari_(azur_lane),1014
viy_(fate),1014
bb_(swimsuit_mooncancer)_(third_ascension)_(fate),1013
sakuramori_kaori,1013
naka_kai_ni_(kancolle),1013
yuri_plisetsky,1013
wooloo,1013
stheno_(fate),1012
karina_lyle,1012
ptilopsis_(arknights),1011
little_ica_(honkai:_star_rail),1011
garry_(ib),1010
yaoyao_(genshin_impact),1010
yami_yugi,1010
magallan_(arknights),1010
sawatari_coco,1010
lucas_(mother_3),1010
ky_kiske,1010
solid_snake,1010
kinu_(kancolle),1010
ein_(blue_archive),1009
blastoise,1009
aria_(robot)_(zenless_zone_zero),1009
jack_frost_(megami_tensei),1008
manya_(dq4),1008
akaboshi_koume,1008
claret_flint,1008
superman,1007
kooh_(pangya),1007
touhoku_itako,1007
miyu_edelfelt_(magical_girl),1007
rieszverne_suzette_paladill,1006
kamanosuke_(zenless_zone_zero),1006
silent_magician,1006
titan_(shingeki_no_kyojin),1006
tanigaki_genjirou,1006
yoshida_hirofumi,1005
ooi_kai_ni_(kancolle),1005
iwatani_naofumi,1005
celine_(fire_emblem),1005
dead_master,1005
p-chan_(ranma_1/2),1004
lucifer_morningstar_(hazbin_hotel),1004
chiyoda_(kancolle),1004
lida_(pokemon),1004
privaty_(nikke),1003
andira_(granblue_fantasy),1003
andrew_graves,1002
miss_cloud,1002
takanashi_kiara_(casual),1002
cleveland_(azur_lane),1002
undyne,1001
nakagawa_natsuki,1001
female_tyrant_(stella_sora),1001
santa_claus,1001
puyo_(puyopuyo),1000
iino_miko,1000
airfield_princess,1000
shimiko_(blue_archive),1000
angelina_the_mellow_wish_(arknights),1000
daiichi_ruby_(umamusume),1000
jeanne_d'arc_(third_ascension)_(fate),1000
sui-feng,999
galleon_(granblue_fantasy),999
akiha_rumiho,999
laundry_dragonmaid,999
riza_hawkeye,999
tenkajin_chiyari,998
shalom_(path_to_nowhere),998
tiamat_(fate),998
okunoda_miyoi,997
megaman.exe,997
spas-12_(girls'_frontline),997
male_endministrator_(arknights),997
kousaka_kyousuke,997
nagisa_(swimsuit)_(blue_archive),997
yunaka_(fire_emblem),996
filia_(skullgirls),996
reijo_(blue_archive),995
aino_megumi,995
mohammed_avdol,995
roger_(guilty_gear),995
dark_pit,995
cure_peach,995
asakaze_(kancolle),995
hisuian_zorua,994
conte_di_cavour_(kancolle),994
annette_fantine_dominic,994
honma_himawari,994
miyagawa_takane,994
housho_margo,994
hyakumantenbara_salome_(1st_costume),994
heracles_(fate),994
alastor_(hazbin_hotel),994
kamisato_ayaka_(springbloom_missive),993
kadoc_zemlupus,993
hinamori_amu,993
villager_(animal_crossing),992
franka_(arknights),992
le_malin_(listless_lapin)_(azur_lane),992
millie_parfait,992
mishaguji,992
warfarin_(arknights),991
tsuchinoko_(kemono_friends),991
i-no,991
clodsire,990
kishinami_(kancolle),990
saber_alter_(third_ascension),990
applin,990
spicy_nun_(diva),989
scarlet_(nikke),988
elesis_(elsword),988
kurokawa_eren,988
riku_(kingdom_hearts),988
saotome_alto,987
gavial_(arknights),986
kuga_natsuki,986
supergirl,985
slowpoke,984
elena_(street_fighter),984
plain_doll,983
laevatain_(arknights),983
saitou_hajime_(fate),983
inukai_iroha,983
atago_(stunning_speedster)_(azur_lane),982
nyon_(cookie),982
janus_(kancolle),982
mayano_top_gun_(scramble_zone)_(umamusume),982
shoukaku_(azur_lane),981
creeper,981
reg_(made_in_abyss),981
hikage_(senran_kagura),981
lil-la_(yu-gi-oh!),981
senkawa_chihiro,981
jeanne_d'arc_alter_(avenger)_(first_ascension)_(fate),981
asahina_aoi,981
mia_(fire_emblem),981
ankha_(animal_crossing),980
lycanroc,980
cream_the_rabbit,980
liskarm_(arknights),980
shinshuu_maru_(kancolle),979
kayneth_el-melloi_archibald,979
panther_(persona_5),979
rindou_mikoto,979
jinshi_(kusuriya_no_hitorigoto),978
yorita_yoshino,978
shirayuki_hina,978
sailor_saturn,978
toudou_shimako,978
nanashi_mumei_(emo),978
yoneme_mei,977
jingwei_(bird),977
xie_lian,976
miquella_(elden_ring),976
noctis_lucis_caelum,976
kotegawa_yui,975
mejiro_ryan_(umamusume),975
k.s.miracle_(umamusume),975
aragaki_ayase,974
starfire,974
buggy_the_clown,973
natsume_kyousuke,973
itou_kaiji,973
ayane_(doa),973
katsura_hinagiku,972
luke_fon_fabre,971
paul_bunyan_(fate),971
rumi_(kpop_demon_hunters),971
kagemori_michiru,971
reisa_(magical)_(blue_archive),970
lize_helesta_(1st_costume),970
shigure_(hot_spring)_(blue_archive),970
whimsicott,970
lain_paterson,970
himesaka_noa,970
yang_guifei_(second_ascension)_(fate),969
meer_campbell,969
aquila_(kancolle),968
sakawa_(kancolle),967
ichigaya_arisa,967
tieria_erde,967
zenno_rob_roy_(umamusume),966
kaiba_seto,966
natalia_(idolmaster),965
achilles_(fate),965
froslass,965
puru_two,964
shiraishi_tsumugi,964
tanikaze_(kancolle),964
sakata_nemuno,964
mysterious_heroine_x_(fate),963
priest_(dq3),962
cinnamiku,961
judgement_(helltaker),961
shinonome_nano,961
kevin_kaslana,961
typhlosion,961
kuradoberi_jam,960
red_hood_(dc),960
perfect_start_(infinity_nikki),959
mutsuki_(dress)_(blue_archive),959
yagami_taichi,959
noa_(pajamas)_(blue_archive),959
mikko_(girls_und_panzer),959
quagsire,959
beatrix_(granblue_fantasy),958
naegi_komaru,957
ciel_(mega_man),957
hinata_shouyou,957
asriel_dreemurr,957
ashley_(warioware),956
elizabeth_bathory_(fate/extra),956
angra_mainyu_(fate),956
higuchi_kaede_(1st_costume),956
azarin_(exs-tia),956
kuramochi_meruto,956
fio_germi,955
sakuragi_hanamichi,954
apollo_justice,954
anjou_naruko,953
hibiki_ryouga,952
bartz_klauser,952
mr._c.b._(clear_bliss)_(umamusume),952
homura_(senran_kagura),952
okita_sougo,951
toph_beifong,951
enraku_tsubakura,951
echidna_(re:zero),951
todo_yurika,951
starmie,951
hindenburg_(azur_lane),950
shaymin_(land),950
ibuki_(street_fighter),950
ayatsuji_tsukasa,950
gavis_bettel,950
keith_goodman,950
scolipede,949
twilight_sparkle,948
li_yuting_(male),948
wonder_acute_(umamusume),948
fushi_(cho_kaguya-hime!),948
shirabe_ako,947
ho-oh,947
momosuzu_nene_(1st_costume),947
fukurai_azami,947
barret_wallace,946
hotarumaru,946
shindou_takuto,945
kousaka_umi,945
nefertari_vivi,944
ene_(kagerou_project),944
metroid_larva,944
jessica_albert,944
kido_tsubomi,943
fubuki_(swimsuit)_(blue_archive),943
buneary,943
gyarados,943
silver_wolf_(lv.999)_(honkai:_star_rail),942
renne_(eiyuu_densetsu),942
brown_bear_(kemono_friends),942
arezu_(pokemon),941
haruno_haruka,941
yuri_sakazaki,941
harukaze_(kancolle),941
yun_jin_(genshin_impact),940
uchiha_itachi,940
barry_(pokemon),939
honekoneko_(psg),939
kasumigaoka_utaha,939
staryu,939
terry_bogard,938
lappland_(refined_horrormare)_(arknights),938
leone_abbacchio,938
hex_maniac_(pokemon_legends:_z-a),938
zuikaku_(azur_lane),937
amane_suzuha,937
skitty,936
alena_(dq4),936
nitocris_(swimsuit_assassin)_(fate),936
shiver_(deep_cut_outfit)_(splatoon),936
mii_(nintendo),936
a-chan_(hololive),935
hua_cheng,935
fallenshadow,935
tsukimiya_ayu,935
dark_sakura,935
hiyou_(kancolle),934
orihara_izaya,934
amane_misa,933
toad_(mario),931
elizabeth_rose_bloodflame_(1st_costume),931
ophelia_(fire_emblem),931
jeanne_d'arc_(swimsuit_archer)_(first_ascension)_(fate),931
kit_bodega,931
kyogre,930
velvet_crowe,930
nenohi_(kancolle),930
sirius_(azure_horizons)_(azur_lane),930
nelson_(kancolle),929
iron_man,929
mizuhara_chizuru,929
hanae_(blue_archive),929
nibutani_shinka,929
vert_(neptunia),929
brynhild_(fate),929
prussia_(hetalia),928
okada_izou_(fate),928
naoe_riki,928
peter_parker,928
pozyomka_(arknights),928
ara_haan,928
sakihata_rimi,927
arare_(kancolle),927
sigrid_de_l'azur,927
laura_la_mer,927
irys_(irys_2.0)_(hololive),926
almond_eye_(the_changer)_(umamusume),925
kobayashi_mikuru,924
shigure_ui_(young)_(vtuber),924
captain_nemo_(fate),924
taokaka,924
sayama_saho,924
loki_(marvel),922
astolfo_(saber)_(fate),922
cure_sunny,921
alastor_(shakugan_no_shana),921
mr._plantegg_(omori),921
vsk-94_(girls'_frontline),920
michael_roa_valdamjong,920
mr._crawling,920
tone_kai_ni_(kancolle),919
nippaku_zanmu,919
alchemist_(ragnarok_online),919
iori_junpei,918
kuririn,918
sunday_(sacerdos'_relived_ordeal)_(honkai:_star_rail),918
zoey_(kpop_demon_hunters),917
xu_fu_(fate),917
incineroar,917
calstone_light_o_(umamusume),916
sora_(arknights),916
larry_(pokemon),916
huohuo_(honkai:_star_rail),916
ulrich_von_hutten_(azur_lane),916
bazett_fraga_mcremitz,916
tord_(eddsworld),914
aqua_(kingdom_hearts),914
fighter_(granblue_fantasy),914
elizabeth_bathory_(brave)_(fate),914
renamon,914
carmilla_(fate),913
gravel_(arknights),913
murasame_(senren),912
koyama_yuzu,912
nice_nature_(poinsettia_ribbon)_(umamusume),912
ushiromiya_jessica,911
scheherazade_(fate),911
friedrich_der_grosse_(azur_lane),910
northern_italy_(hetalia),910
sakura_chiyo,910
elysia_(miss_pink)_(honkai_impact),910
dantsu_flame_(center_spotlight)_(umamusume),909
evil_neuro-sama_(1st_costume),909
minamoto_no_raikou_(second_ascension)_(fate),909
milla_maxwell,909
phosphophyllite_(ll),909
zuikaku_kai_ni_(kancolle),909
vodka_(wild_top_gear)_(umamusume),908
sheik,907
mochizuki_ryouji,907
tokisaki_mio_(niliu_chahui),906
yuzuki_choco_(1st_costume),905
hero_(dq11),905
anegasaki_nene,905
oomori_yuuko,905
kiana_kaslana_(herrscher_of_the_void),905
inteleon,905
delphox,905
fox_mccloud,904
jin_kisaragi,904
yagen_toushirou,904
beelstarmon,903
mickey_mouse,903
binah_(project_moon),903
isobe_noriko,902
angela_balzac,902
ragatha_(the_amazing_digital_circus),902
franziska_von_karma,902
p90_(girls'_frontline),901
papyrus_(undertale),901
miyako_(hidamari_sketch),901
kirisame_marisa_(pc-98),901
seiren_(precure),901
akagi_shigeru,901
yuzuhara_konomi,900
sothis_(young)_(fire_emblem),900
neko_(minato_aqua),900
naganohara_mio,900
female_commander_(girls'_frontline),899
vita_(honkai_impact),899
nagao_kagetora_(fate),899
usa-chan_(idolmaster),899
rosa_(arknights),898
cecilia_alcott,898
ishigami_nozomi,898
yomi_(senran_kagura),898
sophie_neuenmuller,898
kano_shuuya,897
donkey_kong,897
sasaki_saku_(1st_costume),897
admiral_graf_spee_(azur_lane),897
minun,896
lenalee_lee,896
plusle,895
eris_greyrat_(adult),895
mashiro_(blue_archive),894
crypto_(apex_legends),894
itsuki_shu,894
toyama_kasumi,894
demon_king_of_salvation,893
nanakusa_nazuna_(yofukashi_no_uta),893
yamabuki_inori,893
alice_thymefield_(sea_of_thyme),892
master_(vocaloid),892
marinette_dupain-cheng,892
sam_(honkai:_star_rail),892
secelia_dote,892
tokitou_muichirou,892
chrollo_lucilfer,891
jasmine_(pokemon),891
hirose_koichi,891
banette,891
matsuno_chifuyu,890
paxton_(pokemon),890
female_saniwa_(touken_ranbu),890
moose_(kemono_friends),890
nikka_edvardine_katajainen,889
kasukabe_tsumugi,889
sakagami_tomoyo,889
katagiri_sanae,889
hoshi_ryoma,889
reinforce_zwei,888
kitashirakawa_chiyuri,888
okinami_(kancolle),888
kureiji_ollie_(1st_costume),888
kakania_(reverse:1999),888
scizor,888
zentreya_(dragon),887
zima_(arknights),887
i-13_(kancolle),887
cure_moonlight,887
utsumi_sakura,887
beni-enma,886
lily_black,886
choso_(jujutsu_kaisen),885
tenryuu_kai_ni_(kancolle),885
marina_(off_the_hook_outfit)_(splatoon),885
laura_bodewig,885
higashikata_josuke_(jojolion),885
brant_(wuthering_waves),884
lebanne_(pokemon),884
coco_(tongari_boushi_no_atelier),883
amuro_tooru,883
sawamura_spencer_eriri,883
mage_(ragnarok_online),883
bubba_(watson_amelia),883
noshiro_(azur_lane),882
nobeta,882
li_yuting_(female),882
hiyori_(swimsuit)_(blue_archive),881
amiya_(medic)_(arknights),881
shining_(arknights),881
charlotte_(genshin_impact),881
tomori_nao,880
hinata_hideki,880
miyanaga_saki,880
shirayuki_chiyo,879
wario,878
ayase_seiko,878
schneider_(reverse:1999),878
anastasya_feodorovna_snezhnaya,878
hino_akane_(idolmaster),878
lady_maria_of_the_astral_clocktower,877
morishima_haruka,877
ibuki_douji_(fate),877
xp-tan,877
mikumo_guynemer,877
rosemi_lovelock,877
luvdisc,876
shirayuki_ren,876
pardofelis,875
arihara_nanami,875
mira_(kpop_demon_hunters),875
baba_konomi,875
hayakawa_tazuna,875
saotome_shino_(shino_to_ren),875
cutlass_(girls_und_panzer),875
usada_pekora_(casual),875
astesia_(arknights),874
cure_prism,874
jungle_pocket_(champion's_battle_cry)_(umamusume),874
koito_yuu,873
revenant_(elden_ring),873
semiramis_(fate),873
player_character_(wow),873
hoppip,873
claire_redfield,872
liv_(pgr),872
david_martinez,871
diyusi_(cookie),871
g41_(girls'_frontline),871
dreepy,871
yoshikawa_yuuko,871
female_byleth_(summer)_(fire_emblem),870
chespin,870
flower_(vocaloid4),870
rita_mordio,870
sailor_chibi_moon,870
jia_xichun_(project_moon),869
lu_guang,869
deidara_(naruto),869
smallfry_(splatoon),869
harime_nui,869
machamp,868
dooby,868
flonne,868
michigami_nareko,867
ichika_(swimsuit)_(blue_archive),867
machina_x_flayon,867
arahashi_tabi,867
black_mage_(final_fantasy),866
mahito_(jujutsu_kaisen),866
okita_souji_(second_ascension)_(fate),866
blue_poison_(shoal_beat)_(arknights),865
shinazugawa_sanemi,865
brock_(pokemon),865
marceline_abadeer,864
ars_almal,864
chloe_(princess_connect!),864
tokugawa_matsuri,863
haman_karn,862
yao_guang_(honkai:_star_rail),862
ike_eveland,862
maou_(maoyuu),862
courtney_(pokemon),861
fukuda_haru,861
nakatani_iku,861
voyager_(reverse:1999),861
leva_(girls'_frontline_2),860
hibari_(senran_kagura),859
shirasagi_chisato,859
hinatsuru_ai,859
meisho_doto_(turbulent_blue)_(umamusume),859
poison_(final_fight),859
angelica_(project_moon),858
gojou_wakana,858
konpaku_youki,858
sand_cat_(kemono_friends),858
tomoe_rena,858
raidian_(arknights),857
kasuga_maru_(kancolle),857
tsukishima_hajime,857
ibaraki_douji_(berserker)_(fate),857
lysithea_von_ordelia_(timeskip),857
kiana_kaslana_(white_comet),855
vedal987,855
snow_white_(nikke),855
kallen_kaslana,855
poppy_(pokemon),855
inumuta_houka,855
freyja_wion,855
uchi_emiri,854
natori_(kancolle),854
minegumo_(kancolle),853
akehoshi_subaru,853
creator_(ragnarok_online),853
nitocris_(caster)_(fate),853
vodyanitsa_(genshin_impact),852
kawakami_princess_(umamusume),852
tangtang_(arknights),852
nagara_(kancolle),852
lucky_lilac_(umamusume),852
pien_cat_(needy_girl_overdose),852
nicholas_d._wolfwood,852
minami_yume,851
michishio_kai_ni_(kancolle),851
tsuyuzaki_mahiru,851
noir_(nikke),851
vox_akuma,851
silver_the_hedgehog,850
tsukuyo_(blue_archive),850
rena_erindel,850
hunter_(ragnarok_online),850
gilgamesh_(casual_wear)_(fate/zero),850
irako_(kancolle),850
malina_(helltaker),850
mysterious_heroine_x_alter_(first_ascension)_(fate),850
azusa_(swimsuit)_(blue_archive),850
nanami_touko,849
degenbrecher_(arknights),849
player_character_(female)_(degrees_of_lewdity),849
massachusetts_(azur_lane),849
natsu_(band)_(blue_archive),849
fujimaru_ritsuka_(male)_(decisive_battle_chaldea_uniform),849
acheron_(slashed_dream)_(honkai:_star_rail),849
nakoruru,849
dracule_mihawk,849
hoshimi_junna,849
suzuki_hana,849
shimada_chiyo,849
naomi_(girls_und_panzer),848
shimazu_yoshino,848
mumei_(kabaneri),847
azazel_(helltaker),847
agrias_oaks,847
isagi_yoichi,846
hanadera_nodoka,846
yukimura_aoi,846
becky_blackbell,846
teana_lanster,846
yae_sakura_(gyakushinn_miko),846
perseus_(azur_lane),845
recluse_(elden_ring),845
surintendante_chevalmarin,845
otonose_kanade_(1st_costume),845
shinguji_korekiyo,845
hijikata_toushirou,844
pa-15_(girls'_frontline),844
mogador_(kancolle),844
mizumiya_su,843
fluttershy,843
butterfree,843
okazaki_tomoya,843
joltik,842
silvervale,842
coyote_(kemono_friends),842
meloetta,842
eureka_(eureka_seven),842
azki_(4th_costume)_(hololive),841
arceus,841
elegg_(boom_and_shock)_(nikke),841
wii_fit_trainer_(female),840
marina_(fear_&_hunger),840
ukinami_yuzuha_(tanuki_in_broad_daylight),840
yuiman_asama,839
urotsuki,839
tsujino_akari,839
march_7th_(hunt)_(honkai:_star_rail),839
aoi_(blue_archive),839
protagonist_(metaphor:_refantazio),839
mint_fantome_(minto_2.0),839
mordred_(swimsuit_rider)_(fate),839
durandal_(umamusume),838
iwanaga_ariya,838
belldandy,838
tier_harribel,838
sakurai_masahiro,838
female_protagonist_(pokemon_go),838
iori_rinko,838
gilgamesh_(immoral_biker_jacket)_(fate),837
sorakado_ao,837
morisawa_chiaki,837
big_bad_wolf,837
tanamachi_kaoru,837
sophie_(tales),836
arcane_caitlyn,836
ichinose_kotomi,836
yamashiro_takane,836
koraidon,836
hayasaka_mirei,836
senko_(sewayaki_kitsune_no_senko-san),836
kikuzuki_(kancolle),836
alpha_(pgr),835
diabellstar_the_black_witch,835
hoshino_(girls_und_panzer),835
okita_j._souji_(fate),835
takakura_himari,835
samson_(skullgirls),835
froakie,834
shamare_(arknights),834
ariane_yeong,834
chibi_miku,834
hijikata_toshizou_(fate),833
asian_small-clawed_otter_(kemono_friends),833
zoroark,833
lilligant,833
matoi_(pso2),833
nagomi_yui,832
shirakami_fubuki_(loungewear),832
pompompurin,832
uehara_himari,832
kirschtaria_wodime,831
tsukumo_sana_(1st_costume),831
nagato_kai_ni_(kancolle),831
sirius_(scorching-hot_seirios)_(azur_lane),831
agnes_claudel,830
south_dakota_(kancolle),830
mythra_(massive_melee)_(xenoblade),830
amoris_(bang_dream!),830
chimchar,829
25-ji_miku,829
houlen_yabusame,829
kotone_(blue_archive),829
lisia_(pokemon),828
anna_(fire_emblem),828
nowi_(fire_emblem),828
mash_kyrielight_(swimsuit_of_perpetual_summer),828
sena_ajisai,828
eva_beatrice,828
yamada_elf,828
darkrai,828
yumizuka_satsuki,828
sf-a2_miki,827
misono_karin,827
minazuki_karen,827
welt_yang,826
sombra_(overwatch),826
temari_(naruto),826
lingsha_(honkai:_star_rail),826
sniper_(ragnarok_online),826
cure_heart,826
son_goten,826
hanemiya_kazutora,825
challia_bull,825
han_sooyoung,825
onigirya_(nekomata_okayu),825
purple_pikmin,824
lucia_elowen,824
feraligatr,824
black_hanekawa,824
bandana_waddle_dee,824
imadake_dabuchi_tabemi,824
aether_foundation_employee,824
shiratori_aira_(dandadan),824
shinx,823
kokoro_(hakui_koyori),823
zooey_(granblue_fantasy),823
capitano_(genshin_impact),823
vivian_banshee_(iris_of_the_shore),822
female_shez_(fire_emblem),821
cinderella_(crystal_wave)_(nikke),821
enma_ai,821
valkyrie_(fate),821
sora_ginko,821
utaha_(blue_archive),821
nikaidou_saki,821
himekawa_yuki,821
emet-selch,821
assassin_(ragnarok_online),821
griffith_(berserk),820
moe_(swimsuit)_(blue_archive),819
onitsuka_natsumi,819
xion_(kingdom_hearts),819
honoka_(doa),819
erwin_smith,818
sableye,818
helena_(azur_lane),818
nicole_(genshin_impact),818
seragaki_aoba,817
decidueye,817
misdreavus,817
mdr_(girls'_frontline),817
shinomiya_runa,817
martina_(dq11),817
rainbow_dash,817
lavinia_whateley_(fate),817
alice_(genshin_impact),816
himemiya_anthy,816
sanzen'in_nagi,816
haruna_(track)_(blue_archive),816
alcremie_(strawberry_sweet),816
whitney_(pokemon),816
grass_wonder_(stone-piercing_blue)_(umamusume),815
coral_(pokemon),815
jill_warrick,814
midna_(true),814
ashigara_kai_ni_(kancolle),814
natsuumi_manatsu,814
kitten_(gravity_daze),814
hat_kid,814
hacka_doll_3,813
taihou_(forbidden_fruit)_(azur_lane),813
hanako_nana,813
renge_(blue_archive),812
luo_xiaohei_(cat),811
kayoko_(new_year)_(blue_archive),811
matou_sakura_(fate/zero),811
sakura_uta_(precure),811
noelle_holiday_(dark_world),810
quetzalcoatl_(fate),810
chocola_(nekopara),810
cheshire_cat_(alice_in_wonderland),810
elly_(touhou),810
jude_mathis,810
matikanetannhauser_(clippety-tippety-clop)_(umamusume),810
illuga_(genshin_impact),809
grizzly_mkv_(girls'_frontline),809
xander_(fire_emblem),809
platinum_the_trinity,809
tailmon,809
gasai_yuno,809
medusa_(lancer)_(fate),809
skadi_(waverider)_(arknights),809
neneko_mashiro,808
platelet_(hataraku_saibou),808
ichigo_hitofuri,808
suo_sango,807
black_heart_(neptunia),807
kanaria,807
alolan_raichu,807
saigusa_haruka,806
hoshirube_sho,806
mouri_ran,806
nekomata_okayu_(school_uniform),806
genji_(overwatch),806
aizawa_shota,806
all_might,806
queen_elizabeth_(azur_lane),806
kroos_(arknights),806
regina_(precure),806
donquixote_rocinante,806
megu_(blue_archive),805
alucard_(hellsing),805
onitsuka_tomari,805
luxray,804
elma_(maidragon),804
benikurage_(cookie),804
kiriko_(overwatch),804
kunimi_tama,803
asamiya_athena,803
bertolt_hoover,803
satanichia_kurumizawa_mcdowell,803
james_moriarty_(archer)_(fate),803
indomitable_(azur_lane),803
kagura_hikari,803
soda_(nikke),803
jinbe_(one_piece),802
koito_otonoshin,802
shimabara_elena,802
shiki_natsume,802
ki-sikil_(yu-gi-oh!),802
golden_snub-nosed_monkey_(kemono_friends),802
sheffield_(azur_lane),802
martha_(swimsuit_ruler)_(fate),802
red_xiii,801
kira_yamato,801
takimoto_hifumi,801
kama_(assassin)_(first_ascension)_(fate),801
yuel_(granblue_fantasy),800
vladilena_millize,800
eiden_(nu_carnival),800
crownslayer_(arknights),799
duramente_(umamusume),799
hilda_valentine_goneril_(timeskip),799
tidus,799
ozora_akari,799
fujinami_(kancolle),799
dsr-50_(girls'_frontline),799
rice_shower_(vampire_makeover!)_(umamusume),798
vanilla_(nekopara),798
ao-chan_(ninomae_ina'nis),797
hashibira_inosuke,797
erwin_(girls_und_panzer),797
makaino_ririmu_(4th_costume),797
kuzuryu_fuyuhiko,796
august_von_parseval_(azur_lane),796
negev_(girls'_frontline),796
kan'u_unchou_(ikkitousen),796
setsuna_f._seiei,796
futaba_mikana,796
chen_(cat),796
female_doctor_(arknights),795
neferpitou,795
gengetsu_(touhou),795
sentret,795
bellibolt,795
tamamo_cat_(first_ascension)_(fate),795
yukino_(blue_archive),794
kasugano_sora,794
surtr_(colorful_wonderland)_(arknights),794
shiranui_flare_(1st_costume),794
sunny_(shadow_slave),793
sukoya_kana_(1st_costume),793
abby_(wuthering_waves),793
nekko_(momosuzu_nene),793
me-tan,793
smol_ame,792
bache_(azur_lane),792
hitsugaya_toushirou,792
utsugi_yuuki,792
heixiu,792
fujino_shizuru,792
bedivere_(fate),791
kanzuki_karin,790
noi_(dorohedoro),790
jeanne_d'arc_(swimsuit_archer)_(second_ascension)_(fate),790
ogerpon_(teal_mask),789
maki_(camp)_(blue_archive),789
omokage_yugamu,789
yuunagi_tsubasa,789
female_assassin_(fate/zero),789
koiwai_yotsuba,789
cure_rhythm,788
shulk_(xenoblade),788
carmen_(project_moon),787
female_mage_(dungeon_and_fighter),787
princess_bonnibel_bubblegum,786
morinaka_kazaki,786
chloe_von_einzbern_(archer_install),786
aono_miki,786
san_(mononoke_hime),786
fuwa_minato,786
tennouboshi_uzume,786
katarina_(league),785
admire_vega_(starry_nocturne)_(umamusume),785
morgana_(cat)_(persona_5),785
melody_(projektmelody),785
lilith_(second_ascension)_(fate),785
kson,784
mizuki_yukikaze,784
lancelot_(fate/grand_order),784
keroro,784
minamoto_no_raikou_(first_ascension)_(fate),784
alice_cartelet,784
takei_hisa,784
otonashi_yuzuru,783
lilith_(machikado_mazoku),783
hikari_(arcaea),782
seto_kousuke,782
mogador_(azur_lane),782
kuroo_tetsurou,782
kushima_kamome,782
listener_(inugami_korone),781
lisbeth_(sao),781
shokudaikiri_mitsutada,781
sky_striker_ace_-_raye,780
medusa_(casual_wear)_(fate),780
shishiro_botan_(midnight_convenience_store),780
pine_(bombergirl),780
hoshikawa_sara_(1st_costume),780
reinforce,779
houndoom,779
itoshiki_nozomu,779
koharu_rikka,778
kylar_(degrees_of_lewdity),778
9a-91_(girls'_frontline),778
miyuki_kazuya,778
hoshina_hikaru,778
gokotai,778
ashveil_(honkai:_star_rail),777
sailor_uranus,777
veyle_(fire_emblem),777
kanzaki_souma,777
nanashi_mumei_(casual),777
ri-class_heavy_cruiser,777
uni_(neptunia),777
rogue_(x-men),776
meowy_(chainsaw_man),776
allen_walker,776
candace_(genshin_impact),776
minccino,776
soldier:_76_(overwatch),776
smoker_(one_piece),776
yuuki_yuuna,776
kitakami_reika,775
shimakaze-kun,775
odette_(genshin_impact),775
sidoh_(dqb2),775
dragonair,775
tashkent_(azur_lane),775
maria_robotnik,775
z3_max_schultz_(swimsuit)_(kancolle),775
transformed_ditto,774
bay_(nikke),774
hamanami_(kancolle),774
hans_christian_andersen_(fate),774
wuxian_(the_legend_of_luo_xiaohei),773
cherino_(blue_archive),773
gotoh_hitori_(octopus),773
sneasel,773
bao_the_whale,772
carbuncle_(puyopuyo),772
kuo_shenlin,772
sister_claire_(1st_costume),772
felicia_hardy,772
seele_vollerei_(herrscher_of_rebirth),771
doma_umaru,771
spamton_g._spamton,771
altina_orion,771
ayachi_nene,771
murasaki_shion_(gothic_lolita),771
aiba_yumi,771
trunks_(future)_(dragon_ball),770
agumon,770
faputa,770
airi_(band)_(blue_archive),770
cutiefly,770
marx_(kirby),770
limealicious,770
symphony_miku,769
shameimaru_aya_(newsboy),769
qingxiao_(wuthering_waves),769
shimakaze_(azur_lane),769
touwa_erio,769
yuitsuka_inori,768
munchlax,768
rukuriri_(girls_und_panzer),768
ororon_(genshin_impact),768
ogami_sachi,768
sion_eltnam_atlasia,768
pokobee,767
kingprotea_(fate),767
dr._eggman,767
piranha_plant,767
miss_fortune_(league),766
arashio_kai_ni_(kancolle),766
minase_nayuki,766
lucilla_(wuthering_waves),766
seeu,766
suicune,766
iggy_(jojo),766
takemi_tae,766
akai_haato_(1st_costume),765
venti_(archon)_(genshin_impact),765
i-14_(kancolle),765
futaba_sana,765
mad_mew_mew,764
kisaragi_kai_ni_(kancolle),764
araga_kiwi,764
ajaw_(genshin_impact),764
vyrn_(granblue_fantasy),764
nelliel_tu_odelschwanck,764
nero_(devil_may_cry),763
kei_(orange_robot)_(blue_archive),763
phainon_(flame_reaver)_(honkai:_star_rail),763
roxy_ifrita_pryce,763
circe_(fate),763
executor_(arknights),763
todo_aoi_(jujutsu_kaisen),762
bokuto_koutarou,762
jailbird_(nerissa_ravencroft),762
rim_(kamitsubaki_studio),762
tonami_ibuki,762
asuna_(sao-alo),761
elizabeth_(persona),761
sommie_(fire_emblem),761
tamamo_cat_(third_ascension)_(fate),761
ozymandias_(fate),761
ninomae_ina'nis_(casual),761
isara_mao,760
satsuki_kai_ni_(kancolle),760
gotoh_hitori_(tsuchinoko),760
nihilego,759
himemori_luna_(1st_costume),759
cheval_grand_(grand_itineraire)_(umamusume),759
oda_nobunaga_(maou_avenger)_(fate),759
riven_(league),759
koga_mitsuki,758
sesshoumaru,758
neon_(nikke),758
snom,758
kafu_(cevio),757
bae_minah_(chaesu),757
marcus_(reverse:1999),757
aikawa_megumi,757
whitesmith_(ragnarok_online),757
emily_stewart,757
octane_(apex_legends),757
meguru_(cookie),757
asgore_dreemurr,756
zangief,756
hood_(azur_lane),756
saren_(summer)_(princess_connect!),755
moona_hoshinova_(1st_costume),754
matikanefukukitaru_(rising_fortune)_(umamusume),754
squigly_(skullgirls),754
tatsugiri,754
professor_(ragnarok_online),753
lauren_iroas,753
frieza,752
logos_(arknights),752
2k-tan,752
kiryu_kazuma,752
caitlin_(pokemon),752
natsuki_karin,751
vampy,751
tomoe_gozen_(swimsuit_saber)_(first_ascension)_(fate),751
hasegawa_kobato,751
kishinami_hakuno_(male),751
zen'in_maki_(post-shibuya),751
mazaki_anzu,751
kozume_kenma,750
handa_roco,750
rei_(cookie),750
luo_xiaohei_(human),750
aokumo_rin,749
urushibara_luka,749
dazai_osamu_(bungou_stray_dogs),749
ryne_waters,749
pamiat_merkuria_(azur_lane),749
shiba_tomoshibi,749
soldier_11_(zenless_zone_zero),748
priestess_(goblin_slayer!),747
choukai_kai_ni_(kancolle),747
abukuma_kai_ni_(kancolle),747
baron_bunny_(genshin_impact),746
kurosaki_chitose,746
viviana_(arknights),745
thor_(marvel),745
sakura_miko_(school_uniform),745
nefer_(genshin_impact),745
ranger_(ragnarok_online),745
marche_lorraine_(umamusume),745
momose_rio,745
kashino_(hot_springs_relaxation)_(azur_lane),744
yatogami_tohka,744
pombon,744
narciso_anasui,744
risotto_nero,744
kogitsunemaru,744
meloetta_(aria),743
male_kiran_(fire_emblem),743
galko,742
douki-chan_(douki-chan),742
miyao_miya,742
sun_wukong,742
bottle_miku,742
vinegar_doppio,742
aa-12_(girls'_frontline),741
boota_(ttgl),741
togami_byakuya,741
death_(entity),741
azul_ashengrotto,741
amazon_(dragon's_crown),741
aioi_yuuko,741
yamanin_zephyr_(umamusume),740
asbel_lhant,740
mp40_(girls'_frontline),740
pyrrha_nikos,740
arcana_(nikke),739
hod_(project_moon),739
goldmary_(fire_emblem),739
cure_sword,739
inoue_orihime_(sennen_kessen-hen),739
yuzu_(maid)_(blue_archive),739
nono_hana,738
nunnally_vi_britannia,738
diamond_(houseki_no_kuni),737
hugh_(pokemon),737
fukuyama_mai,737
kirakishou,737
sayuri_(blue_archive),737
ulti_(one_piece),736
cure_dream,736
akuma_(street_fighter),736
bokukawauso,736
boudica_(first_ascension)_(fate),736
colette_brunel,735
cellien_(kemono_friends),735
ines_fujin_(umamusume),734
prosciutto_(jojo),734
inami_mahiru,734
cheria_barnes,734
fujimura_taiga,734
wobbuffet,733
pipkin_pippa,733
mipha,733
ogami_tamaki,733
miraidon,733
female_builder_(dqb2),733
commander_(last_origin),733
hisoka_morow,733
pawmi,732
ringo-chan_(otokuyou),732
skadi_(elite_ii)_(arknights),732
tokino_sora_(1st_costume),732
kazusa_(halloween)_(blue_archive),732
sailor_neptune,731
hinoka_(fire_emblem),731
zinnia_(pokemon),731
african_wild_dog_(kemono_friends),731
raiden_mei_(apho),731
mr._scarletella,731
son_biten,730
udagawa_tomoe,730
uzuki_(cookie),730
togawa_sakiko_(master_of_melodia),730
cure_miracle,730
chel_(el_dorado),730
selvaria_bles,730
jade_(honkai:_star_rail),730
shirosaki_hana,730
flayn_(fire_emblem),729
oosawa_aya,729
broly_(dragon_ball_super),729
sasha_blouse,729
luca_kaneshiro,729
judith_(tales),729
siberian_chipmunk_(kemono_friends),729
shannon_(umineko),728
eldridge_(azur_lane),728
rhein_kraft_(umamusume),728
sweety_(zenless_zone_zero),728
vector_(girls'_frontline),727
sebastian_michaelis,727
izumi_(blue_archive),727
mars_(cookie),727
alcina_dimitrescu,726
aesc_(rain_witch)_(fate),726
kasugano_urara_(precure),726
kariya_masaki,726
zdrada_(helltaker),725
riliane_lucifen_d'autriche,725
hitotsuyanagi_riri,725
white_pikmin,725
gareth_(fate),724
gummy_(arknights),724
tsumugi_wenders,724
germany_(hetalia),724
nagayoshi_subaru,724
saori_(swimsuit)_(blue_archive),723
apple_(reverse:1999),723
riko_(made_in_abyss),723
tristan_(fate),723
kawashima_ami,723
kaori_(splatoon),722
testament_(guilty_gear),722
melusine_(second_ascension)_(fate),722
yamagou_ayumi,722
hiei_kai_ni_(kancolle),721
sena_(blue_archive),721
hikigaya_hachiman,721
nagi_seishirou,720
akatsuki_kai_ni_(kancolle),720
kachina_(genshin_impact),720
faye_valentine,720
ieiri_shoko,720
klavier_gavin,720
welrod_mkii_(girls'_frontline),719
sayla_mass,719
nekomiya_hinata,719
shermie_(kof),719
karyl_(summer)_(princess_connect!),719
kai'sa_(league),718
hu_tao_(cherries_snow-laden)_(genshin_impact),718
dorothy_(arknights),718
sakaguchi_karina,718
wien_margarete,718
marvelous_sunday_(umamusume),718
buttercup_(ppg),717
ines_(arknights),717
ray_(arknights),717
minazuki_(kancolle),717
yamada_aoi,717
shimizu_hinako,717
jumpluff,717
error_musume,717
koyanskaya_(assassin)_(first_ascension)_(fate),717
ouzuka_mai,716
belarus_(hetalia),716
aoi_erika,716
jibril_(no_game_no_life),716
jeanne_d'arc_(girl_from_orleans)_(fate),715
hiiragi_yuzu,715
kirisawa_juuzou_(character),714
en_ciel_rena,714
grimsley_(pokemon),714
clara_(girls_und_panzer),713
squirrel_girl_(marvel),713
luka_(mon-musu_quest!),713
julia_(idolmaster),713
haruka_(senran_kagura),712
shito_alisa,712
kobayakawa_rinko,712
diana_(pragmata),712
manaka_non,712
kar98k_(girls'_frontline),711
sof_(blue_archive),711
adult_neptune,711
admiral_hipper_(azur_lane),711
mudrock_(silent_night)_(arknights),711
megatron,711
isolated_island_oni,711
kazemaru_ichirouta,711
euphemia_li_britannia,710
sunna_(afternoon_tea_break)_(zenless_zone_zero),710
goodra,710
charlotta_(granblue_fantasy),709
ebisu_eika,709
chii,709
draco_centauros,709
feldt_grace,709
belno_light_(umamusume),708
sin_mal,708
mishima_kazuya,708
adachi_sakura,708
foo_fighters_(jojo),708
exs-tia,708
akimoto_komachi,708
hebi_nyoubou_(second_ascension)_(fate),708
ade_(nikke),707
tairitsu_(arcaea),707
korok,707
eas_(precure),707
texas_(winter_messenger)_(arknights),707
mythra_(radiant_beach)_(xenoblade),707
saber_alter_(fate/stay_night),707
miyamoto_musashi_(third_ascension)_(fate),707
abigail_williams_(second_ascension)_(fate),707
amaterasu_(ookami),706
luna_(sailor_moon),706
takafuji_kako,706
itsuka_kotori,705
female_morgan_(fire_emblem),705
mimori_(blue_archive),705
racing_miku_(2022),705
takasu_ryuuji,704
tiffy_(nottytiffy),704
dabi_(boku_no_hero_academia),704
dennou_shoujo_siro,704
cure_lovely,704
rahu_(path_to_nowhere),704
sakamoto_ryuji,704
wakaba_(kancolle),704
loves_only_you_(umamusume),704
tonimura_yui,703
totooria_helmold,703
azumarill,703
scamp_(kancolle),703
kusugawa_sasara,703
kawakami_mai,703
queen_marika_the_eternal,702
rena_(blue_archive),702
sharkboo_(zenless_zone_zero),702
meteion,702
kazama_jin,702
gold_ship_(run!_ruin!_launcher!)_(umamusume),702
melusine_(swimsuit_ruler)_(fate),702
unohana_retsu,702
fie_claussell,701
morag_ladair_(xenoblade),701
prince_of_lorasia,701
vivi_ornitier,701
hitachi_mako,701
akari_(blue_archive),701
reimu_endou,701
amakusa_shirou_(fate),701
diglett,701
dekomori_sanae,700
lara_(sayonara_lara),700
arsene_lupin_iii,700
howl_(howl_no_ugoku_shiro),700
erika_(blue_archive),700
poppi_(xenoblade),700
swordsman_(ragnarok_online),700
pumpkaboo,699
satsuki_(swimsuit)_(blue_archive),699
syuen_(nikke),699
fluorite_(arknights),699
yoshimi_(band)_(blue_archive),699
mousse_(ranma_1/2),699
okita_souji_(first_ascension)_(fate),699
sonohara_anri,699
shizuko_(blue_archive),699
luna_snow,699
aokaze_nana,699
valentine_(skullgirls),698
katsuragi_(senran_kagura),698
saeki_miria,698
suzu_(cookie),698
kearsarge_(azur_lane),697
wis'adel_(arknights),697
big_man_(splatoon),697
ninetales,697
liliya_olenyeva,697
mikazuki_yozora,697
hoshiguma_yuugi_(kimono),697
takayama_sayoko,697
ninomae_ina'nis_(loungewear),696
unown,696
flowey_(undertale),696
zeta_gundam_(mobile_suit),696
lisa_lisa,696
sairenji_haruna,696
metal_sonic,696
budew,696
growlithe,696
hoshino_miyako_(wataten),696
igarashi_kyou_(eroe),696
flannery_(pokemon),695
hatakaze_(kancolle),695
luna_(honkai_impact),695
sakamoto_ryouma_(fate),695
sora_(nikke),695
cait_sith_(ff7),695
chougei_(kancolle),694
taiki_shuttle_(wild_frontier)_(umamusume),694
bucky_barnes,694
bb_dubai_(fate),694
spot_(arknights),694
scathach-skadi_(first_ascension)_(fate),694
heiwajima_shizuo,694
afuro_terumi,694
mo_chengwei,694
kisaragi_momo,693
sin_sack,693
lokulo-chan_(lokulo_no_mawashimono),693
kaminari_denki,693
kirifuji_nozomi,692
raven_(tales),692
shitodo_kuroji,691
tinkaton,691
frye_(deep_cut_outfit)_(splatoon),691
mizutani_eri,691
katsuragi_ace_(dragon_rising_to_the_top)_(umamusume),691
majima_goro,691
todoroki_hajime_(1st_costume),690
adeleine,690
killer_queen,690
griseo_(starry_impression),690
petra_macneary,690
hoshimiya_kate,690
kagero_(fire_emblem),689
mareep,689
serie_(sousou_no_frieren),689
matsukaze_tenma,689
oryou_(fate),689
sena_(xenoblade),689
shioriha_ruri,689
deutschland_(azur_lane),689
shauntal_(pokemon),688
camus_(dq11),688
super_pochaco,688
akemi_homura_(black_dress),688
dan_heng_(permansor_terrae)_(honkai:_star_rail),688
seiun_sky_(reeling_in_the_big_one)_(umamusume),688
kanamori_sayaka,687
qingque_(honkai:_star_rail),687
protagonist_(smtv),687
vill-v,687
layla_(idolmaster),687
blossom_(ppg),687
lucca_ashtear,687
yukimin_(yukihana_lamy),687
wizard_(ragnarok_online),687
tyranitar,687
stay_gold_(sunlit_outsider)_(umamusume),687
ecclesia_(yu-gi-oh!),686
habetrot_(fate),686
tachibana_makoto,686
paladin_(final_fantasy),686
kromer_(project_moon),686
luke_pearce_(tears_of_themis),686
daitou_(kancolle),686
hoshino_hinata,686
touyouryuu-san,686
zekrom,685
ninian_(fire_emblem),685
kuonji_ukyou,685
silva_(granblue_fantasy),685
shizuna_rem_misurugi,684
morgan_le_fay_(second_ascension)_(fate),684
boros_(ouro_kronii),684
taunie_(pokemon),684
jahoda_(genshin_impact),684
artoria_caster_(swimsuit_berserker)_(first_ascension)_(fate),684
hakui_koyori_(summer),684
alice_carroll,684
shinomiya_fuyumi,684
mai_natsume,683
princess_serenity,683
pidgey,683
togekiss,683
robin_hood_(fate),683
type_97_(girls'_frontline),683
paula_(mother_2),682
pinkie_pie,682
puru-see_(hoshizuki_(seigetsu)),682
hiburi_(kancolle),682
shimamura_hougetsu,682
hatsune_miku_(nt),682
strength_(black_rock_shooter),682
kuraue_hinata,682
daitaku_helios_(fun_fun_party_night)_(umamusume),681
mast_(nikke),681
jeanne_d'arc_(granblue_fantasy),681
akuma_nihmune,681
zero_(drag-on_dragoon),681
morgiana,681
trotter_(honkai:_star_rail),681
kotori_(cheer_squad)_(blue_archive),681
haguro_kai_ni_(kancolle),680
white_blood_cell_(hataraku_saibou),680
dragapult,680
nagant_revolver_(girls'_frontline),680
orfevre_(control)_(umamusume),680
linnea_(genshin_impact),679
ootsu_mari,679
nina_kosaka,679
ruggie_bucchi,679
saber_(swimsuit_archer)_(first_ascension)_(fate),679
white_heart_(neptunia),679
siegfried_(fate),679
lucas_lee,679
xenovia_quarta,679
caeda_(fire_emblem),679
rukawa_kaede,678
meganium,678
mordred_(swimsuit_rider)_(first_ascension)_(fate),678
hanasaki_miyabi,678
katara,678
yuuno_scrya,678
astolfo_(memories_at_trifas)_(fate),678
atago_(summer_march)_(azur_lane),678
marina_(blue_archive),678
suou_yuki,677
tamamo_no_mae_(swimsuit_lancer)_(second_ascension)_(fate),677
mai_(touhou),677
sakurakoji_kinako,677
min_min_(arms),677
luz_noceda,676
vigna_(arknights),676
ogino_chihiro,676
shibuki_ran,676
ai-chan_(tawawa),676
yakushiji_saaya,676
jean_kirstein,676
grace_ashcroft,675
suzuki_jun,675
oz_(genshin_impact),675
qingming_bird_(zenless_zone_zero),675
sharena_(fire_emblem),675
reu_(cookie),675
jiji_(majo_no_takkyuubin),674
tanaka_asuka,674
ayatsuno_yuni,674
elira_pendora_(1st_costume),673
ms._fortune_(skullgirls),673
ishigami_senkuu,673
hero_(dq5),672
kana_anaberal,672
royal_penguin_(kemono_friends),672
konngara_(touhou),672
otter_spirit_(touhou),672
edd_(eddsworld),672
robin_(summeretto)_(honkai:_star_rail),672
edna_(tales),671
namine,671
sakuma_ritsu,671
essex_(azur_lane),671
kudou_shin'ichi,671
kitagawa_yusuke,671
nian_(unfettered_freedom)_(arknights),670
murasaki_(senran_kagura),670
baobhan_sith_(swimsuit_pretender)_(first_ascension)_(fate),670
kitarou,670
kogure_ruka,669
caesar_(girls_und_panzer),669
rachnera_arachnera,669
hachune_miku,669
la_pluma_(summer_flowers)_(arknights),669
elpeo_puru,669
momone_momo,669
fukuji_mihoko,668
ribbon_(kirby),668
kokonoe_rin,668
lissa_(fire_emblem),668
sawamura_eijun,668
perrin_(pokemon),667
koganei_niko,667
leviathan_(skullgirls),667
jiaoqiu_(honkai:_star_rail),667
uruha_rushia_(3rd_costume),667
kageyama_shien,667
sakura_bakushin_o_(blossom_in_learning)_(umamusume),667
usami_(danganronpa),666
nao_(mabinogi),666
serena_(yu-gi-oh!),666
debitto_(makaino_ririmu),666
hydreigon,666
amagi-chan_(azur_lane),665
xiao_wu_(douluo_dalu),665
nayuta_(nikke),665
matsukai_mao,665
enrico_pucci,665
label_girl_(dipp),665
spheal,665
papi_(monster_musume),664
kaname_buccaneer,664
shirakami_fubuki_(street),664
shishiro_botan_(button-down),664
inaba_meguru,664
fungi_(genshin_impact),664
mugetsu_(touhou),664
the_world_(stand),663
weedy_(arknights),662
adepta_sororitas,662
ishimaru_kiyotaka,662
gardenia_(pokemon),661
aegislash,661
yozakura_(senran_kagura),661
pidgeot,661
storm_(x-men),661
sasori_(naruto),660
lilina_(fire_emblem),660
shu_yamino,660
death-sensei_(mori_calliope),660
high_elf_archer_(goblin_slayer!),660
poppy_(league),660
kazami_yuuji,659
illyasviel_von_einzbern_(beast_style),659
ichigo_(cookie),659
mizuho_(kancolle),659
oozora_subaru_(hololive_summer_2019),659
midway_princess,659
kuraishi_ringo_(glassy0302),659
komori_met,658
kaidou_minami,658
pauline_(nintendo),658
hei_(darker_than_black),658
rotom_(normal),658
ikeda_chitose,657
fuura_kafuka,657
dark_sun_gwyndolin,657
matilda_bouanich,657
naruko_(naruto),656
metagross,656
hibiki_yuuta,656
tenkawa_nayuta,656
uranami_(kancolle),656
shiranui_flare_(street),656
robin_(arknights),655
zagreus_(hades),655
waddle_doo,655
red_desire_(umamusume),655
common_dolphin_(kemono_friends),655
cure_diamond,655
mp7_(girls'_frontline),655
kabu_(pokemon),655
mettaton,654
kanna_(cookie),654
banzoin_hakka,654
kurugaya_yuiko,654
kuromiya_raika_(kuromiya),654
uchiha_obito,654
mi_fu_(arknights),654
psylocke_(vengeance),653
pyukumuku,653
astarion,653
juufuutei_raden_(1st_costume),653
memcho,653
hanna-justina_marseille,653
yan_qing_(fate),653
aqua_(deltarune),652
trucy_wright,652
konoha_(kagerou_project),652
jeff_the_land_shark,652
spike_spiegel,652
mashiro_meme,652
applejack,652
ozen,652
tachikawa_mimi,652
hori_yuko,652
kin'iro_ryotei_(umamusume),652
nana_asta_deviluke,652
fuwa_kokone,652
hortensia_(fire_emblem),652
reuniclus,652
amakubo_yuri,652
klan_klein,652
hinase_(cookie),651
futatsuiwa_mamizou_(human),651
ping_hai_(azur_lane),651
roy_(pokemon),651
antonio_salieri_(fate),651
eustass_kid,651
mlynar_(arknights),650
judy_hopps,650
minase_akiko,650
yae_sakura_(goushinnso_memento),650
shamal,650
lucifero_(guilty_gear),650
waai_fu_(arknights),650
ch'en_the_holungday_(arknights),649
tobiichi_origami,649
the_dahlia_(honkai:_star_rail),649
conch_(gundam),649
jibanyan,649
hinoa,649
hero_(dq3),649
reaper_(overwatch),649
rafayel_(love_and_deepspace),649
amethio_(pokemon),649
owari_akane,649
ronova_(genshin_impact),648
ryuuhou_(kancolle),648
wang_yujia,648
kaitou_kid,648
yu_(arknights),648
fate_testarossa_(lightning_form),648
gwen_tennyson,648
shauna_(pokemon),647
misaka_worst,647
hazawa_tsugumi,647
malkuth_(blue_archive),647
michinoku_komaro,646
amada_ken,646
genos,646
usami_ichika,646
morgan_le_fay_(third_ascension)_(fate),646
sayo_samonji,646
starscream,646
van_arkride,645
hubert_von_vestra,645
sasaki_akebi,645
onoe_serika,645
es_(xblaze),645
mizumoto_yukari,645
clara_(honkai:_star_rail),645
harmonie_(arknights),645
irys_(irys_1.0)_(hololive),645
kirishima_kai_ni_(kancolle),645
kasai_amane,645
palkia,645
dream_journey_(reminder_of_dreamland)_(umamusume),644
illumi_zoldyck,644
filo_(tate_no_yuusha_no_nariagari),644
miguel_o'hara,644
daifuku_(yukihana_lamy),644
kaizuka_inaho,644
dialga,643
mitsugashira_enoko,643
closure_(arknights),643
soul_evans,643
ishtar_(fire_emblem),643
bell_cranel,643
super_creek_(murmuring_stream)_(umamusume),643
king_(aotu_world),643
sasaki_chiho,643
velvet_(nikke),643
rapi_(red_hood)_(red_flavor)_(nikke),643
zygarde,643
minakami_mai,643
helena_blavatsky_(caster)_(fate),643
fugue_(honkai:_star_rail),642
wicke_(pokemon),642
gebura_(project_moon),642
sugimoto_reimi,642
xia_fei,642
female_robin_(grima)_(fire_emblem),642
oda_nobunaga_(swimsuit_berserker)_(fate),642
queen_(persona_5),642
z46_(azur_lane),641
victini,641
iguro_obanai,641
amano_pikamee,641
jasmine_(toshi_densetsu_kaitai_center),641
naga_(nikke),641
urbosa,641
rarity_(my_little_pony),641
okazaki_ushio,640
ookami_mio_(street),640
smart_falcon_(love_4ever)_(umamusume),640
anko_(gochiusa),640
orfevre_(old_design)_(umamusume),640
morty_(pokemon),639
lexington_(warship_girls_r),639
rupee_(nikke),639
yabuki_kana,639
schwertkreuz,639
destroyer_princess,639
inui_sajuna,638
alsace_(azur_lane),638
athena_cykes,638
ellee-chan,638
ange_(princess_principal),638
nara_shikamaru,637
floette,637
m._bison,637
hermione_granger,637
nurse_joy,637
sirin,637
yaeno_muteki_(umamusume),636
giratina_(origin),636
hisuian_typhlosion,636
matsuoka_rin,636
natu,636
yura_kai_ni_(kancolle),636
professor_shinonome,636
tsuji_renta,636
kamio_reiji_(yua),636
flowery_(deltarune),635
bisharp,635
hoshino_(armed)_(blue_archive),635
komakusa_sannyo,635
mononobe_alice,635
barasuishou,635
power_girl,635
shinonono_houki,635
natsuki_rin,634
amity_blight,634
yuegui_(genshin_impact),634
urbain_(pokemon),634
nero_claudius_(olympian_bloomers)_(fate),634
kumbhira_(granblue_fantasy),634
cure_pine,634
cure_princess,634
chi-class_torpedo_cruiser,634
hatono_chihiro,633
yuki_miku_(2011),633
matsukaze_(kancolle),633
barbara_(summertime_sparkle)_(genshin_impact),633
cyan_(show_by_rock!!),633
shamir_nevrand,633
evil_twin_lil-la,633
rappa_(honkai:_star_rail),632
ichii_yui,632
shirakawa_yuina,632
ushiromiya_rosa,632
shiraishi_yoshitake,632
numby_(honkai:_star_rail),632
muppo,632
bonnie_(pokemon),632
ichijou_ririka_(1st_costume),631
hidaka_ai,631
pecorine_(summer)_(princess_connect!),631
dola_(nijisanji),630
zhongli_quan_(all_wishes_come_true!),630
malkuth_(project_moon),630
kaede_johan_nouvel,630
ushiwakamaru_(second_ascension)_(fate),630
murasaki_shikibu_(first_ascension)_(fate),630
hinata_kaho,630
xavier_(love_and_deepspace),629
igarashi_rika,629
graf_eisen,629
clair_(pokemon),628
fjorm_(fire_emblem),628
morgan_le_fay_(queen_of_winter)_(fate),628
toujou_koneko,628
gible,628
rocket_raccoon,627
agnes_tachyon_(lunatic_lab)_(umamusume),627
shimura_shinpachi,627
sura_(ragnarok_online),627
eugeo,627
takane_(blue_archive),627
yagyu_(senran_kagura),626
washington_(kancolle),626
aris_(armed)_(blue_archive),626
luciela_r._sourcream,626
ronald_mcdonald,626
rorolina_frixell,626
kylar_(male)_(degrees_of_lewdity),625
poison_ivy,625
sirius_symboli_(feroce)_(umamusume),625
vajra_(granblue_fantasy),625
anya_alstreim,625
rockruff,625
leonie_pinelli,625
veronica_(dq11),625
isoi_haruki,625
utsumi_erice_(lancer),624
caro_ru_lushe,624
ikezawa_hanako,624
one_(cevio),624
karlach,624
hoshikawa_lily,624
hikami_sumire,624
nira-chan,624
shadow_chaser_(ragnarok_online),624
narusawa_ryouka,624
ohr_(blue_archive),623
hsin_(wuthering_waves),623
ariel_(disney),623
nonohara_akane,623
kojo_anna,623
maribel_(dq7),622
kawanishi_shinobu,622
cassidy_(overwatch),622
miyadeguchi_mizuchi,622
oono_aya,622
eriko_(princess_connect!),622
yamanbagiri_kunihiro,622
tomoe_gozen_(first_ascension)_(fate),622
tenryuu_(swimsuit)_(kancolle),622
yanqing_(honkai:_star_rail),622
shinano_eiji,622
bubbles_(ppg),622
lucia_(scott_malin),621
escoffier_(genshin_impact),621
kotozume_yukari,621
shuten_douji_(first_ascension)_(fate),621
sidon,621
kanade_izuru,621
hinata_yukari,621
queen_of_sheba_(fate),620
owada_mondo,620
neo_asari,620
kanon_(umineko),619
argalia_(project_moon),619
aika_granzchesta,619
yuri_briar,619
ayanami_kai_ni_(kancolle),619
tenkubashi_tomoka,619
ellen_baker,619
rossweisse,619
parlor_dragonmaid,619
shimiko_(magical)_(blue_archive),618
puck_(re:zero),618
cure_muse,618
broly_(dragon_ball_z),618
violet_(persona_5),618
groudon,618
beelzebub_(helltaker),617
ende_(chihuri),617
zayne_(love_and_deepspace),617
koromaru_(persona),617
cernunnos_(fate),617
sakaki_(azumanga_daioh),617
mari_(spirit)_(omori),616
tezcatlipoca_(first_ascension)_(fate),616
nerissa_ravencroft_(casual),616
kotama_(blue_archive),616
karna_(fate/apocrypha),616
utage_(summer_flowers)_(arknights),616
jack_howl,616
mysta_rias,616
ogasawara_sachiko,616
erina_pendleton,616
okita_souji_alter_(second_ascension)_(fate),616
ema_skye,616
gaia_(ff14),615
geo_stelar_(mega_man),615
sariel_(touhou),615
shiragiku_hotaru,614
tsukahara_hibiki,614
amakura_mio,614
big_boss,614
horn_(arknights),614
doudanuki_masakuni,614
zhongli_(archon)_(genshin_impact),614
shiranui_flare_(old_design),614
kobayakawa_yutaka,614
felicia_(fire_emblem),613
nero_claudius_(bride)_(second_ascension)_(fate),613
tokarev_(girls'_frontline),613
puniru_(puniru_wa_kawaii_slime),613
astel_leda,613
ahsoka_tano,612
axel_(kingdom_hearts),612
neo_universe_(universe-naut)_(umamusume),612
milfeulle_sakuraba,612
prince_of_lan_ling_(fate),612
takozonesu,612
amakura_mayu,612
kurosu_aroma,611
simon_henriksson,611
endou_mamoru,611
sirfetch'd,611
aria_pokoteng,611
minoto,611
heshikiri_hasebe,611
ripple_star_queen,611
wishiwashi,611
southern_rockhopper_penguin_(kemono_friends),611
genocider_sho,610
nanase_haruka_(free!),610
henya_the_genius,610
saileach_(arknights),610
clemont_(pokemon),610
ebenholz_(arknights),610
fu_hua_(azure_empyrea),610
chaos_marie_(grimms_notes),610
victoire_pisa_(umamusume),610
isabella_valentine,610
crobat,609
pepe_(arknights),609
pola_(azur_lane),609
frankenstein's_monster_(swimsuit_saber)_(fate),609
rikku_(ff10),609
regis_altare,609
orie_ballardiae_harada,609
sweetheart_(omori),608
tendou_nabiki,608
momoe_nagisa_(magical_girl),608
catura_(granblue_fantasy),608
cordelia_(fire_emblem),608
kanbe_kotori,608
space_ishtar_(fate),608
elfilin,608
iris_heart_(neptunia),608
weavile,608
hyuuga_saki,608
perroccino_(fuwamoco),607
hatsune_miku_(vocaloid4),607
pheromosa,607
shigaraki_tomura,607
uzuki_sayaka,607
madoka_aguri,607
no._21_(pgr),607
stylist_(nikki),606
heles,606
jigen_daisuke,606
hiradaira_chisaki,606
meowstic,605
pandemonica_(helltaker),605
yamanaka_sawako,605
eelektross,605
lain_paterson_(1st_costume),605
kuroka_(high_school_dxd),605
mihama_chiyo,605
atsuko_(swimsuit)_(blue_archive),605
ibara_mayaka,605
hanzo_(overwatch),605
carrot_(one_piece),604
pyro_(tf2),604
kusakabe_misao,604
busujima_saeko,604
murkrow,604
shiroko_(cycling)_(blue_archive),604
centorea_shianus,604
houshou_marine_(marching_band),604
nanakusa_hazuki,603
marcille_donato_(lord),603
meguriya_ayumu,603
scathach_(third_ascension)_(fate),603
buront,603
yamagishi_yukako,603
lurantis,603
kenmochi_touya_(1st_costume),602
goomba,602
felix_argyle,602
akaashi_keiji,602
sukeban_(smg)_(blue_archive),602
claude_von_riegan_(timeskip),602
mishou_mai,602
yuzuki_yukari_(shizuku),601
modernia_(nikke),601
prompto_argentum,601
fletchling,601
lily_(vocaloid),601
vampire_(azur_lane),601
caterpie,601
kuroyukihime,601
tenten_(naruto),601
kei_(m_k),601
victorica_de_blois,601
klaudia_valentz,601
hina_(girls_band_cry),601
kuroko_tetsuya,601
croissant_(arknights),601
quattro_bajeena,600
rukkhadevata_(genshin_impact),600
towa_herschel,600
cure_twinkle,600
kumada_masaru,600
nonohara_yuzuko,600
esdeath,599
ereshkigal_(swimsuit_beast)_(fate),599
yagami_iori,599
ryoubi_(senran_kagura),599
asari_nanami,599
rosa_farrell,599
belle_(delicate_sunlight)_(zenless_zone_zero),599
tooth_fairy_(reverse:1999),599
luke_sullivan,599
bambietta_basterbine,599
bloom_poetry_(shining_nikki),599
dratini,598
inu_sakuya_(nejikirio),598
gabriel_tenma_white,598
guel_jeturk,598
maestrale_(kancolle),598
misogi_(princess_connect!),598
bewear,598
selena_(pgr),598
yamada_tae,598
whisperain_(arknights),597
tsubaki_yayoi,597
vei_(vtuber),597
strict_nun_(diva),597
nu_gundam,597
rune_knight_(ragnarok_online),597
minami_mirei,597
yuki_(touhou),597
kagerou_kai_ni_(kancolle),597
chimecho,596
gentoo_penguin_(kemono_friends),596
mini_durin_(genshin_impact),596
yukino_bijin_(umamusume),596
yui_tsuruno,596
idia_shroud,596
wanderer_(ragnarok_online),596
hierophant_green,595
apricot_the_lich,595
maria_marionette,595
igawa_asagi,595
player_palico,595
francis_drake_(fate),595
seele_vollerei_(stygian_nymph),595
tamamo_no_mae_(swimsuit_lancer)_(third_ascension)_(fate),595
velma_dinkley,594
sakaki_yuya,594
kuchinashi_dabi,593
d_(nikke),593
komasan,593
gwendolyn_(odin_sphere),593
kimura_natsuki,593
pearl_(off_the_hook_outfit)_(splatoon),593
belle_(brilliance_of_stars)_(zenless_zone_zero),593
alolan_exeggutor,592
rory_mercury,592
amasawa_yuuko,592
ginga_nakajima,592
shiori_(princess_connect!),592
servbot_(mega_man),592
ushiromiya_natsuhi,592
chieru_(princess_connect!),591
akagi_ritsuko,591
floragato,591
yamabuki_saya,591
3.1-tan,591
myne_(honzuki_no_gekokujou),590
lady_avalon_(fate),590
sky_striker_ace_-_roze,590
lava_(arknights),590
gran_alegria_(umamusume),590
niya_(blue_archive),590
fu_hua_(phoenix),590
kouenji_sayuka,590
takamachi_nanoha_(sacred_mode),589
knight_(ragnarok_online),589
archetto_(arknights),589
shigure_kokoro,589
grani_(arknights),589
ye_shunguang_(enlightened_state),589
tweyen_(granblue_fantasy),589
anise_tatlin,589
makina_nakajima,589
xinyan_(genshin_impact),589
nightwing,588
sotheby,588
axel_syrios,588
carnelian_(arknights),588
kirito_(sao-ggo),587
kanno_naoe,587
noah_(xenoblade),587
ryouna_(senran_kagura),587
spongebob_squarepants,587
kawakaze_kai_ni_(kancolle),587
trianne_(honkai:_star_rail),587
phantom_(arknights),587
ceruledge,586
yui_shousetsu_(fate),586
istina_(arknights),586
shirogane_miyuki,586
ayatsumugi_roka,586
lapis_(fire_emblem),586
lee_(arknights),586
sakamoto_(nichijou),586
pan_yinhu,586
oogaki_chiaki,586
xayah_(league),586
chise_(swimsuit)_(blue_archive),585
morgan_le_fay_(first_ascension)_(fate),585
yesod_(project_moon),585
caenis_(second_ascension)_(fate),585
ribombee,585
gold_city_(authentic/1928)_(umamusume),585
minea_(dq4),585
olivia_(fire_emblem),585
corsola,585
minnie_mouse,585
zubat,585
toki_(school_uniform)_(blue_archive),585
ghost_miku_(project_voltage),584
shimushu_(kancolle),584
cure_wonderful,584
neru_(school_uniform)_(blue_archive),584
doomguy,584
carol_malus_dienheim,584
kuriyama_mirai,584
ranger_(kancolle),584
la_manchaland's_don_quixote_(project_moon),584
vf-1,584
shirley_fenette,584
kuma_(human)_(persona_4),584
ushiromiya_lion,584
atri,584
itou_chika,584
tachibana_taki,584
fairy_maid_(touhou),584
olga_marie_animusphere_(unbeast),583
richelieu_(azur_lane),583
kronie_(ouro_kronii),582
dobrynya_nikitich_(fate),582
loona_(helluva_boss),582
katou_danzou_(fate),582
pac-man,582
sajou_ayaka_(fate/strange_fake),582
cure_flora,582
shizuki_hitomi,581
tenma_maemi,581
asseylum_vers_allusia,581
koshirae_tsurugi_(m.m),581
jururu,581
shyrei_faolan,580
lysandre_(pokemon),580
kujou_miyako,580
alisaie_leveilleur,580
hakuryuu_(inazuma_eleven),580
cilan_(pokemon),580
mikisugi_aikurou,580
kotomine_kirei_(fate/zero),580
alicia_florence,580
kaya_(blue_archive),580
ahiru_(princess_tutu),580
astra_militarum,579
stalker_(ragnarok_online),579
gundam_aerial,579
chesed_(project_moon),579
iris_(mega_man),579
ekubo_(mob_psycho_100),579
zenobia_(fate),579
takasugi_shinsuke,579
futaki_kanata,579
krile_mayer_baldesion_(ff5),578
seelie_(genshin_impact),578
nea_(chihuri),578
shinkai_kanata,578
hatsushimo_kai_ni_(kancolle),578
sananana_(cookie),578
chikuma_kai_ni_(kancolle),578
dp-12_(girls'_frontline),578
elan_ceres,578
otomachi_una_(talkex),578
yukikaze_kai_ni_(kancolle),578
lumen_(arknights),577
laharl,577
kamisaki_hikaru,577
kushieda_minori,577
rika_(m_k),577
suzumura_sango,577
shirai_yuyu,577
amagi_hiiro,577
niimi_sora,576
cure_butterfly,576
momomiya_ichigo,576
cid_highwind,576
monika_weisswind,576
hinata_(swimsuit)_(blue_archive),576
yakishio_lemon,575
arima_senne,575
suzi_q,575
himemiya_tori,575
houshou_marine_(businesswoman),574
xiao_weiying,574
eiko_carol,574
protagonist_(pso2),574
dokibird_(bounty_hunter),574
genetic_(ragnarok_online),574
tsukishiro_yuki,574
noelle_silva,574
koizumi_itsuki_(female),574
magical_sapphire,574
daiwa_scarlet_(casual)_(umamusume),574
sakura_chiyono_o_(strength_in_full_bloom)_(umamusume),573
kageyama_tobio,573
kanzaki_kaori,573
salamence,573
luo_binghe,573
enomoto_noa,573
akagi_towa,573
hector_(fate),573
miyamori_aoi,573
sophia_(fire_emblem),573
venera-sama,573
donald_duck,573
hatsune_mikuo,573
cecil_harvey,573
reno_(ff7),573
nilou_(breeze_of_sabaa)_(genshin_impact),572
walpurgisnacht_(madoka_magica),572
neeko_(league),571
tsareena,571
shaula_(re:zero),571
minami_rena,571
kama_(assassin)_(second_ascension)_(fate),571
elysia_(summer_miss_elf)_(honkai_impact),571
klee_(blossoming_starlight)_(genshin_impact),571
watson_amelia_(street_casual),571
k/da_all_out_evelynn,571
fran_(ff12),570
tamamo_cat_(second_ascension)_(fate),570
roccia_(wuthering_waves),570
lara_croft,570
shin'you_(kancolle),570
matara_kan,569
asia_argento,569
cure_passion,569
amagi_rinne,569
palla_(fire_emblem),569
nausicaa,569
kagurazaka_asuna,568
craft_lawrence,568
kashima_(lawson)_(kancolle),568
mukaido_manaka,568
windsong_(reverse:1999),568
yuugiri_(zombie_land_saga),568
gentilhomme_usher,568
aang,568
amiya_(guard)_(arknights),567
anchorage_(azur_lane),567
captain_spaceboy,567
starly,567
fujibayashi_ryou,567
koshimizu_toru,567
hanazono_tae,567
miramikaru_riran,567
cure_berry,567
usugumo_(kancolle),567
hishi_akebono_(umamusume),567
vaggie,566
snuffy_(vtuber),566
ermes_costello,566
karenina_(pgr),566
mortenax_blade_(honkai:_star_rail),566
douma_(kimetsu_no_yaiba),566
tamaki_ui,566
duskull,566
mutsuki_(azur_lane),566
elaine_auclair,566
trapinch,566
prince_of_samantoria,566
azumaya_haruka,566
ikusaba_daisuke,566
yan_vismok,566
kishimoto_ayase,565
kageyama_ritsu,565
arcee,565
bernadetta_von_varley_(timeskip),565
aomine_daiki,565
child_gilgamesh_(fate),565
trinnon_(honkai:_star_rail),565
super_sailor_moon,565
marianne_von_edmund_(timeskip),565
muffet,564
ryoma_(fire_emblem),564
moroboshi_ataru,564
alisa_reinford,564
huang_lingyin,564
veronica_(fire_emblem),564
moonlight_flower,564
marche_lorraine's_puppet,564
grea_(shingeki_no_bahamut),564
makoto_(genshin_impact),563
deoxys,563
guile,563
sakurako_(idol)_(blue_archive),563
mutsuki_(new_year)_(blue_archive),563
oryou_(girls_und_panzer),563
miriam_(pokemon),563
himari_(armed)_(blue_archive),563
aak_(arknights),563
luuk_herssen_(wuthering_waves),563
ooji_mochizou,562
thelema_nutriscu,562
takano_miyo,562
wang_(arknights),562
tamamura_gunzo,562
nier_(granblue_fantasy),562
tifa_lockhart_(refined_dress),561
meiou_setsuna,561
evangeline_a.k._mcdowell,561
abigail_williams_(swimsuit_foreigner)_(first_ascension)_(fate),561
alcremie_(vanilla_cream),561
cinnabar_(houseki_no_kuni),560
huyan_zhuo_(fate),560
koseki_bijou_(casual),560
plasma-chan_(kancolle),560
mimi_(princess_connect!),560
valkyrie_(apex_legends),560
gooey_(kirby),560
cure_muse_(yellow),560
zeraora,560
ansel_(arknights),559
shuten_douji_(halloween_caster)_(fate),559
ezreal_(league),559
sano_manjirou,559
mikura_(kancolle),559
louie_(pikmin),559
quilava,559
ookurikara,559
shirogane_noel_(summer_2020),559
lotte_jansson,558
yangyang_(xuanling)_(wuthering_waves),558
tatsugiri_(curly),558
nyon_(randal's_friends),558
beeswax_(arknights),558
sceptile,558
poliwag,558
roserade,558
tatsunami_shion,558
teddiursa,558
void_shiki,558
yotsuyu_goe_brutus,557
amamiya_hibiya,557
sakurada_shiro_(hy_plus),557
giovanni_(pokemon),557
tio_plato,557
kenny_mccormick,557
scary_monsters_(stand),557
giratina_(altered),557
himiko_(fate),557
meowfficer_(azur_lane),557
dusk_(everything_is_a_miracle)_(arknights),557
kurumi_(touhou),557
hinatsuki_mikan,556
jingburger,556
sakurai_touko,556
tachibana_miya,556
forever_young_(umamusume),556
marie_antoinette_alter_(fate),556
eri_(boku_no_hero_academia),556
cubone,556
catwoman,555
himekawa_yoshino,555
cure_rosetta,555
makoto_(princess_connect!),555
hummy_(precure),555
udagawa_ako,555
warspite_(azur_lane),555
fujimaru_ritsuka_(female)_(brilliant_summer),555
nishizono_mio,555
mineta_minoru,554
oberon_(first_ascension)_(fate),554
agott_arklaum_(tongari_boushi_no_atelier),554
momijiyama_teru,554
takanashi_kiara_(fever_night),553
amemiya_darumi,553
cure_beat,553
princess_of_the_crystal,553
iwasaki_minami,553
witch_(puyopuyo),553
jellyfish_(splatoon),553
springfield_(cafe)_(girls'_frontline),553
enjoji_jin,553
reina_prowler,553
angel_dust,553
annie_(league),553
unicorn_gundam,552
protagonist_2_(housamo),552
land_(sousou_no_frieren),552
hayashio_(kancolle),552
spider-man_(2099),552
natsu_dragneel,551
liino_(arknights),551
gypsy_(ragnarok_online),551
mint_blancmanche,551
smol_mari_(blue_archive)_(horuhara),551
archie_(pokemon),551
mist_(fire_emblem),551
stan_marsh,551
mikage_reo,551
asami_sato,551
matsuoka_miu,551
suou_pavlichenko,550
yukihana_lamy_(roomwear),550
ulquiorra_cifer,550
virgilia_(umineko),550
kagura_(azumanga_daioh),550
mika_(track)_(blue_archive),550
shirakiin_ririchiyo,550
reona_west,550
nishikata,550
fujiwara_hajime,550
lize_helesta_(school_uniform),549
ephraim_(fire_emblem),549
robert_e._o._speedwagon,549
yui_(sao),549
mademoiselle_crabaletta,549
malon,548
kohaku_(dr._stone),548
sazaki_kaoruko,548
melone,548
takaishi_takeru,548
hasshaku-sama,548
ushio_kai_ni_(kancolle),548
mina_(blue_archive),548
ellen_(touhou),548
miles_morales,548
sakimiya_iruka,548
nier_(brother),548
hirato_(kancolle),547
black-haired_demon_girl_(shimmer),547
fairy_miku_(project_voltage),547
lockon_stratos,547
isshiki_akane,547
raphtalia_(young),547
hatenna,546
tamatsukuri_misumaru,546
dancer_(final_fantasy),546
sarashina_ruka,546
seele_vollerei_(starchasm_nyx),546
chinchou,546
neutral_chao,546
tokiha_mai,546
marius_von_hagen_(tears_of_themis),546
catherine_(project_moon),545
sinon_(sao-alo),545
caulifla,545
shu_(spring_feast)_(arknights),545
fiora_(xenoblade),545
maruzensky_(formula_r)_(umamusume),545
american_beaver_(kemono_friends),545
yuuki_rito,545
silvers_rayleigh,545
suisui_(wuthering_waves),545
suzuran_(yukibare)_(arknights),545
caleb_(love_and_deepspace),544
fire_keeper,544
wednesday_addams,544
shiina_mahiru_(otonari_no_tenshi-sama),544
mori_calliope_(sleepwear),544
k/da_akali,544
sweep_tosho_(platanus_witch)_(umamusume),544
classic_sonic,543
kiryu_coco_(loungewear),543
ima-no-tsurugi,543
toxtricity,543
white_len_(tsukihime),543
arjuna_alter_(fate),543
daybit_sem_void,543
sapphira_nyx,543
nakatsu_shizuru,543
audino,543
evil_twin_ki-sikil,543
shidou_hikaru,543
brief_(psg),543
lloyd_irving,543
haruka_(arknights),542
lambda-11,542
finn_the_human,542
mount_lady,542
rotom_dex,542
tosaki_mimi,542
viola_(bang_dream!),542
manaphy,541
rapunzel_(disney),541
grim_aloe,541
aircraft_carrier_oni,541
ace_trappola,541
hasumi_souji_(eroe),541
hazama,541
exs-tia_magica,541
okumura_rin,541
dokibird_(retro_doki),541
narita_top_road_(the_proud_road)_(umamusume),541
nero_claudius_(swimsuit_caster)_(third_ascension)_(fate),541
gquuuuuux,541
ichijou_hotaru,541
gecqua,540
chrome_dokuro,540
ryunosuke_naruhodo,540
airi_(queen's_blade),540
beanstalk_(arknights),540
wolf_o'donnell,540
agent_(girls'_frontline),540
southern_italy_(hetalia),540
idw_(girls'_frontline),540
haruhara_haruko,540
sawatari_makoto,540
qifrey_(tongari_boushi_no_atelier),539
kiyohime_(second_ascension)_(fate),539
yuubari_kai_ni_(kancolle),539
kirisaki_chitoge,539
bailu_(honkai:_star_rail),539
elize_lutus,539
blue_mary,539
tifa_lockhart_(shining_spirit),538
frankie_foster,538
raikou,538
arcane_(arknights),538
shino_hajime,538
black_jack_(character),538
rice_shower_(casual)_(umamusume),538
annytf,538
scarlet_witch,537
yarai_miu,537
takino_tomo,537
baobhan_sith_(swimsuit_pretender)_(third_ascension)_(fate),537
hungry_nun_(diva),537
blaidd_the_half-wolf,537
tiphereth_a_(project_moon),537
kuze_shizuka,537
van_gogh_(first_ascension)_(fate),537
qin_liangyu_(fate),537
dorothy_west,537
sonia_strumm_(mega_man),536
narita_brian_(maverick)_(umamusume),536
ryu_lion,536
prince_of_wales_(azur_lane),536
shinguuji_sakura,536
blonde_student_council_president_(blue_archive),536
lilith_(hazbin_hotel),536
inaba_mob_(touhou),535
saegusa_akina,535
elizabeth_liones,535
abyssal_admiral_(kancolle),535
chloe_(fire_emblem),535
komori_kiri,535
hoozuki_(hoozuki_no_reitetsu),535
ebisuzawa_kurumi,535
astaroth_(shinrabanshou),534
kurumi_(lycoris_recoil),534
wigglytuff,534
mine_fujiko,534
sono_midoriko,534
akikawa_yayoi_(umamusume),534
elie_macdowell,534
hero's_daughter_(dq5),533
rattata,533
rena_lanford,533
sumire_(blue_archive),533
cure_nyammy,533
ratna_petit,533
katsushika_hokusai_(swimsuit_saber)_(fate),533
ichihime,533
chansey,533
ruru_amour,533
dunkerque_(azur_lane),532
tougou_mimori,532
wylder_(elden_ring),532
mitsuki_felicia,532
shuu_(inazuma_eleven),532
kawashima_mizuki,532
sharpedo,532
kfp_employee_(takanashi_kiara),531
heidimarie_w._schnaufer,531
whisper_(youkai_watch),531
joshua_bright,531
jasmine_(disney),531
dog_(mixed_breed)_(kemono_friends),531
galarian_ponyta,530
gigi_andalusia,530
irelia_(league),530
meruccubus_(merunyaa),530
kama_(assassin)_(third_ascension)_(fate),530
togame_momoko,530
koga_koharu,530
fushimi_gaku,530
speaki_(trickcal),530
tsurugi_kyousuke,530
ump40_(girls'_frontline),530
takane_manaka,530
ukuru_(kancolle),530
fine_(futagohime),530
purple_heart_(lost_purple)_(neptunia),529
lethe_(fire_emblem),529
yana_(chihuri),529
azula,529
m16a1_(boss)_(girls'_frontline),529
wishiwashi_(solo),529
kiana_kaslana_(ba-dum!_fiery_wishing_star),528
briar_(league),528
iris_(konosuba),528
yorktown_(azur_lane),528
merchant_(ragnarok_online),528
merlin_(caster)_(fate/prototype),528
ganyu_(twilight_blossom)_(genshin_impact),528
kuja,528
takemaru_(housamo),527
luna_(pgr),527
cure_idol,527
aegir_(housamo),527
swampert,527
suou_tatsuya,526
articuno,526
princess_leia,526
messmer_the_impaler,526
yamanouchi_kano,526
clefable,525
vanillite,525
lv_dongbin_(all_wishes_come_true!),525
hanazono_hakari,525
sakura_haruka_(wind_breaker),525
asumi_sena,525
nyen_(randal's_friends),525
hiodoshi_ao_(1st_costume),525
saria_(zelda),525
kiawe_(pokemon),525
k2_(girls'_frontline),525
dire_wolf_(kemono_friends),525
sett_(league),525
baizhu_(genshin_impact),524
oldest_dream,524
gorgon_(fate),524
paldean_wooper,524
kongou_(aoki_hagane_no_arpeggio),524
europa_(granblue_fantasy),524
eliwood_(fire_emblem),524
mirai_(senran_kagura),524
ex-rumia,524
seras_victoria,523
pallas_(arknights),523
mabel_pines,523
nick_wilde,523
sampo_koski,523
iida_tenya,523
selen_tatsuki_(1st_costume),523
marie_antoinette_(rider)_(fate),523
suou_(blue_archive),523
batgirl,522
omegamon,522
kishido_temma,522
waltrud_krupinski,522
ceres_fauna_(goth),522
artoria_caster_(first_ascension)_(fate),522
hisuian_zoroark,522
chloe_(pokemon),522
seiyouryuu-san,522
scarle_yonaguni,522
luther_von_ivory,522
senri_tsurubami,522
morpeko_(hangry),522
black-tailed_prairie_dog_(kemono_friends),521
surtr_(liberte_echec)_(arknights),521
nino_(fire_emblem),521
nakiri_ayame_(streetwear),521
helena_(kancolle),521
josuiji_shinri,521
crona_(soul_eater),521
hanamichi_ran,521
necro_(guilty_gear),521
tadano_hitohito,520
gannan_yak_(kemono_friends),520
shiota_nagisa,520
eruruu,520
ana_(overwatch),520
barghest_(second_ascension)_(fate),520
himeragi_yukina,520
goshiki_agiri,520
lacrimosa_(nte),520
sunday_silence_(racehorse),519
oikawa_tooru_(haikyuu!!),519
sherlock_holmes_(fate),519
meika_hime,519
tategami_aoi,519
sitonai_(fate),519
bb_(swimsuit_mooncancer)_(first_ascension)_(fate),519
sheep_nun_(diva),519
i-47_(kancolle),519
munna,519
tatebayashi_sakurako,519
nishijou_nanami,518
lapis_lazuli_(houseki_no_kuni),518
liberalio_(nikke),518
artoria_pendragon_(royal_icing)_(fate),518
toon_zelda,518
huai_yunqing,518
blue_rose_(tiger_&_bunny),518
akumi_(yoclesh),518
brighid_(xenoblade),518
nosh_(fate),518
minamoto_shizuka,517
gol_d._roger,517
cure_answer,517
ghetsis_(pokemon),517
mineva_lao_zabi,517
tsubaki_(guide)_(blue_archive),517
spider-man_(miles_morales),517
tsurumaru_tsuyoshi_(umamusume),517
five-seven_(girls'_frontline),517
blacksmith_(ragnarok_online),517
seta_kaoru,517
katsushika_hokusai_(first_ascension)_(fate),517
asta_(honkai:_star_rail),517
nena_trinity,517
female_rover_(perpetual_spark)_(wuthering_waves),516
chou-10cm-hou-chan_(akizuki's),516
glasses_nun_(diva),516
soundwave_(transformers),516
sasaki_ran,516
corviknight,516
kinako_(40hara),516
joker_(dc),516
mightyena,516
roxanne_(pokemon),515
yamagami_karuta,515
rfb_(girls'_frontline),515
uzumaki_himawari,515
howa_kurea,515
kid_(chrono_cross),515
ghiaccio,515
tokisaki_asaba_(niliu_chahui),515
kiryuu_moeka,514
ekko_(league),514
kenjou_akira,514
kazuma_asogi,514
lady_nagant,514
allen_avadonia,514
cleffa,514
snow_white_(disney),514
encore_(wuthering_waves),513
kitkallos_(yu-gi-oh!),513
kusanagi_kyou,513
citrinne_(fire_emblem),513
ning_hai_(azur_lane),513
nakagawa_nana,513
zoya_petrovna_vecheslova,513
yamato_kai_ni_(kancolle),513
antonio_lopez,513
adrien_agreste,513
rixia_mao,513
akai_haato_(gothic_lolita),513
tsukuyomi_ai,512
tenshouin_eichi,512
raiden_(metal_gear),512
baobhan_sith_(second_ascension)_(fate),512
anjo_nala,512
schezo_wegey,512
captain_falcon,512
minior,512
chevalier_d'eon_(fate),512
erina_makina,512
tiffania_westwood,512
mad_hatter_(alice_in_wonderland),512
aircraft_carrier_princess,512
aragami_oga,512
syndra_(league),512
volcarona,512
takasugi_shinsaku_(fate),511
endou_saya,511
niko_(oneshot),511
kise_ryouta,511
voyager_(fate),511
sakurai_rihoko,511
li_sushang,511
timerra_(fire_emblem),511
cael_anselm,511
heroine_(lovebrush_chronicles),511
komari_chika,511
sasaki_kojirou_(fate),511
taiwan_(hetalia),511
nathan_seymour,511
mano_aloe,511
tristana_(league),510
matou_shinji,510
duchess_(elden_ring),510
mizuhara_koyomi,510
catria_(fire_emblem),510
hawawa-chan_(sirokuma_shake),510
meika_mikoto,510
honolulu_(kancolle),510
svd_(girls'_frontline),510
ade_(agent_bunny)_(nikke),510
lifeline_(apex_legends),510
wanda_maximoff,510
einhard_stratos,510
inda_karane,510
shiki_(senran_kagura),510
jane_doe_(nocturne_of_light)_(zenless_zone_zero),509
drifblim,509
curse_maker,509
miteiru_(shirakami_fubuki),509
anubis_(mythology),509
mugino_shizuri,509
bounsweet,509
provence_(arknights),509
nisshin_(kancolle),509
cure_magical,509
de_ruyter_(kancolle),508
hidaka_hokuto,508
agnes_tachyon_(casual)_(umamusume),508
wild_geese,508
vila_(reverse:1999),508
ookami_mio_(hololive_summer_2019),508
tsukinaga_leo,508
cure_honey,508
ryuuzaki_umi,508
jamie_siu,508
nymph_(arknights),508
misaki_(swimsuit)_(blue_archive),507
brid_(nikke),507
rock_lee,507
groza_(girls'_frontline_2),507
hirose_yasuho,507
emperor_(arknights),507
ishida_yamato,507
undine_(guilty_gear),507
meira_(touhou),507
cham_cham,507
wamuu,507
sushang_(honkai:_star_rail),507
pleinair,507
cygnet_(azur_lane),507
diantha_(pokemon),506
koffing,506
young_zelda,506
anemone_(eureka_seven),506
yukikaze_panettone,506
sazanami_jun,506
seele_vollerei_(swallowtail_phantasm),506
sideroca_(arknights),505
lyn_(blade_&_soul),505
wartortle,505
cliffheart_(arknights),505
wild_tiger,505
s.a.t.8_(girls'_frontline),505
arisa_bunnings,505
kiyama_hiroto,505
alvin_(tales),505
charlotte_corday_(fate),505
tsukada_satoru,505
ace_trainer_(pokemon),505
koto_satsuki,505
jessica_(reverse:1999),505
hokko_tarumae_(star_light_ship)_(umamusume),505
satou_sasara,504
katalina_(granblue_fantasy),504
gangut_dva_(kancolle),504
togata_mirio,504
rapunzel_(nikke),504
drayton_(pokemon),504
ogasahara_hisame,504
bardock,504
dipper_pines,503
sigurd_(fate),503
hashida_itaru,503
sena_izumi_(ensemble_stars!),503
frenda_seivelun,503
shy_(character),503
amanogawa_shiina,503
jason_voorhees,503
wang_liu_mei,502
korrina_(pokemon),502
ushiromiya_eva,502
crown_(nikke),502
impa,502
snowball_(overwatch),502
femme_soule,502
cappie_(miside),502
ryomou_shimei_(ikkitousen),502
ineffa_(genshin_impact),502
matsuda_arisa,502
yonomori_kobeni,502
maruzensky_(hot_summer_night)_(umamusume),502
katsura_kotonoha,502
cell_(dragon_ball),501
chris_(konosuba),501
chang_chin-lan,501
shizuru_(princess_connect!),501
jack_atlas,501
patamon,501
alca_(wakatanka4),500
pyramid_head,500
wendy_marvell,500
locke_cole,500
cheelai,500
kumatora,500
feena_(grandia),500
wise_(soaring_crane)_(zenless_zone_zero),500
kaniki_(sameko_saba),500
mei_mei_(jujutsu_kaisen),499
souya_(kancolle),499
alkaid_mcgrath,499
ryouko_(tenchi_muyou!),499
kagura_mea,499
morgan_le_fay_(water_princess)_(fate),499
tomoe_umari,499
sasha_(haguhagu),498
allelujah_haptism,498
shizuhara_hiruko,498
ardbert_hylfyst,498
zero_(code_geass),498
chuatury_panlunch,498
tia_(nikke),498
sonny_brisko,498
b.b._hood,498
aipom,498
wolf_(league),498
fukae_(kancolle),498
ansha_(pokemon),498
sorey_(tales),497
dracaene_sunbringer,497
seina_(kyata_ti666),497
takenouchi_sora,497
nyto_(girls'_frontline),497
shinn_asuka,497
bronya_zaychik_(herrscher_of_reason),497
dainsleif_(genshin_impact),497
grave_(nikke),497
yu_mei-ren_(second_ascension)_(fate),497
vergilius_(project_moon),497
skyfire_(arknights),497
kitsu_chiri,496
taisa_(cookie),496
eyjafjalla_the_hvit_aska_(arknights),496
takao_(beach_rhapsody)_(azur_lane),496
candice_(pokemon),496
tanigawa_ruri,496
sonsaku_hakufu_(ikkitousen),496
new_jersey_(exhilarating_steps!)_(azur_lane),496
takamine_midori,495
tonbokiri_(touken_ranbu),495
rebecca_miyamoto,495
nightingale_(arknights),495
senkawa_minato,495
matsumae_ohana,495
darth_vader,495
remielle_dan_(seashade_pas_seul),495
aizawa_kazuha,495
light_dragon_(zelda),495
grimmjow_jaegerjaquez,494
stranger_(omori),494
saikawa_riko,494
miyaura_sanshio,494
spain_(hetalia),494
hachiouji_naoto,494
iroha_(swimsuit)_(blue_archive),494
solomon_(fate),494
sei_shounagon_(first_ascension)_(fate),494
takao_(aoki_hagane_no_arpeggio),494
sekiro,494
victreebel,494
tirpitz_(azur_lane),493
vlad_iii_(fate/apocrypha),493
mydei_(fig_stew)_(honkai:_star_rail),493
sakuma_rei_(ensemble_stars!),493
white_lion_(kemono_friends),493
meerkat_(kemono_friends),493
vileplume,493
crazy_mita_(miside),493
hamaguchi_ayame,493
delia_ketchum,493
alfonse_(fire_emblem),493
kisaki_(kindergarten_uniform)_(blue_archive),493
sophia_(reverse:1999),492
frankenstein's_monster_(fate/apocrypha),492
rimuru_tempest_(slime),492
milim_nava,492
halsin,492
prinz_heinrich_(azur_lane),492
yukoku_roberu,492
formidable_(the_lady_of_the_beach)_(azur_lane),492
angelia_(girls'_frontline),492
colphne_(girls'_frontline_2),492
korwa,492
mettaton_ex,492
tanikaze_amane,491
browt,491
matsudaira_touko,491
asakusa_midori,491
guan_chao_(false_memory),491
myoukou_kai_ni_(kancolle),490
phainon_(vigethos)_(honkai:_star_rail),490
narmaya_(summer)_(granblue_fantasy),490
totoro,490
sig_(puyopuyo),490
angela_(seiken_densetsu_3),490
bili_girl_33,490
peter_griffin,490
hiramitsu_hinata,490
argenti_(honkai:_star_rail),490
kaburamaru,490
selphie_tilmitt,490
lass_(pokemon),490
melusine_(swimsuit_ruler)_(first_ascension)_(fate),490
mimino_kurumi,490
akane_(school_uniform)_(blue_archive),490
ventus_(kingdom_hearts),490
itzpapa_(genshin_impact),489
lan_hikari_(mega_man),489
crimson_viper,489
vivlos_(voyage_etincelant)_(umamusume),489
perfumer_(arknights),489
manticore_(arknights),489
ling_xiaoyu,489
kaiboukan_no._4_(kancolle),489
kinomoto_sakura_(astral_sakura),489
demi-fiend,489
chevreuse_(genshin_impact),489
ultraman,489
nika_nanaura,489
luce_(jubilee_2025),489
loba_(apex_legends),489
medusa_(shingeki_no_bahamut),489
cerebella_(skullgirls),489
ishtar_(first_ascension)_(fate),489
doujima_ryoutarou,489
hiro_(hidamari_sketch),489
african_penguin_(kemono_friends),489
minakami_sayo,488
ryuushen,488
leviathan_(nikke),488
robo_frostor,488
ana_coppola,488
tetra,488
shiro_(no_game_no_life),488
chapayev_(azur_lane),488
mutsu-no-kami_yoshiyuki,488
nakano_yuka,488
harry_potter,487
whitney_(degrees_of_lewdity),487
satsuki_rin,487
saotome_genma_(panda),487
red_mage_(final_fantasy),487
nakajima_(girls_und_panzer),487
senomiya_akiho,487
fukuda_noriko,487
beta_(inazuma_eleven),487
dendra_(pokemon),487
elsword_(character),487
hoopa,487
methode_(sousou_no_frieren),486
alphys,486
ikuta_haruki,486
kaguya_(blue_archive),486
tearlaments_kitkallos,486
nyotengu,486
himura_kenshin,486
mahira_(granblue_fantasy),486
minami_kana,486
giovanna_(guilty_gear),486
jabami_yumeko,486
yokoyama_chika,485
haaton_(akai_haato),485
yuudachi_kai_ni_(swimsuit)_(kancolle),485
alice_liddell_(american_mcgee's_alice),485
bondrewd,485
shiina_noriko,485
fu_hua_(fenghuang_of_vicissitude),485
kazakami_saaya,485
candy_(precure),485
goku_black,485
green_heart_(neptunia),485
satou_yaniko,484
rozalin,484
enomoto_takane,484
mirai_akari,484
sophitia_alexandra,484
servant_(danganronpa),484
kouzuki_mahiru,484
ray_(aotu_world),484
mina_(pokemon),484
protagonist_4_(housamo),484
elf_(dragon's_crown),484
wally_(pokemon),484
nikaidou_(dorohedoro),484
medicine_pocket,484
jewelry_bonney,483
grem_(gigi_murin),483
kinoshita_hinata,483
pomu_rainpuff_(1st_costume),483
miltank,483
maiden_(nikke),483
kawakami_gensai_(fate),483
raiden_mei_(herrscher_of_origin),483
aino_(genshin_impact),483
iws_2000_(girls'_frontline),483
nobi_nobita,482
ayn_alwyn,482
sakutarou_(umineko),482
ikari_gendou,482
jenny_wakeman,482
amitie_(puyopuyo),482
diabellze_the_original_sinkeeper,482
harmony_(splatoon),482
kouyama_rin,482
lalah_sune,482
saemonza_(girls_und_panzer),482
hosomi_shizuko,482
yuri_(dirty_pair),482
sakurazaki_setsuna,482
tokoyami_towa_(cyberpunk),482
kaga_nazuna,482
hector_(fire_emblem),482
mylene_jenius,482
iz_(asteroid_ill),482
ch'en_(ageless_afterglow)_(arknights),482
kouzuki_momonosuke,482
tenochtitlan_(second_ascension)_(fate),482
lucy's_crew_(zenless_zone_zero),482
michael_kaiser,481
warrior_of_light_(ff1),481
mary_(nikke),481
nekomata_okayu_(membership),481
sadamori_himeka,481
hikawa_iona,481
maruyama_saki,481
irisviel_von_einzbern_(angel's_song),481
druvis_iii,481
albert_wesker,481
muten_roushi,480
a.b.a,480
pinecone_(arknights),480
kirino_(swimsuit)_(blue_archive),480
himemori_luna_(sundress),480
steelix,480
hanabatake_chaika,480
wallace_(pokemon),480
vera_(pgr),480
mejiro_mcqueen_(fair_lady_of_the_waves)_(umamusume),480
eisen_(sousou_no_frieren),479
kukulkan_(fate),479
estella_(arknights),479
konan_(naruto),479
polteageist,479
kumano_kai_ni_(kancolle),479
watarai_hibari,479
fubuki_shirou,479
petra_gurin_(1st_costume),479
myrrh_(fire_emblem),479
princess_(princess_principal),479
viral_(ttgl),479
kohibari_kurumi,479
lampent,479
kaneko_lumi,478
luciana_de_montefio_(princess_on_holiday),478
ogin_(girls_und_panzer),478
tamamo_no_mae_(spring_casual)_(fate),478
naoi_ayato,478
kama_(swimsuit_avenger)_(third_ascension)_(fate),478
oberon_(second_ascension)_(fate),478
hungary_(hetalia),478
bachira_meguru,477
aozaki_touko,477
marie_rose_(devilish_servant_against_the_splashing_waves),477
kishibe_(chainsaw_man),477
gladiolus_amicitia,477
minato_aqua_(school_uniform),477
cleopatra_(fate),477
natalia_luzu_kimlasca_lanvaldear,477
lorelei_(pokemon),477
oozora_subaru_(casual),477
el_condor_pasa_(el_numero_1)_(umamusume),477
kawasumi_mai,477
taihou_(fun_on_the_baize)_(azur_lane),477
iwasawa_masami,476
sekai_(cevio),476
heiter,476
funny_valentine,476
bili_girl_22,476
komichi_aya,476
asagiri_gen,476
comfey,476
shiiko_sugai,476
gokotai's_tigers,476
belfast_(shopping_with_the_head_maid)_(azur_lane),476
gujyo_kanade,476
bidoof,476
mechty_(girls'_frontline_2),476
nearl_the_radiant_knight_(arknights),475
oricorio,475
player_character_(mabinogi),475
raboot,475
soma_peries,475
yowai_totoko,475
girl_holding_a_cat_(kancolle),475
caine_(the_amazing_digital_circus),475
amane_kanata_(nurse),475
umika_(blue_archive),475
kyle_broflovski,474
gene_(pso2),474
rillaboom,474
shigure_kai_san_(swimsuit)_(kancolle),474
ye_shunguang_(touch_of_dawnlight),474
summoner_(ragnarok_online),474
dark_knight_(final_fantasy),474
katt_(breath_of_fire),474
casca_(berserk),473
wolf_link,473
ayin_(project_moon),473
fusaichi_pandora_(umamusume),473
kuze_masachika,473
azuma_(azur_lane),473
minakami_yuki,473
shen_qingqiu,473
aisaki_emiru,473
shiratama_mikan,472
chitose_sana,472
etou_kanami,472
bready_(nikke),472
aty_(summon_night),472
constantine_xi_(fate),472
kitchen_dragonmaid,472
sae_(hidamari_sketch),472
nakahara_chuuya_(bungou_stray_dogs),471
shadow_milk_cookie,471
charlotte_aulin,471
x_(reverse:1999),471
recoleta_(reverse:1999),471
u-olga_marie,471
shinomiya_karen,471
roux_louka,471
tokido_saya,471
reticulated_giraffe_(kemono_friends),471
edward_teach_(fate),471
vermeil_(arknights),471
zoe_(league),471
uzui_tengen,471
leoparde_(mahou_shoujo_ni_akogarete),471
citlalin_(genshin_impact),470
aiz_wallenstein,470
kinoshita_hideyoshi,470
falulu,470
thanatos_(persona),470
guinaifen_(honkai:_star_rail),470
yashiro_kizuku,470
fate_testarossa_(true_sonic_form),470
kaburagi_kaede,470
saigyou_ayakashi,470
copano_rickey_(eightfold_fortune)_(umamusume),470
lucia:_plume_(pgr),470
villetta_nu,470
mechanic_(ragnarok_online),470
ooshio_kai_ni_(kancolle),470
kisaragi_ren_(vspo!),470
flynn_scifo,470
kyon's_sister,469
hippopotamus_(kemono_friends),469
lunch_(dragon_ball),469
yune_(fire_emblem),469
arin_(pangya),469
haxorus,469
nimi_nightmare_(1st_costume),469
watarase_jun,469
kirarazaka_marina,469
super_sonic,469
manjoume_jun,469
red_blood_cell_(hataraku_saibou),469
tom_(eddsworld),468
rom_(neptunia),468
kuzuha_(1st_costume)_(nijisanji),468
alexander_(fate),468
mon3tr_(summon)_(arknights),468
ouro_kronii_(4th_costume),468
kei_(dirty_pair),468
yashajin_ai,468
saratoga_(azur_lane),468
crystal_exarch,468
bronya_zaychik_(herrscher_of_truth),468
jessica_the_liberated_(arknights),468
hibiscus_(arknights),468
sophia_valentine,468
jiyan_(wuthering_waves),468
maihama_ayumu,468
michelle_(bang_dream!),468
musharna,468
niwamaru_(niwarhythm),468
vyn_richter_(tears_of_themis),468
nyatasha_nyanners,468
leonardo_da_vinci_(rider)_(first_ascension)_(fate),467
saint-louis_(azur_lane),467
jahy,467
sinder_(vtuber),467
tamada_tamaki,467
m4a1_(mod3)_(girls'_frontline),467
cheese-kun,467
rachel_gardner,467
kukuri_(mawaru),467
shellder,467
takigawa_miu,467
parasoul_(skullgirls),467
rex_lapis_(genshin_impact),467
kazuradrop_(fate),466
eyjafjalla_(summer_flower)_(arknights),466
flametail_(arknights),466
qiuyuan_(wuthering_waves),466
manon_legrand,466
cornelia_li_britannia,466
natsuiro_matsuri_(matsuri's_day_off),466
sagiri_(swimsuit)_(kancolle),466
nijino_yume,465
angelina_(summer_flower)_(arknights),465
louise_(touhou),465
subaru_(blue_archive),465
alakazam,465
artem_wing_(tears_of_themis),465
zero_two_(kirby),465
shiratori_aira_(ensemble_stars!),465
empoleon,465
akershus_fortress_(oshiro_project),465
flamebringer_(arknights),465
kobo_kanaeru_(1st_costume),465
nikaido_chizuru,464
yoshinon,464
bumblebee_(transformers),464
denia_(breakdown)_(wuthering_waves),464
marui_mitsuba,464
archer_(ragnarok_online),464
grim_(azur_lane),464
akashi_(live_a_hero),464
red_(among_us),464
inoue_marina,463
saionji_mary,463
clarence_clayden,463
paya_(zelda),463
lars_rorschach,463
moco_(fushigi_na_neko_no_machi_meltier),463
mirage_(apex_legends),463
agnes_digital_(full-color_fangirling)_(umamusume),463
arurandeisu,463
crono_(chrono_trigger),463
miyazaki_nodoka,463
kiryuuin_ragyou,463
scar_(wuthering_waves),462
watari_nina,462
lotad,462
hero_(dq4),462
minior_(core),462
elu_(nijisanji),462
seyren_windsor,462
swirlix,462
katou_umi,462
nessie_(respawn),462
houshou_marine_(gothic_lolita),462
mint_(nte),462
rina_atherina,461
kenjaku,461
salome_(one_piece),461
geoffroy's_cat_(kemono_friends),461
akebono_kai_ni_(kancolle),461
emma_(yakusoku_no_neverland),461
mikleo_(tales),461
tao_blu_(splatoon),461
sanhua_(wuthering_waves),461
gunner_(sekaiju),460
volkner_(pokemon),460
shaw_(arknights),460
pavolia_reine_(1st_costume),460
jashin-chan,460
zentreya_(cyborg),460
kotori_(takanashi_kiara),460
shennong_(housamo),460
light_hello_(umamusume),460
katarina_claes,460
thumpy_(arknights),459
cure_mystique,459
jacques_de_molay_(foreigner)_(fate),459
zapdos,459
hulkenberg_(metaphor:_refantazio),459
senya_(dq11),459
victorious_(azur_lane),459
flora_(dq5),459
leina_(queen's_blade),459
haku_(sen_to_chihiro_no_kamikakushi),459
nina_(breath_of_fire_v),459
shiranami_ramune,459
ichijou_seiya,459
sansei_muramasa,458
heinrike_prinzessin_zu_sayn-wittgenstein,458
ashe_(league),458
emilico_(shadows_house),458
poyoyo_(nakiri_ayame),458
tingyun_(harmony)_(honkai:_star_rail),458
naihe_(female)_(touqi_guaitan),458
musashi_kai_(kancolle),458
hassan_of_the_cursed_arm_(fate),458
akagi-chan_(azur_lane),458
hanabusa_lisa,458
sylvie_(dorei_to_no_seikatsu),458
nijou_noriko,458
shinko_windy_(umamusume),457
shenhe_(frostflower_dew)_(genshin_impact),457
entelechia_(arknights),457
taki_(soulcalibur),457
jiraiya_(naruto),457
yahagi_kai_ni_(kancolle),457
roll.exe_(mega_man),457
steve_(minecraft),457
inumaki_toge,457
munakata_atsumi,457
tuesday_(reverse:1999),457
peke_(to_love-ru),457
cassandra_alexandra,457
jean_grey,457
reno_(azur_lane),457
balalaika_(black_lagoon),457
sung_jin-woo,456
miyagi_ryouta,456
deux_murasame,456
yuuhi_riri,456
tsutsukakushi_tsukiko,456
kogami_akira,456
kaguya_madoka,456
lady_avalon_(second_ascension)_(fate),456
sumeragi_lee_noriega,456
poniko,456
doseisan,456
supply_depot_princess,456
sessyoin_kiara_(swimsuit_mooncancer)_(second_ascension),456
juniper_actias,455
ikaros,455
she-hulk,455
flint_(girls_und_panzer),455
secretive_plotter,455
quincy_(nu_carnival),455
akinashi_haru,455
akazutsumi_momoko,455
pina_(sao),455
kriemhild_(fate),455
dick_gumshoe,455
juri_(blue_archive),455
architect_(girls'_frontline),455
alcryst_(fire_emblem),455
saigyouji_yuyuko_(living),455
guillotine_cross_(ragnarok_online),455
rosanna_(nikke),454
technoblade,454
emboar,454
abarai_renji,454
constance_von_nuvelle,454
fate_testarossa_(movie_1st_form),454
sabotender,453
kamijou_kyousuke,453
kal'tsit_esperanta_(arknights),453
feh_(fire_emblem_heroes),453
nodoka_(blue_archive),453
riddle_rosehearts,453
ilsa_(granblue_fantasy),453
protagonist_(aogami_nahobino)_(smtv),453
zombie_fairy_(touhou),453
lace_(hollow_knight),453
mujina,453
wolfgang_amadeus_mozart_(fate),453
hitomi_(doa),453
kagami_hayato,453
ayane_(swimsuit)_(blue_archive),453
golisopod,452
gallagher_(honkai:_star_rail),452
rosetta_(granblue_fantasy),452
grim_reaper,452
fubuzilla_(shirakami_fubuki),452
hassel_(pokemon),452
oikawa_shizuku_(moo_moo_fresh),452
yaotome_urushi,452
hatsune_(princess_connect!),452
hoshizora_ikuyo,452
enderman,452
ortlinde_(fate),452
crazy_diamond,451
team_skull_grunt,451
black_widow,451
6_(reverse:1999),451
house_dragonmaid,451
flutterpage,451
suzunari_shizuku,451
margay_(kemono_friends),450
lilia_vanrouge,450
furutaka_kai_ni_(kancolle),450
seki_hiromi,450
laura_matsuda,450
director_chimera_(spy_x_family),450
karen_(pokemon),450
sakurako_(justina_uniform)_(blue_archive),450
m14_(girls'_frontline),450
airi_(the_infernal_temptress),450
alisa_southerncross,450
tanigawa_kanna,450
yoshida_masaki,450
shirahoshi,449
amane_konata,449
momosuzu_nene_(casual),449
krul_tepes,449
yakumo_mitama,449
aerith_gainsborough_(red_dress),449
firion,449
yagi_toshinori,449
akiyama_rinko,449
elis_(touhou),449
lucifer_(shingeki_no_bahamut),449
rapidash,449
lumine_(as_heaven_and_earth_are_made_anew)_(genshin_impact),448
morgana_(league),448
vita_(lone_planetfarer)_(honkai_impact),448
houshou_marine_(nun),448
ramza_beoulve,448
terriermon,448
florina_(fire_emblem),448
tachibana_kimika,448
majikina_mina,448
okita_j._souji_(first_ascension)_(fate),448
noihara_himari,448
hanakuma_chifuyu,447
debidebi_debiru,447
isuzu_kai_ni_(kancolle),447
komekko,447
teepo_(tales),447
okita_souji_alter_(first_ascension)_(fate),447
snow_white_(fairy_tale_character),447
makiatto_(girls'_frontline_2),446
banyue_(zenless_zone_zero),446
uzumaki_kushina,446
nitocris_(swimsuit_assassin)_(second_ascension)_(fate),446
tsunashi_hajime,446
beedrill,446
hellagur_(arknights),446
todoroki_yachiyo,446
mega_lopunny,446
yu_mei-ren_(first_ascension)_(fate),446
kaminari_qpi,446
winter_soldier,445
lila_decyrus,445
hamuzou,445
purrloin,445
suu_(monster_musume),445
sayaka_(saru_getchu),445
cu_chulainn_(fate/prototype),445
south_dakota_(azur_lane),445
integra_hellsing,445
pandora_(mega_man),444
mashu-tan,444
severa_(fire_emblem),444
tsunashi_kaoru,444
phantump,444
amae_koromo,444
delibird,444
meloco_kyoran,444
date_masamune_(sengoku_basara),444
litchi_faye_ling,444
shinigami_(rain_code),444
rikka_(holostars),444
sword_maiden,443
elysia_(peachy_spring)_(honkai_impact),443
valentino_(hazbin_hotel),443
hisaishi_kanade,443
kiryuu_miya,443
piers_nivans,443
celty_sturluson,443
ibuki_douji_(swimsuit_berserker)_(fate),443
thrud_(fate),443
sakuranomiya_maika,443
hanami_kotoha,443
black_lady_(sailor_moon),443
inugami_korone_(roomwear),443
seiya_kou,443
kinuhata_saiai,443
miya_atsumu,442
yuri_(project_moon),442
irys_(casualrys)_(hololive),442
bort,442
kotonomiya_yuki,442
lucy_maria_misora,442
bamboo_memory_(umamusume),442
kim_kitsuragi,442
flonne_(fallen_angel),442
ferdinand_von_aegir,442
ishigami_nozomi_(1st_costume),442
female_corrin_(novice_vacationer)_(fire_emblem),442
maryland_(kancolle),442
houjou_satoshi,442
chiikawa_(character),441
lilithmon,441
k/da_ahri,441
sasha_waybright,441
zange,441
atsushi_toushirou,441
bianca_(pgr),441
charlemagne_(fate),441
fiona_frost,441
makaino_ririmu_(5th_costume),441
linhardt_von_hevring,441
heroine_(dq3),441
thistle_(dungeon_meshi),441
kamen_rider_kuuga,441
callisto_(greyeth),440
zain_(omaru_polka),440
glimmer_(xenoblade),440
yamawaki_bon_ivar,440
koishikawa_iko,440
leos_vincent,440
hot_pants_(sbr),440
diamant_(fire_emblem),440
minami_chiaki,440
ichinose_minori,440
atalanta_alter_(fate),440
sasasegawa_sasami,440
richter_belmont,440
scott_pilgrim,440
hiryuu_kai_ni_(kancolle),439
entei,439
rizu-kyun,439
viktor_(league),439
daiwa_scarlet_(mini_vacation)_(umamusume),439
dusknoir,439
gabumon,439
exs-tia_chevalier,439
namikaze_minato,439
uruha_rushia_(school_uniform),439
kunashiri_(kancolle),439
milly_ashford,439
horsea,439
fujimoto_rina,439
biyoo_(omniscient_reader's_viewpoint),438
sussurro_(summer_flower)_(arknights),438
luocha_(honkai:_star_rail),438
inuyama_tamaki,438
mithrun_(young),438
pixiv-tan,438
kefla_(dragon_ball),438
zuifeng_tenkai,438
mega_gallade,438
pawmot,437
camila_inpu,437
ignis_scientia,437
a.k.i._(street_fighter),437
fukube_satoshi,437
north_carolina_(azur_lane),437
yuni_(precure),437
ogami_sakura,437
tsukumo_kako,437
pandoria_(xenoblade),437
ohishi_izumi,437
yumekawa_yui,437
mejiro_dober_(off_the_line)_(umamusume),437
jean_(sea_breeze_dandelion)_(genshin_impact),437
jinu_(kpop_demon_hunters),436
alfred_(fire_emblem),436
shalltear_bloodfallen,436
estinien_varlineau,436
bremerton_(kung_fu_cruiser)_(azur_lane),436
vox_(hazbin_hotel),436
hoothoot,436
cattleya_(queen's_blade),436
liu_qingcheng,436
fate_testarossa_(impulse_form),436
kamen_rider_decade,436
if_(neptunia),436
weather_report,436
lunala,436
kotohime_(touhou),436
yokune_ruko,435
ram_(neptunia),435
aikawa_(dorohedoro),435
laevatein_(nanoha),435
kaito_(vocaloid3),435
general_student_council_president_(blue_archive),435
fae_(fire_emblem),435
fuji_miyako,435
hindenburg_(delirious_duel)_(azur_lane),435
dlanor_a._knox,435
taiyou_(kancolle),435
orihara_kozue,434
nephis_(shadow_slave),434
anne_boonchuy,434
shoto_(vtuber),434
artorias_the_abysswalker,434
miyabi_(senran_kagura),434
kappa_mob_(touhou),434
porygon-z,434
shirakami_fubuki_(parade_dress),434
wise_(peaceful_waves)_(zenless_zone_zero),434
kidou_yuuto,434
kujou_hikari,434
mew_ichigo,434
cottontail_(vtuber),434
mareanie,433
falkner_(pokemon),433
choi_jongsu,433
niles_(fire_emblem),433
saitou_ena,433
anya_melfissa_(1st_costume),433
rein_(futagohime),433
zebstrika,433
ben_tennyson,433
kurobe_natsumi,433
leona_(league),432
juvia_lockser,432
aggron,432
dedue_molinaro,432
sherlock_shellingford,432
asakura_rikako,432
kagami_taiga,432
sekishiro_mico,432
commandant_(pgr),432
skarmory,432
horkeu_kamui,432
murakami_(girls_und_panzer),432
bloodhound_(apex_legends),432
lycanroc_(midnight),432
ntw-20_(girls'_frontline),432
maruruk,431
noel_(tsukihime),431
ebi-chan_(gawr_gura),431
panette_(fire_emblem),431
sawaizumi_chiyu,431
hecatia_lapislazuli_(earth),431
infernape,431
kasumi_(princess_connect!),431
zhuge_yuan,431
lee_(pgr),431
miyanaga_teru,431
griseo_(cosmic_expression),431
penelo,430
hermit_purple,430
privaty_(unkind_maid)_(nikke),430
emma_millstein,430
nui_sociere_(1st_costume),430
beni-enma_(first_ascension),430
houzouin_oniwaka,430
mariya_mikhailovna_kujou,430
momoka_(blue_archive),430
hayanami_(kancolle),430
konata_(kankin_jk),430
cure_friendy,430
crow_tengu_extra_(touhou),430
maeda_toushirou,430
sola-ui_nuada-re_sophia-ri,430
yuzuki_roa,430
magical_mirai_miku_(2016),430
ladydevimon,430
katy_(pokemon),430
zessica_wong,430
youko_(girls_und_panzer),429
power_girl_(1976_costume),429
kamen_rider_1,429
hatsume_mei,429
mulberry_(arknights),429
i:p_masquerena,429
fischl_(ein_immernachtstraum)_(genshin_impact),429
takizawa_asuka,429
batsubyou,429
hakaze_kaoru,429
shin_(dorohedoro),429
misaki_mei,429
matsuda_chiyohiko,429
yellow_(among_us),428
narita_taishin_(nevertheless)_(umamusume),428
drusilla_(zenless_zone_zero),428
angeal_hewley,428
hoshikawa_sara_(4th_costume),428
kobushi_abiru,428
judau_ashta,428
aruruu,428
staraptor,428
kathryne_keyron,428
kataoka_yuuki,428
yagami_makino,428
yumeoi_kakeru,428
forest_bunny_(omori),428
skullman_(blue_archive),427
badeni,427
leorio_paladiknight,427
dark_magician,427
kasumi_kai_ni_(swimsuit)_(kancolle),427
angel_girl_(shimmer),427
llenn_(sao),427
kawakaze_(azur_lane),427
togedemaru,427
asagami_fujino,427
sen_(granblue_fantasy),427
ciri,427
luca_balsa,426
riju,426
coralie_6626_planck,426
tan_yang_(kancolle),426
cardigan_(arknights),426
ashe_ubert,426
natori_sana_(school_uniform),426
araya_(project_moon),426
amagase_touma,426
shirakami_fubuki_(fubukitek),426
millhiore_f._biscotti,426
akari_(raigou),426
marle_(chrono_trigger),426
ando_tazusa,426
tome_of_the_night_sky,426
mejiro_ardan_(crystalline)_(umamusume),426
elysium_(arknights),426
tap_dance_city_(umamusume),426
abigail_williams_(emerald_float)_(fate),426
katsushika_hokusai_(second_ascension)_(fate),426
sakuyamon,426
yuuki_chihiro,426
cure_milky,426
ooiwa_wataru,426
gaming_(genshin_impact),426
ceylon_(arknights),425
curly_brace,425
niijima_sae,425
natasha_romanoff,425
axew,425
monoko,425
kurata_mashiro,425
yuzuriha_(under_night_in-birth),425
kiyohime_(first_ascension)_(fate),425
maruyama_akane_(22/7),425
harry_du_bois,425
sailor_pluto,425
anakin_skywalker,425
kikyou_(inuyasha),424
zuo_le_(arknights),424
amber_(stella_sora),424
isaki_riona,424
nina_(breath_of_fire_ii),424
naveen_(pokemon),424
yukihira_souma,424
milo_(pokemon),424
mejiro_palmer_(line_breakthrough)_(umamusume),424
belial_(granblue_fantasy),424
kimberly_jackson,424
jungle_cat_(kemono_friends),424
shizuku_murasaki,424
kaidou_(one_piece),424
ichika_(1ssakawaguchi),424
tianzi,424
marco_(one_piece),423
deedlit,423
ash_(titanfall_2),423
hulk,423
female_robin_(seaside_tactician)_(fire_emblem),423
kochou_kanae,423
chamber_dragonmaid,423
angol_mois,423
antonio_salieri_(second_ascension)_(fate),423
cure_macaron,423
setsu_(gnosia),423
yu_mei-ren_(swimsuit_lancer)_(fate),423
yuuki_sakuna_(1st_costume),423
arche_klein,423
pollux_(fate),423
tsukimura_suzuka,423
gallica_(metaphor:_refantazio),423
fempyro_(paladinmaui),423
queen_dizzy,423
kaga_(battleship)_(azur_lane),423
toki_kureha,422
shiokko_(murasaki_shion),422
luigi_torelli_(kancolle),422
izumi_koshiro,422
north_flight_(umamusume),422
harukaze_doremi,422
verxina_(le_beau_sommet)_(umamusume),422
kokomine_cocona,422
cthugha_(nyaruko-san),422
tohsaka_rin_(fate/zero),421
nymph_(sora_no_otoshimono),421
hatsune_miku_(vocaloid6),421
vignette_tsukinose_april,421
shigure_(azur_lane),421
komazawa_noi,421
aston_machan_(flare)_(umamusume),421
maria_(hayate_no_gotoku!),421
banken_(inui_toko),420
laura_s._arseid,420
ambriel_(arknights),420
luonnotar_(genshin_impact),420
ayla_(chrono_trigger),420
xatu,420
rika_(touhou),420
motoori_shiro,420
araki_hina,420
kuzu_suzumi,420
miyamoto_musashi_(first_ascension)_(fate),420
ainz_ooal_gown,420
midnight_(boku_no_hero_academia),420
akita_toushirou,420
mu-12,420
shuppet,420
petilil,420
hirako_shinji,420
belle_(disney),419
flora_(fire_emblem),419
pikl_(elira_pendora),419
yukikaze_(azur_lane),419
drake_(nikke),419
alban_knox,419
yuki_miku_(2019),419
bravern,419
hinami_(pageratta),419
viridi,419
doronjo,419
asclepius_(fate),419
captain_nemo_(first_ascension)_(fate),419
gepard_landau,418
gemma_(monster_hunter_wilds),418
tosa_(azur_lane),418
mysterious_heroine_x_alter_(second_ascension)_(fate),418
suo_sango_(1st_costume),418
zangoose,418
oda_nobunaga_(swimsuit_berserker)_(first_ascension)_(fate),418
iona_(aoki_hagane_no_arpeggio),418
airani_iofifteen_(1st_costume),418
amagiri_(kancolle),418
majora_(zelda),418
akigumo_kai_ni_(kancolle),418
millions_knives,418
suzumi_(magical)_(blue_archive),417
rance,417
tamaki_kotatsu,417
hana_(fire_emblem),417
cure_wink,417
kurotsuchi_nemu,417
framme_(fire_emblem),417
mia_fey,417
emil_(nier),417
dragoon_(final_fantasy),417
poochyena,417
ciaccona_(wuthering_waves),417
tsumugi_(princess_connect!),417
southern_tamandua_(kemono_friends),417
hoopa_(confined),417
ha-class_destroyer,417
moze_(honkai:_star_rail),417
kamen_rider_double,416
reina_(tekken),416
bushidou_(sekaiju),416
mienshao,416
adol_christin,416
percival_(granblue_fantasy),416
magisa_(granblue_fantasy),416
prushka,416
chinatsu_(juukyuu),416
kazama_souta,416
nier_(brother)_(post_timeskip),415
funada_ui,415
koyuki_(pajamas)_(blue_archive),415
igawa_sakura,415
gawain_(third_ascension)_(fate),415
sela_(23),415
little_bel_(azur_lane),415
vittorio_veneto_(azur_lane),415
fengxi_(the_legend_of_luo_xiaohei),415
nidoking,415
aina_(mao_lian),415
machita_chima,415
namipon_(wuthering_waves),415
goldeen,415
etie_(fire_emblem),415
alphinaud_leveilleur,415
battleship_water_oni,415
sophie_hatter_(howl_no_ugoku_shiro),414
pearl_(steven_universe),414
pascal_(tales),414
voltorb,414
malenia_goddess_of_rot,414
jayce_(league),414
oruyanke_(shirakami_fubuki),414
sakurada_yuuta,414
aliza_(granblue_fantasy),414
ark_royal_(azur_lane),414
ninja_(final_fantasy),413
matsuoka_gou,413
mash_kyrielight_(ortenaus),413
harada_sanosuke_(fate),413
yu_mei-ren_(third_ascension)_(fate),413
ishikawa_goemon_xiii,413
hisuian_growlithe,413
edward_wong_hau_pepelu_tivrusky_iv,413
iwatooshi,413
ayase_yue,412
eternal_sugar_cookie,412
merry_nightmare,412
edytha_rossmann,412
dorothea_arnault_(timeskip),412
anastella_(zenless_zone_zero),412
amiya_(medic)_(solo_around_the_world)_(arknights),412
wu_zetian_(first_ascension)_(fate),412
vivillon,412
rouge_(nikke),412
ine_(waktaverse),412
chasca_(genshin_impact),412
hinata_natsumi,412
miyamoto_musashi_(second_ascension)_(fate),412
houshou_kumarine,412
kokonoe_(blazblue),412
taihou_(temptation_on_the_sea_breeze)_(azur_lane),412
renee_graves,411
songque,411
typhoeus_(arknights),411
narby_(heaven_burns_red),411
swanna,411
marida_cruz,411
gramophone_miku,410
amaya_tsubame,410
final_form_frieza,410
zhuge_kongming_(honkai_impact),410
felix_hugo_fraldarius_(timeskip),410
miyazono_kawori,410
wakaba_mutsumi_(marionette's_id),410
ophelia_phamrsolone,410
dion_lesage,410
rebecca_chambers,410
noss_(rariatto),410
miyauchi_renge,410
professor_kukui,410
taihou_(sweet_time_after_school)_(azur_lane),409
jonouchi_katsuya,409
chuck_(psg),409
live_twin_lil-la,409
mayu_(vocaloid),409
yumia_liessfeldt,409
anabel_(pokemon),409
mammon_(umineko),409
wailord,409
gm_(mobile_suit),409
emiya_alter,409
aircraft_carrier_water_oni,409
beautifly,409
wadanohara,409
maxie_(pokemon),409
takasaka_juri,409
jakob_(fire_emblem),408
lily_(ender_lilies),408
hououji_fuu,408
moltres,408
sara_(touhou),408
freya_crescent,408
lycanroc_(midday),408
rindou_mikoto_(1st_costume),408
anis_(star)_(nikke),408
sheffield_(kancolle),408
unzen_(azur_lane),408
menat,408
chidori_kaname,408
esidisi,408
shikanoko_noko,408
kazari_(mainichi_kiss_shite_lolita),408
nachi_kai_ni_(kancolle),407
gundam_mk_ii,407
priscilla_barielle,407
machoke,407
tomotake_yoshino,407
cure_yell,407
gohan_beast,407
sabitsuki,407
skully_j._graves,407
rin_(senran_kagura),407
sara_valestein,407
mihato_(mainichi_kiss_shite_lolita),407
ashwatthama_(fate),407
anby_demara_(silver_soldier),407
yakumo_yukari_(young),407
takayama_haruka,407
buizel,406
igglybuff,406
yamanami_keisuke_(fate),406
airi_kanna,406
tierna_aeride_throne,406
thanatos_(hades),406
menace_(queen's_blade),406
saegusa_ibara,406
fighter_(7th_dragon),406
toudou_shion,406
arika_yumemiya,406
xuangzang_sanzang_(third_ascension)_(fate),406
chain_chomp,406
beam_(chainsaw_man),405
fidough,405
shikinami_kai_ni_(kancolle),405
penthesilea_(fate),405
helm_(aqua_marine)_(nikke),405
serina_(nurse)_(blue_archive),405
tsurugi_(swimsuit)_(blue_archive),405
heather_mason,405
monarch_(azur_lane),405
aikawa_haruno,405
aladdin_(magi),405
raising_heart_(standby_mode),405
toki_ayano,405
kasen_kanesada,405
malleus_draconia,405
bowser_jr.,405
tomari_mari,404
yoshimoto_shizuka,404
hector_(omori),404
nachoneko,404
majin_buu,404
artoria_caster_(swimsuit_berserker)_(second_ascension)_(fate),404
winged_pikmin,404
plume_(arknights),404
exiled_warrior_leina,404
kiana_kaslana_(void_drifter),404
kiperina,404
alucard_(castlevania),403
jie_(arknights),403
susie_(kirby),403
whitney_(male)_(degrees_of_lewdity),403
freyja_(fire_emblem),403
vestia_zeta_(1st_costume),403
smoliv,403
hibiki_wataru,403
ae-3803,403
illya_(princess_connect!),403
udin_(kureiji_ollie),403
suou_mikoto_(school_rumble),403
himemiya_chikane,403
pathfinder_(apex_legends),403
fenomeno_(black_flames_of_the_righteous_spirit)_(umamusume),402
oboro_(fire_emblem),402
clark_kent_(civilian),402
koshigaya_komari,402
heywood_l._edwards_(kancolle),402
krystal,402
xiangli_yao_(wuthering_waves),402
thunder_(girls'_frontline),402
revenant_(apex_legends),402
torterra,402
jade_curtiss,402
fa_yuiry,401
pienna_(akane_lize),401
ponyta,401
kos-mos_ver._4,401
mary_jane_watson,401
ryland_grace,401
yashio_kaito,401
cure_whip,401
lois_lane,401
nanami_lucia,401
kuroki_tomoki,401
wonderlands_x_showtime_miku,401
lee-enfield_(girls'_frontline),400
sanya_(nijisanji),400
shizuko_(swimsuit)_(blue_archive),400
crow_armbrust,400
tuscaloosa_(kancolle),400
farfetch'd,400
selkie_(fire_emblem),400
brigitte_(overwatch),400
sage_(sonic),400
chacha_(fate),400
bloody_marie_(skullgirls),400
marina_ismail,400
kedama_(touhou),400
the_silent_(slay_the_spire),400
higekiri_(touken_ranbu),400
harada_mutei,400
kuroe_shizuku,399
jeff_andonuts,399
helldiver_(helldivers),399
tatsuta_kai_ni_(kancolle),399
koyanskaya_(chinese_lostbelt_outfit)_(fate),399
aimaina,399
kazuha's_friend_(genshin_impact),399
bronya_zaychik_(haxxor_bunny),399
kitami_yuzu,399
satomi_touka,399
dobermann_(arknights),399
stern_the_destructor,399
sturm_(granblue_fantasy),399
yuki_miku_(2017),399
agent_4_(splatoon),399
serizawa_chikaru,399
revolver_knuckle,399
nito_nazuna,399
elbe_(azur_lane),399
sakuragi_matsuri,399
roselia_(pokemon),399
red_toad_(mario),398
petra_leyte,398
perseus_(unfamiliar_duties)_(azur_lane),398
rob_lucci,398
mega_dragonite,398
alolan_ninetales,398
smeargle,398
cu_chulainn_alter_(third_ascension)_(fate),398
amanda_o'neill,398
astolfo_(saber)_(first_ascension)_(fate),398
professor_sycamore,398
kazuno_sarah,398
pelipper,398
ramona_flowers,398
thief_(ragnarok_online),398
louhi_(fate),398
aizen_sousuke,397
crelly,397
meowstic_(female),397
marichka,397
vienna_(vtuber),397
hyuuga_neji,397
seviper,397
gomamon,397
liang_yue_(reverse:1999),397
aleph_(reverse:1999),397
aoba_kokona,397
wolf_spirit_(touhou),397
luo_shun_yao,397
anya_(mouthwashing),397
souya_ichika,397
mitty_(made_in_abyss),397
orimoto_rika,397
xi_gundam,396
zaizen_tokiko,396
gaara_(naruto),396
gimmighoul,396
drum_(kancolle),396
toyama_satoru,396
ayunda_risu_(1st_costume),396
saito_nicole,396
puchiko,396
tamba_akari,396
nikketa_(girls'_frontline_2),395
yubel,395
arcana_(fortune_mate)_(nikke),395
mint_(nikke),395
gangle_(the_amazing_digital_circus),395
yamin_(cookie),395
carly_nagisa,395
misora_(princess_connect!),395
liru,395
tangela,395
gotoh_futari,395
norimaki_arale,395
kashima_yuu,395
togetic,395
male_rover_(perpetual_spark)_(wuthering_waves),395
societte_(granblue_fantasy),394
mitsukasa_ayase,394
mikasa_(azur_lane),394
cyclops_(x-men),394
iori_utahime,394
goblin_slayer,394
threo_(granblue_fantasy),394
glaucus_(arknights),394
lapis_lazuli_(steven_universe),394
takabushi_kengo,394
lei_fang,394
sydney_(degrees_of_lewdity),394
baobhan_sith_(swimsuit_pretender)_(second_ascension)_(fate),394
moritaka_(housamo),394
oleana_(pokemon),394
su_(honkai_impact),393
amayadori_machi,393
brynhild_(lancer)_(fate),393
tabitha_(zero_no_tsukaima),393
leo_(senran_kagura),393
siesta_(zero_no_tsukaima),393
tomoe_(queen's_blade),393
hk416_(black_kitty's_gift)_(girls'_frontline),393
santa_alter,393
ebina_nana,393
tana_(fire_emblem),393
miyashiro_takuru,392
lorenz_hellman_gloucester,392
sky_above_me_(vtuber),392
horikita_suzune,392
hanazono_yurine,392
miyu_edelfelt_(beast_style),392
shinomiya_himawari,392
atarashi_ako,392
otomo_(cecilia_immergreen),392
shingyoku_(touhou),392
banana_(girls'_frontline),392
koujiro_frau,392
ralsei_(hat),391
talonflame,391
aoi_sena,391
edgar_valden,391
lion_king_(lancer)_(fate),391
t-elos,391
kroos_the_keen_glint_(arknights),391
koyanskaya_(foreigner)_(first_ascension)_(fate),391
sovereign_(sekaiju),391
scathach_(loungewear_mode)_(fate),391
eremes_guile,391
takamachi_nanoha_(exceed_mode),391
silica_(sao-alo),391
harukara_(7th_dragon),391
tsukino_(pageratta),391
i-400_(kancolle),391
matsubara_kaoru,391
yuigahama_yui's_mother,391
kamen_rider_ooo,391
dori_(genshin_impact),391
taihou_kai_(kancolle),391
anne_bonny_(fate),391
ridley,390
miofa_(ookami_mio),390
baizhi_(wuthering_waves),390
sakuna-hime,390
hyakkimaru_(dororo),390
ranulf_(fire_emblem),390
fura_kanato,390
baltimore_(finish_line_flagbearer)_(azur_lane),390
mega_lucario,390
general_geega,390
onodera_kosaki,390
sessyoin_kiara_(lily),390
producer_(idolmaster_anime),390
cyrus_(pokemon),390
vice-versa_(skullgirls),390
tav_(baldur's_gate),390
nidalee_(league),389
alex_(minecraft),389
angelina_(distinguished_visitor)_(arknights),389
akebi_komichi,389
axl_(mega_man),389
nakayama_festa_(desperate_measures)_(umamusume),389
atem,389
shishido_akari,389
takeya_yuki,389
cure_chocolat,389
spiritomb,389
amaha_masane,389
hoso-inu,389
satou_sei,389
poro_(league),389
wolfrun,389
sakamata_chloe_(gyarumata),389
mela_(pokemon),389
saber_alter_(final_ascension),389
gouenji_shuuya,389
hawlucha,389
erio_mondial,389
fujimasa_march_(umamusume),388
cure_aqua,388
suomi_(girls'_frontline_2),388
model_w_(mega_man),388
cthulhu_(cthulhu_mythos),388
obi-wan_kenobi,388
yixuan_(trails_of_ink)_(zenless_zone_zero),388
maishima_yuri,388
hare_(camp)_(blue_archive),388
brionne,388
zeke_von_genbu_(xenoblade),388
hydrapple,388
raising_heart_(accel_mode),388
blanka,388
maxwell_(nikke),388
ishtar_(swimsuit_rider)_(fate),388
taihou_(seaside_daydreams)_(azur_lane),388
eldreda_sunbringer,388
hanayagi_kaoruko,388
sherry_birkin,387
asada_shino,387
weedle,387
nautika_(reverse:1999),387
team_rocket_grunt,387
levy_mcgarden,387
reinhardt_(overwatch),387
nagakura_shinpachi_(fate),387
hachijou_(kancolle),387
mudrock_(obsidian)_(arknights),387
walking_mushroom_(dungeon_meshi),387
ayasaki_hayate,387
shidou_irina,387
kuriboh,387
mizusawa_mao,387
pidove,386
garma_zabi,386
kamiyama_shiki,386
chen_hai_(azur_lane),386
amamiya_elena,386
scraggy,386
graves_(league),386
houston_(kancolle),386
zhezhi_(wuthering_waves),386
sky_high_(tiger_&_bunny),386
fuyukawa_kagari,386
b._jenet,386
waluigi,385
alyosha_(genshin_impact),385
valkyrie_police_academy_student_(sg)_(blue_archive),385
sazanami_kai_(kancolle),385
saber_(honkai:_star_rail)_(fate),385
kudelia_aina_bernstein,385
nelson_(azur_lane),385
beowulf_(fate),385
dark_precure,385
kinshi_no_ane_(92m),385
skiploom,385
michael_jackson,384
mayl_sakurai_(mega_man),384
yano_kuromu,384
bellossom,384
domina_(overwatch),384
yuuki_makoto_(ensemble_stars!),384
hatsune_miku_(ichi_no_sakura_oka),384
tojou_michiru,384
nonowa,384
azurill,384
lilith_(statue)_(machikado_mazoku),384
otonashi_kyouko,384
champion_(ragnarok_online),384
felt_(re:zero),384
takamachi_nanoha_(aggressor_mode),384
yoshino_chidori,384
shioriha_ruri_(1st_costume),384
hinamori_momo,384
cure_wing,384
win_variation_(dramatic_tutu)_(umamusume),384
goredolf_musik,383
kristen_(arknights),383
amamiya_shizuku_(hizuki_yayoi),383
cure_lemonade,383
rakka_(haibane_renmei),383
kaburaki_roco,383
ji_(arknights),383
edgar_roni_figaro,383
noir_(persona_5),383
kagayaki_homare,383
bronya_zaychik_(outstanding_attitude),383
misaki_akeno,383
peacock_(skullgirls),383
tsukumo_ima,383
taion_(xenoblade),383
stella_unibell,383
sole_survivor_(female),383
large-spotted_genet_(kemono_friends),382
sessyoin_kiara_(third_ascension),382
zacian,382
kiyohime_(swimsuit_lancer)_(first_ascension)_(fate),382
kakine_teitoku,382
chiba_mamoru,382
ne-class_heavy_cruiser,382
amano_keita,382
asta_(black_clover),382
heracross,382
nekomusume_(gegege_no_kitarou_5),382
nekonyaa_(girls_und_panzer),382
yuma_kokohead,382
blue-eyes_white_dragon,382
croagunk,382
anzu_(ensemble_stars!),382
yusa_(angel_beats!),381
plymouth_(azur_lane),381
mitsurugi_meiya,381
anton_ivanov,381
hythlodaeus,381
an-an_lee,381
nitocris_(swimsuit_assassin)_(first_ascension)_(fate),381
minase_rio,381
ol-chan_(oouso),381
kaji_ryouji,381
ninja_(ragnarok_online),381
kurikoma_komaru,381
alina_(arknights),381
caiman_(dorohedoro),381
robin_(batrobin_k),381
aurochs_(kemono_friends),381
solosis,380
hathaway_noa,380
hakuhou_(azur_lane),380
bellsprout,380
happy_meek_(umamusume),380
sanada_yukimura_(sengoku_basara),380
satsuki_mari,380
cure_lillian,380
palmon,380
eylin_eyla_(ebonyxh),380
suzushina_yuriko,380
antarcticite,380
comoli_harcourt,380
relm_arrowny,380
kouya_aotsuki,380
yaia_(granblue_fantasy),380
golbat,380
canada_(hetalia),380
yagoo,380
al_azif_(demonbane),380
mosin-nagant_(girls'_frontline),380
andou_mahoro,380
latifa_fleuranza,380
i-203_(kancolle),380
precis_neumann,380
eva_00,380
rogue_(ragnarok_online),380
fubuki_(spring)_(kancolle),380
pina_korata,380
k'_(kof),380
yuuhi_(cookie),380
lynn_minmay,380
wise_(oath_of_skies)_(zenless_zone_zero),379
cure_precious,379
kuroi_kuroneko_(katsumata_hiroki),379
saya_(blue_archive),379
chesnaught,379
neptune_(azur_lane),379
x-23,379
jamil_viper,379
fartooth_(arknights),379
ayase_alisa,379
red_pyro_(tf2),379
zarya_(overwatch),379
alex_winger,379
abigail_williams_(festival_outfit)_(fate),378
ellis_xillia,378
yajuu_senpai,378
wakasa_yuuri,378
chosen_undead,378
kirahoshi_ciel,378
deerling,378
li_shuwen_(fate),378
mikazuki_augus,378
ashelia_b'nargin_dalmasca,378
leopard_(yatterman),378
komazawa_noi_(tsukuyomi),378
shiba_miyuki,378
alibaba_saluja,378
mika_(genshin_impact),378
colonel_sanders,378
leia_rolando,378
rabu_(blue_archive),377
brushbuddy,377
phainon_(express_travel)_(honkai:_star_rail),377
soul_(character)_(deltarune),377
ki_sangho,377
kurosaki_mea,377
judd_(splatoon),377
black_gold_saw,377
azumi_(girls_und_panzer),377
meltryllis_(third_ascension)_(fate),377
prinz_eugen_(final_lap)_(azur_lane),377
mieu_(tales),377
fleki,377
zaizen_aoi,377
luigi_di_savoia_duca_degli_abruzzi_(kancolle),377
lucifer_(umineko),377
kagamine_len_(append),377
naga_the_serpent,377
eunhwa_(nikke),377
gulpin,377
purple_sister,377
waguri_kaoruko,377
mega_absol,376
alipheese_fateburn_xvi,376
mega_charizard_x,376
deoxys_(normal),376
dark_hunter_(sekaiju),376
emma_(nikke),376
ayase_fuuka,376
tsuchiya_(girls_und_panzer),376
matsunaga_ryo,376
yue_(chinese_wife_diary),376
takakamo_shizuno,376
ibrahim_(nijisanji),376
miyasaka_ryou,376
xiao_(project_moon),376
azelf,375
zani_(infernal)_(wuthering_waves),375
martial_artist_(dq3),375
aerodactyl,375
hero_(dq1),375
akishimo_(kancolle),375
belmond_banderas,375
takaya_noriko,375
gunner_2_(sekaiju),375
ponpoko_(vtuber),375
sakamata_chloe_(jirai_kei),375
rasis,375
weapon_merchant_cattleya,375
paracelsus_(guilty_gear),375
arihara_tsubasa,374
marcy_wu,374
swadloon,374
archer_(casual_wear)_(fate),374
tsukumo_yuki_(jujutsu_kaisen),374
shaymin_(sky),374
seraphine_(league),374
gold_ship_(racehorse),374
shizune_(naruto),374
yuki_miku_(2014),374
satou_lilly,374
novice_(ragnarok_online),374
fin_e_ld_si_laffinty,374
symmetra_(overwatch),374
hazuki_(tsukuyomi),374
nidai_nekomaru,374
hizamaru_(touken_ranbu),374
haku_(p&d),374
suzumiya_haruhiko,374
purirun_(precure),374
malamar,373
cheval_grand_(summer_calm_navy_drop)_(umamusume),373
hachiware_(chiikawa),373
lunatone,373
arisugawa_himari,373
typhon_ephemeros_(fate),373
katsuragi_shiori,373
lulu_(ff10),373
homulilly,373
izanagi_(persona_4),373
aardwolf_(kemono_friends),373
obstagoon,373
ooba_minori,373
levi_(fear_&_hunger),373
m950a_(girls'_frontline),373
yua_serufu,373
perfect_cell,373
girlfriend_(friday_night_funkin'),372
super_sailor_chibi_moon,372
senadina,372
gold_experience,372
liliweiss_(nikke),372
genesis_rhapsodos,372
yoshimi_(halloween)_(blue_archive),372
beast_boy_(dc),372
dokuro-kun_(houshou_marine),372
ranpha_franboise,372
yingxing_(honkai:_star_rail),372
asutora-chan,372
nori_(hidamari_sketch),372
ascalon_(arknights),372
kido_jo,372
tinker_bell_(disney),372
falco_lombardi,371
male_robin_(grima)_(fire_emblem),371
kjera_(arknights),371
pansage,371
uki_violeta,371
kagami_sumika,371
barok_van_zieks,371
fairimon,371
naoko_(lynus),371
cheese_(sonic),371
bloody_wolf_(elden_ring),371
sakihane_huya,371
heero_yuy,371
inoue_jun'ichi,371
shigure_asa,371
grayfia_lucifuge,371
he_mingshuo,371
geto_suguru_(kenjaku),370
ppk_(girls'_frontline),370
95-tan,370
air_groove_(empress_road)_(umamusume),370
penny_polendina,370
yusa_emi,370
mutsu_kai_ni_(kancolle),370
zas_m21_(girls'_frontline),370
touyoko_momoko,370
lunafreya_nox_fleuret,370
gourgeist,370
hirano_toushirou,370
mizumiya_su_(1st_costume),369
akama_ichibee_(katsumata_hiroki),369
stella_vermillion,369
roberta_(black_lagoon),369
omanyte,369
rumi_(girls_und_panzer),369
sumika_(blue_archive),369
cinder_fall,369
teemo_(league),369
kikirara_vivi_(1st_costume),369
marui_hitoha,369
mikoko_(kemomimi_oukoku_kokuei_housou),369
lilya_(reverse:1999),369
aki_rosenthal_(1st_costume),369
yanning,369
onix,369
yukihana_lamy_(casual),369
deuce_spade,369
tanaka_mako,369
torkoal,369
satou_jun,369
nitocris_alter_(fate),369
changsheng_(genshin_impact),368
wailmer,368
meowstic_(male),368
larvitar,368
xenomorph,368
fu_hua_(night_squire),368
q-bee,368
breloom,368
akatsuki_uni,368
miori_celesta,368
yamashiro_kai_ni_(kancolle),368
mochizuki_chiyome_(fate),368
cerestia_of_life,368
leblanc_(league),367
magia_azure,367
master_chief,367
ichimaru_gin,367
ikebukuro_akiha,367
ch'en_(summer)_(arknights),367
u-1146,367
ulpianus_(arknights),367
red_riding_hood_(sinoalice),367
kyoumachi_seika,367
alicia_(granblue_fantasy),367
elaine_(pokemon),367
godsworn_alexiel,367
poppi_qtpi_(xenoblade),367
inukai_komugi_(dog),367
australian_devil_(kemono_friends),366
irene_(voyage_of_feathers)_(arknights),366
aurora_(disney),366
koseki_reina,366
podenco_(arknights),366
melona_(queen's_blade),366
sengoku_shinobu,366
xander_(aotu_world),366
vex_(league),366
nidoran,366
tachibana_kisa,366
agria_(tales),366
archetype_earth_(third_ascension),366
pancham,366
mouri_motonari_(sengoku_basara),366
hanamura_teruteru,366
rumi_(small)_(blue_archive),365
lilpa,365
steenee,365
rafal_(chi.),365
claire_francois,365
joshua_rosfield,365
common_bottlenose_dolphin_(kemono_friends),365
cure_mint,365
mitsui_hisashi,365
morte_(arknights),365
goutokuji_miyako,365
bradamante_(first_ascension)_(fate),365
ursula_hartmann,365
nanami_(pgr),365
nanaya_shiki,365
narumiya_yume,365
male_priest_(dungeon_and_fighter),365
aila_jyrkiainen,365
amagai_ruka,364
kuroba_kaito,364
mizusaki_tsubame,364
evey_(honkai:_star_rail),364
rock_pikmin,364
araiguma-san,364
mabosstiff,364
yuki_miku_(2022),364
cherrim,364
elincia_ridell_crimea,364
aihara_yuzu,364
minase_ichigo,364
yatogami_fuma,364
honma_himawari_(1st_costume),364
anna_ayasaki,364
indra_(fate),364
cecilia_(shiro_seijo_to_kuro_bokushi),364
sakura_miko_(street),364
fujima_sakura,364
fuuma_kotarou_(fate),364
arcueid_brunestud_(mooncancer),364
kuromine_chiharu,364
yuri_petrov,364
oomiya_shinobu,364
chousokabe_motochika_(sengoku_basara),364
yamada_ichiro,364
kagamine_rin_(append),364
hagakure_yasuhiro,364
emma_august,364
annoying_dog,363
veronika_(splatoon),363
mata_hari_(fate),363
weezing,363
olivia_(pokemon),363
phoebe_(pokemon),363
chocolat_meilleure,363
cherubi,363
law-chan,363
mofurun_(precure),363
death_the_kid,363
star_nun_(diva),363
sally_sinclair,363
durga_(fate),363
admire_vega_(casual)_(umamusume),363
gascogne_(azur_lane),363
rin_(inuyasha),363
nekki_basara,363
kamizaki_risa,363
san_diego_(azur_lane),363
bayleef,363
kokonose_haruka,363
lamia_(pgr),363
ancient_princess_menace,363
kitt_(pokemon),362
mint_(arknights),362
mantine,362
kanzaki_adelheid,362
wynn_(yu-gi-oh!),362
aijou_rentarou,362
luke_skywalker,362
mejiro_ramonu_(onyx_line)_(umamusume),362
segawa_onpu,362
tomoe_(blue_archive),362
samurott,362
harmony's_clownfish_(splatoon),362
glalie,362
luviagelita_edelfelt,362
warabeda_meiji,362
childhood_friend-chan_(ramchi),362
elhaym_van_houten,362
parvati_(fate),362
absinthe_(arknights),362
mizushima_saki,362
nakiri_alice,362
tamura_manami,362
andou_ringo,361
koyanagi_kaho,361
tar-21_(girls'_frontline),361
curren_bouquetd'or_(racing)_(umamusume),361
upao_(amane_kanata),361
porygon,361
kurusu_nono,361
exs-tia_(exs-tia_3),361
calyrex,361
kintoki_(sakura_miko),361
rose_(street_fighter),361
janus_(azur_lane),361
prier,361
fal_(girls'_frontline),361
uguisumaru,361
nozomi_(princess_connect!),361
ekans,361
taranza,360
magical_mirai_miku_(2024),360
risu_(dorohedoro),360
pecharunt,360
kinagase_tsumugu,360
soleil_(fire_emblem),360
shoukaku_kai_ni_(kancolle),360
aleksandra_i._pokryshkin,360
herlock_sholmes,360
asterios_(fate),360
grim_(twisted_wonderland),360
maruko_gaku,360
hildr_(fate),360
artemis_(sailor_moon),360
masaki_sasami_jurai,360
kodama_fumika,360
raven_cronwell,360
griselle_(pokemon),360
chigiri_hyoma,359
terapagos,359
liechtenstein_(hetalia),359
poke_kid_(pokemon),359
hiiragi_shinoa,359
ayachi_nene_(witch),359
oosuki_mamako,359
shiranui_kai_ni_(kancolle),359
tokunaga_(tales),359
suzuki_(girls_und_panzer),359
skadi_the_corrupting_heart_(sublimation)_(arknights),359
okumura_yukio,359
shuckle,359
sagat,359
zafira,359
gazer_(monster_girl_encyclopedia),359
light_cruiser_oni,359
ro-class_destroyer,359
suzuki_hina,358
ayanokouji_rem,358
venipede,358
shikibe_mayu,358
lita_(kmnz),358
liepard,358
skeledirge,358
clio_aite,358
maylene_(pokemon),358
repede_(tales),358
grovyle,358
mini_nobu_(fate),358
indianapolis_(azur_lane),358
nanally_(nte),358
papika_(flip_flappers),358
bullet_(blazblue),358
wargreymon,358
black_general,358
semmelweis_(reverse:1999),358
mihama_chiyo's_father,358
alice_sherlock,358
haruna_(2016_swimsuit)_(kancolle),358
caspar_von_bergliez,357
sprout_mole,357
saki_(the_atko),357
laplace_(nikke),357
nukumizu_kazuhiko,357
nagusa_(swimsuit)_(blue_archive),357
tanaka_hime,357
winged_lion_(dungeon_meshi),357
dorpos,357
sunset_shimmer,357
alm_(fire_emblem),357
chung_seiker,357
kokutou_mikiya,357
shizuka_rin_(1st_costume),357
aemeath_(young)_(wuthering_waves),357
kimeemaru,357
shishio_chris_(1st_costume),357
edmond_(nu_carnival),357
kurusugawa_ayaka,357
mori_yuki,357
destroyer_(girls'_frontline),357
amano_maya,356
scirocco_(kancolle),356
rindo_chihaya_(1st_costume),356
shimohara_sadako,356
goofy,356
queen_of_hatred,356
android_17,356
sophie_(popopoka),356
yano_erika,356
henrietta_de_tristain,356
kunihiro_hajime,356
nozaki_umetarou,356
yamakaze_kai_ni_(kancolle),356
francoise_(eurasia),356
hanazono_hahari,356
tomoe_hiyori,356
sunflora,356
kirishima_romin,356
nami_(league),355
nekomata_okayu_(gyaru),355
kisaragi_nozomi,355
irene_(the_adjudicatrix_and_her_resolve)_(arknights),355
koala_(one_piece),355
peridot_(steven_universe),355
otonashi_haruna,355
anthuria,355
taliyah_(league),355
indomitable_(ms._motivationless_maid)_(azur_lane),355
honchkrow,355
tsurumi_tokushirou,355
dokugamine_riruka,355
natsume_inori,355
ange_katrina_(casual),354
takashima_zakuro,354
mother_(yoru_mac),354
amamiya_kokoro_(1st_costume),354
pururut,354
jesus,354
nishijou_takumi,354
shionne_(tales),354
little_blue_whale_(kancolle),354
king_(snk),354
artoria_caster_(third_ascension)_(fate),354
okita_j._souji_(third_ascension)_(fate),354
silvally,354
yuisis_(granblue_fantasy),354
fujiwara_no_mokou_(young),354
milcery,354
crimvael,354
mandricardo_(fate),354
aihara_mei,354
pochacco,354
psychic_miku_(project_voltage),354
demitri_maximoff,353
phainon_(a_dream_scented_in_wheat)_(honkai:_star_rail),353
rpk-16_(renate)_(girls'_frontline),353
regigigas,353
fujikura_uruka,353
natsuiro_matsuri_(casual),353
tmp_(girls'_frontline),353
wallace_wells,353
lenna_(girls'_frontline_2),353
fi_(zelda),353
kibutsuji_muzan,353
shy_guy,353
souza_samonji,353
illuso,353
monk_(ragnarok_online),353
simon_blackquill,353
jakuri_(ar_tonelico),353
nagasone_kotetsu,353
yamcha,353
gundou_mirei,353
elfriend_(shiranui_flare),353
hiraga_saito,353
takakura_shouma,353
komachi_panko,352
akaza_(kimetsu_no_yaiba),352
raspberyl,352
terra_(kingdom_hearts),352
nekoyashiki_yuki_(cat),352
nagato_(great_fox's_respite)_(azur_lane),352
scylla_(azur_lane),352
snoopy,352
epel_felmier,352
connie_springer,352
kuchiki_byakuya,352
hecatia_lapislazuli_(moon),352
larva_tiamat_(fate),352
ushiwakamaru_(swimsuit_assassin)_(first_ascension)_(fate),352
riesbyfe_stridberg,352
takagi_(tansuke),352
jabuchi_you,352
nijou_ryuu,352
elysia_(lunar_grace)_(honkai_impact),352
paras,352
fujibayashi_sheena,352
virginia_knights,352
hissabeth,352
ran_nagisa,352
pramanix_the_prerita_(arknights),351
stone_free,351
spirit_blossom_kindred,351
professor_oak,351
curse_maker_2,351
titania_(sao),351
lumen_(gunvolt),351
itoshi_rin,351
moran_(nikke),351
fletcher_mk_ii_(kancolle),351
kingdra,351
danjin_(wuthering_waves),351
hornet_(azur_lane),351
nono_(top_wo_nerae_2!),351
gavial_the_invincible_(arknights),351
turn_a_gundam_(mobile_suit),351
aki_mabayu,351
metera_(granblue_fantasy),351
red_arcueid,351
jake_the_dog,351
cure_grace,351
otto_apocalypse,351
sacred_heart,351
ezio_auditore_da_firenze,351
cinderella_(disney_character),351
konoe_konoka,351
bill_cipher,350
shego,350
serval_landau,350
kahili_(pokemon),350
dragoon_(dokibird),350
emiya_kiritsugu_(assassin),350
rurudo_lion,350
crispin_(pokemon),350
kako_kai_ni_(kancolle),350
tsukishima_kei,350
leizi_(arknights),350
nero_claudius_(bride)_(third_ascension)_(fate),350
arf,350
mega_man_volnutt,350
hyness,350
matsushima_michiru,350
minamoto_no_raikou_(swimsuit_lancer)_(third_ascension)_(fate),350
viola_(pokemon),350
anceril_sacred,350
nangong_yu_(rhapsody's_muse),349
kim_pine,349
lucy_(elfen_lied),349
wahoo_(kancolle),349
chisaka_airi,349
ryuk,349
nakata_sae,349
sanaki_kirsch_altina,349
wiccan,349
mary_read_(fate),349
fox_mask_(silent_hill),349
yuugumo_kai_ni_(kancolle),349
sato_reika,349
suirin_(tukikagerou),349
makkachin,349
kawazoe_tamaki,349
medic_(sekaiju),348
tamamo_aria_(fate),348
shroomish,348
strelizia,348
yakui_(nijiura_maids),348
minowa_gin,348
milk_(precure),348
io_(granblue_fantasy),348
mii_gunner,348
toxtricity_(amped),348
minneapolis_(azur_lane),348
espoir_city_(umamusume),348
popukar_(arknights),347
uzuki_kou_(3rd_costume),347
shampoo_(cat),347
whip_(kof),347
eria_(yu-gi-oh!),347
fine_motion_(noble_seamair)_(umamusume),347
kanda_yuu,347
aiboo_(mint_fantome),347
komi_shuuko,347
toudou_heisuke_(fate),347
shiromiya_asuka_(kuromiya),347
amemori_sayo,347
suou_tsukasa,347
linne_(under_night_in-birth),347
nanjo_hikaru,347
rossiu_adai,347
98-tan,347
proto_man,347
tatsugiri_(droopy),347
marie_(persona_4),346
d_(killer_wife)_(nikke),346
fediel_(granblue_fantasy),346
nozomi_(kujibikido)_(blue_archive),346
shirogane_kei,346
shedinja,346
houjuu_chimi,346
guts_(kill_la_kill),346
marx_(true_form)_(kirby),346
bunny-san_(naga_u),346
metapod,346
jinako_carigiri,346
scream_tail,346
tanemura_koyori,346
ibarazaki_emi,346
dukemon,345
rook_hunt,345
annette_fantine_dominic_(timeskip),345
fujii_ayame,345
eiscue,345
murakumo_kagetsu,345
hoshino_yumemi,345
yuki_miku_(2021),345
nora_valkyrie,345
kuramochi_meruto_(1st_costume),345
sv-98_(girls'_frontline),345
honolulu_(umbrella_girl)_(azur_lane),345
chiester410,345
karin_(p&d),345
shiodome_miuna,345
mitsukai_dokuro,345
prika_(nikke),344
kome-kome,344
kiryuin_aoi,344
hydro_slime_(genshin_impact),344
metatron_jeanne_(fate),344
shiina_mashiro,344
white_(among_us),344
may_(gundam_build_divers_re:rise),344
lenneth_valkyrie,344
lancelot_(fate/zero),344
ushio_(swimsuit)_(kancolle),344
velouria_(fire_emblem),343
azusa_mifuyu,343
bungo_yayoi,343
kagari_mimi,343
zelos_wilder,343
asch_(tales),343
bald_eagle_(kemono_friends),343
diane_(nanatsu_no_taizai),343
naoki_miki,343
himiko_(first_ascension)_(fate),343
vritra_(fate),343
sumeragi_aika,343
aoyama_sumika,343
fujioka_haruhi,343
duraludon,343
beelzebumon,343
yuki_aine,343
politoed,343
kurusugawa_himeko,343
kintsuba_(shiranui_flare),343
sage_(ragnarok_online),343
bra_(dragon_ball),343
ishikawa_luna,343
melinoe_(hades),343
mitya_(genshin_impact),342
scene_(arknights),342
rosado_(fire_emblem),342
superb_bird-of-paradise_(kemono_friends),342
shiori_novella_(casual),342
forte_stollen,342
dark_elven_forest_ranger,342
dorothy_haze,342
orin_the_red,342
sugar_lights_(umamusume),342
barbara_(dq6),342
hojo_sophy,342
venus_paques_(umamusume),342
archer_(fate/samurai_remnant),342
heroine_(dq4),342
shalon,342
zuko,342
swinub,341
magatsuchi_shouta,341
momo_mizrahi,341
coffret_(precure),341
lavi,341
kiseki_(umamusume),341
pidgeotto,341
bass_(mega_man),341
akashiya_moka,341
gray_fullbuster,341
space_yoko,341
saruei_(vtuber),341
dif_(difman),341
tina_armstrong,340
murakami_tomoe,340
flaaffy,340
sazabi,340
s-force_rappa_chiyomaru,340
daiwa_scarlet_(scarlet_nuit_etoile)_(umamusume),340
hanamiya_nina,340
soliskin_(wuthering_waves),340
revali,340
kirito_(sao-alo),340
kuzunoha_raidou,340
scholar_(final_fantasy),340
shinku_(nte),340
tauros,340
takamachi_nanoha_(movie_1st_mode),340
ankimo_(tokino_sora),340
kale_(dragon_ball),340
guy_cecil,340
tamamo_no_mae_(third_ascension)_(fate),340
gajeel_redfox,340
vinsmoke_reiju,339
anna_(ikeuchi_tanuma),339
savage_(arknights),339
kuro_(uchi_no_kuroneko_onnanoko),339
lyn_albell,339
kanae_(tsukiman),339
noivern,339
add_(elsword),339
yang_guifei_(first_ascension)_(fate),339
kinger_(the_amazing_digital_circus),339
ayase_ayato_(imamiya_pinoko),339
manaka_non_(normal),339
naplings_(nimi_nightmare),339
edea_lee,339
tusk_(stand),339
kidouko_(zakusi),339
hisau_maiya,339
katsura_kotarou,338
rae_taylor,338
ryuujou_kai_ni_(kancolle),338
azrael_(fate),338
fuiba_fuyu,338
dororo_(character),338
sudowoodo,338
yukong_(honkai:_star_rail),338
baltimore_(after-school_ace)_(azur_lane),338
kida_masaomi,338
bardiche_(assault_form)_(nanoha),338
gii,338
ryuugamine_mikado,338
kurohebi,338
kamui_(gintama),338
alisha_diphda,337
kunou_kodachi,337
sandshrew,337
dizzy_dokuro,337
doctor_strange,337
karina_(aespa),337
magilou_(tales),337
karen-chan_(ringoanu),337
ogiue_chika,337
samejima_mamimi,337
amano_soraha,337
kuwata_leon,337
inokuma_youko,337
aurora_sya_lis_kaymin,337
zoya_(path_to_nowhere),337
sakura_hibiki,337
lilimon,337
timcanpy,337
tang_sanzang,336
electrode_(pokemon),336
norn_ace_(umamusume),336
justin_(grandia),336
futami_eriko,336
metal_crab_(arknights),336
tokoyami_fumikage,336
minthara,336
sin_kiske,336
kon_(bleach),336
nightmare_(nanashi_mumei),336
roro_(gunvolt),336
susato_mikotoba,336
tachikawa_ayaka,336
takasaka_kouki,336
gagaga_girl,336
isurugi_futaba,336
tsukuyo_(gintama),336
musha_miko_tomoe,336
jiu_niangzi,336
alpha_(alpha_1918),336
diancie,336
scrafty,336
thief_(final_fantasy),336
koko_(kamitsubaki_studio),335
spinda,335
yaotose_hinako,335
falinks,335
masaki_gaillard,335
takahashi_polka,335
kotona_elegance,335
jason_(fate),335
little_mac,335
banagher_links,335
matsumi_kuro,335
matsukai_mao_(1st_costume),335
jaune_arc,335
darry_adai,335
gurren-lagann,335
rescue_officer_(pikmin),335
poliwhirl,335
takanashi_souta,335
howard_alt-eisen,335
billy_kid_(starlight),334
chainsaw_devil,334
guizhong_(genshin_impact),334
akizuki_kanna,334
vivid_bad_squad_miku,334
kitashirakawa_anko,334
adagumo_no_saragimaru,334
ladybug_(miraculous_ladybug),334
zaku_ii_s_char_custom,334
futagawa_fumi,334
umikaze_kai_ni_(kancolle),334
nekomata_okayu_(wonderland),334
daisy_duck,334
penguin_squad_(nikke),334
setanta_(fate),334
mona_(warioware),334
kreide_(arknights),334
chaika_trabant,334
momohime,334
kaela_kovalskia_(1st_costume),334
rio_rollins,334
lao_jiu,334
zeta_(summer)_(granblue_fantasy),334
portland_(azur_lane),334
hashimoto_nyaa,334
kira_tsubasa,334
ethan_(arknights),333
taira_no_kagekiyo_(fate),333
percival_(fate),333
mio_(arknights),333
kawajiri_kosaku,333
marsha_(reverse:1999),333
oomuro_hanako,333
sinistea,333
agent_8_(side_order),333
pesci,333
uchiha_madara,333
mesprit,333
yotsuya_miko,333
ceres_fauna_(jirai_kei),333
manaka_laala_(normal),333
erdos_helia,333
ginko_(mushishi),333
sinistcha,333
izmir,333
nuko_(shoujo_shuumatsu_ryokou),333
charon_(project_moon),333
ibuki_(swimsuit)_(blue_archive),332
irene_(kanniiepan),332
magical_mirai_miku_(2021),332
shinei_nouzen,332
st_ar-15_(mod3)_(girls'_frontline),332
abigail_williams_(swimsuit_foreigner)_(second_ascension)_(fate),332
inohara_masato,332
lucy_(reverse:1999),332
sanzu_haruchiyo,332
hazuki_nagisa,332
hulkling,332
nina_(girls_und_panzer),332
nanu_(pokemon),332
solgaleo,332
kubiwa_(kutan),332
yi_(arknights),332
marufuji_ryo,332
johan_andersen,332
lae'zel,332
oikura_sodachi,332
velvet_(sensual_rabbit)_(nikke),332
souji_(senran_kagura),332
cogita_(pokemon),332
hoshirube_sho_(1st_costume),332
nishimiya_shouko,332
shiro_(sewayaki_kitsune_no_senko-san),332
isayama_yomi,332
julius_juukulius,332
kurashiki_akane,332
phantom_(gavis_bettel),332
firefly_(ar-26710)_(honkai:_star_rail),331
oukawa_kohaku,331
kuon_(utawarerumono),331
selina_kyle,331
sawashiro_miyuki,331
hyper_blossom,331
sp//dr,331
white_rhinoceros_(kemono_friends),331
ludger_will_kresnik,331
gema,331
mime_jr.,331
pearl_fey,331
escha_malier,331
sigurd_(fire_emblem),331
royal_guard_(ragnarok_online),331
kousetsu_samonji,331
nakigitsune,331
fujiwara_no_iyozane,331
oosuzuki_kurara,331
saratoga_mk_ii_(kancolle),331
sakura_miko_(old_design),331
takao_(full_throttle_charmer)_(azur_lane),331
artemis_(fate),331
chatot,331
iris_wilson,331
dicta_striker_(umamusume),331
yveltal,330
asahina_hiyori,330
ayra_(fire_emblem),330
the_batter_(off),330
phoenix_reffaella,330
murakumo_(senran_kagura),330
iwado_anna,330
falling_devil_(chainsaw_man),330
papyrus_(arknights),330
tajikarao_(housamo),330
kittan_bachika,330
pearto,330
okonogi_yuuko,330
momose_ginko_(summer_loungewear),330
alia_(mega_man),330
rose_(pokemon),330
meili_portroute,330
frosmoth,330
spirit_blossom_ahri,330
hoshina_tomoko,330
queen_draco_(third_ascension)_(fate),330
can_(honkai_impact),330
iron_valiant,330
geodude,330
ushigome_rimi,330
jubilee_(marvel),330
kusuriuri_(mononoke),329
shitodo_hooaka,329
amou_kanade,329
problem_solver_sensei_(blue_archive),329
raiden_shogun_(magatsu_mitake_narukami_no_mikoto),329
painwheel_(skullgirls),329
red_hood_(nonsense_red)_(nikke),329
ena_(dream_bbq),329
ars_almal_(1st_costume),329
bakugou_mitsuki,329
egawa_kusumi,329
azusa_(cookie),329
t'au,329
blair_(soul_eater),329
mochizuki_hijiri,329
tonami_yuma,329
phantas-moon,329
milk_(cookie),329
arung_samudra_(cessa),329
scarlet_ibis_(kemono_friends),329
tsunetsuki_matoi,329
uboa,328
severian_lowell,328
mast_(romantic_maid)_(nikke),328
jean_(gunnhildr's_legacy)_(genshin_impact),328
tachibana_momoka_(bubukka),328
miyamae_shiho_(jack_dempa),328
sunbringer_(original)_(zenless_zone_zero),328
zun,328
kisaki_(school_uniform)_(blue_archive),328
yoshimura_thi_mai,328
dooby_(1st_costume),328
meiko_(vocaloid3),328
yuzuriha_(jigokuraku),328
yuuki_setsu,328
han_juri_(sf6_outfit_3),328
orochimaru_(naruto),328
yagami_kou,328
mizuki_seira,328
lycion,328
momiji_(blue_archive),328
tropius,328
magical_mirai_miku_(2025),327
negi_springfield,327
suo_hayato,327
marisa_(street_fighter),327
snow_white_(mahoiku),327
zibai_(genshin_impact),327
hidan_(naruto),327
xingchen,327
coconut_(nekopara),327
hisako_(angel_beats!),327
fuyou_kaede,327
kurama_(yu_yu_hakusho),327
biwa_hayahide_(pf._winning_equation...)_(umamusume),327
cinderella_(fairy_tale_character),327
bepo_(one_piece),327
slowbro,327
fusou_kai_ni_(kancolle),327
cure_fortune,327
mikuni_oriko,327
otegine,327
willard_h._wright,327
vigil_(arknights),327
shimamura_charlotte,327
pandreo_(fire_emblem),327
dragon_kid,327
mona_(pact_of_stars_and_moon)_(genshin_impact),327
nukumizu_kaju,326
hanako_(jibaku_shounen_hanako-kun),326
pantalone_(genshin_impact),326
yamazaki_sousuke,326
jin_qiu_(ru_shou)_(dislyte),326
phrenapates_(blue_archive),326
yuezheng_ling,326
nyubara_reona,326
meroron_(precure),326
laby_(elsword),326
bloom_(irys),326
cu_chulainn_(casual_wear)_(fate),326
nakabeni_yua,326
tezuka_rin,326
rouge_(unlucky_rabbit)_(nikke),326
francoise_arnoul,326
kofune_ushio,326
misaka_shiori,326
yagokoro,326
chiaki_(swimsuit)_(blue_archive),325
no_name_assassin_(fate),325
oscar_francois_de_jarjayes,325
daki_(kimetsu_no_yaiba),325
flutter_mane,325
mashiro_meme_(1st_costume),325
america_(female)_(hetalia),325
leylah_(honkai_impact),325
iansan_(genshin_impact),325
chitose_(stella_sora),325
cure_summer,325
ex_albio,325
punishing_bird,325
biko_pegasus_(umamusume),325
rope_(arknights),325
digitan_(porforever),325
juno_(overwatch),325
kiss-shot_acerola-orion_heart-under-blade_(young),325
tanino_gimlet_(embodiment_of_keravnos)_(umamusume),325
quiet_(metal_gear),325
fogado_(fire_emblem),325
giroro,325
shirayuki_mizore,325
fighting_miku_(project_voltage),325
ak-alfa_(girls'_frontline),325
nagumo_(sakamoto_days),325
sewaddle,325
nihilux_(honkai:_star_rail),324
ushi_gozen_(fate),324
amano_hina_(tenki_no_ko),324
aida_kensuke,324
therion_(octopath_traveler),324
jelly_hoshiumi,324
cherrim_(sunshine),324
surtr's_golem_(arknights),324
remoraid,324
cure_gelato,324
cat_(nyanko_daisensou),324
lycanroc_(dusk),324
sakura_ayane,324
terui_soushichi,324
kyurem,324
cure_mermaid,324
horizon_(apex_legends),324
peach_maki,324
teletha_testarossa,324
solaire_of_astora,323
rottytops,323
monk_(sekaiju),323
frillish,323
grisham_(pokemon),323
lora_(xenoblade),323
othinus,323
foongus,323
bashou_(senran_kagura),323
female_esper_zero_(nte),323
bearer_of_the_curse,323
cure_star,323
minato_aqua_(hololive_summer_2019),323
astarte_(surio),323
hori_masayuki,323
tanuki_(ame_to_kimi_to),323
presea_combatir,323
yuuki_sakuna_(3rd_costume),323
mafia_kajita,323
iwato_kasumi,323
janna_(league),322
floette_(eternal),322
suzuka_gozen_(swimsuit_rider)_(fate),322
zodiac_(sekaiju),322
mazinger_z_(mecha),322
multi_(to_heart),322
eric_cartman,322
tressa_colzione,322
primrose_azelhart,322
toki_(senran_kagura),322
kujou_riu,322
pinoko,322
kuya_(nu_carnival),322
yomiko_readman,322
mass_production_eva,322
ayase_honoka,322
arakune,322
dugtrio,322
arash_(fate),322
passenger_(arknights),322
tenko_shibuki_(1st_costume),322
toudou_naoya,321
baji_keisuke,321
matterhorn_(arknights),321
mp5_(girls'_frontline),321
siesta_(tantei_wa_mou_shindeiru),321
arjuna_(third_ascension)_(fate),321
beatrix_(ff9),321
toki_(abi-eshuh)_(blue_archive),321
orange_(touhou),321
aesc_(savior)_(fate),321
tsugikuni_yoriichi,321
ryoumen_sukuna_(true_form)_(jujutsu_kaisen),321
rita_rossweisse_(umbral_rose),321
silence_suzuka_(emerald_on_the_waves)_(umamusume),321
souchou,321
sawachika_eri,321
medea_lily_(fate),321
cure_rouge,321
larvesta,321
the_yuudachi-like_creature,321
mantis_(marvel),321
akami_karubi,320
kashimoto_riko,320
minase_sumomo,320
cetoddle,320
domyoji_karin,320
john_lackland_(fate),320
naima_(ado),320
eve_santaclaus,320
sunkern,320
nohara_shinnosuke,320
morino_korisu,320
impostor_(among_us),320
hanazawa_teruki,320
oosumi_kanon,320
cacnea,320
zara_due_(kancolle),320
akikawa_yayoi's_cat,320
unicorn_(long-awaited_date)_(azur_lane),320
awakened_miki,320
ribeyrolles_(girls'_frontline),320
leavanny,320
minato_tomoka,320
quaquaval,320
cure_la_mer,320
fierce_deity,320
emori_miku,320
cubchoo,320
lilith_(saikin_yatotta_maid_ga_ayashii),320
dera_mochimazzui,319
paladin_(sekaiju),319
sen_no_rikyu_(fate),319
yamato_aki,319
famine_devil_(chainsaw_man),319
female_corrin_(nohr_noble)_(fire_emblem),319
catra,319
kain_highwind,319
suomi_(midsummer_pixie)_(girls'_frontline),319
hatsune_miku_(noodle_stopper),319
filian_(vtuber),319
ishida_mitsunari_(sengoku_basara),319
astra_yao_(chandelier),319
sydney_(male)_(degrees_of_lewdity),319
blonney,319
elizabeth_bathory_(second_ascension)_(fate),319
cramorant,319
pola_(seaside_coincidence)_(azur_lane),319
nishikitaitei-chan,319
hapi_(fire_emblem),319
mr._mime,319
wurmple,318
himemiya_rie,318
oumi_shiori,318
arctic_fox_(kemono_friends),318
princess_ruto,318
originium_slug_(arknights),318
prunechi,318
cresselia,318
barbie_(character),318
swire_the_elegant_wit_(arknights),318
tentacruel,318
tail_(honkai:_star_rail),318
transcend_(zoku-zoku_gizmo)_(umamusume),318
yenisei_(reverse:1999),318
fall_guy,318
meteor_(arknights),318
ushiromiya_george,318
chiester45,318
deviruchi,318
martha_(rider)_(fate),318
inuyama_mana,318
poporing,318
kihara_tsumugu,318
kyouno_madoka,318
nerine,318
protean_assassin_melona,318
marisbury_animusphere,317
mash_kyrielight_(swimsuit_of_perpetual_summer_ver.02),317
mage_(dq3),317
sneasler,317
klonoa,317
gimmighoul_(roaming),317
cure_majesty,317
loran_cehack,317
amano_nene_(vtuber),317
nakahara_misaki,317
mameneko_(leos_vincent),317
hiyori_sou,317
zen'in_naoya,317
female_gunner_(dungeon_and_fighter),317
ushiromiya_kyrie,317
fuji_miyako_(real),317
haurchefant_greystone,317
fudou_akio,317
mitsumine_mashiro,317
sakasaki_natsume,317
kazami_mizuho,317
mihara_(nikke),317
namine_ritsu,317
utsugi_kotoko,316
sai_(naruto),316
type_100_(girls'_frontline),316
penpen,316
luna-p,316
leo/need_miku,316
serina_(christmas)_(blue_archive),316
dark_matter_(kirby),316
nyopu,316
niyon_(granblue_fantasy),316
sentinel_(reverse:1999),316
undertaker_(elden_ring),316
richeh_(tongari_boushi_no_atelier),316
locusta_(fate),316
thompson_(girls'_frontline),316
tashigi,316
con_(fate),316
ningguang_(orchid's_evening_gown)_(genshin_impact),316
super_sass_(girls'_frontline),316
vanilla_h,316
takahara_hairi,316
komaru_(himouto!_umaru-chan),315
peakychu,315
ashe_(overwatch),315
arima_miyako,315
tita_russell,315
pepe_the_frog,315
emperor_of_mankind,315
irie_miyuki,315
alice_(tales),315
minori_(senran_kagura),315
narukami_arashi,315
cloud_retainer_(genshin_impact),315
loremaster_(helltaker),315
live_twin_ki-sikil,315
fu_hua_(valkyrie_accipiter),315
sq_(gnosia),315
nirei_nozomi,315
yamada_(project_tokyo_dolls),315
chiron_(fate),315
xavier_olivette,315
heavy_cruiser_princess,315
merry_(ado),315
judal,315
alleyne_(queen's_blade),315
polyurethane_(psg),315
palmtop_tiger,315
snorunt,315
asmodeus_(umineko),315
astgenne_(arknights),315
ange_katrina_(summer_casual),314
reinhard_van_astrea,314
rain_mikamura,314
utsushimi_camie,314
gris_(go!_go!_gris!),314
chaos_space_marine,314
koyanagi_rou,314
shiroko_(young)_(blue_archive),314
tionishia,314
victorious_(kancolle),314
anila_(summer)_(granblue_fantasy),314
red_desire_(divine_raiment)_(umamusume),314
shiina_niki,314
sakuma_jirou,314
velvet_scarlatina,314
miyano_shiho,314
megumi_(girls_und_panzer),314
wakamiya_eve,314
black_delmo,314
ump45_(mod3)_(girls'_frontline),314
saber_lily_(third_ascension),314
ukraine_(hetalia),314
juujou_hiyori,314
scout_(tf2),314
lala_tramont,314
tseng,313
woobat,313
minneapolis_(kancolle),313
camille_(arknights),313
arcana_(reverse:1999),313
utsugi_uyu,313
sovetskaya_rossiya_(azur_lane),313
tamanami_(kancolle),313
fu_hua_(shadow_knight),313
kyan_reki,313
usagi-san,313
cofagrigus,313
magni_dezmond,313
amemura_ramuda,313
takamura_yui,313
elysia_de_lute_ima,313
helianthus_(girls'_frontline),313
castform,313
hakamada_hinata,313
peanuts-kun,313
takopii,313
lawine_(sousou_no_frieren),313
galaktika,313
kunosato_mio,313
gloom_(irys),313
fukiyose_seiri,313
valkyrie_(p&d),313
aria_wintermint,313
combee,312
megara_(disney),312
viktor_(arcane),312
ivor_(pokemon),312
shiina_(angel_beats!),312
raimon_natsumi,312
pixie_(megami_tensei),312
tamamo_(mon-musu_quest!),312
mirae_(closers),312
kinjo_maika,312
trailblazer_(trash_cake)_(honkai:_star_rail),312
shinohata_sachie_(hamsterfragment),312
old_man_(guin_guin),312
kimidori_emiri,312
towa_monaca,312
garie_tuman,312
mystia_lorelei_(bird),312
little_girl_admiral_(kancolle),312
curren_chan_(ma_cherie_of_the_new_moon)_(umamusume),312
monk_(final_fantasy),311
snow_white_(innocent_days)_(nikke),311
xerneas,311
eimi_(armed)_(blue_archive),311
karibuchi_hikari,311
furfrou,311
sunohara_youhei,311
executor_the_ex_foedere_(arknights),311
pieck_finger,311
kujaku_mai,311
queen_of_hearts_(alice_in_wonderland),311
anabuki_tomoko,311
gotland_(2020_race_queen)_(kancolle),311
ooyodo_kai_(kancolle),311
yoshida_ryouko,311
takamine_noa,311
boryeon_(last_origin),311
arsalan_(housamo),311
kosma,311
kohaku_(yua),311
sunny_(hospital_gown)_(omori),311
miyoshi_sana,311
langley_(path_to_nowhere),310
harley_quinn_(classic),310
special_week_(hopp'n_happy_heart)_(umamusume),310
coquelic_(path_to_nowhere),310
sharkry_(girls'_frontline_2),310
alluka_zoldyck,310
totsuki_shiina,310
galarian_rapidash,310
invisigal_(dispatch),310
giuseppe_garibaldi_(kancolle),310
narusegawa_naru,310
luthar_(fate),310
junkrat_(overwatch),310
knight_(dungeon_and_fighter),310
carbuncle_(reverse:1999),310
tsumugi_kokage,310
wanderer_(mega_mgc_coffee)_(genshin_impact),310
ibaraki_douji_(third_ascension)_(fate),310
exs-tia_flora,310
lecia_(granblue_fantasy),310
medic_(sekaiju_4),309
fumizuki_(azur_lane),309
mousse_(duck)_(ranma_1/2),309
takamiya_rion_(1st_costume),309
mandragora_(ange_katrina),309
matangomu-chan,309
osage_(nukunuku_nigirimeshi),309
eiai_nano,309
ksvk_(girls'_frontline),309
strohl_(metaphor:_refantazio),309
zapstring_(wuthering_waves),309
higuruma_hiromi,309
damian_wayne,309
isokaze_(azur_lane),309
soda_(twinkling_bunny)_(nikke),309
winda_(yu-gi-oh!),309
urahara_kisuke,309
diddy_kong,309
sig_mcx_(girls'_frontline),309
oatchi_(pikmin),309
fujimaru_ritsuka_(male)_(summer_street),309
matsuo_chizuru,309
meliodas,309
lanturn,309
samsung_sam,309
roromiya_karuta,309
nagumo_haruya,309
barbara_gordon,309
glameow,309
mococo_abyssgard_(casual),309
rufus_shinra,308
kokushibou,308
suzuran's_father_(arknights),308
male_shez_(fire_emblem),308
uxie,308
kamen_rider_faiz,308
euryale_(third_ascension)_(fate),308
hero_(dq8),308
lilith_(first_ascension)_(fate),308
asanaka_yomogi,308
elsa_granhiert,308
magneton,308
guilmon,308
male_morgan_(fire_emblem),308
obey_your_master_(umamusume),308
kalpas_(honkai_impact),308
team_spica's_trainer,308
verina_(wuthering_waves),308
samurai_(7th_dragon_series),308
piyomon,308
golden_delmo,308
fu_hua_(taixuan_impression),308
super-shorty_(girls'_frontline),308
cure_kyunkyun,308
mori_nagayoshi_(fate),307
nurse_robot_type_t,307
koshigaya_natsumi,307
nemesis_(resident_evil),307
justina_follower_(blue_archive),307
beldum,307
nephenee_(fire_emblem),307
kanan_(kanan-sama),307
vanilla_the_rabbit,307
dante_alighieri_(fate),307
sendo_yuuhi,307
charlotte_pudding,307
carro_pino,307
dewgong,307
dark_miku_(project_voltage),307
orion_(bear)_(fate),307
hakuryuu_(azur_lane),307
witch_mercy,307
shisui_kiki,307
ena_(ena),307
cheyanne_(girls'_frontline_2),307
kokkoro_(summer)_(princess_connect!),307
sebastian_de_tomato_smith_chicken_legs,307
lieza_(arc_the_lad),307
tenshinhan,307
vil_schoenheit,307
souryuu_kai_ni_(kancolle),306
lust_(fma),306
sekine_shiori,306
snow_white_(sinoalice),306
incredible_ecclesia_the_virtuous,306
shuten_douji_(festival_outfit)_(fate),306
monoe,306
tamura_hiyori,306
mirai_(kemono_friends),306
izuna_(shinrabanshou),306
hiei_(yu_yu_hakusho),306
dorothy_(princess_principal),306
resna_sternenlicht,306
nishizono_chigusa,306
tentacool,306
siberian_tiger_(kemono_friends),306
okada_akane,306
delutaya,306
koshi_torako,306
tatsumi_koutarou,306
noah_(fate),305
last_rite_(arknights),305
female_protagonist_(pokemon_ww),305
washington_(azur_lane),305
mudsdale,305
charlotte_(fire_emblem),305
sunset_shimmer_(human),305
yuri_leclerc,305
ariake_(kancolle),305
ursula_callistis,305
kinomoto_sakura_(clear_wings),305
feiqizi_(fkey),305
tsukine_kona,305
hikigaya_komachi,305
rurima_(cookie),305
gordie_(pokemon),305
eiscue_(ice),305
kiyal_bachika,305
maou_beluzel,305
nanami_haruka,305
nakamachi_arale,305
usami_taiga,305
suzumi_nemo,305
yohane_bonaventura,305
tatsugiri_(stretchy),305
kanda_mizuki,305
lilith_(swimsuit_rider)_(first_ascension)_(fate),304
usagi_(chiikawa),304
geralt_of_rivia,304
edward_newgate,304
freddy_fazbear,304
buddha,304
sabin_rene_figaro,304
neneka_(princess_connect!),304
layna_lazar,304
poo_(mother_2),304
scyther,304
khiara_(personal_ami),304
mayer_(arknights),304
star_guardian_lux,304
abra,304
crowley_(good_omens),304
lunch_(bad)_(dragon_ball),304
theresa_apocalypse_(valkyrie_pledge),304
sophocles_(pokemon),304
trubbish,304
fnc_(girls'_frontline),304
raticate,304
ani_(xai),304
valencina_(project_moon),304
yashiro_nene,303
sage_harpuia_(mega_man),303
xu_fu_(first_ascension)_(fate),303
olruggio_(tongari_boushi_no_atelier),303
ophilia_clement,303
laegjarn_(fire_emblem),303
shikyoin_hibiki,303
escalayer,303
fujiki_yusaku,303
lyre_(fire_emblem),303
jessie_rasberry,303
yamato_maya,303
matsumura_fuuka,303
queen_draco_(second_ascension)_(fate),303
sonoda_yuu,303
godzilla_(shin),303
viichan,303
akashi_seijuurou,303
amemiya_nazuna,303
narwhal_(kemono_friends),303
caren_hortensia_(amor_caren)_(second_ascension),303
belgium_(hetalia),303
enna_alouette_(1st_costume),303
iijima_yun,303
reed_richards,303
hollow_knight_(character),303
amagi_kai_(kancolle),303
rathalos,303
himeno_kanon,303
fusou_(azur_lane),303
kajiki_yumi,303
nakiri_ayame_(girly),303
project_bunny,303
dark_samus,302
roto_(kanae),302
katana_man_(chainsaw_man),302
chat_noir,302
tokoyami_towa_(underworld_uniform),302
kalim_al-asim,302
hitoyo_(baffu),302
gundam_exia,302
kamiki_mikami,302
makino_ruki,302
minami_koharu,302
eagle_spirit_(touhou),302
morelull,302
yandere-chan_(ramchi),302
tsuyuri_kumin,302
momoyama_mirai,302
akira_ferrari,302
vivi_(ac8231),302
drednaw,302
ninten,302
momosuzu_nene_(old_design),302
floyd_leech_(eel),302
houshou_kirika,301
sion_eltnam_sokaris,301
youngster_(pokemon),301
emilie_(genshin_impact),301
raito-kun_(uenomigi),301
chlorella_observation_club_member_(blue_archive),301
arjuna_(second_ascension)_(fate),301
bruno_(yu-gi-oh!),301
shizuki_soujuurou,301
haruka_(dress)_(blue_archive),301
kokado_shido_(domo),301
ryofu_housen_(ikkitousen),301
jack_krauser,301
harusaruhi,301
tamade_chiyu,301
oliver_(vocaloid),301
claus_(mother_3),301
lost_robin_rondo,301
inami_rai,301
zenos_yae_galvus,301
sayama_youtarou,301
mayuzumi_kai,301
hoshizaki_akari,301
japanese_wolf_(kemono_friends),301
hie_(hiememiko),301
jaye_(arknights),301
magical_mirai_miku_(2018),301
gastrodon,301
velvet_(odin_sphere),301
air_shakur_(unsigned)_(umamusume),301
cine_hamal,301
hephaestus_(housamo),301
futaba_aoi_(vividred_operation),301
tora_(xenoblade_2),301
hastur_(nyaruko-san),300
napstablook,300
nanami_mami,300
kudou_fuyuka,300
justia_(brown_dust),300
alice_(megami_tensei),300
kawashima_sapphire,300
shion_(tensura),300
rude_(ff7),300
levi_the_slasher,300
female_tyrant_(swimsuit)_(stella_sora),300
myaku-myaku,300
cyber-elf_x_(mega_man),300
shizumi_suzune,300
helen_(girls'_frontline_2),300
biscione_(fate),300
knight_(yu-gi-oh!),300
cindy_aurum,300
usada_pekora_(furi_furi_bunny_dress),300
zangyaku-san,300
saber_alter_(gothic_lolita),300
taihou_(phoenix's_spring_song)_(azur_lane),300
hakamichi_shizune,300
seiryuu_(kemono_friends),300
hippolyta_(fate),300
kazuno_leah,300
dipplin,300
ookuma_satomi,300
kino_himari,300
bob-omb,300
chiya_(urara_meirochou),300
ouroboros_(girls'_frontline),300
guilty_(nikke),299
isayama_mami,299
naruse_mio,299
sakamata_chloe_(summer_2022),299
regensburg_(azur_lane),299
yuki_miku_(2018),299
lina_(michihasu),299
olive_laurentia,299
mizuki_kotori_(yu-gi-oh!),299
craig_tucker,299
silver_chariot,299
star_butterfly,299
wiglett,299
priscilla_the_crossbreed,299
astolfo_(saber)_(third_ascension)_(fate),299
anne_(shingeki_no_bahamut),299
kagamihara_sakura,299
vanessa_(kof),299
taishakuten_(onmyoji),299
pierre_bichelberger,299
alice_(deemo),299
katsushika_hokusai_(traveling_outfit)_(fate),299
kuroshio_kai_ni_(kancolle),299
mine_(idol)_(blue_archive),299
kokona_(swimsuit)_(blue_archive),299
e._honda,298
lloyd_bannings,298
aru_(new_year)_(blue_archive),298
togami_byakuya_(danganronpa_2),298
tayama_(super_no_ura_de_yani_suu_futari),298
azuki_azusa,298
kouhai-chan_(douki-chan),298
tobisawa_misaki,298
toyama_daifuku,298
yukizome_chisa,298
ike_eveland_(1st_costume),298
medama_oyaji,298
sophia_esteed,298
douki-kun_(douki-chan),298
fu_shun_(touqi_guaitan),298
yashio_rui,298
sugamo_mutsuki,298
urd_(aa_megami-sama),298
matsumi_yuu,298
willow_(reverse:1999),298
mamiya_takuji,297
forever_young_(racing)_(umamusume),297
ty_lee,297
kate_(shadows_house),297
privaty_(sharp_lesson)_(nikke),297
uchida_momo,297
nana_(ice_climber),297
wakaba_mutsumi_(doll),297
dewott,297
no_reason_(umamusume),297
makina_(blue_archive),297
azuki_(nekopara),297
hellhound_(monster_girl_encyclopedia),297
satono_crown_(emerald_journey)_(umamusume),297
long_island_(azur_lane),297
takamine_takane,297
nemesis_(girls'_frontline_2),297
raqio,297
jack_skellington,297
ethel_(xenoblade),297
saria_(the_law)_(arknights),297
black_jaguar_(kemono_friends),297
kawamura_reo,297
martha_(swimsuit_ruler)_(third_ascension)_(fate),297
valkyrie_(vnd),297
kamikoshi_sorawo,297
xemnas,297
gridman_(character),297
tohno_shiki_(original),297
padparadscha_(houseki_no_kuni),297
ichinose_honami_(youjitsu),297
sacred_claire,297
takayama_maria,297
kiryu_tsukasa_(idolmaster),297
oozora_subaru_(loungewear),297
armarouge,297
oczy,296
rien_(project_moon),296
charlotte_katakuri,296
cassandra_cain,296
vepley_(girls'_frontline_2),296
himeko_(nova)_(honkai:_star_rail),296
eunectes_(forgemaster)_(arknights),296
night_seeker_(sekaiju),296
kinu_kai_ni_(kancolle),296
sara_(granblue_fantasy),296
atago_(school_traumerei)_(azur_lane),296
akino_kaede,296
ibuki_(azur_lane),296
v-mon,296
turbo_byakuren,296
aoi_nagisa,296
jett_(valorant),296
cithis,296
alpha:_crimson_abyss_(pgr),296
motomiya_daisuke,296
kachimachi_kosuzu_(summer_loungewear),296
gundula_rall,296
ash_lynx,296
kikuri_(touhou),296
kizaru_(one_piece),296
mitachurl_(genshin_impact),296
gouden_leeuw_(azur_lane),296
ookami_ryouko,296
double_(skullgirls),296
cham-p,295
sparxie_(candy-coated_waves)_(honkai:_star_rail),295
shitodo_aoji,295
drizzile,295
kanzaki_hideri,295
haruka_karibu,295
tenzin_(arknights),295
laguna_loire,295
pina_(blue_archive),295
bokoblin,295
k/da_all_out_ahri,295
aya_(project_tokyo_dolls),295
miyako_(young)_(blue_archive),295
butter_(trickcal),295
wakabayashi_tomoka,295
adelbert_steiner,295
godzilla_(monsterverse),295
misuzu_(blue_archive),295
tsukishima_shijima,295
princess_tutu_(character),295
ember_(selen_tatsuki),295
darumaka,295
tenochtitlan_(first_ascension)_(fate),295
symboli_kris_s_(onyx_soldier)_(umamusume),295
kumacy,294
asahi_(kancolle),294
nina_(breath_of_fire_iv),294
nina_(breath_of_fire_iii),294
hattori_shizuka,294
huntress_wizard,294
shelly_(pokemon),294
makinami_(kancolle),294
might_guy,294
james_moriarty_(ruler)_(fate),294
arimura_hinae,294
koopa_troopa,294
female_alear_(seaside_dragon)_(fire_emblem),294
vega_(street_fighter),294
female_kana_(fire_emblem),294
bradamante_(third_ascension)_(fate),294
mousse_(arknights),294
star_force_mega_man,294
suou_amane,294
colossal_titan,294
wavecat_(blue_archive),294
okino_tsukasa,294
ishikirimaru,294
miss_christine_(arknights),294
seolla_schweizer,294
amakusa_juuza,294
kiryu_kuro,294
paladin_(ragnarok_online),294
yamato_suzuran,294
cinccino,294
mephisto_(arknights),294
nakamura_okuto,293
gary_oak,293
yato_(arknights),293
wendy_(wendy's),293
regice,293
saotome_noa,293
adora_(she-ra),293
g36c_(girls'_frontline),293
wynn_the_wind_charmer,293
algerie_(azur_lane),293
hasegawa_langa,293
dang_(runescape),293
cinnamon_(nekopara),293
eldegoss,293
amahane_madoka,293
sothe_(fire_emblem),293
shirakami_fubuki_(hololive_summer_2019),293
cottonee,293
polyester_(psg),293
karol_capel,293
hiizumi_rinne,293
kure_kirika,293
galarian_zigzagoon,293
shishiou_(touken_ranbu),293
fukada_ichika,293
asanagi_yori,293
suzuya_juuzou,293
zaraki_kenpachi,293
altair_(re:creators),293
shi_huang_di_(fate),293
noda_(angel_beats!),292
hiiragi_kozue,292
aria_(human)_(discordant_note)_(zenless_zone_zero),292
batsu_miku,292
crusch_karsten,292
haruka_(new_year)_(blue_archive),292
kusunoki_yua,292
kingu_(fate),292
debi_(black_survival),292
chariot_(black_rock_shooter),292
towa_(slow_damage),292
bai_(granblue_fantasy),292
tendo_teru,292
noel_(cookie),292
nurse_dragonmaid,292
shingyoku_(female)_(touhou),292
pattadol,292
pkp_(girls'_frontline),292
qubeley,292
tsukikawa_chili,292
koyanskaya_(assassin)_(second_ascension)_(fate),292
sawamura_daichi,292
touyama_nao,292
hootsie_(nanashi_mumei),292
zhu_bajie,292
fecto_elfilis,292
unohana_yachiru,292
rubuska,292
faust_(arknights),292
pela_(honkai:_star_rail),291
sideroca_(light_breeze)_(arknights),291
hiita_(yu-gi-oh!),291
blanc_(fortune_express)_(nikke),291
alita,291
bugsy_(pokemon),291
kozukata_yuuri,291
totsuka_saika,291
kyururu_(kemono_friends),291
hakase_fuyuki_(1st_costume),291
kaneda_shoutarou_(akira),291
maid-chan_(ramchi),291
amajiki_tamaki,291
ganusgil,291
minerva_(fire_emblem),291
ed_(street_fighter),291
relena_peacecraft,291
tynamo,291
sabito_(kimetsu),291
kitazawa_hagumi,291
nyarla_(osiimi),291
ichii_tooru,291
yorda,291
beelzebub_(umineko),291
haneyama_kazuho,290
melantha_(arknights),290
tibetan_fox_(kemono_friends),290
kamiya_kaoru,290
kaname_junko,290
sumomo_(blue_archive),290
r_dorothy_wayneright,290
sawada_tsunayoshi,290
kukuri_(mahoujin_guruguru),290
doppio_dropscythe,290
finneon,290
yamask,290
cutie_honey_(character),290
sei_shounagon_(swimsuit_berserker)_(first_ascension)_(fate),290
slither_wing,290
himeru_(ensemble_stars!),290
lala_(monster_musume),290
urashima_kotetsu,290
gaap_(umineko),290
takatsuki_ichika,290
li_zeyan,290
floating_fortress_(kancolle),290
shiva_(final_fantasy),290
tri_(zelda),290
servine,289
koby_(one_piece),289
fudou_akira,289
furen_e_lustario_(1st_costume),289
lucio_(project_moon),289
pardofelis_(reverist_calico),289
argus_(reverse:1999),289
kisaki_(kiki)_(blue_archive),289
s-snake,289
arulumaya,289
brooke_(mleth),289
marta_lualdi,289
cure_bloom,289
ishizu_ishtar,289
erica_fontaine,289
maria_traydor,289
sandrone_(the_final_gift)_(genshin_impact),289
origami_cyclone,289
super_creek_(chiffon-wrapped_mummy)_(umamusume),289
lina_kontiola,289
deirdre_(fire_emblem),289
hana_(pangya),289
guillotine_(nikke),288
noya_(stella_sora),288
lantern_(honkai_impact),288
jia_qiu_(project_moon),288
porygon2,288
nikkari_aoe,288
itsuka_shido,288
ienaga_mugi,288
hiyama_kiyoteru,288
ingrid_brandl_galatea_(timeskip),288
shiny_chariot,288
nanashi_mumei_(new_year),288
yang_nari,288
nekomura_iroha,288
fuwawa_abyssgard_(casual),288
stellar_loussier,288
viper_(valorant),288
milky_rose,288
medic_(tf2),288
cerberus_(shingeki_no_bahamut),288
powered_ciel,288
z1_leberecht_maass_(swimsuit)_(kancolle),288
commander_shepard,288
ren_kougyoku,288
swiftsure_(azur_lane),288
excadrill,288
adiane,288
sovetsky_soyuz_(azur_lane),288
kiroranke,288
kousaka_china,288
more_more_jump!_miku,288
kakavasha_(honkai:_star_rail),288
shizuku_(kantoku),288
fei_rune,288
c.c._lemon_(character),288
li_meiling,288
curren_chan_(casual)_(umamusume),288
tangrowth,288
fairy_(zenless_zone_zero),287
vivian_(paper_mario),287
indigo_(arknights),287
phainon_(fashion)_(honkai:_star_rail),287
marlene_(black_survival),287
black_suit_(blue_archive),287
charles-henri_sanson_(fate),287
genjii_(touhou),287
hoshina_soshiro,287
tamamo_jk_(fate),287
hoshino_(second_year)_(blue_archive),287
springfield_(stirring_mermaid)_(girls'_frontline),287
itou_shinji_(chaos;child),287
rilakkuma,287
remnan_(gnosia),287
nel_zelpher,287
octillery,287
nakaseko_kaori,287
yunomiya_agari,287
aloe_(quiz_magic_academy),287
hayate_immelmann,287
asmoday_(genshin_impact),287
tsurumi_chiriko,287
tailred,287
ninomae_ina'nis_(new_year),287
tarou_tachi,287
death_(puss_in_boots),287
nakigitsune's_fox,287
ariel_(oukoku_no_shugo_tenshi),287
virginia_maxwell,287
huttslayer_leia,287
fubukihime,287
feena_fam_earthlight,287
meyrin_hawke,287
drowzee,286
enmu_(kimetsu_no_yaiba),286
yamanin_zephyr_(fluttertail_spirit)_(umamusume),286
aizawa_tomo,286
sethos_(genshin_impact),286
eria_the_water_charmer,286
u-47_(azur_lane),286
mitarai_shouta,286
sessyoin_kiara_(swimsuit_mooncancer)_(first_ascension),286
suzuka_utako,286
rulue_(puyopuyo),286
raphiel_shiraha_ainsworth,286
delthea_(fire_emblem),286
chypre_(precure),286
taira_no_fumikado,286
centiskorch,286
rama_(fate),286
sekomumasada_sensei,286
manhattan_cafe_(casual)_(umamusume),286
athena_glory,286
re_mii,286
manectric,286
kitakoji_hisui,286
togashi_yuuta,286
electro_emilia,286
ishida_uryuu,286
houshou_marine_(roomwear),286
pika_(pokemon),286
chishima_mako,286
garen_(league),285
bison_(arknights),285
iijima_renka,285
murasaki_shikibu_(swimsuit_rider)_(first_ascension)_(fate),285
chofu_noriko,285
blonde_blazer,285
sophie_twilight,285
kaida_haru,285
katou_hazuki,285
krolik_(girls'_frontline_2),285
miya_osamu,285
white_dragon_(kemono_friends),285
usada_pekora_(prisoner),285
saionji_kotoka,285
eliza_(skullgirls),285
drossel_von_flugel,285
karma_(nakiri_ayame),285
i-19_(azur_lane),285
yui_(ceremonial)_(princess_connect!),285
rerir_(genshin_impact),285
grimmsnarl,285
kosaka_yukiho,285
en_ciel_rena_(sin),285
lagann,285
nun_bora,285
mejiro_mcqueen_(casual)_(umamusume),285
kaonashi,285
inugami_korone_(street),285
tweek_tweak,285
oozora_subaru_(police),285
ray_(yakusoku_no_neverland),285
dhalsim,285
nazuna_(hidamari_sketch),285
murata_ugetsu,285
ronove_(umineko),285
archeops,285
plumeria_(pokemon),284
chu_wanning,284
kasamoto_eri,284
thelema_nutriscu_(mad_pleasure:_shadowbringer),284
yoko_(splatoon),284
senri_akane,284
otogibara_era,284
kamishirasawa_keine_(hakutaku),284
huang_(granblue_fantasy),284
aozora_kyoka,284
guam_(azur_lane),284
raven_(honkai_impact),284
hubert_oswell,284
enigma_(reverse:1999),284
carcano_m1891_(girls'_frontline),284
gotou_moyoko,284
albaz_(yu-gi-oh!),284
exeggutor,284
sakaki_yumiko,284
gawr_gura_(party_dress),284
goinkyo,284
anzai_romi,284
toona,284
kokoro_(darling_in_the_franxx),284
saotome_mary,284
imai_kana,284
hijikata-san_(m.m),284
moomintroll,284
kamijo_haruna,284
tifa_lockhart_(cowgirl),283
yanma,283
suzuki_tsudumi,283
liliruca_arde,283
hishi_amazon_(azure_amazon)_(umamusume),283
vector_(girls'_frontline_2),283
olivier_mira_armstrong,283
huyan_zhuo_(swimsuit_berserker)_(fate),283
rir-chan,283
robo_(chrono_trigger),283
ishigaki_(kancolle),283
sapling_(ceres_fauna),283
legoshi,283
takitsubo_rikou,283
nah_(fire_emblem),283
linie_(sousou_no_frieren),283
tomoe_gozen_(third_ascension)_(fate),283
zakuro_(rariatto),283
frankenstein's_monster_(swimsuit_saber)_(first_ascension)_(fate),283
margaretha_sorin,283
miyako_(princess_connect!),283
kecleon,283
alolan_meowth,283
zooble_(the_amazing_digital_circus),283
philia_(fate),283
shoukaku_(sororal_wings)_(azur_lane),283
hiiragi_nemu,282
aisha_greyrat,282
sun-d,282
michi_mochievee,282
white_mage_(fft),282
epiphaneia_(umamusume),282
dandelion_(girls'_frontline),282
demian_(project_moon),282
yoshizawa_sumire,282
sokrates_(touhou),282
i-201_(kancolle),282
sense_(sousou_no_frieren),282
calne_ca_(deino),282
predator_(character),282
monarch_amalee,282
konori_mii,282
lute_(fire_emblem),282
u-1196,282
lindy_harlaown,282
aya_brea,282
nidoran_(male),282
super_sailor_mercury,282
marshtomp,282
chinatsu_(hot_spring)_(blue_archive),282
fighting_master_alleyne,282
buzzwole,282
joker_(cookie),282
aizen_kunitoshi,282
rookidee,282
chibita,282
belphegor_(umineko),282
bebe-tan,282
skuld_(aa_megami-sama),282
sumeragi_setsuna,282
asama_tomo,282
monkey_d._garp,282
ren_zotto,282
rosanna_(chic_ocean)_(nikke),281
tatl,281
venonat,281
nevada_(kancolle),281
igrene_(fire_emblem),281
cinderella_(glass_princess)_(nikke),281
hisui_(cookie),281
2p_(nier:automata),281
shirayuki_noa,281
bellezza_felutia,281
audrey_burne,281
healslime,281
eri_(pokemon),281
sachiel_(evangelion),281
qiyana_(league),281
shiiba_tsumugi,281
helma_lennartz,281
strider_hiryuu,281
botan_(yu_yu_hakusho),281
helena_blavatsky_(third_ascension)_(fate),281
altera_the_santa_(fate),281
himawari-san_(character),281
kangaskhan,281
britomart_(fate),281
dorothy_(serendipity)_(nikke),281
march_7th_(nascent_spring)_(honkai:_star_rail),281
ohno_kanako,281
kayn_(league),280
hattrem,280
judith_lanster,280
mifune_fumiko,280
mary_(medical_rabbit)_(nikke),280
firis_mistlud,280
futaba_minato,280
ye_shiyuan,280
kuroi_mato,280
roboco-san_(hoodie),280
naked_snake,280
meru_(blue_archive),280
kuroe_(madoka_magica),280
karulau,280
elfuda_(elf-san_wa_yaserarenai.),280
el_(girls_und_panzer),280
shiranui_(nakiri_ayame),280
scarlet_(black_shadow)_(nikke),280
asashio_(halloween)_(kancolle),280
folinic_(arknights),280
kyouno_natsumi,280
araki_nonoka_(takano_tomohiro),280
sakura_(nikke),280
zuikaku_kai_(kancolle),280
mikeneko_(vtuber),280
nanase_riku,280
bastet_(p&d),280
kamiki_mirai,280
kaneshiya_sitara,280
ka-class_submarine,280
yoshida_kazumi,280
fulgur_ovid,280
seth_(deltarune),280
loki_(fire_emblem),280
yawata_maru_(kancolle),280
blissey,280
ajax_(azur_lane),280
lilka_eleniak,280
akatsuki_(log_horizon),280
zz_gundam,279
hirose_aiki,279
kinon_bachika,279
kurata_sayuri,279
langley_(kancolle),279
yakuzen_kusuri,279
nekota_tsuna_(1st_costume),279
shiratsuyu_(swimsuit)_(kancolle),279
ooshima_isuzu,279
morpho_knight,279
pinsir,279
katsuragi_kai_(kancolle),279
hk416_(mod3)_(girls'_frontline),279
yuugenmagan,279
hoshimachi_suisei_(maid),279
conte_di_cavour_nuovo_(kancolle),279
yuyaki_(senran_kagura),279
cinque_(nanoha),279
kanne_(sousou_no_frieren),279
cecil_damon,279
retoree_(show_by_rock!!),279
dom_(mobile_suit),279
maga-g,279
ignatz_victor,279
cure_coral,279
carbuncle_(final_fantasy),279
hachisuka_kotetsu,279
akutagawa_ryuunosuke_(bungou_stray_dogs),278
jessica_rabbit,278
duke_of_york_(azur_lane),278
unown_a,278
sawatari_akane_(chainsaw_man),278
potpourri_(precure),278
haruna_(new_year)_(blue_archive),278
gon-san,278
pincurchin,278
firelight_ekko,278
v'ehxness,278
formaggio,278
winning_ticket_(get_to_winning!)_(umamusume),278
minstrel_(ragnarok_online),278
canal_vorfeed,278
angelica_rafa_redgrave,278
mirage_farina_jenius,278
vanilla_ice,278
maaryan_(to_heart),278
g-spring_goddess_(ishiyumi),278
tendou_kasumi,278
urshifu,278
rakan_(league),278
persian_(pokemon),278
oracle_(persona_5),277
king_(one_piece),277
inaba_haneru,277
shiozaki_suzume,277
nicole_(class_of_09),277
spinarak,277
matt_(eddsworld),277
gotland_andra_(kancolle),277
gambit_(x-men),277
mikado_akira_(cho_kaguya-hime!),277
space_ereshkigal_(fate),277
igarashi_rika_(1st_costume),277
setsuna_(fire_emblem),277
venom_snake,277
shingyoku_(male)_(touhou),277
giacomo_(pokemon),277
sparkle_(school_uniform)_(honkai:_star_rail),277
gadabout_(dq3),277
konoe_a._mercury,277
frog_(chrono_trigger),277
amatsuka_uto,277
hakumen,277
yggdrasil_(granblue_fantasy),277
hige_habahiro,277
elisia_valfelto,277
tapu_lele,277
menou_kaname_(taishi),277
jum-p,277
suzuno_fuusuke,277
basil_(birthday)_(omori),276
hitori_bocchi,276
dulcinea_(project_moon),276
mogador_(locker_room_lechery)_(azur_lane),276
gardevoir_(fashionable),276
nolan_grayson,276
futaba_rio,276
winged_kuriboh,276
aoyama_blue_mountain,276
chouno_ami,276
richard_i_(second_ascension)_(fate),276
yuuki_noa,276
fujiyoshi_harumi,276
sasaki_kanna,276
jigen_(cookie),276
kurumi_(kantoku),276
jeanne_d'arc_alter_(violette_vengeur)_(fate),276
itou_nobue,276
iris_(stella_sora),276
hisuian_decidueye,276
holstein_friesian_cattle_(kemono_friends),276
harusaki_nodoka,276
katano_sukune,276
mo_ran,276
zooey_(summer)_(granblue_fantasy),276
minami_kotori_(bird),275
pipkin_pippa_(1st_costume),275
mystery_(kpop_demon_hunters),275
mashiro_tomoya,275
sawsbuck,275
maushold,275
springfield_(girls'_frontline_2),275
kuronami_(lvi),275
domon_kasshu,275
tasmanian_devil_(kemono_friends),275
sawaguchi_mai,275
fujishima_megumi_(winter_loungewear),275
pyotr_(madoka_magica),275
magical_mirai_miku_(2019),275
cicin_mage_(genshin_impact),275
kururun_(precure),275
hoshimiya_mukuro,275
zigzagoon,275
greedent,275
saratoga_(warship_girls_r),275
shirogane_noel_(dirndl),275
kurokawa_chiaki,275
kaname_tatsuya,275
saotome_berry,275
professor_niyaniya_(teacher)_(blue_archive),275
myrtle_(summer_flowers)_(arknights),275
abaddon_(haunted_hotel),275
onjouji_toki,275
hayase_mitsuki,275
rhydon,275
indeedee,275
rose_(blackpink),275
seulbi_lee,275
mickey_krog,275
ifa_(genshin_impact),274
sango_(inuyasha),274
ziz_(nikke),274
terapagos_(normal),274
cure_eclair,274
torgal_(ff16),274
momo_(juukyuu),274
noctowl,274
rogue_titan,274
gavis_bettel_(1st_costume),274
petra_macneary_(timeskip),274
tentomon,274
zacian_(crowned),274
kunkun,274
norman_(yakusoku_no_neverland),274
gosegu,274
exs-tia_chevalier_(exs-tia_2),274
hoshimachi_suisei_(shout_in_crisis),274
rebecca_(one_piece),274
necrozma,274
chien-pao,274
satan_(puyopuyo),274
ilfa_(to_heart),274
bai_ling_(touqi_guaitan),274
primula,274
patrick_star,274
yadomi_jinta,274
sasamori_karin,274
poipole,273
jennie_(blackpink),273
meryl_stryfe,273
ayase_mayoi,273
aoba_tsumugi,273
suzuki_masaru,273
yennefer_of_vengerberg,273
onion_knight,273
alpha:_crimson_weave_(pgr),273
son_gohan_(future),273
francois_prelati_(fate),273
noibat,273
blackbuck_(kemono_friends),273
inuzuka_kiba,273
kawashiro_mitori,273
clay_(nikke),273
akai_shuuichi,273
yuki_miku_(2013),273
kenshiro,273
emerada_(xenogears),273
dogoo,273
lisa_(blackpink),273
kiyohime_(swimsuit_lancer)_(third_ascension)_(fate),273
richard_(tales),273
oda_nobunaga_(swimsuit_berserker)_(second_ascension)_(fate),273
canaan_(character),273
daan_(fear_&_hunger),273
wakabayashi_iori,273
izayoi_miku,272
flint_(pokemon),272
rum_(girls_und_panzer),272
minori_(blue_archive),272
sonya_(fire_emblem_gaiden),272
fumino_tamaki,272
hamakaze_(yukata)_(kancolle),272
mega_starmie,272
takakura_kanba,272
octavio,272
emma_woods,272
shirayuki_tomoe_(1st_costume),272
serge_(chrono_cross),272
asuna_(stacia)_(sao),272
98se-tan,272
noir_vesper,272
gundam_barbatos,272
camieux,272
poppi_alpha_(xenoblade),272
saber_alter_(swimsuit_rider)_(first_ascension),272
nhk_(voiceroid),272
hitou_nami,272
ashitaka,272
shiraki_meiko,272
sakura_miko_(work),272
mitarashi_anko,272
aiba_uiha,272
jeremiah_gottwald,272
queen_draco_(first_ascension)_(fate),272
engineer_(tf2),272
tenochtitlan_(swimsuit_mooncancer)_(third_ascension)_(fate),272
shamu_meruruusa,272
shockwave_(transformers),272
terrance_rainer,272
rinkou_ashelia,271
baobhan_sith_(third_ascension)_(fate),271
ember_amane,271
salazzle,271
hoederer_(arknights),271
princess_luna,271
eternal_sailor_moon,271
kugimiya_rie,271
faust_(guilty_gear),271
raphael_kirsten,271
croconaw,271
maehara_shinobu,271
present_mic,271
alder_(pokemon),271
yamada_hifumi,271
hiwatashi_nazuna,271
levia_(closers),271
excellen_browning,271
protagonist_(crave_saga),271
bagpipe_(queen_no._1)_(arknights),271
nakahara_komugi,271
sakurai_hina,271
toda_jun,271
ooama_no_ake_no_mitori,271
shimotsuki_potofu,271
phanpy,271
gholdengo,271
k/da_all_out_akali,271
thousand_sunny,270
ish_the_tyrant,270
temenos_mistral,270
aaron_wei,270
epona,270
fionna_campbell,270
officer_jenny,270
haruyama_sora_(hizuki_yayoi),270
kakyouin_chieri,270
rulership_(monochrome_gm)_(umamusume),270
alma_(monster_hunter_wilds),270
nina_williams,270
io_(pso2),270
flabebe,270
death_devil_(chainsaw_man),270
shikoku_metan,270
baymax,270
producer_(idol_wars),270
taigong_wang_(fate),270
professor_sada,270
ingrid_(taimanin_murasaki),270
aziraphale_(good_omens),270
chou-10cm-hou-chan_(hatsuzuki's),270
iyami,270
dunsparce,270
cecilia_lynne_adelhyde,270
hoto_mocha,270
nero_claudius_(imperium_pride)_(fate),270
hebiyoi_tier,270
kujo_holy,270
venomoth,270
panda_(jujutsu_kaisen),270
pam-pam,270
anchor_(nikke),270
lakshmibai_(fate),270
mejiro_bright_(brunissage_line)_(umamusume),270
ursaring,270
hibiki_dan,270
kakuna,270
chingling,270
cover_bikini_girl_(gta_vi),269
nakajima_atsushi_(bungou_stray_dogs),269
nikaidou_shinku,269
fuyuki_minami,269
winter_(aespa),269
zetton,269
rhea_(summer)_(fire_emblem),269
maetel,269
spamton_g._spamton_(big_shot),269
sage_(valorant),269
marimari_(vtuber),269
nerthuz_(fire_emblem),269
lucie_(millie_parfait),269
w.d._gaster,269
jellicent,269
wilhelmina_(brown_dust),269
sakuraba_rola,269
aver_(yumenokessho),269
nishina_toriko,269
alice_(sinoalice),269
raditz,269
kuroyukihime_(network_avatar),269
saiga-12_(girls'_frontline),269
honolulu_(summer_accident?!)_(azur_lane),269
hikari_(fatalis)_(arcaea),269
nago,269
kumashiro_maya,269
irisu_fuyumi,269
kono_miyako,269
kafuru_(senran_kagura),269
rose_(liz_to_rose_no_koubou),269
yorumi_rena_(1st_costume),269
gamon_yuuta,268
centaureissi_(girls'_frontline_2),268
chixia_(wuthering_waves),268
sims_(azur_lane),268
falulu_(awakened),268
four_murasame,268
yuuki_kanan,268
ryou_sakazaki,268
shyvana_(league),268
porco_galliard,268
nursery_rhyme_(third_ascension)_(fate),268
alicia_renato_(yashiro_sousaku),268
ion_(tales),268
emelie_(cyancapsule),268
alph_(pikmin),268
dedf1sh,267
shirogane_noel_(school_uniform),267
haitani_ran,267
irisviel_von_einzbern_(caster),267
registeel,267
krabby,267
toxtricity_(low_key),267
terrence_(ff16),267
aventurine_(anan)_(honkai:_star_rail),267
constanze_amalie_von_braunschbank-albrechtsberger,267
winter_schnee,267
coco_bandicoot,267
doduo,267
white_rabbit_(ayu_(mog)),267
hots_(gundam_suisei_no_majo),267
cloyster,267
manhattan_cafe_(mysterious_rose)_(umamusume),267
solrock,267
dana_zane,267
executive_mishiro,267
amelia_wil_tesla_seyruun,267
urabe_mikoto,267
cure_finale,267
dancer_(ragnarok_online),267
hinazuki_kayo,267
antispiral_nia,267
takagi_saya,267
bengal_tiger_(kemono_friends),267
karin_(fear_&_hunger),266
peter_quill,266
tom_nook_(animal_crossing),266
reinhardt_(fire_emblem),266
pikipek,266
kojima_emi,266
topper_(nu_carnival),266
aokiji_(one_piece),266
fujishima_megumi_(post-graduation_casual),266
thorfinn_thorsson,266
shiny_luminous,266
vanilla_mieux,266
evil_twin_lil-la_(alternate_art),266
arianna_the_labrynth_servant,266
kuroda_kunika,266
gloom_(pokemon),266
onsoku_no_sonic,266
nanobana_kinako,266
nakamori_aoko,266
wario_(warioware),266
sylvain_jose_gautier_(timeskip),266
ruukoto,266
serafall_leviathan,266
meiko_(inuarashi),266
kotoka_torahime,266
scathacha_(granblue_fantasy),266
raziel_(granblue_fantasy),266
yui_(sao-alo),266
ashe_(mega_man),266
captain_(master_of_eternity),266
devil_jin,266
matsuzaka_satou,265
uozumi_kurumi,265
kamishiro_nagisa,265
lunlun_(nijisanji),265
alphamon,265
duramente_(red_in_black)_(umamusume),265
yatagarasu_(tsukumo_sana),265
rose_kingdom_(umamusume),265
kaji_akihiko,265
greavard,265
akabane_youko,265
anthony_(madoka_magica),265
watamate,265
mary_stuart_(kyoukaisenjou_no_horizon),265
minior_(red_core),265
ilyana_(fire_emblem),265
levi_elipha,265
timido_cute,265
stg44_(girls'_frontline),265
jakuzure_nonon_(symphony_regalia),265
sakurasawa_sumi,265
kawana_tsubasa,265
wakana_rei,265
illyasviel_von_einzbern_(swimsuit_archer)_(second_ascension),265
ghost_pink_(deltarune),265
tsunemori_akane,265
bardiche_(zanber_form)_(nanoha),265
hk416_(starry_cocoon)_(girls'_frontline),265
fuji_(amekimi),265
leviathan_(umineko),265
renton_thurston,265
dearka_elsman,265
nezumi_(no.6),265
mary_cochran,265
parasect,265
kitsune_spirit_(doitsuken),265
escavalier,264
rei_(princess_connect!),264
robert_robertson,264
rilliona_(yu-gi-oh!),264
rokuhira_chihiro,264
kamen_rider_blade,264
hu-li_the_jewel_mikanko,264
warrior_(final_fantasy),264
may_of_doom,264
itokonoue_kaoru,264
nikaidou_misato,264
yashiro_(kancolle),264
darius_(league),264
persicaria_(neural_cloud),264
shingen_seiji,264
suzuya_(christmas)_(kancolle),264
asahi_rokka,264
watanabe_no_tsuna_(fate),264
gine,264
tim_drake,264
galvantula,264
steven_quartz_universe,264
intrepid_(azur_lane),264
alessandra_susu,264
mikado_shiina,264
rampart_(apex_legends),264
tennouji_kotarou,264
nihilister_(nikke),264
watashi_(jintai),264
pachira,264
norton_campbell,264
cyril_brooklyn,264
ishigami_yuu,263
allenby_beardsley,263
hilda_valentine_goneril_(summer),263
manuela_casagranda,263
clause_(len'en),263
sakenomi_(cookie),263
cynthia_(summer_2025)_(pokemon),263
momomiya_shizuku_(gaoyue_jixiang),263
admiral_nakhimov_(azur_lane),263
kondou_isami_(fate),263
finana_ryugu_(1st_costume),263
ariane_the_labrynth_servant,263
paper_mario_(character),263
durga_(first_ascension)_(fate),263
female_fighter_(dungeon_and_fighter),263
tina_(closers),263
sakurada_jun,263
mash_kyrielight_(senpai_killer_outfit),263
adagumo_no_yaorochi,263
sumeragi_kaguya,263
kurari-chan_(iyowa),263
honda_sora,263
kino_aki,263
tachibana_himeko,263
golurk,263
abe_takakazu,263
yanase_mai,263
neuroi,263
dusclops,263
senju_muramasa,263
senzaki_ema,262
timekeeper_cookie,262
gyaru_bulbasaur,262
lillipup,262
jaguarman_(fate),262
porno_(dohna_dohna),262
seira_orgel,262
mei_(honkai_impact),262
rebecca_bluegarden,262
linde_(fire_emblem),262
sakimori_toji,262
tsujimoto_natsumi,262
amane_kanata_(cutesy_punk),262
snowsant_(arknights),262
heavy_(tf2),262
silco_(arcane),262
patricia_martin,262
gumi_(v3_megpoid),262
mikejima_madara,262
goliath_doll,262
hanabishi_haruka,262
tir_mcdohl,262
rie_petoriyacowa,262
aron,262
caenis_(swimsuit_rider)_(fate),262
miriel_(fire_emblem),262
oshimizu_nako,262
anchorage_water_oni,262
james_sunderland,261
zenigata_kouichi,261
platinum_(shimmering_dew)_(arknights),261
ibaraki_douji_(touhou),261
fukase,261
yasuo_(league),261
deborah_(dq5),261
illustrious_(morning_star_of_love_and_hope)_(azur_lane),261
starscourge_radahn,261
kamen_rider_build,261
marshadow,261
super_sailor_venus,261
nandaba_naota,261
tsunomaki_watame_(street_casual),261
yuki_miku_(2015),261
agent_3_(splatoon_3),261
minami_haruka,261
kuzuki_souichirou,261
nagumo_tetora,261
shirota_mitsuki,261
yakumo_ran_(fox),261
raynare,261
gretel_(sinoalice),261
cure_ace,261
azuma_fubuki,261
maou_sadao,261
taikogane_sadamune,261
aia_amare,261
li_sui_(tentacles),261
w_(wanted)_(arknights),261
powered_buttercup,261
arisa_(shadowverse),261
farah_oersted,261
vaan_(ff12),261
hikasa_tomoshika,261
elina_olegovna_oven,260
higuchi_seika,260
kei_(amas)_(blue_archive),260
houshou_hanon,260
wanderer_(impression)_(genshin_impact),260
daphne_blake,260
anastasia_hoshin,260
carlos_oliveira,260
caroline_(persona_5),260
juna_crawford,260
henya_the_genius_(1st_costume),260
ro-500_(swimsuit)_(kancolle),260
fujiwara_hazuki,260
yayaka,260
takahisa_(juukyuu),260
asimov_(spindlesong),260
rodney_(azur_lane),260
unsinkable_sam,260
komaki_ikuno,260
light_cruiser_princess,260
v_(cyberpunk),260
toxel,260
killer_(one_piece),260
magearna,260
fate_testarossa_(original_form),260
prishe,260
kalifa_(one_piece),260
payila_(granblue_fantasy),260
miwa_kasumi,260
super_novice_(ragnarok_online),260
pulonia_(genshin_impact),259
trish_(devil_may_cry),259
zatanna_zatara,259
kamen_rider_ryuki,259
marlene_wallace,259
kirarazaka_marina_(older),259
yuuki_aoi,259
marine_nemo_(fate),259
kakuzu_(naruto),259
terence_t._d'arby,259
oliver_evans,259
merrin_(fire_emblem),259
koganei_niko_(1st_costume),259
melusine_(first_ascension)_(fate),259
aizawa_yuuichi,259
narantuya_(arknights),259
magnezone,259
aoi_hinata,259
king_k._rool,259
621_(armored_core_vi),259
isaac_foster,259
entoma_vasilissa_zeta,259
ponto_nei,259
tuxedo_kamen,259
angeling,259
birdy_cephon_altera,259
zundamon_(utau),259
nanase_suzuna,259
sakurai_ayaka_(lonely_girl_ni_sakaraenai),259
kashimiya_karua,259
margaret_(persona),259
tennouji_nae,259
duryodhana_(fate),259
durandal_(chevalier_fidele)_(umamusume),258
sua_(angel)_(alien_stage),258
florence_(girls'_frontline_2),258
horaki_hikari,258
vesna_(genshin_impact),258
okita_souji_(teal_haori_and_hakama)_(fate),258
doll_(ib),258
blonde_dog_girl_(ri-net),258
misha_(honkai:_star_rail),258
sounds_of_earth_(umamusume),258
zamasu,258
kyoka_(halloween)_(princess_connect!),258
aida_rayhunton,258
osakabehime_(swimsuit_archer)_(fate),258
kadoc_zemlupus_(chaldea_uniform),258
tohsaka_aoi,258
murata_himeko_(vermillion_knight),258
lancelot_(granblue_fantasy),258
bicute_bunnies_miku,258
kamiya_midori,258
shimamura_joe,258
oura_rukako,258
dagon_(housamo),258
jynx,258
viper_(shine_of_love)_(nikke),258
maki_oze,258
fushimi_yuzuru,258
blu_pyro_(tf2),258
oginome_ringo,258
arielle_(vtuber),257
chico_(yuzuha_riko),257
chouun_shiryuu,257
makaino_ririmu_(3rd_costume),257
muk,257
fuurin_asumi,257
shinano_(dreamy_white_sands)_(azur_lane),257
hida_ema,257
mimi_(nhim),257
miilkywayz,257
add_(fate),257
masaki_aeka_jurai,257
torahiko_oshima,257
barbatos_(genshin_impact),257
ardelia_(arknights),257
emma_august_(1st_costume),257
blanca_(fate),257
lemuen_(requiem_vesperis)_(arknights),257
impmon,257
shinso_hitoshi,257
otosaka_yuu,257
kamen_rider_revi,257
kizaki_ren,257
clift,257
yugiri_tsuzuri_(summer_loungewear),257
rosemi_lovelock_(1st_costume),257
miyazawa_kengo,257
yozora_mel_(2nd_costume),257
zero_two_(young)_(darling_in_the_franxx),257
ijuuin_hokuto,257
ariados,257
sakakura_juzo,257
johnny_(guilty_gear),257
makishima_saori,257
mk23_(girls'_frontline),257
saeki_sayaka,257
jon_talbain,256
protagonist_(devil_survivor),256
lancer_(deltarune),256
chirizuka_ubame,256
fiora_(league),256
flower_(vocaloid3),256
ash_crimson,256
otto_suewen,256
hoshimi_miyabi_(dignified_blossom),256
trung_trac_(fate),256
jeanne_(bayonetta),256
hanagaki_takemichi,256
kazama_akira,256
manhattan_cafe_(verdant_night)_(umamusume),256
hoshina_utau,256
amanogi_akira,256
tsumugi_(blue_archive),256
amy_(suisei_no_gargantia),256
emma_sheen,256
quistis_trepe,256
shimizudani_ryuuka,256
anyoji_hime_(summer_loungewear),256
klefki,256
patty_fleur,256
himejima_gyoumei,256
amon_(lord_of_the_mysteries),256
plachta,256
eri_(mayoineko_o_tomeyou),256
chidouin_sara,256
selene_yan,256
usami_rito,256
hitmontop,256
kurobe_honoka,256
sandslash,256
andromeda_(fate),256
appletun,255
pix_(league),255
jade_leech_(eel),255
alma_armas,255
garfield_(character),255
minamoto_no_raikou_(swimsuit_lancer)_(second_ascension)_(fate),255
mimi_houllier_von_schwarzlang,255
touma_kazusa,255
albacore_(azur_lane),255
mina_(deadlock),255
sakura_megumi,255
mito_(sao),255
elven_forest_maker,255
guncannon,255
fang_(arknights),255
issun,255
yatogami_tohka_(spirit),255
king_cobra_(kemono_friends),255
togame,255
senoo_aiko,255
chou-10cm-hou-chan_(teruzuki's),255
christina_(princess_connect!),255
spy_(tf2),255
charlotta_skopovskaya,255
selettrice_vaalmonica,255
aphelios_(league),255
tetia_(tongari_boushi_no_atelier),255
urakaze_(yukata)_(kancolle),255
echidna_(queen's_blade),255
iori_shirou,255
yuki_(project_tokyo_dolls),255
zero_(ff14),254
sigrid_de_l'azur_(majestic_wavechaser),254
risky_boots,254
basori_tiara,254
kim_possible,254
mogador_(olfactory_nursery_call)_(azur_lane),254
mark_grayson,254
hanya_(honkai:_star_rail),254
teto_(nausicaa),254
yun_lee,254
tusk_act1,254
ducklett,254
calstone_light_o_(one_true_path)_(umamusume),254
aoi_yuta,254
ferdinand_(honzuki_no_gekokujou),254
galacta_knight,254
the_count_of_monte_cristo_(fate),254
wilhelmina_braunschweig_ingenohl_friedeburg,254
nejima_kitsune_(shirakami_fubuki),254
kimikage_yui,254
yorktown_ii_(azur_lane),254
kazagumo_kai_ni_(kancolle),254
kokonoe_tsubaki,254
inari_one_(edomurasaki)_(umamusume),254
shirakami_fubuki_(new_year),254
scathach-skadi_(third_ascension)_(fate),254
beatrice_(princess_principal),254
ibaraki_douji_(swimsuit_lancer)_(first_ascension)_(fate),254
mercedes_(odin_sphere),254
fumi_(nijisanji),254
phichit_chulanont,254
rya_(elden_ring),254
quote_(cave_story),254
beryl_bouanich,254
shinazugawa_genya,254
hubert_von_vestra_(timeskip),254
protagonist_halo,253
projekt_red_(light_breeze)_(arknights),253
magical_mirai_miku_(2017),253
magical_mirai_miku_(2022),253
rolo_lamperouge,253
rokudou_mukuro,253
yamai_kaguya,253
viego_(league),253
suzuki_iruma,253
rosetta_(pgr),253
kendo_itsuka,253
green_lantern,253
arisugawa_otome,253
hiiragi_tsubomi,253
cure_egret,253
anosillus_ii,253
petra_ral,253
hibachi_mana,253
nrvnqsr_chaos,253
maiden_(ice_rose)_(nikke),253
lobo_(fate),253
alabama_(azur_lane),253
akagi_(warship_girls_r),253
merurulince_rede_arls,253
mr._game_&_watch,253
pignite,253
katsuragi_keima,253
nidoran_(female),253
satan_(umineko),253
ibuki_maya,253
lion_(azur_lane),253
satyr_(granblue_fantasy),253
shimizu_kiyoko,253
irisu_makina,253
vegapunk_lilith,252
ursula_(23),252
honma_akehi,252
sena_(casual)_(blue_archive),252
ceobe_(unfettered)_(arknights),252
mokona,252
serra_(fire_emblem),252
sandygast,252
rydia_(young)_(ff4),252
gale_(baldur's_gate),252
miyoshi_karin,252
buena_vista_(heroina_inocente)_(umamusume),252
inugami_korone_(dog),252
cherche_(fire_emblem),252
blau_(mechanical_buddy_universe),252
will_anthonio_zeppeli,252
koseki_bijou_(pebble_pajamas),252
fusou_neon_(tsuruse),252
tenkawa_kaoruko,252
hercule_barton,252
hamazura_shiage,252
musujime_awaki,252
artemis_of_the_blue,252
piyoko_(uruha_rushia),252
mizuki_(gegege_no_kitarou),252
ashen_one_(dark_souls),252
cucouroux_(granblue_fantasy),252
slurpuff,252
shining_(silent_night)_(arknights),252
thancred_waters,252
tachibana_yuu_(yakitomato),252
tsukumo_yuma,252
kei_(decagrammaton)_(blue_archive),251
istaroth_(genshin_impact),251
friede_(pokemon),251
labrys_(persona),251
theresa_apocalypse_(luna_kindred),251
takami_kouki,251
indra_(arknights),251
hasegawa_chisame,251
saitou_hajime_(first_ascension)_(fate),251
shigure_ui_(summer_uniform)_(vtuber),251
exs-tia_ignis,251
wamdus_(granblue_fantasy),251
munetani_mashiro,251
deino_(pokemon),251
alice_(wonderland_bunny)_(nikke),251
ameth_(princess_connect!),251
gouf,251
melon-chan,251
the_dark_urge_(baldur's_gate),251
terebi-chan,251
histoire,251
hatsune_miku_(vocaloid3),250
kanzaki_aoi_(kimetsu_no_yaiba),250
giselle_gewelle,250
voymastina_(girls'_frontline_2),250
galahad_(fate),250
tohsaka_rin_(honkai:_star_rail),250
littorio_(azur_lane),250
hizaki_gamma,250
girlycard,250
catherine_(atlus_character),250
centurii-chan_(character),250
archer_(pokemon),250
whismur,250
poliwrath,250
kan_kanna,250
kazamatsuri_fuuka,250
gawr_gura_(school_uniform),250
hatsune_miku_(supreme),250
chisa_(peach_parfait)_(wuthering_waves),250
yukari_(swimsuit)_(blue_archive),250
rally_vincent,250
amatori_chika,250
elina_(queen's_blade),250
bambinata_(pgr),250
cu_chulainn_(aloha_shirt)_(fate),250
kuramitsu_mihoshi,250
tien_(granblue_fantasy),250
cibo,250
pixiv_red,250
shion_(no.6),250
kirara_tamako,250
fergus_mac_roich_(fate),250
gotou_toushirou,250
yuu_(kyata_ti666),250
taillow,250
miss_crane_(fate),250
kefka_palazzo,250
aizawa_sakuya,250
little_mermaid_(shell_princess)_(nikke),249
forte_(shingeki_no_bahamut),249
itsuwa,249
pekomama_(1st_costume),249
shun_(swimsuit)_(blue_archive),249
hirume_of_heavenly_incense,249
seraph_dazzlegarden,249
oricorio_(pom-pom),249
passionlip_(swimsuit_saber)_(first_ascension)_(fate),249
inkay,249
star_guardian_jinx,249
dvalin_(genshin_impact),249
todd_ingram,249
watase_kiui,249
toucannon,249
super_sailor_mars,249
gonzales_(love_live!),249
viper_(toxic_rabbit)_(nikke),249
erpin_(trickcal),249
moira_(nijisanji),249
kunijima_chiaki,249
cordelia_glauca,249
soldier_(tf2),249
aoi_sakura_(tsuma_shibori),249
kuze_shizuka_(older),249
quency_(nikke),249
kagura_(senran_kagura),249
cairngorm_(houseki_no_kuni),249
penguin_3-gou,249
nyan_cat,249
takei_junko,249
combusken,248
maractus,248
machi_komacine,248
mega_mawile,248
grigori_rasputin_(fate),248
isolde_(polyphony)_(reverse:1999),248
eizen_(tales),248
joe_rikiichi,248
seofon_(granblue_fantasy),248
raora_panthera_(holonatsu_paradise),248
yang_guifei_(third_ascension)_(fate),248
batou_(gits),248
blast_onepiece_(umamusume),248
hyoudou_issei,248
princess_chain_chomp,248
utage_(disguise)_(arknights),248
seed_sr.,248
natsuki_kruger,248
m4_sopmod_ii_jr,248
fir_(fire_emblem),248
amane_yuki,248
shizuru_viola,248
cure_spicy,248
leader_(trickcal),248
flour_(cookie),248
hyper_roll_(marvel_vs._capcom),248
jing_ke_(fate),248
mg5_(girls'_frontline),248
mito_ikumi,248
rucora_(fushigi_na_neko_no_machi_meltier),248
tribios_(honkai:_star_rail),248
shadow_(nerissa_ravencroft),248
magus_(chrono_trigger),248
javelin_(kancolle),248
lisa_(ponyo),248
urameshi_yusuke,248
meghill_(infinity_nikki),247
moria_luluka_(civilian),247
kira_(project_moon),247
heavyrain_(arknights),247
odagiri_hidetoshi,247
magadori_kyoshika,247
cait_sith's_moogle,247
a_(xenoblade),247
trung_nhi_(fate),247
justine_(persona_5),247
pearl_(honkai:_star_rail),247
quess_paraya,247
doctor_magus,247
braviary,247
unryuu_kai_(kancolle),247
ikuno_dictus_(mantle_of_steel)_(umamusume),247
piyotan_(girls_und_panzer),247
katori_youko,247
curly_(mouthwashing),247
kanzaki_sumire,247
avery_(pokemon),247
gridman_(ssss),247
kan'u_(koihime_musou),247
grimm_(black_souls),247
erin-fray_orgel,247
kojo_anna_(1st_costume),247
tsukamoto_yakumo,247
rei_(guilty_gear),247
professor_turo,247
demon_pillar_(fate),247
professor_juniper,247
mejiro_ryan_(down_the_line)_(umamusume),247
zone-tan,247
jyushimatsu's_girlfriend,247
li_shuwen_(young)_(fate),247
ikeda_kana,247
kimura_kaere,247
mephistopheles_(fate),247
yuuhi_kurenai,247
mizuno_youko,247
admiral_suwabe,247
berdly_(deltarune),246
cortana,246
sue_(grandia),246
haru_urara_(casual)_(umamusume),246
amaori_haruna,246
ebihara_naho,246
herrscher_of_corruption,246
ichinose_uruha_(6th_costume),246
citlali_(whispers_of_stars_and_smoke)_(genshin_impact),246
kobayakawa_miyuki,246
lava_the_purgatory_(arknights),246
russia_(female)_(hetalia),246
catherine_(fire_emblem),246
alsace_(heat_beating_summer_sacrament)_(azur_lane),246
raia-chan,246
tsuchimikado_motoharu,246
priite_hari_(torriet),246
delta_(honkai_impact),246
a-chan_(1st_costume)_(hololive),246
yukico-tan,246
they_(kiman),246
rolling_bubbles,246
yamai_yuzuru,246
hakata_toushirou,246
yonezawa_natsumi,246
kuchiku_i-kyuu,246
kurusu_kimihito,246
sendou_aichi,246
satou_mafuyu,246
vermillion_akiha,246
ebi_frion_(natsuiro_matsuri),246
shylily_(bikini),246
makaino_ririmu_(2nd_costume),246
georgette_lemare,246
elle_mel_marta,246
aohitsugi_samatoki,246
ashiya_douman_(third_ascension)_(fate),246
karuizawa_kei,246
asahina_mafuyu's_mother,246
hero_(dq7),245
andreana_(arknights),245
sakura_(project_tokyo_dolls),245
sitara,245
aoki_ruri,245
shimohira_reika,245
cloud_strife_(midgard_seventh_high_school),245
mejiro_mcqueen_(end_of_the_skies)_(umamusume),245
chitose_yuma,245
otomo_(hoshirube_sho),245
emil_castagnier,245
martha_(swimsuit_ruler)_(second_ascension)_(fate),245
carmilla_(assassin)_(fate),245
happiny,245
kotetsu_isane,245
rick_(kirby),245
kawakami_gensai_(first_ascension)_(fate),245
classic_revenant,245
kirche_augusta_frederica_von_anhalt_zerbst,245
lu_xueqi_(zhu_xian),245
exia_(nikke),245
crusader_(ragnarok_online),245
peri_(fire_emblem),245
camerupt,245
uesugi_kenshin_(second_ascension)_(fate),245
battle_bunny_riven,245
kamen_rider_geats,245
kouhai-chan_(tawawa),245
wulfgard_(arknights),245
callie_(alterna)_(splatoon),245
satsuki_yomi,245
mutio,245
mimi-chan,245
kagome_misaki,245
otonashi_meru,245
persica_(girls'_frontline),245
bon_(vtuber),245
asuka_ryou,244
k/da_evelynn,244
scaramouche_(shouki_no_kami)_(genshin_impact),244
mantyke,244
kratos_(god_of_war),244
romulus_(fate),244
yae_(ganbare_goemon),244
saiki_ittetsu,244
dianna_soreil,244
crimzon_ruze,244
hecate_(path_to_nowhere),244
kurosaki_ruri,244
southern_ocean_oni,244
churuya,244
kita_hinako,244
tsukimi_eiko,244
cure_kiss,244
pholia,244
ultima_(fft),244
minamoto_chizuru,244
sage_(granblue_fantasy),244
hohojiro-san_(lain_paterson),244
romulus-quirinus_(fate),244
luca_(yu-gi-oh!),244
tympole,244
maam,244
phalaenopsis_(umamusume),244
nidoqueen,244
tsugumi_seishirou,244
l'arachel_(fire_emblem),244
hong_kong_(hetalia),244
luxio,244
musubi,244
lucio_(overwatch),244
rime_(cevio),244
professor_(neural_cloud),243
greymon,243
endou_araya,243
wolf-chan_(wataame27),243
c-ms_(girls'_frontline),243
shounan_(kancolle),243
kanae_(8th_costume)_(nijisanji),243
jurard_t_rexford,243
li_sushang_(jade_knight),243
skwovet,243
puni_(miku_plus),243
ein_(cowboy_bebop),243
vanitas_(kingdom_hearts),243
haruka_(suit)_(blue_archive),243
marianne_von_edmund_(summer),243
tandemaus,243
kakei_sumire,243
sr-3mp_(girls'_frontline),243
cafe_(cafe-chan_to_break_time),243
regal_bryant,243
sakuragi_hinako,243
yaezawa_natori,243
minion_2_(zannen_onna-kanbu_black_general-san),243
hakutaku_(hoozuki_no_reitetsu),243
romg,243
fa_mulan_(disney),243
bushidou_2_(sekaiju),243
adachi_tenka,242
serika_(new_year)_(blue_archive),242
tamama,242
machop,242
female_priest_(dungeon_and_fighter),242
mega_rayquaza,242
kal'tsit_(maid)_(arknights),242
august_von_parseval_(the_conquered_unhulde)_(azur_lane),242
ibuki_douji_(swimsuit_berserker)_(first_ascension)_(fate),242
sphene_(ff14),242
yamashita_majime,242
selena_(fire_emblem_fates),242
shirakami_fubuki_(fbkingdom),242
kiyama_harumi,242
gaaruru_(pripara),242
hawkeye_(marvel),242
kuraki_suzuna,242
asashimo_kai_ni_(kancolle),242
hugh_williams,242
speed_symboli_(umamusume),242
sorakado_ai,242
murasaki_shion_(hololive_summer_2019),242
cure_zukyuun,242
anis_(star)_(t.t._star)_(nikke),242
sero_hanta,242
king_crimson_(stand),242
kenmochi_touko,242
unown_e,242
komine_sachi,242
clarice_(idolmaster),242
fakir_(princess_tutu),242
nanael_(queen's_blade),242
maria_balthasar,242
yuri_seo,242
wendy_corduroy,242
katou_marika,242
iori_sei,242
cecilia_schariac,241
miriam_(bloodstained),241
lrl_(last_origin),241
tanigawa_yuzu,241
kali_(fate),241
takashi_shirogane,241
sonia_(zelda),241
natsume_takashi,241
lamia:_lost_lullaby_(pgr),241
sheva_alomar,241
wu_zetian_(swimsuit_caster)_(fate),241
hori_kyouko,241
nana_(kemono_friends),241
yanagi_mion,241
hoshiguma_(ronin_huntress)_(arknights),241
minos_(jashin-chan_dropkick),241
arisaka_mashiro,241
taroumaru_(genshin_impact),241
cowpens_(azur_lane),241
alpha_(kagejitsu),241
getian_(reverse:1999),241
medicham,241
a-chan_(little_busters!),241
klaus_von_reinhertz,241
binah_(blue_archive),241
mugen_mochi,241
nekoma_karin,241
saaya_(kirome),241
princess_celestia,241
eve_(chihuri),241
rosalinde_(unicorn_overlord),241
ozymandias_(third_ascension)_(fate),241
irys_(gaming_casual)_(hololive),241
lucid_(maplestory),240
elekid,240
bunny_nun_(diva),240
fuyu_(blue_archive),240
iris_(asteroid_ill),240
japan_(female)_(hetalia),240
taurus_mask,240
cucco,240
kageyama_shien_(1st_costume),240
dartrix,240
ayre_(armored_core_vi),240
ainchase_ishmael,240
esper_nyanko,240
hachiroku_(maitetsu),240
shijou_takane_(beyond_the_nobles),240
meroune_lorelei,240
orimura_ichika,240
roberta_(arknights),240
bari_(project_moon),240
omaru_polka_(casual),240
lilim_(monster_girl_encyclopedia),240
lisianthus,240
orphen,240
sdf-1,240
king_ghidorah,240
destiny_gundam,240
swordsman_(sekaiju_4),239
golden_hind_(azur_lane),239
jodio_joestar,239
delta_(kagejitsu),239
nana_(girls_band_cry),239
protagonist_(tokimemo_gs3),239
aurora_(league),239
gloire_(kancolle),239
kipfel_(vrchat),239
red_(sygna_suit)_(pokemon),239
inoue_toro,239
mame_(uchi_no_kuroneko_onnanoko),239
haitani_rindou,239
kuramochi_meruto_(school_uniform),239
sheeta,239
hatsuseno_alpha,239
frederica_baumann,239
frankenstein's_monster,239
todoroki_hajime_(regloss_uniform),239
silent_swordsman,239
peter_b_parker,239
kama_(swimsuit_avenger)_(first_ascension)_(fate),239
fujinuma_satoru,239
kamen_rider_fourze,239
sparkle_(doll)_(honkai:_star_rail),239
erika_(popopoka),239
pers_(genshin_impact),239
tearju_lunatique,239
rumi_(swimsuit)_(blue_archive),239
aston_machan_(casual)_(umamusume),239
louise_halevy,239
miyamoto_musashi_(swimsuit_berserker)_(first_ascension)_(fate),239
hoshino_ichika_(collar_x_malice),239
jue_(wuthering_waves),239
sacred_noire,239
konohana_lucia,239
adam_(honkai_impact),239
courier_(fallout:_new_vegas),239
kratos_aurion,239
meruru_(oreimo),239
nagato_yuuki,239
amarys_(pokemon),238
dromarch_(xenoblade),238
taoqi_(wuthering_waves),238
nogi_sonoko,238
leonard_mitchell,238
commander_shepard_(female),238
kagari_(rewrite),238
sekka_yufu,238
genryuusai_maki,238
razia,238
gliscor,238
spearow,238
franky_franklin,238
hokma_(project_moon),238
kouzuki_hiyori,238
raiden_mei_(valkyrie_bladestrike),238
iris_yuma,238
illustrious_(maiden_lily's_radiance)_(azur_lane),238
talia_yang,238
saeba_ryou,238
debi_tarou,238
waka_(yuuhagi_(amaretto-no-natsu)),238
nakai_hisao,238
kurumi_momoka,238
zanki_mugen-chan,238
park_moo-hyun,238
gumiya,238
inutade,238
iseya_shiki,238
ai-chan_(honkai_impact),238
void_princess_(elsword),238
mikoshiba_mikoto,238
charcadet,238
leonhardt_(arknights),238
azhdaha_(genshin_impact),238
sasaki_haise,238
xaihi_(arknights),237
pooh,237
mash_kyrielight_(chaldea_uniform),237
ereshkigal_(third_ascension)_(fate),237
exeggcute,237
carlotta_(splashing_summer)_(wuthering_waves),237
jingran_(wuthering_waves),237
toki_(armed)_(blue_archive),237
cure_parfait,237
hyuuga_hanabi,237
compa,237
shina_kokomi,237
ellin_meiji,237
takizawa_kyouko,237
mireyu,237
inubashiri_momiji_(wolf),237
watson_amelia_(party_dress),237
saegusa_kii,237
gotoh_michiyo,237
shidou_mariya,237
amulet_heart,237
mori_calliope_(party_dress),237
hol_horse,237
ootori_tatsuta,237
noel_(sora_no_method),237
meme_(me!me!me!),237
trey_clover,237
lord_dearche,237
wojak,237
cai_lin_(doupo_cangqiong),237
etopen,237
natsuki_mayu,237
peto_(hanako_nana),237
big_yellow_cat_(omori),236
protagonist_(doki_doki_literature_club),236
sha_wujing,236
eris_(konosuba),236
poko_rakun,236
rocky_(project_hail_mary),236
violet_(ac8231),236
popo_(ice_climber),236
thea_(nekojira),236
kamigishi_akari,236
si_(arknights),236
zamazenta,236
penance_(occasionally_flushed)_(arknights),236
tachibana_jun'ichi,236
kiana_kaslana_(knight_moonbeam),236
daring_heart_(umamusume),236
jin_(xenoblade),236
ise_kai_ni_(kancolle),236
karin_(naruto),236
pius_(aotu_world),236
bhima_(fate),236
windblade,236
yomako,236
elizabeth_f._beurling,236
narumi_tsuyu,236
twitter-san_(tsukigi),236
fubuki_(senran_kagura),236
katou_keiko,236
serio_(to_heart),236
yamashio_maru_(kancolle),236
gonzalez_(machita_chima),236
titi_(arknights),236
miyamoto_rei,236
aoba_tsugumi,236
leisurely_otter_(genshin_impact),236
lan_yan_(genshin_impact),235
boyfriend_(friday_night_funkin'),235
akoya_matama,235
velvette_(hazbin_hotel),235
chrono_genesis_(prismatic_curator)_(umamusume),235
suzuhara_touji,235
koyuki_(kimetsu_no_yaiba),235
kusakabe_wakaba,235
vander_(arcane),235
sekoshi_(some1else45),235
ryuugazaki_rei,235
kurono_kurumu,235
helena_douglas,235
glimmora,235
daiichi_ruby_(brilliant_red_gemstone)_(umamusume),235
naruse_yuu,235
rino_(princess_connect!),235
black_star_(soul_eater),235
millium_orion,235
ezra_theodore,235
hattori_heiji,235
medb_(third_ascension)_(fate),235
archer_(summer_casual)_(fate),235
paladin_2_(sekaiju),235
azki_(3rd_costume)_(hololive),235
murrue_ramius,235
rock_howard,235
doumyouji_kotetu,235
yagyuu_munenori_(fate),235
orange_heart_(neptunia),235
red_hood_(black_souls),235
tojo_yuki,235
formidable_(timeless_classics)_(azur_lane),235
moriyama_shiemi,235
shikiya_yumeko,235
gothitelle,235
espio_the_chameleon,235
souma_hiroomi,235
girlfriend_(houkago_play),235
daida,235
phoenix_(tales),234
shun_(small)_(swimsuit)_(blue_archive),234
behemoth_(nikke),234
nicolina_(project_moon),234
nanase_nanami_(heaven_burns_red),234
kura_satomi,234
united_kingdom_(female)_(hetalia),234
yuki_miku_(2012),234
azabu_mai,234
yulha_(nikke),234
toadette,234
tsukino_mito_(summer_uniform),234
kazehaya_tatsumi,234
sutou_iku,234
raiden_mei_(striker_fulminata),234
deviljho,234
tanaka_ichi,234
sheffy_(princess_connect!),234
aurorus,234
kuzunoha_(blue_archive),234
sakuya_(sister_princess),234
rico_(mega_man),234
pekora_(jashin-chan_dropkick),234
ortho_shroud,234
husk_(hazbin_hotel),234
marie_(kimono)_(splatoon),234
hatsune_miku_(saihate),234
vittorio_veneto_(warship_girls_r),234
richelieu_(fleuron_of_the_waves)_(azur_lane),234
panther_chameleon_(kemono_friends),234
kama_(swimsuit_avenger)_(second_ascension)_(fate),234
kay_faraday,234
sona_(cinnabus),234
lunch_(good)_(dragon_ball),234
samurai_(final_fantasy),234
kurusu_natsume,234
uma_(magipoka),234
tokugawa_ieyasu_(sengoku_basara),234
lorentz_butterfly,234
valtava,234
tsukuyomi_komoe,234
seychelles_(hetalia),234
kiruko_(tengoku_daimakyou),233
norn_greyrat,233
kamen_rider_kiva,233
guardian_(elden_ring),233
vent_(mega_man),233
kiriha_(tsugumomo),233
kinomoto_touya,233
jekyll_and_hyde_(fate),233
utatane_piko,233
beerus,233
bartholomew_kuma,233
miriam_hildegard_von_gropius,233
taiga_takeru,233
shirai_hinako,233
sugahara_touka,233
cuilein-anbar_(genshin_impact),233
ayukawa_madoka,233
calamity_jane_(fate),233
kujo_tenn,233
aether_sage_(elsword),233
le_temeraire_(azur_lane),233
mariah_(jojo),233
kaga_ai,233
team_yell_grunt,233
henrietta_(gunslinger_girl),233
pero_(wuthering_waves),233
atlantic_puffin_(kemono_friends),233
siebold_(pokemon),233
hitmonlee,233
narberal_gamma,233
serizawa_akane,233
hisanuma_sayu,233
lina_davis,233
cress_albane,233
ohnuma_kurumi,233
arabian_oryx_(kemono_friends),233
wolfgang_amadeus_mozart_(classicaloid),233
mishy,233
koromon,233
ooshima_muua,232
kokoro_(blue_archive),232
tibarn_(fire_emblem),232
izumi_kanagi,232
sawatari_izumi,232
gina_(gnosia),232
sex_pistols_(stand),232
tama_kai_ni_(kancolle),232
sakurai_yumeko,232
maria_renard,232
delcatty,232
maple_(nekopara),232
bay_(radiant_rabbit)_(nikke),232
magia_magenta,232
noire_(fire_emblem),232
natsuki_(blue_archive),232
duosion,232
crow_(nikke),232
duckman,232
misato_(princess_connect!),232
sina_(pokemon),232
midorima_shintarou,232
yanmega,232
penguin_2-gou,232
raiden_mei_(xentinel:_dawnbearing_crescent),232
amano_pikamee_(1st_costume),232
blue_whale_(kemono_friends),232
shikishima_mirei,232
maho_(princess_connect!),232
rimururu,232
inari_(tenko_shibuki),232
zan_partizanne,232
mash_kyrielight_(paladin),232
nogami_aoi,232
masquerain,232
fujimaru_ritsuka_(female)_(royal_brand),232
admire_groove_(glacial_queen)_(umamusume),232
hinata_hajime_(awakened),232
rose_(tales),232
hero's_son_(dq5),231
hanazuki_(azur_lane),231
kagami_kuro,231
emily_(resident_evil),231
gunnthra_(fire_emblem),231
tokiwa_midori,231
katasumi_amari,231
osawa_rurino_(summer_loungewear),231
sabrina_(girls'_frontline_2),231
otonashi_saya,231
poi_(last_origin),231
kurosawa_rin,231
asbestos_(arknights),231
lisbeth_(sao-alo),231
date_akari,231
kabuto_daigo,231
hazuki_riko,231
hydaelyn,231
io_(princess_connect!),231
mashiro_(swimsuit)_(blue_archive),231
fujimaru_ritsuka_(male)_(tropical_summer),231
xiao_qiong,231
hilda_(under_night_in-birth),231
sinbad_(magi),231
andrew_kreiss,231
surskit,231
usano_mimi,231
durin_(arknights),231
shirakawa_kotori,231
dusty_(gravity_daze),231
dagger_(marvel),231
team_plasma_grunt,230
whiskey_project,230
kururu_(keroro_gunsou),230
hiita_the_fire_charmer,230
diana_(league),230
kaku_(one_piece),230
bronya_zaychik_(wolf's_dawn),230
wuyang_(overwatch),230
aubrey_(birthday)_(omori),230
patriot_(arknights),230
eleanor_hume,230
bubbly_voyage_(infinity_nikki),230
nanami_(project_tokyo_dolls),230
mint_adenade,230
big_bird_(project_moon),230
blonde_hair-chan_(ramchi),230
ayano_aishi,230
tachibana_hinano_(1st_costume),230
castor_(fate),230
kamen_rider_agito,230
hiyo_(project_tokyo_dolls),230
amane_kanata_(another_world),230
road_kamelot,230
ereshkigal_(second_ascension)_(fate),230
marth_(fire_emblem_awakening),230
vivillon_(meadow),230
ulrich_(reverse:1999),230
ottilie_(spindlesong),230
hitomi_hirosuke_(sayonara_wo_oshiete),230
miwa_mitsune,230
ohdo_yuamu,230
lin_(breath_of_fire),230
abelia_(ogami_kazuki),230
dahlia_(genshin_impact),230
billy_the_kid_(fate),230
nihongou_(touken_ranbu),230
commander_(nier:automata),230
atra_mixta,230
tayuya_(naruto),230
keldeo,230
jirou_tachi,230
firewatch_(arknights),230
hermione_(azur_lane),230
miyamura_izumi,230
cure_arcana,229
agnes_digital_(fanatic_jiangshi)_(umamusume),229
reaper_(final_fantasy),229
december_holiday,229
rio_(black_survival),229
mohg_lord_of_blood,229
malevola_(dispatch),229
fujimaru_ritsuka_(female)_(tropical_summer),229
billy_kane,229
astraea_(sora_no_otoshimono),229
okumura_eiji,229
yohane_(genjitsu_no_yohane),229
inudoge,229
emden_(azur_lane),229
greater_roadrunner_(kemono_friends),229
shylily_(1st_costume),229
hoshimachi_suisei_(stellar_into_the_galaxy),229
talulah_the_fighter_(arknights),229
titania_(fire_emblem),229
barghest_(first_ascension)_(fate),229
harukawa_sora,229
northampton_(kancolle),229
shiraishi_minoru,229
asagiri_youko,229
clare_(claymore),229
agatsuma_kaede,229
kako_(kemono_friends),229
minetsuki_ritsu,229
lunalu_(granblue_fantasy),229
dovahkiin,229
mist_(path_of_radiance)_(fire_emblem),229
twintelle_(arms),229
misumi_uika_(caged_singer),229
ingrid_brandl_galatea_(summer),229
haraga_kurumi,229
saegusa_wakaba,229
priapus_a._tarou,229
koko_hekmatyar,229
uesugi_u._kyouko,229
florence_nightingale_(third_ascension)_(fate),229
moeta_kaoruko,229
saginomiya_rin,229
shion_(len'en),229
karasuma_chitose_(galaxy_angel),228
upa_(steins;gate),228
xurkitree,228
hiuchidani_mei,228
draco_malfoy,228
kamishiro_rize,228
asukagawa_chise,228
rainbow_dash_(equestria_girls),228
sukone_tei,228
cyrus_albright,228
croissant_cookie,228
feebas,228
konig_(call_of_duty),228
cure_custard,228
saix,228
tachikoma,228
nihilux_(blurry_qr_colt)_(honkai:_star_rail),228
sarutobi_asuma,228
teruyof,228
sphinx_(toaru_majutsu_no_index),228
nightingale_(path_to_nowhere),228
baby_5,228
wakazato_haruna,228
cloudy_(wuthering_waves),228
marshall_d._teach,228
kagura_nana,228
tsona_(nyantcha),228
mysterious_executor_c.i.e.l_(fate),228
shione_(niliu_chahui),228
lithuania_(hetalia),228
micha_jawkan,228
captain_3_(splatoon),228
matsumoto_rise,228
lahmu_(fate),228
tyrantrum,228
rody_roughnight,228
wander_(shadow_of_the_colossus),228
kamen_rider_den-o,228
makihatayama_hana,228
anubis_(monster_girl_encyclopedia),228
fukube_tamaki,228
maru-yu-san,228
tachibana_marika,228
ushiromiya_krauss,228
maria_(umineko),228
rinna_milford,228
cuora_(arknights),228
w_(act_ii)_(arknights),228
feli_(puyopuyo),227
ardashir_(arknights),227
god_nadeko,227
hiraga_keisuke,227
reki_(haibane_renmei),227
cosplay_pikachu,227
ichijou_hikaru,227
evelysse_(star_ocean),227
kamen_rider_wizard,227
hanae_(christmas)_(blue_archive),227
shinano_(dreams_of_the_hazy_moon)_(azur_lane),227
coco_(precure),227
nanbu_kaguya,227
fujii_tomo,227
detective_pikachu_(character),227
plushmallow,227
raymond_(animal_crossing),227
vaseraga,227
xueyi_(honkai:_star_rail),227
hisou_tensoku,227
god_gundam,227
ryou-ouki,227
orchis,227
eir_(fire_emblem),227
bardiche_(standby_form)_(nanoha),227
princess_athena,227
exs-tia_(exs-tia_1),227
protagonist_1_(housamo),227
f91_gundam,227
sakura_nene,227
emia_renya,227
leonmitchelli_galette_des_rois,227
female_slayer_(dungeon_and_fighter),227
emily_stock,227
asakura_mihono,227
espresso_cookie,227
april_o'neil,227
fortress_(sekaiju),227
eunha_(gfriend),226
lidelle_(puyopuyo),226
kommy_(trickcal),226
vice_(kof),226
hachiko_of_castling,226
mega_charizard_y,226
li_yingxia,226
atom_(tetsuwan_atom),226
hakui_koyori_(school_uniform),226
princess_laura,226
wanshi_(pgr),226
model_x_(mega_man),226
isuzu_ren,226
tsubasa_(kureha),226
saotome_ako,226
mae_(fire_emblem),226
screwllum_(honkai:_star_rail),226
minion_(despicable_me),226
tania_helvellyn,226
hinazuki_ririna,226
kurushima_kaede,226
kiyoh_bachika,226
ni-class_destroyer,226
pepper_(pepper&carrot),226
blooper_(mario),226
zenyatta_(overwatch),226
miyanaga_nonoka,226
pure_vanilla_cookie,226
shirayuki_(arknights),226
seaking,226
hijiyama_takatoshi,226
pacifica_northwest,226
mizuki_nana,226
richard_p._leary_(kancolle),225
rouxls_kaard,225
elma_(xenoblade_x),225
gyaru_bulbasaur_(shin_no_tenpii),225
suzushima_arisu,225
klukai_(cerulean_breaker)_(girls'_frontline_2),225
tsukiumi,225
toujou_mizuho,225
alyssa_(specktech),225
sumia_(fire_emblem),225
shirogane_noel_(battle_nun),225
stufful,225
kamen_rider_kabuto,225
ootori_chihaya,225
chloe_von_einzbern_(beast_style),225
reunion_soldier_(arknights),225
tailtiu_(fire_emblem),225
sasaki_fuuka,225
fukagawa_mahiro,225
jet_black,225
thomas_edison_(fate),225
laura_la_mer_(mermaid),225
caustic_(apex_legends),225
mochi_(ebihara_beniko),225
alchemist_(girls'_frontline),225
cure_yum-yum,225
cheval_grand_(casual)_(umamusume),225
madeline_(celeste),225
konno_makoto,225
whispy_woods,225
braveman,225
laphicet_(tales),225
symbareangoramon,225
brigid_(fire_emblem),225
blacephalon,225
lickitung,225
shikibe_ayaka,225
himeji_mizuki,225
akihiro_altland,225
shishou_(cookie),225
suzunoki_rin,225
timeslot_(arknights),225
bb_(bb_shot!)_(fate),225
toudouin_saki,225
hiei_(azur_lane),225
regirock,225
ludwig_van_beethoven_(classicaloid),225
gothorita,224
graham_aker,224
michiru_(dress)_(blue_archive),224
leif_(fire_emblem),224
oerba_dia_vanille,224
ten'i_(ikkitousen),224
megalodon_(vtuber),224
nyx_(fire_emblem),224
houndour,224
vanilla_(eden_(shiroki_yuutsu)),224
nakahara_mizuki,224
baxcalibur,224
primeape,224
akashi_(swimsuit)_(kancolle),224
ezra_(project_moon),224
inubouzaki_fuu,224
hishi_miracle_(miracle_make-up!)_(umamusume),224
smug_nun_(diva),224
yuki_miku_(2010),224
ericht_samaya,224
ayazaki_shizuku,224
mysta_rias_(1st_costume),224
asuka_momoko,224
shirokuma-san_(drawingchisanne),224
kurochijo_(akitsuki_karasu),224
hack_(apex_legends),224
utsugi_rangiri,224
lulu_(bang_bravern),224
yukihana_lamy_(cyber),224
trainer_(idolmaster),224
todoroki_touya,224
corticarte_apa_lagranges,224
akali_(legacy),224
termichan_(not-a-bot),224
haruno_shiobana,224
mizuori_shizuku,224
katagiri_himeko,224
tsumura_tokiko,224
haru_estia,224
naegino_sora,224
kusajishi_yachiru,224
frillish_(male),224
zilu_(project_moon),224
megurine_luka_(toeto),224
zeus_(one_piece),223
orange_(deltarune),223
vanilluxe,223
prinz_rupprecht_(azur_lane),223
kanzaki_h._aria,223
kawakami_princess_(princess_of_pink)_(umamusume),223
tooyama_kazuha,223
mint_fantome_(otaku),223
grace_(sound_voltex),223
chun-li_(ssf2_swimsuit),223
tosen_jordan_(jokester_vibes)_(umamusume),223
komahime_(fate),223
sistine_fibel,223
inoue_miyako,223
mizuki_(kutan),223
shikinagi_akira,223
lyn_(lady_of_the_beach)_(fire_emblem),223
lynae_(peppermint)_(wuthering_waves),223
shirakumo_(kancolle),223
eupha_(metaphor:_refantazio),223
master_artoria,223
linkle,223
sakurai_shin'ichi,223
unown_o,223
hishida_haru,223
tongkkangi_(streamer),223
sabi_(pokemon),223
robella_(girls'_frontline_2),223
muramatsu_sakura,223
grand_archer_(elsword),223
gipsy_danger,223
hisamura_natsuki_(munmu-san),223
jacq_(pokemon),223
black_cat_d.va,223
phantom_(precure),223
lois_griffin,223
shinano_toushirou,223
ravel_phenex,223
puni_(atelier),223
peco_peco,223
hayase_ruriko_(yua),223
admiral_(warship_girls_r),223
hera_(p&d),223
itoshiki_rin,223
super_sailor_jupiter,223
genis_sage,223
rokurou_rangetsu,223
manako,223
hasekura_rei,223
archen,222
misono_kirika,222
no._21:_feral_(pgr),222
vista-tan,222
triela,222
yanagi_nina,222
chi-yu_(pokemon),222
lumineon,222
jackal_(nikke),222
doctor_(anime)_(arknights),222
nikola_tesla_(fate),222
clockie_(honkai:_star_rail),222
celesteela,222
nekomimi_onee-san_(nokoppa),222
kanoe_yuuko,222
tamura_yukari,222
peach_panther_(kemono_friends),222
jp_(street_fighter),222
cardboard_box_gundam,222
siegfried_(granblue_fantasy),222
sherlock_holmes,222
dragalge,222
ibaraki_douji's_arm,222
duffy_the_disney_bear,222
night_angel_(last_origin),222
himekawa_yoshino_(spirit),222
mimori_(swimsuit)_(blue_archive),222
u-official_(arknights),222
ushijima_wakatoshi,222
s:p_little_knight,222
vayne_(league),222
ayase_yuu,222
sua_(black_survival),222
hela_(marvel),222
drew_(pokemon),222
gullveig_(fire_emblem),222
logician_(16personalities),222
quinella,222
layer_(mega_man),222
winona_(pokemon),221
yuri_(girls_und_panzer),221
veteran_mercenary_echidna,221
chrono_harlaown,221
crimson_avenger_(elsword),221
ron_weasley,221
tsurugi_minko,221
avywenna_(arknights),221
minegishi_ayano,221
torracat,221
hoshikawa_shizuku,221
touka_(utawarerumono),221
ousaka_nanami,221
common_vampire_bat_(kemono_friends),221
midori_(kimi_ga_shine),221
dreamer_(girls'_frontline),221
sui_(isekai_ojisan),221
kray_foresight,221
kaniko_(tsukumo_sana),221
cap'n_cuttlefish,221
sato_masuki,221
suzutsuki_(swimsuit)_(kancolle),221
earth-chan,221
nagare_ryoma,221
hope_estheim,221
osawa_rurino_(winter_loungewear),221
nice_nature_(casual)_(umamusume),221
corphish,221
hoshimachi_suisei_(oriental_suit),221
rita_rossweisse_(fallen_rosemary),221
lopmon,221
simon_belmont,221
clervie_(genshin_impact),221
lt._surge,221
konpaku_youki_(ghost),221
copy_x_(mega_man),221
shinano_(moonlit_chrome)_(azur_lane),221
mym_(dragalia_lost),221
sword_kirby,221
daring_tact_(racing)_(umamusume),221
saionji_sekai,221
tokime_shizuka,221
alchemist_(sekaiju),221
executor_(elden_ring),221
mercedes_von_martritz_(timeskip),221
lindverne_sunbringer,221
suzunami_(kancolle),221
morimoto_yuni,221
sugawara_chie,221
butler_(zenless_zone_zero),221
orihime_(tanabata),221
monet_(one_piece),220
mamiya_hasaki,220
applejack_(equestria_girls),220
00_gundam,220
pirotess,220
v_(devil_may_cry),220
frillish_(female),220
tenne_miko,220
akabane_karma,220
mikhail_buran,220
nina_wang,220
gorou_(darling_in_the_franxx),220
bremerton_(day-off_date)_(azur_lane),220
miku_(darling_in_the_franxx),220
mine_yoshitaka,220
dracovish,220
mikudayo,220
shinoda_hajime,220
sakurano_mimito,220
yulong_(journey_to_the_west),220
shenron_(dragon_ball),220
enid_sinclair,220
nqrse,220
yihdra_arvoln,220
fiz_(fizintine),220
miyamura_miyako,220
hitmonchan,220
godot_(ace_attorney),220
cerberus_(kemono_friends),220
mito_youhei,220
faye_(fire_emblem),220
kolin,220
ayame_(gundam_build_divers),220
aerith_gainsborough_(pink_mermaid),220
la+_darknesss_(casual),220
medic_2_(sekaiju),220
ogiso_setsuna,220
aeru_(simoun),220
reina_(project_tokyo_dolls),220
keith_(voltron),220
valeriy_(genshin_impact),220
klug_(puyopuyo),220
magical_mirai_miku_(2026),219
suzuka_gozen_(swimsuit_rider)_(second_ascension)_(fate),219
mello_(death_note),219
runie_ruse,219
kearsarge_(all_night_charge)_(azur_lane),219
sonken_(koihime_musou),219
arcane_jayce,219
rin_(yu-gi-oh!),219
seto_sun,219
sakura_laurel_(saisir_le_reve)_(umamusume),219
scarfy,219
grian_(youtuber),219
risty_(queen's_blade),219
surcouf_(azur_lane),219
zerco_(fate),219
amiya_(newsgirl)_(arknights),219
kuga_yuuma,219
miriallia_haw,219
soul_linker_(ragnarok_online),219
vf-25,219
bremerton_(relaxation_consultation)_(azur_lane),219
ludmilla_(nikke),219
hermes_(kino_no_tabi),219
enjoji_jin_(possessed),219
canti,219
eydis_(sao),219
takamachi_nanoha_(original_mode),219
blitzle,219
sigilyph,219
uesaka_sumire,219
nel_(fire_emblem),219
okita_souji_alter_(swimsuit_saber)_(fate),219
quna_(pso2),219
h'aanit_(octopath_traveler),219
kobayashi_luca,219
hasumi_keito,219
sheriff_woody,218
kirara_(arknights),218
ishizuka_fujino,218
kingprotea_alter_(fate),218
plumeria_(fire_emblem),218
mizuo_haruichi,218
kiss-shot_acerola-orion_heart-under-blade_(small),218
audrey_hall,218
symonne_(tales),218
yorra_villeneuve_(nyantcha),218
colress_(pokemon),218
flamme_(sousou_no_frieren),218
shiori_(project_tokyo_dolls),218
pungdangi_(arahashi_tabi),218
sakayanagi_arisu,218
fuuka_(new_year)_(blue_archive),218
sakurada_hane,218
celica_a._mercury,218
courier_(arknights),218
oinari-sama_(kemono_friends),218
zen'in_mai,218
marufuji_sho,218
nijihara_ink,218
kine_(kirby),218
liv:_empyrea_(pgr),218
alina_clover,218
sakuraba_neku,218
ookanehira_(touken_ranbu),218
chihaya_senri,218
zheng_chenggong_(fate),218
sorano_aoi,218
kannagi_itsuki,218
kyoko_(kunio-kun),218
president_maa,218
minion_1_(zannen_onna-kanbu_black_general-san),218
hatena_yousei,218
ryugasaki_rene_(1st_costume),218
isaki_kaname,218
yae_sakura_(flame_sakitama),218
shiramine_rika,218
komala,218
otoshiro_seira,218
shameimaru_aya_(crow),218
kokutou_azaka,218
claude_c._kenny,218
kunou_tatewaki,217
ranni_(peach88),217
hayami_saori,217
bettie_(pokemon),217
wonder_acute_(butterfly_sting)_(umamusume),217
deerling_(spring),217
fuyuan_(honkai:_star_rail),217
gray_(assassin)_(fate),217
yukinoshita_haruno,217
callie_(octo_idol_outfit)_(splatoon),217
cress_de_rouen,217
doctor_doom,217
moon_rabbit_extra_(touhou),217
yoo_sangah,217
gelgoog,217
kinomoto_sakura_(miraculous_sakura),217
arene_(arknights),217
usami_tokishige,217
big_the_cat,217
sniper_(tf2),217
mori_calliope_(new_year),217
smol_mumei,217
otogari_adonis,217
oomuro_nadeshiko,217
lucia:_pyroath_(pgr),217
isaki_riona_(1st_costume),217
hyaku_shiki,217
maple_(bofuri),217
gaius_julius_caesar_(fate),217
shera_l._greenwood,217
kurohanya_(niliu_chahui),217
seaport_summer_princess,217
watabe_koharu,217
isolated_island_princess,217
kongiku,217
peashooter_(plants_vs._zombies),217
haqua_d'rot_herminium,217
filene_(shadowverse),217
captain_amari,217
elf_elysia,217
koyuki_(bunny)_(blue_archive),217
ogawa_sumireko,217
mashu_(control),217
fuka-chan,217
otouto_(92m),217
davi_(precure),217
lavenza_(persona_5),217
giant_armadillo_(kemono_friends),217
theresa_apocalypse_(schicksal's_imperative),216
fox_(persona_5),216
badtz-maru,216
protagonist_(light_and_night_love),216
barcarola_(reverse:1999),216
red_shoes_(nikke),216
goat-chan_(enarane),216
hapu_(pokemon),216
bulborb,216
hatsuse_izuna,216
silver_vanrouge,216
matsu_(kancolle),216
lana_(fire_emblem),216
agravain_(fate),216
natsugumo_(kancolle),216
warupeach,216
seele_vollerei_(azure_memories),216
naraka_(nijisanji),216
hinamizawa_hinami_(tetto),216
meltan,216
minato_mio,216
ogre_(dq10),216
small_kyubey,216
hacka_doll_1,216
bergman's_bear_(kemono_friends),216
yasuhara_ema,216
lu_chen,216
nacchan_(ohisashiburi),216
lunatic_(tiger_&_bunny),216
sunny_(birthday)_(omori),216
cradily,216
indeedee_(female),216
silky_anteater_(kemono_friends),216
dateko_(92m),216
yamabushi_kunihiro,216
big_sister_(navigavi),215
fail_(djmax),215
anna_williams,215
shanoa_(castlevania),215
roaring_knight,215
yuki_miku_(2024),215
cloud_strife_(blue_dress),215
baldr_(fire_emblem_heroes),215
kanade_izuru_(1st_costume),215
nina_wang_rockford,215
pippi_(osu!),215
happy_chaos,215
yaeno_muteki_(blazed_head_covered_fists)_(umamusume),215
mononobe_alice_(1st_costume),215
yoo_mina,215
kazooie_(banjo-kazooie),215
ling_yao,215
shiguma_rika,215
metis_(persona),215
pochimaru_(vtuber),215
lin_(summer)_(arknights),215
sugimoto_chisato,215
baltimore_(black_ace)_(azur_lane),215
kuroi_nanako,215
cross_mirage,215
yuyusu_(cookie),215
hacka_doll_2,215
momogaa_(girls_und_panzer),215
ichijouji_ken,215
yami_bakura,215
kuroki_rei,215
amyi,215
makino_yume,215
katsushika_hokusai_(third_ascension)_(fate),215
suzuya_(azur_lane),215
saiki_kusuo,215
coralie_6626_planck_(valkyrie_blastmetal),215
suzuki_rion,215
lunatic_(ragnarok_online),215
shu_(bingwenyuyou)_(arknights),215
suzumiya_haruka,215
akari_(princess_connect!),215
furukawa_sanae,215
akeuraji_tsukasa,215
munakata_kyosuke,215
hirose_sumire,215
kirasaka_sayaka,215
otabek_altin,215
angert_(infinity_nikki),214
ange_katrina_(lab_coat),214
panpour,214
ange_katrina_(qipao),214
omni-man,214
yoshida_ayumi,214
max_(pokemon),214
kaiboukan_no._30_(kancolle),214
limealicious_(cozy),214
valkyrie_(jojo),214
seal_brown_horse_(kemono_friends),214
bard_(sekaiju),214
lucina_(spring_exalt)_(fire_emblem),214
drayden_(pokemon),214
polt,214
banshouya_ena,214
yat_sen_(azur_lane),214
tamamo_no_mae_(sable_mage)_(fate),214
themis_(ff14),214
ji-yoon_(jourd4n),214
uzaki_yanagi,214
enforcer_(arknights),214
mercuria_(reverse:1999),214
shiramine_nokia,214
k11_(girls'_frontline),214
kasumi_(azur_lane),214
aug_(girls'_frontline),214
nanawo_akari,214
komiyama_kotomi,214
gastrodon_(west),214
glorious_(azur_lane),214
hazekura_mikitaka,214
seox_(granblue_fantasy),214
tanuki_(kemono_friends),214
komajirou,214
dodrio,214
alicia_melchiott,214
nyanko-sensei,214
matsurisu,214
kogara_toto,214
patxi_(fate),214
maia_(blue_archive),214
elizabeth_(bioshock_infinite),214
yuzurizaki_nero,214
eikthyrnir_(fire_emblem),214
suzuki_arisa,214
connor_(detroit),213
temmie,213
smol_gura,213
helen_parr,213
tezuka_saki,213
goldenglow_(summer_flowers)_(arknights),213
cecilia_(fire_emblem),213
austria_(hetalia),213
honedge,213
fraw_bow,213
player_character_(male)_(degrees_of_lewdity),213
phantom_thief_(kkmomo67),213
yamato_iori,213
gilgamesh_(establishment)_(fate),213
fumizuki_kai_ni_(kancolle),213
subaki_(fire_emblem),213
gemini_sunrise,213
little_cocon_(umamusume),213
dan_feng_(honkai:_star_rail),213
joule_(gunvolt),213
mari_(swimsuit)_(blue_archive),213
hata-tan_(rui_(hershe)),213
leila_malcal,213
electivire,213
ninomae_ina'nis_(school_uniform),213
suzumi_tamao,213
strike_freedom_gundam,213
haruna_(aoki_hagane_no_arpeggio),213
pioneer_(azki),213
air_defense_princess,213
usa_mimi,213
oinomori_may,213
hong_meiling_(panda),213
kureha_yuna,213
feitan_portor,213
billy_russell_(dickfish),213
park_dona,213
tachibana_rei,213
suou_patra_(1st_costume),213
lanz_(xenoblade),213
matsumoto_sarina,213
male_protagonist_(pokemon_go),213
heaven's_door,213
ana_(mother),213
nelly_(xyronii),213
snubbull,213
wormmon,213
wakiyama_tamami,213
peruere_(genshin_impact),213
est_(fire_emblem),213
ludicolo,213
hatori_chise,213
yamato_(swimsuit)_(kancolle),213
ran_(urusei_yatsura),213
micchan_(ohisashiburi),213
reisawa_aoi,213
princess_(slay_the_princess),213
akiyama_yoshiko,213
oribe_tsubasa,212
ooyama_(angel_beats!),212
dororo_(keroro_gunsou),212
black_dragon_(kemono_friends),212
kazami_kazuki,212
met_(mega_man),212
ouro_kronii_(goddess),212
osana_najimi_(komi-san_wa_komyushou_desu),212
brooklyn_(kancolle),212
yuri_crimson,212
avicebron_(fate),212
hoshi_kirara,212
hiryuu_(azur_lane),212
cinderella_(beautiful_me)_(nikke),212
rajang,212
biscuit_krueger,212
uryuu_minene,212
tsukamoto_tenma,212
nanika_(azumi_inori),212
volume_(nikke),212
marikawa_shizuka,212
viktoriya_ivanovna_serebryakov,212
anti_(ssss.gridman),212
patricia_thompson,212
kamen_rider_hibiki,212
nakagawa_kanon,212
layla_(mino),212
akiyama_hayato,212
meinya_(made_in_abyss),212
space_ishtar_(second_ascension)_(fate),212
kano_(utaite),212
leos_vincent_(1st_costume),212
fallenshadow_(1st_costume),212
abomasnow,212
pain_(naruto),211
safety_(zenless_zone_zero),211
patty_(fire_emblem),211
tiphereth_b_(project_moon),211
female_dreamseeker_(honkai_impact),211
lord_raptor,211
nishizumi_family_dog,211
hinoshita_kaho_(summer_loungewear),211
monica_everett,211
takamori_haruka,211
skyla_(summer_2025)_(pokemon),211
ui_(voisona),211
florian_brand,211
galarian_corsola,211
yatonokami_kanata,211
horizon_ariadust,211
g28_(girls'_frontline),211
kumano_(azur_lane),211
apricot_sakuraba,211
dorothea_arnault_(summer),211
kasane_teto_(voicepeak),211
protagonist_(love_and_producer),211
gray_reverse,211
hakos_baelz_(strawberry_onesie),211
trony_(nikke),211
mishima_heihachi,211
ushimi_ichigo,211
nicola_(granblue_fantasy),211
bismarck_zwei_(azur_lane),211
bubble_head_nurse,211
bi_yao_(zhu_xian),211
lexington_(cv-16)_(warship_girls_r),211
tiffa_adill,211
yumeno_haru_(yunekoko),211
yami_sukehiro,211
kii-kun_(agnes_tachyon)_(umamusume),211
shunga_youkyu,211
tatsuta_(swimsuit)_(kancolle),211
april_(arknights),211
valerie_(pokemon),211
dark_meta_knight,211
stoutland,211
roadhog_(overwatch),211
anemo_nemo,210
yuki_miku_(2026),210
deren_(path_to_nowhere),210
bitey_(arknights),210
changli_(laurel_nymph)_(wuthering_waves),210
bkornblume,210
rhinedottir_(genshin_impact),210
hyakuya_yuuichirou,210
makaino_ririmu_(6th_costume),210
kampfer_(mobile_suit),210
misaki_(project_tokyo_dolls),210
shindou_hatsune,210
ritsu_(blue_archive),210
harpie_lady,210
okazaki_yasuha,210
tohsaka_rin_(fate/extra),210
male_kana_(fire_emblem),210
gneisenau_(azur_lane),210
mutsu_(azur_lane),210
shiroe_(log_horizon),210
alisa_boskonovich,210
hiiragi_tsukino_(aldehyde),210
monk_(fft),210
inukai_isuke,210
john_rottweil_(dickfish),210
super_orion_(fate),210
asaboo_(zenless_zone_zero),210
yuki_miku_(2023),210
ayase_saki,210
quina_quen,210
konparu_nozomi,210
lilith_(true_form)_(machikado_mazoku),210
fortune_teller_(touhou),210
shiratama_(shiranami_ramune),210
victoire_pisa_(lueur_angelique)_(umamusume),210
scopedog,210
ninjask,210
hatsukano_yo,210
poncirus_(arknights),210
orbeetle,210
vatista_(under_night_in-birth),210
phi_(kyokugen_dasshutsu),210
tinkatink,210
tololo_(girls'_frontline_2),209
leonardo_(tmnt),209
amethyst_(steven_universe),209
sadaharu,209
senkou_(senran_kagura),209
hohenheim_(project_moon),209
elena_(ff7),209
hu_wei_(zenless_zone_zero),209
nitta_io,209
clear_(djmax),209
seteth_(fire_emblem),209
pansear,209
mafuyu_(vrchat),209
takuya_(acceed),209
minazuki_ruka,209
kurosaki_karin,209
mirror_maiden_(genshin_impact),209
chuugoku_usagi,209
kuronushi_(genshin_impact),209
inagi_(kancolle),209
idunn_(fire_emblem),209
kazuki_hana,209
poli_(nikke),209
david_liu_(peach88),209
ciel_(elsword),209
bakura_ryou,209
janine_(pokemon),209
trevenant,209
okabe_rintarou_(beta),209
ak-12_(quiet_azure)_(girls'_frontline),209
mori_calliope_(kawaiiope),209
kadabra,209
amano_ririsa,209
kashihara_noa_(kindatsu),209
yamaba_yume,209
rei_(blue_archive),209
grogu,209
penguin_(one_piece),209
toono_mizuki,209
tsuruki_shizuka,209
tobi_(naruto),209
m37_(girls'_frontline),209
yuzuki_yukari_(onn),209
flint_(arknights),209
kanzarin_(vtuber),209
yukihana_lamy_(new_year),209
pt_imp_group,209
rugal_bernstein,209
pon_de_lion,209
basculegion,209
marie_antoinette_alter_(third_ascension)_(fate),209
hakos_baelz_(steel_rose),209
nekomiya_ryuu,209
kosegawa_shiromi,209
shinx_(male),209
female_commander_(azur_lane),209
abby_(kpop_demon_hunters),209
lavolpe_(yagisaka_seto),209
caenis_(unofficial_casual_wear)_(fate),208
tuye_(arknights),208
chloe_price,208
gwenpool,208
moses_(project_moon),208
trickywi,208
medli,208
laufen_(sousou_no_frieren),208
hakuji_(kimetsu_no_yaiba),208
alice_(black_souls),208
cheryl_(pokemon),208
aris_(winter)_(blue_archive),208
theresis_(arknights),208
william_shakespeare_(fate),208
shindou_chihiro,208
varus_(league),208
inne_sulistya_robin,208
male_protagonist_(live_a_hero),208
astarotte_ygvar,208
laplace_(kamitsubaki_studio),208
kougami_shin'ya,208
sivir_(league),208
johnston_kai_(swimsuit)_(kancolle),208
garou_(one-punch_man),208
chuchu_(pokemon),208
nitocris_(third_ascension)_(fate),208
franken_stein_(soul_eater),208
ayla_(pgr),208
enjoji_michiru,208
kuroeda_(elf-san_wa_yaserarenai.),208
calcharo_(wuthering_waves),208
izumi_tol_amulius,208
tapu_koko,208
cure_macherie,208
jeanne_d'arc_(summer)_(granblue_fantasy),208
susannah_manatt,208
clair_vaux_bernardus,208
kirisu_mafuyu,208
tirena_(pair_tabi_skinship),208
goldenglow_(maiden_for_the_bright_night)_(arknights),208
hermes_(ff14),208
garbodor,208
callie_(agent_1_casual)_(splatoon),208
opal_(pokemon),208
chiester00,208
nishi_yuuko,208
cupitan_(granblue_fantasy),208
hitotsubashi_yurie,208
usalia_(disgaea),208
zhu_yaoxing,208
penguin_1-gou,208
fuwawa_abyssgard_(new_year),208
kusunoki_midori,208
mori_calliope_(rock_bunny),208
hanazono_shizuma,208
sasaki_makie,208
j_(reverse:1999),208
bamboo-hatted_kim,208
arnval,208
kusuha_mizuha,208
dancer_(sekaiju),207
female_sensei_(blue_archive)_(xipa),207
kira_yoshikage_(jojolion),207
kawamura_yuzuriha,207
sissela_(black_survival),207
magical_mirai_miku_(2020_summer),207
seifer_almasy,207
noiz_(dramatical_murder),207
hasunoue_keroppi,207
ghostface,207
new_jersey_(midsummer_leisure)_(azur_lane),207
aizawa_mint,207
kurogane_tama,207
sayo_(voicevox),207
yonah,207
warwick_(league),207
stella_hoshii,207
hatsuharu_kai_ni_(kancolle),207
gekkomon,207
hongryeon_(last_origin),207
skorpion_(girls'_frontline),207
duo_maxwell,207
han_sooyoung_(1863rd_turn),207
toono_minagi,207
laffey_ii_(azur_lane),207
joseph_joestar_(tequila),207
arjuna_alter_(first_ascension)_(fate),207
ashiya_douman_(second_ascension)_(fate),207
cosmos_(wuthering_waves),207
liv:_eclipse_(pgr),207
shidou_maki_(toji_no_miko),207
girafarig,207
m4_sopmod_ii_(mod3)_(girls'_frontline),207
grimm_(rwby),207
chigusa_asuha,207
columbina_(the_final_gift)_(genshin_impact),207
cardinal_(ragnarok_online),207
hakubi_washuu,207
alphen_(tales),207
vector_the_crocodile,207
chikage_(sister_princess),207
marie_(alice_sherlock),207
golduck,207
bianca_(pokemon_heroes),207
sakine_meiko,207
aldra_(queen's_blade),207
hazuki_watora,207
kimijima_sara,207
suminoe_shion,206
kai_(blue_archive),206
nishino_flower_(layered_petals)_(umamusume),206
prairie_(mega_man),206
iori_yuzuru,206
cooler_(dragon_ball),206
leaf_(black_souls),206
rio_(christmas_dress)_(blue_archive),206
aura_bella_fiora,206
sokka,206
hammann_(retrofit)_(azur_lane),206
skull_(persona_5),206
banpen_(todoroki_hajime),206
thresh_(league),206
nanna_(fire_emblem),206
aegir_(golden_dragon_among_auspicious_clouds)_(azur_lane),206
hibari_kyouya,206
murasakibara_atsushi,206
aoyama_motoko,206
mem-mem_(precure),206
lulla_(comodox),206
sakura_(usashiro_mani),206
poland_(hetalia),206
pangoro,206
call_(mighty_no._9),206
master_asia,206
cirno-nee,206
mika_melatika,206
mankey,206
monoyoshi_sadamune,206
shinomiya_rurina,206
vikala_(event)_(granblue_fantasy),206
mutsushika_misumi,206
lal'c_mellk_mal,206
neeko_(aldehyde),206
kotama_(camp)_(blue_archive),206
shinano_(visions_of_fantasy)_(azur_lane),206
satou_sakie,206
shurelia_(ar_tonelico),206
yamano_remon,206
wilhelmina_carmel,206
jitomi_monoe,206
makihara_arina,205
alva_(girls'_frontline_2),205
ash_(fire_emblem),205
prune_(genshin_impact),205
night_of_wallachia,205
demenishki,205
kurai_yonaka,205
gran_alegria_(smile_my_way!)_(umamusume),205
loen_(brown_dust),205
machiroon_(machina_x_flayon),205
saitou_hajime_(third_ascension)_(fate),205
nickit,205
youhu_(wuthering_waves),205
shinobu_(ninin_ga_shinobuden),205
arsene_(persona_5),205
rey_(star_wars),205
dongbaek_(project_moon),205
bronzong,205
julia_chang,205
la_pucelle_(mahoiku),205
suika_(dr._stone),205
sovereign_2_(sekaiju),205
seedot,205
exosister_irene,205
yamanashi_haruka,205
alolan_marowak,205
ouro_kronii_(holonatsu_paradise),205
luis_cammy,205
usaslug_(tsukumo_sana),205
aeiou_(yoako),205
umino_iruka,205
elira_pendora_(2nd_costume),205
kushizaki_(vtuber),205
yayoi_sakura,205
belphegor_(reborn),205
queen_sectonia,205
emerald_(pokemon),205
vesti_(nikke),205
yunoha_thrul,205
sannomiya_shiho,205
hibiscus_the_purifier_(arknights),205
mega_banette,205
shinobi_(sekaiju),204
risette_twinings,204
noumu_(boku_no_hero_academia),204
kongou_mitsuko,204
miyake_shinobu,204
tokino_sora_(casual),204
amiya_(young)_(arknights),204
ooshima_ichiko,204
galarian_farfetch'd,204
tina_(kmnz),204
kizuna_akari_(a.i._voice),204
marco_polo_(azur_lane),204
nagao_kei,204
iris_chateaubriand,204
tsugikuni_michikatsu,204
seulgi_(red_velvet),204
golbez,204
yuni_(nikke),204
ephnel,204
pawmo,204
jade_(azur_lane),204
saya_(twrlare),204
lapwing_(vrchat),204
scathach_(fire_emblem),204
cheeta_(girls'_frontline_2),204
kycilia_zabi,204
krookodile,204
dongrang_(project_moon),204
borongo,204
emerald_sustrai,204
rennala_queen_of_the_full_moon,204
vlov_arkhangel,204
abigail_williams_(santa)_(fate),204
gloomy_bear,204
contender_(girls'_frontline),204
raiden_mei_(lightning_empress),204
sekhmet_of_death,204
luca_kaneshiro_(1st_costume),204
komikado_sachi,204
yoohee_(girls'_frontline_2),204
prospera_mercury,204
stunfisk,204
tenma_mitsuru,204
martha_(third_ascension)_(fate),204
charlemagne_(first_ascension)_(fate),204
colorado_(azur_lane),204
makoto_(dress)_(blue_archive),204
hinomoto_hikari,204
sticky_fingers_(stand),204
emily_(hazbin_hotel),204
damian_doyle_(cyphers),204
ponyo,204
carbink,204
spark_(pokemon),204
massachusetts_(dressed_to_impress)_(azur_lane),204
summoner_(final_fantasy),204
marowak,204
the_regent_(slay_the_spire),204
amiya_aranha,204
sein_(sousou_no_frieren),204
kishitani_shinra,204
bardiche_(axe_form)_(nanoha),204
himeyuri_sango,204
aoi_kimi,204
liza_(pokemon),203
female_protagonist_(pokemon_pokopia),203
blazing_cartesia_the_virtuous,203
kirin_r_yato_(arknights),203
magneto,203
devola,203
shimanto_(azur_lane),203
biker_peach,203
lillie_(anniversary_2021)_(pokemon),203
lumi_(genshin_impact),203
kaalaa_baunaa,203
diesel_(nikke),203
lauren_iroas_(1st_costume),203
yang_lee,203
bellows_(suisei_no_gargantia),203
raiden_mei_(danzai_spectramancer),203
dead_apostle_noel_(tsukihime),203
lyon_(fire_emblem),203
lily_hawk,203
eustace_winner,203
rurudo_lion_(1st_costume),203
kurumi_(hazakura_hinata),203
bass.exe_(mega_man),203
kunugi_chiaki,203
coo_(kirby),203
maliss_<p>_white_rabbit,203
agnes_oblige,203
dustox,203
akihime_sumomo,203
fujii_natsumi_(ysphere),203
chibikko_(morihito),203
star_guardian_soraka,203
inubousaki_shian,203
chica,203
nidorina,203
swellow,203
valvatorez_(disgaea),203
yamana_akane,203
normad,203
hiura_mihate,203
rebellion_(ragnarok_online),203
kanada_toshu,203
bartholomew_roberts_(fate),203
luna_(shadowverse),203
yoshioka_chie,203
kayle_(league),202
yellow_(deltarune),202
skull_kid,202
magearna_(normal),202
envy_(fma),202
cacturne,202
witchcrafter_madame_verre,202
liter_(nikke),202
shirogane_noel_(sleepwear),202
greta_hofmann,202
emma_verde_(kujibikido_swimsuit),202
maria_(fire_emblem:_shadow_dragon),202
inui_shinju,202
zygarde_core,202
andy_bogard,202
hirano_aya,202
omastar,202
carnivine,202
dtto.,202
symphony_miku_(2018-2019),202
ophelia_(merryweather),202
dhelmise,202
theodore_(persona),202
elf_(dq10),202
anyoji_hime_(seal),202
nakatsukasa_tsubaki,202
kasuga_ichiban,202
fujimaru_ritsuka_(male)_(mage's_association_uniform),202
kasumi_(swimsuit)_(blue_archive),202
raffina_(puyopuyo),202
itoya_(studionice2011),202
ichijou_ayaka,202
exs-tia_sol,202
jennifer_walters,202
hibino_kafka,202
shinomiya_rina,202
marley_(pokemon),202
sagimiya_ryou,202
elma_leivonen,202
akagi_kai_ni_(kancolle),202
nobeta_(witch_skin),202
ryu_(breath_of_fire_v),202
murano_sayaka_(summer_loungewear),202
akazawa_izumi,202
hoshikawa_mafuyu,202
unown_i,202
evil_eye_sigma,202
rapunzel_(pure_grace)_(nikke),202
throne_anguis,202
angel_of_light_nanael,202
arita_haruyuki,202
yuki_anju,202
ortega_(pokemon),202
bagon,202
ancient_destroyer_oni,202
sena_mikoto,202
oohoshi_awai,202
bojji,202
melty_q_melromarc,202
mistorene_callus,202
kirin_(kemono_friends),202
golem_(pokemon),202
muginami,202
omega_(mega_man),202
yamamoto_keigo,202
azusagawa_sakuta,201
grimer,201
kuroe_mayu,201
tairitsu_(grievous_lady)_(arcaea),201
kagurazaka_miyu,201
aiba_ami,201
kunisaki_yukito,201
charybdis_(azur_lane),201
kemomimi-chan_(fish)_(naga_u),201
ult_(pokemon),201
ayanokouji_kiyotaka,201
malyna_(malberrybush),201
maimoto_keisuke,201
serizawa_katsuya,201
gelatoni,201
airy_(bravely_default),201
gummigoo,201
ingrid_(midnight_bliss)_(capcom),201
lachesis_(fire_emblem),201
mavis_dracula,201
lenora_(pokemon),201
lwmmg_(girls'_frontline),201
african_rock_python_(kemono_friends),201
mog_(ff9),201
ppsh-41_(girls'_frontline),201
granbull,201
nikki_(swapnote),201
kikunojo_(one_piece),201
izumi_(swimsuit)_(blue_archive),201
magical_mirai_len,201
asura_(onmyoji),201
renge_(swimsuit)_(blue_archive),201
saitou_hajime_(second_ascension)_(fate),201
tsubasa_ryuuji,201
succubus_(ragnarok_online),201
ashlock_(arknights),201
shiver_(splatoon_raiders),201
ayase_naru,201
uenoyama_ritsuka,201
ganesha_(fate),201
christina_sierra,201
lordgenome,201
lind_(hotathino),201
fearow,201
florges,201
haseo_(.hack//),201
osanai_(shashaki),201
ikezawa_kazuma,201
wonder_woman_(absolute_dc),200
rune_master_(sekaiju),200
tearlaments_scheiren,200
verdandi_(fate),200
cutter_(arknights),200
weepinbell,200
haiyi,200
meredy_(tales),200
chis-a,200
tomoe_(qipao)_(blue_archive),200
accelgor,200
yae_kasumi,200
asakura_yoh,200
jellicent_(male),200
serana,200
professor_neroli,200
marie_(peripeteia),200
aozora_himari,200
zeke_yeager,200
crow_(persona_5),200
imai_midori,200
hiromi_(blue_archive),200
cheshire_(summery_date!)_(azur_lane),200
bunny_girl_(yuuhagi_(amaretto-no-natsu)),200
yuzuki_yukari_(vocaloid4),200
muse_(amaburi),200
zeong,200
jeong_taeui,200
anna_(fire_emblem_engage),200
tadano_genji,200
ueno_(ueno-san_wa_bukiyou),200
ump45_(agent_lop_rabbit)_(girls'_frontline),200
nora_cat,200
lupusregina_beta,200
yuri_(yu-gi-oh!),200
li_syaoran_(battle_costume),200
vanilmirth_(ragnarok_online),200
machine_(nier),200
koube_shio,199
asahi_sas_brutus,199
amemori_sayo_(1st_costume),199
mima_sachi,199
ryuubi_gentoku_(ikkitousen),199
tsukishiro_monaka,199
nene_(dokusen_yoku_ga_tsuyo_sugiru_yandere_kai_neko-chan),199
ryu_(breath_of_fire_iii),199
kurosaki_kazui,199
tracy_reznik,199
takanashi_yomi,199
tenochtitlan_(swimsuit_mooncancer)_(first_ascension)_(fate),199
numel,199
sazanami_(swimsuit)_(kancolle),199
kagamine_rin_(roshin_yuukai/hard_rkmix),199
sebek_zigvolt,199
moana_waialiki,199
maita_rui,199
li_dailin,199
garterbelt_(psg),199
ikeda_chizuru,199
marie_antoinette_(third_ascension)_(fate),199
brassius_(pokemon),199
angel_martinez,199
greed_(fma),199
raphael_(tmnt),199
unown_s,199
akame_(akame_ga_kill!),199
roboco-san_(1st_costume),199
honjou_ruri,199
ayesha_altugle,199
cathyl,199
mega_ampharos,199
matsuda_yasuke,199
lincoro,199
nate_mitotsudaira,199
reines_el-melloi_archisorte_(second_ascension),199
caper_(arknights),199
floette_(red_flower),199
kamisato_ayaka_(heytea),199
durandal_(palatinus_equinox)_(honkai_impact),199
void_termina,199
asaka_kaori,199
satou_mari,199
akebono_(swimsuit)_(kancolle),199
lisa_silverman,199
novelites_(shiori_novella),199
light_valkyrie_(p&d),199
murata_himeko_(battle_storm),199
tonberry,199
hakos_baelz_(monochrome_dancer),199
lutecia_alpine,199
anemo_slime_(genshin_impact),199
iri_flina,199
rame_tree_(heuksaek),198
near_(death_note),198
cuphead,198
kabuto_(pokemon),198
yagami_reina,198
sakazuki_(one_piece),198
switzerland_(hetalia),198
lucy_steel,198
kamala_khan,198
pavolia_reine_(indonesian_casual),198
kihel_heim,198
harusame_(maid)_(kancolle),198
sakamata_chloe_(new_year),198
cynthia_(fire_emblem),198
perrault_(last_origin),198
beanstalk_(gift_uncompleted)_(arknights),198
enterprise_(wind_catcher)_(azur_lane),198
leonie_pinelli_(timeskip),198
securityboo_(zenless_zone_zero),198
sakura_miko_(flower_fantasista!),198
magia_sulfur,198
jean_bart_(kancolle),198
getter-1,198
riyo_reaper,198
kaya_(hazakura_hinata),198
gotenks,198
flying_miku_(project_voltage),198
barbara_parker,198
teucer_(genshin_impact),198
melania_(reverse:1999),198
terakomari_gandezblood,198
yakumo_(blue_archive),198
hooman_(nanashi_mumei),198
akaza_akane,198
baphomet_(grizz),198
rakeru_(precure),198
mankanshoku_sukuyo,198
gorebyss,198
elizabeth_thompson,198
sugita_tomokazu,198
tejina_senpai,198
seo_yuzuki,198
kanna_asumi,198
fuka_reventon,198
hina_(genshin_impact),198
beenic,198
momobami_kirari,198
lynx_landau,198
erika_la_etienne,198
quency_(escape_queen)_(nikke),198
atalanta_alter_(second_ascension)_(fate),198
cheetah_(kemono_friends),198
sonic_the_werehog,197
female_kiran_(fire_emblem),197
mafumafu,197
albion_(azur_lane),197
fairy_(jintai),197
mirabel_madrigal,197
mikado_akira_(tsukuyomi)_(cho_kaguya-hime!),197
popola,197
librarian_(project_moon),197
maushold_(family_of_four),197
lambda_(arknights),197
osaragi_(sakamoto_days),197
mirajane_strauss,197
m1_garand_(girls'_frontline),197
orihara_mairu,197
sylvia_(dq11),197
montpelier_(azur_lane),197
toriumi_hinata,197
sophia_(manus_vindictae)_(reverse:1999),197
makigumo_kai_ni_(kancolle),197
seel,197
duo_(duolingo),197
sasaki_shion,197
freedom_gundam,197
mandragora_(arknights),197
mage_(disgaea),197
bunnelby,197
anubis_(surio),197
kurokami_medaka,197
cu_chulainn_(second_ascension)_(fate),197
blue_angel_(yu-gi-oh!),197
pino_(jashin-chan_dropkick),197
morpho_knight_(butterfly),197
nosepass,197
akashi_kaoru,197
makoto_(summer)_(princess_connect!),197
ewen_egeburg,197
alphard_(canaan),197
chipp_zanuff,197
hershel_layton,197
sayama_chie,197
yuuki_nao,197
sengoku_yuno,197
max_caulfield,197
white_lily_cookie,197
joseph_desaulniers,197
dsr-50_(highest_bid)_(girls'_frontline),197
camyu,197
karakuri_chachamaru,197
ashleigh_reid,197
vera_nair,197
toudou_chise,197
duca_degli_abruzzi_(azur_lane),197
geronimo_(fate),197
pollux_(honkai:_star_rail),197
logix_ficsario,197
doge,197
komatsu_ibuki,197
nagasawa_yuki_(assault_lily),197
clint_barton,197
data_(mega_man),197
charlotte_linlin,196
inui_toko_(summer_casual),196
aerith_gainsborough_(midgard_seventh_high_school),196
nero_(kmnz),196
kizuna_akari_(tsubomi),196
professor_ivy,196
aciddrop_(arknights),196
omaru_polka_(school_uniform),196
zygarde_(50%),196
leonardo_watch,196
cat_girl_(andaerz),196
slugma,196
lilith_(fire_emblem),196
walter_white,196
hiromachi_nanami,196
cure_scarlet,196
namae_(magia_exedra),196
iron_fist_(marvel),196
ri_kouran,196
na'el_(xenoblade),196
hessian_(fate),196
owain_(fire_emblem),196
fallen_of_albaz,196
hollow_ichigo,196
z'gok,196
iskandar_(casual_wear)_(fate),196
lennon_(little_busters!),196
shoboon,196
minamisawa_senri,196
passenger_pigeon_(kemono_friends),196
marche_lorraine_(racing)_(umamusume),196
gourry_gabriev,196
balrog_(street_fighter),196
m590_(girls'_frontline),196
itakano_shigure,196
boyd_(fire_emblem),196
raiden_mei_(rainy_springtide),196
ayumu_(blue_archive),196
aquila_(azur_lane),196
yuzuki_roa_(1st_costume),196
jellymon,196
amemiya_nazuna_(1st_costume),196
aoi_(princess_connect!),196
t-800,196
tristan_(third_ascension)_(fate),196
neji_kokuto,196
goodtimeswithscar,196
kuji_toi,196
qian_renxue_(douluo_dalu),196
harper_(pokemon),196
g-self,196
donald_trump,196
shellin_burgundy,196
sophia_f_shirring,196
masaki_tenchi,196
needle_knight_leda,196
red_panda_(kemono_friends),196
suride_miku,196
makino_yuna,196
joe_(sk8),196
zuikaku_(the_wind's_true_name)_(azur_lane),196
prinz_eugen_(cordial_cornflower)_(azur_lane),195
fubuki_(azur_lane),195
capybara_(kemono_friends),195
lillia_(league),195
protagonist_(devil_survivor_2),195
amiya_(guard)_(in_a_myriad_of_universes)_(arknights),195
pan-chan_(blue_archive),195
mori_(nikke),195
bianca_(black_survival),195
layla_prismriver,195
ranger_(sekaiju),195
stitch_(lilo_&_stitch),195
cater_diamond,195
shirouzu_(gundam),195
kusakabe_yuuki_(to_heart_2),195
batman_(absolute_dc),195
amauri_miruki,195
click_(arknights),195
rodney_(kancolle),195
shiteyan'yo,195
snover,195
the_lamb_(cult_of_the_lamb),195
g3_(girls'_frontline),195
evil_twin_ki-sikil_(alternate_art),195
yokoyama_ishimi,195
aihara_enju,195
kongou_(azur_lane),195
minato_aqua_(aqua_iro_super_dream),195
z11_(azur_lane),195
setra,195
chloe_lemaire,195
tisshu_(karutamo),195
mari_(birthday)_(omori),195
mint_(dewprism),195
scarecrow_(girls'_frontline),195
christina_mackenzie,195
kingler,195
suwa_yorishige_(nige_jouzu_no_wakagimi),195
shiromiya_mimi,195
charon_(reverse:1999),195
harukaze_yayoi_(ryoujoku_gakuen),195
yuna_(biya_(1024)),195
harada_miyo,195
tokonome_mamori,195
vivy,195
mike_wazowski,194
sunflower_(plants_vs._zombies),194
ichihara_yuuko,194
irys_(race_queenrys)_(hololive),194
marisa_(fire_emblem),194
sakura_ritsuki,194
iwaizumi_hajime,194
kashiwagi_tsubasa,194
stellalou,194
dracky,194
ultraman_tiga,194
fujimaru_ritsuka_(female)_(chaldea_combat_uniform),194
kokuriko_(blue_archive),194
cure_cosmo,194
floatzel,194
aina_rive,194
kronshtadt_(azur_lane),194
choukai_(azur_lane),194
fuga_(senran_kagura),194
portgas_d._rouge,194
cure_ange,194
eagle_(reverse:1999),194
princess_(7th_dragon),194
zinogre,194
shachi_(one_piece),194
chakapi,194
"implacable_(shepherd_of_the_""lost"")_(azur_lane)",194
kagura_rei,194
ushiromiya_rudolf,194
hodaka_natsumi,194
felsi_rollo,194
mars_(pokemon),194
lattice_(lattice_sos!),194
doctor_magus_4,194
umitsuki_natsuzou,194
brest_(azur_lane),194
konnosuke,194
boney,194
shikabane_itsuka,194
midoriya_inko,194
ilay_riegrow,194
marona_(phantom_brave),194
kara_(go!_go!_gris!),194
mel_(league),193
bright_noa,193
hi-nu_gundam,193
nagase_kaede,193
green_(deltarune),193
milk_(nikke),193
nanook_(honkai:_star_rail),193
pawniard,193
suzuran_(lostlands_flowering)_(arknights),193
gunvolt,193
taguchi_ryuuya,193
casper_(a_date_with_death),193
ashton_anchors,193
asou_misaki,193
xiao_dianshi,193
lord_logres_(fate),193
type_95_(narcissus)_(girls'_frontline),193
tendou_satori,193
hood_(warship_girls_r),193
orchid_(arknights),193
bubbles_(honkai:_star_rail),193
miyamoto_musashi_(woman_of_niten_ichiryuu)_(fate),193
orga_itsuka,193
yuki_miku_(2020),193
hanamura_shiki,193
akuta_hinako,193
medama_oyaji_(human),193
family_computer_robot,193
eternity_(reverse:1999),193
ranboo,193
karenina:_scire_(pgr),193
hamburger-chan_(hundredburger),193
male_builder_(dqb2),193
goldbullet,193
fraux,193
beruka_(fire_emblem),193
anmicius,193
dier_(girls'_frontline),193
clara_dolls_(madoka_magica),193
artoria_caster_(final_ascension)_(fate),193
natsuiro_matsuri_(hololive_summer_2019),193
xuhuai_(the_legend_of_luo_xiaohei),193
unown_n,193
larva_tiamat_(first_ascension)_(fate),193
tosa_(hometown_zest)_(azur_lane),193
classic_amy,193
sarutobi_sasuke_(sengoku_basara),193
graf_zeppelin_(beachside_urd)_(azur_lane),193
keqing_(lantern_rite)_(genshin_impact),193
tb_(azur_lane),193
kawakita_tomoe,193
little_boy_commander_(azur_lane),193
sylphy_(amaburi),193
aloupeep_(enna_alouette),193
midori_(fire_emblem),193
nari_(cougar1404),193
nidorino,193
marina_(dj_hyperfresh)_(splatoon),193
yae_rin,193
paul_(pokemon),193
mii_gunner_(smash_ultimate),193
pubraseer_(live_a_hero),193
going_merry,193
tsukiyono_ruli,193
ethan_winters,193
lowell_(project_moon),193
minette_(skullgirls),193
player_character_(roblox),193
kasuga_(sengoku_basara),193
professor_nemo_(fate),192
osakabehime_(third_ascension)_(fate),192
stheno_(third_ascension)_(fate),192
numako_(pizza_kanon),192
jedah_dohma,192
believe_(umamusume),192
ranamon,192
dojima_daigo,192
kagura_suzu_(.live),192
triss_merigold,192
metalgreymon,192
roark_(pokemon),192
nero_claudius_(modern_costume_of_crimson)_(fate),192
johnny_storm,192
camilla_(tropical_beauty)_(fire_emblem),192
will_(pokemon),192
black_sister,192
suguri_(orange_juice),192
nao_(dream_c_club),192
new_(lk),192
banjo_(banjo-kazooie),192
mizuki_(vtuber),192
kadaj,192
nadja_applefield,192
takao_(school_romanza)_(azur_lane),192
castform_(normal),192
cure_felice,192
ringorou_(idolmaster),192
nadeko_(cookie),192
insane_black_rock_shooter,192
kodama,192
vendela_(arknights),192
shikimiya_mana,192
sakuya_(p&d),192
orihara_kururi,192
harpy_(closers),192
dragon_slayer_ornstein,192
kamen_rider_gaim,192
phantom_(nikke),192
suzuki_sonoko,192
yuto_(yu-gi-oh!),192
majin_vegeta,192
wa-class_transport_ship,192
kou_(granblue_fantasy),192
chef_kawasaki,192
saltwater_crocodile_(kemono_friends),192
adagaki_aki,192
dream_tiger_(govy9807),192
mahoraga_(jujutsu_kaisen),191
agnes_digital_(casual)_(umamusume),191
paper_heron,191
mamiya_inori,191
abyss_mage_(genshin_impact),191
maya_(azur_lane),191
appren-chirps_(fate),191
luna:_laurel_(pgr),191
mayano_top_gun_(rockin'_mewmeow)_(umamusume),191
gretel_(nikke),191
liz_(kmnz),191
odysseus_(fate),191
subaru_(rune_factory),191
silk_(marvel),191
kiryu_coco_(dragon),191
tori_(eddsworld),191
balthier,191
tarountula,191
kazama_jun,191
cure_sparkle,191
saber_alter_(swimsuit_rider)_(third_ascension),191
prinplup,191
korea_(hetalia),191
ch'en_the_holungday_(elite_ii)_(arknights),191
rush_(mega_man),191
reindeer_(kemono_friends),191
patrat,191
x_drake,191
tayo,191
izumi_noa,191
rudo_surebrec,191
momoi_azuki,191
vampirella_(character),191
valeria_(atelier),191
pippins_(deltarune),191
itomi_sayaka,191
saint_tail,191
tooyama_rin,191
rin_(kemurikusa),191
arancia,191
shiromanta_(character),191
ujikintoki_tamaryu,191
sonshoukou_(koihime_musou),191
niwa_(genshin_impact),191
amane_(dream_c_club),191
fujimi_nemu,191
axl_low,191
miya_utsutsu,191
anna_(sennen_sensou_aigis),191
elemental_master_(elsword),191
mii_brawler,191
uniguri_(zutomayo),190
tibbers,190
lailah_(tales),190
mizi_(demon)_(alien_stage),190
yhwach,190
muu_muyu,190
dark_angel_olivia,190
sin_(nikke),190
chinese_white_dolphin_(kemono_friends),190
star_sea_(nikki),190
maribelle_(fire_emblem),190
oberon_(refreshing_summer_prince)_(fate),190
tsukishiro_yukito,190
wonderlands_x_showtime_kaito,190
helmet_gangster_(blue_archive),190
wada_don,190
klukai_(speed_star)_(girls'_frontline_2),190
izumo_fuuko,190
vespiquen,190
sumita_mana,190
swordsman_(sekaiju),190
kirishima_(aoki_hagane_no_arpeggio),190
natasha_(sekai_seifuku),190
daredevil,190
arima_senka,190
usuzumi_hatsumi,190
minior_(blue_core),190
luke_triton,190
watanabe_minori,190
ultimecia,190
miyamai_moca,190
snufkin,190
kannonzaka_doppo,190
sagae_haruki,190
crustle,190
sussurro_(travel_freely)_(arknights),190
irisu_kyouko,190
gino_weinberg,190
captain_price,190
hans_christian_andersen_(adult)_(fate),190
nappa,190
aoi_yusuke,190
mutsu_(snail),190
dog_(shiba_inu)_(kemono_friends),190
kuwabara_kazuma,190
web_(cookie),190
hyougintou,190
sharuru_(precure),190
akatsuki_miho,190
yakumo_(nu_carnival),190
nohara_rin,190
sora_(project_moon),190
nakiri_ayame_(hololive_summer_2019),190
charlotte_(succuboos),190
galarian_meowth,190
okita_sawa,190
monai-chan_(nii_manabu),190
mesousa,190
nodoka_(hot_spring)_(blue_archive),190
pastel_ink,190
elysia_(sweet_memories)_(honkai_impact),190
gabi_braun,190
pentomo_(petra_gurin),190
mistletear,190
gokudera_hayato,190
askeladd,190
seele_vollerei_(wings_of_panacea),190
koga_(pokemon),190
nozaki_yuuki,189
ash_blossom_&_joyous_spring,189
mitama_(fire_emblem),189
magical_mirai_miku_(2023),189
sugawara_koushi,189
kirigoe_mima,189
25-ji_rin,189
yamada_asaemon_sagiri,189
red_leader_(eddsworld),189
riselia_ray_crystalia,189
quaxwell,189
mutsura_yuuto,189
cosmo_(chainsaw_man),189
amatsukaze_kai_ni_(kancolle),189
eclair_(girls_und_panzer),189
devilot_de_deathsatan_ix,189
model_z_(mega_man),189
vikala_(blooming_summer_wallflower)_(granblue_fantasy),189
usami_mizuki,189
suzumiya_akane,189
air_messiah_(umamusume),189
donphan,189
tiamat_(femme_fatale)_(fate),189
sawakita_eiji,189
kurusu_kanako,189
hootie_the_owl_(hooters),189
francisca_(kirby),189
dark_konoha,189
jack-o'_ran-tan,189
mr._chopped,189
nameless_king,189
marui_futaba,189
faba_(pokemon),189
guan_chao_(teenager)_(false_memory),189
osaragi_hazumu,189
oshino_meme,189
crow_hogan,189
amarant_coral,189
nakase_katsumi,189
kase_tomoka,189
ayerscarpe_(arknights),189
tsubakuro_yume,189
unown_r,189
ogami_koga,189
plains_zebra_(kemono_friends),189
bug_miku_(project_voltage),189
fujisaki_shiori,189
android_(blue_archive),189
shin_getter-1,189
fan_la_norne,189
teddy_(pgr),189
kurasawa_anzu,189
tokai_teio_(beyond_the_horizon)_(umamusume),189
darmanitan,189
tine_(fire_emblem),189
nophica,189
leprechaun_(last_origin),189
matt_(pokemon),189
veigar_(league),189
osanai_yuki,188
yi_xi_(synthesizer_v),188
blue_(deltarune),188
gir_(invader_zim),188
david_leatherhoff,188
adolf_hitler,188
buhanka-chan,188
baobhan_sith_(bloody_bunny)_(fate),188
ironeye_(elden_ring),188
coco_(eogks),188
psylocke_(breezy_butterfly),188
nivora_(wuthering_waves),188
lei_heng_(project_moon),188
diluc_(red_dead_of_night)_(genshin_impact),188
buffpup_(vtuber),188
candice_catnipp,188
ichinose_uruha_(4th_costume),188
queen_of_sunlight_gwynevere,188
hayami_momo_(hayamimomo),188
x_(to_be_hero_x),188
aika_himena,188
serah_farron,188
waha,188
hayase_misa,188
forbartz_xylo,188
primal_kyogre,188
ogino_ichiko,188
konohana_suzuka,188
kakita_(92m),188
great_grey_wolf_sif,188
isoi_rai,188
nightmare_(arknights),188
fujimaki_(angel_beats!),188
chobi_(akchu),188
aina_ardebit,188
valerie_(cyberpunk),188
electabuzz,188
kuronuma_sawako,188
uriel_(omniscient_reader's_viewpoint),188
leonidas_(fate),188
aizawa_eiko,188
ophelia_(bigrbear),188
hatsune_miku_(heartbeat),188
shinada_takumi,188
futaba_tsukushi,188
atsuko_(leotard)_(blue_archive),188
feower_(granblue_fantasy),188
quirrel,188
frey_(rune_factory),188
shiraori,188
nishinoya_yuu,188
galzaki-san_(daipunch),188
king_boo,188
dr._mario,188
aisha_clanclan,188
mihono_bourbon_(code:_icing)_(umamusume),188
imu_(senran_kagura),188
uro_takako,188
takase_rio,188
grenville_(azur_lane),188
kushida_kikyou,188
artier's_character,188
leda_(fire_emblem),188
stephanie_brown,187
gekkou_(senran_kagura),187
utsukushisugi_mimimi,187
yellow_diamond_(houseki_no_kuni),187
ghost_quartz_(houseki_no_kuni),187
harsha_(eisu),187
tamanoi_nana,187
charlotte_(seiken_densetsu_3),187
glycine_bleumer,187
kurageu_roa,187
hinasaki_miku,187
melody_bloom_(infinity_nikki),187
yue_(cardcaptor_sakura),187
violence_fiend_(chainsaw_man),187
maro_(neneko_mashiro),187
musse_egret,187
ragnarok_(soul_eater),187
sarah_(pokemon),187
hosokawa_kanako,187
itsumura_haruka,187
christie_(doa),187
edge_geraldine,187
romance_(kpop_demon_hunters),187
kawai_miruku,187
akechi_kokoro,187
mega_blaziken,187
ryekie_(live_a_hero),187
graveler,187
type_80_(girls'_frontline),187
octotrooper,187
drops_(ragnarok_online),187
female_sensei_(blue_archive)_(senta_(ysk_0218)),187
aikawa_chinatsu,187
kiana_kaslana_(apho),187
clown_(ragnarok_online),187
yzak_joule,187
black_lilith_(last_origin),187
power_pro-kun,187
takeda_shingen_(fate),187
tamamo_cross_(casual)_(umamusume),187
yui_shousetsu_(first_ascension)_(fate),187
cool_(gundam_suisei_no_majo),187
kirahoshi_kanna,187
krile_baldesion_(ff14),187
prefect_team_member_(blue_archive),187
revolver_ocelot,187
ninomae_ina'nis_(pastry_chef),187
kitt_(yu-gi-oh!),186
shindou_hikaru,186
susuwatari,186
falke_(signalis),186
zeri_(league),186
luknight_(himemori_luna),186
invincible_(character),186
maruyama_kanata,186
hansel_(nikke),186
ganmo_(takane_lui),186
shelliemay,186
hinata_(fire_emblem),186
western_parotia_(kemono_friends),186
dino_albani,186
gundam_calibarn,186
ekko_(ejami),186
campo_flicker_(kemono_friends),186
ouma_shuu,186
lilith_(yamibou),186
emile_elman,186
rigel_(op_na_yarou),186
flamigo,186
sita_vilosa,186
matsuri_(takayama_toshinori),186
kaga_(lawson)_(kancolle),186
fu_hua_(rustic_noir),186
mega_gengar,186
stephanie_dora,186
note-chan,186
fujimaru_ritsuka_(female)_(summer_street),186
izetta,186
usada_pekora_(new_year),186
akashi_kuniyuki,186
otowa_rui_(saibou_shinkyoku),186
fuyusaka_iori,186
sinon_(solus),186
jun_(princess_connect!),186
rabirin_(precure),186
hayakawa_sena_(pei_iriya),186
dark_willow,186
crocalor,186
angelic_buster,186
electro_cicin_mage_(genshin_impact),186
fletcher_kai_(kancolle),186
mobius_(pre-surgery)_(honkai_impact),186
otogi_(c108_swimsuit)_(blue_archive),185
le_triomphant_(azur_lane),185
fire_bird_(skeledirge),185
jolenta,185
adnachiel_(arknights),185
hidden_phantom_(mega_man),185
hattori_(one_piece),185
mikami_nagisa,185
yumeno_akari,185
kurotsuchi_mayuri,185
shigure_kira,185
reset_kalar,185
carcano_m91/38_(girls'_frontline),185
shihou_souma,185
kido_saori,185
akemi_(blue_archive),185
original_form_kawaii_puniru,185
lady's_dragonmaid,185
fuwafuwa-chan_(kamiyoshi_rika),185
tachibana_hinano_(5th_costume),185
elizabeth_bathory_(halloween_caster)_(fate),185
kusakabe_satsuki,185
sakurai_yuuto_(senpai_ga_uzai),185
takaomi_(orenchi_no_maidosan),185
cteno_(slugbox),185
creighton_of_mirrah,185
yurise_ririna,185
mametchi,185
nakahara_masaru,185
narita_(kyata_ti666),185
vice_(alchemy_stars),185
unown_t,185
bangalore_(apex_legends),185
arisen_(dragon's_dogma),185
vulcanus_(disgaea_4),185
lilith_(homunculus)_(machikado_mazoku),185
kurosaki_honoka,185
kotae_(otomari_koibito_lolita),185
kriemhild_gretchen,185
yumi_(nt00),185
pyroar,185
imouto-chan_(monaka_curl),185
sovetskaya_belorussiya_(azur_lane),185
ametsukana_yago,185
happy_(fairy_tail),185
kofji_(cookie),185
okuyama_saori,185
ruthenium77's_character,185
nezha_(fate),185
merchant_(dq3),185
li'l_judd_(splatoon),185
kusunoki_yukimura,185
shinjo_hinaki,185
kinomoto_sakura_(kitty),185
burgh_(pokemon),185
lucia:_dawn_(pgr),185
qu_(pgr),185
chloe_(school_festival)_(princess_connect!),185
seaborn_(arknights),185
yamato_(spring)_(kancolle),185
chou-10cm-hou-chan_(suzutsuki's),185
hakodate_omiko,185
uzi_(murder_drones),185
nabari_anju,184
joseph_oda,184
ni-ni_the_mirror_mikanko,184
ooshima_yotsuha,184
ico_(character),184
hakuowlo,184
royal_fortune_(azur_lane),184
naruse_ibara,184
fox_child_(doitsuken),184
torrent_(elden_ring),184
futaba_akane,184
ikuno_(darling_in_the_franxx),184
mystic_flour_cookie,184
xelloss,184
salama_(amaburi),184
kabutops,184
togo_ai,184
mankanshoku_matarou,184
abigail_(black_survival),184
white_bomberman,184
and_uge,184
melusine_(ibuki_notsu),184
andira_(summer)_(granblue_fantasy),184
kudo_shinobu,184
kitajima_kaede,184
makabe_kazuki,184
shamisen_(suzumiya_haruhi),184
dirty_deeds_done_dirt_cheap,184
bahamut_(final_fantasy),184
chiyo_(ane_naru_mono),184
shanna_(fire_emblem),184
altair_ibn_la-ahad,184
hanna_england,184
reed_the_flame_shadow_(summer_flower)_(arknights),184
sam_porter_bridges,184
i-26_(azur_lane),184
k.s.miracle_(prism)_(umamusume),184
botan_(clannad),184
kos-mos_re:,184
saturn_(pokemon),184
anlucea,184
brume_(reverse:1999),184
mizushiro_celica,184
rinu_(stpri),184
marin_(zelda),184
noise_(nikke),184
akagi_wen,184
warabeda_meiji_(1st_costume),184
narmaya_(valentine)_(granblue_fantasy),184
christopher_columbus_(fate),184
misaki_shiki,184
kiana_kaslana_(divine_prayer),184
kaiki_deishuu,184
eishin_flash_(reines_plaetschern)_(umamusume),184
sumizome_nozomi,184
sorceress_sellen,184
mihono_bourbon_(casual)_(umamusume),184
magical_mirai_rin,184
dimitri_alexandre_blaiddyd_(young),184
madame_ping_(genshin_impact),184
lady_loki,184
twilight_sparkle_(human),183
ralf_jones,183
shadow_naoto,183
nanase_kureha,183
kaori_(princess_connect!),183
ms._stranger_(reverse:1999),183
sagara_sousuke,183
maria_tachibana,183
rebecca_(fire_emblem),183
tangaroa_(housamo),183
minfilia_warde,183
av-98_ingram,183
m1918_(girls'_frontline),183
cnoc_na_riabh_(fate),183
shine_mirage,183
gangut_(azur_lane),183
sakino_asuka,183
medusa_(rider)_(third_ascension)_(fate),183
vegetto_(xeno),183
cure_selene,183
vox_akuma_(1st_costume),183
dorodra_(kisaragi_kaya),183
kamiko_kana,183
kamado_nezuko_(demon),183
reid_hershel,183
ground_miku_(project_voltage),183
tachibana_shiro_(idolmaster),183
kurumi_noah_(6th_costume),183
mehrak_(genshin_impact),183
taiyo_pepper,183
scavenger_(arknights),183
nanami_ryuusui,183
karen_(blue_archive),183
clamperl,183
duster_(mother),183
red_(warioware),183
wakaba_hinata,183
ryuuguuji_ken,183
candy_apple_cookie,183
olga_discordia,183
aalto_(wuthering_waves),183
shinjou_akane_(new_order),183
umbral_knight_(ender_lilies),183
blade_(sesame_cake)_(honkai:_star_rail),183
ursula_(fire_emblem:_the_blazing_blade),183
randolph_orlando,183
yaya_(machine-doll),183
hercules_(disney),183
nerona_imu,183
yasu_(umineko),182
elizabeth_(gintama),182
spritzee,182
blaze_the_igniting_spark_(arknights),182
daughter_(yoru_mac),182
buro_(muse_dash),182
kuro_(neural_cloud),182
honda_tohru,182
barghest_(swimsuit_archer)_(second_ascension)_(fate),182
scarlett_(unicorn_overlord),182
mamoswine,182
serpo_(dandadan),182
ibuki_douji_(second_ascension)_(fate),182
gretel_(granblue_fantasy),182
anneliese,182
fukuyama_jeanne_sachie,182
cursola,182
ironmouse_(demon_form),182
noshiro_(swimsuit)_(kancolle),182
leysritt_(fate),182
aussa_(yu-gi-oh!),182
tomo-chan_(deadflow),182
souya_agb_(kancolle),182
mogami_kai_ni_(kancolle),182
nonaka_kokona,182
tang_wutong_(douluo_dalu),182
fujiwara_zakuro,182
junko_(new_year)_(blue_archive),182
dorothea_arnault_(plegian),182
lechonk,182
nina_(breath_of_fire_i),182
nanami_(suikoden),182
zapfish,182
phalaenopsis_(msa_(fary_white)),182
kuran_arisa,182
triandra_(fire_emblem),182
bard_(final_fantasy),182
medjed_(mythology),182
namazu_(touhou),182
tsuchiya_ako,182
tsukisaka_sayu,182
jessica_(granblue_fantasy),182
dr._wily_(mega_man),182
new_submarine_princess,182
ricotta_elmar,182
kamen_rider_vice,182
jinno_megumi,182
tonegawa_yukio,182
asou_yuuko,182
sakurakouji_luna,182
elfnein,182
drasna_(pokemon),182
okamura_nao,182
laevatein_(fire_emblem),182
frederica_nikola_tesla,182
aoi_sora_(pairan),182
lucilius_(granblue_fantasy),182
beliora_vike,182
hisuian_lilligant,182
ivy_(cytus),182
sweden_(hetalia),182
white_tiger_(kemono_friends),182
koguma_(super_cub),182
quackity,182
surge_the_tenrec,181
abella_(fear_&_hunger),181
laharl-chan,181
irene_redmayne,181
giant_penguin_(kemono_friends),181
female_alear_(divine_attire)_(fire_emblem),181
nox_(path_to_nowhere),181
fumino_tamaki_(1st_costume),181
wimpod,181
nicky_blake,181
noshiro_kai_ni_(kancolle),181
titleholder_(umamusume),181
tatsumiya_mana,181
nero_alice,181
comandante_cappellini_(kancolle),181
mouse_girl_(yuuki_(yuyuki000)),181
hansel_(granblue_fantasy),181
jay_kidman,181
arama_(genshin_impact),181
saber_lion,181
spectrier,181
tokai_teio_(casual)_(umamusume),181
kanazawa_miracle,181
yelan_(tranquil_banquet)_(genshin_impact),181
25-ji_len,181
sophia_valentine_(1st_costume),181
cz75_(girls'_frontline),181
norway_(hetalia),181
ruin_guard_(genshin_impact),181
mr._koiwai,181
nakamura_yuuichi,181
cody_travers,181
bronto_burt,181
kanzaki_ranko_(angel_of_the_beach),181
nakajima_youko,181
chimera_(wuthering_waves),181
suzume_(princess_connect!),181
wubbaboo_(honkai:_star_rail),181
sera_honoka,181
phyllis_(little_witch_nobeta),181
ogami_shirou,181
unicorn_(the_gift_of_spring)_(azur_lane),181
southern_ocean_war_princess,181
kitajima_sara,181
demoman_(tf2),181
xeno_a,181
ellie_(the_last_of_us),181
latooni_subota,181
seaport_water_oni,181
mai_(dragon_ball),181
sakishima_hikari,181
nato-kun,181
helel_ben_shalem,181
daidou_ayumu,181
daitoku_junna,181
reszurre,181
yachi_hitoka,181
ryugasaki_rene_(2nd_costume),181
saitou_kaede_(yama_no_susume),181
paseri_(cookie),181
danua_(summer)_(granblue_fantasy),181
phenny_(project_sekai),181
nomura_miki,181
moon_(zelda),181
cacucu_(genshin_impact),180
millicent_(elden_ring),180
shinomiya_runa_(1st_costume),180
pierro_(genshin_impact),180
cassie_(shadow_slave),180
ironmouse_(15th_costume),180
mettaton_(box),180
kite_(hunter_x_hunter),180
magmar,180
momiji_(binbougami_ga!),180
haaselia,180
forrest_(fire_emblem),180
mekami_shifty_(nikke),180
kyouyama_anna,180
himegami_aisa,180
yatonokami_nayuta,180
kamen_rider_kuuga_(mighty_form),180
an-94_(silent_rouge)_(girls'_frontline),180
kurata_tome,180
hiwamura_hiyori,180
sora_(spring_flight)_(nikke),180
choya_hanabi,180
eclipse_(brown_dust),180
skadi_(the_next_afternoon_tea)_(arknights),180
murasaki_shion_(school_uniform),180
din_djarin,180
alcremie_(berry_sweet),180
tine_chelc,180
watanabe_akari,180
arthur_pendragon_alter_(fate),180
taisui_xingjun_(fate),180
european_hare_(kemono_friends),180
minami_mirei_(normal),180
jinhsi_(peach_blossom)_(wuthering_waves),180
hippogriff_(fate),180
kaguyahime_(mahjong_soul),180
mysterious_ranmaru_x_(fate),180
izumo_no_okuni_(fate),180
bethy,180
princess_guinevere,180
giant_otter_(kemono_friends)_(kuro_(kurojill)),180
caligula_(fate),180
homeko,180
nove_(nanoha),180
gimmy_adai,180
himeyuri_ruri,180
midorikawa_hana,180
mature_(kof),180
imaichi_moenai_ko,180
sleep_kirby,180
raora_panthera_(new_year),180
wakaouji_ichigo,180
sasa_kazamori,180
noah_ebalon,180
noelle_(kfc)_(genshin_impact),180
bismarck_(warship_girls_r),180
kurusu_shou,180
meteorite_(arknights),180
ho-class_light_cruiser,180
ghirahim,180
yamada_saburo,180
flamberge_(kirby),180
drake_(azur_lane),180
shirafuji_kyouko,180
angelise_reiter,180
larxene,180
reala_(tales),180
ro635_(mod3)_(girls'_frontline),180
pantheon_(league),179
nadia_rayne,179
gumball_watterson,179
aether_(as_heaven_and_earth_are_made_anew)_(genshin_impact),179
sakuraba_seira,179
slow_dancer_(jojo),179
katsuragi_marina_(exs-tia_p),179
matara_kan_(1st_costume),179
saotome_haruna,179
irys_(maid)_(hololive),179
ciel_alencon,179
radagon_of_the_golden_order,179
warmy_(arknights),179
saizo_(fire_emblem),179
yona_(akatsuki_no_yona),179
honolulu_(swimsuit)_(kancolle),179
valac_clara,179
inari_(summer_pockets),179
artoria_caster_(swimsuit_berserker)_(third_ascension)_(fate),179
bruno_(pokemon),179
rengar_(league),179
sekiutsu_maria_tarou,179
poltchageist,179
shimura_nana,179
druddigon,179
morisawa_yuu,179
manaka_ao,179
tanizaki_yukari,179
houshou_marine_(ahoy!!_you're_all_pirates),179
cioccolata,179
benten_(urusei_yatsura),179
ayame_(senran_kagura),179
astrid_hofferson,179
no._21:_xxi_(pgr),179
eucliwood_hellscythe,179
jellal_fernandes,179
tougou_hifumi,179
tsunashi_takuto,179
passionlip_(third_ascension)_(fate),179
manaka_hitomi,179
helena_blavatsky_(swimsuit_archer)_(third_ascension)_(fate),179
kohagura_ellen,179
mable_(pokemon),179
david_king_(dead_by_daylight),179
pyrois_(zenless_zone_zero),179
heidi_(arknights),179
kibutsuji_muzan_(female),179
shutumon,179
finland_(hetalia),179
little_blue_(guin_guin),179
hatsuzuki_(azur_lane),179
houshou_marine_(new_year),179
kaleido_ruby,179
tequila_(cardwinner)_(arknights),179
jacinta_(arknights),178
oerba_yun_fang,178
renewa_(trickcal),178
ak74m_(girls'_frontline),178
little_sister_(navigavi),178
amayui_moka,178
gyokuken,178
rinwell_(tales),178
centi_(nikke),178
sanya_(1st_costume)_(nijisanji),178
yamada_midori,178
hayasaka_akira,178
tanaka_rie,178
pandora_(re:zero),178
souryuu_(azur_lane),178
stelle_(world_tour_2023)_(honkai:_star_rail),178
murakami_shizuru,178
meto_(cat),178
soppo_(girls'_frontline_2),178
vulcan_(arknights),178
calenda_(kemono_friends),178
bastet_(mythology),178
sakura_hime,178
galuf_halm_baldesion,178
venalita,178
furfrou_(natural),178
isaac_clarke,178
san-chan,178
yakumo_mikage,178
chase_(pokemon),178
aek-999_(girls'_frontline),178
lakitu,178
momo-chan_(dagasi),178
luozhu_(the_legend_of_luo_xiaohei),178
mizuki_shiranui,178
shinkai_haru,178
selena:_capriccio_(pgr),178
zeta_(kagejitsu),178
dendro_slime_(genshin_impact),178
fortune_(last_origin),178
riley_(pokemon),178
omega-xis_(mega_man),178
iwato_suzume,178
azami_(kagerou_project),178
katsuragi_yako,178
smoochum,178
aoi_kyosuke,178
yuki_onna_(nurarihyon_no_mago),178
shurou,178
kiana_kaslana_(valkyrie_ranger),178
azami_(blue_archive),178
fatutu,178
beagle_(arknights),178
petra_gurin_(2nd_costume),178
tsana_(lansane),178
alina_(girls_und_panzer),178
cow_girl_(goblin_slayer!),178
cleo_everlastin,178
marnie_(summer_2021)_(pokemon),178
tifa_lockhart_(midgard_seventh_high_school),177
exosister_martha,177
tenma_tomoro,177
dana_iclucia,177
yokota_haruna,177
komagata_hanabi,177
allmind_(armored_core_vi),177
kuramochi_youichi,177
mash_kyrielight_(swimsuit_of_perpetual_summer_ver.03),177
kurama_(naruto),177
esia_mariveninne_(komone_ushio),177
hoshiguma_the_breacher_(arknights),177
baselard,177
toxicroak,177
stanley_snyder_(dr._stone),177
eustace_(granblue_fantasy),177
lumera_(fire_emblem),177
kashimo_hajime,177
amagi_(cv)_(azur_lane),177
aoki_lapis,177
tomimi_(silent_night)_(arknights),177
fuyuka_(stella_sora),177
relicanth,177
flabebe_(red_flower),177
keith_max,177
elysia_(golden_courtyard)_(honkai_impact),177
kanna_yanagi,177
vexoria_the_sun_eater,177
kido_hyde,177
baigaoji,177
seeking_the_pearl_(umamusume),177
shadow_kirby,177
beta_(kagejitsu),177
kricketune,177
komugi_(lee),177
marie_(alterna)_(splatoon),177
tachimukai_yuuki,177
mikazuki_shizuka,177
chikuwa_(yurucamp),177
dawn_(palentine's_2021)_(pokemon),177
nurse_nemo_(fate),177
bai_winchester,177
hiiragi_nana,177
tomari_(harem_futago_lolita),177
charlotte_corday_(third_ascension)_(fate),177
wynaut,177
erebus_(azur_lane),177
asu_(sinsekai),177
minakata_hizuru,177
sanallite_(tsukumo_sana),177
yotarou_(aoki_hagane_no_arpeggio),177
p7_(girls'_frontline),177
houchou_toushirou,177
yugo_(yu-gi-oh!),177
captain_of_the_royal_guard_elina,177
sigui_(queen's_blade),177
fortress_2_(sekaiju),177
eris_(asobi_ni_iku_yo!),177
rashinban_musume,177
bullet_bill,177
mistilteinn_(closers),177
otonashi_kiruko,177
cure_papaya,177
mecha-fiora,177
tamaki_(doa),177
nagumo_midori,177
kirika_(peach88),177
knives_chau,177
misteln_schariac,177
nino_(sunaba_suzume),177
seer_(apex_legends),177
dark_hunter_3,177
monkey_d._dragon,176
monk_2_(sekaiju),176
tiki_(adult)_(summering_scion)_(fire_emblem),176
deemo_(character),176
iroi_(nte),176
dean_winchester,176
makia_(fushigi_na_neko_no_machi_meltier),176
lady_noir,176
rice_cake_(honkai_impact),176
wulfenite_(arknights),176
malva_(pokemon),176
medusa_gorgon,176
hyakuya_mikaela,176
melissabelle,176
zyra_(league),176
d3rlord3,176
knight_servant,176
hiker_(pokemon),176
sliggoo,176
yanhe,176
akuno_hideo,176
furby,176
vivlos_(eclat_d'ete)_(umamusume),176
konami_kirie,176
seidr_(fire_emblem),176
kagawa_makina,176
matsuda_takato,176
helen_(starlit_waltz)_(girls'_frontline_2),176
koshimizu_ami,176
metatron_jeanne_(second_ascension)_(fate),176
jenny_miller,176
osaki_nana,176
tsunami_jousuke,176
cherino_(hot_spring)_(blue_archive),176
calimero_(honey_come_chatka!!),176
kirigaya_toko,176
aiba_ibuki,176
misako_(kunio-kun),176
ramattra_(overwatch),176
akami_karubi_(1st_costume),176
rosia_(show_by_rock!!),176
ruby_rose_(mistral),176
az_(pokemon),176
nakasuga_emi,176
dunkerque_(summer_sucre)_(azur_lane),176
darren_shan,176
martha_(swimsuit_ruler)_(first_ascension)_(fate),176
medusa_(mythology),176
kazamaki_matsuri,176
tsuru_(love_live!),176
yotsuba_(kyokugen_dasshutsu),176
sunohara_mei,176
ganyu_(china_merchants_bank)_(genshin_impact),176
element_venus,175
lily_(granblue_fantasy),175
jecka_(class_of_09),175
rhyhorn,175
kaname_tomohisa,175
eli_clark,175
philip_(kamen_rider),175
cabba,175
lingyang_(wuthering_waves),175
bamby_(plave),175
madarame_harunobu,175
a-q_(madoka_magica),175
charjabug,175
xeno_(dr._stone),175
klein_(sao),175
pinocchio_(lies_of_p),175
akimichi_chouji,175
clanne_(fire_emblem),175
garnet_(steven_universe),175
momo_(kancolle),175
kukulkan_(second_ascension)_(fate),175
tartaglia_(delusion)_(genshin_impact),175
nakiri_ayame_(shrine_maiden),175
arisugawa_dice,175
emporio_alnino,175
nameless_bard_(genshin_impact),175
guyrys,175
basculegion_(male),175
noah_(sound_voltex),175
mathilda_lando,175
nu-class_light_aircraft_carrier,175
takajo_kyoji,175
hipa_(some1else45),175
hiyori_(princess_connect!),175
honeyberry_(arknights),175
kizuna_ai_(a.i._games),175
vivlos_(casual)_(umamusume),175
swoobat,175
majin_gappa,175
fenrir_(shingeki_no_bahamut),175
harle_(chrono_cross),175
donatello_(tmnt),175
marivel_armitage,175
kakure_meme,175
demon_cleric,175
fernandia_malvezzi,175
jean_(si_land),175
seraphina_(disgaea),175
yasuri_shichika,175
code:_nemesis_(elsword),175
nasu_no_yoichi_(drifters),175
yama_raja_(elsword),175
aesop_carl,175
suzuki_sayaka,175
fuyumi_jun,175
kishibe_taiga,175
kaerre,175
menhera-chan_(ezaki_bisuko)_(character),175
kaguya_(rune_factory),175
fujihara_(haguhagu),175
rarity_(equestria_girls),174
zombie_(minecraft),174
shiranui_inori,174
jegan,174
johanna_(fate),174
tulip_(pokemon),174
rauru_(tears_of_the_kingdom),174
little_match_girl,174
archer_(honkai:_star_rail)_(fate),174
kiragi_(fire_emblem),174
marco_bott,174
satou_hina_(kamisama_ni_natta_hi),174
otori_tan,174
25-ji_kaito,174
freya_(danmachi),174
winda_priestess_of_gusto,174
white_serval_(kemono_friends),174
schna_jang,174
yukikaze_(swimsuit)_(kancolle),174
archer_(disgaea),174
yata_misaki,174
divus_crewel,174
enterprise_(warship_girls_r),174
nagareboshi_asche,174
maelle_(expedition_33),174
cure_sky_(dark),174
hatsune_miku_(if),174
asakura_otome,174
raoh_(hokuto_no_ken),174
kaili_(aotu_world),174
miyamoto_musashi_(swimsuit_berserker)_(third_ascension)_(fate),174
touri_sei,174
cheshire_cat_(monster_girl_encyclopedia),174
bruce_banner,174
pisaro,174
is_(kamen_rider_01),174
juni_(street_fighter),174
yumi_sayaka,174
mega_delphox,174
mashiko_kaoru,174
leblanc_(legacy),174
firefly_(jepella_rebellion)_(honkai:_star_rail),174
akiha_gongen_(housamo),174
prinz_eugen_(symphonic_fate)_(azur_lane),174
greythroat_(arknights),174
geomancer_(fft),174
half_slime-chan,174
monica_von_ochs,174
geno_(mario),174
inoue_orihime_(hueco_mundo),174
shima_sakon_(sengoku_basara),174
wilderness_bandit_risty,174
moblit_berner,174
yanai_ichiru,174
devil_(housamo),174
white-haired_man_(jimini_shijimi),174
ptolemy_(fate),174
izumo_saki,174
shantotto,174
buratei_marii,174
futaba_riho,174
alicia_testarossa,174
moldir_(reverse:1999),174
luluco,174
sirin_(miracle_magical_girl),174
mysterious_girl_(kirby_and_the_world_beyond),173
mega_malamar,173
hatsune_miku_(blue_archive),173
ushi_gozen_(avenger)_(fate),173
nargacuga,173
draven_(league),173
tepetlisaurus_(genshin_impact),173
tetsuya_(mahoutsukai_linn_no_shiawase_na_kekkon),173
zed_(league),173
ayahime_kurumi,173
king_(one-punch_man),173
lloyd_garmadon,173
cloud_strife_(bahamut_garb),173
daisy_(dq),173
vivid_bad_squad_kaito,173
glados,173
mai_(pokemon),173
gundam_alex,173
claydol,173
aymeric_de_borel,173
ninto_(senran_kagura),173
kuroyoru_umidori,173
unzen_(sojourn_through_clear_seas)_(azur_lane),173
shitara_seiji,173
mitsuzuri_ayako,173
chuchu_(show_by_rock!!),173
victor_grantz,173
jinnai_enta,173
hata_matsuri,173
fused_zamasu,173
hyuuga_kai_ni_(kancolle),173
ylgr_(fire_emblem),173
steam_delivery_girl,173
natasha_(honkai:_star_rail),173
sabina_fardin,173
yukifune_airi,173
oosaki_(ooe),173
kashino_(fresh_and_sweet)_(azur_lane),173
nezha_(the_legend_of_luo_xiaohei),173
fleurdelis_(yu-gi-oh!),173
jeralt_reus_eisner,173
brid_(silent_track)_(nikke),173
silfa_(to_heart),173
tokino_sora_(dj_hoodie),173
jin_musou,173
chiba_kirino,173
tsu-class_light_cruiser,173
kaboodle_(gameoverse),173
asch_albright,173
wakui_rumi,173
kannabi_no_mikoto,173
lumine_(hot_springs)_(genshin_impact),173
puss_in_boots_(shrek),173
peter_strasser_(azur_lane),173
asagiri_asagi,173
ursaluna,173
drang_(granblue_fantasy),173
oda_kippoushi_(fate),173
bonsly,173
dyarikku_(vtuber),173
kaga_kai_ni_(kancolle),173
sengo_muramasa_(touken_ranbu),173
kousaka_haruka,173
vibrava,173
akai_haato_(hololive_summer_2019),173
inubouzaki_itsuki,173
dan'in-san_(shirogane_noel),173
lua_(yu-gi-oh!),173
kagamine_rin_(vocaloid4),172
clear_(dramatical_murder),172
feena_(ys),172
kyokutei_bakin_(fate),172
frye_(splatoon_raiders),172
aeng-du_(project_moon),172
peter_pan_(disney),172
cremia,172
thwackey,172
yukari_(princess_connect!),172
tokiwa_nanaka,172
shion_uzuki,172
sonomura_maki,172
piro,172
hound_(sekaiju),172
yasaka_mahiro,172
happy_ena,172
ren_(dramatical_murder),172
kouzuki_oden,172
powder_(arcane),172
schierke_(berserk),172
cid_kagenou,172
sally_acorn,172
peony_(fire_emblem),172
midorikawa_lettuce,172
nani_pelekai,172
kuma_kai_ni_(kancolle),172
kaburaki_roco_(1st_costume),172
south_dakota_kai_(kancolle),172
wind_sneaker_(elsword),172
galarian_moltres,172
stantler,172
mitsuru_(darling_in_the_franxx),172
briar_rose_(sinoalice),172
kazamaki_matsuri_(female),172
jill_valentine_(battle_suit),172
oboro_(taimanin_asagi),172
seaplane_tender_princess,172
akagi_(paradise_amaryllis)_(azur_lane),172
onsokumaru,172
kusakabe_mei,172
barbariccia,172
sawk,172
vf-1j,172
yuzuki_yukari_(lin),172
ohitome_kohane,172
kanzaburou_(kimetsu_no_yaiba),172
valis,172
kusunoki_shio,172
superboy,172
gammamon,172
mochida_arisa,172
yagiri_namie,172
neko_(neko_to_chiyo),172
mr._hood,172
marie_antoinette_alter_(first_ascension)_(fate),172
bmo,172
shinjin-chan_(douki-chan),171
menace_mamaki,171
millennium_science_school_student_b_(blue_archive),171
female_shez_(summer)_(fire_emblem),171
cleopatra_(azur_lane),171
homelander,171
jacques_de_molay_(foreigner)_(second_ascension)_(fate),171
impidimp,171
johan_liebert,171
fomantis,171
lexington_(azur_lane),171
henry_jekyll_(fate),171
princess_hilda,171
chrome_(mon-musu_quest!),171
rufflet,171
sasaki_(suzumiya_haruhi),171
raven_branwen,171
yumkasaurus_(genshin_impact),171
lileep,171
ak-12_(lucia)_(girls'_frontline),171
rapi_(classic_vacation)_(nikke),171
inui_sana,171
juli_(street_fighter),171
king_(tekken),171
sigma_(mega_man),171
morgan_le_fay_(chaldea_satellite_station)_(fate),171
suoming_(wuthering_waves),171
phara_suyuf,171
ararycan_(genshin_impact),171
aihara_mai,171
blackfire,171
amatsuka_mao,171
allial_(coefont),171
terazaki_kaoru,171
ryouki_(senran_kagura),171
snow_(housamo),171
seadra,171
liliya_(kaetzchen),171
sashou_mihiro_(infinote),171
gabite,171
decapre,171
marlone,171
asahina_yuni,171
cornet_espoir,171
bolin,171
shiftry,171
ayano_rika,171
micro_uzi_(girls'_frontline),171
nagatsuki_sanae,171
jean-jacques_leroy,171
shiroko_(reku),171
komako_semenovich,171
dwebble,171
vf-1s,171
momose_kurumi,171
caenis_(swimsuit_rider)_(first_ascension)_(fate),171
renee_(negative_hero),171
tsubame_(senran_kagura),171
lucia:_lotus_(pgr),170
futamihara_ririko,170
vanillish,170
kurozumi_tama,170
lucy_pyre,170
millennium_science_school_student_a_(blue_archive),170
dark_link,170
meido_mei,170
genny_(fire_emblem),170
gehrman_sparrow,170
fors_wall,170
gauma,170
star-lord,170
red_hood_(retro_days)_(nikke),170
hong_lu_(hongyuan)_(project_moon),170
clarice_(disney),170
togawa_sakiko_(sarkaz),170
raine_sage,170
tanezaki_atsumi,170
a_(naruto),170
brittany_(pikmin),170
desco_(disgaea),170
spathodea_(reverse:1999),170
samantha_eve_wilkins,170
kurusu_rin,170
swimmer_(pokemon),170
nanahira,170
jecht,170
rue_(princess_tutu),170
italia_(kancolle),170
casshern,170
kondou_isao,170
magcargo,170
taira_no_chouki,170
kushana,170
milfa_(to_heart),170
noire_(ultra_dimension)_(neptunia),170
murakami_tamotsu,170
dr._light_(mega_man),170
klein_(honkai_impact),170
uchino_kazuhisa,170
erstin_ho,170
asakura_nemu,170
amatsuka_megumi_(gj-bu),170
mayano_top_gun_(casual)_(umamusume),170
isis_(p&d),170
elf_(houtengeki),170
juliet_starling,170
toudou_itsumi,170
insight_(arcaea),170
yumeno_uta,170
yamada_yui,170
billy_(peach88),170
archer_(third_ascension)_(fate),170
shaddiq_zenelli,170
atori_(aiyoku_shimai_lolita),170
ankh_(ooo),170
senadina_(deepspace_anchor:_first_light),170
taihou_(muse)_(azur_lane),170
tsuruta_himeko,170
komori_kinoko,170
maschiff,170
franz_schubert_(classicaloid),170
tosa_ryoga,170
paffy_pafuricia,170
toki_sunao,170
lamia_loveless,170
aventurine_(waveflair)_(honkai:_star_rail),169
robin_(degrees_of_lewdity),169
jevil,169
minashiro_soushi,169
ledyba,169
magnamon,169
aida_taketo,169
kaori_(azumanga_daioh),169
shifty_(nikke),169
azumaya_koyuki,169
melusine_(swimsuit_ruler)_(second_ascension)_(fate),169
lilith_(third_ascension)_(fate),169
type_79_(girls'_frontline),169
norea_du_noc,169
annie_(skullgirls),169
oricorio_(sensu),169
usada_pekora_(summer),169
nijiiro_nino,169
estelle_(black_survival),169
root_(stpri),169
silence_the_paradigmatic_(arknights),169
quercus_(arknights),169
alfyn_greengrass,169
yashiro_miko,169
rosie_(animal_crossing),169
nishikata_chii,169
takanashi_kim_anouk_mei,169
byakko_(heaven_burns_red),169
kloe_rinz,169
oscar_bale,169
bubble_gum_fellow_(umamusume),169
chai_xianghua,169
takanami_kai_ni_(kancolle),169
team_magma_grunt,169
malik_caesar,169
exs-tia_spica,169
kurukuru_(sekai_seifuku),169
a-chan_(2nd_costume)_(hololive),169
sea_demon_(fate),169
michelangelo_(tmnt),169
phalanx_(sekaiju),169
hasegawa_kodaka,169
f.l.u.d.d.,169
motoba_kirie,169
justaway,169
astrologian_(final_fantasy),169
kawajiri_shinobu,169
leeron_littner,169
drampa,169
minagi_mikoto,169
aizono_manami,169
anyoji_hime_(winter_loungewear),169
konohana_aurora,169
neviril_(simoun),169
tomati_(love_live!),169
samarie_(fear_&_hunger),169
kagamine_rin_(future_style),169
crimson_lotus_moth_(genshin_impact),169
purugly,169
kusakabe_maron,169
tyler_(merryweather),169
kisaragi_honey,169
farigiraf,169
aiko_(magipoka),169
yone_(league),169
musume_(yuunama),169
sukeban_(mg)_(blue_archive),169
gilgamesh_(casual_wear)_(fate/stay_night),169
yuma_(ebisujima_misato),169
eusine_(pokemon),169
walking_wake,168
mizuhara_aina,168
squidward_tentacles,168
bronya_zaychik_(valkyrie_chariot),168
tohno_gen,168
raiden_shogun_(2nd_anniversary),168
furioso_(umamusume),168
white_rock_shooter,168
xehanort_(kingdom_hearts),168
super_buu,168
vanir,168
kind_mita_(miside),168
gangzi_(vtuber),168
star_guardian_ahri,168
dark_feather_alma,168
stainless_(arknights),168
satella_(re:zero),168
le_malin_(sleepy_sunday)_(azur_lane),168
toyama_daifuku_(rabbit),168
shikimori_miyako,168
takahashi_rie,168
oozora_subaru_(starlight),168
yaten_kou,168
juuichi_mikazuki,168
rumia_tingel,168
yugiri_tsuzuri_(post-graduation_casual),168
creamy_mami,168
momosuzu_nene_(cheerleader),168
liara_t'soni,168
fujita_asagao,168
mejiro_ardan_(casual)_(umamusume),168
nishizawa_ayumu,168
fujiwara_no_shirogane_no_sanra,168
fujimaru_ritsuka_(male)_(true_ether_chaldea_uniform),168
yagyuu_kyuubei,168
monster_kid_(undertale),168
armaldo,168
ezo_brown_bear_(kemono_friends),168
unicorn_gundam_banshee,168
mr._silvair,168
hoshino_yuumi,168
nine-colored_deer,168
bicute_bunnies_miku_(white_bunny),168
shirayuri_sakura,168
shiki_(samurai_spirits),168
grape-kun,168
limone_(simoun),168
kamazuki_suzuno,168
aino_heart,168
asakura_yume,168
hina_(one_piece),168
beartic,168
kuchisake-onna,168
lich_(granblue_fantasy),168
hatsune_miku_(lollipop),168
fubuki_atsuya,168
coyopotato,168
kaitou_jeanne,168
eunho_(plave),168
lacrima_the_crimson_tears,167
ironmouse_(1st_costume),167
alma_elma,167
palossand,167
jogo_(jujutsu_kaisen),167
foch_(azur_lane),167
wendy_darling,167
izumi_hiyori,167
grimlock,167
capella_emerada_lugunica,167
zena_(project_moon),167
black-headed_ibis_(kemono_friends),167
simon_henriksson_(book),167
tsukimori_madoka,167
misaki_sango,167
barou_shouei,167
liltotto_lamperd,167
raora_panthera_(maid),167
mayling_shen_(girls'_frontline_2),167
amamiya_yuuko,167
model_zx_(mega_man),167
belfast_(iridescent_rosa)_(azur_lane),167
vina_victoria_(arknights),167
tachibana_hinano_(school_uniform),167
mai_(senran_kagura),167
ishikawa_yui,167
hanasaki_miyabi_(1st_costume),167
wendy_o._koopa,167
cecilia_(zenless_zone_zero),167
high_priest_(arknights),167
yuriko_(gnosia),167
yamada_jiro,167
kurosu_jun,167
vision_(marvel),167
mococo_abyssgard_(new_year),167
ayaginu_temari,167
dubwool,167
qwilfish,167
ots-14_(sangria_succulent)_(girls'_frontline),167
fubuki_(nige_jouzu_no_wakagimi),167
trailblazer_(baseball_raccoon)_(honkai:_star_rail),167
hilda_(hilda),167
kiryuu_michiru,167
yukishiro_mahiro,167
emerald_herald,167
musashi_(the_purple_rabbit's_marksmanship)_(azur_lane),167
guvava,167
koyoi_(iroha_(iroha_matsurika)),167
iwakura_mitsumi,167
jigokudani_sara,167
amagi_(wending_waters_serene_lotus)_(azur_lane),167
dedue_molinaro_(timeskip),167
kinjyou_(shashaki),167
howe_(azur_lane),167
sakakibara_marika,167
fuwa_aya,167
nowareno_(azuma_shino),167
homei_(honkai_impact),167
kokubunji_koyori,167
hatsune_(summer)_(princess_connect!),167
moa_(show_by_rock!!),167
axia_krone,167
celestia_(strinova),167
richelieu_(warship_girls_r),167
naitou_maia,167
kakizaki_megu,167
clarine_(fire_emblem),167
inaba_rinne,167
nessen_(live_a_hero),167
secre_swallowtail,167
titi_(babalilo),167
kurone_(kurone_no_kimochi),167
genesect,167
arcade_sona,167
phione,167
ume-sensei,167
igarashi_haruna,167
essex_(warship_girls_r),167
childhood_friend_(ominaeshi),167
kamen_rider_zero-one,167
zentreya_(dragon)_(cowboy_bikini),167
nanamegi_nagisa,167
samidare_yui,167
z1_leberecht_maass_(azur_lane),167
zelgadiss_graywords,167
harumi_ena,166
kylar_(female)_(degrees_of_lewdity),166
flandre_(azur_lane),166
ein_(nikke),166
scherazard_harvey,166
bb_cosmo_(fate),166
puui_(grandia),166
grimmi_(vtuber),166
pyro_jack,166
joffre_(azur_lane),166
yakura_yomogi,166
astraea_(fate),166
kenzaki_ririka,166
protagonist_(student)_(smtv),166
hoshigaki_kisame,166
urd_(fate),166
korilakkuma,166
shuna_(tensura),166
tsube_aika,166
makura_(granblue_fantasy),166
sakura_miku_(rella),166
machina_x_flayon_(1st_costume),166
fudou_yukimitsu,166
eepy_sleepy,166
sightseer_(pokemon),166
pharos,166
swire_(summer)_(arknights),166
siduri_(fate),166
ronye_arabel,166
theresa_apocalypse_(sakuno_rondo),166
i-36_(kancolle),166
sofia_valmer,166
ashikaga_chachamaru,166
miyaboo_(zenless_zone_zero),166
futaba_hotaru,166
ultraman_zero,166
matsuda_jinpei,166
theresia_van_astrea,166
sakaki_natsuki,166
ho'olheyak_(carriage_of_the_winds_of_time)_(arknights),166
koyanskaya_(foreigner)_(third_ascension)_(fate),166
owari_(shimmering_forsythia)_(azur_lane),166
barghest_(swimsuit_archer)_(final_ascension)_(fate),166
moegi_emo,166
vei_(4th_costume)_(vtuber),166
fenrir_(last_origin),166
lumi_(wuthering_waves),166
darmanitan_(standard),166
tiya_(yi_er_san_si),166
nishikigi_chisato_(hawaii),166
ghast,166
benn_beckman,166
sirei_(hundred_line),166
atticus_(pokemon),166
dido_(anxious_bisque_doll)_(azur_lane),166
maiden_in_black,166
tosh_(splatoon),166
captain_mizuki,166
chen_hai_(vestibule_of_wonders)_(azur_lane),166
bibarel,166
mito_anji,166
tina_sprout,166
tali'zorah,166
saren_(christmas)_(princess_connect!),166
bedivere_(third_ascension)_(fate),166
yanase_miyuki,166
kyukkyu-kun,166
teresa_(claymore),166
myamu,166
shinomiya_natsuki_(uta_no_prince-sama),166
shishio_chris_(3rd_costume),166
ichinose_tokiya,166
unika_(guilty_gear),166
izanami_(persona),166
vikavolt,166
mamehinata,166
hiiragi_shino,166
duvalie,166
amemiya_taiyou,166
type_00_takemikazuchi,166
lily_(gentsuki),166
yuuki_kei,166
nishizono_shinsuke,166
nasus_(league),165
otomachi_una_(sugar),165
hisuian_samurott,165
li_(rob_ishi),165
featherine_augustus_aurora,165
haedungi_(shirayuki_hina),165
yerin_(gfriend),165
john_doe_(zenless_zone_zero)_(scopeophilia),165
dog_(duck_hunt),165
koro-sensei,165
cis_(tiger_&_bunny),165
ando_ruruka,165
mini-ikamusume,165
kawai_rie,165
sakuraba_kaoru,165
ichinose_hajime,165
zygarde_(10%),165
senou_natsuru,165
tatsumi_kon,165
asteion,165
guntank,165
shirayuki_mishiro,165
phrolova_(ostina)_(wuthering_waves),165
type_95_(summer_cicada)_(girls'_frontline),165
ajiro_shinpei,165
hiiro_(alchemy_stars),165
mare_bello_fiore,165
ashiharatsumori_koito,165
josie_rizal,165
hannah_(mahjong_soul),165
taida_(lazyartlazy12),165
crow_(gravity_daze),165
orihara_sumika,165
mainz_(azur_lane),165
mr._nothing_(arknights),165
isshiki_momo,165
mini_cu-chan_(fate),165
amagami_asahi,165
hidari_shoutarou,165
selena:_tempest_(pgr),165
kamori_sayaka,165
silas_(fire_emblem),165
coomer_(meme),165
urianger_augurelt,165
yuki_setsuna_(afterschool_school_idol),165
looker_(pokemon),165
mega_lucario_z,165
winston_(overwatch),165
hyodo_rena,165
viper_(final_fantasy),165
cure_flamingo,165
caron_(rall),165
terumi_mei,165
glacia_(pokemon),165
leonardo_da_vinci_(swimsuit_ruler)_(fate),165
otomune_kozue_(post-graduation_casual),165
mega_altaria,165
albina_(project_moon),165
mayuzumi_kai_(1st_costume),165
asya_shubina,165
ako_(track)_(blue_archive),165
hanabatake_chaika_(1st_costume),164
tsubaki_(kunoichi_tsubaki_no_mune_no_uchi),164
luis_sera,164
typhon_(temperature_difference)_(arknights),164
asakura_neko,164
orochi_(fire_emblem),164
orimoto_izumi,164
kuremi_kyouko,164
sophia_(granblue_fantasy),164
irui_guneden,164
matsuyuki_atsumu,164
suzuki_ayane,164
black_leopard_(kemono_friends),164
shishiou_no_mofumofu,164
ines_fujin_(always_electrifying)_(umamusume),164
lute_(hazbin_hotel),164
kishinami_hakuno_(female)_(mooncancer),164
rutee_katrea,164
devilman_(character),164
orsola_aquinas,164
shamane,164
tifa_lockhart_(lifeguard),164
oda_nanami,164
minakami_hina,164
umemiya_hajime,164
torii_eriko,164
taki_fuuko,164
federica_n._doglio,164
yuzu_(mahjong_soul),164
viola_(majo_no_ie),164
ferdinand_von_aegir_(timeskip),164
scotch_(meitantei_conan),164
osaka_sogo,164
belfast_(blissful_service)_(azur_lane),164
ojiro_mashirao,164
misakino_kukuru,164
z_(reverse:1999),164
raising_heart_(device_mode)_(1st),164
carole_peppers,164
sunao_(harem_futago_lolita),164
shigure_kai_ni_(swimsuit)_(kancolle),164
tamamo_no_mae_(swimsuit_lancer)_(first_ascension)_(fate),164
jesse_pinkman,164
elira_pendora_(3rd_costume),164
goto_akira,164
daroach,164
khezu,164
hanying_(pgr),164
andrea_davenport,164
hook_(honkai:_star_rail),164
emiya_shirou_(prisma_illya),164
leaf_(sygna_suit)_(pokemon),164
loreley_(girls'_frontline_2),164
bluesona_(bluethebone),164
twisted_fate_(league),164
elinalise_dragonroad,164
ume_(kancolle),164
raifort_(pokemon),164
yuzu_(armed)_(blue_archive),164
mash_kyrielight_(formal_dress),164
brown_hair-chan_(ramchi),164
rockrock_(arknights),164
naib_subedar,164
shiromiya_rei,164
dark_dream,163
celia_kumani_entory,163
gomidasu_(kamitsubaki_studio),163
takahashi_amato,163
kaijin_hime_do-s,163
desscaras,163
meninas_mcallon,163
heatran,163
ren_(project_moon),163
anchor_(innocent_maid)_(nikke),163
kiichi_hogen_(fate),163
izumi_ako,163
shaggy_rogers,163
mouri_kogoro,163
aoba_misaki,163
pink_(ohasi),163
ippan_josei,163
lan_sizhui,163
leanne_(fire_emblem),163
killer_t_(hataraku_saibou),163
datenshi-chan_(nanawo_akari),163
hiro_hamada,163
jia_huan_(project_moon),163
fionn_mac_cumhaill_(fate/grand_order),163
amaura,163
paul_bunyan_(third_ascension)_(fate),163
sakayori_iroha_(wego),163
cryska_barchenowa,163
lorelei_(reverse:1999),163
millie_parfait_(1st_costume),163
loves_only_you_(9927_wishes)_(umamusume),163
cure_fontaine,163
pearl_(mc.princess)_(splatoon),163
jimmy_(mouthwashing),163
galarian_slowpoke,163
baiheng_(honkai:_star_rail),163
poporon_(jashin-chan_dropkick),163
freyjadour_falenas,163
yotsuba_tamaki,163
sul-lin-a_(hurukku),163
fei_fong_wong,163
adam_(hazbin_hotel),163
lewisia_aquablue,163
pochi-tan,163
nahia_(some1else45),163
missouri_(warship_girls_r),163
akane_canna,163
jet_link,163
min_jihyeon_(mimyo),163
unown_m,163
yanagi_kiyora,163
ulala,163
k5_(girls'_frontline),163
azmaria_hendric,163
monica_kruszewski,163
azusagawa_tsukino,163
mikami_juri,163
cranidos,163
cellval,163
milsiril,163
naga_u-chan,163
chiaki_(aiyoku_shimai_lolita),163
yuuri_(saikin_yatotta_maid_ga_ayashii),163
fushimi_saruhiko,163
aegir_(iron_blood's_dragon_maid)_(azur_lane),163
yu_xuan_(yewang19),163
alice_walkure,163
hime_granzchesta,163
kokubunji_suou,163
kimura_ryu,163
kaneki_ichika,163
yamashiro_(summer_offensive?)_(azur_lane),163
natsumi_schwarz,162
mysterious_heroine_x_alter_(third_ascension)_(fate),162
fujibayashi_suzu,162
isla_(plastic_memories),162
jervis_(azur_lane),162
sunna_(delusions_in_business)_(zenless_zone_zero),162
avant_garde_(blue_archive),162
kamen_rider_black,162
ifrit_(final_fantasy),162
gregor's_cockroach_(project_moon),162
yashiro_kizuku_(1st_costume),162
fuji_aoi,162
takamiya_keika,162
scheherazade_(brown_dust),162
elysia_(coco)_(honkai_impact),162
ereshkigal_alter_(fate),162
hugo_andore,162
chronoa_(dragon_ball),162
yuuki_dan,162
vy1,162
takanashi_kiara_(party_dress),162
traptrix_rafflesia,162
sendo_yuuhi_(1st_costume),162
lopera_(reverse:1999),162
lene_(fire_emblem),162
invincible_dragon_(last_origin),162
burmy,162
kamen_america,162
shinra_kusakabe,162
oscar_(fire_emblem),162
lin_lie_(marvel),162
strike_gundam,162
tri-brigade_kitt,162
owner_(uchi_no_kuroneko_onnanoko),162
anastasia_(swimsuit_archer)_(third_ascension)_(fate),162
ooto_ai,162
yue_(arifureta),162
minion_3_(zannen_onna-kanbu_black_general-san),162
yamanobe_tomo,162
doctor_lunatic_(tsuruse),162
ovelia_atkascha,162
master_nemesis,162
mitsuki_(naruto),162
kamishiro_seren,162
ouga_saki,162
hishimiya_tsugaru,162
irma_(queen's_blade),162
miyazen_sakura,162
mega_raichu_y,162
vault_girl,162
selesia_upitiria,162
junpei_(kyokugen_dasshutsu),162
renka_(senran_kagura),162
ikuchan_kaoru_(character),162
hanna_rudel,162
gullinbursti_(housamo),162
mihara_(bonding_chain)_(nikke),162
traptrix_sera,162
lilith_(evangelion),162
momobami_ririka,162
yamagami_karuta_(1st_costume),162
kracko,162
ittoki_otoya,162
gum_(jsr),162
matsubara_yuuna,162
iris_wen,162
kiryu_touko,162
momomeno_(7th_dragon),162
flapple,162
sukeban_(sr)_(blue_archive),162
jeanne_d'arc_(azur_lane),162
matsumoto_yoriko,162
itsuka_kotori_(spirit),162
rudolph_the_red_nosed_reindeer,161
wishiwashi_(school),161
mothra,161
vamola_(dandadan),161
nice_(to_be_hero_x),161
mew_mint,161
padme_amidala,161
dondozo,161
splash_woman,161
taiga_(ookami_mio),161
primal_groudon,161
female_seth_(street_fighter),161
makinohara_shouko,161
edogawa_ranpo_(bungou_stray_dogs),161
draculina_(last_origin),161
zac_(league),161
judgement_bird,161
nakaji_uto,161
honjou_nia,161
oolong_(dragon_ball),161
hal_jordan,161
kriemhild_(first_ascension)_(fate),161
bellone_(arknights),161
shen_(league),161
mediator_(16personalities),161
inia_sestina,161
carrot_(pepper&carrot),161
imperialdramon,161
klin_(girls'_frontline),161
trance_terra_branford,161
marie_mjolnir,161
lunacub_(arknights),161
kondou_misaka,161
tiese_schtrinen,161
sakuranbou_(cookie),161
miakis_(suikoden),161
a_certain_sinclair_(project_moon),161
medusa_(saber)_(fate),161
ogami_haru,161
espoir_city_(red_devil_gear)_(umamusume),161
yuudachi_(halloween)_(kancolle),161
van_gogh_(second_ascension)_(fate),161
tokomon,161
kotoura_haruka,161
chi_lian_(qinshi_mingyue),161
sachi_(sao),161
haze_(arknights),161
anna_nishikinomiya,161
saaya_(suisei_no_gargantia),161
machi_(machi0910)_(person),161
eto_(tokyo_ghoul),161
amane_suzuha_(beta),161
konomori_kanon,161
leander_(azur_lane),161
adell_(disgaea),161
shia_flatpaddy,161
homeo,161
kumi_(vtuber),161
gundam_aerial_rebuild,161
edinburgh_(azur_lane),161
litleo,161
sakra_devanam_(elsword),161
ymir_(queen's_blade),161
k/da_all_out_kai'sa,161
mikami_chiori,161
oogama_(youkai_watch),161
tani_takeshi_(character),161
ohara_michiru,161
vulpisfoglia_(out_of_focus)_(arknights),160
gouda_takeshi,160
ner_(trickcal),160
little_red_riding_hooded_mercenary,160
kumano_maru_(kancolle),160
kirin_(gunvolt),160
gloria_(summer_2021)_(pokemon),160
female_byleth_(academy)_(fire_emblem),160
demeter_(fate),160
momo_(breath_of_fire),160
araquanid,160
atom_eve,160
akitaru_oubi,160
pisces_aphrodite,160
ganaha_hibiki_(beyond_the_vibes),160
tsukune_(takane_lui),160
rem_(death_note),160
ultraseven,160
march_hare_(alice_in_wonderland),160
yamashita_jiro,160
silence_suzuka_(casual)_(umamusume),160
hoshikawa_mitsuki,160
lessar,160
racing_miku_(2025),160
tragodia_(arknights),160
kusunoki_sae,160
barghest_(swimsuit_archer)_(first_ascension)_(fate),160
theresa_apocalypse_(celestial_hymn),160
io_(code_vein),160
whisper_(ragnarok_online),160
space_ishtar_(first_ascension)_(fate),160
nitori_aiichirou,160
esther_freeling,160
near_(sound_voltex),160
nacli,160
arare_kai_ni_(kancolle),160
mimi_(cygames),160
coco_(cygames),160
charlotte_hazellink,160
fat_cat_(ff14),160
takahashi_maya,160
protagonist_(lost_property_control_organization),160
rinne_(pretty_rhythm),160
daruk,160
eclair_martinozzi,160
spyke_(splatoon),160
eugen_(granblue_fantasy),160
tullece,160
kanbara_satomi,160
admiral_shiro_(shino),160
lyle_dylandy,160
takashima_yuuna,160
majokko_(kancolle),160
mayano_top_gun_(sunlight_bouquet)_(umamusume),160
momose_natsuki_(momo_no_sukebe),160
estelle_(vtuber),159
harumiya_yukuri,159
gossifleur,159
shizuka_joestar,159
omega_(final_fantasy),159
momiji_(ninja_gaiden),159
red_fox_(kemono_friends),159
miyake_hinata,159
myuri_(spice_and_wolf),159
kazehana,159
momoi_(winter)_(blue_archive),159
kimishima_ayano,159
hatsune_miku_(honey_whip),159
rin_(girls_band_cry),159
hakkito_(banzoin_hakka),159
pastel_(twinbee),159
shiratori_aira_(transformed)_(dandadan),159
nayuki_hiori,159
kawaki_(boruto),159
lisa_(a_sobriquet_under_shade)_(genshin_impact),159
yozora_mel_(1st_costume),159
kazuhira_miller,159
nini_yuuna,159
rhein_kraft_(dream_successor)_(umamusume),159
alice_(pandora_hearts),159
ace_trainer_(female)_(pokemon_bw),159
acheron_(izumo)_(honkai:_star_rail),159
harukaze_mai_(tsmg_nao!),159
sarutobi_ayame,159
yatsu_murasaki,159
chibi_totoro,159
karyl_(new_year)_(princess_connect!),159
ueno_koyori,159
lime_(saber_j),159
stylet,159
so_dakki,159
eliza_(tekken),159
unown_h,159
killy,159
kashiwaba_tomoe,159
violet_(closers),159
minior_(yellow_core),159
nina_einstein,159
hirasawa_shizuku,159
metang,159
kokutenshi_hibaru,159
frederic_chopin_(trusty_bell),159
oichi_(sengoku_basara),159
albel_nox,159
inoue_yurina,159
sakuya_reina,159
sakata_kintoki_(rider)_(fate),159
adeptus_mechanicus,159
sylus_(abyssal_sovereign)_(love_and_deepspace),159
susannah_manatt_(valkyrie_quicksand),159
pram_(phantom_kingdom),159
higashikata_daiya,158
kartana,158
charlotte_wiltshire,158
alice_(disney),158
clark_still,158
kricketot,158
ningning_(aespa),158
edelgard_von_hresvelg_(young),158
sasaki_rico,158
yuju_(gfriend),158
protoman.exe,158
hero_(dq6),158
dark_haired_kappa,158
kommo-o,158
raven_(stellar_blade),158
fia_the_deathbed_companion,158
fujisawa_yuzu,158
hangover_ena,158
kamui_(pgr),158
audie_(animal_crossing),158
griffin_stewart,158
hibino_matsuri,158
yamamoto_takeshi,158
amo_empool,158
talim,158
mori_tatsuki,158
zeta_(vtuber),158
carnelian_(shimmering_dew)_(arknights),158
kokoro_(doa),158
dikke_(reverse:1999),158
kedarui_aashii,158
nia_(ayanepuna),158
naraku_(senran_kagura),158
kajiyama_fuuta,158
sci-twi,158
k/da_kai'sa,158
red_gundam,158
mario_(pripara),158
angoramon,158
umeki_otoha,158
hinata_mashu,158
roa-ciel,158
ninamori_eri,158
xiaomu,158
hidaka_reina_(denonbu),158
pig_(kemono_friends),158
mizutsune,158
young_malon,158
weddie_(dq10),158
misaka_kaori,158
krizalid,158
gligar,158
zell_dincht,158
lass_(pokemon_swsh),158
katakura_kojuurou_(sengoku_basara),158
toriyama_akira_(character),158
wendy_testaburger,158
li_yuting_(mouse),158
colonel_olcott_(fate),158
romero_(zombie_land_saga),158
sera_(mega_man),158
watchog,158
kamen_rider_zi-o,158
arato_hisako,158
goat_(dungeon_meshi),158
suelle_malen,158
kristoph_gavin,158
vivid_bad_squad_len,158
futo-inu,158
raffaello_(azur_lane),158
rengoku_(fate),158
tsurime-chan,157
gogoat,157
an-94_(antje)_(girls'_frontline),157
sinb_(gfriend),157
maeno_aki,157
marija_(muse_dash),157
sakamoto_tatsuma,157
sophie_(toast_of_the_town)_(tales),157
ots-12_(girls'_frontline),157
fuu_(samurai_champloo),157
coquelicot_(sakura_taisen),157
eternatus,157
loco_musica,157
tierno_(pokemon),157
bloom_(winx_club),157
louhi_(second_ascension)_(fate),157
tom_(tom_and_jerry),157
okapi_(kemono_friends),157
koda_michiru,157
maleficent,157
lexington_(kancolle),157
sochie_heim,157
inigo_(fire_emblem),157
itoshi_sae,157
grafaiai,157
zhongli_(lantern_rite)_(genshin_impact),157
kirin_(nijiura_maids),157
yao_(sdorica),157
fukano_miyu_(kokuya28),157
spinel_(pokemon),157
sakagami_ayumi,157
cappy_(mario),157
narita_miho,157
whirlipede,157
miyazawa_fuuka,157
hayakawa_ayane,157
red_crown_(cult_of_the_lamb),157
mamarissa,157
greig_(dq11),157
gunner_(final_fantasy),157
ebisu_(dorohedoro),157
mankanshoku_barazou,157
morino_ichigo,157
amemiya_sekira,157
kageyama_torako,157
code:_empress_(elsword),157
clavell_(pokemon),157
yorumi_rena_(7th_costume),157
sorami_kanata,157
luna_(konosuba),157
mega_raichu_x,157
shirayuki_hime_(bishoujo_mangekyou),157
yasmine_(street_fighter),157
kanzaki_rio,157
miku_(lee),157
asellus_(saga_frontier),157
kiba_manami,157
carleen_(alchemy_stars),157
chuchu_(kirby),157
nagira_yoshinori,157
itsumura_yukari,157
kamen_rider_drive,157
scheherazade_(third_ascension)_(fate),157
white_base,157
red_dragon_(kemono_friends),157
sunohara_ayaka,157
cesario_(future_weaver)_(umamusume),157
ja'far_(magi),157
mannosuke,157
aizawa_azusa,157
vickie_(cryingrobot)_(character),157
suga_raika,157
purple_haze_(stand),157
hebiyoi_tier_(1st_costume),157
melissa_kinrenka,157
fujimaru_ritsuka_(female)_(mage's_association_uniform),157
waver_velvet_(zhuge_liang),157
rashid_(street_fighter),157
amagami_yae,157
rem_galeu,157
amiya_(furnace's_finale)_(arknights),157
wa2000_(date_in_the_snow)_(girls'_frontline),157
zamazenta_(crowned),157
katja_(black_survival),156
trinity_student_(blue_archive),156
lapis_rosenberg,156
queen_(deltarune),156
gubo_(project_moon),156
ten_(urusei_yatsura),156
tanaka_meron,156
tanaka_purin,156
mii_gunner_(smash_4),156
kadou_mikaru,156
banzoin_hakka_(1st_costume),156
camilla_(spring_princess)_(fire_emblem),156
ise_nanao,156
pauline_(young)_(nintendo),156
lady_labrynth_of_the_silver_castle,156
maki_(pajamas)_(blue_archive),156
karna_(fate/extra),156
shiratsuyu_(azur_lane),156
ulalaka,156
fushimi_gaku_(1st_costume),156
yuna_(mega_man),156
aster_arcadia,156
samui_(naruto),156
carvanha,156
suo_kazusa,156
meimei_(senran_kagura),156
pitch_(kirby),156
gigantamax_charizard,156
crash_bandicoot,156
niimi_kaoru,156
shigure_(fire_emblem),156
flay_allster,156
shirma,156
cecile_croomy,156
daidouji_(senran_kagura),156
koori_chikage,156
arrietty,156
anna_(fire_emblem_awakening),156
sierra_mikain,156
mononobe_kyoma,156
bikko,156
yo-class_submarine,156
onodera_karen,156
asahina_mitsuru,156
okajima_rokuro,156
hashimoto_fumie,156
momoki_run,156
gunpla_boy_(ishiyumi),156
rumeld_othmayer,156
pinky_pop_hepburn,156
milltina_(vrchat),156
dango-chan_(4shi),156
seiun_sky_(casual)_(umamusume),156
klink,156
philippe_(pokemon),156
fritz_rumey_(azur_lane),156
lie_ren,156
cyllene_(pokemon),156
astolfo_(rider)_(third_ascension)_(fate),156
alolan_sandslash,156
gogo_tomago,156
sakura_(bloom_in_summer)_(nikke),156
higokumaru,156
mori_calliope_(sheriff),156
chun-li_(battle_outfit),156
mk48_(girls'_frontline),156
nagatomi_hasumi,156
shangri-la_(azur_lane),156
shijou_mitsue,156
tayelle_ebonclaw,156
red_scout_(tf2),156
haneoka_meimi,156
kwon_eun-bi,156
ushiromiya_kinzou,156
m870_(girls'_frontline),156
hiraya_arashi,156
mysterious_heroine_x_(second_ascension)_(fate),156
canyne,156
kururu_(little_princess),156
svartlilja_(vrchat),156
mojiro_moko,156
mikazuki_silvi,155
mr._white_(revue_starlight),155
tate_(pokemon),155
agnea_bristarni,155
nekonari_tama,155
super_aoko,155
caim_(drag-on_dragoon),155
nemissa,155
barboach,155
dee_jay,155
gavial_(summer)_(arknights),155
imari_youko,155
angemon,155
harai_kuko,155
le_malin_(mercredi_at_the_secret_base)_(azur_lane),155
shakra_(hollow_knight),155
tsunomaki_watame_(loungewear),155
massachusetts_(kancolle),155
yukikaze_(summer)_(kancolle),155
ayato_utae,155
dobrynya_nikitich_(second_ascension)_(fate),155
raising_heart_(device_mode),155
tk_(angel_beats!),155
wyrdeer,155
otta_(dungeon_meshi),155
ying_swei_(azur_lane),155
chell,155
remy_(elsword),155
virizion,155
kiryuu_kaoru,155
aino_ai,155
ursula_(breath_of_fire),155
mia_(world_flipper),155
wing_gundam_zero_custom,155
momoshina_fumika,155
taigei_(swimsuit)_(kancolle),155
mie_ai,155
repulse_(azur_lane),155
cha_hae-in,155
chiyo_(neko_to_chiyo),155
observer_alpha_(azur_lane),155
frankenstein's_monster_(swimsuit_saber)_(second_ascension)_(fate),155
king_(nanatsu_no_taizai),155
christophe_giacometti,155
aurica_nestmile,155
florence_nightingale_(chaldea_lifesavers)_(fate),155
lif_(ragnarok_online),155
hime_(kaibutsu_oujo),155
makidera_kaede,155
admiral_graf_spee_(girl's_sunday)_(azur_lane),155
etna_(kuzuyu),155
heliolisk,155
eileen_the_crow,155
d.o.c._health_drone,155
yoshii_akihisa,155
enraenra_(youkai_watch),155
moby_(elsword),155
kimura_seiko,155
iron_tager,155
lafiel,155
tanaka_(chainsaw_man),155
katase_shima,155
surcouf_(loisirs_balneaires)_(azur_lane),155
matsubayashi_souta,155
twilight_(precure),155
shinigami_(ghost)_(rain_code),155
team_aqua_grunt,155
hyoudou_michiru,155
ryuumonbuchi_touka,155
alain_(unicorn_overlord),155
noumi_(kancolle),154
expo_miku,154
marco_rossi,154
sasha_(animal_crossing),154
kuro_the_divine_heir,154
sakyumama_(kedama_milk),154
anpanman_(character),154
rotom_(heat),154
oogami_ichirou,154
pegasus_seiya,154
zygarde_(complete),154
lola_bunny,154
ki_(druaga),154
rellana_twin_moon_knight,154
rin_(bunny_garden),154
kafka_(arknights),154
shiro_(mignon),154
slowking,154
huntail,154
yuuki_(shibou_yuugi),154
vittorio_veneto_(the_flower_of_la_spezia)_(azur_lane),154
daiyan_(girls'_frontline_2),154
nazuna_(stella_sora),154
grubbin,154
kazuradrop_(first_ascension)_(fate),154
duck_(duck_hunt),154
maniwa_roka,154
molly_mcgee,154
mitsuha-chan_(olto_rondo),154
derpy_(kpop_demon_hunters),154
etihw_(funamusea),154
sylvanas_windrunner,154
female_sensei_(blue_archive)_(vivo_(vivo_sun_0222)),154
cornea_(asteroid_ill),154
mochizuki_momiji,154
shindou_hikari,154
lee_jihye,154
bemelle,154
rider_(learning_with_manga!_fgo),154
ump9_(mod3)_(girls'_frontline),154
fran_(tensei_shitara_ken_deshita),154
rafal_(fire_emblem),154
shinba_kousuke,154
moro_no_ichizoku,154
carmilla_(swimsuit_rider)_(third_ascension)_(fate),154
tigrex,154
hisuian_braviary,154
furisode_girl_(pokemon),154
akekuri_(arknights),154
ueda_suzuho,154
suzuya_aki,154
pronghorn_(kemono_friends),154
lead_white_(tsurunoka),154
amano_nene_(digimon_xros_wars),154
reiga_mieru,154
sawatari_riko,154
daiba_canon,154
renata_alekseevna_tsvetaeva,154
inaba_himeko,154
ibuki_munemasa,154
mileena_(mortal_kombat),154
twitter_bird,154
shiranui_(azur_lane),154
ruquia,154
waver_velvet_(sensha_otoko),154
senpai-san_(douki-chan),154
m004_(natsukaze_shigure),154
sandile,154
sara_(gundam_build_divers),154
sterkenburg_cranach,154
unfezant,154
zero_(kirby),154
raisa_pottgen,154
kobuchizawa_shirase,154
itou_(elder_sister),154
riki_(xenoblade),154
orca_(chonkyorca),154
akino_(princess_connect!),154
amelie_planchard,154
billy_herrington,154
aikawa_chiho,154
traptrix_pinguicula,153
hiramado_miku,153
penelope_(hathaway's_flash),153
akashi_yuuna,153
tendou_souun,153
tiana_(the_princess_and_the_frog),153
octopus_devil_(chainsaw_man),153
friend_(deltarune),153
kaze_(fire_emblem),153
rutile_(houseki_no_kuni),153
kiriyama_an,153
magical_mirai_miku_(2020_winter),153
piloswine,153
kea_(eiyuu_densetsu),153
flat_escardos,153
makuhita,153
oka_satomi,153
mechanic_(splatoon_raiders),153
captain_marvel_(marvel),153
aphrodite_(hades),153
zatsune_miku,153
ganyu_(young)_(genshin_impact),153
orpheus_(identity_v),153
i-504_(kancolle),153
royce_and_royce_(umamusume),153
susanna_hopkins,153
dima_(girls'_frontline),153
matou_sakura_(fate/extra),153
gourai,153
yuubari_kai_ni_(swimsuit)_(kancolle),153
baker_nemo_(fate),153
erdos_helia_(valkyrie_boltstorm),153
fluttershy_(equestria_girls),153
helioptile,153
brown_kemomimi-chan_(krr),153
walrein,153
durandal_(reign_solaris)_(honkai_impact),153
shin_(sakamoto_days),153
raiden_mei_(orochi_cuirass),153
matsuoka_chiroru,153
kukrushka_(gnosia),153
hyakkihime,153
hiwatari_kanae,153
protagonist_5_(housamo),153
tallinn_(azur_lane),153
ozora_yujin,153
geese_howard,153
liese_heldebrand,153
merii_(mazohaha),153
aya_drevis,153
snowshine_(arknights),153
galarian_zapdos,153
hisuian_sneasel,153
monica_(little_witch_nobeta),153
blue_diamond_(steven_universe),153
ivy_(sparrowl),153
yaotome_tsuyako_(yunamaro),153
yamuraiha,153
tomoe_tamao,153
wakaba_mutsumi_(cautus),153
kufei,153
sanka_rea,153
urshifu_(single),153
migi_(yomi_no_tsugai),153
hizack,153
shiragi_(nihu),153
gouto,153
submarine_princess,153
ai_(girls_band_cry),153
yoshioka_saki,153
shishigami_bang,153
serena_(sygna_suit)_(pokemon),153
watanuki_kimihiro,153
gibraltar_(apex_legends),153
maria_campbell,153
igawa_aoi,153
reco,153
rainy_(mechanical_buddy_universe),153
candela_(pokemon),153
banica_conchita,153
trieste_(azur_lane),153
dancer_2_(sekaiju),152
karma_(league),152
dragona_joestar,152
cissnei,152
kamen_rider_double_(cyclonejoker),152
lyza_(made_in_abyss),152
runami_yachiyo_(wego),152
dorothy_(hand_of_destiny)_(arknights),152
rinkah_(fire_emblem),152
ice_pikmin,152
kagenui_yozuru,152
mobius_(daughter_of_corals)_(honkai_impact),152
umatachi_tsugumi,152
de_zeven_provincien_(azur_lane),152
jean_bart_(private_apres_midi)_(azur_lane),152
maguchi_(sakura_miko),152
lize_helesta_(gown),152
goldenglow_(party_in_the_garden)_(arknights),152
daniel_j._d'arby,152
marina_(qipao)_(blue_archive),152
yamanbagiri_chougi,152
tsumire_(takane_lui),152
discordia_(vtuber),152
wei_wuxian_(yunmeng_clan),152
wattrel,152
cammy_white_(ssf2_swimsuit),152
itou_makoto_(school_days),152
nakiri_ayame_(cutie_jersey),152
hinase_sheffield_kamishirouzu,152
yasuyori_(housamo),152
daisuke_(mouthwashing),152
gold_ship_(la_mode_564)_(umamusume),152
ivan_(zombie_stage),152
umegiri_iroha,152
misaki_(princess_connect!),152
ichikawa_kana,152
butters_stotch,152
aladdin_(disney),152
medusa_(jashin-chan_dropkick),152
tamaki_(princess_connect!),152
vueko,152
arisawa_tatsuki,152
elias_ainsworth,152
ushiromiya_ange_(young),152
honshou_aru,152
exs-tia_chevalier_(exs-tia_r),152
alcremie_(love_sweet),152
sogiita_gunha,152
nishizumi_tsuneo,152
yuki_(chaos_zero_nightmare),152
minazuki_kyoko,152
gregor_(tsurunoka),152
pidge_gunderson,152
mimosa_vermillion,152
commander_(girls'_frontline)_(madcore),152
akimichi_chouchou,152
anew_returner,152
estelle_(arknights),152
barawa,152
kayano_kaede,152
tomitake_jirou,152
red_medic_(tf2),152
hector_rivera,152
ban_hada,152
magician's_red,152
uka-no-mitama-no-kami_(inakon),152
saionji_reimi,152
daidouji_kira,152
tatara_kogasa_(umbrella),152
ysayle_dangoulain,152
yashahime_(momotarou_densetsu),152
cacodemon,152
shiori_(kamioka_shun'ya),152
madeleine_cookie,152
ishida_shouya,152
phantas-moon_(second_ascension),152
ichigo_(mignon),152
kazami_kuku,152
kitsugai_sese,152
hirasawa_susumu,152
shiinotic,152
supergirl_(movie_costume),152
nuzleaf,152
proton_(pokemon),152
izumi_masamune,152
klinklang,152
effie_(fire_emblem),151
utatane_nasa,151
raging_bolt,151
sightseer_(female)_(pokemon_sm),151
chelsea_(akame_ga_kill!),151
necrass_(summer_flowers)_(arknights),151
songque_(astralop),151
narita_kyouji,151
asagiri_shiori,151
hellboy,151
nishihara_yasoko,151
makino_kanna,151
buling_(wuthering_waves),151
kirishima_kanna,151
umise_yotsuha,151
mejiro_palmer_(moonlit_devil)_(umamusume),151
takahashi_reiko,151
auron,151
val_(yan_kodiac),151
ganon,151
ivy_(summer)_(fire_emblem),151
ayatsumugi_roka_(tsukuyomi),151
otosaka_ayumi,151
lily_(duolingo),151
hazama_michio,151
yohack,151
tiffany_lords,151
thonburi_(kancolle),151
shouko_(blue_archive),151
lily_bloomerchen,151
xie_lian_(flower_crowned_martial_god),151
kamek,151
ultraman_gaia,151
manticore_(under_a_veil)_(arknights),151
succubus_(disgaea),151
mog_(ff6),151
chloe_valens,151
chuu_totoro,151
aranea_highwind,151
minase_inori,151
modernia_(second_affection)_(nikke),151
gastrodon_(east),151
admiral_graf_spee_(peaceful_daily_life)_(azur_lane),151
wilbur_soot,151
karin_(vrchat),151
alcremie_(ruby_swirl),151
cale_henituse,151
happosai,151
shino_(juukyuu),151
iihara_nao,151
fiona_belli,151
seto_midori,151
so-class_submarine,151
nogizaka_haruka,151
avrora_(azur_lane),151
yurizaki_mira,151
z1_leberecht_maass_(oktoberfest)_(kancolle),151
mikono_suzushiro,151
egnigem_cenia,151
juri_(part-time)_(blue_archive),151
philia_(sao),151
armored_aircraft_carrier_princess,151
fuumin_(youkai_watch),151
amy_sorel,151
sen_no_rikyu_(second_ascension)_(fate),151
wu_song_(female)_(touqi_guaitan),151
fugee_(granblue_fantasy),151
kamen_rider_ghost,151
seffyna,151
perfectheart_(omori),151
takane_hana,151
hk416_(herbal-flavored_hard_candy)_(girls'_frontline),151
twice_(boku_no_hero_academia),151
lucy_(pokemon),151
kamiki_izumo,151
antonina_(neural_cloud),151
shiho_(yuuhagi_(amaretto-no-natsu)),151
pawn_(dragon's_dogma),151
tamoto_(genshin_impact),151
amanomiya_jun,151
kshatriya,151
japan_(kokkimusume),150
zentreya_(cyborg)_(1st_costume),150
argentinian_miku,150
baby_mario,150
peppino_spaghetti,150
goombella,150
sasaki_(super_no_ura_de_yani_suu_futari),150
tearna_lilian_transylveil,150
lincoln_loud,150
dragon_lord,150
lafter_frankland,150
captain_syrup,150
makaino_ririmu_(1st_costume),150
finizen,150
snake-eyes_poplar,150
namari_(dungeon_meshi),150
sailor_v,150
picodevimon,150
ha-re_the_sword_mikanko,150
may_(contest)_(pokemon),150
irene_(red_velvet),150
hokaze_junko,150
yukihiro_ayaka,150
venusmon,150
mii_swordfighter,150
doruji,150
kurumi_noah_(7th_costume),150
santa_claus_(chainsaw_man),150
javid_(shamash)_(dislyte),150
exs-tia_aqua,150
shin_yoosung,150
louis_(metaphor:_refantazio),150
stechkin_(girls'_frontline),150
tikoh,150
colossus_(natsukaze_shigure),150
daidou_sayo,150
midorikawa_ryuuji,150
ogata_rizu,150
black_forest_cookie,150
koharu_suzumura,150
unown_l,150
s-head_commander,150
mashiro_blan_de_windbloom,150
rodney_(warship_girls_r),150
toedscool,150
shogun_(sekaiju),150
setanta's_puppy_(fate),150
karibuchi_takami,150
ai_hyperion_lambda,150
noblesse_(elsword),150
hiccup_horrendous_haddock_iii,150
aizawa_ema_(1st_costume),150
fuse_(apex_legends),150
yuunagi_tsubasa_(bird),150
nijimura_keicho,150
spewpa,150
izumi_reina,150
yuki_madoka,150
franklin_(azur_lane),150
alvida_(peach88),150
elbing_(azur_lane),150
fio-chan_(big_o_pants),150
xiang_yu_(fate),150
netherlands_(hetalia),150
laxus_dreyar,150
exostrider_(wuthering_waves),150
cure_etoile,150
kaga_(everlasting_killing_stone)_(azur_lane),150
noy_(genshin_impact),150
ouro_kronii_(new_year),150
marie_antoinette_(swimsuit_caster)_(third_ascension)_(fate),150
hiroe_chiharu,150
mg4_(girls'_frontline),150
jeff_the_killer,150
veronica_(princess_rising)_(fire_emblem),150
omega_auru,150
bat-eared_fox_(kemono_friends),150
nurude_sasara,150
arctic_hare_(kemono_friends),150
kamen_rider_ex-aid,150
shion_(hundred_line),150
prunce_(precure),150
jungle_crow_(kemono_friends),150
castiel,150
sella_(fate),150
minato_matsuki,150
julius_pringles,150
mandy_(grim_adventures),150
lefiya_viridis,150
gothita,149
rikuo_(darkstalkers),149
lewis_(girls'_frontline),149
highmore_(arknights),149
qbz-191_(girls'_frontline),149
the_flash,149
ibuki_(dress)_(blue_archive),149
ak-15_(erwin)_(girls'_frontline),149
bremerton_(pillowed_counseling)_(azur_lane),149
bergmite,149
tataru_taru,149
yancy_(pokemon),149
oguri_cap_(cinderella_gray)_(umamusume),149
satono_diamond_(casual)_(umamusume),149
ico_(megaman_x_dive),149
cress_(pokemon),149
punk_girl_(pokemon),149
mordecai_(fire_emblem),149
charmy_bee,149
erina_(rabi-ribi),149
sagimiya_ryou_(female),149
shirogane_noel_(serene_wave_knight),149
rotom_(wash),149
tokime_(fuuto_tantei),149
sera_(hazbin_hotel),149
mega_mewtwo_y,149
quick_man,149
r2-d2,149
symboli_rudolf_(casual)_(umamusume),149
noah_(third_ascension)_(fate),149
juliet_nao_zhang,149
yamashiro_ren,149
may_(spring_2021)_(pokemon),149
shakuyaku_(one_piece),149
nagisa_akane,149
tap_dance_city_(glitter!)_(umamusume),149
hiratsuka_shizuka,149
leaf_nun_(diva),149
mega_chesnaught,149
enomoto_taiyou,149
jochuu-san,149
nojiko_(one_piece),149
kamihira_mao,149
hakos_baelz_(casual),149
yoshinoya_(hidamari_sketch),149
bastet_(houtengeki),149
marian_(nikke),149
marron_(dragon_ball),149
okiura_mizuki,149
female_abyssal_admiral_(kancolle),149
nene_(sengoku_musou),149
lucy_loud,149
matou_zouken,149
turtonator,149
bebinn,149
kobayakawa_sena,149
space_ishtar_(third_ascension)_(fate),149
soriz,149
fuwa_(precure),149
shiba_kuukaku,149
boltund,149
hirayama_yukio,149
saeki_ritsuka,149
nicole_watterson,149
aizawa_hikaru,149
venom_(guilty_gear),149
newcastle_(azur_lane),149
miura_asahi,149
male_saniwa_(touken_ranbu),149
gunbreaker_(final_fantasy),149
lee_gilyoung,149
kirara_(phantom_in_boots)_(genshin_impact),149
lilique_kadoka_lipati,149
nick_holt,149
saren_(real)_(princess_connect!),149
ooba_juri,149
furutani_kaede,149
tyrunt,149
lucian_(pokemon),149
nishiura_sora,149
inohara_koboshi,149
shimura_tae,149
izou_(one_piece),149
vanilla_(arknights),149
cure_amour,149
fox_devil_(chainsaw_man),149
elena_trafalgar,149
fuurinji_miu,149
kashima_(christmas)_(kancolle),149
sanagi_yuzu,148
meisho_doto_(dot-o'-lantern)_(umamusume),148
kasane_ted,148
lear_(pokemon),148
naruse_maria,148
edelgard_von_hresvelg_(summer),148
ivan_(decora)_(alien_stage),148
alex_(stardew_valley),148
kalluto_zoldyck,148
makoto_(minami-ke),148
unown_k,148
todo_erena,148
kurebayashi_juri,148
drapion,148
celestia_(exs-tia),148
prototype_labiata,148
lala_(little_twin_stars),148
black_hair-chan_(ramchi),148
yahan_(lamp159568),148
grimoire_weiss,148
aussa_the_earth_charmer,148
rindo_(vrchat),148
cindy_moon,148
misumi_aoi,148
karen_(sister_princess),148
princess_daisy_(swimwear)_(mario_kart_world),148
kanzaki_mizuki,148
northern_goshawk_(kemono_friends),148
astrid_(fire_emblem),148
ryoumen_sukuna_(second_possession)_(jujutsu_kaisen),148
luo_tianyi_(vocaloid3),148
selen_tatsuki_(military),148
deepcolor_(arknights),148
tomoe_(kamisama_hajimemashita),148
napoli_(azur_lane),148
mach_caliber,148
shirakami_fubuki_(saint),148
randall_boggs,148
gundam_age-1,148
hanazono_shuka,148
vigna_(casual_vacation)_(arknights),148
tasogare_mimi,148
dudunsparce,148
girl_with_a_blonde_braid_(tomoshibi_hidekazu),148
potato_(pui_pui_molcar),148
cherry_blossom_(sk8),148
gager_(girls'_frontline),148
fat_gum_(boku_no_hero_academia),148
lucena_winter,148
kitami_sawako,148
elisabeth_blanctorche,148
kazari_jun,148
poison_miku_(project_voltage),148
chroche_latel_pastalie,148
viki_(suikoden),148
steven_a._starphase,148
suzuna_(princess_connect!),148
ren_hakuryuu,148
sarashiki_tatenashi,148
tornadus,148
arisugawa_juri,148
fukuyama_chihiro,148
stiyl_magnus,148
e.h._(nikke),148
nina_kosaka_(1st_costume),148
meloetta_(pirouette),148
player_character_(lineage_2),148
angel_tear,148
enokawa_miyu,148
chime_(nikke),148
nagara_(azur_lane),148
nidothing,148
takanashi_koyomi,148
inner_moka,148
inventory_curse_(jujutsu_kaisen),148
june_(squeezable),148
izumi_kiri,148
panda_meiling_(seki_(red_shine)),148
uehara_miyako,148
agito_(nanoha),148
nia_(fancy_sundress)_(xenoblade),148
synth_(iahfy),147
hikari_ku,147
mai_(avatar),147
investigator_(watson_amelia),147
saotome_seira,147
bow_(paper_mario),147
aurora_e._juutilainen,147
foxy_(fnaf),147
serika_(idol)_(blue_archive),147
wa2000_(ballroom_interlude)_(girls'_frontline),147
haru_(fushigi_na_neko_no_machi_meltier),147
slayer_(guilty_gear),147
stardust_dragon,147
female_titan,147
uzuki_kou_(4th_costume),147
soren_(radiant_confidant)_(fire_emblem),147
mr._dolphin_(guilty_gear),147
blue_(among_us),147
ookami_mio_(new_year),147
vermouth_(meitantei_conan),147
hitsugaya_toushirou_(adult),147
strawberry_crepe_cookie,147
supergirl_(my_adventures_with_superman),147
sorcerer_(fantasy_earth_zero),147
aiba_asagi,147
luna_(epic_seven),147
amoonguss,147
kukulkan_(first_ascension)_(fate),147
james_p._sullivan,147
cyrene_(demiurge)_(wonderful_holiday)_(honkai:_star_rail),147
super_creek_(casual)_(umamusume),147
kusunoki_tomori,147
irizaki_mei,147
hibiki_kaito,147
igor_(reverse:1999),147
akari_(new_year)_(blue_archive),147
rin_(muse_dash),147
kurame,147
prinz_eugen_(profusion_of_flowers)_(azur_lane),147
okinawa_habu_(kemono_friends),147
paris_(fate),147
crown_(naked_king)_(nikke),147
prince_(sennen_sensou_aigis),147
tama_(wixoss),147
iris_(takunomi),147
jisoo_(blackpink),147
rosa_(masterpiece)_(arknights),147
yao_fueifuei,147
pearl_drone_(splatoon),147
bonnie_(fnaf),147
electro_slime_(genshin_impact),147
tashkent_(the_bound_cruiser)_(azur_lane),147
kogure_kiminobu,147
konohata_mira,147
amaretto_(girls_und_panzer),147
jerry_(tom_and_jerry),147
lord's_blade_ciaran,147
sabrith_ebonclaw,147
murasaki_shion_(magical_girl_maid),147
sakayori_iroha_(ray),147
washizu_iwao,147
ilima_(pokemon),147
puar,147
fukatsu_kazunari,147
shimada_minami,147
echoes_(stand),147
vera:_garnet_(pgr),147
misumaru_yurika,147
vault_boy,147
nakajou_tatsuya,147
alice_(ragnarok_online),147
arunira,147
flower_(gynoid_talk),147
hiiragi_kae,147
friedrich_carl_(azur_lane),147
ursula_(takunomi),147
myucel_foalan,147
raising_heart_(exceed_mode),147
charles_babbage_(fate),147
flamie_speeddraw,147
takahashi_keita_(yakitomato),147
valiant_(kancolle),147
ensign_(i_can_friday_by_day!),147
asriel_dreemurr_(god_of_hyperdeath),146
embla_(fire_emblem),146
smart_falcon_(casual)_(umamusume),146
metalgarurumon,146
vex_shadow_(league),146
bronya_zaychik_(yamabuki_armor),146
sill_plain,146
kuzuha_(2nd_costume)_(nijisanji),146
jacky_(greekceltic),146
nabi_(wonnikon),146
the_ironclad_(slay_the_spire),146
erlking_heathcliff_(project_moon),146
jun_(arknights),146
ph1lza,146
masou_shizuka,146
gilzaren_iii,146
miho_(last_origin),146
jill_(fire_emblem),146
mutsuki_(suit)_(blue_archive),146
sakamoto_taro,146
makino_mitake,146
shiro_(fire_emblem),146
rurun_rururica,146
kaida_shion,146
reyna_(valorant),146
madobe_nanami,146
olu_mel,146
ichinose_hotaru,146
pennywise,146
mugendramon,146
lee_smith,146
huai_tianpei_(arknights),146
scovillain,146
eddie_brock,146
miria_(iriam),146
nijou_aki,146
denmark_(hetalia),146
scottie_(pokemon),146
takanashi_rei,146
natsuki_mikuru,146
ambipom,146
shellos,146
orochi_(youkai_watch),146
hagimura_suzu,146
team_galactic_grunt,146
roboute_guilliman,146
kamen_rider_gotchard,146
garganacl,146
chikuma_(azur_lane),146
red_engineer_(tf2),146
seshima_rui,146
camazotz_(fate),146
asuma_mitsuya_(yunamaro),146
hirasaka_yotsuyu,146
pomudachi_(pomu_rainpuff),146
prometheus_(honkai_impact),146
cima_garahau,146
sakusa_kiyoomi,146
cetitan,146
anorith,146
cut_man,146
elc_(arc_the_lad),146
hawkeye_(seiken_densetsu_3),146
frima_(nikke),146
li_xingke,146
marin_(ragnarok_online),146
eclair_(kiddy_grade),146
super_sailor_saturn,146
ground_gundam,146
nila_(telepurte),146
berserker_(granblue_fantasy),146
rina_(kemurikusa),146
haru_(tsuritama),146
kyouraku_shunsui,146
hanabi_(senran_kagura),146
yoshinaga_koi,146
zorome_(darling_in_the_franxx),146
q_(control),146
agoshi_sakina,146
taketatsu_ayana,146
mistique_(stella_sora),146
dark_chao,146
nagoriyuki,146
reiji_(gundam_bf),146
zombina_(monster_musume),146
roggenrola,146
rinne_(rinrinne),146
saegusa_akina_(1st_costume),146
shisui_kiki_(1st_costume),146
king_zahab_(si_land),146
yamifuka-san_(hoshi_san_3),146
sutera_(granblue_fantasy),146
tachibana_sylphynford,145
whisper_the_wolf,145
lemres_(puyopuyo),145
steward_(arknights),145
kitamura_motoyasu,145
elise_liedl,145
clover_(totally_spies!),145
beauty_(bobobo-bo_bo-bobo),145
niihashi_noel,145
gnosis_(arknights),145
gordon_freeman,145
clarisse_(christmas)_(granblue_fantasy),145
tokishikko_dana,145
bismarck_drei_(kancolle),145
kokori_(rade_(rade_552)),145
orca_(kemono_friends),145
erinys_(fire_emblem),145
kiki_(little_twin_stars),145
tifa_lockhart_(fairy_of_the_holy_flame),145
yashiro_kasumi,145
kiana_kaslana_(selenic_ripples),145
setzer_gabbiani,145
mari_(genjitsu_no_yohane),145
belfraw_martini,145
gensokyo's_first_hakurei_miko,145
renekton_(league),145
midorikaze_fuwari,145
marilyn_monroe,145
utsumi_shou,145
mew_zakuro,145
unown_u,145
ruan_mei_(plumblossom_letter)_(honkai:_star_rail),145
amiya_(summer)_(arknights),145
bangboo_6_(zenless_zone_zero),145
lee_hoon,145
saratoga_kai_(kancolle),145
spartacus_(fate),145
rance_(precure),145
artoria_pendragon_(swimsuit_ruler)_(second_ascension)_(fate),145
cleo_(dragalia_lost),145
tamaki_mari,145
yamada_maya_(infinite_stratos),145
takkun_(flcl),145
serilly_(puyopuyo),145
rivier_(kuzuyu),145
reno_(biggest_little_cheerleader)_(azur_lane),145
johnny_silverhand,145
hallessena,145
horizon_(counter:side),145
mydei_(a_trail_of_bygone_blood)_(honkai:_star_rail),145
jianxin_(wuthering_waves),145
misha_arsellec_lune,145
yamamoto_akira,145
thundercracker,145
tsuruhime_(sengoku_basara),145
norman_(pokemon),145
henry_(fire_emblem),145
mao-chan_(uramakaron),145
madaraki_fran,145
kinu_(azur_lane),145
izumo_tenka,145
shishigami_leona,145
takoyaki_(hoshimachi_suisei),145
sponty_(teh_cait),145
warlock_(granblue_fantasy),145
dark_jeanne_(granblue_fantasy),145
mian_(dream_c_club),145
watanuki_banri,145
shihou_matsuri,145
someya_mako,145
slavya-chan,145
chili_(pokemon),145
koujaku,145
master_(dokusen_yoku_ga_tsuyo_sugiru_yandere_kai_neko-chan),144
ryuukyuu,144
noodle_(gorillaz),144
kokonoi_hajime,144
sam_(totally_spies!),144
alex_(totally_spies!),144
kamen_rider_1_(shin),144
maria_de_angelis,144
kishido_temma_(1st_costume),144
niikura_(city),144
eudie_(shadowverse),144
tsubasa_(blue_archive),144
porom,144
small_lady_serenity,144
mejiro_dober_(sapphire_sojourn)_(umamusume),144
negiwolf,144
nicole_demara_(cunning_cutie),144
violet_inboots,144
yuumi_(league),144
libeccio_(swimsuit)_(kancolle),144
kasia_mikolajczyk_(silverfox442),144
tsumugi_kokage_(1st_costume),144
mash_burnedead,144
cul,144
naganadel,144
talon_(league),144
sizzlipede,144
kasumi_mahiru,144
ahagon_umiko,144
yukoku_roberu_(1st_costume),144
fu_hua_(hawk_of_the_fog),144
sorimachi_shiori,144
yuzuki_choco_(maid),144
mikoto_fubuki,144
beheeyem,144
kishima_kouma,144
female_corrin_(halloween)_(fire_emblem),144
grotle,144
harune_aira,144
princess_of_samantoria,144
tokitou_yuichirou,144
watarai_hibari_(1st_costume),144
kama_(beast_iii/l)_(fate),144
hijirikawa_masato,144
mary_read_(rider)_(fate),144
jack_van_burace,144
namba_emi,144
eco-arc,144
komodo_dragon_(kemono_friends),144
melli_(pokemon),144
kanzaki_akari,144
rosie_(hazbin_hotel),144
00_qan[t],144
chii_aruel,144
lydie_malen,144
vietnam_(hetalia),144
soma_cruz,144
fayt_leingod,144
shirley_warwick,144
mitsuba_greyvalley,144
ledian,144
leib_(housamo),144
armored_titan,144
estelle_(cieluscian),144
aegis_(takunomi),144
santana_(jojo),144
battleship_summer_princess,144
nemone,144
sakakibara_satomi,144
kasli_(nyanko_daisensou),144
ichijou_(pani_poni),144
unlovely_(precure),144
otonashi_ayana,143
jien_(nikke),143
matoimaru_(arknights),143
gir_(dog_costume)_(invader_zim),143
alice_lendrott,143
jake_muller,143
poporu_(kemono_friends),143
name_day_(reverse:1999),143
cure_earth,143
elly_(vtuber),143
regina_(dino_crisis),143
kody_(pudgeruffian),143
vritra_(second_ascension)_(fate),143
shikimiya_aone,143
gero-froggy,143
kitahara_jou,143
riko_(machikado_mazoku),143
phoenix_(kancolle),143
lucina_(valentine)_(fire_emblem),143
garfiel_tinsel,143
black_panther_(marvel),143
yudias_velgear,143
akigumo_(comiket)_(kancolle),143
priscilla_(fire_emblem),143
meltryllis_(swimsuit_lancer)_(third_ascension)_(fate),143
agatha_(pokemon),143
kisara_(tales),143
fukushima_noa,143
father_(diva),143
shi_qingxuan,143
marcia_(fire_emblem),143
morgan_le_fay_(fate/apocrypha),143
suou_tamaki,143
ingrid_(sennen_sensou_aigis),143
tabitha_(pokemon),143
shinouji_matsurika,143
lee:_hyperreal_(pgr),143
espathra,143
koutei_(touhou),143
lieserl_albert_einstein,143
ookami_mio_(another_ookami_mio),143
himeno_mikoto,143
mokuren_(kunoichi_tsubaki_no_mune_no_uchi),143
cavall_ii_(fate),143
chloe_von_einzbern_(swimsuit_avenger)_(second_ascension),143
skeleton_(minecraft),143
takanashi_touka,143
frigibax,143
theresa_apocalypse_(twilight_paladin),143
7-tan,143
duran_(seiken_densetsu_3),143
nina_(thief)_(fire_emblem),143
athena_(p&d),143
maika_(ogata),143
pero_(idolmaster_cinderella_girls),143
siyudi_(cookie),143
coco_adel,143
blue_delmo,143
olberic_eisenberg,143
marshal_(pokemon),143
kizuchi_kanna,143
renjouji_beru,143
flirty_nadeko,143
godolphin_barb_(umamusume),143
jubei_(blazblue),143
sera_masumi,143
yasaka_kazuki,143
tsuchimiya_kagura,143
kinukawa_chinatsu,143
dragoon_(selen_tatsuki),143
shindou_kei_(ef),143
yomikawa_aiho,143
noel_seeker,143
chaozu,143
aaron_(pokemon),143
matou_kariya_(original_appearance),143
nergigante,143
sakuraba_aoi,143
luffyko,143
nanashi_(ganesagi),143
miniwa_tsumiki,143
chevalier_d'eon_(saber)_(fate),143
talho_yuuki,143
tokiwa_mimori,143
lilica_felchenerow,143
honey_b._lovely,143
linoone,143
yuuki_tomosane,142
orianna_(league),142
freddy_krueger,142
remilia_nephys,142
elena_(project_moon),142
eelektrik,142
nitta_minako,142
ela_(rainbow_six_siege),142
fuwawa_abyssgard_(pajamas),142
tachibana_arisu_(mahou_senshi),142
taniguchi_(suzumiya_haruhi),142
maximilian_jenius,142
aemeath_(exostrider_armament)_(wuthering_waves),142
fox_girl_(yihan_world),142
kiyosumi_mashiro_(juukyuu),142
kamen_rider_2,142
himemori_luna_(streetwear),142
haze_(black_survival),142
rowan_(mabinogi),142
oguri_cap_(ashen_miracle)_(umamusume),142
otomachi_una_(spicy),142
protagonist_(hogwarts_legacy),142
byakko_(kemono_friends),142
watanabe_(pgr),142
ichigomiya_hane_(raru_buran),142
nuts_(precure),142
koko_d._nuts,142
sylvia_sherwood,142
black_knight_(fire_emblem),142
victor_von_gerdenheim,142
suzuki_shou,142
fubuchun,142
fine_motion_(casual)_(umamusume),142
hinata_aki,142
mary_(identity_v),142
tenjouin_fubuki,142
beatrice_(blue_archive),142
character_pria,142
lancelot_(code_geass),142
taikoubou,142
tennousu_athena,142
alastor_(human)_(hazbin_hotel),142
tikal_the_echidna,142
meruem,142
kisaragi_ayumi,142
osiris_the_sky_dragon,142
leafa_(terraria)_(sao),142
yagami_toa,142
baobhan_sith_(exhibition_attire)_(fate),142
luna_aegis_(closers),142
kusuriuri-san,142
sekine_moeko,142
kyo_kaneko,142
wa2000_(op._manta_ray)_(girls'_frontline),142
kermit_the_frog,142
marie_antoinette_(swimsuit_caster)_(second_ascension)_(fate),142
enjou_sakuya,142
schwarz_(skyline)_(arknights),142
trung_nhi_(second_ascension)_(fate),142
gawr_gura_(new_year),142
ben_grimm,142
mothim,142
boogeyman_(housamo),142
komano_aunn_(komainu),142
glastrier,142
dachsbun,142
aria_(sister_princess),142
n'doul,142
kazami_youka_(yokochou),142
jinx_(dc),142
deadbeat_(mori_calliope),142
tsubaki_(senran_kagura),142
puff_(precure),142
meimei_(p&d),142
sailor_star_fighter,142
hamada_kiyo,142
jun'you_kai_ni_(kancolle),142
takahara_ayumi,142
nishimori_yusa,142
armored_aircraft_carrier_oni,142
misawa_maho,142
kamekichi,142
ciel_sacred,142
snow_white_(heavy_arms)_(nikke),141
sasquatch_(darkstalkers),141
nika_(flesh_blood_&_concrete),141
reed_the_flame_shadow_(curator)_(arknights),141
kishimoto_ayase_(fes),141
castorice_(gossamer_flutter)_(honkai:_star_rail),141
david_(fate),141
aerosmith_(stand),141
flea_(hollow_knight),141
choi_mochimazzui,141
momonga_(chiikawa),141
tsugino_haru,141
mozumi_pichi,141
rudy_(ikeuchi_tanuma),141
jonathan_morris,141
midori_(winter)_(blue_archive),141
fushimi_chihiro,141
seto_miyako,141
prinz_adalbert_(azur_lane),141
bronzor,141
andy_(undead_unluck),141
fujimaru_ritsuka_(female)_(anniversary_blonde),141
spider-woman,141
mars_people,141
li_shuwen_(old)_(fate),141
bearcatmon,141
ishii_iroha,141
sajou_ayaka_(fate/prototype),141
kingambit,141
red_heavy_(tf2),141
matthias_czernin,141
charlie_brown,141
kcalb_(funamusea),141
ootori_kokona,141
zenno_rob_roy_(heroic_author)_(umamusume),141
niizuma_yae,141
osakabehime_(swimsuit_archer)_(second_ascension)_(fate),141
racing_miku_(2013),141
kodiak_bear_(kemono_friends),141
shichinosato_kofuki,141
kisara_(yu-gi-oh!),141
cerberus_(last_origin),141
seele_vollerei_(mirrored_flourishes),141
gwen_(total_drama),141
zepar,141
hennyano_(nachoneko),141
chevalier_d'eon_(maid_knight)_(fate),141
angelise_ikaruga_misurugi,141
danny_(jojo),141
durant,141
cu_chulainn_(third_ascension)_(fate),141
yato_(noragami),141
bremerton_(school)_(azur_lane),141
edward_teach_(final_ascension)_(fate),141
asmodeus_(shinrabanshou),141
schala_zeal,141
javelin_(beach_picnic!)_(azur_lane),141
makihara_shiho,141
caren_hortensia_(amor_caren)_(third_ascension),141
trung_trac_(second_ascension)_(fate),141
iron_bundle,141
h.n.elly_(kirsten),141
jaffar_(fire_emblem),141
king_(nadia),141
jin_yuuichi,141
cure_soleil,141
velina_airgid_(shade_of_leisure),141
olivia_(fear_&_hunger),141
luluko,141
ecolo_(puyopuyo),141
ripper_(girls'_frontline),141
toriningen,141
rock_bison,141
thundurus,141
minikomew,141
wakamatsu_hirotaka,141
kaname_madoka_(sexy_madoka),141
munak,141
melody_sinclair,141
alcremie_(salted_cream),141
mega_greninja,141
ferrothorn,141
gunbuster,141
gamma_2,141
cecily_cambell,141
kudou_chitose,141
irvine_kinneas,141
ange_katrina_(loungewear),141
akai_suzaku,141
fang_assassin_irma,141
neo_queen_serenity,141
rx_boss,141
vessel_(deltarune),141
hamo_(dog),141
tapu_fini,141
muji-muji_daruma_(genshin_impact),141
hamtaro,141
igor_(persona),141
ayanami_(niconico)_(azur_lane),141
mild_mannered_pate,141
cinia_pacifica,141
leilan_(p&d),141
sister_almonde_(nyantcha),140
onigiri_(vtuber),140
alomomola,140
basculin,140
elise_(league),140
mera_azusa,140
blooregard_q_kazoo,140
ningyo_hime_(sinoalice),140
rainhoe,140
cowpens_(milky_ministrations)_(azur_lane),140
bronya_zaychik_(black_nucleus),140
phosphora,140
kamen_rider_black_rx,140
koga_tomoe,140
exodia_the_forbidden_one,140
isabe_(girls_und_panzer),140
till_(decora)_(alien_stage),140
neon_(valorant),140
obkatiekat,140
sakakibara_kouichi,140
higuchi_kaede_(summer_uniform),140
fuwa_minato_(1st_costume),140
ol-chan_(udon),140
modernia_(first_affection)_(nikke),140
kal'tsit_(the_remains_of_time)_(arknights),140
saejima_kiyomi,140
summoner_(dungeon_and_fighter),140
harpy_(puyopuyo),140
n_(murder_drones),140
azuma_miyuki,140
anne_bonny_(swimsuit_archer)_(first_ascension)_(fate),140
yumeoji_shiori,140
princess_peach_(touring),140
dwyer_(fire_emblem),140
howan_(show_by_rock!!),140
trevor_(pokemon),140
kamen_rider_agito_(ground_form),140
male_byleth_(enlightened_one)_(fire_emblem),140
soyjak,140
professor_birch,140
misaka_imouto_10032's_cat,140
dagda_(arknights),140
philo_(forestia),140
boise_(azur_lane),140
flaky_(happy_tree_friends),140
cahara_(fear_&_hunger),140
ilias,140
jonathan_kent,140
wan_qing_(arknights),140
matikanetannhauser_(blue_turbulence)_(umamusume),140
luciana_mazzei,140
koborii_(amaburi),140
arthur_morgan,140
chie_(ishikei),140
cinderella_(sinoalice),140
sephilia_grandeel,140
aoandon,140
luna_lovegood,140
slaking,140
yenko_(vtuber),140
pet_shop,140
setouchi_chie,140
leiur_darahim,140
bataan_(azur_lane),140
shinonome_kazune,140
sakura_akari,140
omega_ray,140
tina_topia,140
mila_babicheva,140
toramaru_shou_(tiger),140
shishidou_akiha,140
kagami_kira,140
tutankhamun_(fate),140
toki_(hokuto_no_ken),140
fuutou_shizune,140
kamiki_sekai,140
kumai_natsu,140
ouka_miko,140
capybara-san,140
jirai-chan_(masayo),140
hs2000_(girls'_frontline),140
shinozaki_sayoko,140
arias_the_labrynth_butler,139
mr._pizza_(girls'_frontline_2),139
regieleki,139
paptimus_scirocco,139
dobrynya_nikitich_(swimsuit_lancer)_(first_ascension)_(fate),139
ixseal,139
eden_(degrees_of_lewdity),139
uguisu_anko,139
odin_(fire_emblem),139
admi_(nikke),139
libra_(elden_ring),139
demonio_fleur,139
asmodeus_alice,139
black_hat_(villainous),139
kita_shinsuke,139
mostima_(spellbreaker)_(arknights),139
shinobi_4_(sekaiju),139
castorice_(luckin_coffee)_(honkai:_star_rail),139
cocoa_(nikke),139
tri-brigade_ferrijit_the_barren_blossom,139
bubi_(ironmouse),139
altina_(fire_emblem),139
hazumi_aileen,139
dunbine,139
gigalith,139
bushidou_4_(sekaiju),139
hella_(path_to_nowhere),139
takanashi_kiara_(dirndl),139
manhattan_cafe_(the_bubbles_that_i_see_with_you)_(umamusume),139
aiba_(ai_the_somnium_files),139
galarian_articuno,139
remielle_dan_(past),139
mikuni_sairi,139
1st_form_frieza,139
ha-chan_(ado),139
wang_yuanji_(shin_sangoku_musou),139
kumamon,139
fighting_fefnir_(mega_man),139
momoi_satsuki,139
briar_(pokemon),139
unused_character_(kill_me_baby),139
saint-louis_(holy_knight's_resplendence)_(azur_lane),139
murofushi_risa,139
umegiri_ameto,139
furfur,139
jimihen,139
whis,139
fujiwara_no_sai,139
zephirin_de_valhourdin,139
omega_rio,139
gilles_de_rais_(saber)_(fate),139
himuro_mizuki,139
arikawa_hime,139
cyclizar,139
scatterbug,139
cupa_(at2.),139
yang_wen-li,139
kitagou_fumika,139
amano_yukiteru,139
otonashi_ryouko,139
anetai_toyone,139
hisuian_goodra,139
shiranui_flare_(new_year),139
fantina_(pokemon),139
calcifer,139
jangmo-o,139
noel_cerquetti,139
luye_(the_legend_of_luoxiaohei),139
okita_souji_alter_(swimsuit_saber)_(first_ascension)_(fate),139
orimoto_rika_(human),139
matsuri_(yume_no_owari),139
gekiyaku,139
corona_timir,139
takanashi_kotori,139
kerykeion_(nanoha),139
azuma_lim,139
lucia_(pangya),139
oriana_thomason,139
yun_yun_(doupo_cangqiong),139
azuma_hazuki,139
swim_swim,138
faruzan_(genshin_cafe_in_seoul)_(genshin_impact),138
mecklenburg_(azur_lane),138
benjamin_(project_moon),138
wolfychu,138
lori_loud,138
sawatari_mitsuki,138
bobobo-bo_bo-bobo_(character),138
sanjouno_haruhime,138
tulin_(zelda),138
kinemon,138
thorr_(fire_emblem),138
shinonome_ryo,138
kaiba_mokuba,138
kukuru_(dq8),138
celine_jules,138
gordo,138
komori_met_(5th_costume),138
priana,138
omega_(third_form)_(mega_man),138
baphomet_(monster_girl_encyclopedia),138
mumble_(shachimu),138
epsilon_(kagejitsu),138
arrokuda,138
archaludon,138
sophie_pulone,138
walter_c._dornez,138
fennel_(pokemon),138
petelgeuse_romaneeconti,138
elle_vianno,138
tsuina-chan,138
ethlyn_(fire_emblem),138
smilodon_(kemono_friends),138
hwoarang_(tekken),138
ryogoku_tsukasa,138
dan_heng_(rice_dumpling)_(honkai:_star_rail),138
hayama_fuka,138
nanakura_koharu,138
tsubomioka_happa,138
ashiya_(senran_kagura),138
volbeat,138
kaleina_(ricegnat),138
yumekawa_shogo,138
melmetal,138
hassu,138
asami_makiko_(heaven_burns_red),138
chewtle,138
kitaooji_satsuki,138
glamrock_freddy,138
boku_(summer_memories),138
kurusu_tomari,138
geiru_toneido,138
yste,138
matsuhime_mujina,138
archerko_(himura_kiseki),138
penguin_keeper_(diva),138
bismarck_kai_(kancolle),138
blanche_(pokemon),138
dvach-tan,138
balloon_party,138
ciela_(yuuhagi_(amaretto-no-natsu)),138
sakaki_shizuka,138
pokemon_tower_ghost,138
eliisa_(mahjong_soul),138
mutsuki_tooru,138
pinocchio_(sinoalice),138
nanase_kurumi_(menhera-chan),138
tamachi_mahiru,138
bouffalant,138
minagi_koharu,138
shishiro_botan_(new_year),138
edomae_lunar,138
riou_(suikoden),138
metallica_(majo_to_hyakkihei),138
nao_(ryuusa),138
aife_(zana),138
eguchi_sera,138
akai_ringo_(ookami-san),138
sakai_yuuji,138
oinomori_may_(1st_costume),138
eltolinde_(unicorn_overlord),138
rukino_saki,138
ebitetsu,138
luca_truelywaath,138
suzuya_(school_girl)_(kancolle),138
wendi_(nanoha),138
fei_fakkuma,138
honma_misuzu,137
kamen_rider_gavv,137
anakaris,137
lind_(girls'_frontline_2),137
keldeo_(ordinary),137
kanbara_takuya,137
fujinami_ryuunosuke,137
denken_(sousou_no_frieren),137
shokatsuryou_koumei_(ikkitousen),137
kirishima_kano,137
baobhan_sith_(academy_outfit)_(fate),137
yamanaka_inojin,137
elgyem,137
li-fen,137
arjuna_alter_(third_ascension)_(fate),137
leto_(arknights),137
kagaya_you,137
misumi_uika_(perro),137
yamashiro_(swimsuit)_(kancolle),137
matsunaga_hisahide_(fate),137
hinata_fuyuki,137
svarog_(honkai:_star_rail),137
colon_(stpri),137
jusis_albarea,137
tyki_mikk,137
abyssal_crane_princess,137
blitzo_(helluva_boss),137
the_girl_(fear_&_hunger),137
d'arce_(fear_&_hunger),137
rosemon,137
hasegawa_chisato,137
konno_mitsune,137
kuzuryuu_amane,137
airi_(halloween)_(blue_archive),137
hatsune_miku_(infinity),137
maeda_shiori,137
kamura_(rain_prophet),137
nitocris_alter_(second_ascension)_(fate),137
mysterious_heroine_xx_alter_(fate),137
aperture_science_weighted_companion_cube,137
takadate_orie,137
kashiwagi_saki,137
iwanaga_kotoko,137
clobbopus,137
frederick_(fire_emblem),137
magical_mirai_kaito,137
dj_octavio,137
aloy_(horizon),137
momo_(idolish7),137
ichinose_kaede,137
frogadier,137
kohaku_yuri,137
dr._voir_(nanosheep),137
luetzow_(azur_lane),137
nakiri_asahi,137
tangle_the_lemur,137
acguy,137
nt-tan,137
red_girl_(yuuhagi_(amaretto-no-natsu)),137
ayase_ena,137
malayan_tapir_(kemono_friends),137
blue_dragon_(kemono_friends),137
hashiri_nio,137
florence_nightingale_(santa)_(fate),137
izayoi_sonosuke,137
enel,137
terror_(azur_lane),137
tuxedo_sam,137
killjoy_(valorant),137
inumi,137
bad_end_happy,137
hisakawa_tetsudou,137
nagant_revolver_(mod3)_(girls'_frontline),137
ayano_mariangela,137
kubfu,137
leah_(airisubaka),137
tirpitz_(warship_girls_r),137
ivlis_(funamusea),137
aoi_(ryuusa),137
primm_(seiken_densetsu_2),137
kiri_(sub-res),137
sakura_ichiko,137
mao_(darker_than_black),137
l-elf,137
pandora_(p&d),137
dace_(kancolle),137
izumi_kouhei,137
shirogane_lily,137
hoshikawa_kaguya,137
e-123_omega,137
uzuki_kou_(5th_costume),137
nanjou_kei,137
reppuu_(kancolle),137
sawai_natsuha,137
stephen_stills,137
pink_mercy,137
tino_ashberry,137
tia-chan,137
yssring_leavtruth,137
kujou_kazuya,137
flippy_(happy_tree_friends),137
professor_laventon,137
arboliva,136
azarashii_(igarashi_rika),136
buzz_lightyear,136
shisui_michiru,136
seiun_sky_(nagisa_no_kimagure_orange)_(umamusume),136
sora_(air),136
kurosawa_maki,136
ar-57_(girls'_frontline),136
yachiyo_(apocalypse_hotel),136
the_punisher_(character),136
thanos,136
mu_qing_(tianguan_cifu),136
leo/need_luka,136
marine_the_raccoon,136
exosister_elis,136
pirate_(sekaiju),136
ghost_(9-nine-),136
yuno_plaftskaya,136
shadowguy_(deltarune),136
yamaguchi_ryoko,136
tael,136
mito_mashiro,136
isolde_(and_all_that_jazz)_(reverse:1999),136
blitzen,136
nyarlathotep_(cthulhu_mythos),136
vritika_balakrishnan,136
linabell,136
bluecher_(azur_lane),136
shinon_(fire_emblem),136
teoritta,136
izana_kokoschka,136
solana_(pokemon),136
todoroki_hajime_(black_aurora),136
atsushi_ren,136
haruka_(tactics),136
37_(down_in_the_grotto)_(reverse:1999),136
liliel_(2.5_jigen_no_ririsa),136
tadokoro_megumi,136
yuksi_(yuksi),136
lairon,136
rosetta:_rigor_(pgr),136
mare_s._ephemeral,136
haibara_yu,136
fong_pudding,136
gundou_misuzu,136
forretress,136
zaha,136
france_(female)_(hetalia),136
guren_(code_geass),136
yamaguchi_kisaragi,136
metal_man,136
yuna_(sao),136
senju_hashirama,136
woodstock,136
gaius_(fire_emblem),136
old_snake,136
yukino_shigure,136
hatsuyukisou_(flower_knight_girl),136
yaguchi_miu,136
rudolph_von_stroheim,136
gertrud_(madoka_magica),136
blanka-chan,136
kogure_miori,136
etou_misaki_(idolmaster),136
luna_(sailor_moon)_(human),136
sugitani_zenjubou_(fate),136
munakata_hinano,136
pinkie_pie_(equestria_girls),136
raiden_mei_(aeterna_purum),136
skuntank,136
kikuru_madan,136
gamma_1,136
carmelina_(granblue_fantasy),136
yukishiro_akira,136
green_pippins,136
akebono_kai_(kancolle),136
m1911_(girls'_frontline),136
ares_(fire_emblem),136
apollo_(fate),136
thing_(the_addams_family),136
oosanshouuo-san,136
athena_(granblue_fantasy),136
houjou_(takagi-san),136
hikasa_youko,136
gundam_gp-02_physalis,136
black_cellien_(kemono_friends),136
mako-chan_(minami-ke),136
matsuura_nanase,136
ichinose_haru,136
pavia_(reverse:1999),136
sarugaki_hiyori,136
saika_magoichi_(fate),136
fraxure,136
suzuka_gozen_(santa)_(fate),136
june_(hyyun_ho),136
zodiac_2_(sekaiju),136
mix_(aquarion),136
mutsuba_asaka,136
origin_alpha,136
tenjin_kotone,136
chocolate_misu,136
vespa_crabro,136
qin_yi_(shining_nikki),136
mirai_yashima,136
fiorayne_(monster_hunter),136
momoe_maria,136
carl_clover,136
saki_(ar_tonelico),136
mizuminase_yuko_(tsuruse),136
miria_marigold_mackenzie,136
marluxia,136
skywarp,136
helena_kai_(kancolle),135
jarvan_iv_(league),135
ib_(yu-gi-oh!),135
kondo_saki,135
captain_marvel_(carol_danvers),135
amamiya_satsuki_(mono),135
elastigirl,135
deoxys_(attack),135
diola_(granblue_fantasy),135
brownie_(last_origin),135
pinku_(vtuber),135
lin_(tower_of_fantasy),135
whitesnake_(stand),135
sha-ming,135
misaka_imouto_10032,135
hyunwoo_(alien_stage),135
logos_(npc)_(arknights),135
tiamat_(third_ascension)_(fate/grand_order),135
oyama_matsuri,135
kaigaku,135
azama_(fire_emblem),135
sally_(nbc),135
ichinomiya_kantarou,135
freyja_(summer)_(fire_emblem),135
freesia_(stella_sora),135
whiscash,135
amnesia_(majo_no_tabitabi),135
claire_harvey,135
hagiwara_chihaya,135
cidolfus_telamon,135
inukai_yuto,135
salandit,135
hishi_akebono_(buono_alla_moda)_(umamusume),135
dimonno_vaalmonica,135
kuroki_francisca_yuria,135
cynthia_(sygna_suit)_(renegade)_(pokemon),135
nankai_(kancolle),135
soline_(nikke),135
bismarck_(beacon_of_the_iron_blood)_(azur_lane),135
mona_(2ch),135
ginrei_(giant_robo),135
bakebake_(touhou),135
galarian_slowbro,135
prometheus_(mega_man),135
uni_(vocaloid),135
pardofelis_(midsummer_collector),135
oricorio_(baile),135
kana_(bunny_garden),135
amagi_mashiro,135
mallow_(mario),135
segawa_izumi,135
kazama_iroha_(school_uniform),135
eule_(signalis),135
aikawa_aika,135
peppy_(honkai:_star_rail),135
ocean_prince,135
sothis_(adult)_(fire_emblem),135
morrighan,135
minior_(orange_core),135
kawabata_hotaru,135
noto_mamiko,135
dreamtime_bestowed_(infinity_nikki),135
homare_(princess_connect!),135
sonetto_(emotion_in_tranquility)_(reverse:1999),135
hoshino_(flowery_charms)_(blue_archive),135
mikhail_(drag-on_dragoon),135
argo_the_rat,135
nitocris_(swimsuit_assassin)_(third_ascension)_(fate),135
nanto_yaya,135
akasaka_mamoru,135
mizushima_asa,135
miyawaki_sana,135
shiina_kagari,135
ezlo,135
lyse_hext,135
kuroki_tsutomu,135
himekawa_(shashaki),135
koto_(kyousougiga),135
glynda_goodwitch,135
two_(tsu_(lovesick1964)),135
zuikaku_kai_ni_(decisive_battle)_(kancolle),135
anchorage_oni,135
umbrella_(skullgirls),135
mamiina_(simoun),135
oosaki_minato,135
seripa,135
matou_byakuya,135
haruna_(korezom),135
subaru_(houkago_no_pleiades),135
halara_nightmare,135
malos_(xenoblade),135
page_one_(one_piece),135
rita_(sweethex),135
medb_(alluring_chief_warden_look)_(fate),135
jk-chan_(oouso),135
mochi_hiyoko,135
blaine_(pokemon),135
lobelia_carlini,135
poppi_(reimu_endou),135
gaogaigar,135
medb_(swimsuit_saber)_(second_ascension)_(fate),135
kolibri_(signalis),135
rampardos,135
souen_chiaki,135
olivine_(nu_carnival),135
kururu_(rhapsody),135
ran_(shugo_chara!),135
elmerulia_frixell,135
harada_makoto,135
ping_hai_(summer_vacation)_(azur_lane),135
kaavi,135
lancet-2_(arknights),135
albert_heinrich,135
astesia_(starseeker)_(arknights),135
iceland_(hetalia),135
ogasawara_haruka,135
yami_marik,135
kazemaru_(arknights),135
chester_burklight,135
haerin_(newjeans),135
darwin_watterson,134
kyriel,134
jared_(michi_mochievee),134
engineer_nemo_(fate),134
suruga_(azur_lane),134
izayoi_arisa,134
kirara_tamako_(1st_costume),134
celica_mel_nortoria,134
cheng_heguang,134
hotsuin_miyako,134
fletcher_(swimsuit)_(kancolle),134
laslow_(fire_emblem),134
salmon_(kancolle),134
kurusu_makina_(divine_heart_makina),134
serena_cadenzavna_eve,134
mikuma_(2016_swimsuit)_(kancolle),134
reginn_(fire_emblem),134
satono_diamond_(floral_star_prosperous_green)_(umamusume),134
manbagi_rumiko,134
koyanskaya_(assassin)_(third_ascension)_(fate),134
nishizono_chigusa_(1st_costume),134
levi_elipha_(1st_costume),134
azazel_ameri,134
flynn_rider,134
zelsius,134
ellen_(majo_no_ie),134
runami_yachiyo_(ex-otogibanashi),134
martina_crespi,134
runerigus,134
minazuki_shigure,134
cookieann,134
cana_alberona,134
black_rose_dragon,134
morgott_the_omen_king,134
marblehead_(azur_lane),134
hariyama,134
great_fairy_(zelda),134
izuna_(gouma_reifuden_izuna),134
shuto_aoi,134
fujiki_maka,134
ash-greninja,134
kousaka_shigure,134
tokiwa_kano,134
morgan_(nikke),134
ahiru_(duck)_(princess_tutu),134
pinne_(nikke),134
mikagura_mirei,134
izumi_hikaru,134
revavroom,134
thief_(dq3),134
female_corrin_(adrift)_(fire_emblem),134
cheep_cheep,134
eve_(black_cat),134
classic_tails,134
toxapex,134
sugisaka_umi,134
magmortar,134
ichimonji_norimune,134
mysterious_heroine_x_(third_ascension)_(fate),134
pharaoh_(cat),134
nocchi_(perfume),134
ludmilla_(winter_owner)_(nikke),134
arietta_(tales),134
azusa_(vtuber),134
murmansk_(azur_lane),134
lize_helesta_(summer_casual),134
ciel_phantomhive_(robin_dress),134
oz_vessalius,134
yamiyono_moruru,134
racing_miku_(2014),134
aquila_(sardegnian_shallows_and_sunshine)_(azur_lane),134
gentildonna_(la_dama_perfetta)_(umamusume),134
rose_quartz_(steven_universe),134
magby,134
kokkoro_(real)_(princess_connect!),134
frederic_chopin_(classicaloid),134
tamaki_ako,134
pengy_(granblue_fantasy),134
kilo_(nikke),134
popoi_(seiken_densetsu_2),134
swalot,134
izumi_kyouka_(bungou_stray_dogs),134
nougami_neuro,134
hijiri_myouren,134
eimi_isami,134
leo_(mafuyu),134
may_chang,134
norba_shino,134
yomi_hellsmile,134
zilch_alexander,134
tsukioka_(40hara),134
otomore_(shashaki),134
izuno_shiun_(jissai_no_tokoro),134
satellizer_el_bridget,134
r_daneel_olivaw,134
sae_(juukyuu),134
honekawa_suneo,134
worker_(lethal_company),134
grapploct,134
rackam_(granblue_fantasy),134
nun_bora_(2nd_costume),134
refia,134
gaius_(tales),134
hanada_kirame,134
maru_(cookie),134
kogasa-san's_father,134
machiko_ryou,134
koga_norio,134
hitamu_kyan,134
alheitrakzoth,134
gouma_hyudor,134
galacta,134
yamazoe_uki,134
tsunose_kotone,134
ryuushen_(3rd_costume),133
hakushika_iori,133
naoya_(devil_survivor),133
alba_(sen'yuu),133
touin_rina,133
moon_knight,133
jungle_pocket_(casual)_(umamusume),133
ushimaru_(senran_kagura),133
houraiji_kyuushou,133
hikanari_hina,133
new_jersey_(black_blur_prelude)_(azur_lane),133
alex_mercer,133
otako_(galko),133
lemmtear_theta,133
han_solo,133
bomb_(final_fantasy),133
doma_taihei,133
marciana_(school_days)_(nikke),133
akimoto_katherine_reiko,133
void_archives,133
kagura_chizuru,133
zani_(downtown_repose)_(wuthering_waves),133
aegiomon,133
nuernberg_(azur_lane),133
greil,133
wuk_lamat,133
terra_branford_(school_cardigan),133
broca_(arknights),133
facehugger,133
mandibuzz,133
kiyoshimo_kai_ni_(kancolle),133
queequeg_(project_moon),133
kurimi_(aokumo_rin),133
pulao_(pgr),133
utaha_(cheer_squad)_(blue_archive),133
beast_(disney),133
maliss_<p>_chessy_cat,133
meryl_silverburgh,133
kurashina_asuka,133
hagiwara_kenji,133
springfield_(queen_in_radiance)_(girls'_frontline),133
kon_futaba,133
rapunzel_(fairy_tale_character),133
kurohime_yuuhi,133
paldea_mother,133
vistake,133
xiaolang,133
darley_arabian_(umamusume),133
spoink,133
tsukumo_kazuki,133
schnee_weissberg,133
qiao_ling,133
leizi_the_thunderbringer_(arknights),133
zossie_(pokemon),133
mega_hawlucha,133
mudbray,133
honjoji_akira,133
magical_mirai_luka,133
slakoth,133
sakuraba_waka,133
iron_moth,133
soma_(closers),133
sonogami_rinne,133
julia_(cowboy_bebop),133
amane_tsukuyo,133
guzzlord,133
skiddo,133
bangboo_18_(zenless_zone_zero),133
yatogami_tenka,133
haoumaru,133
reiko_holinger,133
meracle_chamlotte,133
inu-t,133
ayano_keiko_(sao),133
kurousagi_(mondaiji),133
kodama_izayoi,133
gabriel_(granblue_fantasy),133
finch_(xenoblade),133
young_princess_ruto,133
kashiyuka,133
doublade,133
hortense_(sound_horizon),133
azuma_tokaku,133
azura_cecillia,133
mimizuku_(sky:_children_of_the_light),133
m99_(girls'_frontline),133
wolf_tengu_extra_(touhou),133
horus_lupercal,133
kamioka_senri,133
lycoris_princess,133
kamishiro_natsume,133
mono_(shadow_of_the_colossus),133
anezaki_mamori,133
mega_victreebel,133
asatsuki_(cookie),133
hagoromo_gitsune,133
bard_(ragnarok_online),133
sigma_(kyokugen_dasshutsu),133
orange_piccolo,133
mako_(azuumori),133
vira_(summer)_(granblue_fantasy),133
pilot_(titanfall_2),133
kurosawa_minamo,133
amiya_(guard)_(touch_the_stars)_(arknights),132
dream-devouring_siltcurrent,132
nagant_(girls'_frontline_2),132
jhin_(league),132
andre_grandier,132
japanese_river_otter_(kemono_friends),132
takiya_makoto,132
makomo_(kimetsu),132
kurokawa_izana,132
symphony_rin,132
kagamine_rin_(nt),132
merlin_(reverse:1999),132
luna_snow_(cool_summer),132
nanako_(juukyuu),132
kurosawa_sae,132
fuyunagi_tsubasa,132
shia_(stella_sora),132
female_master_(the_tale_of_food),132
andoris_(girls'_frontline_2),132
admire_vega's_twin_sister_(umamusume),132
aemeath_(student)_(wuthering_waves),132
ukusik_(arknights),132
marguerite_(one_piece),132
grecale_(swimsuit)_(kancolle),132
vile_(mega_man),132
kurihara_nene,132
conkeldurr,132
anne_(bravely_second),132
yuki_miku_(2025),132
yuzuha_riko_(1st_costume),132
shrek,132
durandal_(bright_knight:_excelsis)_(honkai_impact),132
delmin_(show_by_rock!!),132
harp_note_(mega_man),132
sealeo,132
formidable_(the_lover's_heart_flutters_on_duty)_(azur_lane),132
pointer_(reverse:1999),132
mienfoo,132
gun_fiend_(chainsaw_man),132
ghost_devil_(chainsaw_man),132
achilles_(fearless_diver)_(fate),132
saitou_chiwa,132
voroshilov_(azur_lane),132
asuka_r._kreutz,132
alice_(grimms_notes),132
roger_smith,132
fujioka_(minami-ke),132
yamanashi_hibari,132
rhyperior,132
abyss_watcher,132
rice_shower_(yummy_dreamy_fairy)_(umamusume),132
alisa_(pgr),132
palpitoad,132
kitami_yusei,132
sanakan,132
landorus,132
ionasal_kkll_preciel,132
amano_megumi,132
rose_(mahoutsukai_rose_no_sado_life),132
okano_kei,132
pineco,132
kashima_hiiragi_(given),132
makarov_(girls'_frontline),132
toyohara_etsuko,132
angelica_therese_von_rouen,132
staravia,132
cygnet_(retrofit)_(azur_lane),132
okidogi,132
fat_buu,132
laffey_(retrofit)_(azur_lane),132
pingtsi_(chainsaw_man),132
jacques_de_molay_(saber)_(fate),132
lana_(hyrule_warriors),132
ashley_winchester,132
diantha_(granblue_fantasy),132
kyoichi_(live_a_hero),132
akagi_takenori,132
sharla_(xenoblade),132
yufine_(epic_seven),132
chtholly_nota_seniorious,132
watanabe_kanako,132
saegusa_mayumi,132
rinne_berlinetta,132
ritsu_(kemurikusa),132
narusawa_yui,132
vivid_bad_squad_meiko,132
danboo,132
nohara_misae,132
ryugasaki_rene_(3rd_costume),132
hanazawa_kana,132
mii_brawler_(smash_ultimate),132
ifrit_(sunburn)_(arknights),132
rio_wezley,132
sengoku_kamuri,132
a~chan,132
chane_laforet,132
kuranami_shiki,132
he-class_light_cruiser,132
captain_liliana,132
anubis_(houtengeki),132
lydia_macarthur,132
sybilla,132
claudette_(queen's_blade),132
kagari_ayaka,132
weno's_blonde_original_character,132
red_panda_(ex)_(kemono_friends),131
nao_(kuzuyu),131
oumiya_emma,131
aether_foundation_employee_(female),131
karasu_tabito,131
agent_choi,131
erenville,131
qi_sili,131
narehate_(mahou_shoujo_no_majo_saiban),131
kurosaki_isshin,131
frederica_irving,131
glenn_quagmire,131
hanamura_fuyume,131
miffy_(character),131
carol_(skullgirls),131
meg_(wakamepiza),131
momoi_(armed)_(blue_archive),131
ryu_jaekwan,131
slender_man,131
saya_(love_live!),131
nothing_there,131
helios_(sailor_moon),131
minky_momo,131
ramiel_(evangelion),131
thea_(fire_emblem),131
silver_hair-chan_(ramchi),131
amane_kanata_(lock_on),131
take_(kancolle),131
reinhard_von_lohengramm,131
scarlet_(black_shadow)_(longing_flower)_(nikke),131
drakloak,131
kali_belladonna,131
tadatomo_(housamo),131
dudley,131
cove_holden,131
alvis_(last_origin),131
juliet_capulet,131
souma_ria,131
haru_(beastars),131
fenny_golden,131
kaolla_su,131
todoroki_fuyumi,131
katsuya_megu,131
leena_(chrono_cross),131
bubble_(the_amazing_digital_circus),131
mikumo_osamu,131
soft_&_wet,131
amamiya_haruka_(primaveil_zwei),131
europa_(fate),131
amaui,131
fujimaru_ritsuka_(female)_(halloween_royalty),131
kawakami_gensai_(second_ascension)_(fate),131
tina_(ergot),131
tsukumo_kana,131
king_kong,131
iin_chiyo,131
kagetsu_(fire_emblem),131
sonny_brisko_(1st_costume),131
volley-bu-chan_(tawawa),131
kurama_norihito,131
teresse_(brown_dust),131
anne_bonny_(rider)_(fate),131
anchorage_(dolphins_and_swim_lessons)_(azur_lane),131
cerber_(vtuber),131
reiko_(tofuubear),131
jacques_de_molay_(foreigner)_(third_ascension)_(fate),131
niffty_(hazbin_hotel),131
mochizuki_chiyome_(second_ascension)_(fate),131
violette_(sound_horizon),131
executioner_(girls'_frontline),131
renown_(warship_girls_r),131
edan_(sparrowl),131
mochizuki_ayako,131
aladdin_(sinoalice),131
hinomoto_oniko,131
verniy_(saury_festival)_(kancolle),131
alain_(pokemon),131
cyber_punked_wattson,131
morita_ouka,131
victoria_qi,131
flower_girl_(yuuhagi_(amaretto-no-natsu)),131
cherino_(qipao)_(blue_archive),131
ii_(ayanepuna),131
junior_clown_car,131
seiun_sky_(soiree_des_chatons)_(umamusume),131
rebecca_streisand,131
kitamura_sora,131
filir_(ragnarok_online),131
zim_(invader_zim),131
sandayu_(housamo),131
leopard_(kemono_friends),131
kris_(sygna_suit)_(pokemon),131
ribbit_(the_amazing_digital_circus),131
mao_(disgaea),131
eriko_(summer)_(princess_connect!),131
perisie_(star_ocean),131
paracelsus_von_hohenheim_(fate),131
sunny_emmerich,131
mejiro_haruhiko,131
yuutenji_nyamu_(magician_of_passion),131
chiester556,131
hasaha,131
minior_(green_core),131
riasu-chan_(ayuma_sayu),131
marshal_(animal_crossing),131
destroyer_water_oni,131
kokkoro_(new_year)_(princess_connect!),131
rui_(dream_c_club),131
otogibara_era_(1st_costume),131
haru_(kuzuyu),130
draculaura,130
milk_(blooming_bunny)_(nikke),130
barbaracle,130
yaguruma_rine,130
kazami_ellen,130
hierda_(arknights),130
syr_flover,130
beauty_(pokemon),130
koshimizu_toru_(1st_costume),130
bitter_glasse_(umamusume),130
gobbles_(gameoverse),130
lymle_lemuri_phi,130
shiori_novella_(pajamas),130
lilith_(the_noexistencen_of_you_and_me),130
katheryne_(genshin_impact),130
vanellope_von_schweetz,130
may_(kobun0),130
giant_pangolin_(kemono_friends),130
nijouin_hazuki,130
kokkoro_(ceremonial)_(princess_connect!),130
yamada_michiru,130
graves_(deadlock),130
anzai_miyako,130
violet_parr,130
minior_(violet_core),130
aseah_(project_moon),130
trina_(nikke),130
avgust_(reverse:1999),130
keaton_(fire_emblem),130
shu_yamino_(1st_costume),130
cat_baguette_(popopoka),130
yellow_heart_(neptunia),130
galactic_nova,130
kazama_iroha_(street),130
sejuani_(league),130
tachibana_hibiki_(another)_(symphogear),130
lokix,130
lowen_(fire_emblem),130
un'you_(kancolle),130
nebris_(brown_dust),130
yi_(nine_sols),130
zodiac_4_(sekaiju),130
sanguinius,130
brey,130
shiomiya_shiori,130
fyodor_dostoyevsky_(bungou_stray_dogs),130
evangelyne_(wakfu),130
nago_(kirby),130
water_miku_(project_voltage),130
ms._hades,130
meloco_kyoran_(1st_costume),130
blonde_girl_(okpriko),130
tomoe_gozen_(second_ascension)_(fate),130
spice_girl_(stand),130
suzumiya_haruhi_(young),130
yamakaze_(swimsuit)_(kancolle),130
kamikaze_(valentine)_(kancolle),130
yakushiji_takemaru,130
broccoli_(ohasi),130
apollonia_(granblue_fantasy),130
kazusa_(c108_swimsuit)_(blue_archive),130
yurishiro_ginko,130
aradia_ravencroft,130
asuka_hina,130
iwaki_yoshimi,130
kallen_kaslana_(sixth_serenade),130
izumi_iori,130
michelin_man,130
asano_fuka,130
freddy_(fenrir)_(dislyte),130
y-0_(generic_ooban_yaki),130
mori_nagayoshi_(second_ascension)_(fate),130
amakubo_kaede,130
miranda_(nikke),130
genzuki_toujirou,130
atoli_(.hack//),130
type_99_dive_bomber_fairy,130
alex_(aestheticc-meme),130
piyoko,130
kaede-chan_(higuchi_kaede),130
kitakami_kai_(kancolle),130
amagami_yuna,130
guild_girl_(goblin_slayer!),130
crossbone_gundam_x-1,130
fukuyama_kenta,130
ed-chan_(edkuroki),130
hikari_(fracture)_(arcaea),130
nowa_(queen's_blade),130
amanomori_shou,130
jeanne_d'arc_(white_cruising)_(fate),130
glow_pikmin,130
ibis_douglas,130
nice_nature_(converging_wishes)_(umamusume),130
fuyutsuki_kouzou,130
shizuru_(summer)_(princess_connect!),130
sebastian_castellanos,130
oluo_bozado,130
hosshiwa,130
tsugumi_(guilty_crown),130
tenzou_crossunite,130
otomune_kozue_(summer_loungewear),130
knuckleduster_(boku_no_hero_academia),130
behoimi,130
chaos_aurorahime_(grimms_notes),130
aburame_shino,130
mithos_yggdrasill,130
monotaro_(danganronpa),130
giant_panda_(kemono_friends),130
mitsuya_takashi,130
jett_(precure),129
sextans_(girls'_frontline_2),129
bishamon_(darkstalkers),129
yamada_vanhouten_(mato_tsuyoi),129
yelena_belova,129
severus_snape,129
m2hb_(girls'_frontline),129
oyama_mahiro_(male),129
fuuka_(casual)_(blue_archive),129
burnin_(boku_no_hero_academia),129
tama-jii,129
spite_(vtuber),129
kamishiro_rio,129
amalia_sheran_sharm,129
celestine_lucullus,129
tasque_manager,129
medb_(first_ascension)_(fate),129
hippowdon,129
bonanus_(genshin_impact),129
kohinata_aoi_(dokidoki_sister_aoi-chan),129
sigma_(fate),129
knight_of_despair,129
sei_asagiri,129
furen_e_lustario_(5th_costume),129
white_fox_(marvel),129
chromu,129
luna:_oblivion_(pgr),129
tsurugi_(dress)_(blue_archive),129
hishidou_aiko,129
crawdaunt,129
koashi_mutsumi,129
morpheus_(arknights),129
crested_porcupine_(kemono_friends),129
yae_sakura_(blooming_maiko),129
hayakawa_kazuma,129
samson_big_(umamusume),129
ex-s_gundam,129
runami_yachiyo_(chibi),129
horropedia,129
utsugi_uyu_(1st_costume),129
ogasawara_kaya,129
ninomiya_rui,129
tao_pai_pai,129
sailor_cosmos,129
stray_cat_(jojo),129
claude_frollo_(disney),129
kagura_(inuyasha),129
sleepy_mita_(miside),129
ooi_kai_(kancolle),129
tiona_hyryute,129
seaf_soldier_(helldivers),129
clear_(princess_connect!),129
dekomegane,129
white_delmo,129
gyoro_(so2),129
ururun_(so2),129
kimiyoshi_kazuho,129
pina_(guide)_(blue_archive),129
kitsune_saiguu,129
yashiki_yuuko_(infinote),129
rosseland_(genshin_impact),129
sir_aaron,129
satake_shougo,129
takamiya_mio,129
misha_(pita_ten),129
youko_(tactics),129
perl_(go!_go!_gris!),129
saitou_shuka,129
giselle_(aespa),129
senju_tobirama,129
yuki_miku_(2016),129
sinanju,129
gunslinger_(ragnarok_online),129
emma_llama,129
shiitake_(love_live!),129
kadoya_tsukasa,129
shokatsuryou_(koihime_musou),129
curly_(pre-crash)_(mouthwashing),129
ripple_(mahoiku),129
daikokuten_(fate),129
sandaconda,129
wo-chien,129
karrablast,129
empress_(dmfd),129
blue_poison_(elite_ii)_(arknights),129
dr._arach,129
kitaooji_hanabi,129
yuzuhara_haruka,129
kaela_kovalskia_(4th_costume),129
tea_(cafe-chan_to_break_time),129
ichijou_akari,129
cliffjumper,129
japanese_black_bear_(kemono_friends),129
saegusa_matsuri,129
blade_(nu_carnival),129
mayu_(yuizaki_kazuya),129
feri_al-fayed,129
navigator_(alchemy_stars),129
gravel_(modeling_night)_(arknights),129
jack_the_ripper_(first_ascension)_(fate),129
yahata_umiri_(moonlight_executioner),129
indeedee_(male),129
miniature_ranni,129
hana_macchia,129
medusa_(omori),129
noelle_rutherford,129
leo_kliesen,129
muska,129
ichinose_karina,129
farrah_(granblue_fantasy),129
naga_(ring_ensemble)_(nikke),129
meidri,129
musubime_yui,129
miyafuji_miina,129
crystal_maiden,129
yuno_(juukyuu),129
ashley_taylor,129
sakuma_rinko,129
saimon_tamaki,129
kotoka_torahime_(1st_costume),129
lamia_hygieia,129
mina_tepes,129
yuuki-chan_(kanabun),129
charlotte_izoard,129
serizawa_fumino,129
hinokuma_ran,129
dream_journey_(casual)_(umamusume),129
joey_jones,129
ira_(precure),129
toothless,129
minamisawa_atsushi,129
brera_sterne,129
riza_wildman,129
suenaga_mirai,129
villager_(minecraft),128
ahoge_girl_(jimini_shijimi),128
ting_an_(azur_lane),128
argus_(azur_lane),128
prinz_eugen_(between_tipsiness_and_a_wager)_(azur_lane),128
laqeramaline_(arknights),128
mendou_shuutarou,128
tea_party_militant_a_(blue_archive),128
star_(signalis),128
ikezoe_ken'ichi,128
mabel_(black_souls),128
strange_klug,128
veyle_(fell_successor)_(fire_emblem),128
choco-chan,128
potemkin_(guilty_gear),128
venus_(zenless_zone_zero),128
eden_(flowing_rhyme)_(honkai_impact),128
kilowattrel,128
watanabe_akane,128
sirius_(rabbit_of_paradise)_(azur_lane),128
sarah_bryant,128
angello_vaalmonica,128
tentei_forte,128
rhys_(fire_emblem),128
riley_fairfeather,128
shelmet,128
koide_natsuno,128
ace_trainer_(female)_(pokemon_xy),128
uchiha_shisui,128
asamiya_minami,128
hanamaki_towa,128
neko_(amamiya_kokoro),128
otori_akira,128
shima_tetsuo,128
inu_(sakamata_chloe),128
terry_(dq6),128
suomi_(korvatunturi_pixie)_(girls'_frontline),128
asuka_minato,128
kusagakure_satoko,128
mutsuki_(iroha_(iroha_matsurika)),128
equinox_(racehorse),128
linia_dedoldia,128
jazz_(transformers),128
palafin,128
kitakami_futaba,128
heian_maru_(kancolle),128
mei-fang,128
inami_anju,128
florence_(neural_cloud),128
magical_mirai_meiko,128
mila_(miside),128
ken_marinaris,128
yurigasaki_lulu,128
mashima_moyu,128
bardiche_(scythe_form)_(nanoha),128
nishigaki_nana,128
asahina_momoko,128
polar_bear_(kemono_friends),128
v_(murder_drones),128
stahn_aileron,128
vivia_twilight,128
nancy_lee,128
yukimura_chizuru,128
suu_(shugo_chara!),128
scandinavia_peperoncino,128
wormadam,128
oda_nobunaga_(sengoku_collection),128
sita_(fate),128
saotome_kazuko,128
seto_mitsuki,128
numbuh_3,128
amamiya_natsumi,128
you_jiujiu,128
loftwing,128
mirai_(blue_archive),128
craig_boone,128
saul_goodman,128
ump9_(shiba_investigator)_(girls'_frontline),128
renown_(azur_lane),128
nimbus_(world_flipper),128
clemenceau_(azur_lane),128
reno_(reno_bunnino)_(azur_lane),128
tomoe_marguerite,128
hina_misora,128
fyu-neru,128
claire_elford,128
ophelia_(madoka_magica),128
hamburglar,128
sagimori_arata,128
kuchipatchi,128
inamori_mika,128
koipanion_(josuiji_shinri),128
quincy_(warship_girls_r),128
kori_(trouble_spirit),128
tove_(nikke),128
deathlock-san,128
sissel_(ghost_trick),128
ajna_(indivisible),128
tamasaka_makoto,128
matatagi_hayato,128
umji_(gfriend),127
jessie_the_yodeling_cowgirl,127
regidrago,127
sniper_(sekaiju),127
pittsburgh_(azur_lane),127
slippy_toad,127
queen_anne's_revenge_(azur_lane),127
ufo_(kirby),127
dushevnaya_(girls'_frontline_2),127
katarina_(fire_emblem),127
shannan_(fire_emblem),127
nonaka_yuki,127
andvari_(last_origin),127
chihiro_(camp)_(blue_archive),127
raider_(elden_ring),127
spiky-eared_pichu,127
v_gundam,127
hinasaki_miu,127
yuugure_(kancolle),127
chilly_(kirby),127
onisaki_kirara,127
marino_(mega_man),127
captain_pikachu,127
atlanta_(swimsuit)_(kancolle),127
fura_kanato_(1st_costume),127
charlie_nash,127
angela_(marvel),127
gaelio_bauduin,127
yuno_(black_clover),127
curly_(post-crash)_(mouthwashing),127
shirohashi_akari_(toji_(y2toj2)),127
angell_(path_to_nowhere),127
kamen_rider_zeztz,127
hoshino_terror_(blue_archive),127
classy-black-haired_girl_(hayabusa),127
the_winged_dragon_of_ra,127
rupee_(rabbit_deluxe)_(nikke),127
narita_taishin_(casual)_(umamusume),127
hodr_(fire_emblem),127
galleon_(summer)_(granblue_fantasy),127
exs-tia_luna,127
kaiko_(vocaloid),127
gyuutarou_(kimetsu_no_yaiba),127
scar-h_(girls'_frontline),127
moona_hoshinova_(casual),127
luc_(suikoden),127
nyatoran_(precure),127
maguma_mega,127
poppi_qt_(xenoblade),127
metal_slime,127
takase_mizuki,127
professor_burnet,127
hrid_(fire_emblem),127
bastiodon,127
yamori_kou,127
arlecchino_(cinder_of_two_worlds'_flames)_(genshin_impact),127
camilo_madrigal,127
prussia_(female)_(hetalia),127
lumiere_(kiddy_grade),127
tsuchigumo_(youkai_watch),127
iono_(fall_2024)_(pokemon),127
leipzig_(azur_lane),127
kawajiri_hayato,127
nifl_(fire_emblem),127
keith_claes,127
shizuku_(nige_jouzu_no_wakagimi),127
shen_zechuan,127
vf-1a,127
mail_(popful_mail),127
aurora_(elite_ii)_(arknights),127
graf_eisen_(hammerform),127
pk_(girls'_frontline),127
droite_(tales),127
karja_balta,127
kasane_ao,127
shizuka_(queen's_blade),127
shiina_yukari_(hachigatsu_no_cinderella_nine),127
prisoner_(elden_ring),127
zentreya_(dragon)_(metalheads),127
skorupi,127
childhood_friend_(kz_oji),127
big_o_(mecha),127
kotora_(toranoana),127
kawasumi_ayako,127
watanabe_tsuki,127
burmy_(plant),127
milinda_brantini,127
aislinn_wishart,127
sakuragi_mai,127
optimus_prime_(kotobukiya_bishoujo),127
dazzi,127
monferno,127
code:_battle_seraph_(elsword),127
omega_alpha,127
kurumi_noah_(3rd_costume),127
chris_lightfellow,127
shiomi_hotaru,127
mr._sutegoro,127
nishimiya_momo,127
haruna_(azur_lane),127
nazono_mito,127
julius_will_kresnik,127
athena_(saint_seiya),127
uzuki_makio,127
fii-tan,127
fatina,127
hiiragi_miki,127
liquid_snake,127
yune_(ikoku_meiro_no_croisee),127
orimura_chifuyu,127
jasminka_antonenko,127
algerie_(white_sand_paradise)_(azur_lane),127
yashiro_momoka,127
alois_trancy,127
nyamou,127
hinomoto_reiko,127
mordekaiser_(league),126
jingle_abel_meuniere,126
drilbur,126
moritsuka_shun,126
kirishima_eriko,126
anya_(anastasia),126
elzette_of_the_white_forest,126
shelgon,126
miroku_(inuyasha),126
mercenary_(zero_kara_hajimeru_mahou_no_sho),126
p90_(the_girl_from_b.e.l)_(girls'_frontline),126
night_seeker_1_(sekaiju),126
inuyama_tamaki_(1st_costume),126
fujiwara_aya,126
blue_mage_(final_fantasy),126
shiratori_amaha_(re:stage!),126
kishibe_(young)_(chainsaw_man),126
boudica_(third_ascension)_(fate),126
typhon_ephemeros_(second_ascension)_(fate),126
ribbonko-chan,126
sakayori_iroha_(ex-otogibanashi),126
tomimi_(summer)_(arknights),126
gold_experience_requiem,126
nemurin,126
arisia_hellioxenes,126
zaveid_(tales),126
aversa_(fire_emblem),126
ring_fit_trainee_(female),126
alfonso_(project_moon),126
lin_lee_koo,126
mercedes_von_martritz_(summer),126
doppel_(monster_musume),126
suzutsuki_(azur_lane),126
uise_iu,126
dark_matter_blade,126
fezandipiti,126
yungoos,126
okinami_kai_ni_(kancolle),126
t.m._opera_o_(casual)_(umamusume),126
ellis_(toushinden),126
hayama_marin,126
tsukishima_maira,126
strawberry_miku_(morikura),126
red_sniper_(tf2),126
daitaku_helios_(casual)_(umamusume),126
pillowdear,126
sasaki_kotoko,126
cascoon,126
andoain_(arknights),126
imperator_(wuthering_waves),126
anastasia_(swimsuit_archer)_(second_ascension)_(fate),126
unown_c,126
amaya_haruko,126
himari_(winter)_(blue_archive),126
ao_bing_(nezha_zhi_motong_jiangshi),126
kaden_(fire_emblem),126
envy_elika_(koyashaka),126
yoshino_sakura,126
kaisei_(nijisanji),126
airi_(ogami_kazuki),126
finn_(fire_emblem),126
north_carolina_(the_heart's_desire)_(azur_lane),126
fray_myste,126
panam_palmer,126
tifa_lockhart_(sporty_dress),126
hatsune_miku_(natural),126
narumiya_yu,126
verosika_mayday,126
tsuruhime_yachiyo,126
tachibana_misato,126
ning_hai_(warship_girls_r),126
kasugano_haruka,126
pokemon_ranger_(pokemon),126
zato-1,126
fenrich_(disgaea),126
dahlia_hawthorne,126
nanami_izu,126
ratchet_(transformers),126
andromeda_(first_ascension)_(fate),126
shirokane_aki,126
moroha,126
prince_of_wales_(warship_girls_r),126
zima_(reverse:1999),126
echidna_(p&d),126
atago_hiroe,126
warlock_(sekaiju),126
metabee,126
anice_farm,126
lilith_(shining_nikki),126
tanaka_ayumu,126
leivinia_birdway,126
konoe_subaru,126
takanashi_hikari,126
usuzawa_sae,126
meteora_osterreich,126
futoshi_(darling_in_the_franxx),126
nine_(vu),126
manabe_itsuki,126
hatsuzuki_kai_ni_(kancolle),126
hala_(pokemon),126
oboro_(swimsuit)_(kancolle),126
haruno_sora,126
jade_(houseki_no_kuni),126
dokuga,126
fafnir_(maidragon),126
shionji_yuuko,126
evie_(stellar_blade),126
mari_(dream_c_club),126
jindai_komaki,126
annelotte_(queen's_blade),126
lune_zoldark,126
bellemere,126
rowen_j._ilbert,126
fuuchouin_kazuki,126
slayer_of_demons,126
girl_(mokufuu),126
olivia_(paper_mario),125
orla_(pokemon),125
louhi_(third_ascension)_(fate),125
iron_leaves,125
augustus_(path_to_nowhere),125
ikusabe_tokisada,125
indiana_(azur_lane),125
amami_haruka_(idolmaster_xenoglossia),125
shiiba_tsumugi_(witch),125
bugs_bunny,125
loen_(celebrity_bunny)_(brown_dust),125
scooby-doo,125
kali_(project_moon),125
ghost_rider,125
aatrox_(league),125
kevin_(seiken_densetsu_3),125
d_(killer_wife)_(secret_police)_(nikke),125
tachitsute_toto,125
archetto_(publicity_strategy)_(arknights),125
pa-15_(marvelous_yam_pastry)_(girls'_frontline),125
zigong_(project_moon),125
tsukino_mito_(jirai_kei),125
glimmet,125
momochi_tamate,125
shiratama_kitsune,125
harusame_kai_ni_(kancolle),125
gumchi,125
crabominable,125
holy_rouge,125
final_form_cooler_(dragon_ball),125
shinowa_mion,125
ultraman_tiga_(multi_type),125
celica_(xenoblade_x),125
dante_alighieri_(second_ascension)_(fate),125
arashiyama_hotori,125
hajime_(fortnite),125
yukime_(jigoku_sensei_nube),125
eishin_flash_(casual)_(umamusume),125
kaho_(sister_princess),125
yumeno_gentaro,125
oyuki_(urusei_yatsura),125
nekomata_okayu_(8th_costume),125
calamity_jane_(first_ascension)_(fate),125
morizono_wakana,125
maria_theresa_(granblue_fantasy),125
seth_(closers),125
konjiki_no_yami_(darkness_mode),125
air_man,125
gareth_(first_ascension)_(fate),125
chika_(princess_connect!),125
sebastian_solace,125
peony_(pokemon),125
kiryu_kyosuke,125
matsu_(sekirei),125
suzuki_waka,125
blue_toad_(mario),125
eli_conifer,125
candeloro,125
manticore_(monster_girl_encyclopedia),125
zethia,125
laojun_(the_legend_of_luo_xiaohei),125
raziel_(summer)_(granblue_fantasy),125
shichimiya_satone,125
silcoon,125
cornelia_(umineko),125
akamaru_(naruto),125
jelee-chan,125
ashe_ubert_(timeskip),125
gouf_custom,125
hyuse,125
worker_(squid_game),125
roman_torchwick,125
overhaul_(boku_no_hero_academia),125
ibaraki_douji_(swimsuit_lancer)_(third_ascension)_(fate),125
iowa_(pacific),125
joe_higashi,125
aquila_yuna,125
ryuubi_(koihime_musou),125
suzuka_hime,125
shouhou_(azur_lane),125
sumeragi_shion,125
olaf_(frozen),125
jean_roque_lartigue,125
mahou_no_kagami_(grimms_notes),125
anita_king,125
momi_momiji,124
sowon_(gfriend),124
cassiopeia_(league),124
baby_(kpop_demon_hunters),124
war_devil_(chainsaw_man),124
anelace_elfead,124
sunao_nako,124
fancy_(azur_lane),124
shikishima_sakurako,124
wonderlands_x_showtime_rin,124
aerith_gainsborough_(white_floral_dress),124
sparkle_(fictitious_game)_(honkai:_star_rail),124
unabara_mitsuki,124
pfle,124
aerith_gainsborough_(garnet's_gown),124
herdier,124
hotori_(nte),124
haku_(naruto),124
oscar_(fortnite),124
rena_(jiseki_rena),124
harada_sanosuke_(teal_haori_and_hakama)_(fate),124
izumi_shiho,124
sazanka_(kunoichi_tsubaki_no_mune_no_uchi),124
shiika_(idolmaster),124
king_slime_(dragon_quest),124
raraiya_monday,124
wolf_(fate),124
kitami_erika,124
tyrogue,124
garofano_(path_to_nowhere),124
miyuki_kai_ni_(kancolle),124
kuroi_shiba,124
scaramouche's_sickly_friend_(genshin_impact),124
alexis_kerib,124
ichi_(madan_no_ichi),124
louis_(beastars),124
female_byleth_(sothis_regalia)_(fire_emblem),124
bare_legs_girl_(kamizaki_hibana),124
milk-chan_(milk_series),124
yejun_(plave),124
kasane_teto_(halloween),124
tweyen_(eternal's_summer_vacation)_(granblue_fantasy),124
kevin_graham,124
baltoy,124
xerxes_break,124
ronin_(killer_chat),124
ranpha_(princess_connect!),124
jinguji_jakurai,124
ots-14_(ruler_of_the_banquet)_(girls'_frontline),124
maliketh_the_black_blade,124
asami_kei,124
mew_lettuce,124
penny_crygor,124
isla_(kof),124
hero_(dq10),124
rollo_(tales),124
anne_shirley,124
millia_jenius,124
sora_(no_game_no_life),124
grey_(aotu_world),124
astolfo_(sparkling_frills)_(fate),124
hanpen_(love_live!),124
hamin_(plave),124
olga_marie_animusphere_(young),124
cobalion,124
the_baddest_evelynn,124
champagne_(azur_lane),124
chang_chun_(azur_lane),124
nemu_(ceres_fauna),124
mepple,124
blue_luma,124
oosawa_maria,124
malariya,124
marnie_(omoide_no_marnie),124
higashimitarai_kiyoshiro,124
chouno_hina,124
hippopotas,124
shieldon,124
almeida_(granblue_fantasy),124
pupitar,124
michael_roa_valdamjong_(human),124
big_brother_(blue_archive),124
wraith_(madoka_magica),124
shi_zhaoying,124
larry_butz,124
petra_johanna_lagerkvist,124
seismitoad,124
lynn_angel,124
yat_sen_(warship_girls_r),124
rocbouquet_(saga),124
gertrude_(umineko),124
dunban_(xenoblade),124
majorina,124
northern_water_princess,124
nishigoori_yuuko,124
roynase_(msa_(fary_white)),124
run_elsie_jewelria,124
chichiri,124
saitou_miyako,124
unown_d,124
nagino_mashiro,124
abstraction_(the_amazing_digital_circus),124
chiaki_kurihara,124
lloyd_(mother),124
hinata_(pure_pure),124
shining_glitter_cookie,124
sasaki_raito,124
toujou_aya,124
kouzuki_yuniko,124
shishio_makoto,124
kaguya_hime,124
toregene_(tenmaku_no_jaadugar),124
nagase_minato,124
cherno_alpha,124
thrasir_(fire_emblem),124
lelei_la_lalena,124
super_tama_musume,124
eclipse_shadow,123
kylo_ren,123
isolde_(zenless_zone_zero),123
kirara_(inuyasha),123
yano_kuromu_(1st_costume),123
tarma_roving,123
inui_seishu,123
ruki_(sen'yuu),123
nisha_(elsword),123
symphonic_lily,123
isabel_(nikke),123
phoenix_(x-men),123
memory_(identity_v),123
probopass,123
matsushita_(angel_beats!),123
corvus_(reverse:1999),123
frederica_sawyer,123
richard_sterling,123
mauga_(overwatch),123
moge-ko,123
nekomugi_tororo,123
shishido_akari_(1st_costume),123
abe_(nikke),123
mash_kyrielight_(enma-tei_uniform),123
saotome_rei,123
hades_izanami,123
coral_glasses,123
sang_yi_(project_moon),123
asumi_kana,123
secret_(jejejunum),123
botamon,123
maliss_<p>_dormouse,123
kurosawa_junna_(raru_buran),123
kisara_(nijisanji),123
imouto-chan_(hamaken.),123
selia_(mrtalkingdino),123
tairitsu_(tempest)_(arcaea),123
noah_(nikke),123
annihilape,123
aibo_(gorgeous_mushroom),123
sirius_symboli_(casual)_(umamusume),123
mega_absol_z,123
galarian_darumaka,123
stunky,123
ichinose_hana,123
mustard_seeds,123
ruri_(magisphere),123
cheona_(last_origin),123
freckles_nun_(diva),123
agate_crosner,123
kaguya_(ray)_(cho_kaguya-hime!),123
jeanne_d'arc_(mystery_treasure)_(fate),123
unown_y,123
kani_nayuta,123
kamen_rider_kaixa,123
sakura_airi,123
suzushiro_haruka,123
general_liu_(girls'_frontline),123
cordelia_(saga),123
kogami_ryoken,123
dunyarzad_(genshin_impact),123
typhon_epsilon_(fate),123
alcremie_(ribbon_sweet),123
xue_yang,123
orchid_(maplestory),123
new_jersey_(snow-white_ceremony)_(azur_lane),123
arzuros,123
marin_(umi_monogatari),123
tezcatlipoca_(housamo),123
ichikishima_mizuha,123
curakuru_(character),123
aoba_chika,123
makimura_kaori,123
mof's_silver_haired_twintailed_girl,123
tadbulb,123
megurine_luka_(vocaloid4),123
mizuha_(toraware_no_kami-sama),123
mage_(7th_dragon),123
wilbell_voll-ersleid,123
fox_girl_(togutogu),123
cassandra_(tangled),123
iron_princess_ymir,123
ussr-tan,123
gneisenau_(nightmarish_succubus)_(azur_lane),123
mimori_suzuko,123
komugi_(hunter_x_hunter),123
fairy_(dungeon_meshi),123
nosa_kouko,123
konohana_hikari,123
nagi_(akito),123
kawasaki_sakura_(idoly_pride),123
nagase_kotono,123
tsuzura_saki,123
matsuyama_kumiko,123
maeda_keiji_(sengoku_basara),123
dumuzid_(fate),123
lauda_neill,123
izanami_hifumi,123
alban_knox_(1st_costume),123
tinkatuff,123
sawada_kanako,123
rengoku_senjurou,123
dominura_(simoun),123
denzel_(ff7),123
narita_taishin's_daughter_(odawara_hakone),123
himuro_kane,123
donkey_(kemono_friends),123
dexio_(pokemon),123
kurashiki_maiko,123
rorschach,123
anchorage_princess,123
plamja-sama,123
tama_(aquarion),123
onishima_homare,123
collin_(pikmin),123
jabberwock_(monster_girl_encyclopedia),123
arai_motoha,123
link_(shounen_captain),123
chouun_(koihime_musou),123
shin'en-san_(shin'en),123
kawasaki_saki,123
v2_gundam,123
tapu_bulu,123
ten'inkou_korin,123
acfun_girl,123
makoto_kagutsuchi,123
wakatsuki_kagami,122
lumine_(night_hunt_in_snow)_(genshin_impact),122
inferna_dragnis_(xoldrek),122
robin_(male)_(degrees_of_lewdity),122
connie_maheswaran,122
symboli_rudolf_(christmas_emperor_tree)_(umamusume),122
male_alear_(fell_child)_(fire_emblem),122
charlie_su,122
nipako,122
vanessa_(cytus_ii),122
nanase_ririko,122
ruffian_(fuwamoco),122
aponia_(mesmerizing_blue),122
moran_(king_of_flowers)_(nikke),122
natsume_kako,122
simon_(iron_lung),122
xx_(esse_series),122
megaera_(hades),122
lenhee_(kaito),122
skott_(honkai:_star_rail),122
kira_yoshikage_(bites_the_dust),122
kyoko_(madaotheory),122
hilda_ware,122
night_seeker_2_(sekaiju),122
yuuhi_riri_(1st_costume),122
yamato_nadeshiko_(hyakkano),122
belmond_banderas_(1st_costume),122
mysterious_idol_x_alter_(fate),122
rui_arneb,122
rin_penrose,122
ayumu_(fun_bo),122
core_fighter,122
ratatoskr_(fire_emblem),122
receptionist_girl_(amagi_shino),122
hakos_baelz_(new_year),122
meica_(vtuber),122
ring_(ring_fit_adventure),122
wester_(precure),122
kitaoji_sakura,122
dolly_(arknights),122
irys_(holonatsu_paradise)_(hololive),122
meisho_doto_(casual)_(umamusume),122
cid_kagenou_(shadow),122
colt_revolver_(girls'_frontline),122
tanemon,122
npc_(wuthering_waves),122
astellar_of_the_white_forest,122
yamato_takeru_(third_ascension)_(fate),122
sakura_(sergestid_shrimp_in_tungkang),122
serika_(waitress)_(blue_archive),122
hidari_(yomi_no_tsugai),122
unown_f,122
mordred_(swimsuit_rider)_(second_ascension)_(fate),122
isma,122
vigoroth,122
lethe_rin,122
asahina_mikuru_(adult),122
amakusa_shirou_(third_ascension)_(fate),122
irido_yume,122
kishimoto_maria_mirai,122
zuihou_kai_ni_(kancolle),122
ponto_nei_(1st_costume),122
jung_heewon,122
sten_mkii_(girls'_frontline),122
meditite,122
kannazuki_aoi,122
elisabeth_von_wettin,122
senju_iroha,122
magallan_(elite_ii)_(arknights),122
ukita_akane,122
dogmatika_ecclesia_the_virtuous,122
robo-ky,122
jasper_(steven_universe),122
naihe_(male)_(touqi_guaitan),122
deutschland_(service_time?!)_(azur_lane),122
fire_emblem_(tiger_&_bunny),122
nise_maou_kanizeru,122
mantra_(arknights),122
mighty_yukiko,122
bing_hayu,122
imaizumi_(imaizumin-chi),122
hero_(peach88),122
yoyohara_tsukasa,122
shepherd_(pikmin),122
enma-chan,122
magical_mirai_miku_(2013),122
hagino_chiaki,122
electrike,122
sakurai_aoi,122
minior_(indigo_core),122
azura_(dark_songstress)_(fire_emblem),122
luthica_preventer,122
claire_stanfield,122
merel_(reverse:1999),122
patches_(fromsoftware),122
pogranichnik_(arknights),122
hime-chan_(ramchi),122
lady_bat,122
ver_vermillion,122
chikujouin_magane,122
qucusaurus_(genshin_impact),121
tearlaments_merrli,121
cyan_soul_(utdr),121
ark_ranger_black_(nikke),121
ryougi_shiki_(swimsuit_mooncancer)_(first_ascension),121
marina_(omori),121
qubeley_mk_ii,121
time_mage,121
scathach-skadi_(swimsuit_ruler)_(first_ascension)_(fate),121
amber_(100%_outrider)_(genshin_impact),121
youko_(blue_archive),121
hyejin_(black_survival),121
wulfenite_(bouncing_rhythms)_(arknights),121
slaanesh,121
borg_(alien_nine),121
amanokawa_hiro,121
kurosaki_shun_(yu-gi-oh!),121
femto_(berserk),121
rose_kingdom_(eclat_de_roseraie)_(umamusume),121
groot,121
twenty-fifth_bam,121
mizuguchi_aki,121
rococo_(omori),121
wakura_kenichi,121
voyager_(choir_of_the_stars)_(reverse:1999),121
debbie_grayson,121
anoko_(chiikawa),121
perth_(swimsuit)_(kancolle),121
caterpillar_(alice_in_wonderland),121
stolas_(helluva_boss),121
sir_pentious,121
iyo_(fate),121
cloud_strife_(ball_gown),121
kamen_rider_kiva_(kiva_form),121
elizabeth_rose_bloodflame_(holonatsu_paradise),121
reshiram_(overdrive),121
harpie_lady_1,121
ryougi_mana,121
lucina_(cipher_swimsuit)_(fire_emblem),121
hino_eiji,121
kirara_(cat)_(genshin_impact),121
benares_(honkai_impact),121
type_94_shiranui,121
rotom_(fan),121
mechagodzilla,121
dark_hunter_4,121
female_sensei_(blue_archive)_(mikazukimo_478),121
janghwa_(last_origin),121
erika_wagner,121
fiora_(fire_emblem),121
murakami_fumio,121
ryu_(breath_of_fire_ii),121
traitor_magolor,121
shinjin_succubus_(konosuba),121
alex_louis_armstrong,121
sv-98_(mod3)_(girls'_frontline),121
karna_(santa)_(fate),121
clauncher,121
blubberbeast_(genshin_impact),121
fusaichi_pandora_(snatchin'_hearts)_(umamusume),121
mimi-sentry_(flyingpiggles),121
takasuga_tsukushi,121
saitou_furoufushi,121
type_97_shotgun_(girls'_frontline),121
fletchinder,121
panne_(fire_emblem),121
mincy_(omori),121
princess_koyuki_(cocri),121
aida_rikako,121
menace_mamaki_(1st_costume),121
nira-chan_(obenkyou_shitoiteyo)_(zutomayo),121
kunoichi-chan_(iroha_(iroha_matsurika)),121
simipour,121
mary_anning_(fate),121
mega_sableye,121
roxanne_(isekai_meikyuu_de_harem_wo),121
stakataka,121
jellicent_(female),121
youjo_(creek_(moon-sky)),121
vanilla_(girls_und_panzer),121
qinglong_(housamo),121
eun_(elsword),121
juzumaru_tsunetsugu,121
aesc_(exhibition_attire)_(fate),121
calyrex_(rider),121
kanabako_misora,121
malty_s_melromarc,121
maltese_tiger_(kemono_friends),121
leon_geeste,121
yomi_(p&d),121
zweilous,121
satono_diamond_(chevalier_bleu)_(umamusume),121
timick_(isa-415810),121
glowworm_(warship_girls_r),121
munkidori,121
ting-lu,121
spas-12_(midsummer_fruit)_(girls'_frontline),121
yahata_umiri_(lupo),121
mikogami_riko,121
dominica_s._gentile,121
mandragora_(final_fantasy),121
illustrious_(muse)_(azur_lane),121
byerley_turk_(umamusume),121
myrrh_(arknights),121
clair_(fire_emblem),121
chijou_noko,121
kanade_suzu,121
female_fighter_(morino_donguri),121
ferroseed,121
little_girl_saniwa_(touken_ranbu),121
yagyuu_juubei_(hyakka_ryouran),121
nino_(arakawa),121
carim_gracia,121
altera_moontail,121
komadori_renge,121
shirakawa_nanaka,121
fl-chan,121
slave_rain,121
hasegawa_mii,121
seha_lee,121
cryogonal,121
lee_sin_(league),120
higashikata_jobin,120
black_frost,120
blitzcrank_(league),120
henrietta_(zankuro),120
emma_the_gentle_blade,120
tadakuni_(alterkyon),120
karoo_(one_piece),120
guardian_(zelda),120
maria_marionette_(1st_costume),120
nekota_tsuna_(4th_costume),120
king_george_v_(azur_lane),120
gouenji_yuuka,120
hal_emmerich,120
furen_e_lustario_(2nd_costume),120
sonken_chuubou_(ikkitousen),120
aleph-1_(wuthering_waves),120
ruca_milda,120
coelacanth_(kemono_friends),120
christie_monteiro,120
arctozolt,120
sakata_kintoki_(heian_warrior_attire)_(fate),120
purirun_(fairy)_(precure),120
twin_braids_sister_(ironlily),120
han_juri_(battle_outfit),120
constantine_xi_(third_ascension)_(fate),120
independence_(azur_lane),120
cantabile_(arknights),120
a_knight_(reverse:1999),120
blackrose_(.hack//),120
taiki_kou,120
copperajah,120
laevateinn_(phantom_of_the_kill),120
stonjourner,120
robert_garcia,120
allen_m._sumner_(azur_lane),120
wave_the_swallow,120
kawai_mako,120
aihara_tsubaki,120
jiangyu_(girls'_frontline_2),120
inose_mai,120
koromo_naruru,120
spotted_skunk_(kemono_friends),120
yodaka_jun,120
kai_(dorohedoro),120
avalugg,120
steel_miku_(project_voltage),120
nowaki_(halloween)_(kancolle),120
akiyama_fumika_(pepper0),120
noah_(plave),120
shima_sousuke,120
sajou_manaka,120
salesperson_ena,120
arthur_pendragon_(white_rose)_(fate),120
tohsaka_sakura,120
sekino_roko,120
ravio,120
demyx,120
tania_(little_witch_nobeta),120
laurier_(forestia),120
cressey_(porforever),120
lanolin_the_sheep,120
isokaze_(saury_festival)_(kancolle),120
irisdina_bernhard,120
ochette_(octopath_traveler),120
thomson's_gazelle_(kemono_friends),120
ol-chan_(ol_mahonanoka),120
unown_p,120
yuel_(water)_(granblue_fantasy),120
yumeoi_kakeru_(1st_costume),120
kikuta_mokutaro,120
van_darkholme,120
hammann_(rebellious_summer)_(azur_lane),120
tsukuyomi_(ff14),120
minamoto_chikaru,120
tuka_luna_marceau,120
myo_(project_moon),120
dovakini-chan_(nisetanaka),120
ayamine_kei,120
aoki_kei,120
agil,120
sakomizu_haruka,120
leo_de_la_iglesia,120
natsume_maya,120
wachi_yuri,120
oora_kanako,120
kiyohime_(third_ascension)_(fate),120
kagano_ai,120
sendou_erika,120
yu_(bosshi),120
kuwahara_sayako,120
kurata_rine_(vtuber),120
shirase_maki,120
shiki_haruomi,120
azusagawa_kaede,120
mokota_mememe,120
shino_(housamo),120
kagami_hayato_(1st_costume),119
lucifer_(megami_tensei),119
columbina_(big_bad_vampire)_(genshin_impact),119
asakura_kazumi,119
cloud_strife_(maritime_sailor),119
springtrap,119
john_(splatoon),119
bachou_mouki_(ikkitousen),119
purifying_wind_(infinity_nikki),119
king_halo_(cheerleader_in_noble_white)_(umamusume),119
vanguard_(azur_lane),119
kurusugawa_serika,119
kippu_(dooby),119
ulforcev-dramon,119
haru_urara_(new_year_new_urara!)_(umamusume),119
kiana_kaslana_(wintery_wishes),119
wonderlands_x_showtime_len,119
dante_(nu_carnival),119
v.iv_rusty,119
obey_your_master_(racing)_(umamusume),119
aerith_gainsborough_(floral_delight),119
chiaki_riko,119
hoshii_miki_(beyond_the_wishes),119
amane_tsukasa,119
bela_dimitrescu,119
nishizawa_momoka,119
nanasaki_haruka,119
psylocke_(sai),119
superbi_squalo,119
kurohara_tokio_(choujin_x),119
tunomon,119
junah_(metaphor:_refantazio),119
bongy_(project_moon),119
ideon,119
glorious_(pungent_plum)_(azur_lane),119
stereotypical_barbie_(live_action),119
blinky_(hunter_x_hunter),119
javelin_(retrofit)_(azur_lane),119
coco_jumbo,119
kisaragi_saya,119
momose_ginko_(winter_loungewear),119
isshiki_seiran_(mashiro_kta),119
asahina_arumi,119
suzumiya_natsuki,119
loporrit,119
angel_(killer_chat),119
miyabi_shigure,119
koshi_anko_(shikanoko),119
the_doctor_(doctor_who),119
yuri_lowell_(reliable_senior),119
yulie_ahtreide,119
blue_hair-chan_(ramchi),119
loogchoob_(gaolukchup),119
chao_ho_(azur_lane),119
lon'qu_(fire_emblem),119
shoji_mezo,119
sonia_(fire_emblem:_the_blazing_blade),119
keropii,119
prism_saber_est,119
vera:_rozen_(pgr),119
aikawa_miyuu,119
vasily_(golden_kamuy),119
sigrun_(fire_emblem),119
sakura_chiyono_o_(casual)_(umamusume),119
dracozolt,119
jaana_kettu,119
touka_(nonaka_ritsu),119
ibrahim_(1st_costume)_(nijisanji),119
sarasa_hanna,119
shinonome_ryouko_(juusan_kihei_bouei_ken),119
miketsukami_soushi,119
karla_(fire_emblem),119
mahashi_miku,119
elizabeth_of_the_end_(fate),119
takanashi_yuzu,119
damao_(all_saints_street),119
qiubai_(arknights),119
gambier_bay_(sasebo)_(kancolle),119
misora_inaho,119
shirou_(bear)_(fate),119
seol_young,119
yakushiji_megumi,119
sage_(final_fantasy),119
beowulf_(skullgirls),119
kurono_genbu,119
kamishiro_tsumugi,119
morgan_le_fay_(academy_outfit)_(fate),119
asada_aoi,119
tobiichi_origami_(spirit),119
earl_grey_(girls_und_panzer),119
granberia,119
carracosta,119
chibi_miku_(mayo_riyo),119
loudred,119
illumise,119
dragon_yukano,119
pepper_(nikke),119
shirogane_souju,119
rick_dias,119
tora_tentei,119
kaminari_ai,119
kazamatsuri_matsuri,119
kurosawa_rei,119
habara_(danshi_koukousei),119
herbalist_(sekaiju),119
spica_parfait,119
kiyoura_setsuna,119
karasawa_toshiyuki,119
fukasaku_aoi,119
promised_consort_radahn,119
otori_ai,119
cryo_cicin_mage_(genshin_impact),119
five-seven_(cruise_queen)_(girls'_frontline),119
matsuno_chiya,119
azuma_(soft_voice_of_spring)_(azur_lane),119
pish,119
lan_fan,119
hanasaki_momoko,119
himuro_lavi,119
sonetto_(parade_anthem)_(reverse:1999),118
rulership_(casual)_(umamusume),118
the_hand_(stand),118
nanahoshi_shizuka,118
raki_kazuki,118
handler_(monster_hunter_world),118
grey_(mega_man),118
ciel_(kamitsubaki_studio),118
deathpolca,118
heavyblade_rabbit,118
heidrun_(fire_emblem),118
rurune_(vrchat),118
ikari_yui,118
ball_guy,118
super_shadow,118
infinite_(sonic),118
honjou_kasumi,118
kaya_(kancolle),118
virgin_mary,118
lee_jianliang,118
kagaya_kuki,118
sunao_(wokada),118
samuel_b._roberts_mk_ii_(kancolle),118
kimahri_ronso,118
elle_(vtuber),118
ahab_(project_moon),118
nincada,118
nakayama_festa_(casual)_(umamusume),118
rathian,118
itou_noemi,118
aimono_jyushi,118
kannagi_cocoa,118
katherine_mcbride,118
25-ji_luka,118
melusoy_(ebora),118
balthus_von_albrecht,118
ryu_hayabusa,118
throh,118
jungle_pocket_(tobasuze_hot_summer!)_(umamusume),118
gaia_(another_eidos),118
kohaku_hearts,118
dancer_shantae,118
kaga_sumire_(2nd_costume),118
cu_sith_(housamo),118
kiana_kaslana_(time_runner),118
nicolas_brown,118
spider-man_noir,118
nekobus,118
ooshima_niina,118
ooyodo_(swimsuit)_(kancolle),118
fujimaru_ritsuka_(female)_(normal_chaldea_uniform),118
imp_(doom),118
amane_kanata_(summer),118
sunomiya_sana,118
harunami_anri,118
griffon_(last_origin),118
sakurada_shiro_(original)_(hy_plus),118
perrserker,118
ander_(at2.),118
wilma_bishop,118
sawada_manami,118
georgia_(azur_lane),118
clay_(pokemon),118
ideura_shizuri_(neet_kunoichi),118
grumpig,118
ariana_(pokemon),118
yuki_(princess_connect!),118
mountain_hare_(kemono_friends),118
shiori_novella_(new_year),118
ogami_tsumiki,118
n102_(nikke),118
royal_arsenal,118
tsukuyomi_shinshi_(kemono_friends),118
roland_(fate),118
minnie_parker,118
great_saiyaman,118
aries_muu,118
krokorok,118
smithee_a._haysaca,118
yuuki_terumi,118
nyantan,118
pickles_(reverse:1999),118
carole_reaper,118
male_esper_zero_(nte),118
eternatus_(normal),118
kiev_(azur_lane),118
miyako_yoshika_(living),118
hug-tan_(precure),118
cham_fau,118
celestine_(letmebid),118
ember_(arknights),118
takao_(d-frag!),118
shiga_riko,118
tokoyami_towa_(new_year),118
suzumura_yuu,118
lidia_sobieska,118
shitodo_hoojiro,118
sienna_(henken),118
lombre,118
narumi_yui,118
pazu,118
misato_(summer)_(princess_connect!),118
cia_(hyrule_warriors),118
leon_magnus,118
malice_(sue_storm),118
dimension_witch_(elsword),118
reinhardtzar,118
kumagawa_misogi,118
ptilopsis_(elite_ii)_(arknights),118
saotome_genma,118
kitaooji_karen,118
shao_siming_(qinshi_mingyue),118
next_purple,118
okishiro_momoka_(shin_no_tenpii),118
okazaki_kei,118
nozama_tomoko,118
izumi_kanata,118
karasuma_chitose_(girlish_number),118
nelly_(project_moon),118
feng_(skullgirls),118
dewpider,118
talos_(housamo),118
ex_albio_(1st_costume),118
sepia_belmont,118
bastion_(overwatch),118
jk_mob-chan_(minami_aomori),118
izayoi_(blazblue),118
wheelie_(kirby),118
gelato_(jojo),118
cafe_artful,118
black_groza_(girls'_frontline_2),117
ishmael_(the_pequod)_(project_moon),117
goetz_von_berlichingen_(azur_lane),117
stay_gold_(casual)_(umamusume),117
nanami_lucia_(mermaid),117
otonose_kanade_(regloss_uniform),117
shiomi_yoru_(project_moon),117
sash_lilac,117
princess_tear,117
kanae_(1st_costume)_(nijisanji),117
stella_(gnosia),117
kirov_(kancolle),117
bossman_hero,117
lifeguard_(lilo_&_stitch),117
ariake_(ooe),117
fraeya_(vtuber),117
sayo_(project_moon),117
lapis_(homely_apron)_(fire_emblem),117
chao_lingshen,117
aisaka_sayo,117
elita_one,117
momo_(gundam_build_divers),117
fuuma_kotarou_(tenkaichi),117
galaco,117
minamoto_no_raikou_(swimsuit_lancer)_(first_ascension)_(fate),117
hinata_chinatsu,117
kaguya_(ex-otogibanashi)_(cho_kaguya-hime!),117
zuikaku_(swimsuit)_(kancolle),117
nazuka_(stella_sora),117
tosaki_mimi_(4th_costume),117
left_(atomic_heart),117
nerissa_ravencroft_(holonatsu_paradise),117
cologne_(ranma_1/2),117
ayuhara_natsu,117
zenith_greyrat,117
seth_(fire_emblem),117
kleavor,117
iris_(seisenki_iris),117
hakos_baelz_(holonatsu_paradise),117
ike_(vanguard_legend)_(fire_emblem),117
hatsune_miku_(ribbon_girl),117
cure_echo,117
melusine_(third_ascension)_(fate),117
alexander_anderson,117
officer_caitlyn,117
mejiro_dober_(casual)_(umamusume),117
female_robin_(grima)_(fell_tactician)_(fire_emblem),117
eltnum_(under_night_in-birth),117
bellona_(azur_lane),117
catapult_(arknights),117
kidagakash,117
seira_(mermaid_melody_pichi_pichi_pitch),117
gotcha!_girl_(pokemon),117
st._louis_(an_afternoon_on_the_lido_deck)_(azur_lane),117
van_gogh_(third_ascension)_(fate),117
temari_(nekomata_okayu),117
koyomi_(shironeko_project),117
sakurai_tomoki,117
nanashi_mumei_(owl),117
narmaya_(holiday)_(granblue_fantasy),117
cobra_(space_adventure_cobra),117
jetfire,117
kijo_kouyou_(fate),117
golett,117
megurine_luka_(chiffon_dress),117
sovetskaya_rossiya_(the_lackadaisical_lookout)_(azur_lane),117
aoi_nadeshiko,117
yamashiro_(retrofit)_(azur_lane),117
the_o_(mobile_suit),117
gira-gira-chan_(ado),117
subatomo_(big),117
angel_(drag-on_dragoon),117
etsushimaru_yakuko,117
yuudachi_(shogun_of_snowballs)_(azur_lane),117
unown_g,117
gokuchou,117
princess_peach_(wedding),117
ieiri_popo,117
magic_knight_(disgaea),117
saginomiya_isumi,117
ayame_(tenchuu),117
ukai_zero,117
kaminagi_ryouko,117
mochizuki_himari,117
tira_misu,117
shizuku_(neet-chan),117
aquarius_camus,117
helena_blavatsky_(swimsuit_archer)_(first_ascension)_(fate),117
isabelle_(shadowverse),117
tapris_chisaki_sugarbell,117
leo_whitefang,117
usapyon,117
sasaki_touko,117
xion_(trickcal),117
ragdoll_(boku_no_hero_academia),117
fandead_(uruha_rushia),117
belafu,117
more_more_jump!_rin,117
kakura_kurumi,117
renee_costa,117
cote_d'azur_widowmaker,117
pyroar_(male),117
biker_rosalina,117
reni_milchstrasse,117
zhao_linger,117
poniko_(lielos),117
secretary-san_(zannen_onna-kanbu_black_general-san),117
maintenance_musume_(kancolle),117
jinguuji_ren,117
shalnark,117
yonebayashi_saiko,117
olivia_(kureiji_ollie),117
saiki_ittetsu_(1st_costume),117
yuzu_(laneigu),117
marcy_(chrono_cross),117
grave_(beautiful_you)_(nikke),117
tabris-xx,117
shigure_(lawson)_(kancolle),117
charles_zi_britannia,117
hoshizuki_suzu,117
tormod_(fire_emblem),117
midare_toushirou_(kiwame),117
boldore,117
kurashima_chiyuri,117
ogasawara_rinko,117
spore_(ragnarok_online),117
annie_mei,117
ning_rongrong_(douluo_dalu),117
silvia_van_hossen,117
zero_(zero_kara_hajimeru_mahou_no_sho),117
kanno_fumi,116
sasaki_maguro,116
yellow_soul_(utdr),116
takanashi_kiara_(pajamas),116
mukou_aoi_(totono),116
molly_(omori),116
mococo_abyssgard_(pajamas),116
saya_(arcaea),116
young_xehanort,116
ultron,116
ghostblade_(to_be_hero_x),116
ninomae_ina'nis_(party_dress),116
salde_canarl_shellbrick_iii,116
add-on_(off),116
akasaka_miyuki,116
saji_genpou_(true),116
sidoh,116
azki_(little_devil)_(hololive),116
messer_ihlefeld,116
lillum,116
ibuki_(senran_kagura),116
south_korea_(kokkimusume),116
eunoia_(frozen_soul),116
mika_(lycoris_recoil),116
shin_(path_to_nowhere),116
rene_(kuramochi_meruto),116
caspar_von_bergliez_(timeskip),116
kotobuki_hisako,116
kasukabe_saki,116
crabrawler,116
shinbashi_(ooe),116
clarence_clayden_(godheim),116
symphony_len,116
matt_(epic_battle_fantasy),116
urien,116
swain_(league),116
tachibana_chiaki_(megami_tensei),116
skrelp,116
hanae_(cheer_squad)_(blue_archive),116
kite_(.hack//),116
lance_(epic_battle_fantasy),116
dorothy_gale,116
my_sweet_piano,116
aventurine_(final_victor)_(honkai:_star_rail),116
miketa_ryouka,116
harukawa_fuki,116
liv:_lux_(pgr),116
nene_nene,116
skeleton_(helltaker),116
elder_cousin_(igarashi_kyouhei),116
miki_(shugo_chara!),116
savanna_striped_giant_slug_(kemono_friends),116
squawkabilly,116
arcane_survivor_jayce,116
nagase_mana,116
bardiche_(riot_zanber_stinger)_(nanoha),116
belo_betty,116
daniela_dimitrescu,116
moro_(mononoke_hime),116
capsakid,116
type:_null,116
rkn-chan,116
kamen_rider_kuuga_(ultimate_form),116
pride_(fma),116
lucky_chloe,116
chirico_cuvie,116
gundou_mirei_(1st_costume),116
hk416_(midnight_evangelion)_(girls'_frontline),116
tanaka_shinbei_(fate),116
ak-47_(girls'_frontline),116
reml,116
hime_(himesama_goumon),116
kuhouin_murasaki,116
tachibana_rui,116
arue_(konosuba),116
ulrich_von_hutten_(mayhem_maid)_(azur_lane),116
maggiore_baracca_(azur_lane),116
clawitzer,116
makita_yuzu,116
sasaki_yukina,116
watson_amelia_(new_year),116
tsukamoto_shuuichi,116
healer_girl_(yuuhagi_(amaretto-no-natsu)),116
rio_(g_(genesis1556)),116
kurumizaka_ruri,116
log-mi_(tonpuu),116
kuraishi_tanpopo,116
itou_ittousai_(sengoku_bushouki_muramasa),116
maya_(dq11),116
doki_amber_doge_(dokibird),116
olivert_reise_arnor,116
ji_guang-hong,116
nyx_(queen's_blade),116
sagami_jun,116
amamiya_manami,116
achakura,116
sakura_miko_(hololive_summer_2019),116
asselin_bb_ii,116
suou_kuyou,116
blue_cat_(precure),116
taiga_(juukyuu),116
alexstrasza,116
johnathan_mar,116
torbjorn_(overwatch),116
king_bradley,116
kodama_shichirou,116
vullaby,116
tirtouga,116
kosaka_chihiro,116
nekoha_shizuku,116
kouyama_mitsuki,116
ekaterina_kurae,116
minya_(nyanko_daisensou),116
takenaka_hanbee_(oda_nobuna_no_yabou),116
zuikaku_(valentine)_(kancolle),116
sylas_(league),116
miyamoto_musashi_(pasela_resorts)_(fate),116
robobot_armor,116
menat_(battle_outfit),116
oozora_subaru_(new_year),116
timburr,116
minerva_(re:zero),116
exdeath,116
ch'en_the_dawnstreak_(arknights),115
hilda_(stella_glow),115
sakura_(gentle_nekomata)_(fire_emblem),115
flittle,115
pandora_smith_(magister),115
pallette_(mega_man),115
halo_sweety,115
hime_hajime,115
male_professor_(neural_cloud),115
brigitta_(metaphor:_refantazio),115
gundam_gp-03_stamen,115
kujo_chiharu,115
nagi_(fushigi_na_neko_no_machi_meltier),115
captain_hannah,115
sweet_lip,115
fake_hisui_(cookie),115
shinobu_akira_(madoka_magica),115
helena_(meta)_(azur_lane),115
wakka,115
bramblin,115
houndstone,115
mipple,115
say'ri_(fire_emblem),115
lyn_(brave_lady)_(fire_emblem),115
luxtia,115
averythemayo,115
okuzora_kohaku,115
combee_(female),115
wugtrio,115
hinoshita_kaho_(swimsuit),115
pyro_slime_(genshin_impact),115
hiiragi_akao,115
mecha_eli-chan_(fate),115
texas_(ambience_synesthesia_2022)_(arknights),115
female_professor_(neural_cloud),115
right_(atomic_heart),115
kuzunoha_amehiko,115
cyan_garamonde,115
yagatake_arashi_(nekoarashi),115
thorns_the_lodestar_(arknights),115
north_flight_(looking_fly!)_(umamusume),115
jiraiya_(persona_4),115
lorem_(mazohaha),115
len_(cat)_(tsukihime),115
harlock,115
linhardt_von_hevring_(timeskip),115
uesugi_kenshin_(rance),115
merry_milk,115
secco,115
mayday_parker,115
eunha_(closers),115
chinatsu_(suzutsuki_kurara),115
pallas's_cat_(kemono_friends),115
exploud,115
souryuu_(lawson)_(kancolle),115
arianna_caledonia,115
mike_haggar,115
fuyunyan,115
cheongmyeong_(return_of_the_mount_hua_sect),115
medusa_(kid_icarus),115
havoc-chan,115
laru_(stella_sora),115
lena_liechtenauer,115
iwashita_shima,115
katharine_o'hare,115
sclera_(asteroid_ill),115
guitar_little_sister_(hitomi_o),115
lordly_trashcan_(honkai:_star_rail),115
electric_miku_(project_voltage),115
geara_doga,115
guam_(stage-setting_charmer)_(azur_lane),115
chang_wufei,115
sky_child,115
junker_queen_(overwatch),115
marnie_(champion)_(pokemon),115
uchicchii,115
machinist_(final_fantasy),115
endou_yuuji,115
mordred_(formal_dress)_(fate),115
claudia_hortensia,115
kirika_towa_alma,115
sohee,115
zexion,115
android_16,115
aozaki_touko_(mahou_tsukai_no_yoru),115
delta_(nikke),115
kamen_rider_fourze_(base_states),115
zap_renfro,115
kirari_hikaru,115
yian_kut-ku,115
shitaisan,115
kraken_(japanon),115
mozu_(fire_emblem),115
volcanion,115
dieci_(nanoha),115
chum_(splatoon),115
adjutant_(snowbreak),115
loli_ruri,115
shiki_(yuureidoushi_(yuurei6214)),115
strea_(sao),115
kubota_junichirou,115
ujiie_mutsumi,115
nishigoori_lutz,115
cra_(wakfu),115
margery_daw,115
maki_natsuo,115
yuusha_(maoyuu),115
matikanetannhauser_(casual)_(umamusume),115
dog_child_(doitsuken),115
knight_princess_annelotte,115
sousou_(koihime_musou),115
leni_loud,115
nico_(devil_may_cry),115
wakaba_(kemurikusa),115
tomachop,115
rina_(durindana_7),115
henriette_mystere,115
fujisawa_yayoi_(uchuu_no_stellvia),115
nekomiya_nono,115
nanbara_chizuru,115
adam_smasher,115
pohwaran,115
haruka_armitage,115
kowata_makoto,115
smol_ina,115
nishigoori_axel,115
nishigoori_loop,115
alkaid_(.hack//),115
harten_(character),115
kujou_subaru,115
irie_kyousuke,115
elisa_(girls'_frontline),115
ledo_(suisei_no_gargantia),115
belfast_(the_noble_attendant)_(azur_lane),115
donovan_baine,114
homer_simpson,114
murakami_natsumi_(negima),114
takada_shiyuki,114
arval_(fire_emblem),114
the_king_of_red_lions,114
mervamon,114
veluza,114
serpent_(path_to_nowhere),114
nina_saotome,114
amumu_(league),114
persia_(mahou_no_yousei_persia),114
galdino,114
ptolemy_(third_ascension)_(fate),114
ryu_(breath_of_fire_iv),114
neo_metal_sonic,114
medea_(dq8),114
danica_(genshin_impact),114
leo/need_kaito,114
burning_blaze,114
eines_(dolphin_wave),114
niimi_kakeru,114
aragami_oga_(1st_costume),114
bonnouji_momoha,114
mydei_(delicacies)_(honkai:_star_rail),114
mii_swordfighter_(smash_ultimate),114
sandy_shocks,114
yamanami_keisuke_(third_ascension)_(fate),114
miichiru_(pripara),114
two-face,114
dusk_(wayanfa),114
el_shaddoll_winda,114
imadake_dabuchi_tabesuke,114
hanni_(newjeans),114
lin_hu_(nekojishi),114
bellri_zenam,114
rolf_(fire_emblem),114
spider-man_(original_black_suit),114
sean_matsuda,114
ooshima_minori,114
hakui_koyori_(dark_maid),114
scarlet_(ff7),114
python_(girls'_frontline),114
silque_(fire_emblem),114
yamata_ia,114
sonya_(schan),114
toedscruel,114
kiana_kaslana_(sunny_beach),114
chapman's_zebra_(kemono_friends),114
urobuchi_gen,114
iris_(en'en_no_shouboutai),114
obelisk_the_tormentor,114
haiqing_(astral_party),114
aerith_gainsborough_(fairy_of_snowfall),114
miyama_kei,114
beryl_gut,114
flash_man,114
sena_airi,114
professor_willow,114
fungami_yuya,114
gallerian_marlon,114
aldrich_devourer_of_gods,114
chaika_bogdan,114
yamaguchi_chihiro_(assault_lily),114
kano_chinatsu,114
tour_guide_from_the_underworld,114
obi_(1hp_club),114
kass,114
saber_alter_(maid),114
dracula_(castlevania),114
amasawa_chigusa,114
iris_amicitia,114
cloud_of_darkness,114
sorbet_(jojo),114
lickilicky,114
kokoa-chan_(pan_(mimi)),114
yui_(summer_memories),114
rosa_(academy)_(pokemon),114
sophia_(pgr),114
shihoudou_narika,114
frankenstein's_monster_(swimsuit_saber)_(third_ascension)_(fate),114
minagi_hiyori,114
alice_wishheart,114
shijou_mitsuki,114
akira_(miria)_(blue_archive),114
kabuto_kouji,114
choko_(arc_the_lad),114
haijima_ginka,114
shiraishi_yuzuki,114
mountain_of_smiling_bodies,114
nimbus_wraith_(wuthering_waves),114
burgerpants,114
aizawa_chizuru,114
takamatsu_(angel_beats!),114
yomi_(trickcal),114
nanako_(chibikki),114
mary_hunt,114
presea_testarossa,114
smol_calli,114
cynthia_riddle,114
denver_(azur_lane),114
ereshkigal_(lawson_2018)_(fate),114
female_majin,114
oranguru,114
shirogane_takeru,114
ootani_yuri,114
bahamut_(nikke),114
hyde_(fate),114
haley_(stardew_valley),114
kagamine_len_(nt),114
mare_(ac8231),114
sagara_seiji,114
cream_(cream),114
senjuin_ayano,114
mr._x_(resident_evil),114
yukimi_koume,114
lucius_(fire_emblem),114
marcoh_(fear_&_hunger),114
takaoka_yukari,114
shiny_heart_(alice_girls),114
kazakiri_hyouka,114
merlin_hermes,114
twintail-chan_(white-stew),114
den_den_mushi,114
tsurugi_hina,114
minami_kenjirou,114
clair_lasbard,114
kim_jaehee,114
apricot_the_lich_(1st_costume),114
kinoshita_shizuka,114
sadida,114
mila_(doa),114
nishihara_tetsuya,114
sealand_(hetalia),114
kyouno_natsumi_(spirit),114
usuta_sumire,114
nekoyanagi_kirio,114
sanger_zonvolt,114
phantom_(saint_thief)_(nikke),113
zack_fair_(midgard_seventh_high_school),113
sophie_andrea_yukitou,113
amethyst_(houseki_no_kuni),113
noa_(shironeko_project),113
satanick_(funamusea),113
don_patch,113
yatagarasu_(kemono_friends),113
mikami_nagisa_(male),113
falcon_armor_x_(mega_man),113
ojou-sama_zundamon,113
mix_tou,113
vincent_vollachia,113
raider_(fallout),113
arch_zion,113
gamou_maki,113
chestnut_horse_(kemono_friends),113
aegir_(one-on-one_leisure_time)_(azur_lane),113
elixir_lime,113
rokkaku_shiori,113
iria_animi,113
vivid_bad_squad_rin,113
louis_(fire_emblem),113
macne_nana,113
lucina_(summer)_(fire_emblem),113
fio_(nier),113
nanaco_(meisharan),113
togakushi_touko,113
pozyomka_(snowy_plains_in_words)_(arknights),113
hermann_(project_moon),113
mademoiselle_(ensemble_stars!),113
lappland_(ambience_synesthesia_2021)_(arknights),113
roaring_moon,113
barrel_(live_a_hero),113
marianne_teela_adelheid_rouen,113
dur-nar_(arknights),113
bruxish,113
urshifu_(rapid),113
kal'tsit_(formal)_(arknights),113
tsuneaki_(live_a_hero),113
rui_(kimetsu_no_yaiba),113
wannai_kinuho,113
nymble,113
ansem_seeker_of_darkness,113
ceobe_(summer_flowers)_(arknights),113
phalanx_2_(sekaiju),113
exs-tia_avalas,113
simisear,113
dezel_(tales),113
fred_jones,113
normal_miku_(project_voltage),113
priscilla_asagiri,113
yuki_(idolish7),113
the_endsinger,113
lilith_(ayanami_rei),113
tailblue,113
vei_(sky_empress)_(vtuber),113
magical_ruby_(hose),113
lance_crown,113
dolliv,113
anastasia_valeria,113
ultra_magnus,113
straizo,113
misaka_mikoto_(endless_summer),113
chuken_otako,113
colobbit,113
mr._c.b._(casual)_(umamusume),113
nishijima_kai,113
hira_hikari,113
cazador_szarr,113
riddhe_marcenas,113
clio_aite_(clio_2.0),113
persephone_(unholymilk),113
libeccio_(halloween)_(kancolle),113
yagi_yui,113
rose_(elsword),113
ameno_hitsuka,113
orthworm,113
ukitake_juushirou,113
kayano_futaba,113
lakshmibai_(first_ascension)_(fate),113
finn_ames,113
heracles_(housamo),113
slokai_(iron_saga),113
u-556_(azur_lane),113
linde_(octopath_traveler),113
little_illustrious_(azur_lane),113
sazanami_(christmas)_(kancolle),113
todoroki_kyouko,113
hagane_miku,113
shimo_hisae,113
luna_(fizintine),113
yukina_(yu_yu_hakusho),113
bad_haro,113
mesmer_jr.,113
clementine_(overlord),113
hatsune_miku_(swimwear),113
zeppy_(azur_lane),113
rana_(queen's_blade),113
efforia_(umamusume),113
baltimore_(muse)_(azur_lane),113
sirin_(magic_academy_uniform),113
konohoshi_umika,113
u-81_(azur_lane),113
croix_meridies,113
kyle_dunamis,113
futaba_aoi_(naomi),113
quan_(fire_emblem),113
rosette_christopher,113
kunizuka_yayoi,113
blackberry_cookie,113
final_battle:_mari,113
desha_(ousama_ranking),113
yuni_(real)_(princess_connect!),113
roxie_richter,113
asahina_akane_(nijisanji),113
tifa_lockhart_(black_mage),112
ryoutsu_kankichi,112
kitamori_yaeka,112
thief_(dungeon_and_fighter),112
chouhi_ekitoku_(ikkitousen),112
moira_(overwatch),112
female_alear_(fell_child)_(fire_emblem),112
murakumo_kagetsu_(1st_costume),112
eileennoir,112
rosie_sweetheart_(infinity_nikki),112
peach_(girls_und_panzer),112
himeko_(young)_(honkai:_star_rail),112
macht_(sousou_no_frieren),112
out_of_black_(umamusume)_(kyashiyo),112
paine_(ff10),112
leva_(sultry_tempo)_(girls'_frontline_2),112
surume_(splatoon),112
alexandrite_(houseki_no_kuni),112
funeral_of_the_dead_butterflies,112
igarashi_sayaka,112
olivia_lindegald,112
admiral_zenker_(azur_lane),112
spuria_(arknights),112
sonata_dusk,112
mashima_himeko_(show_by_rock!!),112
shadowgale,112
yuubari_(anime)_(kancolle),112
maruki_takuto,112
sora_(summer_flowers)_(arknights),112
leberblume,112
tomoe_(juukyuu),112
vsk-94_(dance_like_the_blazing_sun)_(girls'_frontline),112
starlight_glimmer,112
gau_(ff6),112
nagakura_shinpachi_(third_ascension)_(fate),112
moira_(1st_costume)_(nijisanji),112
ryuuto_(vocaloid),112
kishimoto_lucia_raimu,112
zankou_(nte),112
demon_king_(in),112
yamato_kai_ni_(swimsuit)_(kancolle),112
genau_(sousou_no_frieren),112
satozaki_kiko,112
big_daddy_(zenless_zone_zero),112
lyna_(yu-gi-oh!),112
barraskewda,112
takada_nozomi,112
georgia_(pokemon),112
boey_(fire_emblem),112
quatre_raberba_winner,112
flammi_(atelier),112
man_chai_(genshin_impact),112
kuma_(pripara),112
the_prince_(katamari_damacy),112
himekawa_(ouchi_kaeru),112
basch_fon_ronsenburg,112
brycen_(pokemon),112
iron_crown,112
miya_(404no2929),112
shion_(404no2929),112
tommyinnit,112
satonaka_megumi_(futamotu),112
coalossal,112
aromatisse,112
kizaki_erika,112
tateishi_shima,112
selena:_pianissimo_(pgr),112
kjera_(ingenious_servant)_(arknights),112
flametail_(sport_for_all)_(arknights),112
destiny_(takt_op.),112
kearsarge_(springtime_monitoring)_(azur_lane),112
spidops,112
serena_(palentine's_2021)_(pokemon),112
grendizer,112
izumozaki_neneko,112
mejiro_palmer_(casual)_(umamusume),112
koiwai_yoshino,112
sato_rikido,112
skadi's_seaborn_(arknights),112
raiden_mei_(crimson_impulse),112
mist_(radiant_dawn)_(fire_emblem),112
ookami_mio_(8th_costume),112
kitagawa_mahiro,112
kirin_(monster_hunter),112
kazesawa_sora,112
orishima_kei,112
blue_soul_(utdr),112
nikaido_yuzu,112
tendouji_musubi,112
lua_asuka,112
utsumi_erice_(mission_start),112
ortfine_fredericka_von_eylstadt,112
jaina_proudmoore,112
tachanka_(rainbow_six_siege),112
kasuga_yui,112
hamazaki_reina,112
gotland_kai_(kancolle),112
kasei-san,112
geegee_(granblue_fantasy),112
moblin,112
triton_(housamo),112
ai-chan_(precure),112
catalyst_(apex_legends),112
hamakawa_ayuna,112
lucia_fex,112
zekrom_(overdrive),112
nishikiyama_akira,112
dos_cat,112
amifumi_inko,112
001_(darling_in_the_franxx),112
lemrina_vers_envers,112
zaku_ii_f/j,112
du_ruo_(path_to_nowhere),112
kashiwagi_azusa,112
elza_straherz,112
ran_straherz,112
sakurano_kurimu,112
suzu_(torikissa!),112
tenko_kuugen,112
atago_kinue,112
medic_3_(sekaiju_4),112
ousaka_akane,112
aoba_kozue,112
kaburagi_tomoe,112
minami_rena_(magical_girl),112
suzuhara_misae,112
annaka_haruna,112
liz_hohenstein,112
lagiacrus,112
yuuki_mizuho,112
fujimaru_ritsuka_(male)_(brilliant_summer),112
noa_(granblue_fantasy),112
akaooni,112
awane_kokoro,112
mana_(yu-gi-oh!),112
thievul,112
isuzu_(azur_lane),112
helly_lewis,112
chlorella_observation_club_member_(swimsuit)_(blue_archive),112
rolycoly,112
aruna_reaver,112
dante_will,111
gold_ship_(casual)_(umamusume),111
uzen_kyouka,111
green_soul_(utdr),111
syakesan_(funamusea),111
bianca:_stigmata_(pgr),111
elena_(trickcal),111
dr._nadja,111
pluto_(omori),111
shadow_rise,111
hilling_(ousama_ranking),111
drawcia,111
sweep_tosho_(casual)_(umamusume),111
mega_audino,111
iron_jugulis,111
princess_daisy_(sports_shorts),111
lion_(the_reclining_dandelion)_(azur_lane),111
tugarin_(genshin_impact),111
taki_suzuna,111
dreizehn_(shadowverse),111
gentiane_(girls'_frontline),111
rindou_yui,111
bucky_(chainsaw_man),111
himura_nagisa,111
nightmare_apprentice,111
hoshino_ruri_(captain),111
nekomata_okayu_(cat),111
lily_(spy_kyoushitsu),111
xerath_(league),111
cloud_strife_(alphreid_costume),111
azuchi_momo,111
noir_corne_(arknights),111
vodka_(casual)_(umamusume),111
dark_nebula,111
dragonmaid_sheou,111
elizabeth_bathory_(cinderella)_(fate),111
hardgore_alice,111
morello_(morellostorment),111
cyan_(among_us),111
garnet_mclane,111
umihara_kawase_(character),111
red_sonja,111
peritya_(girls'_frontline_2),111
tart_(precure),111
koharu_(love-bullet),111
satomi_(stpri),111
china_(female)_(hetalia),111
nier_(brother)_(pre_timeskip),111
hallelujah_haptism,111
ilia_(zelda),111
coco_(zenless_zone_zero),111
eta_(kagejitsu),111
chrono_genesis_(casual)_(umamusume),111
fai_d._flowright,111
yahna_(unicorn_overlord),111
parappa,111
phalaenopsis_(racing)_(umamusume),111
female_byleth_(enlightened_one)_(fire_emblem),111
ana_(warioware),111
manah,111
kieran_(fire_emblem),111
teddy:_decryptor_(pgr),111
trowa_barton,111
amamiya_kokoro_(7th_costume),111
fencer_(sekaiju),111
rock_miku_(project_voltage),111
morridow_(girls'_frontline),111
kadou_mikaru_(1st_costume),111
kaguya_jingu,111
bache_(showy_sports_star)_(azur_lane),111
eld_jinn,111
timmy_(animal_crossing),111
zelgius_(fire_emblem),111
shiranui_(autumn)_(kancolle),111
silver_fox_girl_(yuuji_(yukimimi)),111
pecorine_(new_year)_(princess_connect!),111
kobayashi_kenya,111
makibi_kiyone,111
tsukiyama_shuu,111
yajima_gakuro,111
yozakura_tama,111
hirooooo_(splatoon),111
intruder_(girls'_frontline),111
iki_hiyori,111
mizuno_midori,111
yuni_(yuni_channel),111
lanmewko,111
brynhild_(swimsuit_berserker)_(first_ascension)_(fate),111
the_chicken_that_appears_in_the_middle_of_cookie,111
black_wyrm_(last_origin),111
kofune_mio,111
silicobra,111
melleau,111
vestal_(azur_lane),111
pontarou_(senran_kagura),111
youtou_hime_(onmyoji),111
marina_(damp_socks_feat._off_the_hook)_(splatoon),111
beeswax_(weisser_sand)_(arknights),111
ivy_(nyaivie),111
lens_(arknights),111
long_(chainsaw_man),111
nezha_(nezha_zhi_motong_jiangshi),111
kim_soleum,111
shade_(futagohime),111
supreme_king_(yu-gi-oh!_gx),111
van_hohenheim,111
ophelia's_maid_(bigrbear),111
spike_(my_little_pony),111
minazuki_haruka_(twin_angel),111
aihara_nana,111
galatea_(fate),111
tarantella_(fate),111
watanabe_ayasa_(jack_dempa),111
kagashima_itsuki,111
saguaro_(pokemon),111
elisanne,111
gouda_toshirou,111
sarya_(granblue_fantasy),111
virtuosa_(diversity_oneness)_(arknights),111
mia_(halloween)_(fire_emblem),111
himekuma_ribon,111
natsuiro_matsuri_(gaming_casual),111
kagamine_len_(vocaloid4),111
heartsteel_ezreal,111
hoshizuki_kaede,111
rikimatsu_ariko,111
northern_little_sister,111
kriem,111
amy_(madoka_magica),111
kongou_iroha,111
fladramon,111
mamahaha,111
erika_(shadowverse),111
harpie_girl_(yu-gi-oh!),111
scarle_yonaguni_(1st_costume),111
alolan_muk,111
edo_phoenix,111
rapi_(red_hood)_(cherished_red)_(nikke),111
girlfriend_(yoru_mac),111
date_kanta,111
lich_(monster_girl_encyclopedia),111
kamio_haruko,111
prince_of_wales_(sun_shining_upon_windsor)_(azur_lane),111
crash_man,111
lune_(expedition_33),111
titan_(generic)_(shingeki_no_kyojin),111
kouzuki_anna,111
midarezaki_kyouka,111
soletta_orihime,111
harumi_kajika,111
rosetta_passel,111
lisa_hamilton,111
namuna_(7th_dragon),111
renga_(yakihebi),111
rakkun_sutaru,111
mileina_vashti,111
shiina_mafuyu,111
vivian_(mvv),111
hyodou_shizuku,111
isonade_orca,111
purple_(among_us),110
roswaal_l._mathers,110
gore_magala,110
dora_marquez,110
kidian_(trickcal),110
beat_(mega_man),110
rosamia_badam,110
oto_rainy,110
piapi_ufo,110
humphrey_(omori),110
marl_(shironeko_project),110
yuzuki_yukari's_younger_twin_brother,110
mary_(bay_goddess)_(nikke),110
sly_cooper,110
hikari_(zero)_(arcaea),110
pedobear,110
siegbert_(fire_emblem),110
wasu_(madoka_magica),110
nyatasha_nyanners_(1st_costume),110
ayane_(idol)_(blue_archive),110
tsukumo_shion,110
remilia_scarlet_(tiny_devil_mistress),110
qalaisa_(arknights),110
fuu_(fushigi_na_neko_no_machi_meltier),110
arihara_satoru,110
torneko,110
morgrem,110
claire_rieveldt,110
warfarin_(casual_vacation)_(arknights),110
grand_master_(elsword),110
girouette_(mega_man),110
kronya_(fire_emblem),110
forest_bunny?_(omori),110
legolas,110
vivi_(vitaminechan),110
kuramon,110
luluna_von_bettelheim,110
gryll_(kirby),110
anemachi,110
fuuma_kotarou_(second_ascension)_(fate),110
mostima_(ethereal_harmony)_(arknights),110
kotomine_shirou_(fanfic),110
yamato_nadeshiko_(street_fighter),110
traveler_(journey),110
tombo_(majo_no_takkyuubin),110
nui_sociere_(6th_costume),110
purifier_(azur_lane),110
garrod_ran,110
furusawa_yoriko,110
eitri_(fire_emblem),110
so_nagi,110
red_soldier_(tf2),110
skye_(hcnone),110
katya_klein,110
pavolia_reine_(streetwear),110
inui_toko_(fall_casual),110
mr._rime,110
turn_x,110
mineru_(zelda),110
curse_maker_1,110
player_character_(maplestory),110
kalinka_cossack_(mega_man),110
nakiri_ayame_(new_year),110
feng_xin,110
marie_(dies_irae),110
mortarion,110
demiurge_(overlord),110
shin'you_(maid)_(kancolle),110
nase_mitsuki,110
toudou_heisuke_(third_ascension)_(fate),110
mikoto_(ff9),110
krieg_(skullgirls),110
thai_girl_(okpriko),110
sentry_(marvel),110
hidaka_subaru,110
haar_(fire_emblem),110
aimyu,110
eclipse_(dungeon_and_fighter),110
princess_peach_(sports_dress),110
psycho_gundam,110
dola_(1st_costume)_(nijisanji),110
sakuragi_chisa,110
fukami_nana_(awono_nanaumi),110
jabra_(one_piece),110
gatling_pea_(plants_vs._zombies),110
hunter_(the_owl_house),110
yoo_joonghyuk_(999th_turn),110
iron_hands_(pokemon),110
hanako_nana_(1st_costume),110
uesugi_kenshin_(first_ascension)_(fate),110
houshou_kai_ni_(kancolle),110
samira_(league),110
exusiai_the_new_covenant_(the_legend_seeker)_(arknights),110
jet_the_hawk,110
thorton_(pokemon),110
yosafire_(funamusea),110
alina_svard_kovalenko_(laotianaviator),110
wanderer_(fairy_tale_cat)_(genshin_impact),110
ice_kirby,110
tomoe_gozen_(traveling_outfit)_(fate),110
flame_princess,110
philia_felice,110
tsumugi_(halloween)_(princess_connect!),110
orange_soul_(utdr),110
gu_yuena,110
rei_(breath_of_fire),110
mr._satan,110
enamorus,110
tsugihagi_(chainsaw_man),110
sakura_(ukagaka),110
ernesto_de_la_cruz,110
sessyoin_kiara_(beast_iii/r),110
combat_medic_ziegler,110
yakumo_beni_(3rd_anniversary),110
gabimaru,110
hobby_(azur_lane),110
habanero-tan,110
kudou_jun,110
okazaki_iruka,110
type_97_(peony)_(girls'_frontline),110
deathclaw,110
amano_mishio,110
queen_aldra,110
hato_kenjirou,110
kitahara_mio,110
eye_(okame_nin),110
kagura_mutsuki,110
amistr_(ragnarok_online),110
ellie_minibot,110
shirouzu_mairu,110
momioka_risa,110
kanemoto_hisako,110
mutou_hana,110
laetitia_(project_moon),110
hygogg,110
irida_(special_costume)_(pokemon),110
hibiki_(azur_lane),110
jinno_hikari,110
maria_(space_maria),110
elly_(tonari_no_kyuuketsuki-san),110
uchida_yuka,110
yamamoto_(food_court),110
scharnhorst_(azur_lane),110
yori_(princess_connect!),110
argos_(ff14),110
lycoris_fubuki,110
alice_elliot,110
miyazawa_yukine,110
wasp_(kancolle),110
itou_hikari,110
jeht_(genshin_impact),110
xiao_(bird)_(genshin_impact),110
fate_testarossa_(lightning_form)_(2nd),110
inui_toko_(western_maid),110
passimian,110
jane_t._godfrey,110
gueira,110
shioyama_suzune,109
beri_(beribug),109
gideon_graves,109
anita_(darkstalkers),109
chameleon_(meccha_chameleon),109
yunohara_izumi,109
cerejeira_elron,109
mikoshiba_momotarou,109
yamamoto-genryuusai_shigekuni,109
yuniiho_(vtuber),109
cyborg_(dc),109
merlin_(camelot_&_co)_(fate),109
meika_hime_(gynoid_talk),109
tryndamere_(league),109
diting_(honkai:_star_rail),109
xigbar,109
reed_(young)_(arknights),109
lappland_the_decadenza_(unruly_humbleness)_(arknights),109
ginkaku_(kemono_friends),109
elysia_(summer_2023)_(honkai_impact),109
senna_(league),109
sendou_yukari,109
touya_akira,109
echizen_ryoma,109
medusa_(saber)_(first_ascension)_(fate),109
teramoto_tomiko,109
jeanne_d'arc_alter_(lancer)_(fate),109
kishinami_hakuno_(female)_(celeb_summer_experience_swimsuit),109
only_one_(nikke),109
kagaya_miki,109
vados_(dragon_ball),109
shinomiya_shizuku,109
ichijou_ruka,109
furen_e_lustario_(school_uniform),109
caineghis_(fire_emblem),109
kongou_sensei,109
tingle,109
gradriel,109
braum_(league),109
mega_meganium,109
sky_(shantae),109
leonardo_da_vinci_(azur_lane),109
saotome_berry_(1st_costume),109
cloud_strife_(urban_wolf),109
kawakami_tomie,109
rin_penrose_(rin_1.0),109
bon_clay,109
franklin_(heart-throbbing_records)_(azur_lane),109
cz2128_delta,109
sync_(tales),109
sunflower_fairy_(touhou),109
trumbeak,109
koopa_clown_car,109
ushiwakamaru_(ookami),109
houou_karin,109
himiko_(third_ascension)_(fate),109
south_dakota_(solo_concert)_(azur_lane),109
hans_christian_andersen_(third_ascension)_(fate),109
hogen_(housamo),109
sangou_shizuku,109
osana_naruka,109
bombirdier,109
klawf,109
universal_bulin_(azur_lane),109
kurikara_divincarnate,109
xue_baochai_(project_moon),109
harusaki_nodoka_(1st_costume),109
gryphon_(ragnarok_online),109
retory_(forestia),109
setsuna_(miraichizu),109
chouzetsusaikawa_tenshi-chan_(needy_girl_overdose_exhibition),109
saito_yoko,109
dagger_(fiz-rot),109
hasegawa_fumi,109
einar_(personal_ami),109
igusa_subaru,109
archer_alter_(fate),109
ping_myu_ring_(tandohark),109
diana_(trickcal),109
yoshino_(utaite),109
night_mare_(vtuber),109
ginzaki_shouma,109
sasaki_saku_(6th_costume),109
tione_hyryute,109
edea_(throtem),109
player_character_(miside),109
kashino_(maid_for_mayhem)_(azur_lane),109
pearl_(azur_lane),109
mashiro_rima,109
female_kris_(fire_emblem),109
kanna_(young)_(blue_archive),109
kamen_rider_saber,109
ankokuboshi_kurome,109
giffany,109
moonlight_cookie,109
varshahn,109
kuzuryuu_yaichi,109
eina_tulle,109
aoyama_yuga,109
kamen_rider_den-o_(sword_form),109
kirin-chan_(usami_rito),109
togemon,109
belion_(zenless_zone_zero),109
gehrman_the_first_hunter,109
alice_deross,109
faust_(blue_archive),109
kid_buu,109
model_a_(mega_man),109
pantheon_(mega_man),109
cabernet_(path_to_nowhere),109
goro_nomoru,109
momose_ginko_(swimsuit),109
akira_(orenchi_no_maidosan),109
suitokuin_tenmu,109
sun_jing,109
nishidate_haku,109
yurin_leciel,109
otomune_kozue_(winter_loungewear),109
ozaki_reiko,109
ouroboros_(granblue_fantasy),109
adele_(fate),109
xiaoyuan_(you_can_eat_the_girl),109
aster_(granblue_fantasy),109
cinque_izumi,109
valkenhayn_r._hellsing,109
lucky_lilac_(racing)_(umamusume),109
enjin_(gachiakuta),109
fubuki_kai_san_(kancolle),109
florges_(red_flower),109
nilgiri_(girls_und_panzer),109
mitarai_ryota,109
seraphim_(korezom),109
bai_yi_(path_to_nowhere),109
karaha-baruha,109
nakayama_haruki,109
kunoichi_(sengoku_musou),109
shishigou_kairi,109
nicholas_(azur_lane),109
iris_(fall_2022)_(pokemon),109
rorisakyubasu-chan_(mochiyuki),109
hinomaru_(kotoba),109
shima_renzou,109
ringabel,109
yamagami_lucy,109
claude_(housamo),109
yuu_(tiny_evil),109
filia_ul_copt,109
schneizel_el_britannia,109
kurahashi_riko,109
kanbayashi_shiori,109
sl8_(girls'_frontline),109
zarude,109
type_4_(girls'_frontline),109
lee_ji-eun,109
aurora_(azur_lane),109
grimnir_(granblue_fantasy),109
eos_(ff14),109
hoshiguma_(summer)_(arknights),109
kaminari_clara,108
snowshoe_hare_(kemono_friends),108
omaneko,108
sandrone_(vampire_hunter)_(genshin_impact),108
tearlaments_havnis,108
purple_soul_(utdr),108
nerona_imu_(silhouette),108
hanayama_emi,108
general_geega_(1st_costume),108
yuuki_makoto_(in_witness_of_glory)_(persona_3),108
nevada_kai_(kancolle),108
mikami_nagisa_(female),108
trento_(azur_lane),108
ayame_(blue_archive),108
elemental_hero_neos,108
adina_savic,108
nekone_(utawarerumono),108
takamiya_rion_(6th_costume),108
numemon,108
leonne_(futagohime),108
sado_yasutora,108
farmer_(sekaiju),108
yamazaki_ryuuji,108
yokodera_youto,108
anna_(princess_connect!),108
crescent_(azur_lane),108
orange_(among_us),108
mint_castella,108
hamanasu_ruka,108
kelda_(akairiot),108
solty_revant,108
niijima_ibuki,108
takeda_shingen_(first_ascension)_(fate),108
jelena_(path_to_nowhere),108
sandman_(sbr),108
regensburg_(dark_dragon_brilliant_beach)_(azur_lane),108
usami_rito_(1st_costume),108
dandy_(space_dandy),108
eternity_(last_origin),108
aki_rosenthal_(gaming_casual),108
lainie_(girls'_frontline_2),108
victoria_brightshield,108
kamizuru_cosmo,108
berezovich_kryuger_(girls'_frontline),108
mazinkaiser_(robot),108
sugar_(nikke),108
azul_ashengrotto_(octopus),108
lucy_van_pelt,108
maes_hughes,108
e.m.m.i._(metroid),108
primiera_(saga),108
sagiri_esu,108
lynne_(ghost_trick),108
tommy_(animal_crossing),108
ump45_(diamond_flower)_(girls'_frontline),108
momose_amane,108
flandre_scarlet_(vampire_pursuing_the_hunter),108
male_protagonist_(caligula),108
tholindis_(genshin_impact),108
li_qingning_(the_legend_of_luo_xiaohei),108
thetis_(last_origin),108
ayane_(princess_connect!),108
kurumi_(princess_connect!),108
akugaki_koa,108
specter_(undercurrent)_(arknights),108
heroine_(dq10),108
salome_(fate),108
kubo_nagisa,108
akanishi_erika,108
reimu_endou_(1st_costume),108
somunia,108
yukino_mifuyu_(puuzaki_puuna),108
atlanta_(christmas)_(kancolle),108
musumi_kiyoka,108
momose_ginko_(summer_casual),108
mrs._miss_(nikke),108
terrakion,108
bunet_(fire_emblem),108
male_master_(the_tale_of_food),108
nagai_noa_(sironora),108
lady_j,108
chacha_(akazukin_chacha),108
paul_(eddsworld),108
dj_copy_and_paste,108
yuki_nae,108
molly_hale,108
lamretta,108
kesa_kujiru,108
ikoma_minami_(osakano),108
kobayashi_rindou,108
tyrfing_(phantom_of_the_kill),108
katase_shiori,108
kotoishi_naru,108
lakitu's_cloud,108
unfezant_(male),108
simon_jackson,108
ogiwara_sayu,108
kiwi_(cyberpunk),108
arnold_(jojo),108
midler,108
nameko_(osawari_tantei),108
schroedinger_(hellsing),108
elsa_maria_(madoka_magica),108
delita_heiral,108
ps5_chan,108
heartsteel_kayn,108
nabooru,108
kukuru_(arc_the_lad),108
elementalist_lux,108
ribbon_girl_(arms),108
host_(obj_shep),108
escort_water_princess,108
oribe_shiori,108
pteromon,108
le_malin_(muse)_(azur_lane),108
aile-kun,108
latias_(pokemon_heroes),108
sonia_(p&d),108
210_(reverse:1999),108
hound_2_(sekaiju),108
shirogane_sara,108
watanuki_fuuri,108
yarizui_sen,108
sugi_(kancolle),108
heles_(summer)_(granblue_fantasy),108
sugiura_midori,108
elizabeth_bathory_(third_ascension)_(fate),108
yun_(simoun),108
traptrix_allomerus,108
julietta_juris,108
sohma_kyou,108
oozora_haruka_(harukana_receive),108
aikawa_ren,108
koleda_(girls'_frontline_2),107
gunko,107
great_tusk,107
zacian_(hero),107
wilhelmina_frost,107
nagai_kanako,107
kurenaino_aria,107
peppy_hare,107
one_(drag-on_dragoon),107
gundam_x,107
hasegawa_ikumi,107
gouging_fire,107
usahana,107
joy_(red_velvet),107
black_maria_(one_piece),107
ye_shiyuan_(the_thrall),107
seydlitz_(azur_lane),107
nerissa_ravencroft_(nighttime_princess),107
eldigan_(fire_emblem),107
jinmen-gyo_(kemono_friends),107
iron_thorns,107
tosen_jordan_(aurore_vacances)_(umamusume),107
gurdurr,107
classic_eggman,107
necrass_(young)_(arknights),107
makhia_(kasugai_(de-tteiu)),107
shigure_ui_(casual)_(vtuber),107
earthspirit_(arknights),107
cooper_(azur_lane),107
corvisquire,107
natsume_ai,107
katase_yuzu,107
provence_(casual_vacation)_(arknights),107
muguruma_kensei,107
agnimon,107
izumi_soujirou,107
gambier_bay_mk_ii_(kancolle),107
idea_(nagishiro_mito),107
cosmoem,107
zero_(nbc),107
natori_sana_(jiangshi),107
black_battler,107
tsukioka_momiji,107
shiretoko_rin,107
ries_argent,107
klang,107
minato_aqua_(girly_maid),107
tachikawa_aoi,107
takamiya_rion_(7th_costume),107
hoshimachi_suisei_(spectra_of_nova),107
lierre,107
mizushima_aoi,107
naoi_(zenbu_kowashite_jigoku_de_aishite),107
iron_treads,107
ankomon,107
liss_meier_(koyashaka),107
book_of_the_azure_sky,107
fukuhara_ann,107
rabsca,107
psychos_(one-punch_man),107
u-110_(azur_lane),107
charlotte_corday_(swimsuit_caster)_(first_ascension)_(fate),107
yamate_kyouko,107
ruby_(jewelpet),107
ryuujou_(azur_lane),107
oswald_(odin_sphere),107
amaterasu_(himegami_emaki),107
heatmor,107
toire_no_hanako-san,107
marco_diaz,107
rip_van_winkle_(hellsing),107
koyuki_(nae-nae),107
pan-nya,107
hs.50_(girls'_frontline),107
rulutieh,107
rita_rossweisse_(maid_of_celestia),107
hakurou_(onmyoji),107
ooshio_(azur_lane),107
yame_yukana,107
team_rainbow_rocket_grunt,107
umikaze_(swimsuit)_(kancolle),107
morag_ladair_(obligatory_leave)_(xenoblade),107
franz_liszt_(classicaloid),107
black-tailed_gull_(kemono_friends),107
mega_scizor,107
adam_taurus,107
sophia_ascart,107
oboro_kai_(kancolle),107
zaku_i,107
kimidori_(ico),107
bronya_zaychik_(snowy_sniper),107
alolan_persian,107
quilladin,107
yuffie_kisaragi_(moogle_hat_&_cape),107
bisuke-tan,107
i-402_(aoki_hagane_no_arpeggio),107
arc_(arc_the_lad),107
raising_heart_(exelion_mode),107
pai-chan_(naozuri),107
arnyang_(ayatsuno_yuni),107
celia_claire,107
greece_(hetalia),107
raising_heart_(buster_mode),107
chihara_mai,107
eda_(black_lagoon),107
mikogami_nagisa,107
murata_himeko_(black_mamba),107
kotohara_hinari,107
kriemhild_(swimsuit_rider)_(fate),107
black_heart_(ultra_dimension),107
rhajat_(fire_emblem),107
inoue_shouma,107
chiriko_(atlanta),107
hanamura_hinako,107
sakurada_miyu,107
kawakami_tomoko,107
machita_chima_(1st_costume),107
amano_tora,107
gunsmith_bitch_(psg),107
naganami_kai_ni_(swimsuit)_(kancolle),107
i-13_(azur_lane),107
demon_(monster_girl_encyclopedia),107
lanmei,107
mp41_(girls'_frontline),107
genpatsu_(cookie),107
jung_freud,107
elijah_baley,107
media_(pani_poni),107
devil_mercy,107
honda_futayo,107
zeta_(dark)_(granblue_fantasy),107
stella_(winx_club),106
pikario_(precure),106
clukay_(neural_cloud),106
lillia_greyrat,106
hades_(disney),106
magical_princess,106
dark_magical_circle,106
nabatame_haru,106
alouette_(mega_man),106
ninomae_ina'nis_(holonatsu_paradise),106
eunhwa_(tactical_upgrade)_(nikke),106
nakamura_yuuto,106
narumiya_mei,106
gnome_(last_origin),106
ashina_genichirou,106
black_canary,106
q-chan_(yunyun_denpa_syndrome),106
abarai_ichika,106
shinonome_tsumugi_(ongeki),106
glorpi_miku_(dyarikku),106
donna_(stella_sora),106
kaneda_mochiko,106
angelo_(ff8),106
valko_(love_and_deepspace),106
tanaka_keiko_(amagami),106
tippy-toe,106
megatron_(kotobukiya_bishoujo),106
miyako_hinano,106
shinidamachuu,106
han_maru,106
kanon_(duel_masters),106
solution_epsilon,106
kaguya_(reply)_(cho_kaguya-hime!),106
blipbug,106
water_enchantress_of_the_temple,106
syrup_(precure),106
jude_ares,106
sussie_(kpop_demon_hunters),106
aurora_(yblndr),106
kaiboukan_no._22_(kancolle),106
tendou_michiko,106
taki_eri,106
gash_bell,106
nanika_wiz_mayura,106
colphne_(silent_heart)_(girls'_frontline_2),106
gamma_(kagejitsu),106
pawbert_lynxley,106
midnight_(arknights),106
illyasviel_von_einzbern_(dress_of_heaven),106
yamada_sanae_(bokuyaba),106
miton-chan_(miton_(turuyasann)),106
nightmare_(kirby),106
chip_(disney),106
robosaa_(roboco),106
urami_kana,106
xue_pan_(project_moon),106
mia_(summer)_(fire_emblem),106
shizuka_(world_dai_star),106
super_sailor_neptune,106
spamton_neo,106
koga_konoha,106
utsumi_erice_(swimsuit_avenger)_(first_ascension),106
alpha_(inazuma_eleven),106
feo_ul,106
mike_zacharias,106
aru_(young)_(blue_archive),106
aoyama_kotoha_(mitsuboshi_colors),106
lord_knight_(elsword),106
larten_crepsley,106
jade_(suckillpak),106
lysithea_von_ordelia_(tea_party),106
silent_magician_lv4,106
ginrei_(senran_kagura),106
pleiadean,106
kikka_kitamoto,106
sana_(tiny_evil),106
chupacabra_(idolmaster),106
malpha_ravencroft,106
nanami_yuuno,106
zhuge_kongming_(orchid's_night)_(honkai_impact),106
suzuki_chinami,106
amayado_rei,106
schwertkreuz_(standby_form),106
helen_(idolmaster),106
amane_(honey_come_chatka!!),106
amane_kanata_(new_year),106
ai_(yu-gi-oh!),106
michael_myers,106
asagaki_togo,106
the_prince_(metaphor:_refantazio),106
illustrious_(never-ending_tea_party)_(azur_lane),106
yunara_(league),106
hitachiin_hikaru,106
sailor_star_healer,106
mizuki_(summer_feast)_(arknights),106
st._louis_(blue_and_white_pottery)_(azur_lane),106
virgo_shaka,106
kurusu_makina_(milky_subway),106
phyllis_(cat)_(little_witch_nobeta),106
oda_yuuma,106
asashio_(azur_lane),106
dia_(world_flipper),106
de_lacey_(neural_cloud),106
cure_miracle_(ruby_style),106
mandalay_(boku_no_hero_academia),106
varoom,106
brute_bonnet,106
kasuga_maori,106
nora_arento,106
jintsuu_(azur_lane),106
miruku_(cutesu),106
edalyn_clawthorne,106
kamishiro_tsumugi_(male),106
gummy_(summer_flowers)_(arknights),106
mimitchi,106
mechanica_(arms),106
bad_end_peace,106
yamasachihiko_(housamo),106
puck_(berserk),106
roy_koopa,106
tang_san,106
washio_sumi,106
lawrence_(shiro_seijo_to_kuro_bokushi),106
bun_bun_(blue_archive),106
himemiya_yuki,106
apple_bloom,106
luchador_(granblue_fantasy),106
sir_ventrilo_(maria_marionette),106
male_tyrant_(stella_sora),106
wizarmon,106
amira_(shingeki_no_bahamut),106
maaka_karin,106
dark_haruka,106
shirazumi_lio,106
ruler_(mahoiku),106
harumi_shinju,106
khamsin_nbh'w,106
g41_(beach_punk_2064)_(girls'_frontline),106
uno_(nanoha),106
kayano_ai,106
honjou_satoru,106
shishio_chris_(2nd_costume),106
yuasa_hiromi,106
johnny_james_(alice_sherlock),106
banba_mahiru,106
yae_sakura_(summer_dream),106
yuzuki_choco_(streetwear),106
sugisaki_miku,106
oono_mayu,106
yvette_(strinova),106
yuna_(kuma_kuma_kuma_bear),106
felix_schultz_(azur_lane),105
tifa_lockhart_(majestic_glamour),105
pikachu_libre,105
female_kiran_(fire_emblem)_(evomanaphy),105
margarita_blankenheim,105
gecko_moria,105
bow_kid,105
kunimitsu_ii,105
sekka_(shadowverse),105
kamen_rider_amazon,105
kisaragi_yura_(zeatto),105
ishigori_ryu,105
potato_(air),105
natsume_(hidamari_sketch),105
nagomi_(blue_archive),105
sameko_saba_(fish),105
bamboo_memory_(iron_ambition)_(umamusume),105
timmy_turner,105
blacknight_(arknights),105
vanitas_(vanitas_no_carte),105
docu_(doppel),105
kinme_wakana,105
sakawa_(azur_lane),105
prism_reica,105
kuuhenki_(genshin_impact),105
munin_(silver_palace),105
dottler,105
jester_karture,105
ballista_(sekaiju),105
hyuuga_akito,105
frigga_(last_origin),105
charles_richter_(#compass),105
oberon_(moody_summer_oberon)_(fate),105
k.k._slider_(animal_crossing),105
mitsuki_sohara,105
satou_mei,105
hokaze_kanade,105
satan_(devilman),105
nnoitra_gilga,105
mike_morton,105
subatomo_(small),105
diane_foxington,105
yakumo_beni_(4th_costume),105
namiki_meiko,105
yakumo_beni_(1st_costume),105
aihara_wakana,105
yang_nari_(1st_costume),105
myrtle_(light_gold_celebration)_(arknights),105
sakura_(urusei_yatsura),105
jess_(buta_no_liver_wa_kanetsu_shiro),105
koshimizu_toru_(2nd_costume),105
amiya_(ambience_synesthesia_2025)_(arknights),105
diggersby,105
cecelia_(arknights),105
titania_(final_fantasy),105
kaeya_(sailwind_shadow)_(genshin_impact),105
sunday_(concert_for_two)_(honkai:_star_rail),105
ootori_kanae_(soukou_akki_muramasa),105
emma_(veil),105
komatsu_nana,105
trixie_lulamoon,105
sir_arthur_(makaimura),105
meis_(promare),105
oinkologne,105
de_la_fille,105
lyon_(suikoden),105
narumiya_suzu,105
hippopotas_(male),105
kusunoki_muu,105
rosedoodle_(vtuber),105
andrew_hanbridge,105
moody_blues_(stand),105
meyuu_(kso),105
tsukumo_matoi_(null),105
dust_(konosuba),105
faucre_the_evil_overlord,105
hunter_(girls'_frontline),105
torii_(gundam),105
mugman,105
qbu-88_(girls'_frontline),105
sharifah_ozdil_(tukikagerou),105
izayoi_miku_(spirit),105
arctibax,105
shizuki_ruriko,105
w_(fugue)_(arknights),105
moo_deng,105
goetia_(fate),105
tt013_(thirteennn013),105
lize_helesta_(streetwear),105
hisuian_arcanine,105
herrscher_of_sentience_(turn_up_the_music!),105
"tharja_(""normal_girl"")_(fire_emblem)",105
exosister_stella,105
yukimura_yoichi,105
amagiri_yune,105
tsukikawa_chili_(normal),105
sally_(bofuri),105
mirin_(granblue_fantasy),105
archer_(cool_and_wild)_(fate),105
inago_akira,105
samekichi_(funamusea),105
fiona_(zoids),105
qiongjiu_(girls'_frontline_2),105
dark_shadow,105
astesia_(frlibe_on_the_palace)_(arknights),105
kamen_rider_v3,105
arde_(len'en),105
izumo_(azur_lane),105
lorenz_hellman_gloucester_(timeskip),105
ah-kun,105
ayamy_(vtuber),105
constantine_xi_(second_ascension)_(fate),105
adeline_(girls'_frontline),105
ikazuchi_(azur_lane),105
kouno_takaaki,105
rio_(summer_memories),105
nowi_(eternal_witch)_(fire_emblem),105
ban_(nanatsu_no_taizai),105
ohmu,105
mori_sonou,105
isuzu_(log_horizon),105
ozu_kanon,105
ami_(orenchi_no_maidosan),105
hirofumi_(orenchi_no_maidosan),105
finana_ryugu_(2nd_costume),105
miyama_yuuna,105
yasuri_nanami,105
shima_(pepekekeko),105
ayase_chihaya,105
himuro_hitoshi,105
fumika,105
kadota_kyouhei,105
july_(darker_than_black),105
xia_you_qing,105
niwa_hitomi,105
jeanne_d'arc_(madoka_magica),105
ogre_(granblue_fantasy),105
alpha_omega_nova,105
unown_w,105
muromi-san,105
amamiya_rizumu,105
inogashira_gorou,105
qol_(kabane_(rjev8385)),105
mia_flatpaddy,105
theodor_bachstein,105
chibi_chibi,105
kagami_masara,105
g36_(mod3)_(girls'_frontline),105
pictomancer_(final_fantasy),105
yakushimaru_ryota,105
djibril_aries,105
judge_(girls'_frontline),105
wada_(food_court),105
boucheron_(fire_emblem),105
cherry_(saber_j),105
enemy_vessel_(warship_girls_r),105
konan_mia,105
reyn_(xenoblade),105
elmo,105
vf-31,105
dita_iliner,105
arita_haruyuki_(network_avatar),105
rabite_(seiken_densetsu),105
tokarev_(griffin's_dancer)_(girls'_frontline),105
kukuri_tomo,104
exusiai_(apple)_(arknights),104
imaizumi_kagerou_(wolf),104
alyssa_(project_moon),104
numbuh_5,104
mega_sceptile,104
mochimon,104
arnold_schwarzenegger,104
jessie_(veyonis),104
moony_(ena),104
tokura_eiko,104
sayu_sincronisity,104
alfin_reise_arnor,104
bois_belleau_(azur_lane),104
bibi_biscuit,104
arch_kalmia,104
arctovish,104
mimi_(pop'n_music),104
bandou_mikuru,104
haeno_akari,104
sylvia_le_cruzcrown_sortilege_sisua,104
caeldori_(fire_emblem),104
aquila_(honkai:_star_rail),104
seibu_rio,104
mega_metagross,104
pulcinella_(genshin_impact),104
eugene_chaud_(mega_man),104
eleven_(path_to_nowhere),104
makio_(kimetsu_no_yaiba),104
lucia_(fire_emblem),104
songque_(jovial_deception:_shadowdimmer),104
sara_(fire_emblem),104
fuwa_minato_(2nd_costume),104
marie_antoinette_(swimsuit_caster)_(first_ascension)_(fate),104
changchun_(warship_girls_r),104
cagliostro_(symphogear),104
inazuma_(azur_lane),104
kusaka_kabane,104
ys_flare,104
carnage_(marvel),104
basilio_(metaphor:_refantazio),104
kawada_tomoko,104
roon_(dark_red_grin)_(azur_lane),104
himesato_maria,104
petrel_(pokemon),104
tsuzuki_shiori,104
kurahashi_(kancolle),104
okamoto_natsuhi,104
funami_mari,104
biburi_(precure),104
yubari_rei,104
chieru_(school_festival)_(princess_connect!),104
cufant,104
happy_(eds),104
pocahontas_(disney),104
tranquill,104
she-slime,104
father_gascoigne,104
sawsbuck_(spring),104
katou_emiri,104
red_spy_(tf2),104
juniper_actias_(space_invader),104
lee_hakhyun,104
signora_(crimson_witch_of_embers)_(genshin_impact),104
karisawa_erika,104
luthier_(fire_emblem),104
daut_barret,104
neko_hatsune_miku,104
air_groove_(casual)_(umamusume),104
karla_(kono_healer_mendokusai),104
liz_(nin_fake),104
aye-aye_(kemono_friends),104
lucifer_(monster_strike),104
sagara_sanosuke,104
amane_ai,104
kashiwagi_mia,104
komugi-chan_(komugi),104
node_(black_souls),104
kat_(warioware),104
kanojo_(private_room_2),104
alvitr_(azur_lane),104
storch_(signalis),104
mishina_eikichi,104
basil_(hospital_gown)_(omori),104
lunamon,104
quickie_(tales),104
hakamo-o,104
jetavie_(pgr),104
gatchmon,104
cinnamon_(mega_man),104
rat_god_(mad_rat_dead),104
silvervale_(sakura_goddess),104
princess_(dynazenon),104
hinoshita_kaho_(winter_casual),104
cristina_vee,104
lyna_the_light_charmer,104
kenneth_sleg,104
anya_melfissa_(indonesian_casual),104
pristimon,104
hyuuga_(aoki_hagane_no_arpeggio),104
to-class_light_cruiser,104
ajax_(retrofit)_(azur_lane),104
katsushika_hokusai_(festival_outfit)_(fate),104
thragg_(invincible),104
amber_(darker_than_black),104
setsuko_ohara,104
mamoru_(sister_princess),104
onna_kishi_(maoyuu),104
alice_(queen's_gate),104
ujikintoki_ginka,104
barghest_(like_a_lady)_(fate),104
overqwil,104
fujimiya_kaori,104
nonomura_sora,104
hellmatio,104
nana_(elfen_lied),104
mib_mamizou,104
libe_(hentai_elf_to_majime_orc),104
tsukishiro_mona,104
tao_jun,104
melpha_(queen's_blade),104
asagi_marin,104
asai_miki,104
fish_eye_(sailor_moon),104
petra_itta,104
ithaqua_(identity_v),104
yoshida_shouin_(fate),104
randi_(seiken_densetsu_2),104
aha_(honkai:_star_rail),104
5-volt,104
amitie_florian,104
laios_touden_(chimera),104
ellis_(el_cazador_de_la_bruja),104
seiryuu_tenmu,104
london_(azur_lane),104
kasukabe_haru,104
lance_(voltron),104
rivalz_cardemonde,104
astel_leda_(old_design),104
voyager_(third_ascension)_(fate),104
kosanae_sasaho,104
ning_hai_(summer_hunger)_(azur_lane),104
scharlachrot,104
lothric_(younger_prince),104
fate_testarossa_(sonic_form),104
goenitz,104
nirei_akihiko,104
brambleghast,104
shroodle,104
nanami:_pulse_(pgr),104
georgios_(fate),104
childhood_friend_(childhood_friend_series),104
hare_(pajamas)_(blue_archive),104
rellor,104
rupee_(winter_shopper)_(nikke),104
sumeragi_hakua,104
tharja_(summer)_(fire_emblem),103
naba_chizuru,103
dottore_(heretic_of_the_false_moon)_(genshin_impact),103
fiddlesticks_(league),103
arlecchino_(the_final_gift)_(genshin_impact),103
mistress_9,103
hwei_(league),103
alvida_(one_piece),103
dicta_striker_(racing)_(umamusume),103
tsurugi_(cougar1404),103
latte_cookie,103
mustache_girl,103
shippou_(inuyasha),103
decagrammaton_(blue_archive),103
milla_basset,103
lusamine_fused_(pokemon),103
jett_(human)_(precure),103
beast_(x-men),103
asamura_yuuta,103
robin_(zenless_zone_zero),103
neon_(blue_ocean)_(nikke),103
akabane_youko_(1st_costume),103
ira_grachevskaya,103
angel_feather_alma,103
pyonko_(toaru),103
kariya_wakana,103
fumi_(1st_costume)_(nijisanji),103
isayama_mami_(tsukuyomi),103
honda_masazumi_(kyoukaisenjou_no_horizon),103
bryan_fury,103
poyoroid_sou,103
hasebe_touka,103
amiya_(seedsower)_(arknights),103
dokibird_(tomato),103
jade_(fire_emblem),103
kumako_(poch4n),103
yamato_(naruto),103
sabrina_(strawberry_zabaione)_(girls'_frontline_2),103
academy_d.va,103
amaha_miu,103
st._trina_(elden_ring),103
bao_the_whale_(1st_costume),103
loader_4,103
rokujou_sion,103
wilhelmina_(water_park_queen)_(brown_dust),103
spectacled_caiman_(kemono_friends),103
almond_eye_(natsuzora_chirutime)_(umamusume),103
kim_(omori),103
dale_(disney),103
gochizo,103
curiambro_(project_moon),103
t.m._opera_o_(new_year_same_radiance!)_(umamusume),103
kathrina_griebel,103
haimiya_mio_(kamiyama_sumu),103
crust_(nikke),103
smol_baelz,103
rokuta_(paradox_live),103
binacle,103
witchcrafter_haine,103
ikeda_emi,103
yvonne_(mawaridi),103
prism_saber_forte,103
ultros,103
kaede_(guide)_(blue_archive),103
roy_harper,103
sophia_(p5s),103
himeki_luna,103
gunther_schultz,103
owari_(my_wish_is_for_love)_(azur_lane),103
tsuru-chan_(taishi),103
sumire_(part-time)_(blue_archive),103
ushiwakamaru_(senran_kagura),103
arima_kousei,103
mimi_(halloween)_(princess_connect!),103
monophanie,103
soukaboo_(zenless_zone_zero),103
kayari_(yuuwaku_namaiki_lolita),103
jovial_merryment,103
gray_fox_(metal_gear),103
toudou_kasumi,103
conduit_(apex_legends),103
classic_knuckles,103
simisage,103
judy_alvarez,103
mosin-nagant_(mod3)_(girls'_frontline),103
atago_(full_moon's_feral_wolf)_(azur_lane),103
soma_schicksal,103
caren_hortensia_(amor_caren)_(first_ascension),103
black_pearl_cookie,103
n_(xenoblade),103
caleen_keemosn,103
badboyhalo,103
chen_gong_(fate),103
satou_kai,103
murasaki_(lightsource),103
edmond_dantes_(monte_cristo_selection)_(fate),103
vampire_cookie,103
sonata_dusk_(human),103
cat_(kemono_friends),103
marshmallon,103
yagi_shizusumi_(given),103
yuzuki_choco_(hololive_summer_2019),103
akino_komugi,103
hakurei_reimu_(fox),103
lancelot_(first_ascension)_(fate/grand_order),103
yuna_(veyonis),103
z52_(azur_lane),103
nagatsuka_saki,103
konohana_sakuya_(persona),103
takanashi_sora,103
gentlu_(precure),103
takoko_yakisoba_(combos_&_doodles),103
rumia_(darkness),103
kurosawa_dia_(dengeki_g's_poster_swimsuit),103
alexiel_(summer)_(granblue_fantasy),103
shizuku_(shinrabanshou),103
irito_(pronant_symphony),103
praxis_(xenoblade),103
krypto_the_superdog,103
sasaki_rika,103
etzali,103
tanikaze_riku,103
fear_kubrick,103
qiangliang_(reverse:1999),103
le_fantasque_(warship_girls_r),103
jellie_(hermitcraft),103
keldeo_(resolute),103
sanada_yuki,103
rico_(gunslinger_girl),103
playmaker_(yu-gi-oh!),103
zea_cornelia,103
beelzebub_(azazel-san),103
rusalka_schwagerin,103
roon_(muse)_(azur_lane),103
dogmeat,103
sakurai_asahi_(seisenki_valkyrie_sisters),103
fenrys,103
admiral_arisugawa,103
solf_j._kimblee,103
nanase_yui,103
popstar_ahri,103
koharu_(yume_no_owari),103
lize_helesta_(fall_casual),103
rodoreamon_(simoun),103
shaga_ayame,103
nadie,103
minato_aya,103
queen_mirage,103
shibazaki_yousuke,103
child_assassin_(fate/zero),103
hijikata_toshizou_(golden_kamuy),103
niiboshi_reo,103
heroine_(amnesia),103
sekka_(kageshio),103
vomi_agogo_(slugbox),103
azuma_hatsumi,103
mifune_ryuuko,103
riela_marcellis,103
seele_vollerei_(eternal_night's_embrace),103
caelus_(world_tour_2023)_(honkai:_star_rail),102
medael_(infinity_nikki),102
yusa_akane,102
evelyn_(pokemon),102
hangyodon,102
aisaka_koko,102
rei_(nikke),102
gyaru_slowpoke_(shin_no_tenpii),102
malice_evermore,102
reyson_(fire_emblem),102
iron_boulder,102
ross_(sen'yuu),102
hong_iltak,102
10h_(nier_reincarnation),102
gumshoos,102
mimi_pearlbaton,102
slave_lapis,102
sofue_(girls_und_panzer),102
wakatsuki_nico,102
m_(xenoblade),102
starman_(kirby),102
orpheus_(persona),102
eclair_(la_pucelle),102
white_horse_(kemono_friends),102
abigail_(stardew_valley),102
popo_(gigi_murin),102
faelynn_(girls'_frontline_2),102
ushimi_ichigo_(1st_costume),102
enna_alouette_(fall_casual),102
polyxia_(honkai:_star_rail),102
carkol,102
date_kaname,102
harbin_(azur_lane),102
akagi_(ruby-laced_beauty)_(azur_lane),102
volt_(nikke),102
saniwa_(shibakou),102
colossus_(x-men),102
fanati,102
inami_rai_(1st_costume),102
hidaka_mai,102
rotom_(mow),102
kumatetsu,102
rosado_(wrap_skirt)_(fire_emblem),102
clang_bang_(wuthering_waves),102
pink_(among_us),102
samjo_(project_moon),102
yomi_(sakura_dungeon),102
nishizono_midori,102
weregarurumon,102
kou_(arcaea),102
female_alear_(gifted_dragons)_(fire_emblem),102
laura_rolla,102
kumbhira_(summer)_(granblue_fantasy),102
chibi-moth,102
virginia_robertson,102
nurse_joy_(pokemon_legends:_z-a),102
dolla_(nikke),102
mountain_tim,102
amano_kazumi,102
ash_(rainbow_six_siege),102
adorozatorumary,102
female_robin_(valentine)_(fire_emblem),102
enki_(fear_&_hunger),102
eimi_(harris_hero),102
godai_yuusaku,102
red_(npc)_(arknights),102
daniyyel+jennifer,102
yukari_(momoko),102
supergirl_(the_flash),102
highwayman_(darkest_dungeon),102
haruna_altonen,102
she_(hachinuki_tessei),102
mizuhashi_kaori,102
tatsuno_malm,102
bashame_meme,102
gretel_(black_lagoon),102
imamura_yukari_(assault_lily),102
prinz_eugen_kai_(kancolle),102
sunset_(porforever),102
lee_hyunsung,102
genryumon_member_(blue_archive),102
cynthia_(arc_suit)_(pokemon),102
vodka_(nonfreezing_aqua_vitae)_(umamusume),102
tornadus_(incarnate),102
tennant_(reverse:1999),102
julius_(fire_emblem),102
jajka_(girls_und_panzer),102
peking_duck_(love_live!),102
yuki_akira,102
dsr-50_(red_peony)_(girls'_frontline),102
minami_touma,102
miku-oji,102
mairin_(pokemon),102
marik_ishtar,102
nanjo_ren,102
oasis_(stand),102
pinky-paca_(blue_archive),102
ikurakun_(7th_dragon),102
gin_(meitantei_conan),102
super_sailor_uranus,102
shimabara_yuuhi,102
naclstack,102
paldean_tauros,102
jehuty,102
takanashi_miu,102
izumo_kasumi_(nijisanji),102
oguri_cap_(casual)_(umamusume),102
pope_(ragnarok_online),102
gemini_saga,102
daikokuten_(first_ascension)_(fate),102
azurda_(xenoblade),102
blonde_girl_(itou),102
para_(vtuber),102
tawara_touta_(fate),102
jean_bart_(uninhibited_bloodstone)_(azur_lane),102
unown_b,102
whisperain_(tremble_cold)_(arknights),102
hiodoshi_ao_(regloss_uniform),102
tosen_jordan_(casual)_(umamusume),102
js_kaga_(ddh-184)_(personification),102
mari_(maritan),102
kamen_rider_garren,102
miyasato_haruka,102
aliya_mahvash,102
kirigakure_shura,102
tsukimiya_miyabi,102
shadow_(kingdom_hearts),102
nagamine_kaede,102
ajimu_najimi,102
molly_(hazbin_hotel),102
leo_(asumi_sena),102
bambinata:_vitrum_(pgr),102
yorktown_ii_(bright-sky_mermaid)_(azur_lane),102
okiku_(banchou_sarayashiki),102
kagero_(kamen_rider_revice),102
hazuki_kurumi,102
fei-yen,102
turkey_(hetalia),102
maxima,102
caitlin_(fall_2021)_(pokemon),102
tonttu,102
azuma_kaisen,102
hikari_(kujibikido)_(blue_archive),102
daicon_bunny_girl,102
sona_sitri,102
enterprise_(reindeer_master)_(azur_lane),102
murayama_sakura,102
tiz_arrior,102
tiko_(trouble_spirit),102
ashiya_shirou,102
tougi_shiro,102
mospeada_(mecha),102
scout_(fantasy_earth),102
numbuh_4,102
shinra_tsubaki,102
mega_feraligatr,102
nanaly_fletch,102
kageyama_hikaru,102
king_kazma,102
ramina_(baallore),102
sticks_the_badger,102
yamato_mikoto,102
asahina_yurina,102
you_(granblue_fantasy),102
himenogi_rinze,102
mad_maggie_(apex_legends),102
commander_(girls'_frontline)_(xiujia_yihuizi),102
kinugawa_sana,102
dead_spike,102
shindou_sugata,102
saana-kun,102
shun_shun_rikka,102
twintails_elf_nun_(sugarnut),102
macrophage_(hataraku_saibou),102
kurona_ranze,101
signora_(the_final_gift)_(genshin_impact),101
tifa_lockhart_(exotic_dress),101
serizawa_chiemi,101
hashigami_sarai,101
kitana,101
hinatsuru_(kimetsu_no_yaiba),101
skrimir_(fire_emblem),101
pekomama_(bunny_costume),101
sagimiya_ryou_(male),101
vargr_(last_origin),101
sakagami_mei,101
tsukahara_neko,101
tonio_trussardi,101
guy_(final_fight),101
lumi_(merryweather),101
vivi_(trickcal),101
roland_(pgr),101
ashru_(genshin_impact),101
sweetie_belle,101
arch_clover,101
trafalgar_(azur_lane),101
nefarith_(arknights),101
magician_servant,101
casino_drive_(umamusume),101
aiko_(less),101
volibear_(league),101
flicky_(character),101
akafuyu_(arknights),101
alex_(degrees_of_lewdity),101
osaki_akane,101
xiangling_(new_year's_cheer)_(genshin_impact),101
hokko_tarumae_(pastel_marine_locadol)_(umamusume),101
rosmontis_(become_anew)_(arknights),101
kishi_mieko,101
komazawa_rai,101
meika_mikoto_(gynoid_talk),101
regulus_corneas,101
hanabusa_kokoro,101
columbia_(azur_lane),101
origami_yukari,101
noire_(reverse:1999),101
called_by_the_grave,101
sekiguchi_(odd_taxi),101
hyou-kun,101
snow_white's_queen_(fairy_tale_character),101
saya_(casual)_(blue_archive),101
hitachiin_kaoru,101
cristoforo_(wuthering_waves),101
kitazumi_sakina,101
art556_(girls'_frontline),101
nush_(xter),101
princess_kraehe,101
00_raiser,101
eishin_flash_(precise_chocolatier)_(umamusume),101
wild_mane_(arknights),101
chudjak,101
shadow_(ff6),101
racing_miku_(2023),101
yune_(ayanepuna),101
sister_sara,101
white_sister_ram,101
tia_(sea_lizzie)_(nikke),101
syuen_(young)_(nikke),101
bradamante_(second_ascension)_(fate),101
trinity_glassfille,101
sanyu_(ry_thae),101
shimazu_toyohisa_(drifters),101
ymir_fritz,101
starlow,101
aria_blaze,101
yakul,101
yorumi_rena_(10th_costume),101
holy_mami,101
manaia_matawhaura_hato,101
serena_(champion)_(pokemon),101
wes_(pokemon),101
smol_irys,101
sakurai_izumi,101
sayano_(yakob_labo),101
monk_4_(sekaiju),101
jeanne_d'arc_alter_(festival_outfit)_(fate),101
koda_koji,101
ichinose_uruha_(2nd_costume),101
haruka_(sister_princess),101
pyotr_illyich_tchaikovsky_(classicaloid),101
maegami-chan_(tawawa),101
tubbo,101
fenrir_knight,101
munakata_souta,101
inkarmat,101
ultraman_tarou,101
mira_(kendeshi),101
motomiya_mei,101
futatsuiwa_mamizou_(tanuki),101
bruenhilde_(azur_lane),101
finnel_(ar_tonelico),101
tendou_rui,101
carron_(pretty_series),101
rou_(brown_dust),101
asparagus_(girls_und_panzer),101
medea_(casual_wear)_(fate),101
u-511_(swimsuit)_(kancolle),101
yan_(nikke),101
haku_(fate),101
kitora_mirja,101
angelina_kudou_shields,101
red_robin,101
main_ant_girl_(harumina_mau),101
fine_(symphogear),101
sora_(wolrero),101
maria_(silent_hill),101
inui_arihiko,101
ivan_the_terrible_(fate),101
dosolfachord_coolia,101
chibimon,101
aurora_(fate),101
western_lowland_gorilla_(kemono_friends),101
kagarino_kirie,101
suzuhara_sakura,101
kokoa_remon,101
otoha_(stella_sora),101
cutesu_(character),101
princess_allura,101
nishimura_akane,101
pecorine_(real)_(princess_connect!),101
thief_(disgaea),101
haori_haruki,101
teddy_demon,101
madeline_(woofycakes),101
karin_(stella_sora),101
punt_(kienbiu),101
zwei_(rwby),101
kanda_momo,101
alice_liddell_(heart_no_kuni_no_alice),101
belfast_(piping-hot_perfection)_(azur_lane),101
tomori_manaka,101
succubus_(mabinogi),101
ripe-tan,101
aino_nagisa,101
hayama_mizuki,101
jagi,101
yuria_shardet,101
ogata_rina,101
yuki-chan,101
snatcher_(a_hat_in_time),101
kirara_bernstein,101
klarwind,101
sheldon_(splatoon),101
saitou_sumire,101
yoizuki_(azur_lane),101
castanic,101
isurugi_noe,101
reaper_(tera_online),101
inha,101
neil_dylandy,101
ariura_kanna,101
misato_(senran_kagura),101
siegmeyer_of_catarina,101
yamato_iori_(1st_costume),101
hannya_(onmyoji),101
kaitou_reiko,101
shinozuka_arashi,101
lude_(ragnarok_online),101
uki_violeta_(1st_costume),101
ernesti_echevalier,101
mizi_(akuma)_(zombie_stage),100
castti_florenz,100
chicken_(minecraft),100
atla_fayon,100
tyranid,100
ru-chan_(hachigatsu_no_cinderella_nine),100
gallant_(azur_lane),100
grady_sisters_(the_shining),100
isabela_madrigal,100
ms._marvel_(carol_danvers),100
yakushi_kabuto,100
azusa_(granblue_fantasy),100
undyne_the_undying,100
aika_(kiana_mai),100
edgar_valden_(golden_ratio),100
xu_fu_(swimsuit_avenger)_(second_ascension)_(fate),100
suzutuki_sui,100
carol_holiday,100
dusk_(ambience_synesthesia_2022)_(arknights),100
tsukuyo_(dress)_(blue_archive),100
godzilla_(minus_one),100
master_shiba_(blue_archive),100
symphony_luka,100
kagamine_rin_(melancholy),100
leomon,100
runami_yachiyo_(mini),100
basil_hawkins,100
quinn_(league),100
ewiyar_(granblue_fantasy),100
ruru_(dqb2),100
wing_gundam,100
ispin_charles,100
r._blackriver_agogo,100
code:_sariel_(elsword),100
buena_vista_(casual)_(umamusume),100
logotype_(umamusume),100
bob_cut_girl_(memekko),100
tachibana_satomi,100
sakurai_natsuki,100
mega_chandelure,100
dun_stallion_(fate),100
eiscue_(noice),100
sone_miyuki,100
black_mask_(persona_5),100
seto_shouko,100
blobcat,100
lazlo_(suikoden),100
shion_alfine_(satoumogumogu),100
vy2,100
delores_(mvv),100
elu_(1st_costume)_(nijisanji),100
layla_hamilton,100
miyadeguchi_mizuchi_(human),100
baio_rin,100
chrome_(pgr),100
katejina_loos,100
butch_(pokemon),100
oricorio_(pa'u),100
necrozma_(ultra),100
ookouchi_akira,100
seira_kamui,100
wildhunt_art_academy_student_(smg)_(blue_archive),100
date_masamune_(sengoku_musou),100
cendrillmon,100
china_(kokkimusume),100
nina_(wokada),100
li_tianchen,100
doushite-chan,100
dexter_(dexter's_laboratory),100
anshinzawa_sasami,100
kanaut_nishe,100
san_lang,100
amamiya_sophia_seren,100
shibuya_hajime,100
mano_youko,100
yuni_(school_festival)_(princess_connect!),100
mountain_(book_reader)_(arknights),100
lucio_(granblue_fantasy),100
fujimaru_ritsuka_(female)_(true_ether_chaldea_uniform),100
sorahoshi_kirame,100
yog-sothoth,100
suzaku_(kemono_friends),100
master_(gyee),100
ashley_mizuki_robbins,100
yunaka_(spirited_envoy)_(fire_emblem),100
rosalie_de_hemricourt_de_grunne,100
kousetsu_samonji_(tenka_hyakken),100
kitsunegasaki_tametsugu,100
jouizumi_masamune,100
shirokita_kuroha,100
indivilia_(nikke),100
kureiji_ollie_(indonesian_dress),100
kisaragi_tomi,100
sarutobi_konohamaru,100
boingo,100
arisugawa_riu,100
philip_(project_moon),100
grizzly_mkv_(weekend_cop)_(girls'_frontline),100
kage_(ousama_ranking),100
farnese_(berserk),100
elyse_(sound_horizon),100
rideword_(ragnarok_online),100
noire_(4go)_(neptunia),100
kiryu_yoshiya,100
lent_marslink,100
kirino_aya,100
female_robin_(grima)_(halloween)_(fire_emblem),100
sakurai_haruka_(milgram),100
deus_ex_maki-chan,100
carrera_(viper),100
medici_(lord_of_the_mysteries),100
sousuke_(ponyo),100
blinky_(pac-man),100
executioner_maid_(centurii-chan),100
sakaki_ness,100
murakumo_(valentine)_(kancolle),100
nijinosaki_dia,100
suffolk_(azur_lane),100
tennessee_(azur_lane),100
shingetsu_nagisa,100
natsu_(halloween)_(blue_archive),100
quatre_salision,100
crelly_(crelly_3.0),100
suzuki_mikura,100
nero_(nikke),100
red_luma,100
anzu_(yume_no_owari),100
estellise_sidos_heurassein_(campus_royalty),100
kurusu_alexandra,100
shirley_medison,100
miyu_katou,100
kawakami_momoyo,100
holstein_(cccpo),100
miyanokouji_mizuho,100
miura_rinaldi,100
oogami_marina,100
juliona_trans,100
serizawa_momoka,100
nandi_(puchirisu),100
zephyro,100
latte_(precure),100
zenigata_mawari,100
faize_scheifa_beleth,100
sharon_(words_worth),100
elie_wayne,100
cynthia_lane,100
fu_hua_(cerulean_court),100
awp_(girls'_frontline)_(nekoya_(liu)),100
constantia_s2,100
gardie_(otsukimi),100
white-faced_varre,100
fiore_brunelli,100
kinugawa_itsuki,100
fujimi_suzu,100
melan_blue,100
akashi_(yojouhan),100
akeuchi_yuu,100
elira_pendora_(4th_costume),100
glasgow_(azur_lane),100
kosaka_shunpei,100
soul_fighter_gwen,100
okuyama_sumire,100
seraphita_(xenogears),100
koron_chris,100
yuzuruha,100
euclase_(houseki_no_kuni),100
antispiral,100
macan_(housamo),100
kog'maw_(league),99
nil_sunna,99
nights_(character),99
shantak-kun_(nyaruko-san),99
bonnibelle_amai,99
prism_saber_gerda,99
don_corneo,99
ran_deng_(false_memory),99
tia_(black_survival),99
fujimaru_ritsuka_(female)_(fgo_fes._2025),99
lygus_(honkai:_star_rail),99
usatan_(ezaki_bisuko),99
lohen_(standardized_test)_(genshin_impact),99
shin_(dragon_ball),99
hai_tien_(azur_lane),99
stella_(black_rock_shooter),99
tamara_(eddsworld),99
mast_(a_pirate's_heart)_(nikke),99
white_glint,99
wallaby_(girls_und_panzer),99
shooting_star_d.va,99
senadina_(cocoon_of_unwoven),99
lucina_(great_lord)_(fire_emblem),99
acerola_(fall_2020)_(pokemon),99
testament_(fate),99
kuon_(hasumi_(hasubatake39)),99
ludwig_von_koopa,99
runami_yachiyo_(kassen),99
wang's_cat_(arknights),99
kuruma_suuna,99
frederick_kreiburg,99
rita_rossweisse_(miss_espionage),99
female_protagonist_(live_a_hero),99
living_jar_(elden_ring),99
nero_claudius_(formal_dress)_(fate),99
krekkball,99
giga_mermaid,99
joseph_stalin,99
elizabeth_bathory_(perfect)_(first_ascension)_(fate),99
thomas_the_tank_engine,99
cherry_(cytus),99
rosemary_(throtem),99
murakami-san_(misskey.io),99
apollousa_bow_of_the_goddess,99
yanagiba_panda,99
letora_(idolmaster),99
katsuragi_ace_(casual)_(umamusume),99
oguri_cap_(gray_monster)_(umamusume),99
oliver_fog,99
strelitzia_(kingdom_hearts),99
wu_zetian_(swimsuit_caster)_(first_ascension)_(fate),99
zaku_ii_fz_kai,99
loud_cloud,99
maid_(naitou_kouse),99
hitotsuyanagi_yuri,99
ludan_(blusewilly_retry),99
eun_soyeon_(lustyfox),99
kumugi_(madan_no_ichi),99
miura_haru,99
sie_kensou,99
kinomoto_sakura_(princess_costume),99
hiyamaru,99
nakano_ayaka,99
okada_izou_(i'm_one_dapping_fella)_(fate),99
nanako_(jujutsu_kaisen),99
mink_(dragon_half),99
shy_gal,99
jeanne_d'arc_(formal_dress)_(fate),99
nanako_(tsukihime),99
jericho_(girls'_frontline),99
jean_havoc,99
lithia_beryl_(elsword),99
gym_trainer_(pokemon),99
fatalis,99
souei_yuyu,99
sawada_marina,99
soma_natsumi,99
yokomine_ibuki,99
assassin_(learning_with_manga!_fgo),99
sephie_(shadowverse),99
aubrey_(neal_d._anderson),99
narumi_gen,99
mirakurun,99
tsukiyomi_ikuto,99
hinako_(issho_ni_training),99
galarian_linoone,99
tada_shiera,99
denjirou_(one_piece),99
kawawa_sakurako,99
purah_(young),99
nazomaki_(blue_archive),99
ultraman_agul,99
saria_(stronghold)_(arknights),99
hawkmon,99
innes_(fire_emblem),99
yamazaki_sagaru,99
alteisen,99
leon_(sygna_suit)_(pokemon),99
senpai_(tawawa),99
kumazaki_karen,99
jae-heon,99
specter_the_unchained_(born_as_one)_(arknights),99
chat_(tales),99
kogarasumaru_(touken_ranbu),99
hayama_hayato,99
emizel_(disgaea),99
khan_the_swift,99
kashii_airi,99
kareha,99
furuhashi_chinatsu,99
yamabuki_kasumi,99
oono_akira,99
chouhi_(koihime_musou),99
kiriyama_sakura,99
maya_(aoki_hagane_no_arpeggio),99
kagaya_tsubomi,99
matsuoka_kiyone,99
cha_cha_(vtuber),99
seki_(vtuber),99
en_(dorohedoro),99
soneda_akane,99
connor_kenway,99
the_defect_(slay_the_spire),99
forest_keeper_nowa,99
jack_(identity_v),99
muku-chan_(muroku),99
kurose_minami,99
patty_(pso2),99
akana_rui,99
hijikata_toshizou_(drifters),99
melissa_moretti,99
fiona_gilman,99
jeane_(suikoden),99
ayatsuji_yuki,99
fueguchi_hinami,99
rie-chan,99
ogata_garaiya,99
sakaki_chizuru,99
snowciel_(snowcie),99
sidney_(pokemon),99
celeritas_lumen,99
akiyama_mizuki_(middle_school),98
suma_(kimetsu_no_yaiba),98
nitya_nil,98
commissar_(warhammer_40k),98
taiki_shuttle_(bubblegum_memories)_(umamusume),98
emo-girl_(grs-),98
juufuutei_raden_(regloss_uniform),98
shion_(overwatch),98
ozato_fumika,98
suiko_(blue_archive),98
luckyboo_(zenless_zone_zero),98
arichi_masaomi,98
hebi_(vtuber),98
mitoko_(tsuchikure),98
chris_(kof),98
shin_hae-ryang,98
sano_emma,98
calamitas,98
axelotl_(axel_syrios),98
i-404_(azur_lane),98
nei_(phantasy_star_ii),98
yuuki_chihiro_(1st_costume),98
medoi_(nijiura_maids),98
lorian_(elder_prince),98
kisara_(engage_kiss),98
tenjiku_aoi,98
the_nameless_boy_(fumetsu_no_anata_e),98
wilhelm_van_astrea,98
scissors_lise,98
hylia,98
strasbourg_(azur_lane),98
kanami_(strinova),98
sistermon_noir,98
leo/need_rin,98
makino_(one_piece),98
anjo_nala_(forbidden_fruit),98
otoya_eita,98
eyjafjalla_the_hvit_aska_(a_picnic_before_a_long_trip)_(arknights),98
black_sister_(next-gen_cradle),98
mishima_kazumi_(tekken),98
meito_(vocaloid),98
namori_(character),98
wally_(where's_wally?),98
puzzle_(arknights),98
akebono_(valentine)_(kancolle),98
officer_d.va,98
diana_(a-soul),98
aoi_rei,98
akatsuki_mikoto,98
celine_(sen_no_kiseki),98
axolotl_(minecraft),98
trimmau_(fate),98
itou_shizu_(assault_lily),98
mara_(megami_tensei),98
master_gundam,98
haruka_karibu_(1st_costume),98
female_producer_(idolmaster),98
kurt_vander,98
jin_hayato,98
tachibana_yui,98
morpeah_(brown_dust),98
choumai_sui,98
plotmon,98
jeanne_d'arc_alter_(mystery_treasure)_(fate),98
tianhu_(the_legend_of_luo_xiaohei),98
takao_kazunari,98
lloyd_asplund,98
pavianne_(ragnarok_online),98
hizuki_yui,98
zuihou_kai_(kancolle),98
irodori_mayoi,98
m1887_(girls'_frontline),98
wilnas_(granblue_fantasy),98
mayuri_(date_a_live),98
koseki_bijou_(new_year),98
yunohana_yuuna,98
milk_(maimai),98
ayuki_(yuuwaku_namaiki_lolita),98
bell_zephyr,98
sergei_smirnov,98
mimiko_(jujutsu_kaisen),98
dianamon,98
kirishima_mei_(huyumitsu),98
sakurada_shiro_(summer)_(hy_plus),98
holy_roman_empire_(hetalia),98
wormadam_(plant),98
sawsbuck_(winter),98
kamishiro_ryouga,98
ochiai_(kinjo_no_hito_no_nakimushi),98
minervamon,98
seattle_(azur_lane),98
heartsteel_sett,98
youkai_fox_(wild_and_horned_hermit),98
nohara_hiroshi,98
mega_diancie,98
neco-arc_chaos,98
spada_belforma,98
teruhashi_kokomi,98
hanako_(disgaea),98
nene_(toji_no_miko),98
genesic_gaogaigar,98
scheris_adjani,98
kumura_hibari_(jissai_no_tokoro),98
tamami_(jonsun),98
soraru,98
ms._smith,98
lyon_rem_helsos,98
koinu-chan,98
jiraiya_(housamo),98
jake_martinez,98
lakiston,98
shinon_(blue_archive),98
dayakka,98
raquel_applegate,98
natsume_aya,98
sier_(girls'_frontline),98
aion_(chrono_crusade),98
lusamine_(sygna_suit)_(pokemon),98
karanomori_shion,98
meowstress,98
takane_hibiki,98
theory_(xenoblade),98
tsutsukakushi_tsukushi,98
armadimon,98
furukawa_akio,98
steven_armstrong,98
kang_tae-shik,98
bardiche_(device_form)_(nanoha),98
yuri_hyuga,98
shishiba_(sakamoto_days),98
mini_the_lady_(umamusume),98
prima_veil_flare,98
sora_(melodiosa)_(arknights),98
summer_rose,98
taiga_lucia,98
wakamoto_tetsuko,98
ell_(eddsworld),98
aivy_lovencraft,98
rotto_(far_tarooo),98
natsume_(decadence),98
ribbon_(precure),98
shirin_bakhtiar,98
nitori_shuuichi,98
miyamae_kanako,98
sua_(tenshi)_(zombie_stage),97
hattori_azusa,97
eternal_sakura,97
tamaki_iroha_(swimsuit_ver.),97
the_king_in_yellow_(searching_for_a_world_that_doesn't_exist),97
rie_(mirae_yang),97
hakuhou_(floral_ninja_roleplay)_(azur_lane),97
pryce_(pokemon),97
minamoto_no_raikou_(third_ascension)_(fate),97
lordknightmon,97
ichijou_ririka_(regloss_uniform),97
charlie_(reverse:1999),97
kel_(birthday)_(omori),97
hikoboshi,97
akuma_nihmune_(casual),97
reeve_tuesti,97
mejiro_bright_(starry_snow_lolita)_(umamusume),97
kulve_taroth,97
sea_fairy_cookie,97
kagura_(onmyoji),97
taneda_risa,97
nijimura_kei,97
bellelba_(pokemon),97
ashley_(pokemon),97
hunter_(great_one)_(bloodborne),97
pursena_adoldia,97
daffodill_(nte),97
kamakura_shio,97
chun-li_(sf4_alternate),97
sephiroth_(shinra_private_academy),97
yazoo,97
cynthia_(sygna_suit)_(aura)_(pokemon),97
diablos,97
phantom_(focus)_(arknights),97
kusuriuri_(gekijouban_mononoke),97
grace_auvergne,97
yotsuba_(sister_princess),97
fei_long,97
laffey_ii_(sleepy_on_a_busy_day)_(azur_lane),97
wendy_(red_velvet),97
ninym_ralei,97
koma_ion,97
sabertooth_(x-men),97
gundam_ez8,97
fujimaru_ritsuka_(male)_(anniversary_blonde),97
ling_mei_(yewang19),97
seong_mi-na,97
dolce_(rune_factory),97
magolor_soul,97
uchiha_mikoto,97
silverash_(elite_ii)_(arknights),97
luna_(redolent_in_red)_(honkai_impact),97
courage_(character),97
kayoko_(tsutaya)_(blue_archive),97
noctis_(pgr),97
asshimar,97
tsukitsuba_ginko,97
snegurochka_(arknights),97
virigia_(stella_sora),97
schwi_(no_game_no_life),97
hisagi_shuuhei,97
zanka_nijiku,97
michele_(strinova),97
diabellstar_the_black_witch_(alternate_art),97
jessica_drew,97
sonozaki_akari,97
tofu_(project_sekai),97
aizawa_ema_(4th_costume),97
akebono_kai_ni_(swimsuit)_(kancolle),97
explorer_(azur_lane),97
meigo_arisa,97
japanese_pancake_devilfish_(kemono_friends),97
jugram_haschwalth,97
chicchai_no_(chiccha_na_watashi),97
ousaka_hikari,97
chiave_(arknights),97
kyogoku_masamune,97
camilla_(light_of_nohr)_(fire_emblem),97
yasashiki_yamame,97
lucia_morgan,97
punchy_(animal_crossing),97
lion_el'jonson,97
titleholder_(racing)_(umamusume),97
ultraman_(shin),97
zoey_(left_4_dead),97
yuzuha_(utawarerumono),97
prinz_eugen_(warship_girls_r),97
shirono_mirai,97
shadow_cross_(ragnarok_online),97
shitogi_eris,97
meguro_miyuki,97
luka_(honkai:_star_rail),97
clarissa_arwin,97
esmeralda_(disney),97
hashima_izumi,97
negev_(little_drifter)_(girls'_frontline),97
culumon,97
swordfighter_peach,97
cream_puff_cookie,97
ahat_(ragnarok_online),97
theresa_apocalypse_(magic_girl_teriri),97
queen_ophiuca_(mega_man),97
mito-chan_(tsukino_mito),97
naoe_tayu,97
bennington_(azur_lane),97
sheep_(kemono_friends),97
hood_(lady_of_the_shining_sun)_(azur_lane),97
urin_(umi_monogatari),97
maidena_angers,97
mikuni_miku,97
kati_mannequin,97
miura_yumiko,97
genbu_(kemono_friends),97
da_pan_(arknights),97
sekishiro_mico_(1st_costume),97
pokemon_breeder_(pokemon),97
cryo_slime_(genshin_impact),97
yoshi_(nagatoro),97
kojika_juis,97
komachi_tsugumi,97
ibuki_douji_(swimsuit_berserker)_(second_ascension)_(fate),97
hida_iori,97
sophie_(fire_emblem),97
noko-chan_(mamei_mema),97
george_the_bomb,97
regult,97
palanquin_d.va,97
alice_l._malvin,97
mitsuba_sousuke,97
savage_babe,97
kurusu_yuzuko,97
constantia_harvey,97
bonta-kun,97
indarias_(genshin_impact),97
dominic_sorel,97
kiriya_nozomi,97
altrene,97
slime_knight,97
admiral_shinonome_harutora,97
inga,97
dice_members_(danganronpa),97
ryougi_shiki_(mirai_fukuin),97
rabii,97
vanfeny_vamp,97
marlon_(pokemon),97
ulthury,97
igarashi_ritsu_(tetto),97
reverie_metherlence,97
ice_man,97
beau_(animal_crossing),97
nellko_agogo,97
cloud_strife_(wild_surf),96
kanikama_(character),96
ninae_(fire_emblem),96
daya_(trickcal),96
kasel_(king's_raid),96
toujou_basara,96
tamayo_(kimetsu_no_yaiba),96
aerith_gainsborough_(prism_dress),96
baldur_(sekaiju),96
doctor_octopus,96
lyn_(plains_wind)_(fire_emblem),96
gundam_barbatos_lupus_rex,96
kurohime_(fate),96
alter_ego_(danganronpa),96
fukouko_(keisuke309),96
marguerite_fatima,96
son_goku_(xeno),96
kikurage_(dorohedoro),96
mugen_(samurai_champloo),96
yuri_(gnosia),96
keele_zeibel,96
vantacrow_bringer,96
tairitsu_(axium)_(arcaea),96
angelina_(sports)_(arknights),96
cologne_(precure),96
samuel_b._roberts_(swimsuit)_(kancolle),96
shinohara_natsuki,96
fushi_(fumetsu_no_anata_e),96
rollo_flamme,96
toy_chica,96
little_mermaid_(beautiful_bubble)_(nikke),96
present_day_problem_takeuchi_robert,96
otodama_tamako,96
dryad_(terraria),96
magical_mirai_miku_(2015),96
x_(project_moon),96
eliza_the_nine-tattooed_dragon_(fate),96
the_silent_orchestra,96
genie_(siva-siva),96
mephisto_(love_and_deepspace),96
iggy_koopa,96
kusakabe_atsuya,96
js_9_(girls'_frontline),96
watase_tamaki,96
yuzuki_yukari_(rei),96
black_prince_(azur_lane),96
bazo_(vestia_zeta),96
fox_hinako,96
oceana_(azur_lane),96
genda_koujirou,96
nozaki_namiko,96
justice_gundam,96
kiss-shot_acerola-orion_heart-under-blade_(young_adult),96
aroma_white,96
higa_tsutsuji,96
justia_(white_reaper)_(brown_dust),96
taki_ibuki,96
onii-chan_(eleazarmikai),96
ruru_(shinsei_kamattechan),96
iktomisaurus_(genshin_impact),96
kuka_(princess_connect!),96
konoe_haruka,96
ultraman_arc,96
adagio_dazzle,96
selim_bradley,96
barghest_(ice_warrior)_(fate),96
uzume_(sekirei),96
lize_helesta_(maid),96
seong_gi-hun,96
deis,96
shiori_(jonsun),96
valtr_(bloodborne),96
watson_amelia_(astronaut),96
knight_(fft),96
gretel_(otogi-jushi_akazukin),96
fox_wife_(batta_(kanzume_quality)),96
higuchi_kaede_(swing!!),96
izumo_no_okuni_(first_ascension)_(fate),96
scissors_(paper_mario),96
kurome_(akame_ga_kill!),96
ninon_(princess_connect!),96
ecoco,96
shinonome_mozuku_(jissai_no_tokoro),96
haruka_(casual)_(arknights),96
jane_maxwell,96
dancer_(fft),96
wu_song_(male)_(touqi_guaitan),96
horie_yui,96
bai_qi_(love_and_producer),96
ranger_(azur_lane),96
type_64_(girls'_frontline),96
kitanai_ninja,96
charlie_(pikmin),96
miss_valentine,96
dias_flac,96
windflit_(arknights),96
gronru_(alchemy_stars),96
satan_(idolmaster),96
ball_(gundam),96
metamorphy_(elsword),96
kamiki_hikaru,96
rakugaki-chan,96
cappy_(kirby),96
maxima_sakuya_enfield,96
gramophone_miku_(frostflower),96
pearl_(damp_socks_feat._off_the_hook)_(splatoon),96
marle_(puyopuyo),96
shirakawa_kokona,96
snow_villiers,96
azem_(ff14),96
chouzetsusaikawa_tenshi-chan_(dark_angel),96
deerling_(autumn),96
satonaka_narumi,96
dark_kasli_(nyanko_daisensou),96
gimmighoul_(chest),96
mortefi_(wuthering_waves),96
ostrich_(kemono_friends),96
bosako_(haguhagu),96
tsuchiya_kouta,96
louise_(fire_emblem),96
lars_alexandersson,96
sp9_(girls'_frontline),96
majima_(lycoris_recoil),96
rikka_(1st_costume)_(holostars),96
ai-chan's_sister_(tawawa),96
pyrrha_alexandra,96
takenaka_hanbee_(sengoku_basara),96
hakurei_botan,96
elec_man,96
hecate_(shakugan_no_shana),96
tokishima_haruto,96
rey_za_burrel,96
sakura_(meshi_mase!_nekomimi_nyan_dafuru),96
asclepius_(first_ascension)_(fate),96
stussy_(one_piece),96
sezaki_airi,96
shinigami_(mito_(go!go!king!)),96
lif_(fire_emblem),96
mamiya_chiaki,96
shishou_(tensei_shitara_ken_deshita),96
patricia_abelheim,96
ryuudou_issei,96
vf-1_super,96
ribbons_almark,96
amatsume_akira,96
ujikintoki_kinka,96
chloe_fleurage,96
sakuma_eiko,96
oryzae-tan,96
sekiya_naru,96
arjuna_(rokkotsu),96
china_moeka,96
tierra_azur,96
shiomi_kaoru,96
momotaros,96
tennouji_nagisa,96
takao_yuko,96
kohitsuji_ai,96
ohime_the_manifested_mikanko,96
kanon_(wild_arms_2),96
xin_hua,96
kal'tsit_(remnant)_(arknights),95
hizaki_kureha,95
sugaya_nowa,95
ari_(class_of_09),95
indian_peafowl_(kemono_friends),95
warrior_(sekaiju),95
cloak_(marvel),95
milly_thompson,95
suzuki_miyu,95
preston_garvey,95
ansel_(casual_vacation)_(arknights),95
rana_(vocaloid),95
divine_heart_makina_(character),95
kamen_rider_evol,95
grima_(dragon)_(fire_emblem),95
yamazaki_mary,95
amber_(ease_into_an_unhurried_summer)_(stella_sora),95
palina_(pokemon),95
maru_(tengoku_daimakyou),95
kitasan_black_(jubilant_star_auspicious_crane)_(umamusume),95
koholasaurus_(genshin_impact),95
ice_queen_(adventure_time),95
bart_simpson,95
hachi_(live_union),95
doppio_dropscythe_(1st_costume),95
gyokuryu_(kemono_friends),95
takanashi_kiara_(perfume_swimsuit),95
mokdai_(live_a_hero),95
kaz_asteri,95
zara_moussa,95
asumi_sena_(5th_costume),95
anastasia_(swimsuit_archer)_(first_ascension)_(fate),95
godwyn_the_golden,95
tezcatlipoca_(third_ascension)_(fate),95
neon_(vision_eye)_(nikke),95
uvogin,95
ray_(dreaming_high)_(arknights),95
female_corrin_(cipher_shell_bikini)_(fire_emblem),95
ruriha_rura,95
riku_(jonsun),95
melting_love,95
theo_(world_flipper),95
tsukishima_shizuku,95
nanami_(virtuareal),95
yano_(odd_taxi),95
usada_pekora_(jiangshi),95
agame-san_(agamemega),95
metallica_(stand),95
mamiya_seira,95
xuan_li_(the_legend_of_luo_xiaohei),95
helm_(chandelier)_(nikke),95
white_sister_rom,95
chloe_von_einzbern_(swimsuit_avenger)_(first_ascension),95
yoshizawa_kurumi,95
nikolai_gogol_(bungou_stray_dogs),95
katsuragi_ace_(pen_name:_ink_dragon)_(umamusume),95
trace_(pokemon),95
menphina,95
ichimonji_batsu,95
keroro_(kemono_friends),95
gate_(mega_man),95
labubu,95
mew_pudding,95
shimobe_rei,95
chemist_(fft),95
you_(genjitsu_no_yohane),95
tokage_setsuna,95
pramanix_(caster's_frost)_(arknights),95
kano_(yuanfen)_(utaite),95
sougetsu_eli,95
mamiya_sakura,95
lemmy_koopa,95
phenomaman_(dispatch),95
tachibana_akira,95
furisode_girl_kali,95
hannibal_lecter,95
kama_(chocolate_heaven)_(fate),95
johanna_(third_ascension)_(fate),95
gilbert_nightray,95
sugar_(one_piece),95
mega_venusaur,95
buddha's_temptation_(the_tale_of_food),95
ford_pines,95
kurenashi_yuuri,95
copano_rickey_(casual)_(umamusume),95
akutsu_mabu,95
yura_(swimsuit)_(kancolle),95
ryuugen_drake,95
koharu_yoshino,95
amamine_shu,95
haki_(boogbogex),95
europa_(summer)_(granblue_fantasy),95
aoi_(amazu),95
cyril_(fire_emblem),95
basculin_(red),95
yazawa_cotaro,95
sakayori_soma,95
tsunoko_(eu03),95
tsurumaki_maki_(cevio),95
rengoku_(first_ascension)_(fate),95
hisame_(fire_emblem),95
inuzuka_miwa,95
kujo_josefumi,95
lucrecia_crescent,95
hollyberry_cookie,95
tiara_(fairy_fencer_f),95
azazel_(azazel-san),95
ryuuhou_kai_(kancolle),95
doughie_(omori),95
kuuki_shoujo,95
nahyuta_sahdmadhi,95
aida_rion,95
hoihoi-san,95
inuzuka_himari,95
shirayuri_kaguya,95
ristarte_(kono_yuusha_ga_ore_tueee_kuse_ni_shinchou_sugiru),95
shigure_(sasebo_2019)_(kancolle),95
pam-pam_(human),95
tomoe_gozen_(swimsuit_saber)_(third_ascension)_(fate),95
ghost_ogre_&_snow_rabbit,95
monoid_(street_fighter),95
herme_(ohisashiburi),95
nanase_haruka_(enokido),95
takatoo_nanase,95
amir_halgal,95
vincent_nightray,95
manabe_rika,95
atago_(hallmarks_of_winter)_(azur_lane),95
agnese_sanctis,95
airi_(satosi),95
natsusora_wakana,95
folkwang_(nikke),95
trisha_elric,95
ignis_(last_origin),95
kataasa-ko,95
horned_girl_(jaco),95
yuumura_kirika,95
matsuno_matsuyo,95
shellos_(west),95
wikipe-tan,95
morino_kirin,95
claudette_lord_of_thundercloud,95
achi_cirno,95
kokoda_kouji,95
lagrange_(arcaea),95
shimamura_youmu_(unadare),95
ecaflip,95
miike-chan,95
hiyoko_(kancolle),95
rei_(hokuto_no_ken),95
watase_nozomi,95
isurugi_mio,95
evernight_goddess,95
quetzalcoatl_(samba/santa)_(fate),95
twoearle,95
tozaki_daijirou,95
rabbid,95
regene_regetta,95
noge_tomoko,95
sky_(sky-freedom),95
oliver_evans_(1st_costume),95
sayo_(digimon),95
judas_(tales),95
cure_honey_(popcorn_cheer),95
cure_sunny_(princess_form),95
grass_wonder_(saintly_jade_cleric)_(umamusume),95
mikado_ryouko,95
friedrich_(nanoha),95
shadow_queen,95
furutachi_kurea,95
froggyloch_(vtuber),94
cross_(xenoblade_x),94
houtsuin_yamato,94
bendy,94
phantom_thief_lapin,94
uruha_youji,94
ninomae_ina'nis_(drawn_to_dawn),94
ninny_spangcole,94
falcon_(girls'_frontline),94
brian_griffin,94
alistar_(league),94
four_(drag-on_dragoon),94
toudou_jinpachi,94
der_freischuetz_(project_moon),94
millaarc,94
kiseki_(miracle_author)_(umamusume),94
hime_(fushigi_na_neko_no_machi_meltier),94
chiz_(nte),94
kaida_haru_(1st_costume),94
okada_mei,94
matikanefukukitaru_(casual)_(umamusume),94
messengers_(bloodborne),94
yui_(real)_(princess_connect!),94
wildhunt_art_academy_student_(ar)_(blue_archive),94
pekorin_(precure),94
miuka_(bunny_garden),94
shadow_peashooter_(plants_vs._zombies),94
sprinkle_hershy,94
scathach-skadi_(swimsuit_ruler)_(final_ascension)_(fate),94
meteor_(bard's_holiday)_(arknights),94
treasure_hoarder_(genshin_impact),94
akagi_(plum_and_snow)_(azur_lane),94
shinhou_maimu,94
valentine_(guilty_gear),94
vautour_bleu_(path_to_nowhere),94
six_(little_nightmares),94
yamai_yuzuru_(spirit),94
ruby_(zenless_zone_zero),94
just_a_way_(racehorse),94
pa-15_(alluring_larkspur)_(girls'_frontline),94
aryll,94
freya_(valkyrie_profile),94
rita_rossweisse_(argent_knight:_artemis),94
grimace_(mcdonald's),94
miaku_chiru_(wantan_meo),94
motozaki_tooru,94
en_ciel_rena_(laelith),94
symboli_rudolf_(archer_by_moonlight)_(umamusume),94
palafin_(hero),94
morisaki_miku,94
takane_tsubomi,94
yajwa,94
mitama_aria,94
toudou_kirin,94
dynamo_(mega_man),94
makoto_(swimsuit)_(blue_archive),94
klara_charmwood,94
row_(dq11),94
vill-v_(i'm_the_storm),94
agawa_minako,94
till_(zombie_stage),94
shirakami_fubuki_(fubumio),94
grimm_(hollow_knight),94
player_character_(terraria),94
chloe_(sciamano240),94
motosu_towa,94
sakura_chitose_o_(umamusume),94
auyn_(harten),94
riveria_ljos_alf,94
yukishiro_nagisa,94
j_(murder_drones),94
asaba_harumasa_(cat),94
mojo_jojo,94
mega_froslass,94
pot_of_greed,94
cafe_cuties_gwen,94
suzuya_kai_ni_(swimsuit)_(kancolle),94
taric_(league),94
scathach-skadi_(swimsuit_ruler)_(second_ascension)_(fate),94
seiros_(fire_emblem),94
galarian_darmanitan,94
delphinium_(darling_in_the_franxx),94
aoba_(mom's_touch)_(blue_archive),94
ange_serena,94
kyomoto_(look_back),94
lapis_lazuline,94
kamen_rider_build_(rabbittank_form),94
tsuduki-chan_(ip_police),94
enya_geil,94
illya_(small)_(princess_connect!),94
hanazono_momohito,94
ayane_ichijou,94
hatou_kei,94
herbalist_2_(sekaiju),94
boba_fett,94
umegiri_hifumi,94
hex_haywire,94
nintendo_switch_(personification),94
matsumoto_kouko,94
partitio_yellowil,94
thundurus_(incarnate),94
shirakawa_mikoto,94
lancer_servant,94
ooishi_kuraudo,94
kijima_shia,94
luo_xiaobai,94
jet_enduro,94
ichinose_rei,94
shiina_miyako,94
alessandro_di_cagliostro_(fate),94
temmie_chang_(character),94
samurai_calibur,94
rogue_(7th_dragon),94
special_week_(casual)_(umamusume),94
hotaka_mai,94
unown_v,94
hattori_yu,94
slimecicle,94
fulgur_ovid_(1st_costume),94
helm_(post-shower_moment)_(nikke),94
red_demoman_(tf2),94
sophia:_silverfang_(pgr),94
travis_touchdown,94
jenkins_(azur_lane),94
dwarf_(dragon's_crown),94
ye_xiu,94
alexandra_viktorovna_dashkova_(tukikagerou),94
higashikata_tomoko,94
runami_yachiyo_(ray),94
kurogane_otoha,94
hanami_(jujutsu_kaisen),94
taroumaru_(gakkou_gurashi),94
suzumiya_seika,94
hanpan,94
hakui_koyori_(new_year),94
chibiterasu,94
sagan_(skullgirls),94
imca,94
ito_shiori,94
minato_kageaki,94
sara_turner,94
byron_(pokemon),94
orifushi_mafuyu,94
akane_yutaka,94
etou_mei,94
aizawa_inori,94
yurie_sigtuna,94
taekwon_(ragnarok_online),94
inoue_takina_(hawaii),94
sakura_ino,94
yf-19,94
tamamori_(koshotengai_no_hashihime),94
damage_control_crew_(kancolle),94
little_blonde_girl_(kozato),94
steely_dan,94
kise_saki,94
holon,94
frolaytia_capistrano,94
norma_beatty,94
hikaru_(houkago_no_pleiades),94
oziko_(ooji_cha),94
lancelot_(third_ascension)_(fate/grand_order),94
flame_master_nyx,94
jinni_(genshin_impact),94
amakusa_shino,94
teruzuki_(swimsuit)_(kancolle),94
gilgamesh_(fate/prototype),94
ton-chan,94
llamrei_(fate),94
ai-kun,94
rynith,94
dido_(muse)_(azur_lane),94
alter_ego_malevolent_(granblue_fantasy),94
rahulk_(forever_7th_capital),93
female_commander_(forever_7th_capital),93
hiiragi_kotoha,93
clefairy_sprite_(pokemon),93
eirene_(path_to_nowhere),93
rune_master_2_(sekaiju),93
milan_kestrel,93
dr._mundo_(league),93
nanase_suzuna_(1st_costume),93
rodan,93
whitenight_(project_moon),93
okanyan_(nekomata_okayu),93
hibachi_mana_(1st_costume),93
hootle_(tales),93
losse_(personal_ami),93
momo_(matara_kan),93
kagaya_hana,93
doremy_sweet_(baku),93
yariharu_uri_(bubukka),93
godfrey_first_elden_lord,93
shoko_(super_real_mahjong),93
yu_(puyopuyo),93
rita_rossweisse_(icy_sea_spray),93
sylvia_(konosuba),93
garara_s_leep,93
yakuzen_kusuri_(older),93
korwa_(summer)_(granblue_fantasy),93
eden_(male)_(degrees_of_lewdity),93
lin_daiyu_(project_moon),93
sistermon_blanc,93
antica_(bigrbear),93
noredo_nug,93
kudoi_(nijiura_maids),93
fore_(va-11_hall-a),93
ciel_(tensura),93
ayase_momo_(gyaru_combat_style),93
wanderer_(genshin_fes_2026)_(genshin_impact),93
hong_meiling_(dragon),93
kosaka_honoka_(summer_training_wear),93
swire_(honor_and_splendor)_(arknights),93
kanda_shouichi,93
witch_(left_4_dead),93
reaper_(sekaiju),93
yanase_kyouhei,93
iris_(arknights),93
shiva_(totsukuni_no_shoujo),93
leotard_elf_knightess_(kirishima_satoshi),93
yamai_kaguya_(spirit),93
metalgreymon_(virus),93
space_xu_fu_(fate),93
amelia_(fire_emblem),93
samurai_jack_(character),93
parasol_kirby,93
musashiseki_momoka,93
new_armor_x_(mega_man),93
delilah_(guilty_gear),93
matilda_bouanich_(the_genius's_holiday),93
kanie_(precure),93
slan_(berserk),93
mayo_(trickcal),93
kiana_kaslana_(parasol_kaiserin),93
buster_machine_7,93
hokko_tarumae_(casual)_(umamusume),93
muarim_(fire_emblem),93
sadu_dotharl,93
gyan,93
shiina_yuika_(5th_costume),93
hakari_kinji,93
aria_blaze_(human),93
luna_(rajah_(dajah)),93
kagamine_rin_(sour_model),93
spider-ham,93
djeeta_(summer)_(granblue_fantasy),93
mom_(dexter's_laboratory),93
senji_muramasa_(second_ascension)_(fate),93
uncle_sam,93
fujimaru_ritsuka_(male)_(normal_chaldea_uniform),93
yuutani_yuu,93
the_hero_(slay_the_princess),93
florida-chan_(ryusei_hashida),93
yatogami_fuma_(1st_costume),93
kumada_suzu,93
blaze_fielding,93
shibuya_inori,93
metako_(machikado_mazoku),93
serapias_alice,93
kubota_rin,93
cheshire_(the_cat_in_the_magic_hat)_(azur_lane),93
fu_hua_(blue_swallow),93
renfutsu_yukinoshin,93
yamashiro_yui,93
kanonno_earhart,93
rena_(piratescat01),93
mitama_mayo,93
alfimi,93
karenina:_blast_(pgr),93
pegitan_(precure),93
midori_(uchuu_patrol_luluco),93
kirishima_shizuku,93
torricelli_(azur_lane),93
kamen_rider_accel,93
minase_nagisa,93
renge_(bishoujo_mangekyou),93
cheshire_(cait_sith_crooner)_(azur_lane),93
sera_(thechief),93
star_dream,93
felix_richter,93
kajiwara_sora,93
paz_ortega_andrade,93
nenerobo,93
huai_huizhi,93
anemone_(flower_knight_girl),93
nezumi_otoko,93
mephia,93
andrea_doria_(warship_girls_r),93
hu_tao_(lawson)_(genshin_impact),93
irako_(swimsuit)_(kancolle),93
shinozaki_rika_(sao),93
aaron_huton_(cyphers),93
tomo_(princess_connect!),93
nero_claudius_(saber_santa)_(fate),93
xie_bi'an,93
rouge_(power_stone),93
setsu_(dream_c_club),93
mogador_kai_(kancolle),93
zapper_(deltarune),93
teletha_(vtuber),93
monica_adenauer,93
cu_chulainn_(garcon)_(fate),93
urushihara_hanzou,93
theresa_apocalypse_(astralop),93
px4_storm_(girls'_frontline),93
leon_fou_bartford,93
aihara_yukino,93
malice_(zelda),93
strawberry_baelz,93
shiomiya_kanami,93
besna_(oc),93
cassie_(acerailgun),93
akino_momiji,93
cupcake_bunny_(omori),93
yokomiya_satsuki,93
quarantine_722_wraith,93
hilbert_(fall_2020)_(pokemon),93
warrior_(fantasy_earth),93
brick_(ppg),93
hippowdon_(male),93
luca_(jasdavi),93
yoshida_seiko,93
strarf,93
ping_hai_(warship_girls_r),93
ponta_(kounoike_tsuyoshi),93
ritsuko_kubel_kettenkrad,93
sasahara_kanji,93
ooya_kunimitsu,93
arthur_(code_geass),93
jupiter_(pokemon),93
shwaa,93
royal_family_(the_royal_family),93
monarch_(black_gerard)_(azur_lane),93
marasai,93
yukaribe_setsuko,93
shigemori_erin,93
thonk_(fir3born),93
kanzaki_shiori,93
steve_leonard,93
miki_(hoozuki_no_reitetsu),93
tokura_misaki,93
senel_coolidge,93
ncr_veteran_ranger,93
reimusan_(jotti),93
lee_seung-gil,93
drum_master_(granblue_fantasy),93
emma_frost_(x-revolution),93
raora_panthera_(goth),92
indian_elephant_(kemono_friends),92
shisui_(kusuriya_no_hitorigoto),92
cupitan_(summer)_(granblue_fantasy),92
aromage_rosemary,92
aeon_(shining_nikki),92
red-eyes_black_dragon,92
tin_man_(arknights),92
boko_(ff5),92
toriumi_arisu,92
mamiya_chii,92
maya_(arcaea),92
amamiya_sakura,92
ayasegawa_yumichika,92
micaiah_(wavecrest_maiden)_(fire_emblem),92
lexington_ii_(azur_lane),92
vsk-94_(night_on_the_silver_bay)_(girls'_frontline),92
doppelganger_arle,92
spinel_(steven_universe),92
shuu_(juukyuu),92
hilgendorf's_tube-nosed_bat_(kemono_friends),92
zygarde_cell,92
kinomoto_sakura_(silk_ribbon),92
sherma_(hollow_knight),92
saionji_ukyou,92
asat_pramad,92
kagami_tina,92
ogerpon_(hearthflame_mask),92
mauvier_(fire_emblem),92
male_kris_(fire_emblem),92
axia_krone_(1st_costume),92
kasumi_yozora,92
minior_(meteor),92
megohime_(nashi),92
alice_zuberg_(young),92
kitasan_black_(young)_(umamusume),92
humus_(arknights),92
necrozma_(normal),92
nasu-san_(love_live!),92
heolstor_the_nightlord,92
tichiel_juspian,92
cheon_inho,92
ethan_(sygna_suit)_(pokemon),92
ichika_(suit)_(blue_archive),92
galarian_weezing,92
suzukaze_suzu,92
glaz_(rainbow_six_siege),92
morgana_(fata_morgana_no_yakata),92
spring_man_(arms),92
battle_girl_(pokemon),92
shining_gundam,92
cthulhu_(poptepipic),92
medusamon,92
fu_hua_(spring_traveler),92
daimon_masaru_(digimon_savers),92
nekotsuki_kohime_(kagarimachi_konatsu),92
the_baron_(mimi_wo_sumaseba),92
aoba_rinka,92
ryoushi_chicken_soup_grass_big_chungus,92
atalanta_alter_(first_ascension)_(fate),92
momose_ginko_(sleepover_at_ginko's),92
tana_(noble_and_nimble)_(fire_emblem),92
chaloe,92
yurisaki_mika_(maimai),92
wang_xue,92
shirogane_noel_(5th_costume),92
porky_minch,92
kaiser_pmc_robot_mercenary_(blue_archive),92
shellos_(east),92
bartolomeo,92
greyy_(arknights),92
gerson_boom,92
kokko_rupiko,92
wirbel_(sousou_no_frieren),92
t._hawk,92
beatrice_(wild_arms),92
cesara_(project_moon),92
lolly_(animal_crossing),92
bardiche_(haken_form)_(nanoha),92
haruna_(mitsukoshi)_(kancolle),92
rotom_(frost),92
mambo_(umamusume),92
arctic_wolf_(kemono_friends),92
chain_sumeragi,92
reglush_lionheart,92
katsuragi_chikagi,92
muu_shuwuu_(megami_tensei),92
kuki_rei,92
jane_porter,92
trevor_c._belmont,92
shiranui_flare_(hoodie),92
nagisa_(phantasy_star),92
margit_the_fell_omen,92
aina_saharin,92
quicksilver_(marvel),92
azki_(2nd_costume)_(hololive),92
miyamoto_musashi_(traveling_outfit)_(fate),92
sukoya_kana_(5th_costume),92
yugo_asuma,92
manmaru_(love_live!),92
strawberry_heart_(show_by_rock!!),92
dorothy_(sinoalice),92
kamado_(pokemon),92
nigou_(hundred_line),92
tokino_sora_(old_design),92
tsunomori_rona,92
recette_lemongrass,92
suehara_kyouko,92
french_battleship_princess,92
todo_kohaku,92
kamen_rider_geats_(magnumboost_form),92
order-sol,92
juliet_persia,92
succy_(cherry-gig),92
igarashi_daiji,92
rappy,92
xiao_chiye,92
aston_machan_(everlasting_candy)_(umamusume),92
toddifons_(arknights),92
fuyumine_naoto,92
usada_pekora_(12th_costume),92
wyll_(baldur's_gate),92
mickbell_tomas,92
hojo_raika,92
leahs_(master_of_eternity),92
densuke_(dennou_coil),92
akai_meganee,92
shiva_(housamo),92
isaac_(golden_sun),92
madarame_ikkaku,92
the_watcher_(slay_the_spire),92
cosette_schneider,92
father_(yoru_mac),92
kamen_rider_zero-one_(rising_hopper),92
kouhai-chan_(fukutchi),92
salomon_(housamo),92
migi_(kiseijuu),92
morita_tetsuo,92
hilde_(counter:side),92
sakura_momoko,92
colo_mag-chan,92
hatori_kanon,92
akira_(togainu_no_chi),92
akamatsu_yui,92
seo_aria_(hissatsu_chikannin_2),92
meme_(yume_no_owari),92
geminitay,92
inukai_sumiharu,92
nekonoki_mochi,92
princess_sapphire,92
61cm_quadruple_torpedo_mount,92
fushimi_nodoka,92
zuiun_(kancolle),92
andou_inari,92
shimakaze_(seal),92
aroma_(precure),92
avril_vent_fleur,92
hayami_tsurumasa,92
shindo_kuriko,92
miyu_(tiny_evil),92
dean_stark,92
kagamine_rin_(roshin_yuukai),92
ruri_(aohada_bocchi),92
kawakami_kazuko,92
hyakkisyo_shion,92
shinonome_(cookie),92
aoi_nabi,92
watase_sanetoshi,92
yukino_kanae,92
miyashiro_karin,92
kamisaka_haruhi,92
minimalist_(arknights),91
paulie_(one_piece),91
william_afton,91
liberalio_(dreaming_lake)_(nikke),91
kisaki_asuna,91
looks_to_the_moon,91
almond_(arknights),91
noir_(noworld),91
soul_of_cinder,91
brigid_(arknights),91
ryan_gosling,91
theodora_sergio_savangren,91
kishinami_hakuno_(male)_(mooncancer),91
silverash_the_reignfrost_(arknights),91
halloween_baelz,91
heidern_(kof),91
juneau_(azur_lane),91
lucina_(hope-ruling_queen)_(fire_emblem),91
lishenna_(shadowverse),91
fubuki_(rune_factory),91
master_utsushi,91
beelzebumon_blast_mode,91
battle_mage_(dungeon_and_fighter),91
vanilla_(last_origin),91
kinosaki_mei,91
hourglass_dog,91
kensuke_(dungeon_meshi),91
jeunesse_crane_(fate),91
cassidy_(pokemon),91
kuna_mashiro,91
nighthawk_(madoka_magica),91
narutaki_fuuka,91
healer_(disgaea),91
tom_marvolo_riddle,91
gerome_(fire_emblem),91
otomune_kozue_(swimsuit),91
pinon_(pripara),91
akisato_konoha,91
kai_(shadow_slave),91
arthur_(fire_emblem:_genealogy_of_the_holy_war),91
stefan_(fire_emblem),91
polly_(omori),91
punchline_(dc),91
laserbeak,91
spider-punk,91
sleeping_beauty_(fairy_tale_character),91
millenia_(grandia),91
mega_swampert,91
li_sushang_(peregrine_sword),91
oak_casket_(path_to_nowhere),91
ganj-i-sawai_(azur_lane),91
floor_of_art's_glowing_creature,91
huitzil_(darkstalkers),91
kana_(haibane_renmei),91
cranberry_(girls_und_panzer),91
sernia_iori_flameheart,91
shinomiya_runa_(4th_costume),91
elza_(ishuzoku_reviewers),91
aldebaran_(re:zero),91
motohashi_iori,91
shiina_yuika_(6th_costume),91
ultraman_z,91
elementalist_(dungeon_and_fighter),91
deep_impact_(umamusume),91
villhaze,91
krampus_(housamo),91
shiun'in_sora,91
marie_(summer_nights)_(splatoon),91
arthur_(fire_emblem_fates),91
mikeneko_(1st_costume)_(vtuber),91
rope_snake,91
britomart_(second_ascension)_(fate),91
lee:_entropy_(pgr),91
charles_calvin,91
yuki-chan_(dagasi),91
swordsman_4_(sekaiju_4),91
aeri_(closers),91
yaruo,91
starscream_(kotobukiya_bishoujo),91
kama_(tour_outfit)_(fate),91
fossa_(kemono_friends),91
sakura_miko_(new_year),91
watakumo_(murakumo_kagetsu),91
baby_luigi,91
baby_luma,91
nayuta_(wu_wei)_(nikke),91
tao_mongarten,91
tachibana_kyouka_(bishoujo),91
aris_(princess)_(blue_archive),91
beast_king_(sekaiju),91
ys_aqua,91
argama,91
metatron_jeanne_(third_ascension)_(fate),91
azki_(1st_costume)_(hololive),91
amemori_sayo_(2nd_costume),91
midori_(shoujo_tsubaki),91
muramasa_(senran_kagura),91
swordsman_1_(sekaiju),91
acura_(gunvolt),91
ms._acey,91
gascogne_(tropical_environs_acclimation_service_equipment)_(azur_lane),91
bamiko_(nanju_bami),91
minis,91
rachel_(pokemon),91
hatsune_miku_(magician),91
aiko_(dreamycakesss),91
latvia_(hetalia),91
izuna_(dress)_(blue_archive),91
goemon_(ganbare_goemon),91
palom,91
sasuga_chisa,91
scorpion_(mortal_kombat),91
yotsuya_yumi,91
tsukasa_karin_(gwan-e),91
cake_the_cat,91
nightingale_(an_elegy)_(arknights),91
usotsuki,91
minato_aqua_(new_year),91
ibaraki_douji_(onmyoji),91
agnes_giebenrath,91
rouji_chante,91
jimmy_neutron,91
kumin_(yanagi_yuu),91
seele_vollerei_(papilio_lily),91
manjoume_fumi,91
blackhole-chan,91
azure_(alchemy_stars),91
devil_(tekken),91
acacia_(snowbreak),91
hana_n._fountainstand,91
subject_67_(helltaker),91
kasukabe_tsukushi,91
tiramii,91
sein_(nanoha),91
cassandra_vole,91
isoi_reiji_(rei-kun),91
nike_(mahoujin_guruguru),91
ofanimon,91
saryuu_evan,91
pamela_ibis,91
wanjirou,91
kamen_rider_wizard_(flame_style),91
nikaidou_miki,91
leonardo_da_vinci_(rider)_(second_ascension)_(fate),91
rinkou_ashelia_(lia_2.0),91
altventurer_(regis_altare),91
sakurai_haruna_(ongeki),91
bianca:_veritas_(pgr),91
mikazuki_(azur_lane),91
melty_(suisei_no_gargantia),91
yuuki_riku,91
sophie_neuenmuller_(new_self),91
doumeguri_kakeru,91
machida_sawako,91
minwu,91
henry_townshend,91
yellow_toad_(mario),91
friden_(hentai_elf_to_majime_orc),91
west_virginia_(azur_lane),91
rose_(ohayousan_084),91
kaminogi_haruka,91
marina_kaplan,91
sharon_(dodomayo),91
achikita_chinami,91
chrono_(chiruto),91
therese_(granblue_fantasy),91
c96_(girls'_frontline),91
qiu_tong,91
shut_hell_(character),91
kinosaki_arisa,91
ui_ui_(jujutsu_kaisen),91
kakizaki_misa,91
harima_kenji,91
hayami_ayumi,91
younger_sister_(childhood_friend_series),91
hououmaru_rei,91
shima_saki,91
aharen_reina,91
leaf_(arknights),91
tama_gotoh,91
kazuma_(scryed),91
shirofuku_yukie,91
matsuri_(hidamari_sketch),91
saji_crossroad,91
nephthys_(p&d),91
yume_(grimgar),91
vexen,91
jacket_(hotline_miami),91
ayukawa_tenri,91
nano-nano_pudding,91
thwomp,91
sumi_(monobeno),91
helmet_musume_(kancolle),91
g-forest_goddess_(ishiyumi),91
zuma_unji,91
larum_(fire_emblem),91
caam_serenity_of_gusto,91
dragoon_(sekaiju),91
amatsuna_sasaha,91
aa-12_(the_sun_never_rises)_(girls'_frontline),90
irontomb,90
frey_(king's_raid),90
idate_(funamusea),90
towa_(dragon_ball),90
pocketcat_(fear_&_hunger),90
dance_till_dawn_(infinity_nikki),90
baobhan_sith_(celebratory_attire)_(fate),90
blackmore,90
sarvente_(mid-fight_masses),90
spotted_hyena_(kemono_friends),90
deoxys_(defense),90
bito_daisukenojo,90
awatsuki_maaya,90
minato_hikaru,90
laura_(fire_emblem),90
rudy_lemono_(umamusume),90
red_(angry_birds),90
beatrixa_(stella_sora),90
anju_(zelda),90
conquest_(invincible),90
aki_rosenthal_(sleepwear),90
momone_chinoi,90
amagi_nao,90
chrome_(dr._stone),90
aquwa,90
zodd_(berserk),90
prince_of_lan_ling_(eastern_socialite_attire)_(fate),90
sumi_suya,90
dolores_madrigal,90
gaz_membrane,90
exusiai_(city_rider)_(arknights),90
goshingyu-sama_(kemono_friends),90
sakurai_hana,90
insomnia-chan,90
bodhisattva,90
blacktailmon,90
hawawa-chan's_sister_(sirokuma_shake),90
fubuki_(festival)_(kancolle),90
tatekami_seri,90
lion_(warship_girls_r),90
en_ciel_rena_(aegis),90
michi_mochievee_(1st_costume),90
tama_(love_hina),90
kuchiki_hisana,90
meisho_tabaru_(racehorse),90
wendy_(honkai_impact),90
ruby_heart,90
sana_(twice),90
landing_ship_no._101_(kancolle),90
lufel_(p5x),90
dixie_kong,90
d.mon_(overwatch),90
yorck_(azur_lane),90
koukawa_asuka,90
necromancer_(sekaiju),90
anis_(star)_(starlight)_(nikke),90
red_moccus_(zenless_zone_zero),90
black_(among_us),90
rody_soul,90
ranzal_(dragalia_lost),90
akatsuki_kojou,90
kazama_iroha_(new_year),90
murian_(fate),90
yuina_(hiruno),90
sara_bellum,90
haibara_sakuya,90
lilith_(over_the_same_sky)_(fate),90
ultraman_nexus,90
ariel_(yu-gi-oh!),90
ultraman_dyna,90
inatomi_hibiki,90
acid_(maimai),90
tachihara_sayu,90
cherri_bomb,90
may_lee,90
nara_shikadai,90
seraphy_(dq10),90
vivit,90
maria_short,90
sheela_sheffield,90
re-l_mayer,90
gigantamax_pikachu,90
sung_han-bin,90
finana_ryugu_(3rd_costume),90
parfait_(gachigachi),90
istina_(bibliosmia)_(arknights),90
archetto_(glory_of_the_devout)_(arknights),90
pale_king_(hollow_knight),90
steen_(the_devil_and_s-13),90
tsurumaru_tsuyoshi_(dream_bold_stand_tall_tsuyoshi!)_(umamusume),90
minazuki_sarami,90
kamo_noritoshi,90
kuro_(dungeon_meshi),90
marchen_von_friedhof,90
kersaint_(azur_lane),90
noroi_usagi,90
kinoshita_kazuya,90
suzumi_nemo_(1st_costume),90
misaka_misuzu,90
gachapin,90
ninomiya_hana,90
mifuyu_(princess_connect!),90
ame_(mignon),90
pami_namal_(wingedwasabi),90
gandalf,90
rui_(pokemon),90
boomei_(nanashi_mumei),90
nishi_minami,90
akashi_maho,90
diana_(sailor_moon),90
loki_alma,90
kamoi_kai_bo_(kancolle),90
alolan_sandshrew,90
temujin_(housamo),90
ironhide,90
saegusa_yukika,90
huo_linger_(wanmei_shijie),90
kaguya_(kagaminomachi_no_kaguya),90
kudou_gai,90
kurama_koharu,90
yaotome_gaku,90
gokusai_kaibi,90
k_(nikke),90
kiana_kaslana_(lemon_soda),90
alexis_leskinen,90
konrad_curze,90
olivier_(brown_dust),90
grecale_(halloween)_(kancolle),90
mermaid_misty_(pokemon),90
paige_(deadlock),90
mikoto_rei,90
black_hayate,90
operator_6o,90
kumajirou_(hetalia),90
desuhiko_thunderbolt,90
archangel_metatron_(p&d),90
alpha-01,90
tenochtitlan_(swimsuit_mooncancer)_(second_ascension)_(fate),90
momose_narumi,90
misaka_imouto_9982,90
racing_miku_(2011),90
petralka_anne_eldant_iii,90
ouka_nagisa,90
electro_alice,90
kamiizumi_yasuna,90
margot_knight,90
minnie_may_hopkins,90
flynn_(megami_tensei),90
amatsuka_tsurara,90
rosa_(holiday_2019)_(pokemon),90
shiranui_akeno,90
tenzan_(kancolle),90
kanbara_akihito,90
menori,90
miki_(dokidomiki),90
katsura_kokoro,90
falco_grice,90
takanashi_hina,90
rche_(beatmania),90
senoo_kaori,90
otomachi_una_(sv),90
alma_beoulve,90
karyl_(real)_(princess_connect!),90
nautica_(transformers),90
lieselotte_sherlock,90
kaga_(white_fox's_new_year)_(azur_lane),90
sumeragi_sakuya,90
deel_(haevest),90
ziz_glover,90
rose_lalonde,90
tsukino_mito_(sporty),90
castform_(sunny),90
wolt_(fire_emblem),90
m37_(summer_parader)_(girls'_frontline),90
anne_lester,90
vernika_answer,90
kasandra_(xenoblade),90
swin_abel,90
gitao,90
cerecere_(sailor_moon),90
sigma_(bungou_stray_dogs),90
makimura_miki,90
nearl_(shimmering_dew)_(arknights),90
shuten_douji_(housamo),90
sakurada_chiyo,89
ootsutsuki_kaguya,89
skirk_(seven-phase_flash)_(genshin_impact),89
hindenburg_(dancer_of_the_deep_chamber)_(azur_lane),89
houshou_hanon_(mermaid),89
pakunoda,89
the_grateful_dead_(stand),89
fefe_(vtuber),89
durandal_(valkyrie_gloria)_(honkai_impact),89
amagi_nanaha,89
momote_(vtuber),89
michiru_(air),89
romani_(zelda),89
yuuki_(digimon),89
viola_(one_piece),89
fulgrim,89
coronis_(stella_sora),89
emily_dyer,89
agnes_tachyon_(sigma_experiment)_(umamusume),89
manhattan_cafe_(it's_on_the_house)_(umamusume),89
mega_garchomp,89
kozakura_men_(warabi_mochi_(w4rabimochi)),89
deruha_(this_communication),89
chongyue_(alighting)_(arknights),89
sonar_(dispatch),89
pink_shoes_(project_moon),89
still_in_love_(casual)_(umamusume),89
kuon_(meguru_1225),89
vermeil_(kinsou_no_vermeil),89
ralmia_(shadowverse),89
northern_italy_(female)_(hetalia),89
mittelt,89
cyn_(murder_drones),89
wahoo_kai_(kancolle),89
awoofy,89
irumyuui,89
hanma_yujiro,89
kakouen_myousai_(ikkitousen),89
betilla_(rayman),89
amano_mashiro,89
takanashi_kiara_(knight),89
zakkuri_(precure),89
ines_fujin_(casual)_(umamusume),89
tina_ishtaris,89
indomitable_marie,89
mavis_vermilion,89
z23_(upgrade_failure?!)_(azur_lane),89
nagase_miyako,89
mirumo,89
hastur_(cthulhu_mythos),89
toyama_satoru_(magical_boy),89
second_sentinel_(hollow_knight),89
thatch_(one_piece),89
officer_vi,89
fou-lu,89
megatron_(transformers_one),89
akashi_manaka,89
nobel_gundam,89
south_dakota_(swimsuit)_(kancolle),89
zoma,89
tiny_mita_(miside),89
mioto_(cookie),89
amygdala_(bloodborne),89
dagon_(jujutsu_kaisen),89
shigure_kai_ni_(christmas)_(kancolle),89
squirrel_girl_(yuuhagi_(amaretto-no-natsu)),89
ayase_miya,89
huyan_zhuo_(second_ascension)_(fate),89
kiracchu_(pri_chan),89
sanshokuin_sumireko,89
peppa_pig,89
aki_(tabao),89
nanamo_ul_namo,89
female_striker_(dungeon_and_fighter),89
lavie_head,89
shallistera_(atelier),89
homeros_(dq11),89
yu_iseol_(return_of_the_mount_hua_sect),89
harukawa_syuria_(jack_dempa),89
mearylis_(yamanasi_mikage),89
crusader_(darkest_dungeon),89
yanagi_koharu,89
lloyd_de_saloum,89
swiftsure_(midsummer_special_service)_(azur_lane),89
lecia_(summer)_(granblue_fantasy),89
meido_mai,89
nekomata_okayu_(new_year),89
komori_shuri,89
musashibou_benkei_(fate),89
capricorn_shura,89
mac-10_(girls'_frontline),89
pretty_sammy_(character),89
noru_(far_tarooo),89
sugo_miri,89
andromeda_(second_ascension)_(fate),89
girl_who_trained_on_mt._haku_(touhou),89
hephaestion_(fate),89
azumi_risa,89
kozue_west,89
daimon_masaru_(danganronpa),89
guanglingwang,89
kiseki_raki,89
shiisaa_right,89
choi_yuhyun_(xxl),89
kotobuki_reiji,89
agumon_(digimon_savers),89
neneko_mashiro_(1st_costume),89
leone_(akame_ga_kill!),89
enokawa_kokoro_(hara_kenshi),89
laputa_robot,89
baddap_sleed,89
rudia_of_the_moon_smile,89
cu_chulainn_(fate/extra),89
hanazawa_yusaku,89
scales_(airi_kanna),89
saegusa_futaba,89
moon_presence_(bloodborne),89
kaguya_(yui_taiwan),89
proto_miku_(cheri_zao),89
dominique_(the_devil_and_s-13),89
emilia_(krt_girls),89
akagi_anna,89
opera_vectra,89
borr,89
amano_akari,89
itsuki_(houkago_no_pleiades),89
inamori_futayo,89
kim_kaphwan,89
egg_(aiu404l),89
luxord,89
kousaka_alice,89
rinon_(ano_natsu_de_matteru),89
c2-chan,89
oono_makoto,89
tachibana_ichika,89
dwight_fairfield,89
kawahara_emi,89
beastmaster_(final_fantasy),89
sakuta_ryuusei,89
usui_yura,89
morimoto_(ryou),89
kuro-chan_(kuro_kosyou),89
doumoto_tatsuo,89
kuroiwa_yuuki,89
natsukawa_kuina,89
gaia_(girls'_frontline),89
shirakami_fubuki_(waitress),89
yamoto_koki,89
admiral_yurika,89
piana_(atelier),89
emporio_ivankov,89
donatello_versus,89
gowther,89
xuangzang_sanzang_(first_ascension)_(fate),89
yoshida_yuki_(korezom),89
shinsou_yutaka,89
lune_(chikaretsu),89
luna_luna_(queen's_blade),89
marie_makise,89
ted_(suikoden),89
fu_hua_(crane_of_taixuan),89
tsukishita_kaoru,89
poppy_bros_jr,89
ren_kouha,89
hino_kahoko,89
onomachi_haruka,89
hanabusa_sumireko,89
okudaira_akira,89
ponytail_girl_(kamisimo_90),89
catherine_(sedai),89
jacob_(housamo),89
kokuyou_(tsugumomo),89
nirvash,89
yui_(summer)_(princess_connect!),89
aizen_(housamo),89
beryl_(junkpuyo),89
azumi_hagumu,89
dagr_(fire_emblem),89
hameln_(sinoalice),89
amanai_riko,89
anna_(watamote),89
arima_nana,89
syrup_(chiruto),89
tsukimura_mayu,89
kashiwagi_yuuna,89
blade_master_(elsword),89
fox_girl_(jaco),89
dib_(invader_zim),89
chaos_(rance),89
ryuusei_(kancolle),89
apricot_(d-floe),89
kaga_rin,89
damage_control_goddess_(kancolle),89
escort_fortress_(kancolle),89
kennen_(league),88
knight_lautrec_of_carim,88
valsione,88
kenneth_del_duca,88
you_hiori,88
eva_(metal_gear),88
berdly_(dark_world)_(deltarune),88
xiaolan_(kusuriya_no_hitorigoto),88
natarle_badgiruel,88
franka_(originium_dust)_(arknights),88
nemimi_yane,88
smol_kiara,88
matsuri_(senran_kagura),88
mecha_eli-chan_mk.ii_(fate),88
25-ji_meiko,88
milky_way_cookie,88
chicobo,88
black_rhinoceros_(kemono_friends),88
may_(arknights),88
emperor_(ff2),88
ebiko_(vtuber),88
cream_starter_(stand),88
more_more_jump!_kaito,88
desmond_miles,88
yuzuki_roa_(3rd_costume),88
teresa_(stella_sora),88
lucille_(cslucaris),88
goldmary_(summer)_(fire_emblem),88
hanny_(alicesoft),88
mia_(golden_sun),88
wei_yenwu_(arknights),88
kawaragi_senju,88
chaperina_philosys,88
kozue_mone,88
kyrie_(devil_may_cry),88
patryck_(eddsworld),88
eva_(hundred_line),88
jade_harley,88
tea_party_militant_b_(blue_archive),88
sam_winchester,88
lisa_simpson,88
ai_hyperion_lambda_(chrono_navi),88
kuri_(neko_shota_ten),88
lyudmila_andreyevna_ruslanova,88
hassan_of_serenity_(lostroom_outfit)_(fate),88
chrissy_(animal_crossing),88
rusha_(forestia),88
mafti_nabiyu_erin,88
murasame_(swimsuit)_(kancolle),88
dottore_(manga)_(genshin_impact),88
azumane_asahi,88
ookami_mio_(fubumio),88
hargon,88
shutara_senjumaru,88
higashikata_joshu,88
hibino_hibiki,88
cherrim_(overcast),88
haruna_(swimsuit)_(blue_archive),88
lailaps_(genjitsu_no_yohane),88
sakurada_shiro_(winter)_(hy_plus),88
barbariana_(last_origin),88
kumi_(senran_kagura),88
hotori_tadase,88
owen_(mahoutsukai_no_yakusoku),88
michalis_(fire_emblem),88
amaki_pururu,88
iceburg,88
windranger_(dota),88
aldo_(another_eden),88
bartholomew_fatima,88
huanxiang_koudai_meow,88
baki_(duel_masters),88
hanying:_zitherwoe_(pgr),88
harutoki_narumi,88
acheron_(boundless_choreo)_(honkai:_star_rail),88
luna_(kyokugen_dasshutsu),88
neo_(monster_strike),88
dorami,88
el_condor_pasa_(kukulkan_warrior)_(umamusume),88
heismay_(metaphor:_refantazio),88
javelin_(slow_ahead!)_(azur_lane),88
z11_(service_sincerity_and_insolvency)_(azur_lane),88
twin_turbo_(casual)_(umamusume),88
karin_(viper),88
geshiko_(girls_und_panzer),88
lilith_(diablo),88
takashina_sarafumi,88
kajikawa_saki,88
horn_(to_effloresce_whitely)_(arknights),88
sayaka_(harris_hero),88
fudeshima_shigure,88
mega_clefable,88
boudica_(second_ascension)_(fate),88
cnoc_na_riabh_(swimsuit_foreigner)_(fate),88
cloud_strife_(holiday_outfit),88
gyumao_(housamo),88
osawa_rurino_(winter_casual),88
sister_friede,88
persephone_ii,88
ange_katrina_(new_year),88
enna_alouette_(anniversary_dress),88
tsuboi_nanaho,88
honey_the_cat,88
flea_(chrono_trigger),88
hacker_(7th_dragon),88
ozawa_ari,88
annes_(g_(genesis1556)),88
fighter_(dragon's_crown),88
kurusu_natsume_(1st_costume),88
amemiya_sayaka,88
refithea_(brown_dust),88
togashi_koyori,88
kyrie_florian,88
arlan_(honkai:_star_rail),88
aphrodite_(fate),88
fuyou-chan,88
azuma_sara,88
aris_(c108_swimsuit)_(blue_archive),88
nyami_(pop'n_music),88
niva_(pronant_symphony),88
pan_(panqlao),88
adeptus_custodes,88
omega-f,88
shino_sherwood,88
california_sea_lion_(kemono_friends),88
cloud_strife_(zidane's_outfit),88
gundam_gp-01_zephyranthes,88
mei_(mahotama),88
strelka_(little_busters!),88
z46_(her_first_summer)_(azur_lane),88
naganami_(azur_lane),88
tin_man_(the_wizard_of_oz),88
nanami_lucia_(idol),88
ignis_(jingai_makyou),88
miss_goldenweek,88
uso_ewin,88
stunk,88
flora_(nikke),88
noah_(project_moon),88
retia_adolf,88
mococo_abyssgard_(dog),88
kazama_genba,88
ak-12_(age_of_slushies)_(girls'_frontline),88
tachibana_hinata_(fabiniku),88
blu_spy_(tf2),88
python_(fire_emblem),88
touhaku,88
quilldren_(ike_eveland),88
akai_haato_(loungewear),88
astolfo_(comp_ace_bikini)_(fate),88
ereshkigal_(bitter_sweet)_(fate),88
tabasa,88
amenankhnas-talia_ife,88
kaofish,88
matthew_patel,88
leona_(aochoku),88
gotcha!_boy_(pokemon),88
torii_koyomi,88
qrow_branwen,88
illnott_(granblue_fantasy),88
king_ghidorah_(monsterverse),88
lady_in_red_(ib),88
biker_(hotline_miami),88
orochi_leona,88
hak_(akatsuki_no_yona),88
yurina_(rune_(dualhart)),88
mad_rat_(mad_rat_dead),88
rin_(shelter),88
ara_haan_(celestial_fox),88
kaneshiro_matoi,88
miguel_rivera,88
miyazaki_miyako,88
nikaidou_benimaru,88
uzuki_kou_(1st_costume),88
kalk_(azur_lane),88
nila_(cyancapsule),88
tsuzuki_kei,88
akihara_haruto,88
nishio_rina,88
onohara_asami,88
clarion,88
konoha_(arcana_heart),88
tachibana_sakuya_(god_eater),88
blanc_neige,88
ashe_(under_the_moon),88
kamioka_saki,88
shin_yuya,88
sensei_(totsukuni_no_shoujo),88
mia_(scott_malin),88
zelkov_(fire_emblem),88
qian_ye_(qys3),88
zeruel_(evangelion),88
arishima_alice,88
aoi_minamo,88
dreyfus_zweig,88
sakurada_nori,88
garlock_simon,88
takeyama_(angel_beats!),88
zaizen_touko,88
coko_(cevio),88
decarabia_(megami_tensei),88
dodory,88
ushi_gozen_(rider)_(fate),88
scar_(fma),88
alca_the_lion,88
regina_mercedes,88
suzume_(rance),88
inui_toko_(kimono),88
kiryuu_sento,88
hoshikawa_sara_(2nd_costume),88
satou_akane,88
uchida_maaya,88
hikari_(kemono_friends),87
glenn_lodbrok,87
tenma_maemi_(1st_costume),87
loki_(one_piece),87
the_necrobinder_(slay_the_spire),87
five_pebbles,87
green_(among_us),87
izumi_wako,87
two_(drag-on_dragoon),87
rick_sanchez,87
alicein_mikuni,87
kurama_(rune_factory),87
biscuit_(omori),87
agatsuma_sora,87
la_brava,87
sextans_(nocte_bewitchment)_(girls'_frontline_2),87
kazama_shoto,87
aitsuki_nakuru,87
mega_blastoise,87
ryuki_kuruto,87
yaemori_mini,87
giovanni_(project_moon),87
timeless_melody_(infinity_nikki),87
shiratsuyu_(autumn)_(kancolle),87
cavendish_(one_piece),87
otohime_mutsumi,87
flowing_shape_(arknights),87
shimotsuki_kuina,87
yao_(path_to_nowhere),87
fu_hua_(blood_voivode),87
moirai_(project_moon),87
kuzuryu_natsumi,87
agent_416_(girls'_frontline),87
arihara_yuuna_(hanauna),87
kanna_(love-bullet),87
tsutamachi_chitose,87
nueno_meisuke,87
honoka_(summer_angel_on_the_shore)_(doa),87
hunae_(funa_(sakana)),87
q_(street_fighter),87
girl_vajra_(fate),87
saya_(majo_no_tabitabi),87
cornelia_arnim,87
komeiji_koishi_(spontaneous_white_beauty),87
ike_(brave_mercenary)_(fire_emblem),87
tsukisita_mika_(sakamata),87
gina_lestrade,87
subatomo_(oozora_subaru),87
chen_hai_(retrofit)_(azur_lane),87
aa-12_(smokeless_lollipop)_(girls'_frontline),87
snow_crane_(nikke),87
micaiah_(queen_of_dawn)_(fire_emblem),87
higashi_azuma_(choujin_x),87
kotegawa_chisa,87
narutaki_fumika,87
shiina_sakurako,87
melody_(projektmelody)_(4th_costume),87
kunigami_rensuke,87
blue_oak_(sygna_suit),87
noir_(black_rabbit)_(nikke),87
galarian_yamask,87
chitose_(azur_lane),87
woolly_mammoth_(kemono_friends),87
kairyu_crocodile,87
bosacius_(genshin_impact),87
riyo_kaede_(mikuneki),87
lizzy_seiran,87
yonagi_(hakuchuumu_no_aojashin),87
haiqing_(jiangshi)_(astral_party),87
nami's_fangirl,87
alucard_lore,87
jin_ling,87
medic_1_(sekaiju_4),87
academy_ahri,87
mitaka_asahi,87
maou_prier,87
chiyo_(genshin_impact),87
eldlich_the_golden_lord,87
kyoshinhei,87
ichihara_chihiro,87
hanna_wind,87
wasp_(marvel),87
miyamoto_niina,87
magami_eiko,87
cudlil_(character),87
samejima_yoruko,87
tenebria_(epic_seven),87
pmaru-sama,87
deoxys_(speed),87
prince_of_lan_ling_(third_ascension)_(fate),87
lucy_(closers),87
excalibur_(crave_saga),87
sylpha_(ninoko),87
garu_(nu_carnival),87
lu_woh_(granblue_fantasy),87
tennouji_nae_(robotics;notes),87
marie_antoinette_(festival_outfit)_(fate),87
kate_(idolmaster),87
sakurai_chisato,87
edain_(fire_emblem),87
nimu_(vtuber),87
dulse_(pokemon),87
kamimura_chika,87
impero_(azur_lane),87
asahina_iroha,87
sylvain_jose_gautier_(summer),87
melly_plinius,87
mocha_(osu!),87
li_huowang_(modern_world),87
kouzuki_nana,87
transcend_(casual)_(umamusume),87
ace_(arknights),87
lunar_princess_ranni,87
sciel_(expedition_33),87
skyfish_(kemono_friends),87
dinomorphia_kentregina,87
princess_leona,87
shiromaru_mito,87
inori_(princess_connect!),87
yumeoji_fumi,87
hanaoka_makoto,87
mine_(akame_ga_kill!),87
amico,87
asanagi_(azur_lane),87
mitty_(furry)_(made_in_abyss),87
bull_sprite_(pokemon),87
tia_(chiika_cure_cherish),87
protagonist_(yomawari),87
xiatian_(beatmania),87
bernard_wiseman,87
matsubara_aoi,87
wood_man,87
suguro_ryuuji,87
halone,87
phinks_magcub,87
kivat-bat_iii,87
harutsuki_(azur_lane),87
jihyeok_seo,87
yakou_furio,87
samuel_rodrigues,87
kawamoto_hinata,87
mireille_bouquet,87
tamamo_no_mae_(tailmaid_strike)_(fate),87
malga_naruze,87
male_fighter_(dungeon_and_fighter),87
piruluk,87
hua_jin,87
harumi_hana,87
red_hare_(fate),87
hanma_shuuji,87
itsuka_shiori,87
protagonist_(tokimemo_gs4),87
mice_(rune_factory),87
ganyu_(heytea)_(genshin_impact),87
myrrh_(halloween)_(fire_emblem),87
mayumi_eishin,87
kotomura_akane,87
mulberry_(plant_crude_drug)_(arknights),87
mephiles_the_dark,87
piccolo_daimaou,87
kisaragi_(retrofit)_(azur_lane),87
minji_(newjeans),87
chabashira_sae,87
miria_(claymore),87
aoyama_nanami,87
yangus,87
same-san,87
manfred_von_karma,87
stoat_(kemono_friends),87
youmiya_hina,87
ennui_heiwa_miku,87
rayet_areash,87
cecilia_(pangya),87
monosuke,87
mirai_suzu,87
kashiwagi_yuuma,87
kitano_(zekkyon),87
grozny_(azur_lane),87
abyssal_twin_princess_(white),87
houtani_nao,87
garland_(ff1),87
hms_orion_(siirakannu),87
mammon_(reborn),87
emilia_percival,87
morton_koopa_jr.,87
asagiri_mai,87
nishiga_hachi,87
yuki_(cencoroll),87
flayne_(basedbinkie),87
ptilopsis_(serenity)_(arknights),87
mizuno_nanatsu,87
aegir_(swimsuit)_(housamo),87
satou_rina,87
hansel_(sinoalice),87
pachimari,87
inari_one_(golden_dream)_(umamusume),87
futanari-sama_(mdf_an),87
umenomori_chise,87
geronimo_(rokkotsu),87
pururun_(kyatto_ninden_teyandee),87
mizuki_(kamisama_hajimemashita),87
suzuno_ito,87
mezul,87
loz_(ff7),86
pig_(minecraft),86
ange_katrina_(party_dress),86
gangplank_(league),86
chang_feng_(azur_lane),86
yoshida_saki,86
wonderlands_x_showtime_luka,86
yanagisawa_naoko,86
z47_(azur_lane),86
deerling_(summer),86
lightning_mcqueen,86
erdos_helia_(planar_armament:_warped_spacetime),86
crimson_rhapsody_(infinity_nikki),86
komamura_sajin,86
guilty_(mighty_bunny)_(nikke),86
mystic_knight,86
kaname_madoka_(haregi_ver.),86
kojima_genta,86
midori_(armed)_(blue_archive),86
arclight_(arknights),86
byakuda_(kemono_friends),86
yamada_(super_no_ura_de_yani_suu_futari),86
leen_(grandia),86
sub-zero,86
ienaga_mugi_(1st_costume),86
nanase_(namin),86
bastet_lore,86
the_iris_swordsoul,86
ranger_1_(sekaiju),86
luna_(till_death_do_us_part)_(honkai_impact),86
indou_hikaru_(human),86
imai_nobume,86
naesala_(fire_emblem),86
kamen_rider_drive_(type_speed),86
alex_(male)_(degrees_of_lewdity),86
ocelot_(kemono_friends),86
tsukioka_yui_(oyasumi_sex),86
neptune_(4go)_(neptunia),86
fuwawa_abyssgard_(dog),86
surtr_(housamo),86
en_ciel_rena_(magius),86
arcane_fractured_jinx,86
ayla:_kaleido_(pgr),86
miss_crane_(second_ascension)_(fate),86
bloodberry,86
the_fool_(stand),86
joshua_(fire_emblem),86
nekoashi_tsubomi,86
chucky_(child's_play),86
amadea_wolfa,86
murata_himeko_(arctic_kriegsmesser),86
sister_claire_(9th_costume),86
aerith_gainsborough_(bahamut_robe),86
mikado_akira_(real)_(cho_kaguya-hime!),86
komazawa_rai_(tsukuyomi),86
merlin_(nanatsu_no_taizai),86
hatsuchiri_(neural_cloud),86
tatsumi_(akame_ga_kill!),86
scheherazade_(first_ascension)_(fate),86
marcille_donato_(half-foot),86
yuki_rin,86
schwann_oltorain,86
leona_(nikke),86
cala_(viper),86
chaos_(yui_yuu),86
martyr_(the_citadel),86
isuzu_kai_ni_(swimsuit)_(kancolle),86
jaygarcia_saturn,86
maud_ali,86
isaac_(alien_stage),86
mana_(super_real_mahjong),86
azura_(young)_(fire_emblem),86
mogador_(saury_festival)_(kancolle),86
merlin_(unholymilk),86
gamora,86
lord_logres_(second_ascension)_(fate),86
vanilla_(mon-musu_quest!),86
cipher_(sweet_slumber)_(honkai:_star_rail),86
tekkaman_blade_(character),86
ziluan_(shin_sangoku_musou),86
ashal_(mansu),86
southern_italy_(female)_(hetalia),86
portugal_(hetalia),86
gouhin,86
souler_(precure),86
tachibana_chitose,86
legate_(centurii-chan),86
kimipiyo_(tenmiyakiyo),86
boris_jinneman,86
gray_lily_(fate),86
firenze_(stella_sora),86
t'challa,86
taiga_shinjirou,86
treble_(mega_man),86
cassandra_dimitrescu,86
jiang_cheng,86
otori_michiru,86
black_kyurem,86
biachan_(colon_br),86
hubble_(neural_cloud),86
uzuki_(azur_lane),86
mikaze_ai,86
r93_(girls'_frontline),86
ichijou_eika,86
rikudou_yura,86
igris_(solo_leveling),86
deep_web_underground,86
zhao_tianyou,86
jean_vicquemare,86
shido_mel,86
boomer_(ppg),86
three_(drag-on_dragoon),86
laurent_(fire_emblem),86
mishe_(yan-k),86
nameless_(kof),86
blue_badger,86
togame_jou,86
guren_mk-ii,86
geow_(koseki_bijou),86
chuck_(pokemon),86
minami_natsuno,86
reporter_waddle_dee,86
good_witch_of_the_north,86
kresnik_(housamo),86
delutaya_(1st_costume),86
game_master_(ragnarok_online),86
miru_(ormille),86
zel_(ishuzoku_reviewers),86
nasu_kinoko,86
wei_(project_moon),86
yuzuki_yukari_(nagi),86
usami_runa,86
brown_haired_glasses_elf_(houtengeki),86
richelieu_(mitsukoshi_2017)_(kancolle),86
white_album_(stand),86
dorumon,86
shiver_(splatoween)_(splatoon),86
rosaria_(to_the_church's_free_spirit)_(genshin_impact),86
neige_hausen,86
kafei,86
hrist_valkyrie,86
cathy_graham,86
perry_steam_(umamusume),86
shiro_(deadman_wonderland),86
nekoyama_nae,86
lilac_(ender_magnolia),86
slave_cherry,86
disguised_zorua,86
vita_clotilde,86
miyako_miyuri,86
kimishima_touka,86
weiss_schnee_(mistral),86
raiden_mei_(crooning_tides),86
sakurada_shiro_(autumn)_(hy_plus),86
veight,86
lily-strosek,86
renzu_(mushishi),86
marie_en_carlsberg,86
lilith_(p&d),86
kuonji_shinra,86
adagio_dazzle_(human),86
suga_koutarou,86
takanashi_otoha,86
hinata_(hazakura_hinata),86
ayumu_(zenkou),86
aoi_toori,86
eleonora_viltaria,86
hien_rijin,86
duma_(fire_emblem),86
hoozuki_suigetsu,86
sagara_misae,86
kinpatsu-chan_(rucchiifu),86
mukkuru,86
yami_shoujo,86
petya_(darker_than_black),86
momose_ginko_(summer_training_wear),86
kuzuryu_io,86
liu_mei_fan,86
grass_miku_(project_voltage),86
rurine_luna,86
fu_ji,86
ritz_malheur,86
alois_rangeld,86
kodai_susumu,86
shikada_kokonotsu,86
sister_claire_(7th_costume),86
prowl_(transformers),86
sudou_kayo,86
imagawa_homare,86
himeno_akira,86
kitamura_yuusaku,86
eddie_(mega_man),86
satono_crown_(sunny_island_splendor)_(umamusume),86
roderika_(elden_ring),86
tainaka_satoshi,86
numbuh_1,86
kajiya_kurogane,86
pikachu_pop_star,85
ghost_belle_&_haunted_mansion,85
appare_hinata,85
tsukishima_yui_(hachigatsu_no_cinderella_nine),85
pim_pimling,85
merc-san_(k0ng),85
silver_(champion)_(pokemon),85
haru_urara_(racehorse),85
future_edd_(eddsworld),85
dominus_impulse,85
howa_kurea_(civilian),85
minase_rio_(1st_costume),85
elizamon,85
nishi_kaoruko,85
kanamori_maria,85
marvelous_sunday_(kira_doki_waku_mabe)_(umamusume),85
miyamizu_mitsuha_(possessed),85
iori_(project_moon),85
joanna_(persona_5),85
bad_end_beauty,85
froggy_(sonic),85
lee_taeho_(xxl),85
chiropmon,85
hikari_(haibane_renmei),85
ikaruga_natsuki,85
kousaka_fuyuki,85
belka_(girls'_frontline_2),85
vanessa_(fire_emblem),85
human_torch,85
larry_koopa,85
mega_pidgeot,85
welch_vineyard,85
scarecrow_(the_wizard_of_oz),85
i-41_(kancolle),85
the_little_mermaid_(andersen),85
wing_gundam_zero,85
rock_(tezuka_osamu),85
barzam,85
eyjafjalla_(ambience_synesthesia_2022)_(arknights),85
altena_(fire_emblem),85
woodwose_(fate),85
silver_(deadlock),85
child_gf_(orenji),85
boy_vajra_(fate),85
konishi_saki,85
vlad_iii_(fate/extra),85
gloria_(project_moon),85
nosaki_(kancolle),85
gamera,85
elnina_(deltarune),85
kyouno_natsumi_(adult),85
grass_wonder_(casual)_(umamusume),85
zwei_(nikke),85
mei-ling_(darkstalkers),85
yakumo_yukari_(axolotl),85
sirene_(devilman),85
surtr_(prelude_to_transcendence)_(arknights),85
elixir_rose,85
youngster_(pokemon_swsh),85
liu_xiao,85
king_halo_(casual)_(umamusume),85
mibu_chisaki,85
hayashi_coco,85
tamamo_cross_(raging_thunder)_(umamusume),85
ishmael_(pgr),85
kisaki_(kindergarten_swimsuit)_(blue_archive),85
helena_(shimmering_triangle_wave)_(azur_lane),85
fritz_rumey_(schwarzes_kaninchen)_(azur_lane),85
mihara_chiharu,85
shiranui_kaede,85
kuro_kurenai,85
nasti_(arknights),85
ohtsuki_yoyoko,85
chitose_(senran_kagura),85
fujiwara_takumi,85
momozono_nanami,85
takase_koyoi,85
andromedako,85
nekomata_(disgaea),85
miyake_miu,85
kevin_kaslana_(diabolic),85
titania_frost,85
male_chief_(path_to_nowhere),85
ririka_(#compass),85
maria_magdalena_dietrich,85
shalem_(arknights),85
scorpio_milo,85
kahlua_marjoram,85
abyssal_twin_princess_(black),85
chang'e,85
mejiro_ramonu_(casual)_(umamusume),85
ji_zai,85
wasabi-chan_(eha7y),85
sacchan_(nyaromeron),85
kai_shiden,85
sabrina_(koucha_rakkyo),85
pickle_(grappler_baki),85
emma_hardy,85
carol_olston,85
moss_(pikmin),85
manhattan_cafe_(tobasuze_hot_summer!)_(umamusume),85
alriune,85
saren_(sarasaria)_(princess_connect!),85
torikabuto_(flower_knight_girl),85
zest,85
fujisaki_nadeshiko,85
sensei_(kankin_jk),85
kagero_(spring_ninja)_(fire_emblem),85
beat_(jsr),85
shiina_yuika_(2nd_costume),85
minami_kotori's_mother,85
shirato_jin,85
gordon_ramsay,85
kemuri_jataro,85
mr._l,85
kagura_nana_(1st_costume),85
kawanabe_nazuna,85
fujikido_kenji,85
android_girl_aki,85
void_shiki_(third_ascension),85
pearlescentmoon,85
byakko_(ishigami_nozomi),85
ruoshui_(the_legend_of_luo_xiaohei),85
combattler_v_(robot),85
satono_crown_(casual)_(umamusume),85
fine_(fortune_princess)_(futagohime),85
rhodes_island_medic_operator_(arknights),85
misaki_minato,85
best_jeanist,85
teru-chan_(aoi_tori),85
hiiragi_mako,85
kizuna_ai_(elegant),85
mifuyu_(nae-nae),85
flit_asuno,85
monodam,85
ookami_mio_(wonderland),85
nanjou_terumasa,85
hana_koi_(gulp5959),85
zhang_hao,85
yakuzen_yaku,85
benisumomo,85
anna_(fire_emblem_heroes),85
surprised_cat_(matataku),85
likulau_(nekojishi),85
fujioka-kuma_(minami-ke),85
pai_chan,85
vyse,85
patricia_(madoka_magica),85
karasuma_ryuu,85
bowsette_jr.,85
kirishima_(azur_lane),85
tamase_miki,85
tomte_(housamo),85
kushiro_(sakura_no_sekai),85
gomeisa_(live_a_hero),85
peko-chan,85
thunder_kitty_wattson,85
sakuraba_chiyo,85
moritake_medias,85
giuseppina_ciuinni,85
shiina_yuika_(3rd_costume),85
misora_(summer)_(princess_connect!),85
reah_(ys),85
player_character_(mabinogi_heroes),85
tanaka_misa,85
beak_(girls'_frontline),85
curcuma_(flower_knight_girl),85
raigh_(fire_emblem),85
pretty_(nikke),85
helbindi_(fire_emblem),85
gloucester_(azur_lane),85
cattleya_(flower_knight_girl),85
noah_(jasdavi),85
garuda_(final_fantasy),85
kaburagi_(decadence),85
furuhashi_fumino,85
mitsuru-kun_(kusanagi_tonbo),85
segawa_misato,85
juliana_(festival_jinbei)_(pokemon),85
mongolia_(nanimonothing),85
kamen_rider_ooo_(tatoba_combo),85
unusual_ecolo,85
shallotte_elminus,85
lee:_palefire_(pgr),85
mary_(granblue_fantasy),85
belafu_(human),85
despair_god_morroc,85
imura_setsuna,85
erich_von_rerugen,85
towa_(towa_akqj10),85
crimrose,85
olivia_(mobseka),85
rapunzel_(sinoalice),85
akechi_mitsuhide_(sengoku_basara),85
bill_(pokemon),85
para_(len'en),85
student_council_president_(murakami_suigun),85
makar,85
beni-chan_(beijuu),85
katase_miki,85
musa_(winx_club),85
sera_karen,85
kokkuri-san_(gugukoku),85
yua_(your_diary),85
toomi_yuna,85
aoki_yuriko,85
kuga_hiroto,85
chiba_saori,85
ticonderoga_(azur_lane),85
charle_(fairy_tail),85
raidy,85
ashe_(venzari),85
gluttony_(fma),85
yukimura_hyouga,85
touhara_asuha,85
delphinus_yukino_(saint_seiya:_rising_cosmo),85
donut_(zoza),85
cassin_(azur_lane),85
enjutsu_(koihime_musou),85
blonde_girl_(cloba),85
harpie_queen,85
ranmaru_(senran_kagura),85
altines,85
natsuzuka_(ryou),85
ferris_eris,85
fumitan_admoss,85
ushiromiya_hideyoshi,85
nadeshiko_(carrot_robosquat),85
gundam_double_x,85
flan-maman_(goma),85
paradise_(swd3e2),85
jude_mathis_(school_uniform),85
aoki_buruu,85
ra-class_destroyer,84
mosin-nagant_(girls'_frontline_2),84
sakihane_huya_(1st_costume),84
plankton_(spongebob),84
din_(zelda),84
kayamori_ruka_(passing_moment_of_reprieve),84
five_(drag-on_dragoon),84
glaceon_(tea_party),84
rika_(palentine's_2026)_(pokemon),84
paula_(one_piece),84
munchie_(dq8),84
fukuhara_tamon,84
brawly_(pokemon),84
pink-haired_girl_(kay_yu),84
kunikida_(suzumiya_haruhi),84
naa_(fushigi_na_neko_no_machi_meltier),84
nightcrawler,84
jowol,84
torotoro_kishika,84
axolotl_(kemono_friends),84
elid_(girls'_frontline),84
prism_saber_frisia,84
koala_(girls_und_panzer),84
kannagi_loki,84
sotheby_(the_red_thread_of_fate),84
kugimiya_madoka,84
lyn_(bride_of_the_plains)_(fire_emblem),84
olivia_(festival_dancer)_(fire_emblem),84
simeon_saint,84
amy_rose_(journalist),84
sora_(halloween_town)_(kingdom_hearts),84
justin_bailey,84
sthesia_awar,84
delphine_(arknights),84
yamaguchi_tamon_(real_life),84
hit-girl,84
lifeweaver_(overwatch),84
onka,84
grea_(summer)_(shingeki_no_bahamut),84
yamato_kai_(kancolle),84
houshou_marine_(school_uniform),84
sakamoto_taro_(skinny),84
henry_henderson,84
sawatari_saeko,84
shun_kodori,84
fu_hua_(seagull's_soar),84
the_oni_(ao_oni),84
julio_(precure),84
dutch_girl_(last_origin),84
cotton_(character),84
yakumo_beni_(2nd_costume),84
wu_zetian_(third_ascension)_(fate),84
maria_(kasugai_(de-tteiu)),84
saber_(swimsuit_archer)_(third_ascension)_(fate),84
tomoe_(persona_4),84
effie_(street_fighter),84
heywood_l._edwards_kai_(kancolle),84
tanemura_riko,84
goldia_die_heilige,84
epiphaneia_(fate's_chosen_star)_(umamusume),84
sakura_miko_(loungewear),84
castform_(rainy),84
drake_(the_golden_hind's_respite)_(azur_lane),84
wanshi:_lucid_dreamer_(pgr),84
chinkyuu_koudai,84
chikafuji_lisa,84
eleonore_giovanna_gassion,84
lily_(princess_connect!),84
kureiji_ollie_(mafia_princess),84
teresa_beria,84
amakawa_hano,84
toru_(jojolion),84
kashin_koji_(fate),84
germany_(female)_(hetalia),84
shinomiya_kikoru,84
milla_maxwell_(tox2),84
yashiro_gaku,84
hatsune_miku_(regret),84
joanna_elizabeth_stafford,84
oyashio_kai_ni_(kancolle),84
lillie_(special_costume)_(pokemon),84
kyomu_suzume,84
magenta_magenta,84
minamoto_no_raikou_(traveling_outfit)_(fate),84
theresa_apocalypse_(honkai_gakuen),84
san_francisco_(azur_lane),84
shirakusa_shion,84
natsu_ryoko,84
laffey_(white_rabbit's_oath)_(azur_lane),84
blackarachnia,84
joe_rikiichi_(1st_costume),84
young_nikki_(shining_nikki),84
rand_(gyee),84
he_xuan,84
champuru,84
bubble_slime,84
infinite_iroha,84
oboro_(ragnarok_online),84
w_(2nd_anniversary)_(arknights),84
quattro_(nanoha),84
neve_(nikke),84
rinne_(sennen_sensou_aigis),84
chi_an_(azur_lane),84
arch_mage_(ragnarok_online),84
hayase_sou,84
marty_mcfly,84
kamen_rider_genm,84
cockroach-chan_(harumina_mau),84
lancelot_(strongest_knight_of_summer)_(fate),84
saegusa_kohagi_(mimikaki),84
kisaragi_ren_(5th_costume)_(vspo!),84
sora_(orange_juice),84
manchester_(azur_lane),84
izcalli_(fate),84
dp28_(girls'_frontline),84
kominato_ruuko,84
amano_miu,84
kokuryu_kai_(domo),84
harumiya_saki,84
ronoue_genji,84
miyuki_(azur_lane),84
horangi_(modern_warfare_2),84
nezu_kojirou,84
gina_wallace,84
itsuki_(paradox_live),84
biggest_fan_(zenless_zone_zero),84
dynazenon_(character),84
tareus_(girls'_frontline),84
olwen_(fire_emblem),84
imura_(shiro_maru),84
captain_nemo_(second_ascension)_(fate),84
kasumi_(suikoden),84
utsugi_mikoto,84
cath_(fire_emblem),84
dragon_miku_(project_voltage),84
freyja_(p&d),84
geordo_stuart,84
ren_zotto_(1st_costume),84
bella_(a-soul),84
mikel-kun,84
akazukin_(grimms_notes),84
aoi_(ittla),84
euden,84
edmond_dantes_(first_ascension)_(fate),84
senri_haiji,84
mitsurugi_lia,84
kamen_rider_demons,84
virginia_(unicorn_overlord),84
marnie_(palentine's_2022)_(pokemon),84
cranberry_(mahoiku),84
catiua_powell,84
big_bob_(arknights),84
fire_miku_(project_voltage),84
scootaloo,84
fire_man,84
fuyuyama_asako_(kuse_(0201)),84
alchemist_cookie,84
kurokiba_ryou,84
shikinagi_akira_(1st_costume),84
ash_(phantom_brave),84
ogura_yui,84
peachette,84
chidorigafuchi_aine,84
cirno_(cookie),84
emma_(victorian_romance_emma),84
honjo_chikage,84
nelson_(warship_girls_r),84
mantis_akiyama,84
garrus_vakarian,84
awful_queen_(vtuber),84
ruby_rose_(atlas),84
kou_uraki,84
philyshy_(alchemy_stars),84
pomu_rainpuff_(2nd_costume),84
vampire_(gogalking),84
butch_(ppg),84
eirika_(summer)_(fire_emblem),84
feater_(gourmet)_(arknights),84
sana_(mahoutsukai_rose_no_sado_life),84
book_of_fuxi,84
algernon_(housamo),84
tendou_karen,84
kataochi_chuuko,84
akutabe,84
kaguya_(sinoalice),84
lucia:_plume_(eventide_glow)_(pgr),84
koutari_yuu,84
reanbell,84
ohnishi_yuriko,84
sophie's_dog_(popopoka),84
ryan_(dq4),84
onii-san_(tawawa),84
elise_von_dietrich,84
pantherlily,84
innocent_cluster,84
tsuchiyamada_mitsuko,84
kappa_worker_(tag_dream),84
tusk_act4,84
noyamano_ringo,84
sumi-chan_(sachito),84
akiba_rika,84
kevin_levin,84
gokou_tamaki,84
sue_storm_(azure_shade),84
bard_2_(sekaiju),84
rapua_qive,84
tira_(soulcalibur),84
hector_rivera_(alive),84
cutthroat_(akudama_drive),84
imizu_(nitro_unknown)_(character),84
leni_(black_survival),84
houzouin_inshun_(fate),84
female_knight_(guardian_tales),84
kannagi_noel,84
noah_(second_ascension)_(fate/grand_order),84
psycho_gundam_mk_ii,84
betoko,84
fuurin_rei,84
orifushi_akina,84
oda_nobuna,84
african_bush_elephant_(kemono_friends),83
shinko_windy_(wicked_punk)_(umamusume),83
alvis_(xenoblade),83
shimmer_(xenoblade),83
anran_(overwatch),83
kamen_rider_cross-z,83
cosette_(stella_sora),83
harudera_yuria,83
blanc_(ultra_dimension)_(neptunia),83
selena_(fire_emblem:_the_sacred_stones),83
sazanami_hakuri,83
malzeno_(monster_hunter),83
suzukaze_tsumugi,83
lan_sizhui_(young),83
alcides_(fate),83
ground_gm,83
verxina_(casual)_(umamusume),83
fu_shun_(azur_lane),83
johanna_(pokemon),83
mamiya_(swimsuit)_(kancolle),83
roy_(nhim),83
ms._grace_(reverse:1999),83
lynn_loud,83
patrasche_(re:zero),83
cecily_(konosuba),83
ozoi_(nijiura_maids),83
she-ra,83
lutonada_(arknights),83
hyakumantenbara_salome_(casual),83
shimazaki_ryo,83
full_power_frieza,83
perry_the_platypus,83
kousaka_maria,83
wu_zetian_(swimsuit_caster)_(third_ascension)_(fate),83
devonshire_(azur_lane),83
derpy_hooves,83
blueberry_fairy,83
otta_ely_(choujin_x),83
romeo_montague,83
sonic_speed_monkey,83
hina_(rune_factory),83
mr._krabs,83
tsumugi_rintarou,83
marx_soul,83
aosta_(arknights),83
mystique,83
suzuzono_sai,83
blemishine_(moon_catastrborn)_(arknights),83
shaohua_hatsune_miku,83
ashigara_(housamo),83
momoko_(bombergirl),83
commander_(girls_garden),83
catherine_(conto),83
weser_(azur_lane),83
eater_(digimon),83
oc_(atj7359),83
peorth_(aa_megami-sama),83
domo-kun,83
hoshimachi_suisei_(old_design),83
mariana_princilla,83
marnie_(academy)_(pokemon),83
polof,83
nekoyama_shien,83
umafied_trainer_(umamusume),83
gaomon,83
ageha_(senran_kagura),83
kon-el,83
baphomet_(fate),83
march_7th_(ice_cake)_(honkai:_star_rail),83
circe_(first_ascension)_(fate),83
higanbana_(higanbana_no_saku_yoru_ni),83
broken_vessel_(hollow_knight),83
freckles-chan_(aymusk),83
daz_bones,83
sakura_laurel_(oni_laurel)_(umamusume),83
kouenji_kuromi,83
okazaki_shiro,83
ms._newbabel,83
nagisazawa_mai,83
helmeppo,83
flurry_(animal_crossing),83
menogias_(genshin_impact),83
shirley_fennes,83
nezusuke_(blue_archive),83
swaysway,83
kiefer,83
stay_gold_(racehorse),83
misha_(arknights),83
fujimaru_ritsuka_(male)_(halloween_royalty),83
tachibana_kyouka_(jin),83
yonaguni_hikari,83
amazon_(azur_lane),83
aleph_(megami_tensei),83
aima_(reverse:1999),83
hatotaurus_(ookami_mio),83
musashi_(violet_moonglow)_(azur_lane),83
tengen_toppa_gurren-lagann_(mecha),83
tenma_(project_moon),83
yujin_(project_moon),83
ines_fujin_(melty_gift)_(umamusume),83
lessing_(arknights),83
felicienne_(reverse:1999),83
mizuo_kurage,83
lysithea_von_ordelia_(earnest_seeker),83
kanae_(19th_costume)_(nijisanji),83
inuyose_shinobu,83
silvia_(black_survival),83
black_getter,83
willow_park,83
chapayev_(the_captive_cavalier)_(azur_lane),83
arjuna_(first_ascension)_(fate),83
mash_kyrielight_(lawson_2017),83
mafurako,83
calem_(champion)_(pokemon),83
asugi_(fire_emblem),83
blaze_(summer)_(arknights),83
archetype_earth_(celebratory_attire),83
swansea_(mouthwashing),83
yui_(princess)_(princess_connect!),83
blipper,83
nazgul,83
bb-28,83
yamane_takao,83
ushi-oni_(monster_girl_encyclopedia),83
webley_(girls'_frontline),83
tobin_(fire_emblem),83
asakura_ryo,83
kikyo_(vrchat),83
nakazawa_kaori_(moriya_naoki),83
akiru_kamira,83
p90_(scarlet_turbo)_(girls'_frontline),83
arisa_(yuki_touko),83
ayane-san_(herio),83
aradama_(toji_no_miko),83
antonio_salieri_(first_ascension)_(fate),83
mama_(nier),83
cocolia_rand,83
isabel_(eastward),83
lieselotte_achenbach,83
aerith_gainsborough_(sunny_robe),83
tenshouin_himeno,83
aine_(hoshi_wo_miru_hito),83
kamen_rider_tycoon,83
daria_(shingeki_no_bahamut),83
ramona_wolf,83
kishibe_ayaka,83
kyuubi_(youkai_watch),83
leina_ashta,83
alter_(apex_legends),83
aloe_(ishuzoku_reviewers),83
strider_hien,83
bad_end_march,83
shiraga_airi,83
shadow_yukiko,83
rita_rossweisse_(spina_astera),83
jackie_(arknights),83
midori_(kancolle),83
vic_viper,83
sergei_dragunov,83
laffey_(bunny_idol_@unmotivated)_(azur_lane),83
kouhei_(otsukimi),83
time_mage_(fft),83
suzui_shiho,83
hattori_toko,83
paraietta_(simoun),83
mitsumoto_dia,83
nyanta_(log_horizon),83
tamamo_no_mae_(sexy_bikini)_(fate),83
sailor_star_maker,83
maria_(ff2),83
emilie_pfauenfeder,83
pinecone_(sing_a_song)_(arknights),83
sorting_hat,83
fuyu_no_yoru_miku,83
monoeye_(kid_icarus),83
chiba_yuzuki_(yukimoto_shuuji_(gurigura)),83
arcane_brawler_vi,83
jinnosuke,83
phantom_of_the_opera_(fate),83
miles_(gyee),83
dave_strider,83
kiryu_coco_(new_year),83
amy_limietta,83
orgus_(f-kare),83
ifrit_(housamo),83
annie_(splatoon),83
nephtim_(world_flipper),83
babalilo_(babalilo),83
shenhe's_talisman_spirit_(genshin_impact),83
xiao-mei,83
kapkan_(rainbow_six_siege),83
iris_(material_sniper),83
iron_paladin_(elsword),83
yukiko_hime,83
p38_(girls'_frontline),83
strike_cannon,83
phina_(fire_emblem),83
ribbon_(rabi-ribi),83
amiya_(fresh_fastener)_(arknights),83
nagisa_trout,83
desert_crow_(gold_can),83
saegusa_riko,83
feater_(dojo_star)_(arknights),83
dragon_(monster_girl_encyclopedia),83
my_sunshine,83
marina_hayami,83
idunn_&_idunna,83
usami_nanako,83
asagi_(bombergirl),83
kikyou_(gloggy),83
aisia,83
muzet_(tales),83
carla_j._luksic,83
joel_(the_last_of_us),83
nemesis_(hades),83
macula_marius,83
soroi_mitsuzou,83
major_(hellsing),83
okuwaka_tsubomi,83
astaroth_(p&d),83
kokuu_haruto,83
anna_mel,83
origamine_ouka,83
ninose_shizuku,83
suminoya_kureha,83
wakamo_(valentine)_(blue_archive),83
baltan_seijin,83
gomadoka,83
aroma_(arknights),82
ariduka_formica,82
gigantamax_gengar,82
medic_4_(sekaiju_4),82
james_(vocaloid),82
makishima_yuusuke,82
azki_(yurufuwa_casual)_(hololive),82
elise_(tropical_flower)_(fire_emblem),82
gustaff,82
daenerys_targaryen,82
charlie_dompler,82
the_legendary_commander_(nikke),82
jefuty_(bakery_girl),82
koseki_bijou_(school_uniform),82
fujimaru_ritsuka_(female)_(the_three_great_heroes),82
morty_smith,82
ice_miku_(project_voltage),82
kakania_(seminars_on_serenity)_(reverse:1999),82
tar-21_(night_at_the_bar)_(girls'_frontline),82
nina_(resplendent)_(fire_emblem),82
eitr_(fire_emblem),82
shropshire_(azur_lane),82
wedding_peach,82
hiiragi_mine,82
twing_glutti_(brown_dust),82
yamaguchi_tadashi,82
ayabe_kihachirou,82
kanzaki_tomoyo,82
oberonia_rhea,82
captain_ginyu,82
overwatch_2_d.va,82
bandit-chan_(k0ng),82
orange_joe_(omori),82
isabeau_(megami_tensei),82
shijou_hinako,82
wheatley,82
pemaloe_(kaela_kovalskia),82
gill_(street_fighter),82
tino_shade,82
kotohira_nagi,82
toyama_daifuku_(civilian),82
kiyohime_(swimsuit_lancer)_(second_ascension)_(fate),82
willow_schnee,82
susan_(rakeemspoon),82
takane_lui_(casual),82
she_is_wildfire_(infinity_nikki),82
kisuke_(oboro_muramasa),82
nimi_nightmare_(lifeguard),82
rosen-tai,82
raven_(path_to_nowhere),82
leviathan_(wuthering_waves),82
lugner_(sousou_no_frieren),82
unyuu,82
fumizuki_(sleepy_fairy)_(azur_lane),82
anissa_(invincible),82
fraise_(nekopara),82
ultimate_armor_x_(mega_man),82
messer_(mobile_suit),82
solide_(sousou_no_frieren),82
eyeball_bracelet_girl_(fkey),82
sypha_belnades,82
minamimoto_sho,82
graf_zeppelin_kai_(kancolle),82
platelet_leader_(hataraku_saibou),82
tama_(ai_the_somnium_files),82
lalala_(kirby),82
godzilla_evolved,82
azalea_(hiyono),82
ootani_ouya,82
alolan_diglett,82
jesmon,82
daichi_nono,82
nikaido_reika,82
lotte_farona,82
xueying_wawa_(roco_kingdom:_world),82
oosawa_fusatarou,82
zelestia_(fire_emblem),82
persephone_(jashin-chan_dropkick),82
baphomet_jr,82
lean_(konosuba),82
glowworm_(azur_lane),82
luluca_(epic_seven),82
saionji_mary_(1st_costume),82
tama_tamara_tabasa_(manjuverunu),82
king_magnifico,82
nina_kosaka_(anniversary_dress),82
august_von_parseval_(the_unhulde's_midday_respite)_(azur_lane),82
reines_el-melloi_archisorte_(young),82
la_folia_rihavein,82
takeshima_tsutako,82
raika-chan_(aoi_tori),82
umise_yotsuha_(1st_costume),82
adelie_penguin_(kemono_friends),82
naga_(fire_emblem),82
gourikimaru_(fate),82
ironmouse_(pink_rock),82
cancer_death_mask,82
kusumoto_asumi,82
james_moriarty_(gray_collar)_(fate),82
warfarin_(the_feast)_(arknights),82
taiki_(juuni_kokuki),82
kallen_kaslana_(sundenjager),82
g36_(50_days_with_g36)_(girls'_frontline),82
gandora_the_dragon_of_destruction,82
lofi_girl,82
serapeum_(honkai_impact),82
yoohee_(miracle_sweetheart)_(girls'_frontline_2),82
diarmuid_ua_duibhne_(saber)_(fate),82
hourai_girl_(touhou),82
jyushiko_(osomatsu-san),82
kamen_rider_ouja,82
higa_kanata,82
tonegawa_anju,82
washington_kai_(kancolle),82
irisviel_von_einzbern_(halloween_princess),82
utsumi_erice_(swimsuit_avenger)_(second_ascension),82
mikoto_(fire_emblem),82
chang_wu_(azur_lane),82
silvervale_(silver_2.0),82
mojo_(dennou_coil),82
kurogane_otome,82
nacht_faust,82
gigantamax_cinderace,82
minsk_(azur_lane),82
ishii_haruna,82
sheer_heart_attack,82
wekapipo,82
leo_aiolia,82
t-elos_re:,82
ryuki_(sangokushi_taisen),82
princi_(chainsaw_man),82
lyfe_bestla,82
air_groove_(quercus_civilis)_(umamusume),82
hanekenomichi-chan,82
vivian_james,82
jeanne_(kanan-sama),82
pandora_acherona_(nat_the_lich),82
shiina_minori,82
henao_(lattice_sos!),82
martha_(santa)_(fate),82
alolan_dugtrio,82
sena_shiori_(idolmaster),82
mayjack_(dungeon_meshi),82
abe_no_seimei_(onmyoji),82
liang_qi,82
leonardo_da_vinci_(active_sailor)_(fate),82
kanzaki_hitomi,82
ikusa_katato,82
gregory_(fnaf),82
tracey_sketchit,82
magatsu_izanagi,82
kurabe_juurou,82
shibuya_takami,82
blazing_heart_(elsword),82
edel_(ikeuchi_tanuma),82
tsuzaki_aoba,82
ren_hakuei,82
noise_(symphogear),82
gauche_(tales),82
firo_prochainezo,82
gainos_priestess_melpha,82
professor_um,82
rikiel,82
mina_(twice),82
miyamoto_konatsu,82
curly_sue,82
sebastian_sallow,82
flora_(winx_club),82
inky_(pac-man),82
mofetousu_furuna,82
majiko_(emurin),82
tsukishiro_hitomi,82
sara_crispino,82
machimura_sakuya,82
sera_(judgemint),82
orfevre_(casual)_(umamusume),82
miria_harvent,82
isis_egret,82
ushiwakamaru_(third_ascension)_(fate),82
ginoza_nobuchika,82
kunisaki_rena,82
saitou_(tiger_&_bunny),82
kurokawa_(nemuri_nemu),82
optimus_primal,82
agent_47,82
deviling,82
ushiyama_tatsuma,82
daisy_(working!!),82
kagari_hiyuki,82
chibitalia_(hetalia),82
mushoku_loli_(character),82
anonymous_(4chan),82
fuwa_hyouka,82
alva_(eastward),82
ozu_shion,82
kong_(monsterverse),82
mage_(warcraft),82
jusenkyou_guide,82
natalia_poklonskaya,82
toyosatomimi_no_miko_(owl),82
mukouzawa_erena_(juukyuu),82
lucifel_(el_shaddai),82
komuro_chinami,82
kaga_nazuna_(2nd_costume),82
hisaka_(cookie),82
dr._ratio_(academia)_(honkai:_star_rail),82
miyauchi_lemmy,82
atago_(space_atago)_(greyeth)_(azur_lane),82
hilling_care,82
nanako_(to_heart_2),82
volga_(azur_lane),81
usagi_(guilty_gear),81
mirai_senshi,81
golden_tiger_(kemono_friends),81
snake-eyed_kanako,81
ivy_(mystic_dress)_(fire_emblem),81
cloud_strife_(ocean_chocobo),81
rapi_(red_hood)_(shining_light)_(nikke),81
rinea_(fire_emblem),81
tamaki_kyouka,81
sharon_kreuger,81
fujido_oriko,81
pastel_marie,81
utai_meika,81
lianna_(fire_emblem),81
toyohama_nodoka,81
ho'olheyak_(ritual_of_immortality)_(arknights),81
poppi_pipopapo,81
n_(anniversary_2021)_(pokemon),81
semmelweis_(the_wax_and_wane_of_the_heart)_(reverse:1999),81
ray_(summer_flowers)_(arknights),81
zangetsu_(bleach),81
kitty_pryde,81
astel_leda_(1st_costume),81
shiromo_(pui_pui_molcar),81
bernina_(stella_sora),81
claire_volikova,81
arcana_(paradise_regained)_(reverse:1999),81
pepper_(ocean_vitamin)_(nikke),81
swordsman_2_(sekaiju_4),81
lyydia_(sunako),81
suzuki_airi_(saishu_chikan_densha),81
sawashiro_kyo,81
nyaromon,81
sakata_kinta,81
necro_(street_fighter),81
alexia_midgar,81
gohagan_(unholymilk),81
toguro_otouto,81
gawr_gura_(winter_casual),81
plymouth_(an_angelic_physical)_(azur_lane),81
ceres_fauna_(new_year),81
le_terrible_(azur_lane),81
otomo_(koyanagi_rou),81
kanade_rindo,81
ebihara_ai,81
nyatasha_nyanners_(6th_costume),81
marnie_(meitantei_marnie),81
liverpool_(azur_lane),81
duisburg_(azur_lane),81
rakuhana_meru,81
yukoku_kiriko_(delight_summer),81
watanuki_sakuya_(manomura),81
amasawa_ichika,81
bubblegum_(zenless_zone_zero),81
korin_(shironeko_project),81
yuridori_(brown_dust),81
kuon_(shinrabanshou),81
pallapalla_(sailor_moon),81
tawa_(ookami_mio),81
galatea_claude,81
hoshimachi_suisei_(micomet),81
hui_huo_(false_memory),81
mark_(fire_emblem:_the_blazing_blade),81
mizugaiya,81
elise_schwarzer,81
beam_kirby,81
mary_clarissa_christie,81
kanie_seiya,81
minion_(slay_the_spire),81
takanashi_tsumugi,81
kite_hasegawa,81
gaen_izuko,81
kamen_rider_ooo_(tajador_combo),81
blathine_(genshin_impact),81
bruno_(fire_emblem),81
akino_sayuri,81
koumi_haruka,81
hanitan,81
shoutmon,81
meddy.exe_(mega_man),81
getter_dragon,81
kawana_misaki,81
minya_(yakob_labo),81
reina_(grimms_notes),81
yuugiri_ayano,81
nishimiya_yuzuru,81
ishida_mitsunari_(sengoku_musou),81
leona_of_blood_&_iron,81
chien_wu_(azur_lane),81
rin_(torikissa!),81
scylla_(a_maid's_judgment)_(azur_lane),81
sasanami_unmei,81
xingcai_(shin_sangoku_musou),81
corrin_(dragon)_(fire_emblem),81
mash_kyrielight_(under_the_same_sky),81
tenjouin_saki,81
taira_no_kagekiyo_(second_ascension)_(fate),81
yozuna_niu,81
captain_nemo_(santa)_(fate),81
francine_(animal_crossing),81
kano_(hanayori_jyoshiryou),81
amber_(fire_emblem),81
sonic_the_hedgehog_(sea_captain),81
lacey_(fall_2025)_(pokemon),81
meg_(junkzero),81
sable_able_(animal_crossing),81
kanagata_sugumi,81
long-haired_girl_(motto_notto),81
elekshaal_(calpish),81
reisalin_stout_(late_night_alchemist),81
charlotte_(last_origin),81
unown_x,81
natori_sana_(sana_channel_king),81
kagami_kazuya,81
maryland_(azur_lane),81
corneria_(atelier),81
company_captain_yorshka,81
igawa_hiroyuki,81
the_emperor_(baldur's_gate),81
kawai_rika,81
berserker_(final_fantasy),81
martha_(throtem),81
stella_bremer,81
nogi_wakaba,81
emma_(tactical_upgrade)_(nikke),81
smol_kronii,81
rani_viii,81
chloe_(srgrafo),81
sarah_(mignon),81
kurameki_kyou,81
chitose_kumi_(hitotose),81
laru_(snowish)_(stella_sora),81
solomon_(megido72),81
palkia_(origin),81
juliet_queen_elizabeth_viii,81
sherry_(langrisser),81
hecate_(wuthering_waves),81
sekigahara_ei,81
bete_noire,81
whitney_(female)_(degrees_of_lewdity),81
tashkent_(muse)_(azur_lane),81
tachibana_mikari,81
fujita_(dorohedoro),81
tanuki_mob_(touhou),81
dekapan,81
marie_(agent_2_casual)_(splatoon),81
taxian-jun,81
nozaki_sakura,81
vector_(yu-gi-oh!),81
mako_(eogks),81
nifuji_hirotaka,81
lemon_irvine,81
lemonade_beta,81
jimon_asuta,81
nakahara_(takayama_toshinori),81
hachitani_(sunaba_suzume),81
satou_miwako,81
aya_(jonsun),81
yozora_mel_(jirai_kei),81
kohinata_iroha_(imouuzai),81
decus_(tales),81
kamen_rider_buffa,81
squalo,81
uryuu_sakuno,81
mako_mori,81
hinawa,81
aoba_miu,81
suzume_(maid-san_wa_taberu_dake),81
despa_(ousama_ranking),81
beargguy_iii,81
oga_(elf-san_wa_yaserarenai.),81
horikoshi_jirou,81
zb-26_(girls'_frontline),81
kokkoro_(princess)_(princess_connect!),81
shigino_kisumi,81
sonika,81
estonia_(hetalia),81
yaoyao_(rainlit_bamboo_reverie)_(genshin_impact),81
akimitsu-dono,81
yuusaki_riko,81
cordelia_(knight_paradise)_(fire_emblem),81
suzu_(nagasarete_airantou),81
christiane_friedrich,81
tenma_umatarou,81
amamiya_mei,81
du_meishin,81
dr._ratio_(final_victor)_(honkai:_star_rail),81
hayase_mina,81
marni_(fire_emblem),81
kagurazaki_shizuki,81
melynx,81
adele_balfetto,81
marge_simpson,81
bunny_(trickster),81
yoo_je-i,81
kijima_saki,81
kiyosumi_kuro,81
myuria_tionysus,81
larsa_ferrinas_solidor,81
georgi_popovich,81
koropokkuru,81
priest_(tera_online),81
kuro_(ao_no_exorcist),81
xaldin,81
christine_garland,80
sakamoto_sue,80
osana_najimi_(yandere_simulator),80
michaela_(evillious_nendaiki),80
young_cricket,80
kagamine_rin_(black_star),80
berkut_(fire_emblem),80
cleopatra_(stars_and_roses)_(azur_lane),80
yu_q._wilson,80
zornia_(shenqi_xiaohuang),80
ojou_(galko),80
noh-p.u.n.k._ze_amin,80
gundam_tr-1_hazel,80
vanessa_(fnaf),80
tsuburaya_mitsuhiko,80
kishirika_kishirisu,80
norwegian_miku,80
white_kyurem,80
duq'arael_(arknights),80
yoda,80
jax_(female)_(the_amazing_digital_circus),80
shirahiko_(vtuber),80
centaur_(azur_lane),80
ruby_runeheart,80
diablomon,80
shirahane_suou,80
irem_(black_survival),80
anna_(fire_emblem_fates),80
saeki_akira,80
evil_ryu,80
sogeking,80
the_boss,80
space_pirate_(metroid),80
mau-chan_(7name),80
peri_(girls'_frontline_2),80
cecilia_immergreen_(new_year),80
etheria_(seimetsu_reiki_etherea),80
renjakuno_hatsumi,80
yorozu_iruru,80
kazehaya_shouta,80
c-3po,80
jougasaki_suzuran,80
togawa_nonoha,80
mogador_(diving_for_desire)_(azur_lane),80
nangong_yu_(heartfelt_support),80
cat_(summernight_12),80
rick_astley,80
avocado_(love_live!),80
askr_(fire_emblem),80
scar-l_(girls'_frontline),80
blonde-haired_boy_(sunaba_(nczd5875)),80
goldmary_(pristine_dress)_(fire_emblem),80
nishimura_hiroyuki_(morenatsu),80
aki_(maenoo),80
snap_(zenless_zone_zero),80
vani_(gundam),80
pandora_(kid_icarus),80
gelgoog_s_char_custom,80
ultraman_jack,80
purple_heart_(goddesses'_promise)_(neptunia),80
shane_(stardew_valley),80
grand_mother_silk_(hollow_knight),80
nico_(wonderful_precure!),80
ojama_yellow,80
takeuchi_yuka,80
terui_arisu,80
marton_(project_moon),80
rhiannon_(reverse:1999),80
nyx_(hades),80
masurao_(sekaiju),80
alger_wilson,80
nailah_(fire_emblem),80
wilhelmina_(iron_monarch)_(brown_dust),80
hansa_cervantes,80
herta_(simulated_universe_avatar)_(honkai:_star_rail),80
liberta_(brown_dust),80
pollux_(housamo),80
louhi_(first_ascension)_(fate),80
kenma-kun,80
mr._gap,80
astral_(yu-gi-oh!),80
amulet_clover,80
geshu_lin_(wuthering_waves),80
tigress_(kung_fu_panda),80
matoba_seiji,80
cyan_(horse_race_tests),80
nier_(lover_by_the_lily_lake)_(granblue_fantasy),80
hilda_valentine_goneril_(winter),80
iosefka,80
garurumon,80
schneewittchen_(maerchen),80
full_frontal,80
protagonist_(tokimemo_gs2),80
gitano_(arknights),80
muta_kokichi,80
takamiya_rion_(3rd_costume),80
vorona,80
space_ishtar_(young)_(fate),80
rotom_(other),80
dwarf_(dq10),80
dory,80
lugh_(fire_emblem),80
ulaanbaatar_(housamo),80
date_sayuri,80
andromeda_shun,80
hibana_(en'en_no_shouboutai),80
blade_(jepella_rebellion)_(honkai:_star_rail),80
yakumo_beni_(5th_costume),80
reed_the_flame_shadow_(glowing_flame_in_the_night)_(arknights),80
mustadio_bunansa,80
kana_(hoshizora_no_shita),80
melinda_desmond,80
ced_(fire_emblem),80
johnston_(halloween)_(kancolle),80
kassandra_of_sparta,80
suppi,80
imoko_(aldehyde),80
crow-chan_(karasu_raven),80
bug_catcher_(pokemon),80
aho_no_sakata,80
grawlix_(shibansfw),80
eva_08,80
kunio-kun,80
mikami_reiko,80
tiziano,80
hildegard_von_krone,80
tenkai_tsukasa,80
haiba_arisa,80
cruiser_d.va,80
yuzuki_yukari_(a.i._voice),80
hombre_tigre_(housamo),80
aster_(nu_carnival),80
erin_(knight_of_erin),80
jean-paul,80
tatsu_(gokushufudou),80
spar,80
alice_claudia,80
pittman_(alchemy_stars),80
ringo-chan_(danshi_koukousei),80
takanashi_kiara_(new_year),80
ultraman_blazar,80
saniko_(honchu),80
shinohara_rei,80
kamen_rider_chalice,80
yoshikawa_kikyou,80
himino_seika,80
sauron,80
millial_(coefont),80
shiratori_hime,80
pink-haired_child_(alien_stage),80
heart_(mad_rat_dead),80
tomoe_umari_(1st_costume),80
macci_(possummachine),80
white_(kekkai_sensen),80
hijirisawa_shonosuke,80
kuurubiyuutei_gankyou,80
cat_(trickster),80
ksg_(girls'_frontline),80
ashigara_kai_ni_(ichibankuji)_(kancolle),80
mutsu_(yukata)_(kancolle),80
nomad_(housamo),80
nova_(starcraft),80
female_warrior_(disgaea),80
shirayuki_(sister_princess),80
hoshino_kirara,80
oodenta_mitsuyo,80
brooklyn_(azur_lane),80
ura_(iyowa),80
igarashi_ikki,80
asuna_(sao-os),80
sonoda_mitsuki,80
chun_meiyui,80
atago_(lily-white_vow)_(azur_lane),80
ninian_(bright-eyed_bride)_(fire_emblem),80
kiseijou_rei,80
rayne_ames,80
uchuuneko_(vtuber),80
hamel_(path_to_nowhere),80
salvatore_(mgong520),80
hanamaru_lily,80
nyako_(idolmaster),80
alice_(fate),80
harry_mason,80
takamiya_yuki,80
rangers_(arknights),80
black_delmo_leader,80
kikukawa_yukino,80
miwajou,80
michael_trinity,80
nozaki_yoshiyuki_(enokido),80
t-6407j_(samidare),80
bianca_(champion)_(pokemon),80
gotoba_sora,80
kurasaki_fuuko,80
miharu_(wolrero),80
hajime_(wolrero),80
shion_(peach88),80
hondoumachi_koharu,80
aoi_(houkago_no_pleiades),80
trigger-chan,80
uchida_aya,80
casper_(deathsmiles),80
clalaclan_philias,80
touka_kureha,80
suzutsuki_kanade,80
miracle_matter,80
m3_(girls'_frontline),80
luciferion,80
lisa_(seiken_no_blacksmith),80
kamura_reiri,80
ichika-chan_(iiiichimaru_03),80
haiseiko_(umamusume),80
neuroi_girl,80
yu_mei-ren_(festival_outfit)_(fate),80
oboro_(iron_saga),80
houraisen_runa,80
beppo_(granblue_fantasy),80
takanashi_nazuna,80
hagane_otsuki,80
aogami_pierce,80
agnes_joubert,80
ayanami_(nightfall_raiment)_(azur_lane),80
minashiro_orihime,80
tachibana_ginchiyo_(sengoku_musou),80
aniece_(modeseven),80
tsuda_takatoshi,80
lololo_(kirby),80
meroko_yui,80
bubble_man,80
heat_man,80
matara_kan_(casual),79
master_yi_(league),79
kihara_atsurou,79
gudetama,79
lifeng_(arknights),79
rishia_ivyred,79
perorodzilla_(blue_archive),79
yagyu_mitsuyoshi_(ikkitousen),79
powder_(alternate_timeline)_(arcane),79
prince_adam_(disney),79
dream_(youtuber),79
birdie_(street_fighter),79
willow_(stella_sora),79
gladiia_(return)_(arknights),79
anaxa_(nanus)_(honkai:_star_rail),79
amane_kanata_(heavenly_guard_mission),79
geara_zulu,79
vegapunk_york,79
kimberly_jackson_(outfit_2),79
vivid_bad_squad_luka,79
arcee_(prime),79
tiki_(young)_(legendary_dragon)_(fire_emblem),79
realda_(vibrantrida),79
yeri_(red_velvet),79
saiger_iris,79
lobco_(funamusea),79
cygnet_(sea_star_on_shore)_(azur_lane),79
sovereign_3_(sekaiju),79
chibi_yami_(nijiura_maids),79
karkat_vantas,79
l'indomptable_(azur_lane),79
yukino_bijin_(darl'n_snowflake)_(umamusume),79
josephine_jonouichi,79
mica_(nikke),79
ibaraki_douji_(swimsuit_lancer)_(second_ascension)_(fate),79
kamiya_hiroshi,79
gilliam_(fire_emblem),79
rita_henschel,79
chibidoki,79
rio_(winning_shot)_(black_survival),79
phonon_(under_night_in-birth),79
jaken,79
noel_(mermaid_melody_pichi_pichi_pitch),79
yuki_(yeougui),79
shinohara_raika,79
ochanomizu_hiroshi,79
ceras_yanagida_lilienfeld_(swimsuit),79
raiden_mei_(vast_ocean),79
namor,79
vladimir_putin,79
kama_(mistake)_(second_ascension)_(fate),79
lammy_(um_jammer_lammy),79
yamanaka_koyomi,79
enoch_(el_shaddai),79
corrupt_hyness,79
kurogane_(tsubasa_chronicle),79
kagamine_rin_(swimwear),79
m1897_(girls'_frontline),79
himiyama_rei,79
super_creek_(flowery_shadow_amongst_the_gentle_rain)_(umamusume),79
apsara_(elsword),79
kyon-kyon_(jashin-chan_dropkick),79
miss_information_(gameoverse),79
scp-040-jp,79
samurai_tamago_tabemi,79
sniper_wolf,79
karakida_hanto,79
usagi_aloha'oe,79
jel_(stpri),79
u-olga_marie_(first_ascension),79
beryl_benito,79
rice_shower_(day_i_dreamed_of)_(umamusume),79
jack-o'-lantern_(kemono_friends),79
fu_(dragon_ball),79
kana_(throtem),79
tr-6_woundwort,79
reficul_(funamusea),79
yuzaki_tsukasa,79
monokid,79
seimei_(senran_kagura),79
princess_shokora,79
survivor_(rain_world),79
tobiichi_origami_(inverse),79
cure_happy_(princess_form),79
senju_koyomi,79
mikage_sakurako,79
claus_f._lester,79
landorus_(incarnate),79
sagiri_yuuko,79
michiko_(identity_v),79
lung_wu_(azur_lane),79
torture_tortura,79
pyocomon,79
saion-ji_enju,79
abbadomon_core,79
marianne_(manjuverunu),79
ogyayu_(nekomata_okayu),79
la_galissonniere_(azur_lane),79
blanc_(white_rabbit)_(nikke),79
blackwargreymon,79
gavial_the_invincible_(holiday)_(arknights),79
naraka_(1st_costume)_(nijisanji),79
white_robin,79
daetta_(granblue_fantasy),79
enya_murphy,79
fujimaru_ritsuka_(male)_(chaldea_combat_uniform),79
hirakata_kana,79
shiba_tatsuya,79
floof_(infinity_nikki),79
archangel_(helltaker),79
yura_(maizuru)_(kancolle),79
noir_vesper_(old_design),79
ex-rika,79
tamadra,79
firefly_(birefly)_(honkai:_star_rail),79
anna_(granblue_fantasy),79
lilith_(celebratory_attire)_(fate),79
novel_(nikke),79
seth_(under_night_in-birth),79
shizu-chan,79
reiko_(super_cub),79
honjou_nia_(spirit),79
hanabata_nohkins,79
kimura_(azumanga_daioh),79
ltlx_7000_(girls'_frontline),79
rose_fryberg,79
nishijima_waon,79
xm8_(girls'_frontline),79
miura_miki,79
rit_(shin_no_nakama),79
gabu_(yomi_no_tsugai),79
mitsunaga_satsuki,79
shirley_(fate),79
harusaki_air,79
princess_peach_(swimwear),79
giuseppe_garibaldi_(azur_lane),79
morishima_hodaka_(tenki_no_ko),79
cloud_strife_(official_festive_garb),79
alcremie_(ruby_cream),79
nishino_tsukasa,79
busujima_mason_rio,79
mareeta_(fire_emblem),79
wichita_(azur_lane),79
claudia_nimbus_(jissai_no_tokoro),79
katori_batsuunsai,79
leite_jokin,79
kazeyari_mina,79
leon_(leon_the_professional),79
reckless_fist_(elsword),79
mecha_umamusume_st-2_(umamusume),79
gerbera_tetra,79
futami_kokoro,79
tokiai_misao,79
sharena_(spring_princess)_(fire_emblem),79
lo_the_prayers_of_the_voiceless_voice,79
serph,79
tokuto-kun,79
pa-15_(high_school_thrills)_(girls'_frontline),79
kamimura_akiko,79
porco_rosso_(character),79
amulet_spade,79
alto_travers,79
tougou_(osomatsu-kun),79
seabook_arno,79
teresa_(mazohaha),79
feifei_(shiofeifei),79
red-eared_slider_(kemono_friends),79
ayunda_risu_(fall_casual),79
wander_(wander_over_yonder),79
player_(god_eater_burst),79
diana_(kyokugen_dasshutsu),79
bruno_mars,79
yukikaze_(warship_girls_r),79
jissouseki,79
oyasu_miyo,79
tio_(konjiki_no_gash!!),79
aikawa_ayumu,79
mile_(noukin),79
kyler_(sweethex),79
horrific_necktie,79
carmilla_(summertime_mistress)_(fate),79
fukaziroh_(sao),79
cheryl_(arc_the_lad),79
patrick_colasour,79
alpha:_inverse_crown_(pgr),79
izumi_luna_(akitsu_taira),79
heidi_(atelier),79
leyna_koch,79
fukua_(skullgirls),79
ruida,79
tora_(ushio_to_tora),79
imp_mercy,79
bb-8,79
aaron_gruber_(o_natsuo88),79
yuzuki_choco_(nurse),79
memphis_(azur_lane),79
jun_the_swan,79
yamamura_ken,79
oro_(street_fighter),79
takanashi_hinata,79
fuu_(ozu_(oz_yarimasu)),79
zangya,79
fuchikoma,79
jin_(granblue_fantasy),79
cyberconnect2,79
vincent_brooks,79
ada_vessalius,79
petra_parker_(otrebot),79
medb_(second_ascension)_(fate),79
itou_yukino,79
dante_will_(spider),79
alcremie_(star_sweet),79
kojo_anna_(3rd_costume),79
amaui_(1st_costume),79
rival_teto_(project_voltage),79
cure_peace_(princess_form),79
koishikawa_emma,79
t0m_(projektmelody),79
urd_(reverse:1999),79
suminoe_takako,79
hatamoto_(kotoba),79
cruhteo,79
toudou_misa,79
bertha_(pokemon),79
yan_(gyee),79
amane_rosylily,79
takamiya_nasuno,79
nomura_taeko,79
abercrombie_(azur_lane),79
rune_slayer_(elsword),79
ayanami_(rock_'n'_demon)_(azur_lane),79
miharu_sena_kanaka,79
cocona_vatel,79
kasuga_misora,79
xecty_ein,79
lillet_blan,79
melmaid,79
lilia_chocolanne,79
erica_(hoshizora_no_shita),79
tatsuki_asuka,79
el_(sound_horizon),79
maeda_yuki,79
tamaki_mone,79
mayuzumi_yukie,79
vanessa_(pgr),79
ume_(ittla),79
harumi_sawara,79
hamano_kaiji,79
kurotowa,79
nazrin_(mouse),79
azuma_satori,79
matthias_(project_moon),78
ryuzen_nikomi,78
sadina_(tate_no_yuusha_no_nariagari),78
hase_maria,78
angelina_(ambience_synesthesia_2021)_(arknights),78
shania_(xenoblade),78
merchant_(resident_evil),78
limealicious_(1st_costume),78
haneuzu_miuneru,78
kurioshi_fio_(satou_(3366_s)),78
dom_(animal_crossing),78
shiho_(juukyuu),78
ex_(grimms_notes),78
oichi_(sengoku_musou),78
yukimura_seiichi,78
taiyou_akari,78
yugiri_mistwalker,78
distortion_(tma),78
nanakase_yashiro,78
sevika_(arcane),78
blade_(marvel),78
yae_miko_(2nd_anniversary),78
yuzuki_kanaha,78
dragon_knight_(dota),78
hoshino_sora_(enuni),78
steel_haze,78
kin_(senukin),78
wazy_hemisphere,78
akatsuki_(akatsuki_en-eins),78
strago_magus,78
seong_junsoo,78
archnemon,78
coldshot_(arknights),78
sakurai_miwako,78
onodera_punpun,78
ice_king,78
tokino_sora_(birthday_2022),78
mast_(romantic_maid)_(tea_service)_(nikke),78
magna_naumann_(arknights),78
yuri_(brown_dust),78
yuki_(kimi_wa_meido-sama),78
mireille_lerner,78
kagura_san,78
arius_student_(gl)_(blue_archive),78
super_sass_(mod3)_(girls'_frontline),78
painleve_(azur_lane),78
akuma_gaoru,78
yamada_ichiro_(tdd_era),78
black_mage_(fft),78
misaki_(doa),78
perro-kun_(dagasi),78
shigure_(saury_festival)_(kancolle),78
yexiao_(shining_nikki),78
mytho_(princess_tutu),78
type-00r_(muv-luv),78
arcana_trust,78
toneri_nikako,78
brennus_(azur_lane),78
alatreon,78
lee_roha,78
oozora_subaru_(school_uniform),78
kuroha_neko,78
gatrie_(fire_emblem),78
nasu_rei,78
kaga_sumire_(6th_costume),78
maeda_matazaemon_wanko_toshie,78
liquid_metal_slime_(dq),78
sorano_minori,78
phantom_(hollow_knight),78
itadori_kaori,78
???_(assault_lily),78
sava_k_zeos,78
uehara_yui,78
tsutsujimori_rosho,78
alias_anono,78
shovel_knight_(character),78
gekota_(character),78
nana_(eleazarmikai),78
rta-chan,78
emma_grace_rosenthal,78
eggnog_cookie,78
akris_(deer_chang),78
crystal_beast_ruby_carbuncle,78
natsume_kei_(sakura_no_uta),78
lisa_(pso2),78
heartsteel_aphelios,78
ancie,78
sawsbuck_(autumn),78
kamen_rider_gaim_(orange_arms),78
wen_xiaomian,78
noda_kotone,78
cloud_strife_(murasame),78
taketomi_aya,78
frogiwawa,78
callie_(summer_nights)_(splatoon),78
yorumi_rena_(11th_costume),78
shiisaa_lefty,78
amakusa_kotone,78
isumi_haruka,78
oumi_(azur_lane),78
buena_vista_(old_design)_(umamusume),78
nitocris_alter_(first_ascension)_(fate),78
daiyousei_mob_(touhou),78
beni_(pokemon),78
yamakawa_michiko,78
san_hoshi,78
silence_(frosted_breath)_(arknights),78
kazanari_genjuurou,78
l'opiniatre_(azur_lane),78
nishikawa_honami,78
zoisite_(sailor_moon),78
lewyn_(fire_emblem),78
sun_shangxiang_(shin_sangoku_musou),78
pippi_panini_(basedbinkie),78
adon_(street_fighter),78
commander_(16personalities),78
unown_!,78
sen_no_rikyuu_(sengoku_bushouki_muramasa),78
attilio_regolo_(azur_lane),78
pechika_(mahoiku),78
gogeta_(xeno),78
marshall_lee,78
dougal_flopguy,78
kanzaki_ouka,78
himemori_luna_(dress),78
asta_rindo_(rariatto),78
orbulon,78
raihan_(anniversary_2022)_(pokemon),78
forsyth_(fire_emblem),78
hacchi_(napoli_no_otokotachi),78
shirakaba_risa,78
sylpheed,78
shaun_(shadows_house),78
peppita_rossetti,78
aerith_gainsborough_(festive_crimson_attire),78
aero_(mega_man),78
vesves_(sailor_moon),78
siberian_husky_(kemono_friends),78
hakugei_(re:zero),78
apophis_(monster_girl_encyclopedia),78
torisumi_horou,78
mp7_(lollipop_ammo)_(girls'_frontline),78
hawk_(nanatsu_no_taizai),78
agitha,78
baltimore_(evening_breeze_minuet)_(azur_lane),78
vanica_zogratis,78
kitora_ai,78
vampire_(little_devil_in_white)_(azur_lane),78
gasper_vladi,78
rudy_(rariatto),78
brynhild_(cheer_for_master)_(fate),78
uehara_rin,78
guts_man,78
note_(dragon_ball),78
kome-kome_(human),78
khun_aguero_agnis,78
kumamori_kurumi_(unomiki),78
mifune_chihaya,78
akira_(cookie),78
star_guardian_lulu,78
rianastia_flugel,78
illyasviel_von_einzbern_(swimsuit_archer)_(third_ascension),78
helmet-chan_(girls_und_panzer),78
hizen_tadahiro,78
ayase_yuka,78
tsukino_mito_(moon!!),78
milia_leclerc,78
violett_(k-rha),78
harryham_harry,78
ryuji_satake,78
athena_(ff14),78
honey_badger_(girls'_frontline),78
suki_(avatar),78
selena_(junkzero),78
maiden_(under_the_sun)_(nikke),78
gundam_epyon,78
nishikawa_youko,78
meikko-chan_(j7w),78
tomatita,78
suzushiro_akane,78
d.va_(gremlin),78
scythana,78
katsushika_hokusai_(painting_summer)_(fate),78
kaizuka_yuki,78
presa_(tales),78
sakurane_shoka,78
bliss_barson,78
gundam_age-1_titus,78
okura-chan_(at_nya5)_(character),78
kamishiro_sui,78
youko_(inukami),78
nanase_(arika),78
kamishiro_rin,78
estel_freesia,78
strada,78
odori_momoha,78
sansin_jin,78
the_pallid_whale,78
dayoon,78
yumasaki_walker,78
sakurano_otoha,78
gg-chan,78
emily_armond,78
anavel_gato,78
yonomori_benio,78
aizawa_tomomi,78
futao_miruku_(riki),78
kinzoku_bat,78
cthugha_(housamo),78
han_soo-min_(hanny),78
mashiroma_zenima,78
shiranui_(onmyoji),78
renard_beauchene_(nat_the_lich),78
chigusa_kasumi,78
kogasa-san's_mother,78
nirvana_(blazblue),78
tabe_ayumu,78
aki_tomoya,78
drake_(pokemon),78
asura_(elsword),78
michele_crispino,78
lisanna_strauss,78
yuki_(peach88),78
laevatein_(schwertform)_(nanoha),78
junomon,77
uruuru,77
saraana,77
desert_sorceress,77
aoyagi_tsubaki,77
cleo_(king's_raid),77
otonashi_ayana_(subarashiki_hibi),77
elia_stellaria,77
otonashi_ichie,77
fee_(fire_emblem),77
sasahara_nonoka,77
tetsujin_28,77
mcgillis_fareed,77
machias_regnitz,77
kal'tsit_(advisor)_(arknights),77
olivier_(project_moon),77
shuma_gorath,77
yamata_no_orochi_(kemono_friends),77
flounder_(the_little_mermaid),77
mega_gyarados,77
toriumi_isako,77
miyanaga_nonoka_(real),77
zhiyu_moke,77
vel'koz_(league),77
solitar_(sousou_no_frieren),77
lanino_(deltarune),77
boa_sandersonia,77
cat_peach,77
juno_(beastars),77
suna_rintarou,77
shiori_(tateha),77
wii_fit_trainer_(male),77
elu_(8th_costume)_(nijisanji),77
mutsumi_(juukyuu),77
gilzaren_iii_(1st_costume),77
jinguuji_marimo,77
mephilas_seijin,77
u-2501_(azur_lane),77
barbeloth_(genshin_impact),77
symphony_meiko,77
lady_lucerne_(ironlily),77
janus_(fright-night_scaredy-cat)_(azur_lane),77
urd_(second_ascension)_(fate),77
tifa_lockhart_(battler_ensemble),77
scholar_(elden_ring),77
nekoyo_chloe,77
zamazenta_(hero),77
bt-7274,77
shiori_novella_(holonatsu_paradise),77
rose_(nikke),77
freya_(chobits),77
verthandi_(aether_gazer),77
seike_tomoyo,77
rainfall_&_blossoms_(infinity_nikki),77
himeno_fuyuhi,77
glasses_kappa,77
super_bunyan_(fate),77
sierra_(shironeko_project),77
qu:_pavo_(pgr),77
kaga_sumire_(9th_costume),77
tsukishima_shijima's_sister,77
gracebearer_(arknights),77
zentreya_(dragon)_(1st_costume),77
meicha_(vtuber),77
akaori_umeka,77
kansas_(azur_lane),77
liete_(grandia),77
professor_rowan,77
idunn_(megami_tensei),77
maushold_(family_of_three),77
offmon,77
daruma_is_god,77
xingye_(xing),77
umaro,77
firefly_(on_the_journey)_(honkai:_star_rail),77
takada_satsuki,77
dana_(pokemon),77
yome_(akuyome),77
kamogumi_(kanna_yanagi),77
minamoto_kou,77
roomi,77
yurika_(tiny_evil),77
toyosaki_aki,77
kaga_sumire_(4th_costume),77
lettanya,77
star_ciel_(fate),77
nonoka_(arcaea),77
lass_(pokemon_oras),77
sally_whitemane,77
sumikaze_touko,77
doll_(one_piece),77
hekapoo,77
bos_brunnen,77
ferus_(ragnarok_online),77
dodo_(black_souls),77
ultraman_trigger,77
ayumi_(princess_connect!),77
sistermon_ciel,77
baby_(dragon_ball),77
iris_(ace_attorney),77
william_adler_(the_smoke_room),77
asaoka_natsumi,77
veronica_(brave_princess)_(fire_emblem),77
newt_scamander,77
takao_(inner_cultivation)_(azur_lane),77
meroron_(fairy)_(precure),77
shimizu_eliza,77
queen_chrysalis,77
ao_run_(nezha_zhi_motong_jiangshi),77
king_of_greed,77
leo_(warzard),77
springfield_(o_holy_night)_(girls'_frontline),77
chroma_(dreamycakesss),77
yoshimitsu_(senran_kagura),77
nira-chan_(mirror_tune)_(zutomayo),77
alfred_(bloodborne),77
mizuki_shiori,77
aruvina_(gu_luco),77
apricot_the_lich_(goth),77
caren_(mermaid_melody_pichi_pichi_pitch),77
mayors_(project_moon),77
amamiya_kokoro_(6th_costume),77
the_guide_(lake_of_voices),77
kirisame_marisa_(witch_of_scarlet_dreams),77
galarian_darmanitan_(standard),77
kazagumo_(swimsuit)_(kancolle),77
crownslayer_(npc)_(arknights),77
mollie_(pokemon),77
rosa_(champion)_(pokemon),77
bluey_heeler,77
bai_zhong_(false_memory),77
grape_(vtuber),77
mary_read_(swimsuit_archer)_(first_ascension)_(fate),77
ruijerd_superdia,77
gotoh_naoki,77
dynatron_(mighty_no._9),77
rin_(princess_connect!),77
trance_(hijiri),77
leon_(idolmaster),77
melody_(projektmelody)_(1st_costume),77
polterpup,77
teddy_(mother),77
sotoka_rakita,77
fujisaki_yua,77
kashiwagi_kaoru,77
ravness_loxaerion,77
crimson_typhoon,77
zuihou_(lawson)_(kancolle),77
kaela_kovalskia_(new_year),77
binchou-tan_(character),77
jimiko-chan_(tatsubon),77
kitamura_eri,77
anki-ereshkigal_(fate),77
night_strait_princess_(black),77
akagi_(sasebo)_(kancolle),77
desert_eagle_(girls'_frontline),77
spectre_(off),77
nanase_(under_night_in-birth),77
tachikawa_kei,77
pamiat_merkuria_(caged_minx)_(azur_lane),77
glorybringer_(granblue_fantasy),77
bito_raimu,77
miette_(pokemon),77
akazaki_kokoro,77
cinnabar_(path_to_nowhere),77
ptrd_(girls'_frontline),77
yuri_eberwein,77
boukou-chan_(tokiwata_soul),77
someoka_ryuugo,77
kosuzu_(senran_kagura),77
shinra_infantry,77
enamorus_(incarnate),77
gigantamax_meowth,77
maya_schrodinger,77
emu_alice,77
spider_(minecraft),77
peridot_(jewelpet),77
akasha_(syakoba),77
emma_(project_moon),77
star_guardian_janna,77
virion_(fire_emblem),77
minamoto_kouji,77
vanessa_enoteca,77
momo_(avatar),77
hammerhood_(dragon_quest),77
nyto_(generic)_(girls'_frontline),77
aoi_anna,77
momo_(sasai_saji),77
mugi_(cookie),77
freodore_(nijisanji),77
okita_souji_(hakuouki),77
mary-san,77
sinsa_(alchemy_stars),77
kusunoki_aroma,77
natsume_eri_(vtuber),77
ludwig_the_accursed,77
selena_lewis,77
sasagawa_kyouko,77
ryme_(pokemon),77
dodo_(kemono_friends),77
cygnet_(royal_fanfare)_(azur_lane),77
awakusu_akane,77
lochi's_character,77
panchito_pistoles,77
inaba_gou_(tenka_hyakken),77
lexaeus,77
grillby,77
ichiko_(osomatsu-san),77
utsunomiya_toramaru,77
amata_sora,77
kanjira,77
domas,77
hatabou,77
manyuu_chifusa,77
chihaya_gunzou,77
veigue_lungberg,77
iwata_satoru,77
ennis,77
tomboy_childhood_friend_(cccpo),77
akane_soir,77
floe_(simoun),77
rosalina_(pro_racer),77
sweater_girl_(dr_graevling),77
yuinshiel_asteria,77
robba-san_(wangphing),77
biwa_hayahide_(rouge_caroler)_(umamusume),77
sakata_ginko,77
tamamo_(yagi),77
magical_mirai_miku_(2014),77
gaz_(call_of_duty_4),77
millie_chliette,77
kashii_eiji,77
emile_bertin_(azur_lane),77
asahina_natsuki,77
mega_beedrill,77
uexkull,77
akutare_(disgaea),77
yoshino_junpei,77
kiyone_suzu,77
hirokazu_sasaki,77
blanche_neige_(svet_yomi),77
harakawa_tamako,77
caitlyn_(legacy),77
lapis_(sennen_sensou_aigis),77
todoko_(osomatsu-san),77
hanamura_shoma,77
exelica,77
ueno_naoka,77
guu_(ozu_(oz_yarimasu)),77
shirayuki_(akagami_no_shirayukihime),77
tsukidate_chiyo,77
kawai_eno_(wanashi_tam),77
mayumi_thyme,77
michelle_cheung,77
rapha_galthena,77
seto_rika,77
mikado_nagi,77
shiina_minatsu,77
hazuki_shizuku,77
john_(tiger_&_bunny),77
hinako_(sister_princess),77
guan_yinping_(shin_sangoku_musou),77
ten-chan_(pan_(mimi)),77
rindou_fumi,77
hayama_kotono,77
machi_kyouko,77
akehana_yuzuki_(wanashi_tam),77
sentry_turret_(portal),77
susumu-sensei,77
kannei_(koihime_musou),77
caltina_(pepekekeko),77
sheep_(trickster),77
zazie_rainyday,76
isha_(arcane),76
cecilia_immergreen_(holonatsu_paradise),76
luna_wright,76
jabba_the_hutt,76
kazama_ritsuko,76
zeta_plus,76
k9-17_izuna,76
snoutlet_(mario),76
skadi_the_corrupting_heart_(red_countess)_(arknights),76
rouge_the_bat_(business_tycoon),76
reborn_(reborn),76
wonder_of_u,76
lucario_(ruins),76
tenochtitlan_(academy_outfit)_(fate),76
chahakobi_meguri,76
takao_kanon,76
shinegreymon,76
vita_(arcaea),76
sakiri_(nte),76
shadow_sae,76
millie_(helluva_boss),76
shoemon,76
callisto_(project_moon),76
cole_(ninjago),76
zonda_(gunvolt),76
eruka_frog,76
rapp_(grandia),76
bon_homme_richard_(azur_lane),76
nishiki_asumi,76
hala_morley,76
jobski,76
mimi_(paper_mario),76
tifa_lockhart_(passion_mermaid),76
coralie_6626_planck_(behold!_fate-defying_dragon),76
doro-c,76
muffin_(sanrio),76
rosmontis_(an_airy_dream)_(arknights),76
o'saa_(fear_&_hunger),76
an_shan_(azur_lane),76
fuma_(senran_kagura),76
francine_smith,76
barack_obama,76
nun_nun_(tokino_sora),76
ichikawa_reno,76
kanon_(pripara),76
kushikawa_hatoko,76
onikabuto_(genshin_impact),76
higero_(wataten),76
odo-chan_(ado),76
junior_(idolmaster),76
hirasaka_hatsune,76
saber_(fire_emblem),76
rufus_albarea,76
japanese_hare_(kemono_friends),76
elder_marine_brother,76
aisha_(last_origin),76
princess_cadance,76
guilty_(wave_of_disbelief)_(nikke),76
odin_(azur_lane),76
inagaki_minami,76
lappet-faced_vulture_(kemono_friends),76
chaos_gerda_(grimms_notes),76
leluna,76
forget_me_not_(reverse:1999),76
aedon_(genshin_impact),76
sengoku_(one_piece),76
billy_coen,76
zemi_mama,76
kuma_(tekken),76
godrick_the_grafted,76
mika_returna,76
suntory_nomu,76
dia_(shugo_chara!),76
matt_(death_note),76
tenjouin_katsura,76
odin_(final_fantasy),76
tomioka_tsutako,76
supergirl_(2004_costume),76
slave_ignis,76
megu_(swimsuit)_(blue_archive),76
mountain_(hardcore_rider)_(arknights),76
margaret_(rune_factory),76
satake_mei,76
yazawa_cocoro,76
hero_chao,76
kobayashi_chihiro_(bokuyaba),76
kanon-chan_(amaming),76
ayase_eli_(summer_training_wear),76
big_zam,76
central_princess,76
hinata_ema_(aikatsu_friends!),76
agatsuma_kei,76
hunk_(voltron),76
shiina_hiyori,76
nitta_isamu,76
jingei_(swimsuit)_(kancolle),76
valstrax,76
firewhistle_(arknights),76
katou_juri,76
hide_(acceed),76
fujimura_shizuru,76
croque_(neural_cloud),76
k9999,76
takanashi_misha,76
mg36_(girls'_frontline),76
hotarugusa_(onmyoji),76
rin_(dungeon_meshi),76
ghostmon,76
ichijou_raku,76
senomiya_misaki,76
kikkou_sadamune,76
sayuri_(k_pring),76
beelzebub_(granblue_fantasy),76
shiro_(bombergirl),76
nico_(kyata-ti666),76
shenhua,76
loussier_ellerensia,76
grog_strongjaw,76
kouzaku_mitori,76
sangonomiya_kokomi_(sushiro),76
noshiro_(hold_the_ice)_(azur_lane),76
youjo_milk,76
blood_devil_(chainsaw_man),76
miranda_lawson,76
de-chan_(belko),76
arnas_(yoru_no_nai_kuni),76
lucia_(lunar),76
yuri_alpha,76
ibuki_mio,76
hateful_avenger_(arknights),76
yuzu_(winter)_(blue_archive),76
diego_armando,76
angry_adelie_(blue_archive),76
dahlia_(pokemon),76
toramimi-senpai,76
kawaii_kotarou,76
principal_(to_love-ru),76
julia_suga,76
cirucci_sanderwicci,76
girl_from_the_illusionary_world,76
jowy_atreides-blight,76
ruka_(cookie),76
tawna_bandicoot,76
sugiru_(napoli_no_otokotachi),76
leon_(fire_emblem_echoes),76
little_princess_(guardian_tales),76
hououji_akane,76
badeline,76
margaretha_zelle,76
roro_(roshi_to),76
preschooler_(pokemon),76
lola_loud,76
bou_(sen_to_chihiro_no_kamikakushi),76
souma_hayate,76
striated_caracara_(kemono_friends),76
ronomiya_hinagiku,76
chuushuu_meigetsu_miku,76
gracia_(sengoku_musou),76
masked_man_(mother_3),76
ivan_whisky,76
valkyrie_(last_origin),76
merida_angel,76
ena_(tsukiman),76
chelsea_(7th_dragon),76
yui_(joshi_kousei_rich_thots),76
purple_kecleon,76
moffle,76
shinozaki_ayumi,76
nazuna_(flower_knight_girl),76
nagase_iori,76
hakan,76
cha_(kancolle),76
cui_yifei,76
abyssal_jellyfish_princess,76
wizard_(dragon's_crown),76
alicia_(valkyrie_profile_2),76
kolulu_(granblue_fantasy),76
childhood_friend_(yago8_pp3),76
maika_(vocaloid),76
ventricosus,76
nanamori_(stpri),76
agemaki_wako,76
eska_bamel,76
pudding_(zoza),76
mikko_leminen,76
calen_(time_bokan),76
professor_utonium,76
fujimaru_ritsuka_(male)_(royal_brand),76
mikhael_(omori),76
kazama_souya,76
tirpitz_(snow-melting_summer)_(azur_lane),76
tazuna_joe,76
hayashi_kotoyo,76
shimon_(shimotsuma),76
purestream_(arknights),76
fugo_dressel,76
alice_(as109),76
sanada_tatsuki,76
tiona_(rumie),76
machina_(dragonaut),76
elf_bishop_(kirishima_satoshi),76
ichinomiya_eruna,76
kentou_kanami,76
miki_(zan_nekotama),76
minori_(log_horizon),76
zaion_lanza,76
cocoa_cookie,76
housen_elis,76
imperfect_cell,76
mega_salamence,76
shirasu_(mashiro_(rikuya)),76
mifilinah_jegell,76
houtou_(koihime_musou),76
bouhatei_tetora,76
the_idealist_(reverse:1999),76
garjana,76
garushaa_wolfein,76
onizuka_saori,76
shiratori_suzune,76
fujiwara_yuusuke,76
archer_(fft),76
lian_(aohada_bocchi),76
bema_(sinsekai),76
anguished_one,75
richard_p._leary_kai_(kancolle),75
chihiro_(pajamas)_(blue_archive),75
karan_eri,75
nihilux_(aeon_aha)_(honkai:_star_rail),75
meowbot,75
dark_exs-tia,75
hero_(birthday)_(omori),75
green_goblin,75
pyra_(switch_2)_(xenoblade),75
loen_(shining_nikki),75
otaku-kun_(shashaki),75
every_catherine_(project_moon),75
fuzuki_miki,75
roca_rourin,75
ryuuga_(cookie),75
fastener_(psg),75
gihren_zabi,75
kuzuryu_chisei,75
haibara_ayako,75
eboshi,75
ninja_(tera_online),75
shattered_omori_(omori),75
hoshimachi_suisei_(supernova),75
unfezant_(female),75
sol_(neural_cloud),75
hatsune_miku_(heart_hunter),75
micolash_host_of_the_nightmare,75
british_admiral_(y.ssanoha),75
beatrix_kiddo,75
bear_(summernight_12),75
aayla_secura,75
yoshioka_mamoru,75
corroserum_(arknights),75
hishi_miracle_(casual)_(umamusume),75
barnabas_tharmr,75
she-venom,75
mizutori_atori,75
ursula_(disney),75
wandjina_(fate),75
konkon_aria,75
iowa_(swimsuit)_(kancolle),75
eos_(neural_cloud),75
yoshida_serina,75
kaibutsu_(.flow),75
p-3_(atomic_heart),75
shamare_(echo_of_the_horrorlair)_(arknights),75
damian_blackwood,75
mako_fukasame,75
purple_heart_(4go)_(neptunia),75
sumire_(path_to_nowhere),75
umarmy_(tomoe_umari),75
hawkgirl,75
natsu_kanna,75
agent_gulliver_(zenless_zone_zero),75
kirishima_yurika,75
seia_(harem)_(blue_archive),75
osvald_v._vanstein,75
arya_kuroha,75
komiya_(hyakuemu),75
tachibana_hinano_(4th_costume),75
mukoda_saeko,75
koubu,75
zarbon,75
momochi_zabuza,75
houshou_marine_(holonatsu_paradise),75
queen_grimhilde,75
firefox-tan,75
kaito_(neko_cyber)_(vocaloid),75
blaze_the_cat_(titan_of_industry),75
minko_xiv,75
shirakawa_yuina_(midsummer_gendarmerie),75
nekoyashiki_miku,75
uraume_(jujutsu_kaisen),75
mint_(leisurely_holiday)_(nte),75
centi_(ocean_repair)_(nikke),75
faerie_(seiken_densetsu_3),75
mymy_schoppenboer,75
zacharie_(off),75
tatsuki_midoriya,75
shigure_(retrofit)_(azur_lane),75
shiraishi_haruhi_(yugaa),75
sasayuri_(genshin_impact),75
ookuma_wakana,75
starbucks_siren,75
point_(vocaloid),75
slipstream_(transformers),75
sahara_makoto,75
architect_(nvw_model)_(girls'_frontline),75
lee_(saraki),75
furiae,75
hiiragi_mayuki,75
grizzly_mkv_(teddy_transform!)_(girls'_frontline),75
tamamo_cat_(lostroom_outfit)_(fate),75
heavyrain_(tranquil_moss)_(arknights),75
xingqiu_(bamboo_rain)_(genshin_impact),75
no_(sengoku_musou),75
yoshizuki_iori,75
ohta_yuu,75
x95_(girls'_frontline),75
shiki_souma,75
hinano_(joshi_kousei_rich_thots),75
shirayuki_(warship_girls_r),75
sadi-chan,75
oozaru,75
bisty_(forestia),75
park_noah,75
qiuhua_(girls'_frontline_2),75
tezcatlipoca_(second_ascension)_(fate),75
yasopp,75
s-hawk,75
grain_buds_(arknights),75
sakura_miko_(micomet),75
gumi_(ai_megpoid),75
lewis_hamilton,75
tanezawa_nanami_(rouka),75
n-z,75
wa2000_(haunted_castle)_(girls'_frontline),75
leviathan_(final_fantasy),75
amaguni_hitoya,75
ultraman_decker,75
murano_sayaka_(swimsuit),75
konril,75
shinobu_jacobs,75
gynger_edventray_(hiiragimare),75
kaiten_fx_mk.0_(blue_archive),75
akuma_nihmune_(demon_past),75
tecno_(arknights),75
mochizuki_chiyome_(first_ascension)_(fate),75
phantom_(zelda),75
neon_harper,75
purple_sister_(lilac_mk2),75
edelgard_von_hresvelg_(hegemon_husk),75
tai_yuan_(azur_lane),75
inugami_korone_(wonderland),75
yun_wuyue_(gujian_qitan),75
angkor_(elsword),75
el_mofus,75
van_fanel,75
sena_mirai_(hara_hara!!),75
seena_kanon,75
dr._arinsu,75
mana_(yoye_(pastel_white)),75
ash's_rat_(apex_legends),75
kikimora_(monster_girl_encyclopedia),75
szayelaporro_granz,75
alcremie_(flower_sweet),75
mo_qingxian,75
greater_bird-of-paradise_(kemono_friends),75
alcremie_(clover_sweet),75
the_baddest_ahri,75
johann_trinity,75
iron_maiden_jeanne,75
leonis_death_magnus,75
balor_(housamo),75
jimmy_olsen,75
lily_artemis_ii_(stellar_blade),75
shibata_mizuki,75
mighty_strike_freedom_gundam,75
jaeger_(girls'_frontline),75
rei_(puyopuyo),75
otowa_kanae,75
rai_bolim,75
cammy_white_(battle_outfit),75
northampton_(azur_lane),75
skull_knight_(berserk),75
satou_kotarou_(fairytale_police_hoe_department),75
satomi_nayuta,75
lily_rain,75
nijino_saki,75
ember_(jejejunum),75
doopliss,75
harie_(granblue_fantasy),75
centi_(nimu),75
eve_(2nas)_(elsword),75
yotsutsuji_mayoi,75
watagi_michelle,75
clyde_donovan,75
hayasaka_mei,75
ayanami_(low-key_idol_@confused)_(azur_lane),75
elliot_leucosia,75
sekhmet_(palworld),75
glavenus,75
kuramoto_erika,75
shakti_(elsword),75
ultraman_mebius,75
jeritza_von_hrym,75
ohtsuka_miyako_(calm_mashiro),75
latina_(uchi_no_musume_no_tame_naraba),75
cowardly_lion,75
dr._gero_(dragon_ball),75
merric_(fire_emblem),75
kinnikuman_(character),75
sashinami_shouko,75
pyroar_(female),75
doomfist_(overwatch),75
deerling_(winter),75
moneko_(kokaki_mumose),75
9-volt,75
sono_chieri,75
nakamachi_arale_(real),75
honolulu_(among_the_stalls)_(azur_lane),75
minai_karte,75
mudrock_colossus_(arknights),75
aomi_maika_(karory),75
j_(closers),75
ginny_weasley,75
cho_marisa,75
wendy_crawford,75
ein_(phantom_of_inferno),75
hina_(koucha_rakkyo),75
pinky_(pac-man),75
naotsugu_(log_horizon),75
hizuki_miu,75
kita_ichiban,75
inuyama_akari,75
urushia_(okame_nin),75
jinguu_shion,75
nasuhara_anastasia,75
ikazuchi_(yukata)_(kancolle),75
johnny_bravo,75
ayuzawa_misaki,75
lieri_bishop,75
patrick_bateman,75
lionel_messi,75
johann_sebastian_bach_(classicaloid),75
meg_(bakuretsu_tenshi),75
punk_girl_(pokemon_masters_ex),75
usagyaru_(rangu),75
ryuko_(oggyoggy),75
shiranami_ramune_(4th_costume),75
morinas_(simoun),75
sue_(fire_emblem),75
shihoru_(grimgar),75
jijo_(kakitama),75
yomogawa_ayame,75
wkp_(girls'_frontline),75
charlotte_christine_de_colde,75
princess_aeolian,75
hilda_(beelzebub),75
levana_violette_(lusan666),75
im_gyeong-eop_(project_moon),75
kurosawa_haruto,75
yonehara_sousuke,75
namiko_(ssss.gridman),75
weiss_(arcana_heart),75
racing_miku_(2015),75
magrona,75
rococo_urupa,75
ingway_(odin_sphere),75
ichihara_chiaki,75
kaga_(exalted_white_wings)_(azur_lane),75
iinchou_(trouble_spirit),75
amaha_rihoko,75
toujou_ruby,75
ezomori_nozomu,75
naomi_evans,75
kannazuki_tamaki,75
suga_kyoutarou,75
iwami_sayaka,75
matsubara_saya,75
mizuki_saori,75
araki_rena,75
lemo_(dragon_ball),75
isara_gunther,75
noire_kooshe,75
shimakoshi_tsukimi,74
takatsuki_shiori,74
rhyno_(yuushakei_ni_shosu),74
celeste_(animal_crossing),74
monarch_amalee_(mafia),74
grimmi_(1st_costume)_(vtuber),74
yonaga_soshiro,74
kanae_(14th_costume)_(nijisanji),74
vinsmoke_yonji,74
coola_(en_ciel_rena),74
celine_(teatime_garb)_(fire_emblem),74
team_skull_grunt_(female),74
unohana_no_sakuyahime,74
rogue_(savage_south)_(x-men),74
chonkers_(takanashi_kiara),74
enfer_(path_to_nowhere),74
pancake_bunny_(omori),74
shiratama_liliana_(magister),74
ricardo_(project_moon),74
amaki_ren,74
raph-chan,74
mint_fantome_(summer),74
ookami_mio_(our_sparkle),74
benny_(fire_emblem),74
nachi_(senran_kagura),74
ghost_(psg),74
blueno,74
littorio_(swimsuit)_(kancolle),74
pan_(xeno)_(dragon_ball),74
elysia_(summer_2024)_(honkai_impact),74
izumi_ken,74
march_7th_(feast)_(honkai:_star_rail),74
ethan-baron_v._nusjuro,74
paper_peach,74
saileach_(appreciate_fragrance)_(arknights),74
laxia_von_roswell,74
vika_(fire_emblem),74
nimi_nightmare_(goth),74
emeraldas,74
nanako_(houkago_no_pleiades),74
george_russell,74
obsumin,74
yazawa_cocoa,74
mist_dragon,74
entelechia_(dazzling_blue)_(arknights),74
boogiepop_(character),74
chifuin_gyai,74
eidsvold_(kancolle),74
taski_maiden_(ena),74
takane_lui_(new_year),74
cure_magical_(ruby_style),74
ed_(trickcal),74
tanaka_keiko_(ado),74
forte_(crystalplanet00),74
satsuki_(reverse:1999),74
kohaku_(rune_factory),74
ciel-sensei_(fate),74
mikogami_kotone,74
gorizia_(azur_lane),74
ice_god_(jimini_shijimi),74
nishiwaki_yuuko,74
halmarut_(ff14),74
cure_mofurun,74
herrscher_of_sentience_(onyx_simurgh),74
kronshtadt_(begin_the_rush!)_(azur_lane),74
prinz_eugen_(brilliant_touchdown)_(azur_lane),74
musashibou_benkei_(ikkitousen),74
annyui_(cookie),74
jack_frost_(rise_of_the_guardians),74
four_arms_(ben_10),74
kuune_(asobi_ni_iku_yo!),74
tifa_lockhart_(bahamut_suit),74
vladimir_(league),74
uesugi_kenshin_(third_ascension)_(fate),74
hoshina_shuuji,74
debater_(16personalities),74
alune_(league),74
ichikura_hayate,74
caelus_(vim_and_vigor)_(honkai:_star_rail),74
suou_katsuya,74
nanaka_(neural_cloud),74
berrycrepe,74
aurelia_le_guin,74
loch_ness_monster,74
opera_(iruma-kun),74
mika_(veyonis),74
haru_(cevio),74
sam_wilson,74
jumbo_(yotsubato!),74
qin_shi_huang_(shuumatsu_no_valkyrie),74
haruna_konomi,74
tateyama_kenjirou,74
ming_yi,74
berit_(eisu),74
saeki_haruko_(idoly_pride),74
matsubara_honoka,74
kanan_(genjitsu_no_yohane),74
tarzan_(disney_character),74
elon_musk,74
dietrich_gregor_lamine,74
mako_(avatar),74
rara_(g_(genesis1556)),74
seraph_dazzlegarden_(1st_costume),74
uratanuki,74
gecko_zen,74
sakai_jin,74
koubuin_yuuhi,74
seri_(zankuro),74
fire_kirby,74
sergeant_joo,74
hayasui_(zuiun_festival)_(kancolle),74
akagi_wen_(1st_costume),74
garon_(fire_emblem),74
muimi_(princess_connect!),74
fusaichi_pandora_(assorted_cuteness)_(umamusume),74
mikuri_ayame,74
mr._wolf,74
jeice,74
ofelia_(gogalking),74
ibara_muan,74
kitou_akari,74
mother_superior_(diva),74
arius_student_(smg)_(blue_archive),74
eepy_sleepy_(sleepy_2.0),74
lady_in_azure,74
hero_(dq9),74
tsubakihime_(youkai_watch),74
artesia_som_deikun,74
plana_(swimsuit)_(blue_archive),74
hyuna_(zombie_stage),74
yuki_len,74
nehan_(granblue_fantasy),74
meilin_lee,74
samura_seiichi,74
anrakutei_kukuru,74
basculin_(blue),74
futami_shun,74
more_more_jump!_len,74
miss_siamour,74
shadow_yousuke,74
ntw-20_(the_aristocrat_experience)_(girls'_frontline),74
sir_ansbach,74
br'er_fox_(disney),74
sarah_zabiarov,74
foxhound_(azur_lane),74
producer_(idolmaster_cinderella_girls_u149),74
peke_(zannen_onna-kanbu_black_general-san),74
altea_aquila_(jain_no_ikenie),74
deku_link,74
ev3_(junkzero),74
neon_katt,74
kuzakura_mika_(kuromiya),74
marikawa_kumi,74
priest_(warcraft),74
erma_(girls'_frontline),74
miranda_lotto,74
aether_(hot_springs)_(genshin_impact),74
lilivia_(imazawa),74
aruma_(shinrabanshou),74
laguna_(granblue_fantasy),74
idol-chan_(rangu),74
kawahara_masashi,74
sakurada_akane,74
otomachi_una_(voicepeak),74
anata-chan_(love_live!),74
retsuko,74
toba_minami,74
maria_tr,74
hayasaka_miura,74
aramaki_scaltinof,74
cyron_tanryoku,74
bismarck_zwei_(crystal-clear_holiday)_(azur_lane),74
kagari_kitsune,74
ou_taiga,74
frye_(splatoween)_(splatoon),74
scp-173,74
bask_om,74
ashtoreth_illacrimo,74
saber_(summer_battle_clothes)_(fate),74
zhou_mingrui,74
griseo_(summer_as_a_painting),74
maille-breze_(azur_lane),74
rice_shower_(boc'z)_(umamusume),74
takamine_kiyomaro,74
motomiya_nagisa,74
munakata_isaomi,74
oribe_mafuyu,74
naishi-chan,74
ichinose_kazuya,74
aphilia_(kiyomin),74
ciel_(bird/binary),74
bonnie_(bunny_gif),74
ayer,74
sakai_wakana,74
mega_eelektross,74
theodor_edelbach,74
kurihara_mari_(prison_school),74
casablanca_(azur_lane),74
teba_(zelda),74
brown_hair_girl_(nagioka),74
aurora_(kanachirou),74
ficus_finis,74
yarne_(fire_emblem),74
cinderella_(queen's_blade_grimoire),74
nemui_nemu,74
connie_(mario),74
baekto_(last_origin),74
miura_daisenpai,74
apple_(the_fruit_of_wisdom)_(reverse:1999),74
sharon_rainsworth,74
lee_rein,74
maid-chou_(maoyuu),74
manabe_jin'ichirou,74
tsukahara_shizuku,74
furukawa_uta_(yukimoto_shuuji_(gurigura)),74
terufu-chan,74
maga-reimu,74
fujiki_kouta,74
rhaast,74
rei_(granblue_fantasy),74
ninomiya_masataka,74
sierokarte,74
itami_youji,74
yuuta_kanami,74
mostima_(sports)_(arknights),74
princess_white_rose,74
mii_(popotan),74
june_lin_milliam,74
eddie_(guilty_gear),74
shirami_souko,74
follower_(yagisaka_seto),74
nakamura_kana,74
dudunsparce_(two-segment),74
uzuki_tooru,74
manaka_(sumiyao),74
ikaruga_(rune_factory),74
kai_(ninjago),74
kamen_rider_stronger,74
worick_arcangelo,74
lily_evans,74
amamiya_aki,74
tabata_hidenori,74
izumiya_konomi,74
mizuno_kaede,74
ichino_nanasuke,74
catchouli_(hazuki_ruu),74
shirayukihime_(grimms_notes),74
hourei_tenten,74
sapphire_rhodonite,74
leona_(granblue_fantasy),74
hyuuga_(azur_lane),74
shuutai_(koihime_musou),74
chara_soon,74
cenco,74
katsuki_mari,74
satou_akira,74
southern_ocean_war_oni,74
okuda_manami,74
rueppell's_fox_(kemono_friends),73
lin_lihua,73
kusakari_runa,73
prompto_argentum_(friendly_photographer),73
gladiia_(i_am_the_tides)_(arknights),73
yaguruma_rine_(1st_costume),73
smoothie_(takanashi_kiara),73
rafululu_love_(duel_masters),73
cosmo_(sonic),73
snuffy_(swimsuit)_(vtuber),73
vinsmoke_ichiji,73
clarisse_(fire_emblem),73
yurikawa_hana,73
alpha_(ff14),73
natalie_(epic_battle_fantasy),73
furuya_satoru,73
lazuli_(vtuber),73
rin_(qiandaiyiyu),73
birth's_character,73
female_rocket_grunt,73
qiyan_agula,73
rapture_queen_(nikke),73
ran-ran,73
sebastian_(stardew_valley),73
kafka_(impression)_(honkai:_star_rail),73
aluber_(yu-gi-oh!),73
nisha_labyrinth_(elsword),73
ruan_mei_(lambda's_friend)_(honkai:_star_rail),73
joker_(precure),73
little_mermaid_(abyss_flower)_(nikke),73
mutou_tooru,73
don_(street_fighter),73
biko_pegasus_(gale_pegasus_type_zero)_(umamusume),73
pet_(sekaiju),73
hibiki_yoiko,73
yahazu_tobira,73
shizuka_rin_(summer_uniform),73
comet_(azur_lane),73
ganyu_(qilin)_(genshin_impact),73
lainie_cyan,73
ginro_(dr._stone),73
sidian_(pokemon),73
remy_(street_fighter),73
rene_(tagua),73
kurosaki_yuzu,73
step-sister-chan_(ramchi),73
bob_(animal_crossing),73
avery_(skullgirls),73
yazawa_nico_(summer_training_wear),73
arizona_(azur_lane),73
kafka_(shader_cat)_(honkai:_star_rail),73
makinist_(erina_makina),73
miyao_nemu,73
camera_waddle_dee,73
lady_death_(character),73
maud_(bemani),73
the_count_of_monte_cristo_(second_ascension)_(fate),73
laura_matsuda_(story),73
inui_toko_(hoodie),73
compassion_(arcaea),73
shirai_eri,73
bubble_gum_fellow_(popping!)_(umamusume),73
sankta_miksaparato_(arknights),73
zhurong_(housamo),73
indian_wolf_(kemono_friends),73
saigo_(ip_police),73
nerissa_ravencroft_(new_year),73
dr._crygor,73
augusta_(granblue_fantasy),73
wonder_acute_(casual)_(umamusume),73
montjeu_(umamusume),73
ui_(trickcal),73
tan_yang_(summer)_(kancolle),73
goliath_(girls'_frontline),73
hinoshita_kaho_(summer_training_wear),73
phenice_walholl,73
syuri_(senran_kagura),73
markus_(gyee),73
wada_katsu,73
jaw_titan,73
aomiya_yozuri,73
semmelweis_(the_mirror)_(reverse:1999),73
altina_orion_(black_rabbit),73
taira_no_kagekiyo_(third_ascension)_(fate),73
kouenji_madoka,73
minase_shizuku_(aitsu_no_kanojo),73
hasumi_rain,73
big_al,73
ultraman_belial,73
iruma_jyuto,73
mozuna_noa,73
isogiku_(flower_knight_girl),73
tougetsu_matsuri,73
chamber_(suisei_no_gargantia),73
inui_toko_(stage_dress),73
hinoshita_kaho_(winter_loungewear),73
karasumori_daikoku,73
burter,73
takeda_emi,73
kano_mahoro,73
vincent_(cyberpunk),73
kinou_yumeto,73
ike_(valentine)_(fire_emblem),73
fafnir_(last_origin),73
enomoto_azusa,73
drift_(transformers),73
tachibana_mei_(jashin-chan_dropkick),73
amatsuki_(utaite),73
nonaka_haru,73
syusetu_kohaku,73
lilja_kurtbay,73
tian_dian,73
hatsune_miku_(bless_you),73
spawn_(spawn),73
highlander_railway_academy_student_(hg)_(blue_archive),73
istvan_(alchemy_stars),73
rosen_(veyonis),73
elio_(honkai:_star_rail),73
aone_ioru,73
robin_(concert_for_two)_(honkai:_star_rail),73
vert_(4go)_(neptunia),73
chisato_madison,73
arata_(blue_archive),73
katsushika_hokusai_(exhibition_attire)_(fate),73
balulu_alma,73
toughie,73
nero_turner,73
harold_berselius,73
miami-chan_(ryusei_hashida),73
miya_(myakuro),73
bunny_(d-rex),73
duke_of_york_(warship_girls_r),73
rery,73
iriya_kana,73
cuderia_von_feuerbach,73
giant_otter_(kemono_friends),73
as_nodt,73
beni-enma_(second_ascension),73
atsushi_(osomatsu-san),73
tyrande_whisperwind,73
misono_inori,73
hocotate_freight_steam_ship,73
fran_(gudanco_(nyanmeowzer)),73
hayami_kazuya,73
beehunter_(arknights),73
echoes_act3,73
sigurd_(memories_with_my_lover)_(fate),73
male_slayer_(dungeon_and_fighter),73
eve_(gundam_build_divers_re:rise),73
mist_(rune_factory),73
shura_(fire_emblem),73
kyumi_(mannack),73
assistant_waddle_dee,73
dialga_(origin),73
serafina_(pronant_symphony),73
hi_no_tori_(kemono_friends),73
kashino_(robust_floral_strings)_(azur_lane),73
enome,73
gray_(fire_emblem),73
kumasawa_chiyo,73
ootori_kyouya,73
aimoto_rinku,73
choroko_(osomatsu-san),73
jiangyu_(neural_cloud),73
mary_anning_(second_ascension)_(fate),73
minamoto_no_tametomo_(fate),73
bliss_zero_(mega_man),73
astaroth_elrond_mariel,73
kamikawa_tamaki,73
honey_luxmoore_(gandg),73
benya_(tales_weaver),73
eniwa_shii,73
tighnari_(kiehls')_(genshin_impact),73
c-sha,73
shadow_chao,73
ada_(iyowa),73
ada_(naruto),73
mirabilis_(fire_emblem),73
moonlight's_anti-soul_(touhou),73
paprika_(arknights),73
shadow_moon,73
tsukasa_(.hack//),73
fubuki_clockford,73
m4_sopmod_ii_(devourer_of_the_feast)_(girls'_frontline),73
vaike_(fire_emblem),73
zax_magma,73
senba_ayako,73
do_deuce_(racehorse),73
hoshijiro_shizuka,73
li_shuwen_(old)_(first_ascension)_(fate),73
holly_(monster_farm),73
katabami_(flower_knight_girl),73
suisei_(kancolle),73
takanashi_kiara_(phoenix),73
vanessa_lewis,73
scp-682,73
tsukino_mito_(loungewear),73
mafiaduck_(nilan),73
glass_(tate_no_yuusha_no_nariagari),73
pudding_(arknights),73
noshime_ruka,73
rinrin_(sister_princess),73
marie_(sister_princess),73
himenokouji_akiko,73
luna_noah,73
chise_(ichiri),73
amano_tooko,73
keramon,73
asumi_sena_(4th_costume),73
tamakagura_inari,73
yuyake_hino,73
shiraki_rika,73
kirishima_shouko,73
buffalo_bell,73
onogami_tetsuya,73
mereoleona_vermillion,73
ogedei_(tenmaku_no_jaadugar),73
silver_spoon,73
daikuuji_ayu,73
cheemsburger_(doge),73
valentina_(reverse:1999),73
acrobatic_silky_(dandadan),73
avery_(degrees_of_lewdity),73
kuwana_gou_(tenka_hyakken),73
jo_(bakuretsu_tenshi),73
nanjou_yoshino,73
ci_flower,73
ar-18_(girls'_frontline),73
chappy,73
amatsuka_urara,73
dark_elf_(lineage_2),73
ajimu_kaede,73
joyous_(zenless_zone_zero),73
kawabuchi_sentarou,73
xiao_xingchen,73
himekawa_kotone,73
mio5,73
cure_miracle_(sapphire_style),73
niizuki_(azur_lane),73
snow_white_(queen's_blade),73
hoshimachi_suisei_(new_year),73
akise_aru,73
felli_loss,73
imu_(lom),73
cure_muse_(black),73
woo_seul-gi,73
lisara_restall,73
bennett_(adventures_in_blazing_hue)_(genshin_impact),73
agielba,73
hanato_kobato,73
leander_(retrofit)_(azur_lane),73
cleopatra_(third_ascension)_(fate),73
nata_(closers),73
takuto_meyers,73
odagiri_futaba,73
martin_upmont,73
arnval_mk2,73
eheeya_(ff14),72
zenya_hima,72
ban_airi,72
nyuu_(elfen_lied),72
hia_(alien_stage),72
girl_dm,72
exusiai_(young)_(arknights),72
tachibana_hinata_(tokyo_revengers),72
jiuyuan_(nte),72
guillotine_(winter_slayer)_(nikke),72
victor_gideon,72
afumau_(ff11),72
rogal_dorn,72
tokisaki_kurumi_(twin_rose),72
ponta_itachi,72
sovetsky_soyuz_(stringed_interrogation)_(azur_lane),72
grey-haired_cat_girl_(kotatsu-mazoku),72
ravage_(transformers),72
cai_castor,72
alicia_charlotte,72
ono_no_komachi_(fate),72
jerid_messa,72
takanashi_kiara_(perfume),72
princess_elise_the_third,72
centaureissi_(neural_cloud),72
cabbage_(konosuba),72
mirelia_q_melromarc,72
judgeman_(jujutsu_kaisen),72
devimon,72
steller's_sea_cow_(kemono_friends),72
elaine_(nanatsu_no_taizai),72
oguro_kafka,72
lilamon,72
marian_e._carl,72
auyn_awinaz_(navigavi),72
kudou_chitose_(1st_costume),72
iroha_nanairo_(urushiushiru),72
sakakibara_saori,72
minato_(blue_archive),72
dohalim_il_qaras,72
tsubaki-chan_(ina_(inadahime)),72
momose_haruka,72
rindou_kotori,72
sweet_kiss,72
female_corrin_(young_kinship)_(fire_emblem),72
oinkologne_(female),72
mordret_(shadow_slave),72
valarqvin_(arknights),72
aoi_erika_(deliverer_of_miracle),72
itou_momiji,72
mr._jawsum,72
succubus_familiar,72
ultraman_ace,72
aimu_(senran_kagura),72
two-face_(absolute_dc),72
tenkawa_rinka,72
no_reason_(speedy_red_armor)_(umamusume),72
hilary_flail,72
naruse_jun,72
miyuki_(summer_memories),72
mutsumi_kai,72
seira_(yuki_touko),72
hakumei_(hakumei_to_mikochi),72
setsuna_(hasumi_(hasubatake39)),72
male_corrin_(adrift)_(fire_emblem),72
darth_maul,72
vhs_(girls'_frontline),72
keiki_(juuni_kokuki),72
oda_nobunaga_(kaiser)_(fate),72
mitsui_honoka,72
california_(azur_lane),72
evolto,72
ruka_(princess_connect!),72
yukari_miyuri,72
louisville_(azur_lane),72
kayoko_(sundress)_(blue_archive),72
merida_(brave),72
elincia_ridell_crimea_(undaunted_queen),72
kvasir_(fire_emblem),72
junon_(pripara),72
kaze_(starward),72
simon_petrikov,72
alolan_rattata,72
arsenal_(dc),72
mizunashi_rena,72
kuchinawa,72
hanasaki_kaoruko,72
lyra_(sygna_suit)_(pokemon),72
haruna_(rainy_season)_(kancolle),72
murasaki_nakoruru,72
akigumo_kai_ni_(race_queen)_(kancolle),72
ignatz_victor_(timeskip),72
natsusaki_yomi,72
sitri_(housamo),72
arara_cocoa,72
tange_sakura,72
sherlock_(stella_sora),72
fortress_(nanoha),72
bernadetta_von_varley_(summer),72
asama_miya,72
team_flare_grunt,72
suzudaru_cat,72
skullshatterer_(arknights),72
hoopa_(unbound),72
junjun_(sailor_moon),72
rain_(shadow_slave),72
sofia_(toushinden),72
annerose_vajra,72
takamachi_nanoha_(formula_ii),72
betty_(neural_cloud),72
komaki_midori,72
gam_gyuri,72
natori_sana_(devil_natori),72
epinel_(nikke),72
hornet_(warship_girls_r),72
jaguar_d._saul,72
houjou_emu,72
nimi_nightmare_(tapir),72
candace_flynn,72
akizakura_iori,72
luxuria_(exs-tia),72
kenshi_(dungeon_de_ohanatsumi_nanka_yurushimasen!!),72
phyllis_(human)_(little_witch_nobeta),72
tokui_sora,72
charlotte_cracker,72
squares_(puyopuyo),72
paula_(suikoden),72
miyazawa_yukino,72
tsukishima_riho,72
poltergeist_(reverse:1999),72
pawn_(rimworld),72
shirohebi_(monster_girl_encyclopedia),72
salem_(rwby),72
piano_(srnhuyuno),72
kunoichi_kaen,72
green_heart_(ultra_dimension),72
rita_rossweisse_(vow_of_roses),72
kasuga_shiho,72
sasazuka_takeru,72
i:p_masquerena_(1st_alternate_art),72
nefertari_(tsukudani),72
kureha_(sound_voltex),72
uri-tan,72
misery_(cave_story),72
ijuin_megumi,72
yae_sakura_(hyoukai_sonata),72
schwarz_(presents)_(arknights),72
illien_(illien),72
noel_anderson,72
krino_sandra,72
paragus_(dragon_ball_z),72
yiga_clan_footsoldier,72
serri_glaus,72
harran_(nikke),72
cray_(breath_of_fire),72
makabe_aisu,72
setia,72
julia_(heart_usurped)_(fire_emblem),72
queen_(to_be_hero_x),72
chuchu_(zelda),72
sukuna-hikona_(persona_4),72
kashiwagi_haruko,72
alcremie_(mint_cream),72
melissa_belladonna,72
carol_tea,72
kohiruimaki_karen,72
sirka_(sekaiju),72
cornelius_(odin_sphere),72
recri_(narumi_arata),72
iseya_chiyori_(saya),72
togusa_(gits),72
nanba_mutta,72
mobius_1,72
john_wick_(character),72
fusou_(swimsuit)_(kancolle),72
niffler,72
unown_j,72
suzuya_(yukata)_(kancolle),72
uesugi_hidehiko,72
stewie_griffin,72
tokage_(kaamin),72
hisuian_electrode,72
kamishiro_rita,72
bad_end_sunny,72
twisty_amanozako,72
tsukino_mito_(casual),72
himemori_luna_(new_year),72
taka_(ace_attorney),72
handa_shin'ichi,72
edgar_allan_poe_(bungou_stray_dogs),72
hieda_no_akyuu_(agatha_chris_q),72
garam_(ryeoubi),72
pp-90_(girls'_frontline),72
red_eruma,72
suzuki_masaru_(1st_costume),72
centurion_(reverse:1999),72
dark_falz_apprentice,72
m500_(girls'_frontline),72
aya_kobayashi,72
henriette_(fire_emblem),72
honda_hiroto,72
lavinia_whateley_(emerald_float)_(fate),72
nisha_(vtuber),72
hamakaze_(azur_lane),72
rikaritta_aries,72
hanabasami_kyou,72
diamond_tiara,72
mizzu_(mizzuiita),72
reika_(dream_c_club),72
barinbo,72
nichts_(fatalbug896),72
codsworth,72
nonomura_ayumi,72
citti_(show_by_rock!!),72
suminoe_ako,72
alina_gray_(halloween_ver.),72
luong,72
windia_(deathsmiles),72
omoriboy,72
miura_cat,72
fushimimukai_hinako,72
silvia_(fire_emblem),72
imae_megumi,72
eguchi_tomoka,72
ilfriede_von_feulner,72
rei_(cosmic_break),72
alec_(arc_the_lad),72
gotou_jun,72
karin_koenig,72
jude_maverick,72
sonozaki_noriko,72
migita_hibiki,72
shishikura_seiji,72
matsuno_matsuzou,72
aoi_(gegege_no_kitarou),72
usami_tsuitachi,72
sadiend,72
ikoma_tatsuhito,72
yukishiro_tomoe,72
ravi,72
nz75_(girls'_frontline),72
z35_(azur_lane),72
genista_(darling_in_the_franxx),72
moegi_homi,72
senji_muramasa_(third_ascension)_(fate),72
hera-ur_(p&d),72
jash_(omori),72
kriemhild_(swimsuit_rider)_(first_ascension)_(fate),72
satono_diamond_(young)_(umamusume),72
elf_(ii_orc_no_hi),72
scientist_(zannen_onna-kanbu_black_general-san),72
karahara_shima,72
inugami_gyoubu_(kemono_friends),72
annin_miru,72
lina_(dota),72
clala,72
seo_akira,72
sora_(super_danganronpa_another_2),72
arara_milk,72
bear_tsukasa,72
haibara_enako,72
xiaoling_(kyouno),72
revive_revival,72
sandy_cheeks,72
hyuuga_kizuna,72
gal_(childhood_friend_series),72
mishima_akane,72
akaba_chizuru,72
nagaoka_shiho,72
sylvie_paula_paula,71
sugino_tomohito,71
prickett_(black_souls),71
sereniel_(chaos_zero_nightmare),71
emma_frost_(white_wave_queen),71
miltie_(kanan-sama),71
robbie_the_rabbit,71
grace_(sayonara_lara),71
chiyo_(love-bullet),71
maliss_<q>_white_binder,71
bristol_(azur_lane),71
akiyama_yuto_(pepper0),71
akiyama_yuko_(pepper0),71
barboros_(another_eidos),71
faust_(nonsensemanna),71
akaito_(fanloid),71
moxxie_(helluva_boss),71
el_condor_pasa_(casual)_(umamusume),71
defect_mogeko,71
yahiko_(naruto),71
caper_(summer_flowers)_(arknights),71
usami_shiina,71
coupe_(precure),71
maruzensky_(casual)_(umamusume),71
lyra_(togekk0),71
hanasaka_no_okina_(fate),71
gogg,71
majorita_(disgaea),71
ilia_coral,71
tails_(detective)_(sonic),71
kashi_(kancolle),71
camus_(fire_emblem),71
sakuyamon:_miko_mode,71
sinon_sinfonia,71
peregrine_falcon_(kemono_friends),71
shiu_kong,71
piapi_ufo_(tomboy),71
aisha_(winx_club),71
odie_(afk),71
zephia_(fire_emblem),71
rokudou_rinne,71
ratna_petit_(1st_costume),71
shinomoto_akiho,71
debi_(after_school)_(black_survival),71
marlene_(after_school)_(black_survival),71
aleister_crowley_(toaru_majutsu_no_index),71
fan_wujiu,71
victoria_roman,71
minova_(stella_sora),71
black_serval_(kemono_friends),71
eraqus_(kingdom_hearts),71
lakia_amarga,71
cass_hamada,71
hatsune_miku_(miku_with_you_2021),71
xiao_yi_(light_and_night_love),71
hanazuki_(kancolle),71
takasugi_shinsaku_(first_ascension)_(fate),71
azir_(league),71
yui_(juukyuu),71
misakura_rin,71
jiu_niangzi_(blossom_spring_fairy),71
vividly_vivi,71
a_bao_a_qu_the_lightless_shadow,71
z'gok_char_custom,71
murasaki_shikibu_(swimsuit_rider)_(third_ascension)_(fate),71
azki_(dress)_(hololive),71
dancer_rabbit,71
marian_andreotti,71
paul_greyrat,71
luna_(mujin_wakusei_survive),71
tartaglia_(foul_legacy_transformation)_(genshin_impact),71
ciel_lumiere,71
cheren_(champion)_(pokemon),71
mumei-san_(sabotensuteeki),71
ada_mesmer,71
hanabusa_lisa_(1st_costume),71
tachibana_hina,71
north_kaiou,71
kachimachi_kosuzu_(swimsuit),71
gepard_m1_(girls'_frontline),71
karui_(naruto),71
siegfried_(super_cool_biz)_(fate),71
sekino_youko,71
poruneu,71
yukine_(noragami),71
wilardo_adler,71
ginyu_force,71
shadow_venus,71
downes_(azur_lane),71
cleanrot_knight_finlay,71
devil_gundam,71
black_mamba_(kemono_friends),71
handa_seishuu,71
oni_imp_(fate),71
clockworker's_doll,71
tenma_kenzou,71
wight_(monster_girl_encyclopedia),71
magic_mirror_(snow_white),71
serena_(rival)_(pokemon),71
carmine_(sygna_suit)_(pokemon),71
saint-germain_(symphogear),71
lyrael_(princess_connect!),71
bobo_(miracle_nikki),71
point_flag_(racehorse),71
kamen_rider_knight,71
norge_(kancolle),71
hinata_yume,71
full_armor_gundam,71
tyrant_(resident_evil),71
nagamori_mizuka,71
poogie,71
banshee_(last_origin),71
toyama_daifuku_(magical_boy),71
nagato_(meta)_(azur_lane),71
as_val_(girls'_frontline),71
hinoshita_kaho_(ishikawa_prefectural_library),71
bucephalus_(fate),71
fae_(winter)_(fire_emblem),71
ilsa_(summer)_(granblue_fantasy),71
misia_(ichiri),71
competitive_swimmer_girl_(murakami_suigun),71
azukino_anko_(manjuverunu),71
hijikata_toshizou_(third_ascension)_(fate),71
zetta_(phantom_kingdom),71
koopa_paratroopa,71
aki_(korisumochi),71
mj_(zombie_high_school),71
lynel,71
zerg_(starcraft),71
professor_elm,71
rag-chan,71
exusiai_(teenage)_(arknights),71
lord_of_frenzied_flame_(elden_ring),71
hakuba_saguru,71
siren_(chiikawa),71
sydney_(female)_(degrees_of_lewdity),71
izumida_kyoka,71
mega_tyranitar,71
dokkaebi_(rainbow_six_siege),71
obake-chan_(yozora_mel),71
gulusgammamon,71
shiver_(grand_festival)_(splatoon),71
jing_yuan_(young),71
texas_the_omertosa_(wingbreaker)_(arknights),71
ono_daisuke,71
taihou_(meta)_(azur_lane),71
kurenagi_eri,71
facebook-san_(tsukigi),71
kamiya_shion,71
manuka_(vrchat),71
kazumi_(madoka_magica),71
sheeney_(muku),71
forcas,71
aliese_martini,71
eve_(mythology),71
type-00f_(muv-luv),71
kiba_(wolf's_rain),71
rayfa_padma_khura'in,71
serizawa_kamo_(fate),71
shiroko_terror_(cycling)_(blue_archive),71
hinuma_yuuri,71
heaven_ascended_dio,71
miranda_(black_souls),71
blushbunny_(infinity_nikki),71
blackwatch_genji,71
spoo,71
kurumi_akiha,71
yunobo,71
sharkry_(swimsuit_idol)_(girls'_frontline_2),71
abigail_williams_(animejapan_2018)_(fate),71
imari_kurumi,71
brucie_(infighter821),71
onia_(pokemon),71
vantage_(apex_legends),71
operator_21o,71
tarasque_(fate),71
emmeryn_(fire_emblem),71
tsushima_leopard_cat_(kemono_friends),71
subaru_(.hack//),71
mary_celeste_(azur_lane),71
ereshkigal_(under_the_same_sky)_(fate),71
saitou_hajime_(hakuouki),71
cid_nan_garlond,71
itoshiki_mikoto,71
martha_behamfil,71
layzner,71
luca_(shironeko_project),71
ibuki_nagisa,71
sengoku_yuno_(real),71
nanoca_flanka,71
oura_rukako_(2nd_costume),71
hiruma_youichi,71
chise_(saishuu_heiki_kanojo),71
yugi_tsukasa,71
kouno_harumi_(to_heart),71
baphomet_(mythology),71
inaba_masao,71
eve_moonlit,71
babe_(fate),71
yoshida_yuki_(given),71
harklight,71
ootsuki_makoto,71
beta_(muv-luv),71
itsuki_(sengoku_basara),71
endymion_(sailor_moon),71
kushala_daora,71
nanami:_starfarer_(pgr),71
djibril_(makai_tenshi_djibril),71
hifumi_(cow_print_swimsuit)_(blue_archive),71
blonde_shrine_maiden_from_a_future_era_(touhou),71
elphaba_thropp,71
yoritomo_(housamo),71
meiza_endust,71
praetorian_(centurii-chan),71
retar,71
nagura_setsuko,71
dougram,71
malboro,71
mana_matitia_(okame_nin),71
purple_haired_elf_(houtengeki),71
cheeze_(akizone),71
cagliostro_(halloween)_(granblue_fantasy),71
apricot_(yamai),71
aru_(sinsekai),71
naoe_kanetsugu_(hyakka_ryouran),71
sheep_(minecraft),71
ral-san,71
morvay_(nu_carnival),71
cable_(marvel),71
seta_soujirou,71
mihono_bourbon_(the_ghost_finds_halloween_magic)_(umamusume),71
fiora_ariete,71
gueira_(made_in_abyss),71
kayou_(sennen_sensou_aigis),71
mechanist_(arknights),71
hachisuka_goemon,71
mikane_sebiri,71
tartu_(azur_lane),71
deneb_rove,71
izumi_wakoto,71
yuzu_(konohana_kitan),71
azaz_(last_origin),71
flareze_(porforever),71
morino_ryoushi,71
swatty_(can_can_bunny),71
kushina_anna,71
fuuma_kotarou_(sengoku_basara),71
nano_(nanoless),71
rain_toushulkuru_(kyuutou),71
m1919a4_(girls'_frontline),71
bananajuju,71
kurumi_nui,71
myriam_(saga),71
mistral_(metal_gear_rising),71
rocoroco,71
daisy_oak,71
lilynna_blueberry,71
ayase_sayuki,71
saku_(kazana),71
nanase_nanami_(gundam_build_divers),71
sharrkan,71
blue_(precure),71
canon_memphis,71
toomi_maya,71
dooby_(summer),71
hinata_mashu_(1st_costume),71
akiyama_otome,71
ronin_(disgaea),71
sorayama_natsume,71
mikuriya_jin,71
agro_(shadow_of_the_colossus),71
roy_focker,71
gundam_dynames,71
chiliarch_(elsword),71
rico_brzenska,71
gulliver_(eureka_seven),71
himuro_ayame,71
izmir_(summer)_(granblue_fantasy),71
hinnyuu-chan_(iku),71
matsukaze_rin,71
jogan,71
kamiya_yukihiro,71
mob-sensei,71
jacqueline_baumgold,71
billy_katagiri,71
ogura_shion,71
tsunashi_youta,71
tsukishima_koko,71
futaki_shiki,71
maid_(etan14),71
robin_hood_(disney_character),71
amano_onsa,71
yadoumaru_lisa,70
yoshida_shouyou,70
tyranno_ranger,70
eva_(kavunyak),70
nika_(usergore),70
insider_(arknights),70
mio_(a_simple_life_with_my_unobtrusive_sister),70
mikami_teru,70
vert_(ultra_dimension)_(neptunia),70
remielle_dan_(dreamland_fest),70
erato_(arknights),70
zaku_ii_s,70
matt_murdock,70
onna_shachou,70
pink_diamond_(steven_universe),70
bagboo_(zenless_zone_zero),70
garnet_(black_survival),70
haru_(toramaru2001710),70
figarland_shamrock,70
sentinel_(x-men),70
glorious_(kancolle),70
robo_head_(cytus),70
kuruoka_tsubaki,70
sinder_(sinder_2.0)_(vtuber),70
birdo,70
medium_o'connell,70
murasaki_shion_(loungewear),70
magnolia_arch,70
rabu_(swimsuit)_(blue_archive),70
raquna_sheldon,70
golden_bb_(fate),70
jack_the_ripper_(fate/strange_fake),70
yuki-onna_the_ice_mayakashi,70
nool,70
tyris_flare,70
melissa_kinrenka_(1st_costume),70
cheka_kingscholar,70
johnston_(christmas)_(kancolle),70
leo/need_len,70
queen_anne's_revenge_(call_of_the_creeping_embrace)_(azur_lane),70
rain_(sao),70
exosister_karmael,70
adam_(nier:automata),70
mitm_(arknights),70
baby_blue,70
la+_darknesss_(gaming_casual),70
bubblebebe,70
nagato_(naruto),70
honoka_(newcomer)_(doa),70
yuria_of_londor,70
kitasan_black_(casual)_(umamusume),70
mikoshiba_kenta,70
scott_summers,70
dante_alighieri_(third_ascension)_(fate),70
hourai_orihime,70
liane_mistlud,70
male_alear_(divine_attire)_(fire_emblem),70
bailey_(degrees_of_lewdity),70
momo_(twice),70
dr._vegapunk,70
fang_the_sniper,70
trailblazer_(trailbirder)_(honkai:_star_rail),70
rising_freedom_gundam,70
amiya_(act_ii)_(arknights),70
reina_(nijisanji),70
sandy_(eevee)_(pokemon),70
roxanne_wolf,70
almond_eye_(casual)_(umamusume),70
lily_baker,70
yabuki_shingo,70
cheng_xiaoshi_(bridon),70
wonderlands_x_showtime_meiko,70
kashiwagi_hatsune,70
moukaku_(koihime_musou),70
kaela_kovalskia_(indonesian_casual),70
symboli_kris_s_(casual)_(umamusume),70
guy-manuel_de_homem-christo,70
kashima_(mitsukoshi)_(kancolle),70
shuten_douji_(dress_for_demons)_(fate),70
yusa_hazuki,70
yonezawa_akane,70
meryl_star,70
meg_(granblue_fantasy),70
bellabot,70
lip_(panel_de_pon),70
rick_dom,70
ringo_roadagain,70
assal_(sennen_sensou_aigis),70
ultraman_dyna_(flash_type),70
janemba,70
karenina:_ember_(pgr),70
katanako,70
camie_(one_piece),70
formidable_(anniversary_memories)_(azur_lane),70
lauren_iroas_(5th_costume),70
akamine_ten,70
miss_monochrome_(character),70
yoshikawa_tomoko,70
britomart_(final_ascension)_(fate),70
diabla_(elsword),70
oingo,70
yasaka_mai,70
manaka_misato,70
sousuke_(fate),70
shimizu_hinako_(pink_rabbit_costume),70
shinomiya_ayase,70
rusk_(komado_booth),70
belfast_(the_pledge_of_claddagh)_(azur_lane),70
tamaki_iroha_(swimsuit_costume),70
azuma_chitose,70
g3_(mod3)_(girls'_frontline),70
suou_patra_(11th_costume),70
masrur,70
ono_shiragiku,70
kinomoto_sakura_(princess_dreams),70
princess_yan,70
porun,70
ojelo_gabel,70
professor_cerise,70
black_swan_(boundless_choreo)_(honkai:_star_rail),70
sawatari_shingo,70
murata_himeko_(vernal_brocade),70
maggiore_baracca_(the_god_craves_punishment)_(azur_lane),70
pool_party_leona,70
sen_no_rikyu_(first_ascension)_(fate),70
bicute_bunnies_miku_(kuroboshi),70
hilda_(special_costume)_(pokemon),70
rindou_hazuki,70
fujisaki_nagihiko,70
makuzawa_ouka,70
ootengu_(onmyoji),70
czerny_(arknights),70
takahashi_keisuke,70
shiranami_ramune_(1st_costume),70
dolfini_(pangya),70
sato_(danganronpa),70
special_week_(ruler_of_japan)_(umamusume),70
hilda_boreas_greyrat,70
odda_(arknights),70
kusakabe_misuzu,70
kaya_(one_piece),70
thorns_(comodo)_(arknights),70
kitsu_(mon-musu_quest!),70
iseria_(epic_seven),70
robin_hood_(summer_hunter)_(fate),70
tomoe_(kemono_friends)_(niconico88059799),70
sky_feather_(chunithm),70
angela_salas_larrazabal,70
juusha_(juusha-chan_to_yaya_zannen_na_yuusha_no_hanashi),70
protagonist_(romancing_saga_2),70
mitsuishi_kotono,70
frostleaf_(breaking_the_ice)_(arknights),70
takamachi_nanoha_(exelion_mode),70
yuru_(yomi_no_tsugai),70
overmind_(dungeon_and_fighter),70
shadow_chie,70
laegjarn_(summer)_(fire_emblem),70
meia_(inazuma_eleven),70
tharja_(obsessive_bride)_(fire_emblem),70
greta_(pokemon),70
misaki_(jonsun),70
mr._door,70
eye_of_the_twinkle_star_(manjuverunu),70
marshall_law,70
akikaze_rui,70
takamachi_nanoha_(sacred_mode)_(2nd),70
haninozuka_mitsukuni,70
red_dragon_archfiend,70
bethlehem_(alchemy_stars),70
kousaka_chihaya,70
hyuuga_masamune,70
beatrix_(halloween)_(granblue_fantasy),70
let_me_solo_her,70
notte_(dragalia_lost),70
sonia_(special_costume)_(pokemon),70
toranyun_(akitsu_taira),70
poco_muerte,70
amelia_lee,70
kobushime_(sorobochi),70
jorda_eldarion,70
sphinx_awlad,70
bulbmin,70
fif_(granblue_fantasy),70
miura_(rnd.jpg),70
mikogami_rimu,70
super_sailor_chibi_moon_(stars),70
alcremie_(matcha_cream),70
deed_(nanoha),70
kagawa_rin,70
mori_hikiko,70
achan_(argonchann),70
kaguya_(wego)_(cho_kaguya-hime!),70
kamen_rider_x,70
sakura_soujirou,70
minazuki_(azur_lane),70
anna_(omoide_no_marnie),70
hyein_(newjeans),70
kisaragi_tsubasa,70
lunatic_psyker_(elsword),70
mofu_mofuko_(ryusei_hashida),70
sivatherium_(kemono_friends),70
master_hand,70
doc_(rainbow_six_siege),70
nils_(fire_emblem),70
maya_disel,70
isokaze_(new_year's_campaign)_(azur_lane),70
siegfried_kircheis,70
akuma_nihmune_(1st_costume),70
fjorm_(bridal)_(fire_emblem),70
wendy_(modern_mogal),70
rei_chikita,70
great_sabrecat,70
yokoi_rumi,70
arslan,70
tsunami_(tenchi_muyou!),70
ninja_(yzpyn),70
saeki_kaori,70
knight_blazer,70
kumapooh_(senran_kagura),70
saotome_ayaka,70
hermione_(pure_white_angel)_(azur_lane),70
mizore_ito_(sketchmenot),70
ashe_bradley,70
alice_(bishoujo_mangekyou),70
matsuki_miyu,70
spirithief_bartholos_(honkai:_star_rail),70
shia_(pita_ten),70
ono_ikumi,70
altair_floone,70
usada_pekora_(holonatsu_paradise),70
mukuro_(sakiyo_cake),70
gotland_(christmas)_(kancolle),70
flutterpage_(gently_comes_the_thawing_breeze),70
barioth,70
rachel_shiori_guardian,70
yura_(yukata)_(kancolle),70
benson_moretti,70
prusena_(haevest),70
april_(coyote_ragtime_show),70
majic_lin,70
coopa,70
egami_tsubaki,70
chang_koehan,70
hayama_teru,70
unyl-chan,70
miki_(senran_kagura),70
rebecca_anderson,70
marine_(one_piece),70
mukai_suzu,70
okukawa_minako,70
shino_(osaru),70
isotake_akuta,70
natsume_remon,70
beatrix_bremer,70
puppy_girlfriend_(onigiri_punch),70
yaana_(ff14),69
dola_(7th_costume)_(nijisanji),69
trip_(dramatical_murder),69
scopper_gaban,69
gilgamesh_(honkai:_star_rail)_(fate),69
bennington_(sunshine_chaser)_(azur_lane),69
kamizono_shinobu,69
kurosawa_hisoka,69
chip_(sonic),69
marina_liteyears,69
tomoe_mami_(swimsuit_ver.),69
vali_(fire_emblem),69
nishikino_maki_(winter_training_wear),69
lunasia_(girls'_frontline),69
shirley_orlando,69
vinsmoke_niji,69
hayami_ayuko,69
vittorio_cuniberti_(azur_lane),69
charles_eyler,69
lilynette_gingerbuck,69
sophitia,69
kisaragi_alice,69
traptrix_atypus,69
togawa_rin,69
steven_stone_(summer_2020),69
limon_(limealicious),69
aiba_takumi,69
chaos_(sonic),69
roboco-san_(open_pink_hoodie),69
apricot_the_lich_(race_queen),69
xin_zhao_(league),69
gigi_murin_(holonatsu_paradise),69
oskar_(coffee.png),69
ruhuyu_(show_by_rock!!),69
nunotaba_shinobu,69
aira_(dq7),69
iroha_(ff11),69
white_burinyan,69
kurodani_yamame_(spider),69
prism_shine,69
clover_rose,69
group_leader_(xinyue_tongxing),69
hisuian_sliggoo,69
bill_(black_souls),69
iori_shirosaki,69
nurugai,69
marika_(zeddaru),69
aohitsugi_nemu,69
gabranth_(ff12),69
sakuraba_oto,69
gosu_mei_(sakifox),69
ringo_(eddsworld),69
shuten_douji_(lostroom_outfit)_(fate),69
bloody_queen_(elsword),69
gwelu_os_gar,69
maria_grace_fleed,69
cheng_xiaoshi_(season_2),69
angelan,69
magisphere_lazuris,69
fuuma_tokiko,69
rufo_(project_moon),69
kinomoto_sakura_(red_hearts_costume),69
cardigan_(sunny_day)_(arknights),69
nangong_jingnu,69
ultra_sword_kirby,69
bard_3_(sekaiju),69
mr._reca_(honkai:_star_rail),69
abby_(za1f0n),69
lucastre_mavia,69
calyx_(ff14),69
kagari_(senran_kagura),69
ogerpon_(wellspring_mask),69
sumeragi_amane_(pretty_series),69
machina_x_flayon_(2nd_costume),69
hoshizaki_rika_(kanojo_mo_kanojo),69
scylla_(femme_fatale_fresher)_(azur_lane),69
bubble_(arknights),69
paildramon,69
kanadate_ruri,69
thomas_bangalter,69
otonose_kanade_(flashpoint),69
han_yoil,69
mamemaru_(idolmaster),69
murasame_reine,69
loly_aivirrne,69
ch'en_(after_storm)_(arknights),69
nishizono_renga,69
missingno.,69
delta_(ninja_thief)_(nikke),69
bobby_(paper_mario),69
omaru_polka_(5th_costume),69
podo_(hrodvitnir),69
janet_van_dyne,69
nightingale_(gundam),69
karameru_(character),69
enma_(mythology),69
kawai_sasami,69
miia's_mother,69
pyrite_(ironbunz),69
edelgard_von_hresvelg_(adrestian_emperor),69
alice_(grimlight),69
daiginjou_(futaba_channel),69
star_guardian_kai'sa,69
terran,69
trisha_foster,69
alice_(original)_(grimms_notes),69
kii_(azur_lane),69
sadie_(ryuuxin),69
nagisa_(kantoku),69
myr_(p&d),69
manannan_mac_lir_(first_ascension)_(fate),69
pipo_monkey,69
headcrab,69
van_gogh_(miner)_(fate),69
houshou_hanon_(idol),69
moriah_(chronicles_of_mystara),69
katri_(orc_wa_nozomanai),69
choi_wonjun_(mang-jong),69
aizawa_ema_(3rd_costume),69
ame-chan_(needy_girl_overdose_exhibition)_(needy_girl_overdose),69
vicar_amelia,69
vivian_seong_(blushyspicy),69
yoshizaki_kokoa,69
danielle_(newjeans),69
kyuubi_(kemono_friends),69
shiranui_flare_(loungewear),69
oz_(maplestory),69
hoshimiya_mukuro_(spirit),69
carla_yeager,69
kani_kanizawa,69
mattie_(ego_trigger),69
persia_(rune_factory),69
swindler_(akudama_drive),69
utsumi_erice_(swimsuit_avenger)_(third_ascension),69
izumi_mitsuki,69
mana_(fufuichi04),69
bazelgeuse,69
alfred_izuruha,69
raven_(fire_emblem),69
bloody_crow_of_cainhurst,69
sugi_aoki,69
mystical_elf,69
draluc_(kyuuketsuki_sugu_shinu),69
furina_(old_design)_(genshin_impact),69
oomichi_miyabi,69
bronya_zaychik_(heart_of_the_night),69
rachel_(ninja_gaiden),69
shu3_(napoli_no_otokotachi),69
primordial_albedo,69
shiriri_(cookie),69
scapegoat,69
tsukinoki_tirol,69
ace_trainer_(female)_(pokemon_sm),69
ayanami_(lunar_demon)_(azur_lane),69
otomune_kozue_(winter_casual),69
chewbacca,69
michishio_(adventures_in_wonderland)_(kancolle),69
pieyon,69
furisode_girl_katherine,69
kizuna_ai_(anniversary),69
nekomia_(kaptivate),69
winged_victory_mercy,69
ueshige_suzu,69
pietro_maximoff,69
rmb-93_(girls'_frontline),69
akagi_mio,69
tomboy_childhood_friend_(kurono_mitsuki),69
professor_hojo,69
female_byleth_(frosty_professor)_(fire_emblem),69
littara_(girls'_frontline_2),69
love_deluxe,69
nuno_kargan,69
kira_izuru,69
artina_fialard_(yozakura_souki),69
hiyake-chan,69
takanashi_kazuma,69
eldali_ilma_fanomenel,69
ibuki_(beastars),69
silmeria_valkyrie,69
ransei_(mahjong_soul),69
reina_(mon-musu_quest!),69
elbe_(time_to_show_off?)_(azur_lane),69
tiki_(dragon's_crown),69
elira_pendora_(goth),69
ayukawa_miyuki,69
leo_(reiga),69
serra_(sennen_sensou_aigis),69
terrako,69
oda_nobuhime,69
cure_beauty_(princess_form),69
futanari-chan_(akiamare),69
kusakabe_asako,69
little_prinz_eugen_(azur_lane),69
soldier_blue,69
elmeth,69
owari_hajime,69
neon_nostrade,69
milk_(pop'n_music),69
satori_kagome,69
kazuki_mai,69
howa_type_64_(girls'_frontline),69
suwa_rei,69
goatman_(umineko),69
chibimi,69
little_enterprise_(azur_lane),69
komiyama_ai,69
mistress_(dungeon_and_fighter),69
gentildonna_(casual)_(umamusume),69
usui_nagi,69
fei_yuen_(azur_lane),69
sadone,69
aiden_flynn,69
ironmouse_(race_queen),69
nanami_(mignon),69
kashiki_yuno,69
mira_(pokemon),69
bedman,69
enterprise_(anniversary_ride)_(azur_lane),69
gilgamesh_(sensha_otoko)_(fate),69
shinomiya_shiori,69
hanamaru_(genjitsu_no_yohane),69
kudou_taiki,69
king_clawthorne,69
heroine_(dra+koi),69
shogun_1_(sekaiju),69
gokou_hinata,69
meow_(space_dandy),69
kabe_taijin,69
filia_(star_ocean),69
himegami_kodama,69
hair_bun_girl_(nagioka),69
mejiro_family_doctor,69
ladd_russo,69
kujou_shion,69
midd_night,69
kamen_rider_evil,69
karako_(osomatsu-san),69
fam_(ruin_explorers),69
inaba_yui,69
furukawa_yui,69
nogizaka_mika,69
aoki_sei,69
hatakeyama_tsukushi,69
higa_kana,69
cranberry_spencer,69
shin_(amnesia),69
natsuiro_matsuri_(summer_2020),69
momiji_ayaka,69
daijuuji_kurou,69
miranda_(wakfu),69
isaac_dian,69
christiane_barkhorn,69
murasaki_shion_(8th_costume),69
kyou_(ittla),69
lily_(nier:automata),69
saeki_yuzuru,69
noele_(toosaka_asagi),69
toris,69
amane_nishiki,69
wille_(fatalbug896),69
razmi_(indivisible),69
sonsaku_(koihime_musou),69
mirai_(agent_mirai),69
natsuki_(bosstseng),69
kajou_ayame,69
kusabue_mitsu,69
konnyaku_yuuna,69
polka_(trusty_bell),69
attenborough_cortitch,69
morimiya_aono,69
saegusa_miko,69
kitamura_(splatoon),69
okuzumi_yuiko,69
nijie-tan,69
kuryuu_kohaku,69
pomu_rainpuff_(3rd_costume),69
oyaji_(dennou_coil),69
kazetsubaki_kuriko,69
i-400_(aoki_hagane_no_arpeggio),69
juujouin_mari,69
carol_(clover_theater),69
hakase_satomi,69
glasses_girl_(nameo),69
hiei_(aoki_hagane_no_arpeggio),69
usami_(sanemichi_hajime),69
aoi_itsuki,68
lissandra_(league),68
rozzi_(black_survival),68
heimerdinger_(league),68
dunkerque_(afternoon_venus)_(azur_lane),68
mustang_(nikke),68
tennouji_yuugo,68
alfhilde_odinsdottir,68
hanneman_von_essar,68
akanejima_ranga,68
marimari_(marimari_2.0)_(vtuber),68
suko_(vtuber),68
prune_(bombergirl),68
nanase_tsubasa,68
you'tan_(wuthering_waves),68
weapon_bequeathed_harmonia_(elden_ring),68
ashton_marten_(vtuber),68
forever_bond_(infinity_nikki),68
nico_(doa),68
catria_(spring_whitewing)_(fire_emblem),68
daimonji_ryugon,68
loggerhead_(reverse:1999),68
firestar_(warrior_cats),68
clauvio_(vtuber),68
nosferatu_(project_moon),68
onabuta_ikuko,68
tanith_(fire_emblem),68
ichigohara_itsuki,68
alphonse_(av-98_ingram),68
tatiana_(fire_emblem),68
marfusha_(sentinel_girls),68
saber_(fate/zero),68
alfin_(crusher_joe),68
emmet_(sygna_suit)_(pokemon),68
azuma_shino_(seihantai_na_kimi_to_boku),68
jyahnar_(honkai_gakuen),68
petra_gurin_(spring_casual),68
lambo_(reborn),68
irene_belserion,68
gavis_bettel_(2nd_costume),68
jubjub_(black_souls),68
fubuki_kai_san_go_(type_6)_(kancolle),68
shinano-chan_(azur_lane),68
devil_dinosaur,68
nagase_reiko,68
cipher_(in_pursuit_of_the_wind)_(honkai:_star_rail),68
hina_(new_year)_(blue_archive),68
vestia_zeta_(businesswoman),68
fang_tang_(false_memory),68
ranger_2_(sekaiju),68
yusuf_dikec,68
aniki_(yukata_to_rape_to_aniki_to_ore_to.),68
renko_(renkonv),68
saber_(swimsuit_archer)_(second_ascension)_(fate),68
raijin_(mythology),68
kris_(school_uniform)_(deltarune),68
shiragasumi_yukina,68
mayano_top_gun_(party_formation)_(umamusume),68
male_byleth_(academy)_(fire_emblem),68
marcus_(on_the_white_sand)_(reverse:1999),68
koyanagi_rou_(1st_costume),68
shinogi_keiji,68
ozora_miharu,68
female_robin_(young)_(fire_emblem),68
shinobu_(princess_connect!),68
dorothy_(black_souls),68
psyche_(duet_night_abyss),68
pelleas_(fire_emblem),68
ariel_(kumo_desu_ga_nani_ka?),68
moon_carver_(genshin_impact),68
mr._nicholai_(blue_archive),68
ishida_akira_(voice_actor),68
tatsumaki_(chapter_171_cover),68
nekomata_(megami_tensei),68
arty_rain,68
massena_(azur_lane),68
sakuya_(ookami),68
darian_silverstein_(brown_dust),68
pitaya_dragon_cookie,68
ogata_airi,68
balrog_(cave_story),68
casval_rem_deikun,68
future_tom_(eddsworld),68
totter_(arknights),68
ceras_yanagida_lilienfeld_(summer_loungewear),68
z-one,68
saiger_rose,68
gunvarrel,68
kosaka_tsubaki,68
komuro_takashi,68
fudatsuki_kyouko,68
dark_cacao_cookie,68
kariya_higure,68
lary_(precure),68
the_count_of_monte_cristo_(first_ascension)_(fate),68
saiki_himeka,68
penthesilea_(amazones_ceo)_(fate),68
coqui_saporana,68
vespid_(girls'_frontline),68
gretel_(hansel_and_gretel),68
caliburn_(sonic),68
takamiya_subaru,68
macota_(cookie),68
yoo_mia,68
ryu_(breath_of_fire_i),68
rumani_(nikke),68
lewis_(girls'_frontline_2),68
ingo_(sygna_suit)_(pokemon),68
kanikama_(suou_patra),68
parasister_(vtuber),68
tanaka_yuyuko,68
enna_(togekk0),68
jeifier_(character),68
yuki_(ookami_kodomo),68
trigger_(ace_combat),68
aoyama_yoshino,68
mang_nae_(vtuber),68
manaka_nemu,68
mansui_(the_hungry_lamb),68
lena_(fire_emblem),68
phainon_(anan)_(honkai:_star_rail),68
henry_(dq5),68
psylocke_(blood_kariudo),68
caesar_clown,68
sylvia_(brown_dust),68
takasaki_manabu,68
minase_suzu,68
otoshiro_noel,68
amauri_miruki_(primagista),68
izuriha_kagari,68
wolfgang_schneider,68
fairouz_ai,68
saint-louis_(alluring_administrator)_(azur_lane),68
iwai_munehisa,68
lady_(pokemon),68
rivulet_(rain_world),68
anonymous_elf,68
yuzuriha_kotoko,68
colored_pencils_(paper_mario),68
riko_(genjitsu_no_yohane),68
blank_(ff9),68
sylpha_langlis,68
agrat_bat_mahlat_(megami_tensei),68
sapphire_(steven_universe),68
elektra_natchios,68
yuel_(summon_night),68
wizard_cookie,68
ortina_lillibel_(yashiro_sousaku),68
nikaido_yamato,68
gigi_murin_(new_year),68
fary_(precure),68
amano_pikamee_(dinosaur_hoodie),68
fujisaki_fuuka,68
makami_(kemono_friends),68
nene_romanova,68
m_(kamo_kamen),68
yamato_alexander,68
handler_walter,68
boudica_(shining_goddess)_(fate),68
unicorn_gundam_phenex,68
terumi_(len'en),68
momo_(last_origin),68
jaye_(elite_ii)_(arknights),68
natsu_(nekota_tsuna),68
vikala_(summer)_(granblue_fantasy),68
hazamada_toshikazu,68
annie_(saibou_shinkyoku),68
bazz-b,68
ibuki_(anniversary_swimsuit)_(blue_archive),68
frimomen_(voicepeak),68
traptrix_atrax,68
kliff_(fire_emblem),68
shiranui_mai_(sf6_outfit_3),68
haguruma_hasami_(explosion_psycho),68
makino_ikumi,68
tomboy_(amagasa_higasa),68
miyashita_(mitsudomoe),68
rin_(catherine),68
daikoku_(housamo),68
howa_type_89_(girls'_frontline),68
gaplant,68
uketsuke_succubus_(konosuba),68
6p62_(girls'_frontline),68
shou_qianhui,68
unown_z,68
dark_young_(fate),68
judy_(animal_crossing),68
jinn_(housamo),68
command_grab_(nuclear_wasabi),68
noan_(pgr),68
nara_haramaung,68
miry,68
missile_(ghost_trick),68
alexia_lynn_elesius,68
randou_serika,68
sawatari_fuu,68
grasshopper_inoue,68
tsukino_(show_by_rock!!),68
maehara_nina,68
mao_(yotaro),68
haine_rammsteiner,68
rose_salt_(arknights),68
mega_latias,68
green_luma,68
koigakubo_momoko,68
chaos_witch_quelaag,68
fujita_kana,68
cordelia_herschel_(mechanical_buddy_universe),68
amaterasu_(p&d),68
suez-chan,68
sawamura_tomoki,68
aria_(robot)_(discordant_note)_(zenless_zone_zero),68
springfield_(classic_witch)_(girls'_frontline),68
nemo_(mobile_suit),68
mastermind_(elsword),68
tadashi_hamada,68
kadokura_(golden_kamuy),68
quiry_(nikke),68
mima_takayuki,68
vf-1_strike,68
iskandar_(sensha_otoko)_(fate),68
matsunaga_sara,68
set_(mythology),68
pingu,68
umikaze_(azur_lane),68
oonie_(splatoon),68
katelynn_(afrobull),68
sakai_aruko,68
yohioloid,68
vicky_(fairly_oddparents),68
yuudachi_(new_year)_(kancolle),68
gogogo_(cookie),68
musai,68
ruua_(idaten93),68
ken_(barbie),68
uehara_ayaka,68
matsunaga_ayane,68
glasses_boy_(osomatsu-san),68
black_reaper,68
shanoa_(vtuber),68
emil_nekola,68
elf_no_radral,68
meina_(atlanta),68
noda_miki,68
ijichi_kiyotaka,68
anise_azeat,68
jenova,68
magi_magi_magician_gal,68
sakura_hane,68
rosemary_winters,68
celeste_(deadlock),68
tone_rion,68
shynesslady,68
aika_(eternal_arcadia),68
bunker_hill_(azur_lane),68
maxwell_(ordinary_mechanic)_(chief_researcher)_(nikke),68
amazon_pandora,68
lunatic_knight,68
kusunoki_mia,68
tolone_(xenogears),68
ayanami_(demon's_finest_dress)_(azur_lane),68
goou_yoshimitsu,68
cogimyun,68
otoishi_akira,68
fran_(reborn),68
kasako_(komeshiro_kasu),68
ilia_silvestri,68
mei_(project_moon),68
shirafuji_natsuki,68
silvia_milsteen,68
mikado_iori,68
choco_(shigure_ui_(vtuber)),68
osatou_(character),68
nine_alpha,68
renz_(rirene_rn),68
raika_(rune_(dualhart)),68
sugiyama_mio,68
hachinoya_nagi,68
devi_(elsword),68
rpr,68
hilda_(cross_ange),68
arcueid_brunestud_(clad_in_glacier),68
ren_(witch's_weapon),68
amakase_miharu,68
shinonome_soichiro,68
alice_mana,68
koko_(kishibe),68
kanda_yui,68
sumiyoshi_kanako,68
ookura_miyako,68
track_kouhai_(gentsuki),68
kirihara_misaki,68
ichinose_uruha_(summer_c102),68
nine_tail_(ragnarok_online),68
knight_(shichigatsu),68
moth_(diddms1999),68
hattifattener,68
akechi_anna_(civilian),67
barbara_(reverse:1999),67
lucia_caminos,67
nunu_(league),67
lulu_(dokusen_yoku_ga_tsuyo_sugiru_yandere_kai_neko-chan),67
mityl_(girls'_frontline_2),67
unova_mother_(pokemon_bw),67
max_immelmann_(azur_lane),67
michael_shelley,67
cala_maria_(cuphead),67
countess_chelsea_(path_to_nowhere),67
duke_pantarei,67
will_vandom,67
higurashi_towa,67
jay_(ninjago),67
salt_(maimai),67
galo_(warship_girls_r),67
kominato_haruichi,67
gionji_yukine,67
kisaragi_chihaya_(oathone),67
shuppo_(blue_archive),67
lucky_cyan_(to_be_hero_x),67
mega_zeraora,67
ririsya,67
k_k_(deltarune),67
dragon_boy_(to_be_hero_x),67
xio_derecha,67
miyako_(c108_swimsuit)_(blue_archive),67
symphony_kaito,67
asanagi_umi,67
chie_rumiko,67
kaya_(prison)_(blue_archive),67
mobius_(razer)_(honkai_impact),67
matikanefukukitaru_(lucky_tidings)_(umamusume),67
nagao_kei_(1st_costume),67
yamasaka_aimi,67
shirayuki_reid,67
axel_syrios_(1st_costume),67
eric_(disney),67
knight_gundam,67
lily_barriere,67
rinoa_heartilly_(student_sorceress),67
laura_stuart,67
commander_(forever_7th_capital),67
fat_chocobo,67
atlas_(mega_man),67
kisaki_emiri,67
moon_(helltaker),67
morofushi_takaaki,67
esther_(project_moon),67
lara_tchaikoskaya,67
riderman,67
geronimo_jr,67
lin_(sen_to_chihiro_no_kamikakushi),67
mimo_(pokemon),67
teepo_(breath_of_fire),67
great_britain_(cyborg_009),67
yagyu_shino,67
believe_(purity)_(umamusume),67
adamski_s-rank_space,67
elliot_craig,67
yanagi_mimi,67
qiya_(kia_098),67
coco_(mermaid_melody_pichi_pichi_pitch),67
yamato_takeru_(phantasmal_dress)_(fate),67
morgan_le_fay_(fgo_fes._2023)_(fate),67
nue_(nue_no_onmyouji),67
eve_(kasugai_(de-tteiu)),67
phoebe_(vtuber),67
guardian_siegrid,67
mighty_the_armadillo,67
urashima_keitarou,67
johnston_(swimsuit)_(kancolle),67
nayeon_(twice),67
yomogi_(monster_hunter),67
zenpouji_isaku,67
hunewearl,67
naberius_kalego,67
lufel_(owl)_(p5x),67
smart_falcon_(twilight_triumph)_(umamusume),67
squirtle_squad,67
k_(kuayrenaiz),67
shino_(.hack//),67
luan_loud,67
bell_beast_(hollow_knight),67
kanaka_(shigofumi),67
otsuki_aruru,67
havoc_(dreamycakesss),67
danny_fenton,67
adam_lanza,67
big_daddy_(bioshock),67
johnny_cage,67
ootori_sayumi,67
suzuhara_misaki,67
romeo_(lies_of_p),67
yokoyama_azusa,67
w_(summer)_(arknights),67
youko_kurama,67
black_tri-stars,67
amamiya_kokoro_(4th_costume),67
messina_(jojo),67
richter_(sousou_no_frieren),67
squawkabilly_(green),67
aria_(human)_(cuteness_loading)_(zenless_zone_zero),67
yuria_(makigai),67
shimamura_charlotte_(1st_costume),67
irisviel_von_einzbern_(black_iri),67
war_machine,67
moran_(off-duty_queen)_(nikke),67
seth_(housamo),67
hatsuzuki_(august's_first_romance)_(azur_lane),67
almond_cookie,67
sutegoro_shiina,67
oikawa_naoki,67
birdramon,67
aki_(rerrere),67
magnus_the_red,67
haru_(rerrere),67
zepar_(megido72),67
akebono_(saury_festival)_(kancolle),67
helmet_gang_officer_(blue_archive),67
fujimiya_sumika_(isekai_ojisan),67
gouken,67
mydei_(chrysos_chef)_(honkai:_star_rail),67
mg3_(girls'_frontline),67
yuan_ji_(code:_kite),67
hoshifuri_sosogu,67
mamerakkkkko_(mamerakkkkko),67
aizen_chieri,67
lee_chaolan,67
jesus_burgess,67
shimizu_esora,67
polaris_(shinrabanshou),67
naomi_(agent_aika),67
siena_olena,67
red_savarin,67
lazengann,67
sun_wukong_(rwby),67
komai_sumire,67
zaaro_(arknights),67
black_pepper_(precure),67
tecna_(winx_club),67
monika_weisswind_(magical_girl),67
ultraman_geed,67
dragoon_1_(sekaiju),67
shirai_hinako_(reflector),67
youko_(onmyoji),67
harpyia_(last_origin),67
amidamaru,67
baobhan_sith_(over_the_same_sky)_(fate),67
margherita_(wuthering_waves),67
yuuki_haruna,67
thranduil,67
radiant_soul_(elsword),67
shiver_(frostyfest)_(splatoon),67
suwa_amaki,67
kimidori-san,67
momoshiro_chiyoko,67
miu_(comodox),67
eahta_(granblue_fantasy),67
tooyama_saku,67
lumiera_(exs-tia),67
omiya_aine,67
asumi_sena_(3rd_costume),67
stronny_cuttles,67
mr._compress,67
yoshimitsu_(namco),67
sakurai_akane_(girlfriend_(kari)),67
leah_(shadowverse),67
ulv_the_mad_knight,67
akai_homura,67
recipipi,67
kurihara_chiyo,67
lou_(shadows_house),67
masanori_(housamo),67
mizuhara_hayari,67
jishuku-chan_(masco),67
homare_nao,67
tiry,67
shinomiya_natsuki_(mahjong_soul),67
alexandria_(xenoblade),67
humanoid_mercury_(dragalia_lost),67
seki_oriko,67
matsuoka_shuuzou,67
smol_fauna,67
chesed_(blue_archive),67
thiollier_(elden_ring),67
rald_schwarz,67
swiftsure_(study_hall_cyclamen)_(azur_lane),67
sayo_samonji_(tenka_hyakken),67
hornet_ii_(azur_lane),67
general_grievous,67
spirit_blossom_sett,67
z23_(retrofit)_(azur_lane),67
korsica_(hi-fi_rush),67
burabura,67
sasame_yozuru,67
gammei_(live_a_hero),67
larva_tiamat_(second_ascension)_(fate),67
fumu_(kirby),67
asahina_hiyori_(hara_hara!!),67
iguchi_yuka,67
onodera_haru,67
iron_fist_alexander,67
shiho_hahnenfuss,67
sory,67
mrs._kujo,67
ashur_(trickcal),67
jason_voorhees_(kotobukiya_bishoujo),67
eurasian_lynx_(kemono_friends),67
lea_(kingdom_hearts),67
nura_rikuo,67
miki_sauvester,67
shaiapouf,67
h2osakana,67
mastemon,67
yashi_nagomi,67
kitayama_shizuku,67
kitahara_aoba,67
darilbalde,67
grey-haired_girl_(alien_stage),67
xenia,67
mejiro_mcqueen_(racehorse),67
stay_gold_(gold-triumph)_(umamusume),67
sigsbee_(warship_girls_r),67
chumu_(teuthidan),67
ramon_(kof),67
himukai_ao_(jissai_no_tokoro),67
taiyou_kai_ni_(kancolle),67
nanami_ao,67
perseus_(fate),67
ganymede_(overwatch),67
william_tell_(fate),67
yile_(liu_liaoliao),67
dragon_shiryuu,67
nikotama_mai,67
kivia_patausche,67
sion_eltnam_sokaris_(paper_moon),67
yumykon_(yumykon),67
bathing_elf_(kirishima_satoshi),67
sania_(arc_the_lad),67
katie_(sennen_sensou_aigis),67
seong_mi-na_(bural_chingu),67
amai_hiyo,67
yuusha_masatoshi,67
kotomine_risei,67
omaida_takashi,67
kagari_atsuhiro,67
kuko_(flower_knight_girl),67
lorel_(auraaa),67
suzunari_arare,67
bolo_(shantae),67
angelene,67
sonia_branche,67
nagami_suzuka,67
degenbrecher_(the_shadow_of_the_dark_moon)_(arknights),67
helena_blavatsky_(christmas)_(fate),67
tsuruga_ami,67
norfolk_(azur_lane),67
sohma_yuki,67
azai_nagamasa_(sengoku_basara),67
recoome,67
leaf_(champion)_(pokemon),67
hanamoto_hagumi,67
watanae_yuuka,67
iga_(okame_nin),67
ueda_kana,67
mitsurugi_ryouko,67
sumeragi_taito,67
crea_rosenqueen,67
juno_emmons,67
aki_(snale),67
lin_(hokuto_no_ken),67
marion_phauna,67
yasaku_rei,67
mercury_(shining_nikki),67
devilboo_(zenless_zone_zero),67
ded_(housamo),67
ogma_(fire_emblem),67
z23_(philosophy_sensei)_(azur_lane),67
funikura,67
shirahane_yukina,67
shinano_(vrchat),67
evangeline_a.k._mcdowell_(adult),67
kagurazaka_yuna,67
crossette_(xenoblade),67
tsuru_asaka,67
toro_(shigure_ui_(vtuber)),67
ushita_kaoruko,67
kohinata_yukari,67
iczer-1,67
sirius_(white_rose)_(azur_lane),67
hoshifuri_iku,67
takano_chizuru,67
female_eshmel_(fire_emblem),67
yahisa_tsukiko,67
itou_akane,67
yuzuyu_(cookie),67
io_(summer)_(princess_connect!),67
orifushi_natsumi,67
magehound,67
amakasu_barley_tenji,67
byakudan_kagome,67
elwing,67
ayase_asagi,67
geru_futota,67
mega_mewtwo_x,66
nakamura_aika,66
lord_logres_(first_ascension)_(fate),66
no._21's_buddy_(pgr),66
bomb_man,66
omega_(first_form)_(mega_man),66
uni_(ichijou_ririka),66
rae_(rob_ishi),66
garcia_(fire_emblem),66
miyamizu_yotsuha,66
mey_mey_(precure),66
yunyun_(yunyun_denpa_syndrome),66
yamagami_karuta_(orihimeboshi),66
silence_suzuka_(racehorse),66
jucika,66
zenno_rob_roy_(casual)_(umamusume),66
eva_stratt,66
soline_(frost_ticket)_(nikke),66
anivia_(league),66
jinguji_sayaka,66
bel_(cyancapsule),66
ghost_girl_(shikisokuzeku76),66
summoner_(league),66
lebkuchen_(little_goody_two_shoes),66
leonhardt_(eiyuu_densetsu),66
ashtarte_(dungeon_and_fighter),66
ayn_alwyn_(godheim),66
maki_(juukyuu),66
ieri_shiruku,66
alchemist_4_(sekaiju),66
penguinboo_(zenless_zone_zero),66
cat_mike_(deltarune),66
makuno_suzu_(urushiushiru),66
miyabi_(xenoblade),66
rida_(vibrantrida),66
m3gan_(character),66
viridiana_(girls_und_panzer),66
emil_castagnier_(ratatosk),66
hanzo_hasashi,66
ariduka_anto,66
alva_lorenz,66
wadanohara_(red_sea),66
ichinomiya_michaela_himari,66
jonathan_sims,66
hraesvelgr_(fire_emblem),66
aerith_gainsborough_(citric_dress),66
linus_van_pelt,66
enterprise_(diving_under_blue_skies)_(azur_lane),66
surtr_(fire_emblem),66
ricardo_milos,66
sara_(throtem),66
greater_dog,66
shamir_nevrand_(summer),66
murano_sayaka_(winter_loungewear),66
grell_sutcliff,66
elline_(kirby),66
shio_(ayanepuna),66
filo_(filolial_form)_(tate_no_yuusha_no_nariagari),66
kotatsu_(yatogami_fuma),66
law_(tales),66
angron,66
manfred_(arknights),66
basti_(girls'_frontline_2),66
khloe_aliapoh,66
bark_the_polar_bear,66
gugalanna_(fate),66
popuri_(fushigi_mahou_fun_fun_pharmacy),66
akiyama_toru_(pepper0),66
chougei_(swimsuit)_(kancolle),66
luca_angeloni,66
cecilus_segmunt,66
qianqiu_(xinyue_tongxing),66
elysia_(summer_2025)_(honkai_impact),66
ogerpon_(cornerstone_mask),66
dream_journey_(snow-white_dreamland)_(umamusume),66
pyunma,66
anaxa_(whatsamatta)_(honkai:_star_rail),66
barbary_lion_(kemono_friends),66
midorikawa_sara,66
naruko_shoukichi,66
kurourushi_(jujutsu_kaisen),66
will_graham,66
eleanor_forte,66
kanisawa_kinu,66
midori_makibaoo,66
k/da_all_out_seraphine_superstar,66
xu_mo,66
eleanor_si,66
zidane_tribal_(vacationing_thief),66
sakura_ritsuki_(1st_costume),66
talking_flower_(mario),66
kroos_(the_mag)_(arknights),66
nora_(cytus),66
shin_kuroi,66
kujo_kaede,66
orlando_reeve,66
boomslang_(kemono_friends),66
rikka_(dq9),66
gremio_(suikoden),66
shiraya_tamaki,66
protagonist_(susanghan_messenger),66
kyousuke_nanbu,66
sylvie_cariello,66
misha_necron,66
minase_kou,66
wowaka,66
friedrich_der_grosse_(one_summer_night's_intimacy)_(azur_lane),66
pico_(boku_no_pico),66
shota-kun_(joshi_kousei_rich_thots),66
lilith_aileron,66
kisaki_eri,66
kagami_matsuri,66
leilah_(ragnarok_online),66
suzuya_aki_(1st_costume),66
kaka_kittens,66
who's_who_(one_piece),66
grandma_(cookie_clicker),66
kim_ieum_(mang-jong),66
gawain_(code_geass),66
mai_(future)_(dragon_ball),66
zhang_fei_(fullbokko_heroes),66
hambrabi,66
kanon_(senran_kagura),66
pegasus_(sailor_moon),66
cain_knightley,66
shishiou_tsukasa,66
phainon_(chrysos_chef)_(honkai:_star_rail),66
tenochtitlan_(event_portrait)_(fate),66
flik_(suikoden),66
papas,66
an-94_(mod3)_(girls'_frontline),66
biggs_(ff7),66
fn-49_(girls'_frontline),66
loki_(danmachi),66
bake-danuki_(genshin_impact),66
agria_(midsummer_girl)_(tales),66
etra_(icetea),66
angelina_nanatsu_sewell,66
black_zero_(mega_man),66
amiya_(ambience_synesthesia_2022)_(arknights),66
noelle_francisca,66
mikado_himawari_(ukitamilk),66
mosslax,66
kumu_cotton,66
pichu_brothers,66
amou_june,66
miang_hawwa,66
narmaya_(the_black_butterfly)_(granblue_fantasy),66
suzune_nia,66
alice_(arcaea),66
larry_foulke,66
raiden_mei_(eventide_phantom),66
dia_(genjitsu_no_yohane),66
dei_matsuri,66
nacht_(dolphin_wave),66
gold_city_(casual)_(umamusume),66
tharja_(plegian)_(fire_emblem),66
lapis_(forager_of_the_sea)_(fire_emblem),66
verso_(expedition_33),66
desyana_laurentia,66
amagase_muyu,66
itigori_ena,66
fujinoki_nene,66
kirawus_(golden_kamuy),66
kuouzumiaiginsusutakeizumonokamimeichoujin_mika,66
araya_souren,66
miyano_akemi,66
kurosaki_masaki,66
keizou,66
yaegaki_erika,66
trainer_minamizaka,66
jougasaki_mika_(charisma_gyaru),66
zenith_(brown_dust),66
rodina_(mgong520),66
hk21_(girls'_frontline),66
giko_neko,66
mario_gallo_bestino,66
black_heart_(4go)_(neptunia),66
cerberus_(houtengeki),66
hanyuu_mayuri,66
star_gladiator_(ragnarok_online),66
cat_mario,66
azik_eggers,66
hanazono_kirara,66
liberty_island_(racehorse),66
ogami_matoi,66
john_egbert,66
emily_(last_origin),66
elfinpsyop,66
mogall,66
azbar_(dragon_quest),66
smug_alana,66
kumiromi_of_harvest,66
illyasviel_von_einzbern_(saber_install),66
red-leg_zeff,66
aile_strike_gundam,66
pitohui_(sao),66
vita_(salt_snow)_(honkai_impact),66
monna_(zenless_zone_zero),66
saki_saki_(kanojo_mo_kanojo),66
kisaragi_louis,66
iwami_manaka,66
ryuuhou_kai_ni_(kancolle),66
kashiwagi_kaede,66
chiyoganemaru_(touken_ranbu),66
ailane_(show_by_rock!!),66
dream_luther,66
miyu_greer,66
okuzaki_akira,66
chthonian_(fate),66
junior_(gogalking),66
sonnet_(genshin_impact),66
ullrid_(girls'_frontline_2),66
e-102_gamma,66
uso-kun,66
kiyohime_lore,66
politis_(epic_seven),66
erica_ainsworth,66
nishino_flower_(casual)_(umamusume),66
tsumujikaze_koyori,66
cotton_(bbybluemochi),66
shiroi_ko_(otokuyou),66
asakura_hao,66
yoshioka_haru,66
kagura_demuri,66
itsumi_erika's_loader,66
amicia_michella,66
kaiyoko_star,66
derrick_berg,66
daisy_(luxu),66
winning_ticket_(racehorse),66
marshadow_(zenith),66
york_(azur_lane),66
nagayama_kaede_(yukimoto_shuuji_(gurigura)),66
a-37_(mahjong_soul),66
minami_mii,66
diva_(blood+),66
iriya-kun,66
inari_iroha,66
microphone_waddle_dee,66
charlotte_(shironeko_project),66
labyrista_(princess_connect!),66
effole_(fairy_fencer_f),66
penthesilea_(third_ascension)_(fate),66
ebihara_minase,66
sakura_momo,66
hijirime_laeria,66
fire_valkyrie,66
minnie_doe_alma,66
yin_(guweiz),66
younger_twin_sister_(muninshiki),66
rena_(watamote),66
numachi_rouka,66
shiraishi_chisa,66
sovetskaya_belorussiya_(relaxation_stratagem)_(azur_lane),66
shimakaze_(the_white_rabbit_of_wonderland)_(azur_lane),66
oklahoma_(azur_lane),66
mahiru_(princess_connect!),66
aglovale_(granblue_fantasy),66
edmond_dantes_(monte_cristo_uniform)_(fate),66
cream_(stand),66
yurie_the_last_scholar,66
clyde_(pac-man),66
houjou_reika,66
tokimatsuri_eve,66
honne_dell,66
mikochi_(hakumei_to_mikochi),66
koiso_kenji,66
yuko_(chainsaw_man),66
shuzen_kokoa,66
marie_antoinette_(animejapan_2016)_(fate),66
sanae-chan,66
european_princess,66
wakura_yuina,66
akai_maho,66
erynn_(porforever),66
fujita_canaria,66
sunny_(gino's)_(omori),66
miyazaki_(watamote),66
midorikawa_leon,66
zao_(housamo),66
avenger_(dungeon_and_fighter),66
aya_(oneechanbara),66
pav_(fear_&_hunger),66
jimmy_t,66
moe_(splatoon),66
fonewearl,66
kukuri_(tsugumomo),66
dj_sona,66
yaga_masamichi,66
seaplane_tender_water_princess,66
cona_ember_(kkamja),66
father_(fma),66
misaki_yuria,66
tenko_(yuureidoushi_(yuurei6214)),66
yona_(zelda),66
chick_girl_(yukimoto_shuuji_(gurigura)),66
argentea_(darling_in_the_franxx),66
db_(precure),66
baek_ae-young,66
paladin_(baalbuddy),66
fujishima_megumi_(winter_casual),66
gouda_takeru,66
shimada_mayu,66
onda_aka,66
shamshel_(evangelion),66
gambian_rat_(kemono_friends),66
shane_hollander,66
laina_(show_by_rock!!),66
yuuki_nona,66
mirei-san_(suterii),66
noah_(little_noah),65
mocha-tan_(character),65
john_hamish_watson,65
bagpipe_(echo_of_bagpipes)_(arknights),65
george_joestar,65
katsuragi_marina_(exs-tia_m),65
eri_(succubus)_(blue_archive),65
akizuki_kai_ni_(kancolle),65
hikari_(reunion)_(arcaea),65
sollyz_(sollyz),65
azki_(gyaru)_(hololive),65
ayako_(slam_dunk),65
kakuchou_(tokyo_revengers),65
zircon_(houseki_no_kuni),65
linaria_fairhyde,65
coco_(brimcap)_(tongari_boushi_no_atelier),65
eilie_(witch's_island),65
kiana_kaslana_(winter_princess),65
mayaa_(azumanga_daioh),65
mink_(dramatical_murder),65
bane_(dc),65
kaelix_debonair,65
roland:_flambeau_(pgr),65
ranger_(final_fantasy),65
tamanoi_nana_(1st_costume),65
lin_ling_(to_be_hero_x),65
tidehunter_(dota),65
theresa_(condolence)_(arknights),65
nishikino_maki_(summer_training_wear),65
isei_(iyowa),65
suga_kenzo,65
rana_ru,65
shinryuji_tekka,65
colt_walker_(girls'_frontline),65
fine_motion_(titania)_(umamusume),65
lotta_(girls'_frontline_2),65
electro_wave_human_tackle,65
ishigami_nozomi_(2nd_costume),65
ame-chan_(emo)_(needy_girl_overdose),65
huacaya_alpaca_(kemono_friends),65
seto_miyako_(1st_costume),65
yuubari_gogo,65
ariane_glenys_maple,65
interdimensional_magolor,65
oda_kou,65
lapis_(mighty_bride)_(fire_emblem),65
juna_unagi,65
landorus_(therian),65
asha_(monster_world),65
mizunoe_ume,65
luluna_(pri_chan),65
yugiri_(senran_kagura),65
exia_(hacker_rabbit)_(nikke),65
heather_(fire_emblem),65
metal_gear_rex,65
moriko_kyoho,65
lara_greyrat,65
claire_d'lune,65
elmer_vissel,65
kuchiba_(honkai:_star_rail),65
take_yutaka,65
hatsune_miku_(vocaloid4)_(chinese),65
princess_daisy_(touring),65
squirrel_girl_(sunshine_squirrel)_(marvel),65
kim_(mleth),65
ginny_(one_piece),65
kurosu_owari,65
gyaru_kawaii_puniru,65
calypso_(honkai:_star_rail),65
fusaishi_haruaki,65
yorumi_rena_(5th_costume),65
the_burrowing_heaven,65
chiemon_(fate),65
beni-enma_alter,65
dragonmaid_nudyarl,65
sakamoto_maaya,65
mayuzumi_yukino,65
rover_(animal_crossing),65
kanna_(eleazarmikai),65
yuzuki_yukari_(vocaloid6),65
type_56-1_(girls'_frontline),65
siegfried_kaslana,65
umori_hinako,65
marikyuun_(vtuber),65
dr._weil_(mega_man),65
ots-14_(destined_love)_(girls'_frontline),65
itou_chitose,65
66_(roro),65
mythos_zero_(mega_man),65
necrozma_(dusk_mane),65
higuchi_kaede_(casual),65
suzurikawa_euphrasie_ruika,65
wonder_(p5x),65
pool_party_caitlyn,65
scarlet_el_vandimion,65
1000-nen-chan,65
magnamalo,65
hansel_(black_lagoon),65
takasaki_chidori,65
tsuina_(dohna_dohna),65
dapiko_(duel_masters),65
justimon,65
alexis_ness,65
mint_(elite_ii)_(arknights),65
kord_(girls'_frontline),65
percival_(sonic),65
shima_(utaite),65
senra_(utaite),65
alina_(girls'_frontline),65
daqiao_(shin_sangoku_musou),65
marina_(grand_festival)_(splatoon),65
kayo_(watamote),65
unown_?,65
ryugasaki_rene_(4th_costume),65
shiina_mahiru_(milgram),65
salvatore_(disgaea),65
pulao:_dragontoll_(pgr),65
oudou_tsuguhiko,65
jose_carioca,65
spirit_of_origin_(honkai_impact),65
kimiyoshi_natsumi,65
yugiri_tsuzuri_(summer_training_wear),65
executioner_smough,65
kunitomi_ryouka,65
mori_calliope_(holonatsu_paradise),65
mari_(delightfully_fuckable_and_unrefined!!),65
cookie_monster,65
spectre_(yu-gi-oh!),65
takahashi_tetsuo,65
ei_chan_(endless_overhaul),65
revolver_(yu-gi-oh!),65
shinonome_megu,65
scathach-skadi_(second_ascension)_(fate),65
kisaki_(christmas_dress)_(blue_archive),65
echidna_(fire_emblem),65
phosphophyllite_(10000),65
tsukuyomi_shouta,65
enoa_(crymachina),65
a-91_(girls'_frontline),65
ruby_(ff9),65
mualani_(hot_springs)_(genshin_impact),65
nero_claudius_(red_lightning)_(fate),65
nizimine_kakoi,65
taipan_(kemono_friends),65
washington_(warship_girls_r),65
sa-x,65
sun_wukong_(omniscient_reader's_viewpoint),65
suzunomiya_lilisa,65
yurishia_farandole,65
brown_(among_us),65
older_twin_sister_(muninshiki),65
honami_hisame,65
octorok,65
hoshizaki_ao,65
narita_brian_(hungry_wolves)_(umamusume),65
biryu_soso,65
jin_(avatar),65
rishetta_(30ms),65
nimue_(kaku-san-sei_million_arthur),65
mii_(jungle_de_ikou),65
matthew_(fire_emblem),65
miki_(virtuareal),65
aizawa_ema_(2nd_costume),65
fujimiya_amane,65
himoo_yuina,65
osakabehime_(foxy_lady)_(fate),65
souryuuin_akemi,65
fubuki_(anniversary)_(kancolle),65
lukas_(fire_emblem),65
superbia_(bravern),65
ameli_(girls'_frontline),65
plue,65
uni_(unexistarts),65
hypnos_(hades),65
balam_shichiro,65
halluel_(granblue_fantasy),65
kinoshita_kaede,65
nina_tucker,65
nepheli_loux,65
theo_(tenma_maemi),65
yukana,65
mori_calliope_(the_story_thus_far),65
noya_(lingering_sunlight)_(stella_sora),65
chimumu,65
kurona_(neko_musume_michikusa_nikki),65
sammy_(kung-fu-piggy),65
max_(ssss.gridman),65
asakura_ageha,65
kofu_(pokemon),65
cyclops_(girls'_frontline),65
atlanta_(warship_girls_r),65
oskar_von_reuenthal,65
guichen_(azur_lane),65
theresa_apocalypse_(sugar_haw_child),65
mega_latios,65
ellone,65
elf_(lineage_2),65
deku_scrub,65
kido_shinji,65
beatrix_amerhauser,65
octavia_(helluva_boss),65
witch_(dungeon_and_fighter),65
wirt_(over_the_garden_wall),65
aiba_reika,65
akane_(cookie),65
kidd_coega,65
fubuki_(warship_girls_r),65
willford_diccard,65
beerko,65
theresa_apocalypse_(rosy_bridesmaid)_(luna_kindred),65
echidna_(last_origin),65
fullertom_(dungeon_meshi),65
micaiah_(summer's_dawn)_(fire_emblem),65
suri_solari,65
freki_and_geri_(fate),65
lian_(pokemon),65
arjuna_(versus)_(fate),65
lilanthim_(shadowverse),65
backup_dancer_(hakos_baelz),65
luchino_(identity_v),65
karva_(granblue_fantasy),65
tougou_tsuyoshi,65
noel_levine,65
kanae_(sekaiju),65
cheery_pink,65
ran_(7th_dragon),65
dewey_(alien_stage),65
z19_hermann_kunne_(azur_lane),65
cardinal_armand,65
eska_(cookie),65
skyfire_(temperature_difference)_(arknights),65
zakuro_(otome_youkai_zakuro),65
ukiyo_ace,65
koucha_shinshi,65
yusa_(jashin-chan_dropkick),65
hanamiya_nagisa,65
asclepius_(third_ascension)_(fate),65
yoshioka_yuki,65
zoushi_kanai,65
hero's_shade_(zelda),65
irina_jelavic,65
urataros,65
ledo_vassar,65
aono_tsukune,65
anna_(girls'_frontline),65
w_(mercenary)_(arknights),65
hino_satoshi,65
ageha_mia,65
santa_(kyokugen_dasshutsu),65
wakabayashi_ikuno,65
unegu_(kenkon_no_washi),65
tomatsu_haruka,65
kaga_(warship_girls_r),65
akemi_homura_(swimsuit_ver.),65
gu_xun_er_(doupo_cangqiong),65
altessa_(futagohime),65
ham_na-bi,65
oki_kouji,65
awashima_seri,65
prince_fluff,65
maid_ane_(maoyuu),65
howler_(owler),65
miyaguchi_kei,65
kuze_kiriha,65
wallace_(porforever),65
keith_shadis,65
sasagawa_kanon,65
future_princess,65
yamamoto_nanako,65
mother_spider_demon_(kimetsu_no_yaiba),65
squirrel_(jjjjmmn_err),65
toromi_(samegami),65
ariaria_(netsuki),65
king_kittan,65
hijikata_(senran_kagura),65
kizakura_koichi,65
gekkogahara_miaya,65
nana_(kurisustinah),65
american_oppai-san,65
murayama_(high_school_dxd),65
shadow_(fate/stay_night),65
kurosaki_makoto,65
hiiragi_anri,65
mio_(tsuki_ga_michibiku_isekai_douchuu),65
minagawa_yuki,65
nanase_miyuki,65
ridget_(suisei_no_gargantia),65
grim_(grim_adventures),65
yuiyui_(konosuba),65
mark_kruger,65
tanyuu_karibusa,65
gyoza_man,65
minato_(zegapain),65
fina_(ffbe),65
rou_leila,65
saotome_suzume,65
dark_eclair,65
tsukushino_mitsugu,65
frank_west,65
ozymandias_(second_ascension)_(fate),65
tsukimiya_ringo,65
call_e,65
bachou_(koihime_musou),65
minato_shachiko,65
adela_(path_to_nowhere),65
ari_(shichigatsu),65
fennery_(show_by_rock!!),65
potemayo_(character),65
kobayashi_mikuru_(civilian),64
lilia_(ys),64
pikachu_belle,64
maddie_fenton,64
coraline_(black_survival),64
mana_(nikke),64
romania_(hetalia),64
charlotte_wiltshire_(q84),64
tojo_tsukasa_(midsummer_prayer),64
death_knight_(warcraft),64
morganite_(houseki_no_kuni),64
satsuki_(momikyo),64
the_legion_(dead_by_daylight),64
ascalaphus_(fate),64
ayase_shiho_(honashi),64
queen_tia_(mega_man),64
kanihai,64
vincent_wordsworth,64
robin_(star_rail_live_2024)_(honkai:_star_rail),64
lane_aim,64
huh_yunjin,64
washington_(swimsuit)_(kancolle),64
murasaki_shion_(new_year),64
daisy_dandelion,64
melty_pristis,64
eve_(blaster_master_zero),64
zen'in_jinichi,64
speaker_of_god_(hazbin_hotel),64
motherly-chan_(ramchi),64
wolf_(minecraft),64
underworld_goddess_of_the_closed_world,64
azeyma,64
nui_sociere_(2nd_costume),64
arisa_(charon_universe),64
black_sapphire_cookie,64
virtuoso_(16personalities),64
erika_(sebastian_z),64
togashi_(hyakuemu),64
ii_(peps_art),64
momosuzu_nene_(new_year),64
heatblast,64
narin_mikure,64
maximin_liebkne,64
kitazawa_riku,64
ricotta_beldine,64
gehenna_student_(blue_archive),64
guildmarm_(monster_hunter),64
traptrix_myrmeleo,64
leonidas_i_(real_life),64
medic_2_(sekaiju_4),64
pompey_(zenless_zone_zero),64
vigna_(black_wave)_(arknights),64
blue_star,64
korone_(metata),64
kyouko_(korezom),64
sakura_soyoru_(miyayoki),64
tizoc_(snk),64
kris_(lightners_live)_(deltarune),64
koyanskaya_(foreigner)_(second_ascension)_(fate),64
dogmatika_fleurdelis_the_knighted,64
gyroid_(animal_crossing),64
katsuragi_izumi_(1st_costume),64
male_byleth_(halloween)_(fire_emblem),64
exosister_sophia,64
kuromaru_(mugen),64
roman_carax,64
sengoku_kakeru,64
charon_(arcaea),64
lars_rorschach_(godheim),64
tarpan_(kemono_friends),64
theta_(hunter_x_hunter),64
bailu_youyun,64
kinomoto_sakura_(sakura_prince),64
schroeder_(peanuts),64
pneuma_(artbook_swimsuit)_(xenoblade),64
kamito_(vtuber),64
natsuki_(null),64
viewtiful_joe_(character),64
mountain_shaper_(genshin_impact),64
anchorage_(sweet_evening_milk)_(azur_lane),64
lin_(knowledge_and_magic)_(arknights),64
nidhoggr_(fire_emblem),64
kamen_rider_diend,64
queen_(dilan_griz),64
nakayama_festa_(trusting_the_dice)_(umamusume),64
hortensia_(flashy_dress)_(fire_emblem),64
vriska_serket,64
ratna_petit_(5th_costume),64
rokudou_hijiri,64
car-mouth_kirby,64
king_of_men_goetia_(fate),64
hatchling_(outer_wilds),64
zain_(aotu_world),64
toda_eulalia_kotohi,64
belorta_(nikke),64
onemine_nene,64
madeline_(fire_emblem),64
ratchet_(ratchet_&_clank),64
angel_bunny,64
mihashi_ren,64
tatebayashi_miharu,64
hiyori_(momoko),64
ako-chan_(notamaru_2),64
grace_maitland_steward,64
itou_kashitarou_(fate),64
gsh-18_(girls'_frontline),64
azazel_(last_origin),64
cupid_kirby,64
lila_(houou_project),64
alcryst_(ashen_outfit)_(fire_emblem),64
gm_orangeade,64
delling_rembran,64
hiiragi_asuka_(twinbox),64
umino_chika_(character),64
sari_sumdac,64
kohaku-chan_(dagasi),64
komeiji_koishi_(cat),64
lily_hopkins,64
aizawa_asahi_(unbalance),64
holmy_(show_by_rock!!),64
emil_(identity_v),64
sateriasis_venomania,64
eagle_1_(helldivers),64
ryuushen_(1st_costume),64
kai_schulen,64
paul_phoenix,64
cherry_blossom_cookie,64
kazakiri_(senran_kagura),64
arlong,64
forbin_(azur_lane),64
shimizu_kei,64
black_alice_(mon-musu_quest!),64
zoe_rayne,64
detective_(silver_palace),64
reccoa_londe,64
isla_von_duerer,64
aries_shion,64
terauchi_kiyo,64
mibu_kikuchiyo,64
sasha_necron,64
pandy_(geistbox),64
ruby_(steven_universe),64
aila_paivikki_linnamaa,64
kokura_asahi,64
suzumiya_anju,64
ghost_(len'en),64
ibuki_douji_(third_ascension)_(fate),64
bye-bye_dust_(infinity_nikki),64
centur-ion_primera,64
the_puppet_(fnaf),64
lily_(shiei_no_sona-nyl),64
izuna_jinkuro,64
lady_black_(shy),64
queen_draco_(beast_vi/s)_(fate),64
teisel_bonne_(mega_man),64
roboco-san_(dark_bride),64
shiro_(tower_of_fantasy),64
fine_motion's_bodyguard_captain,64
elbe_(pure-hearted_bad_girl)_(azur_lane),64
reina_(original)_(grimms_notes),64
reaper_1_(sekaiju),64
nekota_tsuna_(3rd_costume),64
nemesis_(tower_of_fantasy),64
suzumiya_rin,64
maestrale_kai_(swimsuit)_(kancolle),64
airsoft_corgi_(yazawa_owl),64
rodimus,64
shallot_(dragon_ball),64
jinja_eru,64
gundam_gp-01_full_vernian_zephyranthes,64
sonon_elfie_(umamusume),64
xane_(fire_emblem),64
kouzuki_yuuko,64
dobermann_(lieutenant)_(arknights),64
fiona_(xenoblade),64
futaba_aoi_(hara_hara!!),64
ein_(mahjong_soul),64
lillian_ljungstrom,64
max_profitt_haltmann,64
eva_13,64
saeki_ai,64
panette_(gothic_dress)_(fire_emblem),64
scheherazade_(the_lapis_witch)_(brown_dust),64
olrox,64
mima_tokiko,64
k_(blade_runner_2049),64
erica_mendez,64
shikai_yue,64
shellin_burgundy_(1st_costume),64
hatsuyama_hotaru,64
akiyama_shun,64
chirithy,64
zechs_merquise,64
lamball,64
kamimura_haruka,64
menjou_hare,64
dry_bones,64
sendai_(autumn)_(kancolle),64
ryoune_yami,64
sumomo_(ikuta_semi),64
fi_(atelier),64
vaati,64
nishikino_maki's_mother,64
eremite_desert_clearwater_(genshin_impact),64
steph_(afrobull),64
kiso_kai_ni_(swimsuit)_(kancolle),64
momose_megu,64
lyn_(wind's_embrace)_(fire_emblem),64
miochun,64
aino_mito,64
tupai_(touhou),64
exusiai_(wild_operation)_(arknights),64
knight_(7th_dragon),64
yabushima_akane,64
golden_frieza,64
phillip_(disney),64
mugendo_saki,64
pinkamena_diane_pie,64
cor_leonis,64
melissa_shield,64
matou_shinji_(fate/extra),64
hyoudou_kazuya,64
jamil_(granblue_fantasy),64
satou_tatsuhiro,64
meanie_ena,64
laffey_(snow_rabbit_and_candy_apple)_(azur_lane),64
blackberry_baelz,64
mzd,64
giru_(dragon_ball),64
sharon_les_halles,64
cherie_espoir,64
noroiko,64
liezerota_(disgaea),64
tanaka_aiko,64
mai_kobayashi,64
black_egrets,64
ayase_yuu_(2nd_costume),64
haruri_borzak,64
kiryuu_touga,64
jeanne_d'arc_(saintess_of_the_sea)_(azur_lane),64
josui_(senran_kagura),64
southampton_(azur_lane),64
natalia_kaminski,64
esper_(saga_2),64
lyn_(flame)_(fire_emblem),64
pukamon,64
tsuji_shinnosuke,64
emera_(bombergirl),64
mirokuji_yuuya,64
sasahara_koujirou,64
chen_lio,64
gundam_pharact,64
emmet_(special_costume)_(pokemon),64
lu_bu_(fate),64
tifa_lockhart_(loveless_dress),64
paku_paku,64
kuroino_(poco),64
tsukimi_(kyata_ti666),64
player_character_(lineage),64
friedrich_der_grosse_(dark_raiments_of_gagaku)_(azur_lane),64
leonard_bistario_harway,64
feather_(granblue_fantasy),64
hobgoblin_(touhou),64
albacore_(warship_girls_r),64
malluel_(granblue_fantasy),64
kuroe_(kimi_omou_koi),64
lyn_(ninja)_(fire_emblem),64
luvencia_(brown_dust),64
yabe_satoshi,64
tsuyuhara_miu,64
nona_(yeun),64
unown_q,64
marseillaise_(azur_lane),64
mori_calliope_(new_underworld_order),64
spica_(sumaga),64
wakabayashi_isamu,64
natsumi-chan_(kanabun),64
mr._machete,64
chroah_vatel,64
suikou_(genshin_impact),64
kirenenko_(usavich),64
mechazawa_shin'ichi,64
kurumi_(koutetsu_tenshi_kurumi),64
aoki_hina,64
nami_(teranen),64
sin_faye,64
pip_bernardotte,64
himiko_(btooom!),64
minase_koito,64
pratty,64
etou_toshiko,64
kawamoto_akari,64
sawatari_miko,64
dark_schneider,64
sagara_arisa,64
shut_(precure),64
jang_wonyoung,64
paladin_(warcraft),64
apple_magician_girl,64
tomokane,64
joujima_yuuki,64
rindou_moyu,64
umizakura_tachimi,64
nono_kotori,64
ereki_(beatmania),64
selly55,64
i-168_(azur_lane),64
hiver_laurant,64
raccoon_mario,64
teena_(granblue_fantasy),64
onizuka_hime,64
tama_(gintama),64
zhao_yuwen,64
maeda_inuchiyo,64
cure_march_(princess_form),64
siska_leontyne,64
helena_adams,64
ishida_(ishida_to_asakura),64
matsumoto_maya,64
usamin,64
nakatsugi_kyuuma,64
kunzite_(sailor_moon),64
miki_nozomu,64
kanojo_(ogino_atsuki),64
9a-91_(bullets_cafe)_(girls'_frontline),64
eddelrittuo,64
doctor_ferdinand,64
tristana_(girls_und_panzer),64
laika_(slime_taoshite_300_nen),64
alpha_(acerailgun),64
rosemi_lovelock_(military),64
edy_nelson,64
suou_patra_(7th_costume),64
laila_(queen's_blade),64
trundle_(league),63
skelter_(grimmi_(vtuber)),63
inaba_haneru_(1st_costume),63
king_(deltarune),63
gnar_(league),63
suffren_(azur_lane),63
male_protagonist_(pokemon_ww),63
gram_pico,63
oinkologne_(male),63
asa_(yomi_no_tsugai),63
vector_(molotov_bunny)_(girls'_frontline_2),63
tairitsu_(reunion)_(arcaea),63
frank_morrison,63
diana_venicia,63
ursula_(fire_emblem:_fortune's_weave),63
kaito_(guilty)_(vocaloid),63
konoha_(sound_voltex),63
ayanose_natsume,63
divine_beast_of_harvest_mayreel,63
haohi_(less),63
icey,63
kunimitsu_(tekken),63
kyarot_(trickcal),63
homura_kogetsu,63
minamoto_kurou_yoshitsune_(ikkitousen),63
win_variation_(casual)_(umamusume),63
chiyoda_(azur_lane),63
ester_ein_astrada,63
asami_yume,63
hatsune_miku_(siren),63
kubota_miyu,63
marcus_mars,63
juggernaut_(x-men),63
shiragiku_(fatal_frame),63
alchemist_2_(sekaiju),63
valkyrie_moon,63
herrscher_of_dominance,63
eastern_spot-billed_duck_(kemono_friends),63
aya_(black_survival),63
mine_riko,63
ryuguard_(finana_ryugu),63
akagi_haruko,63
zima_the_raging_tide_(arknights),63
finana_ryugu_(jirai_kei),63
murakumo_ten,63
star_guardian_miss_fortune,63
star_guardian_akali,63
scp-1471,63
izumi_houka,63
camu_(pgr),63
ptera_ranger,63
yoshikawa_yuki_(hori-san_to_miyamura-kun),63
hanada_nikki,63
francesco_caracciolo_(azur_lane),63
secretarybird_(kemono_friends),63
tama_(happiness),63
tomoe_umari_(umari_3.0),63
kumano_(christmas)_(kancolle),63
helena_(swimsuit)_(kancolle),63
hoshiguma_(seeker)_(arknights),63
hayami_sena,63
poyomon,63
sukoya_kana_(3rd_costume),63
zon_(dungeon_meshi),63
kaeruzaka_raiya,63
minneapolis_(tennis)_(kancolle),63
tojo_tsukasa_(bunny_fight_deviation),63
sirian_rain,63
on'yomiko,63
togawa_nonoha_(1st_costume),63
kunoichi_(disgaea),63
firefly_(vision)_(honkai:_star_rail),63
castorice_(star_rail_live_2025)_(honkai:_star_rail),63
yellow_devil_(mega_man),63
murano_sayaka_(summer_training_wear),63
ashley_graham_(mouse),63
habetrot_(last_origin),63
toko_(one_piece),63
the_riddler,63
mori_calliope_(grimoire),63
richter_abend,63
baseball_club_mob_(draco),63
berkana_(mega_man),63
kafka_(good_me)_(honkai:_star_rail),63
alvina_zimlock,63
enver_gortash,63
kobato_jougorou,63
livia_(mikaze_oto),63
haimawari_kouichi,63
fujino_(look_back),63
tyranomon,63
silver_wolf_(cat-maid_ensemble)_(honkai:_star_rail),63
emil_(human)_(nier),63
pakkun_(naruto),63
pascal_(tangled),63
ratna_petit_(2nd_costume),63
silver_(sygna_suit)_(pokemon),63
nicola_cepheus,63
akechi_hideki,63
sweet_passion,63
takemoto_uruka,63
sabrina_(aestheticc-meme),63
haizakura_(prima_doll),63
kijo_kouyou_(third_ascension)_(fate),63
gerald_robotnik,63
raiden_mei_(shadow_dash),63
lindwurm_(last_origin),63
black_lobelia,63
hiryuu_(mitsukoshi_2019)_(kancolle),63
orochi_shermie,63
shi_huang_di_(third_ascension)_(fate),63
thetis_(romancing_saga),63
eileen_(a-soul),63
lilisette_illderthane_(lilisettexiv),63
hyuni_(character),63
miyazono_miyu,63
taurus_aldebaran,63
shamone_(skullgirls),63
spearmaster_(rain_world),63
spitfire_(girls'_frontline),63
funasshii,63
akashi_(sorobochi),63
shigure_kasumi,63
charlotte_shalzen,63
kido_ayame_(kimi_wa_008),63
tri-brigade_shuraig_the_ominous_omen,63
ariana_grande,63
penelope_(azur_lane),63
kaori_(joshi_kousei_rich_thots),63
mukai_hinata,63
kroos_the_keen_glint_(along_the_corridor)_(arknights),63
amano_suzune,63
tung_tung_tung_sahur,63
air_groove_(seaside_bloom)_(umamusume),63
kankurou_(naruto),63
tachibana_ui,63
citan_uzuki,63
hina_saori_(himitsu),63
pansy_(dragon_ball_daima),63
cherno_kegaard,63
misono_karin_(halloween_ver.),63
smallishbeans,63
kuroba_mitsuha,63
lynn_(zenless_zone_zero),63
maiko_(girls_und_panzer),63
dobrynya_nikitich_(first_ascension)_(fate),63
koga_(cookie),63
mecha_hisui,63
giant_anteater_(kemono_friends),63
sylia_stingray,63
gawain_(scion_of_summer)_(fate),63
samantha_(admiral_bahroo),63
ootani_yoshitsugu_(sengoku_basara),63
kursk_(azur_lane),63
sally_merci_(manjuverunu),63
shirakami_fubuki_(holonatsu_paradise),63
toma_(amnesia),63
spider-girl,63
ichimoku_ren_(onmyoji),63
ishizuki_riku,63
matsuri_(rune_factory),63
dorothy_(marchen_awakens_romance),63
bessho_emma,63
sain_(fire_emblem),63
renoa_(chaos_zero_nightmare),63
fomortiis_(fire_emblem),63
vezalius_bandage,63
tsuki_jin,63
karasu_(senran_kagura),63
diting_(the_legend_of_luo_xiaohei),63
midra_lord_of_frenzied_flame,63
small_mike_(deltarune),63
shoukaku_(christmas)_(kancolle),63
vajra_(summer)_(granblue_fantasy),63
himeki_chifuyu,63
warlock_2_(sekaiju),63
dead_body_(among_us),63
de_zeven_provincien_(snuggling_for_warmth)_(azur_lane),63
tsathoggua_(housamo),63
kousaka_rino,63
feline_sora,63
tokihara_sayuki,63
tachibana_mizuki_(pawapro),63
edward_(fire_emblem),63
tekla_badarzewska-baranowska_(classicaloid),63
arisegawa_arle,63
yarizakura_hime,63
valiant_(azur_lane),63
seoi_ha,63
claire_kagenou,63
melusine_(final_ascension)_(fate),63
hisuian_voltorb,63
minaho_kazuto,63
sailor_chibi_chibi,63
gridley_(azur_lane),63
miss_esme_(zenless_zone_zero),63
producer_(idolmaster_side-m_anime),63
kor_meteor,63
finger_maiden_hyetta,63
bang_(one-punch_man),63
hibiki_rio,63
aventurine_(boss)_(honkai:_star_rail),63
takashina_tsubame,63
blue_destiny_01,63
kyara_akaro,63
isokaze_kai_(kancolle),63
akane_canna_(1st_costume),63
grail-kun,63
tiki_(adult)_(fated_divinity)_(fire_emblem),63
impulse_gundam,63
katress,63
erk_(fire_emblem),63
sully_(fire_emblem),63
sharona_(alchemy_stars),63
ouken,63
tomoegata_naginata,63
korai_(horokusa),63
miwa_konekomaru,63
reu_daikon,63
mornye_(plush_dream)_(wuthering_waves),63
sakura_kyoko's_father,63
96neko,63
eleanor_(xenoblade),63
barry_the_quokka,63
dekisugi_hidetoshi,63
oscar_dressel,63
queen_(one_piece),63
dogpool,63
eve_krist,63
hermes_(housamo),63
yami_reina,63
usas-12_(girls'_frontline),63
swordfish_ii,63
aia_amare_(1st_costume),63
kuro_(far_tarooo),63
hitotsuba_kaede,63
ichinose_ayano,63
mouse_marisa_(yuasan),63
ratatos_browntail_(arknights),63
luxiel_(exs-tia),63
watarai_asuka,63
fina_(eternal_arcadia),63
alpine_marmot_(kemono_friends),63
oz_sorcerer_(elsword),63
tomoka_(ayaki_blade),63
meguno_(wokada),63
nayru,63
gijou_mitsumi,63
zonko,63
oohashi_akiko,63
miyabi_(ninin_ga_shinobuden),63
vifam,63
huang_shaotian,63
morisato_keiichi,63
kusuda_aina,63
jyami,63
flocke_cerha,63
relius_clover,63
haroukitei_kigurumi,63
otonokoji_kanade,63
baal_(shiomachi),63
chou_chou,63
chuntarou_(kimetsu_no_yaiba),63
nina_klatt,63
victoria_(black_souls),63
futaba_neiko,63
sumi_elias,63
pardofelis_(meowtose_macchiato),63
phineas_flynn,63
karis_(elsword),63
yuuri_lessen,63
rosalina_(aurora),63
surtr_(fate),63
gideon_ofnir,63
saratoga_(seven_seas_of_rest)_(azur_lane),63
void_prowler_wraith,63
summoner_aldra,63
nerine_(flower_knight_girl),63
yumina_elnea_belfast,63
hinai_paulette,63
rose_pacifica,63
smile_(.flow),63
marion_(high_school_dxd),63
berengaria_(unicorn_overlord),63
necro-san,63
pink_hair_chan_(waka),63
nu_(chrono_trigger),63
ishihara_usumi,63
nose_genki,63
asami_lilith,63
asclepius_(nanoha),63
asmodeus_(megido72),63
kat_(mazume),63
tao_(gokurakugai),63
hirai_ginji,63
aida_riko,63
yushuka_(dragon_quest),63
kobayakawa_horan,63
lunderhaus_cord,63
garo_(tokusatsu_character),63
yatagawa_nazuki,63
ichimatsu_kohina,63
wingul_(tales),63
charybdis_(red_chamber_of_healing)_(azur_lane),63
gorgon_(third_ascension)_(fate),63
sabaori-kun,63
branwen_(queen's_blade),63
heavy_cruiser_summer_princess,63
dante_(dmc:_devil_may_cry),63
meliadoul_tengille,63
8-foot_joe,63
hazuki_mina_(darker_than_black),63
tycho_science,63
sakura_mami,63
ailac_coega,63
kisaki_anko,63
holland_novak,63
honjou_mikaze,63
dio_eraclea,63
ceres_(shuuen_no_virche),63
rije_(ikeuchi_tanuma),63
fox_wife_(doitsuken),63
nessa_(fractale),63
lisa_eostre,63
hibarigaoka_yuki,62
vladimir_lenin,62
mukku_(hirake!_ponkikki),62
heidemarie_(chaos_zero_nightmare),62
arona_(swimsuit)_(blue_archive),62
general_geega_(underworld_casual),62
chief_undyne,62
kawasumi_itsuki,62
kingprotea_(swimsuit_mooncancer)_(first_ascension)_(fate),62
miyoshino_shiki,62
male_eshmel_(fire_emblem),62
kudamaki_tsukasa_(fox),62
chris_(ginseng),62
office_worker_(pokemon),62
hanazono_yumi,62
black-haired_stylist_(shining_nikki),62
josette_capua,62
scene_(betsushi)_(arknights),62
anaxa_(ingenuity)_(honkai:_star_rail),62
haruno_ritsuka,62
dynasmon,62
air_shakur_(casual)_(umamusume),62
alf_(silver_palace),62
wall-e_(character),62
shrenne_(project_moon),62
fairy_festival,62
nijee,62
ilya_rozanov,62
henry_of_skalitz,62
alice_(marchen_dream)_(nikke),62
vendetta_(overwatch),62
ungalo,62
suou_patra_(5th_costume),62
amelia_(pathways),62
shinohara_asuma,62
photoshop_flowey,62
hob_&_nob,62
little_messenger_(honkai_impact),62
catwoman_(absolute_dc),62
typhon_(northern_pathfinder)_(arknights),62
honey_churros,62
fuuka_(juukyuu),62
podenco_(wake_up_from_a_nap)_(arknights),62
happy_mask_salesman,62
aki_(juukyuu),62
pyron,62
hayami_kanade_(mystic_dawn),62
arsene_(milky_holmes),62
bienfu_(tales),62
yuy_(vtuber),62
chu_chu_(shoujo_kakumei_utena),62
fecto_forgo,62
king_halo_(evergreen_identity)_(umamusume),62
all_for_one_(boku_no_hero_academia),62
hidoi_(nijiura_maids),62
paprika_(character),62
inoue_orihime_(jet_artbook_swimsuit),62
diana_caprice,62
abigail_(poker_face)_(black_survival),62
kappei_(ninjala),62
miyamori_mayuki,62
chang_changku,62
nicky_blake_(bad_beat),62
nansen_ichimonji,62
solar_flare_(plants_vs._zombies),62
camilla_(ninja)_(fire_emblem),62
saruei_(vtuber)_(saruei_3.0),62
ptilopsis_(amongst_the_clouds)_(arknights),62
hieda_no_aya,62
hizuki_rurufu,62
isonami_kai_ni_(kancolle),62
virtuosa_(ambience_synesthesia_2024)_(arknights),62
canute,62
matsukai_mao_(4th_costume),62
monarch_amalee_(1st_costume),62
anna_(epic_battle_fantasy),62
akitsushima_(swimsuit)_(kancolle),62
cement_(arknights),62
unryuu_(azur_lane),62
hatsuyuki_kai_ni_(kancolle),62
xabungle_(mecha),62
golem_(dragon_quest),62
drake_(great_villain)_(nikke),62
eleking,62
makigumo_(swimsuit)_(kancolle),62
izanami_kyouko,62
knight_lapis,62
palpatine,62
nightmare_wizard_(kirby),62
alkaid_mcgrath_(godheim),62
melusine_(exhibition_attire)_(fate),62
maya_(roadi3),62
marie_rose_(somali),62
maliss_<p>_march_hare,62
rikotan_(vtuber),62
lilith_(pgr),62
abigail_williams_(event_portrait)_(fate),62
prince_demande,62
baptiste_(overwatch),62
kuonji_alice_(third_ascension),62
carmilla_(swimsuit_rider)_(first_ascension)_(fate),62
hurting_teddy_bear,62
claes_(gunslinger_girl),62
musashi_(purest_wisteria)_(azur_lane),62
clarisse_(valentine)_(granblue_fantasy),62
indomitable_(the_laid-back_navigator)_(azur_lane),62
pale_fox_(kemono_friends),62
chaos_gerda_(gakuen)_(grimms_notes),62
yenisei_(around_the_riverbend)_(reverse:1999),62
getter_arc,62
coin_(pokemon),62
rue_(oneshot),62
togetsu_rei,62
n_(summer_2022)_(pokemon),62
ceri_(sakura_dungeon),62
medicine_pocket_(the_cosmos_photographer),62
jamie_siu_(outfit_2),62
vermilio_(helck),62
wulala_(vtuber),62
ramba_ral,62
nonaka_kurumi,62
black_sig,62
kawashima_shirone_(m-chai),62
noshiro_(dressed-up_date)_(azur_lane),62
hassan_(dq6),62
anshinin_misa,62
zack_fair_(black_hound),62
hammer_kirby,62
nanami:_startrail_(pgr),62
ren_hana_(boyfriend_to_death),62
zhaohui_(girls'_frontline_2),62
scathach_(first_ascension)_(fate),62
lucius_(pokemon),62
kagano_megu,62
rindou_mikoto_(5th_costume),62
cecile_(porforever),62
bjorn_(vinland_saga),62
uzuki_kou_(2nd_costume),62
great_mazinger_(robot),62
oh_sangwoo,62
ludmila_(rune_factory),62
henry_stickmin,62
neil_bowman,62
un_(naraka),62
callie_(grand_festival)_(splatoon),62
gfred,62
zas_m21_(white_queen)_(girls'_frontline),62
kagamine_rin_(ni_no_sakura_kouchou),62
kagamine_len_(ni_no_sakura_senbu),62
lee_do-eun_(oddsnail),62
cyrille_(shining_force_exa),62
emmett_brown,62
tamamo_(true_form)_(mon-musu_quest!),62
yuubari_(azur_lane),62
jinja_natsume,62
yorihime_nao,62
otonashi_ayana_(tsui_no_sora_(remake)),62
ecute,62
female_corrin_(resplendent)_(fire_emblem),62
albion_(a_fairy-tale_breakfast)_(azur_lane),62
tsukino_mito_(qipao),62
collei_(young)_(genshin_impact),62
saejima_taiga,62
mizutani_mikoto_(chacharan),62
hassan_of_serenity_(merry_sheep)_(fate),62
ruby_(genjitsu_no_yohane),62
monoma_neito,62
anyoji_hime_(sleepover_at_ginko's),62
yamasaki_hana,62
spas-12_(goblin_huntress)_(girls'_frontline),62
aquila_marin,62
kang_hansung,62
satomi_mitsu,62
emit_(mahou_shoujo_sae),62
mdr_(cocktail_observer)_(girls'_frontline),62
hotaruda_(cookie),62
itokatsu_(garou),62
herrscher_(elsword),62
polari_(super_mario_galaxy),62
hart_floyd,62
duftmon,62
chizu_ranka,62
evil_twin's_trouble_sunny,62
sakura_laurel_(casual)_(umamusume),62
kira_miki,62
hibari_(one_piece),62
mulberry_(reflection_that_of_the_moons)_(arknights),62
ganglie_(housamo),62
hansel_(hansel_and_gretel),62
shizumi_konoha,62
white_queen_(date_a_live),62
aira_kanae,62
claudia_(saga),62
lord_boros,62
alolan_raticate,62
gemini_kanon,62
pixie-bob_(boku_no_hero_academia),62
irelia_(legacy),62
sendai_hakurei_no_miko_(osana_reimu),62
fate_testarossa_(blaze_form),62
disciplinary_committee-chan_(maku_ro),62
gm_ii,62
jewelry_(pronant_symphony),62
reiza,62
kurumi_(jitsuwa_kankin_mankitsu),62
easy_hasumi_(blue_archive)_(mecham),62
rein_(fortune_princess)_(futagohime),62
auch_(unicorn_overlord),62
bergamond_(crave_saga),62
lia_(konosuba),62
mia_karnstein,62
shiraishi_chika,62
sinon_(sao:hf),62
cleveland_(gentry_knight)_(azur_lane),62
zuihou_(azur_lane),62
scorpius_malfoy,62
kyougoku_makoto,62
papel_(pangya),62
winbee,62
kawaii_voltage_wattson,62
isone_kotoha,62
ootsuki_(kaiji),62
d-1,62
aonuma_neiru,62
rengeteki_(touhou),62
harley_(pokemon),62
mono_(sifserf),62
unasaka_miri,62
miku_(yuuki_(yuyuki000)),62
morticia_addams,62
preceptor_seluvis,62
pool_monitor_part-timer_(dytm),62
vlad_king_(boku_no_hero_academia),62
ayanami_(pulse_of_the_new_year)_(azur_lane),62
galatea_(claymore),62
mami_(jonsun),62
claire_austin,62
blair_(cat)_(soul_eater),62
damon_gant,62
necronomicon_(persona_5),62
kohara_konomi,62
melanie_malachite,62
lesser_dog,62
bremerton_(western_cowgirl)_(azur_lane),62
tiki_(young)_(beachside_scion)_(fire_emblem),62
tsukinogi_(arknights),62
aizawa_takeru,62
spirit_albarn,62
kisaragi_ren_(mahjong_soul),62
star_guardian_syndra,62
kirisaki_shidou,62
rudolph_holiday,62
cyborg_ninja,62
gennai_ao,62
mosquito_musume,62
liskarm_(overload)_(arknights),62
gifty_(nikki),62
miyamae_nonoa,62
shirogane_noel_(new_year),62
kashiwagi_chizuru,62
mila_nebraska,62
minato_aqua_(aqua_iro_in_wonder_land),62
maned_wolf_(kemono_friends),62
usui_seri,62
nalica_(animeflux),62
murdock_(pokemon),62
axis_deer_(kemono_friends),62
stinger_(splatoon),62
alvis_hamilton,62
nice_holystone,62
kuchiki_touko,62
mejiro_family_matriarch,62
chimimo_(character),62
edge_maverick,62
z23_(schwarze_hochzeit)_(azur_lane),62
nonohara_hime,62
musashi_(tamacolle),62
wanko,62
orbot,62
souma_haruto,62
einamu,62
amata_(kanazawa_shinnosuke),62
nemesis_sudou,62
enterprise_(pacific),62
onodera_raika,62
tsuyama_mutsuki,62
hathor_(last_origin),62
mama_(marui_shiro),62
kumakura_mariko,62
keller_enasa,62
yubaba,62
mira_kimishima,62
aizono_manami_(1st_costume),62
hoshimachi_suisei_(11th_costume),62
saber_(pure_night_dress)_(fate),62
kirigiri_jin,62
punk_girl_(pokemon_sm),62
lemonade_alpha,62
anju_(utawarerumono),62
den_(fma),62
ukm-2000_(girls'_frontline),62
cafe_no_zombi-ko,62
makken,62
fletcher_mk_ii_(swimsuit)_(kancolle),62
kokonoe_tamaki,62
ziz_(housamo),62
mano_(narumi_arata),62
wolfchev,62
katagiri_yuuhi,62
sarisa_scherwil_tycoon,62
malin_(kof),62
kaibara_elena_(cookie),62
mirim,62
na_sera,62
momo_(shinigami_no_ballad),62
kirishima_kaito,62
alto_clef,62
kiso_azuki,62
loche_(chitosezaka_suzu),62
shishidou_imoko,62
tsuchimi_rin,62
akari_acura,62
tsubaki_kureha,62
ernesto_de_la_cruz_(alive),62
kyonyuu-chan_(iku),62
zafina_(tekken),62
juno_(azur_lane),62
wind_hawk_(ragnarok_online),62
mori_misato_(saishuu_chikan_densha),62
ano_fuji,62
lara_(fire_emblem),62
tsubaki_seito,62
ursula_(xenoblade),62
plasm_wraith,62
bai_liu,62
marionette_(ragnarok_online),62
tao_fa,62
kiriyama_rei,62
yukimura_anzu,62
lucian_kaltz,62
kazamatsuri_touma,62
billy_the_puppet,61
bao_the_whale_(citrus_love),61
celis_ortesia,61
air_shakur_(belphegor's_prime)_(umamusume),61
wattson_(pokemon),61
ashigaki_reina_(hinosaki),61
takiguchi_yoi,61
shylily_(succubus),61
bo-katan_kryze,61
hindley_(project_moon),61
totsuka_nanami,61
anatolia_(fire_emblem),61
xingzhu_(arknights),61
ryiel_rayford,61
kusakabe_kiryuu,61
hayami_megumi_(urabanasimati),61
doodle_commander_(azur_lane),61
yorick_(league),61
hit_(dragon_ball),61
elf_(mega_man_zx_prequel),61
mizuki_(overwatch),61
minneapolis_kai_(kancolle),61
hiwagishiakari_ai,61
sawa_sudachi,61
thundergun_(blue_archive),61
kaori_(super_real_mahjong),61
mongrel_(shadow_slave),61
gorezono_neo_(yu-ki_iwata),61
ange_(zasshu),61
ren_kohaku_(vtuber),61
gankoomon,61
hackmon_(digimon),61
sakura_(girls'_frontline_2),61
mirror_kirby,61
symphonic_sugar,61
sophie_(cry_of_fear),61
welt_joyce,61
rio_morales,61
fandaniel,61
shu_keigetsu,61
vertin_(ipstar)_(reverse:1999),61
charles_leclerc,61
luminas_(mahoutsukai_linn_no_shiawase_na_kekkon),61
famelira_(elira_pendora),61
nishizono_ririka,61
glenn_(chrono_cross),61
zhou_quiluo,61
ruruie_(shinrabanshou),61
taniguchi_hijiri,61
amanozako_(megami_tensei),61
lemonade_gamma,61
aimi_(joshi_kousei_rich_thots),61
fidgey_sluggins,61
mothra_(monsterverse),61
nefertari_(fate),61
gates_capa,61
maiden_(kasugai_(de-tteiu)),61
racing_miku_(2024),61
aphrodite_(mythology),61
asgore_dreemurr_(dark_world),61
packpatty_(dungeon_meshi),61
isonokami_tao,61
brutus_(afk),61
gunter_(fire_emblem),61
avatar_(sonic_forces),61
aerith_gainsborough_(loveless_dress),61
hikari_(mom's_touch)_(blue_archive),61
nozomi_(mom's_touch)_(blue_archive),61
nico_olvia,61
hatsune_miku_(judgment),61
lamiamon,61
comet_(gnosia),61
edelgard_von_hresvelg_(adorned_eagle),61
yae_sakura_(sakura_summer),61
skullgreymon,61
lebron_james,61
void_termina_(final_core),61
oscar_piastri,61
constellation_(azur_lane),61
murasaki_shikibu_(third_ascension)_(fate),61
kuonji_makoto,61
saude_(project_moon),61
yamato_kansuke,61
radiance_(hollow_knight),61
canon_(genshin_impact),61
himuro_tatsuya,61
texas_the_omertosa_(il_segreto_della_notte)_(arknights),61
aoki_clair,61
starry_nocturne_(infinity_nikki),61
hisui_(black_survival),61
betamon,61
tressa_(chaos_zero_nightmare),61
max_verstappen,61
cecily_fairchild,61
etie_(frilly_dress)_(fire_emblem),61
sorahoshi_kirame_(1st_costume),61
siri_jay,61
anu_(junkzero),61
aono-chan,61
hypatia_(path_to_nowhere),61
mifune_kaoruko,61
serizawa_miki,61
merlina_(sonic),61
licorice_cookie,61
himari_(sakai_takahiro),61
kochou_(senran_kagura),61
joanne_(trickcal),61
baral_(project_moon),61
asclepius_(second_ascension)_(fate),61
olette,61
yura_kanade,61
roberta_(summer_flowers)_(arknights),61
main_character_(our_life),61
nagi_(fire_emblem),61
rapier-chan_(centurii-chan),61
hortensia_(winter's_dearest)_(fire_emblem),61
hasuki_rui,61
ragnvaldr_(fear_&_hunger),61
wanderer_(resplendent_feast)_(genshin_impact),61
maestro_(blue_archive),61
mokoi_(megami_tensei),61
zombie_(plants_vs._zombies),61
hilda_(summer_2022)_(pokemon),61
spirit_handler_(ragnarok_online),61
eisu-chan_(eisu),61
harumi_junna,61
rose_(rose_to_tasogare_no_kojou),61
zetsubouda_meru,61
kaji_ren,61
shiratori_yuriko,61
momochi_(dear_vocalist),61
yorumi_rena_(9th_costume),61
mayu_(kaikan_change),61
lemuen_(elite_ii)_(arknights),61
spicy_nun's_mother_(diva),61
longjing_shrimp_(the_tale_of_food),61
bella_(honkai_impact),61
iowa_(setsubun)_(kancolle),61
ohnaruto_muni,61
minase_iori_(idolmaster_xenoglossia),61
jackie_quilt,61
nakahara_sumi,61
solidaritygaming,61
five-seven_(adventures_of_fenfen)_(girls'_frontline),61
pure_vessel,61
atlurkabuterimon,61
dark_mind,61
prisma_illya_(zwei_form),61
star_saber_(transformers),61
taira_daichi,61
keanu_reeves,61
fujimaru_ritsuka_(female)_(starlight_fest),61
thirteen_(boku_no_hero_academia),61
hondo_kaede,61
anko_(himukai_yuuji),61
raika_grace,61
tetsujo,61
gundam_virtue,61
joo_jaekyung,61
a_(naraka),61
betty_boop,61
tanashi_miyoko,61
brachydios,61
ch'en_the_holungday_(ten_thousand_mountains)_(arknights),61
tsukishima_kirari,61
saotome_jin,61
owen_dreadnought,61
bug_catcher_(pokemon_rgby),61
sailor_waddle_dee,61
gridman_(denkou_choujin),61
tamai_remi,61
adachi_koichi,61
inami_saki,61
tachibana_hinano_(vspo!_summer_2024),61
stingmon,61
frye_(grand_festival)_(splatoon),61
niao_sun,61
kodama_sawa_(sakura_yuki),61
goutokuji_mike_(cat),61
monzaemon,61
souther,61
fujino_shiroha,61
murata_himeko_(blood_rose),61
julia_(the_coffin_of_andy_and_leyley),61
tetsutetsu_tetsutetsu,61
inuzuka_tsumugi,61
takada_naho,61
murahaya_mashio,61
mega_aggron,61
minami_(hoshi_wo_miru_hito),61
kai_(sengoku_musou),61
ishtar_(elsword),61
artemisia,61
hirosoma_kikyou,61
zhenji_(shin_sangoku_musou),61
breeze_(arknights),61
sendou_akira,61
kizuna_ai_(hello_world_2018),61
xavier_(lumiere)_(love_and_deepspace),61
till_nys,61
school_kid_(pokemon),61
ce-tan,61
misaki_shizuno,61
dieck_(fire_emblem),61
haruka-san,61
takagi_wataru_(meitantei_conan),61
senzawa,61
daizyuzin,61
du_yaoye_(arknights),61
shirahama_ken'ichi,61
kachimachi_kosuzu_(summer_training_wear),61
hinoshita_kaho_(summer_casual),61
robocop_(character),61
tanino_gimlet_(casual)_(umamusume),61
delmo_commander,61
hammer_bro,61
agasa_hiroshi,61
akane_ko,61
momo_(ming),61
hatsune_miku_(mikuzukin),61
dragon_ranger,61
gigantamax_eevee,61
suzuka_sakuya,61
cake_hound,61
camus_(uta_no_prince-sama),61
kougami_kanon,61
yanagiwara_maron,61
lina_princella,61
tokugawa_sen,61
kent_(fire_emblem),61
oogie_boogie,61
takatsuki_yoshino,61
michinari_tatsumi,61
i-25_(azur_lane),61
hiwa_yurina,61
levia_(modern_mogal),61
ireesha_plano,61
kachimachi_kosuzu_(summer_casual),61
vauquelin_(azur_lane),61
shu_(mechanical_buddy_universe),61
inukai_iroha_(dog)_(@est@),61
beelzebub_(helluva_boss),61
baphomet_(ragnarok_online),61
kuma_(yukata)_(kancolle),61
spriggan_(final_fantasy),61
akebono_(new_year)_(kancolle),61
setou_kenji,61
kamen_rider_ex-aid_(action_gamer_level_2),61
zombieman,61
emperor_(stand),61
ark_(tenchi_souzou),61
akatsuki_(azur_lane),61
irene_(jojo),61
hanako_(idolmaster),61
destiny_gundam_spec_ii,61
ogawa_shinji_(symphogear),61
pink_loli_(rinechun),61
miia_(konosuba),61
prototype_bulin_mkii_(azur_lane),61
nana_(mega_man_x:_command_mission),61
sanhua_(exorcistic_adjuration)_(wuthering_waves),61
anjou_(yancha_gal),61
adler_(signalis),61
pell_(one_piece),61
heymans_breda,61
izumi_curtis,61
vaal_hazak,61
pepsiman,61
drow_ranger_(dota),61
mimlememel,61
kanel_(master_of_eternity),61
mina_carolina,61
rupika_(pso2),61
yasumi_chiaki,61
rosebud_(rosemi_lovelock),61
lime_(among_us),61
dix-neuf,61
amunero_(kyouka_jinrui_amunero),61
imai_asami,61
emelia_pris,61
rapute_(migihidari),61
crasher_wake,61
uzume_(gino),61
chiaki_(shigofumi),61
grete_m._gollob,61
fuuma_kotarou_(first_ascension)_(fate),61
duke_tougou,61
lilim_(megami_tensei),61
shichijou_aria,61
grail_beast,61
doumeki_parker,61
kuro_(hitsugi_katsugi_no_kuro),61
shea_haulia,61
kei_(dirty_pair_flash),61
wagner_(genshin_impact),61
fio_piccolo,61
aqua_centolm,61
artemis_(hades),61
nanaba,61
chie_hallard,61
denim_powell,61
sweet_ann,61
hime_(orange_juice),61
fujiwara_no_mokou_(phoenix),61
zoey_(pokemon),61
linaria_(granblue_fantasy),61
kaga_kouko,61
sanbi_(reku),61
cherry_(urusei_yatsura),61
fuyuumi_ai,61
miyamoto_ruri,61
seth_(street_fighter),61
bonjin_(pageratta),61
vidar,61
emori_el,61
julia_barnes,61
albert_chamomille,61
furutaka_(azur_lane),61
anre_(granblue_fantasy),61
squire_(fft),61
palmer_(pokemon),61
kurena_kukumila,61
fai_fai,61
princess_wriggle,61
aya_(trickcal),61
urabe_rika,61
protagonist_(elona),61
bungaku_shoujo_(danshi_koukousei),61
arthur_fleck,61
ace_(fft-0),61
kisakinomiya_chihaya,61
monaco_(hetalia),61
creepy_mita_(miside),61
aoyama_mio,61
es_(alter_ego),61
angelia_avallone,61
gigi_(whoopsatro),61
inoue_jun,61
yonagi_kei,61
katsuki_hiroko,61
fabiola_iglesias,61
kjelle_(fire_emblem),61
groose,61
lee_siu,61
himuro_akari,61
kageyama_shigeo_(???),61
minamino_souta,61
kazumiya_rio,61
honami_azusa,61
a106,61
tuya_bairon,61
great_gozu,61
paldean_tauros_(blaze_breed),61
akira_(otokuyou),61
mikoto_cluster,61
doi_shizuha,61
ryuuenji_tasuku,61
asemu_asuno,61
ling_shen_hua,61
isabelle_(acerailgun),61
kazemaru_(like_illusion)_(arknights),61
mizuki_sasahara,61
sakura_(priestess)_(fire_emblem),61
kunoichi_enrai,61
orc_(ii_orc_no_hi),61
suzumi_(hetza),61
kayano_mikoto,61
sugawara_takurou,61
fideo_aldena,61
greenteaneko-chan,61
terra_(dc),61
nanase_rumi,61
momose_hikaru,61
yhun-chan_(kame_(3t)),61
sanguu_mitsuba,61
frelia_(ar_tonelico),61
megane-chan_(yufou),61
suee,61
asahina_yui,61
biscione_(first_ascension)_(fate),61
kurihara_touko,61
ulrich_von_hutten_(ignition_matrician)_(azur_lane),61
touwa_meme,61
dimitri_alexandre_blaiddyd_(summer),61
murasame_oshizu,61
marufuji_izumi,61
himemiya_ruri,61
mashima_taichi,61
tsutsugami_gai,61
uehara_mutsuki,61
mizuno_makoto_(green),61
amatani_mutsu,61
viletta_badam,61
ichijo_daisuke,61
darach_(pokemon),60
kha'zix_(league),60
bo_peep_(toy_story),60
wakura_yuuki,60
fossil_sprite_(pokemon),60
lightning_farron_(modern_jacket),60
agarie_nagi,60
black_gold_bunny_(takanashi_kei),60
hoolay_(honkai:_star_rail),60
daniella_(demento),60
haruka_(stranded_in_utopia)_(arknights),60
coppelia_(reverse:1999),60
albert_(shingeki_no_bahamut),60
miyauchi_hikage,60
kukuri_(dokusen_yoku_ga_tsuyo_sugiru_yandere_kai_neko-chan),60
chaldea_no_mono,60
shiro_(crayon_shin-chan),60
wakatsuki_tsukasa,60
lize_helesta_(military),60
looping_the_rooms_girl,60
maid_marian_(disney),60
questioning_statue_(arknights),60
ayame_(twilight)_(blue_archive),60
emlyn_white,60
slime_(minecraft),60
princess_lady_serenity,60
vindicta_(deadlock),60
maekawa_(denpa_onna_to_seishun_otoko),60
ibaraki_rino,60
ramblin'_evil_mushroom,60
meg_griffin,60
zetsu_(naruto),60
lathel_(brown_dust),60
hanakuma_chifuyu_(sv),60
ark_ranger_red_(nikke),60
morikita_kimari,60
krile_mayer_baldesion_(out_and_about)_(ff5),60
mega_houndoom,60
koin_ronribasu,60
daer_maodou_(roco_kingdom:_world),60
aventurine_(stoneheart's_oath_ring)_(honkai:_star_rail),60
kurumi_(c108_swimsuit)_(blue_archive),60
ueda_reina,60
rindou_mikoto_(2nd_costume),60
morrigan_(dragon_age),60
snowy_ballad_(infinity_nikki),60
noob_(roblox),60
kamishiro_rui_(middle_school),60
vanny_(fnaf),60
kusanagi_naoya,60
moskva_(azur_lane),60
santalla_(arknights),60
calogado,60
sad_bee_(amanogawa_shiina),60
chiffon_(precure),60
hanabusa_lisa_(3rd_costume),60
bergard_zeman,60
tamaki_(senran_kagura),60
tachikawa_nobuo,60
celine_(ninja)_(fire_emblem),60
irabu_ichirou,60
silk_(cotton),60
zoologist_(terraria),60
kyoshi_(avatar),60
watagashi_unou,60
minazuki_hotaru_(amatsutsumi),60
christ-chan,60
kazuradrop_(second_ascension)_(fate),60
chained_sarkaz_girl_(arknights),60
inugami_korone_(new_year),60
enna_alouette_(maid),60
silver_wolf_(galaxy_store)_(honkai:_star_rail),60
prism_(dispatch),60
luna_(arcaea),60
narita_taishin_(difference_engineer)_(umamusume),60
illustrious_(illustrious_ball)_(azur_lane),60
gozen_(assault_lily),60
shredder_(tmnt),60
sakuraba_himari_(magister),60
hakuryuu_(slice_dice_and_serve)_(azur_lane),60
tachibana_isana,60
kisaragi_gentarou,60
liar_princess,60
iitoko_yuzuri,60
haicma_(pgr),60
rice_shower_(happiness_just_around_the_bend)_(umamusume),60
yamawaki_bon_ivar_(triumph_of_the_demon_lord),60
first_armor_x_(mega_man),60
gil_somyung,60
napoleon_bonaparte_(real_life),60
aria_(genshin_impact),60
himuro_kinu,60
ehre_(sousou_no_frieren),60
kai_(nyanko_daisensou),60
sakura_rin,60
kurusu_eliza,60
tiana_(throtem),60
zaku_warrior,60
lilith_clawthorne,60
furioso_(triumphant_return_of_the_auspicious_star)_(umamusume),60
okada_izou_(second_ascension)_(fate),60
tachibana_senzou,60
venator_(deadlock),60
harp_seal_(kemono_friends),60
akina-chan_(umezawa_itte),60
disgust_(inside_out),60
kusano_(sekirei),60
tsunashi_ryunosuke,60
cream_soda_cookie,60
francis_drake_(third_ascension)_(fate),60
nero_(silent_witch),60
kisaragi_ren_(3rd_costume)_(vspo!),60
iwakura_sanae,60
office_lady_(senukin),60
flying_pikachu,60
haida_riko,60
huggy_wuggy,60
nakajima_kazuko_(boku_no_himitsu_taiken),60
xv-mon,60
lune_(kaminomi),60
cuilan,60
hannelore_kummel,60
oohara_satsuki,60
latias_(human)_(pokemon_adventures),60
miyouji,60
master_(monmusu_td),60
blanc_(4go)_(neptunia),60
pecteilis,60
prism_(z/x),60
suwa_koutarou,60
beta_(dream_hunter_rem),60
v/v,60
kasumi_(magical_girl)_(princess_connect!),60
annika_(salvika),60
plymouth_(heart-throbbing_refreshment)_(azur_lane),60
starman_(mother),60
shiraishi_(nemuri_nemu),60
sheska_(girls_und_panzer),60
king_olly,60
sakurada_shiro_(royal)_(hy_plus),60
trainer_kuronuma,60
earendel_(jishenkong_jihua),60
takechi_zuizan_(fate),60
aizawa_ema_(5th_costume),60
hyuuza_(dq10),60
tanezawa_mamori_(rouka),60
rena_(joshi_kousei_rich_thots),60
plugg_(kirby),60
neeko's_mother_(aldehyde),60
pop_(precure),60
bois_belleau_(steamy_therapy)_(azur_lane),60
psycho_gundam_(gquuuuuux),60
khorne,60
ventana_(brown_dust),60
murasamemon,60
mizuki_yukikaze_(future),60
suzakuin_tsubaki,60
nymph_(sweetness_to_the_heart)_(arknights),60
sorcerer_rogier,60
thrud_(swimsuit_assassin)_(fate),60
mega_sharpedo,60
miyake_aoi,60
okami_ranka,60
kohinata_hayami,60
pola_(mitsukoshi)_(kancolle),60
rem_(deadlock),60
morridow_(boss)_(girls'_frontline),60
izumi_kaori_(twinbox),60
adelbert_(madoka_magica),60
yui_shousetsu_(second_ascension)_(fate),60
tsukumo_kotomi,60
floette_(blue_flower),60
helena_(retrofit)_(azur_lane),60
fuchsia_(strinova),60
qiao_rulai,60
otomune_kozue_(animal_cafe),60
ryan_goldsmith,60
vsk-94_(christmas_eve_detective)_(girls'_frontline),60
okikurumi_(ookami),60
kurusu_kazuki,60
chihyaa,60
saika_magoichi_(sengoku_basara),60
touma_saya,60
erato_(last_origin),60
hirano_kouta_(hsotd),60
divine_child_of_rejuvenation,60
duke_of_york_(prestige_of_the_glorious_formula)_(azur_lane),60
suishinshi_masahide_(tenka_hyakken),60
hakusan_yoshimitsu,60
kouga_(inuyasha),60
exeter_(azur_lane),60
xanxus,60
john_(ichigo_mashimaro),60
akizuki_airi,60
sizzlesjellyqueen,60
xianming_lin,60
jenna_(golden_sun),60
pandreo_(party_jacket)_(fire_emblem),60
sasha_(sennen_sensou_aigis),60
little_sister_(bioshock),60
garl_vinland,60
temjin,60
kurofune_(racehorse),60
kurotsuno,60
levia_(brown_dust),60
miltiades_malachite,60
shaak_ti,60
mikodanye,60
mash_kyrielight_(grand_new_year),60
rei_(nu_carnival),60
camilla_(hostile_springs)_(fire_emblem),60
letty_(ogami_kazuki),60
void_soul,60
cupsy_yummy,60
foote_(azur_lane),60
v.v.,60
theresa_apocalypse_(shallow_sunset),60
sawatari_shizuku,60
anna_graem,60
zeru_(zerocat),60
shinokami_xatiii,60
isabella_(marse),60
mm_(kemeko_deluxe),60
noddy_(kirby),60
miura_keitarou,60
civia,60
miyamae_tomoka,60
mermaid_peach,60
leonardo_(fire_emblem),60
astolfo_(saber)_(second_ascension)_(fate),60
tac-50_(girls'_frontline),60
mike_(warioware),60
mila_(fire_emblem),60
mathilda_(fire_emblem),60
ars_almal_(2nd_costume),60
mao_zedong,60
layla_alstroemeria,60
lillie_(nihilego),60
shikishima_krile,60
cyrene_(demiurge)_(anta)_(honkai:_star_rail),60
apc556_(girls'_frontline),60
caron_(higyaku_no_noel),60
lady_magnolia_(trickstaboy),60
sugarfly_cookie,60
chernobog_(housamo),60
zero_(katana_zero),60
claire_(konosuba),60
murr_hart,60
lulu_(warioware),60
minami_shizuku,60
saffron_(flower_knight_girl),60
gomora,60
kuchisake-onna_(ishiyumi),60
daleth_(sky:_children_of_the_light),60
maisie_may,60
evileye_(overlord),60
tsuchimikado_natsume,60
shisui_kiki_(2nd_costume),60
pig_(buta_no_liver_wa_kanetsu_shiro),60
yuki_onna_(onmyoji),60
nadeshiko_(mahjong_soul),60
usuwa_suu,60
lacia_(beatless),60
w_(ballerina)_(arknights),60
ooki_futaba,60
ad-6-0001a,60
kurojishi_(zannen_onna-kanbu_black_general-san),60
onoda_yura,60
sapphicneko_(sapphicneko),60
super_karna_(fate),60
okada_nana,60
dunn_smith,60
shun'ei,60
yoroi_mikoto,60
lilia_vanrouge_(general's_armor),60
mega_scolipede,60
mizushima_marika,60
itou_life_(vtuber),60
jack_sparrow,60
benny_(len'en),60
flint_(mother_3),60
vane_(halloween)_(granblue_fantasy),60
nakamura_misaki,60
king_penguin_(kemono_friends),60
jesus_(saint_onii-san),60
akizuki_sakurano,60
gundam_mk_v,60
natasha_(fire_emblem),60
hikage_takumi,60
bubble_girl_(boku_no_hero_academia),60
essex_(craft_fairytail)_(azur_lane),60
solulu,60
shura_(granblue_fantasy),60
uros_(trickcal),60
heris_ardebit,60
xiao_me,60
fushimimukai_sanae,60
shiraishi_urara,60
d-16_(transformers_one),60
sizz_flair,60
icarus_(azur_lane),60
ryan_(mahjong_soul),60
yuiki_yaya,60
una_(pochincoff),60
berecca,60
kawamura_kumi,60
nine_(lord_of_heroes),60
czeslaw_meyer,60
deep_current_wattson,60
wick_(identity_v),60
freckles-san_(houkago_play),60
felicia_castro,60
shimotsuki_miri,60
dygenguar,60
dylan_keith,60
satsuki_(quiz_magic_academy),60
kamine_ayaka,60
hugo_ardanach,60
hayami_hiro,60
sanada_yukimura_(hyakka_ryouran),60
konoe_(lamento),60
sothis_(young)_(winter)_(fire_emblem),60
makino_nanami,60
princess_yoshi,60
skilled_lookouts_(kancolle),60
cygnus_hyouga,60
marianne_vi_britannia,60
straight_cougar,60
vajra_(macross),60
nureha_(log_horizon),60
yoshitome_miharu,60
linus_falco,60
kunogi_ai,60
omoli_(omori),60
ninjara_(arms),60
kisaragi_(senran_kagura),60
tatsuno_toshiko,60
hinata_hanabi,60
vante,60
kouchuu_(koihime_musou),60
lapis_lazuli_(reformed)_(steven_universe),60
helen_(claymore),60
maou_(mitosansan),60
nyaa-tan,60
oginouchihara_yuki,60
kugimiya_kei,60
kirie_(kouya_no_kotobuki_hikoutai),60
efforia_(racing)_(umamusume),60
nippon_ichi_(neptunia),60
lymee,60
shin_(sakoku_(oyatsu3ji_)),60
miyata_akira,60
mizutani_shizuku,60
oozora_hiro,60
abby_(toshizou),60
stella_(sound_horizon),60
yukimaru_(disgaea),60
tadakichi-san,60
margit_eberbach,60
hepas_(haevest),60
kojima_kirie,60
olivia_(asobi_asobase),60
heathcliff_blanchett,60
unicorn_(a_dream_of_pure_vows)_(azur_lane),60
tachibana_kyouko_(suzumiya_haruhi),60
saotome_hibiki,60
strawberry-chan,60
marie_parfacy,60
yukino_sayuri,60
tsukishiro_mina,60
amaimon,60
hitoyoshi_zenkichi,60
willump_(league),59
sonson_(mvc2),59
kuroki_rio,59
mechako_(let's_go_kaikigumi),59
sam_manson,59
rekio_(mizumiya_su),59
usaki_nono,59
suou_tatsuya_(persona_2_batsu),59
fujikura_uruka_(1st_costume),59
rocks_d._xebec,59
tamon_kotarou,59
kanzaki_kaoru,59
castorice_(butterfly_cake)_(honkai:_star_rail),59
charlotte_smoothie,59
hound_1_(sekaiju),59
kudou_michiya,59
azusa_(juukyuu),59
wis'adel_(supernova)_(arknights),59
alma_prisma_(lopartbymarah),59
alexandre_dumas_(fate),59
nashatra_bealdhild,59
oceanid_(genshin_impact),59
mughi,59
entrepeneur_(16personalities),59
hoshimachi_suisei_(water_gun_arpeggio),59
asakura_yuuna,59
ziggs_(league),59
37_(a_gift_of_nourishment)_(reverse:1999),59
diver_down_(stand),59
ohya_ichiko,59
midou_kenshirou,59
shingu_haruomi,59
kim_chaewon,59
lexa_(fortnite),59
kuzuha_(12th_costume)_(nijisanji),59
epica_(trickcal),59
d_(vampire_hunter_d),59
kataoka_megu,59
valkyrie_flare,59
blair_dame,59
matthew_(xenoblade),59
willow_(suntide)_(stella_sora),59
sallie_(kureiji_ollie),59
catch_the_rainbow_(stand),59
adele_(maplestory),59
silver_bullet_(jojo),59
nakayama_festa_(festival_game)_(umamusume),59
yuki_miku_(2024)_(applicant),59
kkomi_(project_moon),59
shadow_the_hedgehog_(locksmith),59
driver_(drive),59
delucky_alma,59
luka_millfy,59
arurandeisu_(1st_costume),59
hwah_jah_(azur_lane),59
maiden_with_eyes_of_blue,59
naraku_(inuyasha),59
togawa_hazuki,59
sugita_doryouku,59
tachibana_hinano_(2nd_costume),59
yume_aoi,59
littorio_(calabria_aurea)_(azur_lane),59
enterprise_(heroic_finery)_(azur_lane),59
yozaki_mia,59
anemone_(princess_connect!),59
galactus,59
soren_(valentine)_(fire_emblem),59
nakagawa_ouran,59
rachel_amber,59
yayoi_b_lutwidge,59
takano_hitomi,59
megumi's_mother_(jujutsu_kaisen),59
tondabayashi_kenzaburou,59
honey_(raspberry_puff),59
rhein_kraft_(casual)_(umamusume),59
veronica_type-asc,59
formidable_(rockin'_encore)_(azur_lane),59
makino_yuka_(makigai),59
michelle_my_baby_(umamusume),59
merabuchi_kanami,59
suiren_(senran_kagura),59
natsume_minami,59
kaga_sumire_(7th_costume),59
cygnet_(an_offer_to_be_maid)_(azur_lane),59
gabo,59
nagato_(old_design)_(azur_lane),59
anne_(jojo),59
bebe_(nanahira),59
shindou_yuki_(lunatic_angels),59
itou_kanae_(amagami),59
weather_report_(stand),59
tanima_yuri,59
tethys_(fire_emblem),59
jin_qiu_(ru_shou)_(wild_python)_(dislyte),59
seaside_sukeban_(mg)_(blue_archive),59
wedge_(ff7),59
shimane_maru_(kancolle),59
momotarou_(character),59
yunifi_(unicorn_overlord),59
cubot,59
eris_(atelier951),59
isaac_netero,59
nemu_(haibane_renmei),59
x_(breathing_in_silence)_(reverse:1999),59
jetavie:_daybreak_(pgr),59
hayashio_kai_ni_(kancolle),59
corvus_corax_(warhammer),59
gun_devil_(chainsaw_man),59
bloodmoon_ursaluna,59
female_crusader_(dungeon_and_fighter),59
raziel_(sacred_virth),59
jiren,59
gaius_worzel,59
seadramon,59
methuss,59
sarashina_chisaki,59
sisterhood_member_(blue_archive),59
kanou_shun,59
architect_(16personalities),59
mabel_able_(animal_crossing),59
bardiche_(bullova_form)_(nanoha),59
arurandeisu_(old_design),59
otonashi_etsuko,59
hot_springs_department_member_(blue_archive),59
isadora_finnsdottir,59
full_house_(another_eidos),59
vice_(kamen_rider_revice),59
shiraishi_reina_(yugaa),59
otori_ojirou,59
rfb_(how_rfb_stole_xmas)_(girls'_frontline),59
ilmeria_von_leinweber,59
ginjo_saine,59
kanimimi-chan_(naga_u),59
anessa_(dqb2),59
momochi_myu,59
budding_expeditioner_(pokemon),59
gordin_(fire_emblem),59
hazuki_ryou,59
kudou_yukiko,59
lorgar_aurelian,59
subaru_(maid)_(blue_archive),59
alpha_(dream_hunter_rem),59
yamada_gasmask,59
contrail_(racehorse),59
crucible_knight,59
s_gundam,59
amane_(sakura_hiyori),59
dormouse_(alice_in_wonderland),59
bocchan_(shinigami_bocchan_to_kuro_maid),59
mitty_(human)_(made_in_abyss),59
tri-brigade_mercourier,59
yuuhi_riri_(4th_costume),59
sawyer_(pokemon_masters_ex),59
rose_oriana,59
k_(kamo_kamen),59
fujieda_yoshino,59
yoruto_umi,59
lightbringer_(dungeon_and_fighter),59
yozora_mel_(streetwear),59
nohara_himawari,59
halford_(azur_lane),59
kawakami_gensai_(third_ascension)_(fate),59
chulsoo_kim_(closers),59
lillie_(new_year's_2021)_(pokemon),59
old_dorothy,59
kirara_(post_office)_(genshin_impact),59
mac_(foster's),59
rope_(summer_flowers)_(arknights),59
alvitr_(muspel's_torrid_secrets)_(azur_lane),59
grimsley_(sygna_suit)_(pokemon),59
iv_(yu-gi-oh!),59
pegasus_j_crawford,59
dingo_(pikmin),59
grunkle_stan,59
nanami:_storm_(pgr),59
eirika_(pledged_restorer)_(fire_emblem),59
takara_yukari,59
hirose_natsuko,59
gerik_(fire_emblem),59
blathers_(animal_crossing),59
siobhan_(honkai:_star_rail),59
alice_gunlock,59
effie_(shadow_slave),59
surfing_pikachu,59
golconda_&_decalcomania_(blue_archive),59
opened_can_of_wellcheers,59
kaneda_rei,59
hamaguchi_(syukurin),59
iowa_(new_year)_(kancolle),59
rosemary_(wuthering_waves),59
yae_sakura_(dream_raiment),59
ciel_(toosaka_asagi),59
drew_(anubis)_(dislyte),59
yu-bird,59
mega_alakazam,59
kousaka_ayano,59
architect_(frame_arms_girl),59
nam_seon-ji,59
fargo_(azur_lane),59
ophiuchus_shaina,59
kyoka_(summer)_(princess_connect!),59
sumeragi_sunao,59
kohanai_momomi,59
fencer_1_(sekaiju),59
gigantamax_alcremie,59
devil_(devilish_hairdresser),59
yan_zhengming,59
superstitional_realism,59
sherry_leblanc,59
jinguji_ayano,59
shizuku_(summer_memories),59
bronya_zaychik_(school_swimsuit),59
longinus_(phantom_of_the_kill),59
cohock_(splatoon),59
may_(anniversary_2022)_(pokemon),59
tomiya_(zenless_zone_zero),59
akizuki_(swimsuit)_(kancolle),59
carrie_fernandez,59
towa_rui,59
brandish_mu,59
zhuge_yuan_(skeleton),59
guanyin,59
sirene_(last_origin),59
claude_von_riegan_(summer),59
spitz,59
fate_testarossa_(blaze_iii),59
kawakabe_momoka,59
oji_(norahasu),59
tomine_kasumi,59
hiwatari_kai,59
isuzu_yuri,59
kanase_kanon,59
mia_alice,59
laura_newfield,59
sniper_3_(sekaiju),59
daji_(monster_strike),59
koizuka_koyume,59
neimi_(fire_emblem),59
okada_izou_(dog)_(fate),59
daring_tact_(racehorse),59
indala_(granblue_fantasy),59
maria_(arakawa),59
kazuraba_kouta,59
d_(cyberpunk),59
haru_(yomawari),59
lamia_(epakim),59
ido_romeko,59
indigo_(tylwing),59
niyodogawa_yuzu,59
kitsune_(persona_4),59
helena_harper,59
aeos_(dragon_ball),59
kagamine_rin_(if),59
mage_(bikini_warriors),59
solomon_(phantom_of_the_kill),59
clarisse_de_cagliostro,59
vertin_(winter)_(reverse:1999),59
kurotori_chiyoko,59
somei_sakura,59
fuyuno_tsubaki_(yukimaru217),59
tsukino_mito_(chihaki-shoujo),59
glemy_toto,59
prelati_(symphogear),59
nadeshiko_(nadeshiko-san_just_can't_say_no!),59
bunny_mint,59
linde_(summer_rays)_(fire_emblem),59
nishinosora_yoichi,59
elfir_traum,59
reshitelny_(warship_girls_r),59
carrot_(comodox),59
echoes_act1,59
bobby_fulbright,59
izumi_shirogane,59
beltorchika_irma,59
nihei_tetsuzou,59
sowan_(last_origin),59
ayla:_brilliance_(pgr),59
ella_of_the_sky,59
foxhound_(retrofit)_(azur_lane),59
elena_(duel_masters),59
kusunoki_kaho,59
takasaki_misaki_(koi_to_uso),59
agyo_(housamo),59
tallgeese,59
roman_kalman,59
salamander_(monster_girl_encyclopedia),59
taras-kun_(mullmull02),59
aikawa_shuuko,59
reiyu_guigui,59
nira-chan_(baka_janai_noni)_(zutomayo),59
zuzu_(splatoon),59
shirogane_kasane,59
umino_sachi_(kakkou_no_iinazuke),59
tsuneki_hikari,59
gotsheep_(kancolle),59
dragon_(any),59
leonie_pinelli_(summer),59
darudayu_(show_by_rock!!),59
fiore_forvedge_yggdmillennia,59
faramor_(afk),59
araime_yasuri,59
romg_the_jaguar,59
flick_(animal_crossing),59
gyaru_(zurikishi),59
ooki_ikutoshi,59
swarming_languendo,59
shunin,59
avery_(male)_(degrees_of_lewdity),59
mondragon_m1908_(girls'_frontline),59
another_blood,59
ha_yun,59
carmilla_(re:zero),59
boyfriend_(yoru_mac),59
himekawa_fubuki,59
fujishima_megumi_(summer_loungewear),59
simonov_(girls'_frontline),59
marine_(ahute),59
akuukan_coneru,59
nishizaki_toka,59
nobeta_(swimsuit_skin),59
minagawa_yuuhi,59
fujimoto_atsuko,59
sammy_(bestsammy),59
uchino_chika,59
xiao_ma,59
void_(kirby),59
cu_chulainn_(megami_tensei),59
magical_amber,59
nanashi_(megami_tensei),59
kilimanjaro_(girls_und_panzer),59
devil's_hand_(ishiyumi),59
yamada_asaemon_tensa,59
cirina_mol,59
nishimi_kaoru,59
otouge_azuki,59
kurauchi_anna,59
war_wolf_(last_origin),59
harpy_(akai),59
linea-chan_(owasaki),59
kohaku_(cookie),59
aotsuki_ushio,59
ken-chan,59
onimiko,59
ming_(mg),59
mizrak_(castlevania),59
eva_tsunaka,59
suzu_(fushigi_na_neko_no_machi_meltier),59
dark_valkyrie_(p&d),59
penomena,59
neo_universe_(casual)_(umamusume),59
langley_(azur_lane),59
mugimaru,59
mother_brain,59
momo_(granblue_fantasy),59
suminoe_riko,59
kamikaze_(azur_lane),59
nurse_akali,59
eurica_(ub1mo),59
gishki_ariel,59
garudamon,59
cherbourg_(azur_lane),59
nash_latkje,59
urie_kuki,59
komori_yui,59
yasumi_kaede,59
beat_(dragon_ball),59
jacuzzi_splot,59
guame,59
shibasaki_erika,59
lena_sayers,59
chihaya_(roshin),59
lily_c._sherbet,59
sakurase_shino_(ninoko),59
niwa_makoto,59
tokugawa_ieyasu_(sengoku_otome),59
yukinokouji_nobara,59
guldo,59
wooser_(character),59
sakurai_mikage,59
shoukaku_(valentine)_(kancolle),59
mamezuku_rai,59
usui_horokeu,59
monster_in_kamata,59
ozma_lee,59
midori_(cafe-chan_to_break_time),59
yuki_onna_(ring_dream),59
sonomiya_karen,59
dodome_ichika,59
sazh_katzroy,59
lyra_(summer_2020)_(pokemon),59
yeet-chan_(the_jieb),59
striker_eureka,59
somyung's_mother_(like_mother_like_daughter),59
akichi_mashiro,59
shiroi_inu,59
osanai_yuuta,59
eda_(epic_seven),59
himekawa_hayuru,59
mao_(endro!),59
gloriosa_(one_piece),59
yamaguchi_mami,59
mahan_(warship_girls_r),59
sugimura_runa,59
youta_(carrot_robosquat),59
washinomiya_koori,59
aza_choubei,59
kozakura_shion,59
isis_(ragnarok_online),59
neko_(k-project),59
ouka_(.hack//),59
ninja_(fft),59
okamoto_miyu,59
nephrite_(sailor_moon),59
kitakaze_(azur_lane),59
ichijou_michiru,59
aoki_kaede,59
pirate_3_(sekaiju),59
evdokiya_infernalis,59
izawa_ritsuko,59
buchou_(houkago_play),59
priecia,59
yugiri_perserte,59
sawaki_souemon_tadayasu,59
momono_shiori,59
rita_(shingeki_no_bahamut:_genesis),59
melisandre_(unicorn_overlord),59
a.k.i._(outfit_4)_(street_fighter),59
bartre_(fire_emblem),59
kurokami-chan_(hyaku_ae_mon),59
hijikata_keisuke,59
lymsleia_falenas,59
sawashiro_tsubaki,58
oboro_(utawarerumono),58
kalista_(league),58
k'sante_(league),58
symphony_miku_(2025),58
limealicious_(summer),58
jeanne_d'arc_(real_life),58
all-around_helper,58
rutger_(fire_emblem),58
rau_le_creuset,58
kosaka_shizuru,58
kamishiro_yuuko,58
isolde_(the_last_fluttering_beat)_(reverse:1999),58
lan_jingyi,58
rosetta:_arete_(pgr),58
ame-chan_(school_uniform)_(needy_girl_overdose),58
van_(ninjala),58
kotetsu_kiyone,58
osaru_no_monkichi,58
fujiwara_yamato_(gibagiba),58
lila_rossi,58
yahata_riko,58
brown_girl_(yamanokami_eaka),58
ariake_(swimsuit)_(kancolle),58
asakura_maina,58
iomaya_(vtuber),58
ostia_(bigrbear),58
spanner_(holostars),58
hiiragizawa_eriol,58
tsukuyomi_mana,58
hellmari_(omori),58
wodahs_(funamusea),58
kamen_rider_mach,58
enid_(tagua),58
sabrina_carpenter,58
kurogane_ikki,58
hifumi_suu,58
strawberry_shortcake_(character),58
osaka_shizuku_(odaiba_beach_girl),58
gwyn_(sait0moriyama),58
wukong_(league),58
tsukuyomi_luna,58
niels_(kyokugen_dasshutsu),58
tachitsute_toto_(1st_costume),58
symphony_meiko_(2018-2019),58
tsuwabuki_(souma_(ordures)),58
lawachurl_(genshin_impact),58
mo_guan_shan,58
hans_capon,58
sweet_(deltarune),58
lappland_(young)_(arknights),58
rosalina_(sports),58
kizuna_akari_(moe),58
nanamiya_runa,58
justice_(guilty_gear),58
tokoro_tennosuke,58
fitoria_(tate_no_yuusha_no_nariagari),58
golden_eagle_(kemono_friends),58
sakayori_momiji,58
red_beryl_(houseki_no_kuni),58
shiro_(houseki_no_kuni),58
sybil_(pseudoregalia),58
momo_(zephyr)_(infinity_nikki),58
manami_sangaku,58
camille_(league),58
pokatto_(squchan),58
miwabelle_(vtuber),58
miyo_(c108_swimsuit)_(blue_archive),58
pusheen_the_cat,58
utatane_nasa_(nasa_2.0),58
eloise_(the_atko),58
kewl_tune_cue,58
v1_(ultrakill),58
mighty_morphin_red_ranger,58
aria_(nikke),58
kisaki_reina,58
katia_waldheim,58
illyasviel_von_einzbern_(swimsuit_archer)_(first_ascension),58
kiryuu_nanami,58
tohsaka_rin_(unlimited_blade_works),58
stelle_(vim_and_vigor)_(honkai:_star_rail),58
ort_(type-moon),58
norin_karena,58
brigette_(pokemon),58
nagasaka_maho,58
spyro_the_dragon,58
mr._c.b._(dazzling_kabuki_flower)_(umamusume),58
ishikawa_aoi,58
appa,58
aiba_nanako,58
kayata_yumeka,58
kureiji_ollie_(new_year),58
isaac_(the_binding_of_isaac),58
happy_ghast,58
gigan,58
made_in_heaven_(stand),58
murano_sayaka_(mahou_shoujo_rhythmic_heart),58
code:_ultimate_(elsword),58
barem_bridge,58
luka_(zombie_stage),58
bunny_bunny_(reverse:1999),58
potato_mine_(plants_vs._zombies),58
kuribayashi_shino,58
gm_sniper_ii,58
liv:_limpidity_(pgr),58
kirara_tamako_(2nd_costume),58
toriko,58
togawa_sakiko's_doll,58
thelema_nutriscu_(roseate_summer),58
surfer_(arknights),58
hayama_hiyori,58
mu_la_flaga,58
chaos_elfilis,58
nagato_mei,58
moka-chan_(akino_ell),58
friedrich_der_grosse_(zeremonie_of_the_cradle)_(azur_lane),58
nebris_(laid-back_lifeguard)_(brown_dust),58
male_alear_(gifted_dragons)_(fire_emblem),58
el_xox,58
zoffy_(ultra_series),58
serizawa_ulala,58
ulsulah_(arknights),58
kadota_hiromi,58
larcei_(bride_of_astra)_(fire_emblem),58
fujimaru_ritsuka_(male)_(shinjuku),58
star_guardian:_guardian_of_the_stars,58
gyaru_landsknecht_(centurii-chan),58
hana_(ninja)_(fire_emblem),58
phoenix_wright_(nostalgic_sweater),58
koko_(pokemon),58
death_kiss_(gold_can),58
tohsaka_rin_(formalcraft),58
herrah_the_beast,58
chloe_(pegasus_dress)_(fire_emblem),58
bremerton_(joyride_of_love)_(azur_lane),58
fidelio_(metaphor:_refantazio),58
li_meifon,58
hoshino_(new_year)_(blue_archive),58
olympia_(sekaiju),58
darkchylde,58
fujimaru_ritsuka_(female)_(chaldea_pathfinder),58
teresa_keltula,58
belle_(girls_und_panzer),58
vlaham_(live_a_hero),58
whitney_(animal_crossing),58
lilith_(megami_tensei),58
demeter_(lostbelt)_(fate),58
yosano_akiko_(bungou_stray_dogs),58
takao_(divine_exorcist's_blade)_(azur_lane),58
tamaki_iroha_(pajamas_costume),58
gundam_astray_red_frame,58
minakami_(koshotengai_no_hashihime),58
lightning_strikes_thrice,58
chika_(genjitsu_no_yohane),58
doumyouji_cocoa,58
000_(path_to_nowhere),58
cybuster,58
raven_(fate),58
patch_(wolverine),58
daimon_kenshirou,58
aihara_kouichi,58
suzuran_(let's_carnival!)_(arknights),58
yangu_shigekiyo,58
kei_sakuragi,58
moira_burton,58
clotho_(neural_cloud),58
kuzuryuu_hanako,58
fidget_(dust:_an_elysian_tail),58
amane_(senran_kagura),58
aura_(.hack//),58
naekawa_yawara,58
kirih_shiraishi_(sword_scream),58
sakaki_takaya,58
faint_moon_dew_(shining_nikki),58
pikachu_(assorted_chocolates_2024),58
ceresmon_medium,58
tsurugi_ryoka,58
wisp_(sonic),58
tendo_hayate,58
ohdo_yuga,58
oda_nobunaga_(sengoku_musou),58
azucena_milagros_ortiz_castillo,58
kazagumo_(azur_lane),58
fuyutsuki_koharu,58
magus_(granblue_fantasy),58
scout_(arknights),58
black_doom,58
lize_helesta_(new_year),58
grecale_(valentine)_(kancolle),58
emma_(dq11),58
buhdeuce,58
iscario_(forever_7th_capital),58
kuma_(2ch),58
gaw_ha_leecee,58
natsukawa_kuroba_(jack_dempa),58
claiomh_solais_(kiseki),58
salvatore_(pokemon),58
eldridge_(holy_night's_embrace)_(azur_lane),58
jerma985_(person),58
kinjou_tsurugi,58
nukui_hayu,58
seadall_(fire_emblem),58
xavier_(king_of_darknight)_(love_and_deepspace),58
kerberos_(cardcaptor_sakura),58
nishino_flower_(sweet_juneberry)_(umamusume),58
weeping_clown_(identity_v),58
ohzeki_koyui,58
necrozma_(dawn_wings),58
osahime_kotori,58
sailor_aqua_(sailor_element),58
flare_earlgrande_gioral,58
arackniss,58
usami_natsuki,58
bis_(jsr),58
mochizuki_nonoka,58
thundurus_(therian),58
hunter_(little_red_riding_hood),58
nikaidou_kouhei,58
todoroki_rei,58
erubetie,58
asahi_hina,58
dribble_(warioware),58
ellen_(folkssoul),58
ritual_beast_tamer_lara,58
niimi_haruka_(photokano),58
senri_mana,58
miyako_(yakob_labo),58
lillie_(holiday_2024)_(pokemon),58
ophion_(housamo),58
okiya_subaru,58
shinomiya_rinrin,58
stella_(flou),58
azure_kite,58
zana_(dark_elf_stepsister),58
akanegasaki_sora,58
meltryllis_(second_ascension)_(fate),58
moroda_shiori,58
fremea_seivelun,58
shiraishi_nana,58
burnice_white_(operation_yum_2025),58
murano_tsukasa,58
sayo_(kiki_kaikai),58
frenzy_(transformers),58
excalibur_(soul_eater),58
shee_icho,58
morimura_konoha,58
kotobuki_shiiko,58
alcremie_(other_sweet),58
fenrir_(ghost_(tama)),58
hanasaki_ayame,58
kouki_kokoro,58
seliph_(scion_of_light)_(fire_emblem),58
kuzehashi_akari,58
anja_(madoka_magica),58
missile_(ace_attorney),58
shaft_(live_a_hero),58
kanayama_nao,58
shiva_(granblue_fantasy),58
tornadus_(therian),58
liv:_empyrea_(dreamcatcher)_(pgr),58
daisen_(azur_lane),58
karinn_(ka941),58
nathan_drake,58
indiana_jones,58
augustus_(luca_kaneshiro),58
hayashida_airi,58
ascari_megane_(aurahack),58
nijou_touka,58
eli_conifer_(1st_costume),58
uni_(reborn),58
maizuru,58
yami_freyja,58
satyr_(halloween)_(granblue_fantasy),58
patty_sole,58
male_mage_(dungeon_and_fighter),58
swordsman_3_(sekaiju_4),58
hijiki_(deriku4),58
yurika_a_lutwidge_(lokulo_no_mawashimono),58
libby_stein-torres,58
nephelia,58
stan_(honkai_impact),58
erika_(konosuba),58
elephant_mario,58
echizen_murasaki,58
mizuki_(summer_memories),58
dorothy_(bishoujo_mangekyou),58
kira-kira_kiriko,58
llymlaen,58
mike_kirby,58
ots-14_(flurry_of_petals)_(girls'_frontline),58
barton_(alchemy_stars),58
resplendent_quetzal_(kemono_friends),58
sakuramachi_touko,58
racing_miku_(2013_sepang_ver.),58
shingyoku_(orb)_(touhou),58
jim_(mondi_hl),58
luna_loud,58
nekomancer_(granblue_fantasy),58
aphrissa_(arknights),58
yamakaze_(new_year)_(kancolle),58
krebskrum,58
fuji_izumi,58
tink_(disgaea),58
fritia_ignis,58
hanazono_serena,58
insight_(designant)_(arcaea),58
bettel_2_(gavis_bettel),58
z2_georg_thiele_(azur_lane),58
rebel_pilot_(star_wars),58
vf-0,58
yonny_(pikmin),58
ally_(puyopuyo),58
teddy_bear_(ragnarok_online),58
george_joestar_ii,58
ayasaki_remi,58
lumian_lee,58
nishigoori_takeshi,58
kamishiro_ouka,58
cafe_cuties_soraka,58
phoebe_(granblue_fantasy),58
ju_hyeon-mi,58
shirai_yuuri,58
karasuma_kyousuke,58
kaguya_(queen's_blade),58
selim_spark,58
hide_yoshino,58
sarah_mcdougal,58
mumen_rider,58
eve_(rurudo),58
vit,58
shu_nanfeng,58
yoga_kimimaro,58
flatwoods_monster,58
blonde_ponytail_girl_(mdf_an),58
magical_emi,58
fox_(trickster),58
kazami_nobuko,58
diabolic_esper_(elsword),58
saionji_usagi,58
darius_iii_(fate),58
merry_(grimgar),58
tania_(dq6),58
azelle_(fire_emblem),58
ienaga_kano,58
st._louis_(spirits_in_the_snow)_(azur_lane),58
mass-produced_nikke,58
rosarian_(elizabeth_rose_bloodflame),58
bishamonten,58
narumi_tsubame,58
katagiri_non,58
thymilph,58
hope_stelar_(mega_man),58
yuuno_arashiko,58
fukuyama_jun,58
kirov_(azur_lane),58
siren_(p&d),58
ema_yuzuru,58
nase_hiroomi,58
qt_(space_dandy),58
unicorn_(little_star_songstress)_(azur_lane),58
aigami_shion,58
mihoshi_(gundam_bf),58
akado_harue,58
alraune_(p&d),58
etheldreda,58
gurasan_(precure),58
inuwaka_akane,58
kasugano_tsubaki,58
manami_(juukyuu),58
tsutsumi_kinuka,58
arima_kishou,58
nii_(ao_no_exorcist),58
bring_stabity,58
fiora_pellerin,58
schach_nouera,58
mukai_(ojimashu),58
ren_(dears),58
dracula,58
nanahoshi_ren,58
io_(summer)_(granblue_fantasy),58
shuusuke_(wolrero),58
takase_haruhiko,58
kusaka_ryuuji,58
arcade_ahri,58
sawatari_reika,58
yajima_caroline,58
souffle_gamberetto,58
morgan_le_fay_(valentine_witches)_(fate),58
cecilia_(acerailgun),58
itsukushima_takako,58
miyako_(kuavera),58
sunadori_oruka,58
u-tan,58
pudding_(tonpuu),58
singed_(league),57
epis_(king's_raid),57
nishimura_nanami,57
kinkaku_(kemono_friends),57
jax_(league),57
kanzaki_yukiko,57
hatsune_miku_(conflict),57
gentiana_(ff15),57
janus_(fear_of_changing...clothes)_(azur_lane),57
nereid_(romancing_saga_2),57
kunimi_tama_(coral_reverie),57
melantha_(letters_from_wessex)_(arknights),57
tanaka_michiko,57
ling_(towering_is_cliff_of_nostalgia)_(arknights),57
saya_sairroxs,57
burmy_(trash),57
sky_striker_ace_-_azalea,57
examon,57
sakura_kyoko_(swimsuit_ver.),57
hu_pen_(azur_lane),57
haruhina_urara,57
silent_magician_zero,57
swordmaster_(zenless_zone_zero),57
nelu_(rob_ishi),57
iceman_(x-men),57
himemori_luna_(summer),57
topman_warcury,57
pontiff_sulyvahn,57
rizna_lanfebit,57
coyote_starrk,57
tsujikura_spica,57
u-olga_marie_(second_ascension),57
mofukoyo_(hakui_koyori),57
female_corrin_(cheer_power)_(fire_emblem),57
manon_legrand_(outfit_2),57
suzumiya_suzume,57
sumeragi_setsuna_(shooter_dress),57
chocolat_(vrchat),57
nia_heller,57
erika_(kusa_mori),57
nee_(majo_no_ochakai),57
scathach-skadi_(swimsuit_ruler)_(third_ascension)_(fate),57
amity_blight_(timeskip),57
sheerow,57
lady_labrynth_of_the_silver_castle_(alternate_art),57
kaito_(rei_no_sakura_sousetsu)_(vocaloid),57
star_guardian_xayah,57
eddie_fender,57
linux-tan,57
mega_emboar,57
pest_(jejejunum),57
shino_(animal_crossing),57
ann_(pokemon),57
kurokami_shorto-chan_(kemuri_haku),57
kazan_(azur_lane),57
admiral_nakhimov_(cheerleading_mechanic?)_(azur_lane),57
katagiri_nanase,57
suze_(aquarium_wa_odoranai),57
ratchet_altair,57
punimon,57
lucy_(ninjala),57
aliyah_(aelion),57
mikogami_kotone_(1st_costume),57
sasuke_(ganbare_goemon),57
fujishima_megumi_(swimsuit),57
spriggan_(last_origin),57
remia_aotsuki,57
riko_solari,57
ciel_phantomhive's_brother,57
ena_(love-bullet),57
momozono_meru,57
tristan_(chicken_of_luluhawa)_(fate),57
guild_sweetheart,57
qiang_lei_(kingdom),57
little_nurse,57
saber_(second_ascension)_(fate),57
ghost_girl_(niyeye2019),57
muelsyse_(golden_reverie)_(arknights),57
talos_(nikke),57
reina_(reina_sakuraba),57
flambae_(dispatch),57
aluber_the_jester_of_despia,57
momose_riko,57
chono_maika,57
fuwawa_abyssgard_(holonatsu_paradise),57
p08_(girls'_frontline),57
john_cat_(koseki_bijou),57
pluto_(disney),57
ludwig_grimm_(grimms_notes),57
meat_(vtuber),57
spider_bud,57
chizuru_(chaos_zero_nightmare),57
roy_(brave_lion)_(fire_emblem),57
caleb_(deepspace_pilot)_(love_and_deepspace),57
nirvatia_(pgr),57
nase_fumino,57
zentreya_(cyborg)_(regal),57
rabbit_selena_(hiruno),57
grass_wonder_(racehorse),57
ermengarde_(arknights),57
witch_(fire_emblem_fates),57
sena_yuumi_(wantan_meo),57
tetsukawa_toa,57
code:_esencia_(elsword),57
gaeun_(counter:side),57
chaos_alice_(grimms_notes),57
sakisaka_fuminori,57
emilia_harring,57
little_my,57
athena_(mythology),57
yuuri_shachi,57
lain_paterson_(2nd_costume),57
kadence_(veyonis),57
aohitsugi_samatoki_(tdd_era),57
satsukitane_mikako,57
shiunji_seiha,57
nira-chan_(kuraku_kuroku)_(zutomayo),57
gotland_(saury_festival)_(kancolle),57
michi_(chaisia_art),57
yaoshi_(honkai:_star_rail),57
himukai_rin,57
elidibus,57
nishiro_nya,57
kongou_(nakau)_(kancolle),57
erasa_(dragon_ball),57
captain_commando_(character),57
vergo_(one_piece),57
kawai_mona,57
n102_(miracle_fairy)_(nikke),57
318-chan,57
kurihara_mari,57
bamboo_memory_(ultra_marine)_(umamusume),57
herrscher_of_sentience_(ooh!_summer!),57
godrose_(aotu_world),57
klein_(sao-alo),57
phaetusa_(girls'_frontline_2),57
q.e.d._(duel_masters),57
kamen_rider_skull,57
kirishima_mana,57
taketora_(yasha),57
cloud_strife_(black_dress),57
shoggoth,57
yuzumoto_hitomi,57
spinner_(boku_no_hero_academia),57
osakabehime_(swimsuit_archer)_(first_ascension)_(fate),57
blade_(brown_dust),57
dmitri_donskoi_(azur_lane),57
puklipo,57
tlipoca,57
beck_(mighty_no._9),57
ootsuka_rihito,57
hiiragi_asuka_(tokyo_xanadu),57
great_sabrecub,57
mousse_(campfire_cooking_smoke)_(arknights),57
ban_tsugumi,57
oohara_misaki_(koushinchou_no_kouhai_to_teishinchou_no_senpai_ga_renai_ni_hatten_suru_made),57
sinder_(old_design)_(vtuber),57
toto_(the_wizard_of_oz),57
aria_(senran_kagura),57
demonic_monkey_(fate),57
akizuki_(yukata)_(kancolle),57
miyu_(vampire_princess_miyu),57
takatsuki_kasumi,57
susanoomon,57
gosetsu_daito,57
saratoga_(swimsuit)_(kancolle),57
sideswipe,57
hanao_akari,57
takane_lui_(qipao),57
shuten_douji_(onmyoji),57
rosalina_(halloween),57
new_orleans_(azur_lane),57
pariston_hill,57
kallen_kaslana_(ritual_imayoh),57
snuffy_(smilfy)_(vtuber),57
bee_(minecraft),57
griffon_(devil_may_cry_5),57
female_sensei_(blue_archive)_(sakishimadara),57
ebenholz_(eine_variation)_(arknights),57
dorcas_(fire_emblem),57
vampire's_sister_(gogalking),57
lelie_(lelie_navigation),57
deepcolor_(elite_ii)_(arknights),57
vi3_(ex_astris),57
dj_sakura,57
souma_ren_(kuromiya),57
yomiuri_nikei,57
animal_(nanashi_mumei),57
admiral_zenker_(fun_with...interrogations?)_(azur_lane),57
killer_bee,57
princess_silver,57
eva_(black_survival),57
giancarlo_bourbon_del_monte,57
heng_(nine_sols),57
lenja,57
eua_(higurashi),57
ai-chan_(love_angel_syndrome),57
misa_(hoshi_wo_miru_hito),57
nakahara_mai,57
blu_soldier_(tf2),57
wreck-it_ralph_(character),57
imadake_tsukimi_tabemi,57
kawai_honoka,57
excellia_cruz,57
linko_(nte),57
fiammetta_(divine_oath)_(arknights),57
grace_(identity_v),57
black_knight_(dark_souls),57
"pete_""maverick""_mitchell",57
kukuchi_heisuke,57
yosumi_(vtuber),57
tanuki_mario,57
catherine_(aurahack),57
hibino_kafka_(kaiju_form),57
shiraishi_saki,57
talon_feather_(last_origin),57
sheba_(golden_sun),57
sovetsky_soyuz_(skyfall_agent)_(azur_lane),57
kagami_kyosuke,57
haneame,57
matsukawa_issei,57
cyon_hart,57
unozawa_shiori,57
richelieu_(swimsuit)_(kancolle),57
18-volt,57
pink_delmo,57
grisha_yeager,57
mario_disel,57
fraiki_(vtuber),57
stahl_(fire_emblem),57
queen_of_pain_(dota),57
franka_(rainforest_me_rainbow)_(arknights),57
tarisa_manandal,57
chatan_nakiri_(tenka_hyakken),57
alphamon_ouryuuken,57
fujimaru_calisto_(spinecricket),57
selene_(special_costume)_(pokemon),57
kirishima_ayato,57
mutsuki_(flowery_charms)_(blue_archive),57
geumgang_(odd_snail),57
onion_cookie,57
sharuru_(precure)_(human),57
ishtar_(lawson_2018)_(fate),57
hanyang_type_88_(girls'_frontline),57
gina_boyd,57
monique_(arknights),57
otto_(nanoha),57
libra_douko,57
sawsbuck_(summer),57
sam_(a_summer's_end:_hong_kong_1986),57
katayama_minami,57
isabeau_de_baviere_(madoka_magica),57
californian_sea_otter_(kemono_friends),57
fake_nyon_(cookie),57
hagurumon,57
oda_nobunaga_(drifters),57
fish_sprite_(pokemon),57
misawa_daichi,57
artemy_burakh,57
iris_(ryou@ryou),57
kiryuu_shino,57
tanaka_ryuunosuke,57
safu,57
yumeshiro_miya,57
sakae_izumi,57
guider_to_the_eternal_edge,57
anju_emma,57
mikage_rizu,57
hino_matsuri_(osananajimi_ni_najimitai),57
goose_(untitled_goose_game),57
omocat_(character),57
katen_kyoukotsu,57
makishima_shougo,57
rafael_(coral_island),57
gilbert_bougainvillea,57
watanabe_saki,57
tsukino_(monster_hunter),57
mr._chin,57
marc_(orange_juice),57
takatsu_kokone,57
himemiya_rie_(1st_costume),57
ivis,57
taihou_(warship_girls_r),57
lalamon,57
mannen_ranko,57
yada_touka,57
tokimori_aoi,57
adam_parrish,57
gustavo_fring,57
dan_(mondi_hl),57
gilbert_g.p._guilford,57
melfina_(outlaw_star),57
bulma_(future),57
family_burger_mascot_(chainsaw_man),57
tsuki_no_iwakasa,57
miyaguchi_hiromi,57
top_speed,57
ferry_(summer)_(granblue_fantasy),57
miyoshi_(joker_game),57
bash_(orc_eiyuu_monogatari),57
tohru_(dragon)_(maidragon),57
ging_freecss,57
fujikura_yuu,57
steven_seagal,57
koyomi_(kamen_rider_wizard),57
kuro_(miku_plus),57
elfleda_mirjasdottir,57
qian_xiao_(jiang_qian_xiao),57
kujou_tsukiyo,57
grandpa_gohan,57
entombed_air_defense_guardian_princess,57
glunk_(kirby),57
hikifune_kirio,57
faith_connors,57
jeanie_(master_of_eternity),57
ashida_machi,57
neytharone_(drill_(emilio)),57
nazume_mikuru,57
anput_(nsfwolf),57
gokotai_(kiwame),57
frankie_stein,57
hatsune_miku_(pierretta),57
guu_(jungle_wa_itsumo),57
kizaki_emi,57
sohma_akito,57
hasebe_aya,57
shirakawa_miyako,57
crea_dorosera,57
edea_cluster,57
takahashi_fuuko,57
fujin_(ff8),57
nanakusa_nazuna_(kouji_(campus_life)),57
ruru_(phantom_world),57
osoko_(osomatsu-san),57
anzio_princess,57
yui_(kuro_kosyou),57
dolly_(toaru_kagaku_no_railgun),57
haruka-chan_(pan_(mimi)),57
oktyabrskaya_revolyutsiya_(kancolle),57
rei_membami,57
celica_(imprisoned_soul)_(fire_emblem),57
illya_(christmas)_(princess_connect!),57
eguchi_hibiki,57
kyuketsuki-chan_(mitsuba_choco),57
nanaka_(princess_connect!),57
buddha_(saint_onii-san),57
bean_bandit,57
succubus_(monster_girl_encyclopedia),57
juliana_eberhardt,57
parn_(lodoss),57
christine_(kuro_(kuronell)),57
naoise,57
hattori_hanzo_uruka,57
tin_(mixflavor),57
xuan_(mixflavor),57
dark_angel_metatron_(p&d),57
leilan_(hitozuma_fuumashi_leilan),57
ojou_(nameo),57
shiina_aki,57
burgundy_(pokemon),57
sagara_kazuto,57
adilisia_lenn_mathers,57
memento_(sennen_sensou_aigis),57
yamada_ayumi,57
yukimura_shinya,57
hinaki_eiji,57
henri_(helbai),57
kumano_(fancy_waves)_(azur_lane),57
chip_(kirby),57
gridknight_(ssss.gridman),57
arras_ramus,57
manabe_yoshihisa,57
enki_(juuni_kokuki),57
zeorymer,57
kamino_saori,57
dracomon,57
favaro_leone,57
machida_(ojimashu),57
dorothea_coyett,57
mingyin_meion_(vtuber),57
seitokaichou-chan_(minato_ojitan),57
kawaihara_yae,57
kurokona,57
tim_rhymeless,57
okuda_nao,57
tsukishima_ruriko,57
shaomei_rin,57
reina_(phantom_rose),57
axel_almer,57
omegamon_x-antibody,57
fujisaki_kanon,57
hanesaki_ayano,57
chiot_(god_eater),57
takashima_remi,57
noel_maresse_ascot,57
xia_yu_yao,57
mitsumo,57
mion_(htol#niq),57
donnel_(fire_emblem),56
gilgamesh_(kyou),56
lianhua_blood_duck_(the_tale_of_food),56
boo_(monsters_inc.),56
sei_(dramatical_murder),56
illaoi_(league),56
galatea_the_orcust_automaton,56
tang_moling,56
max_mccalister,56
shishiro_botan_(5th_costume),56
burmy_(sandy),56
uni_(chunithm),56
jet_(shadow_slave),56
kingprotea_alter_(swimsuit_avenger)_(first_ascension)_(fate),56
fatui_agent_(genshin_impact),56
overtimeboo_(zenless_zone_zero),56
erling_haaland,56
bi-han,56
nobi_tamako,56
kingprotea_(second_ascension)_(fate),56
lind_(princess_connect!),56
charlotte_(black_survival),56
eto_(arcaea),56
suo_sango_(2nd_costume),56
bonnie_barkswell,56
kurosawa_yae,56
prinz_moritz_(azur_lane),56
zhuang_fangyi_(empyrean_of_truth)_(arknights),56
kohinata_miku_(shenshoujing),56
tsukigime_sabuko,56
shepherd_ju_peter,56
veyle_(lacy_dress)_(fire_emblem),56
diana_(brown_dust),56
lacrimosa_(new_moon_lullaby)_(nte),56
sasaki_shuumei,56
bely,56
junyou_(azur_lane),56
momosuzu_nene_(7th_costume),56
daitokuji_biko,56
ootomari_(kancolle),56
alexander_(veil),56
nagachichi_chika_idol-chan_(yue_(show-ei)),56
furen_e_lustario_(7th_costume),56
henried_socie_rouen,56
bogatyr_(azur_lane),56
vienna_(4th_costume)_(vtuber),56
pomegranate_cookie,56
eika_(strinova),56
nagakura_shinpachi_(first_ascension)_(fate),56
fujimaru_ritsuka_(male)_(fgo_fes._2025),56
furen_e_lustario_(4th_costume),56
nanoha_(stella_sora),56
kinomoto_sakura_(water_fairy),56
ironmouse_(underworld_goddess),56
nian_(thunderbolt_director)_(arknights),56
shiina_ringo,56
kamen_rider_ixa,56
m4a1_(suspender_of_time)_(girls'_frontline),56
patricia_wagon,56
nowell_(arknights),56
zel_(za1f0n),56
zirc_(pokemon),56
gyunei_guss,56
mikoshiba_seijuurou,56
myria_loussier_(salverion),56
qanipalaat_(arknights),56
konno_yuuki_(sao),56
acheron_(star_rail_live_2025)_(honkai:_star_rail),56
m3_(arknights),56
chinese_water_dragon_(kemono_friends),56
silverash_(york's_bise)_(arknights),56
natsume_shizuku,56
cosmo_(fairly_oddparents),56
indian_rhinoceros_(kemono_friends),56
olivier_(precure),56
kiriko_(black_jack),56
kurumi_noah_(8th_costume),56
evertsen_(azur_lane),56
kokorowa-hime,56
madarame_shion,56
ambriel_(holiday)_(arknights),56
yabai_(nijiura_maids),56
ryuzu_meyer,56
sweep_tosho_(it's_all_mine!)_(umamusume),56
mercedes_(maplestory),56
commerson's_dolphin_(kemono_friends),56
kayamori_ruka_(the_feel_of_the_throne),56
gustav_karl,56
leo/need_meiko,56
kazuradrop_(third_ascension)_(fate),56
victoire_pisa_(casual)_(umamusume),56
perlweiss_(ironlily),56
carmen_(persona_5),56
mitani_ryouichi,56
durandal_(purrfect_holiday)_(honkai_impact),56
peter_pan_(novel_character),56
suzuha_(nozomi_tsubame),56
wally_west,56
arvis_(fire_emblem),56
nobunaga_hazama,56
takamine_mion,56
hank_anderson,56
kowata_shunki_(megechan),56
ebisumaru,56
taihou_(private_quarters)_(azur_lane),56
navarre_(fire_emblem),56
jasper_(uncorrupted)_(steven_universe),56
jun_(hamunezuko_(nezukonezu32)),56
shiriri_saikyo,56
trafalgar_(sea_breeze_moonlit_talks)_(azur_lane),56
admire_vega_(glacialis_vega)_(umamusume),56
legato_bluesummers,56
ender_dragon,56
setsuna_(inuyasha),56
nogami_ryoutarou,56
kuybyshev_(azur_lane),56
hirokawa_takemi,56
shane_(grimms_notes),56
mama_(cooking_mama),56
komazawa_noi_(real),56
otter_(hasu_no_sora),56
martina_(project_moon),56
norne_(fire_emblem),56
iris.exe_(mega_man),56
precia_(princess_connect!),56
lucy_(chrono_ark),56
neru_(swimsuit)_(blue_archive),56
nyx_avatar,56
momose_ginko_(animal_cafe),56
haures_clifford,56
jamie_siu_(outfit_3),56
kodaka_saki,56
kimberly_jackson_(outfit_4),56
coral_(summon_night),56
leman_russ,56
kamiya_tsurugi,56
juno_(fire_emblem),56
crossbow_hybrid_(chainsaw_man),56
ferrus_manus,56
kurara-chan_(suzutsuki_kurara),56
marcus_(ff9),56
kemomiku,56
mustard_(pokemon),56
aventurine_(jiaduobao)_(honkai:_star_rail),56
sugar_mountain,56
airi_(quilt),56
z18_(azur_lane),56
alice_garnet_nakata,56
inae_koron,56
muni_(akatsuki_uni),56
yasuraoka_hanabi,56
nohotoke_honne,56
shinomiya_kokoa,56
miruzu_(dqb2),56
ootori_amane,56
mobius_(scorching_gravel)_(honkai_impact),56
whisperain_(priory_of_abyss)_(arknights),56
evil_aqua,56
kayna_(monster_hunter),56
m16a1_(blazer_of_the_trail)_(girls'_frontline),56
komano_manato_(white_heart_silhouette),56
quick_camel,56
hayami_rinka,56
estella_(dq10),56
akebono_(race_queen)_(kancolle),56
saileach_(summer_flowers)_(arknights),56
poromon,56
toboe_(wolf's_rain),56
darkness_devil,56
goha_yuuna,56
zephyr_winds,56
yoarashi_inasa,56
war_counselor_iji,56
aya_(project_moon),56
shanti_rana,56
saruei_(vtuber)_(1st_costume),56
linna_yamazaki,56
timerra_(halloween)_(fire_emblem),56
omega_auru_(primagista),56
bearded_seal_(kemono_friends),56
bonobono_(character),56
sephiroth_(dark_harbinger),56
gallant_(express-ive_delivery)_(azur_lane),56
artia,56
ayasaki_yuu,56
harusame_(autumn)_(kancolle),56
shiina_yuika_(7th_costume),56
ningyo_(youkai_watch),56
ootonari_nagi,56
rocma_(funamusea),56
mariya_sutegoro,56
victoria_cindry,56
daisy_mae_(animal_crossing),56
danny_lee,56
akiyama_akane,56
kamen_rider_super-1,56
cat_(ghost_trick),56
uno_sakura,56
guinevere_(fire_emblem),56
hresvelgr,56
angel_(devilish_hairdresser),56
richter_(elsword),56
archerfish_(warship_girls_r),56
fiamma_of_the_right,56
black_knife_assassin,56
ant-man,56
kazehiki_(utau),56
ruby_(tower_of_fantasy),56
madara_(natsume_yuujinchou),56
pink-haired_nun_(404notfound),56
gagaga_magician,56
inoue_kikuko,56
nachetanya_loei_piena_augustra,56
vrtra_(final_fantasy),56
devout,56
nakano_rinka,56
inuakari_suzu_(inuakarisan),56
shinonome_sonata,56
shiratsuki_shino,56
saphentite_neikes,56
ronaldo_(kyuuketsuki_sugu_shinu),56
aventurine_(bullseye)_(honkai:_star_rail),56
max_goof,56
koizumi_akako,56
tuesday_simmons,56
kureha_(senran_kagura),56
fuyuki_yuka,56
kiki_(splatoon),56
gregory_edgeworth,56
seaside_sukeban_(smg)_(blue_archive),56
tanba_toshio,56
charles_xavier,56
sakura_bakushin_o_(red-hot_leader)_(umamusume),56
matsuno_kuusuke,56
kazami_yuuka_(seihou),56
akuru-chan_(ado),56
maria_(junketsu_no_maria),56
touma_hiragi,56
herta_(rubert_iii)_(honkai:_star_rail),56
leonard_(elden_ring),56
evarella_(berserk),56
ahisha_(di_le_to),56
aoyama_kazuki,56
shiina_mirei,56
kousaka_mayuri,56
makiri_zolgen,56
kamen_rider_gotchard_(steamhopper),56
sahaquiel_(evangelion),56
g36_(mini_maid)_(girls'_frontline),56
strasbourg_(faerie_of_the_race_circuit)_(azur_lane),56
inner_mongolia_(nanimonothing),56
albus_severus_potter,56
kume_(touhou),56
orc_warrior_(ragnarok_online),56
konoha_(nozomi_tsubame),56
gnome_(project_moon),56
enomoto_rion,56
minami_hinata,56
etra_(etra-chan_wa_mita!),56
changyu_(pgr),56
fujimaru_myriam_(altermagna),56
roberto_(saga),56
c.q._cumber_(splatoon),56
verity_gavelle,56
ravi_(epic_seven),56
max_(pangya),56
sohaya-no-tsurugi,56
phoenix_(final_fantasy),56
michiko_malandro,56
steelhead_(splatoon),56
aircraft_carrier_summer_princess,56
falke_(street_fighter),56
lee_jaheon,56
hina_momo,56
cael_anselm_(godheim),56
aoi_saki_(senpai_wa_otokonoko),56
shennong_(summer)_(housamo),56
walrus_(kemono_friends),56
zorayas,56
lolo_(klonoa),56
higashikata_tsurugi,56
misogi_(halloween)_(princess_connect!),56
red_(sygna_suit)_(thunderbolt)_(pokemon),56
keppi,56
meythia,56
hinomori_anzu,56
kson_(person),56
marci_(dota),56
scheherazade_(magi),56
morino_mari,56
cattleya_yvette_la_baume_le_blanc_de_la_fontaine,56
yukikaze_(sovereign_of_the_swing)_(azur_lane),56
mizukami_satoshi_(world_trigger),56
fellow_honest,56
kinomiya_takao,56
marion_quinn,56
orter_madl,56
winberrl,56
marie_(grand_festival)_(splatoon),56
sakuya_(sao),56
kirisaki_kyouko_(toloveru),56
kayama_tamami,56
patissier_(gindoro),56
blazermate,56
morikawa_yuki,56
dragreder,56
theoto_rikka,56
ouroboros_(lord_of_the_mysteries),56
rexer_(live_a_hero),56
echo_(apex_legends),56
lee_nabi,56
nitta_yui,56
ludmila_lourie,56
blaze_(burst_feline)_(arknights),56
vundo_(gyee),56
ushi_(genshin_impact),56
koucha_latte,56
more_more_jump!_luka,56
aisha_(saga),56
ratel_(kemono_friends),56
ingrid_(nikke),56
otonokoji_hibiki,56
akamine_yuuna,56
mochi_(touhou),56
oura_rukako_(1st_costume),56
ami_dixie,56
keltan,56
darth_wooser,56
red_velvet_cookie,56
suzuhara_izumiko,56
ardyn_izunia,56
pintail_(sword_girls),56
dozle_zabi,56
macaron_(amaburi),56
italian_wolf_(kemono_friends),56
amatsuka_fubuki,56
takara_tooru,56
yumekichi,56
iru_may_(akairiot),56
anna_(gekkou_no_carnevale),56
aria_tenetorisu,56
goldlewis_dickinson,56
rubber_soul,56
hanasaki_kokona,56
elena_(grandia),56
saraqael_(last_origin),56
rokuya_nagi,56
racing_miku_(2026),56
shishiou_gai,56
shelby_seraphine,56
player_2_(cloba),56
sako_makoto,56
mamiya_(hokuto_no_ken),56
eight-tailed_fox_nari,56
naia_(trickcal),56
harpy_(nucomas),56
robo-fortune,56
starky_(chrono_cross),56
ryou_(kemurikusa),56
morel_mackernasey,56
zira_(kiana_mai),56
5pb_(neptunia),56
goidou_yui,56
you_mizuno,56
sasame_yaya,56
kawamura_ami,56
tiamat_(granblue_fantasy),56
mona_(shingeki_no_bahamut),56
take_mamoru,56
invincible_marisa,56
grace_thompson,56
brynhild_(third_ascension)_(fate),56
ultraman_tregear,56
peone_(panapana),56
machio_naruzou,56
miko_kubota,56
shilow,56
wagahai_(ace_attorney),56
zephagamon,56
suzushiro_mizuki,56
takasu_yasuko,56
hasebe_yutaka,56
anfang_(chihuri),56
himeka_chiyako,56
sasahara_satsuki,56
toki_(norahasu),56
ihara_saeko,56
iroha_(rune_factory),56
battle_magician_(elsword),56
yuneri_(azuki_akizuki),56
catherine_(granblue_fantasy),56
officer_mewmew,56
seruel,56
scp-076-2,56
aojiru_(yume_2kki),56
tanaka_yoshitake,56
skeppy,56
fujieda_honami,56
kazamatsuri_kazari,56
eyeball_(yui930),56
kawamoto_momo,56
iscan_(pokemon),56
herikawa_koishi,56
baek_changpo,56
aoba_anoa,56
taiyo_akari,56
mimic_(dungeon_meshi),56
mari_(amazu),56
shibuya_rin_(eternal_bloom),56
yokoshima_tadao,56
yowaneko,56
aki-chan_(dismaiden),55
batwoman,55
malzahar_(league),55
mutantheart_(omori),55
tsumugi_(purinpurin),55
nishimura_konomi,55
shihouin_yoruichi_(innersuit)_(sennen_kessen-hen),55
the_original_starwalker,55
tachibana_hibiki_(gungnir)_(symphogear),55
gouden_leeuw_(an_intimate_cleaning)_(azur_lane),55
kirsche_verstahl,55
maine_(cyberpunk),55
freddie_mercury,55
portsmouth_adventure_(azur_lane),55
lara_(maplestory),55
ikhor_(genshin_impact),55
hedwig,55
avocaboo_(zenless_zone_zero),55
enya_(junkzero),55
jaiden_animations,55
hagiwara_yukiho_(idolmaster_xenoglossia),55
sheila_helman,55
p-chan_(needy_girl_overdose),55
aoba_shigeru,55
crepe_(trickcal),55
dummy_(undertale),55
lily_killer,55
heidrun_(summer)_(fire_emblem),55
chase_(king's_raid),55
urokodaki_sakonji,55
broom_hatter,55
tokai_teio_(dream_butterfly_of_purple_clouds)_(umamusume),55
scarlet_(fire_emblem),55
miss_pauling,55
shiren_(fuurai_no_shiren),55
exs-slave_alpha,55
sonya_(project_moon),55
superboy-prime,55
fream_(vtuber),55
steve_burnside,55
john_constantine,55
kaho_eira,55
kaling,55
rafayel_(abysswalker)_(love_and_deepspace),55
ivy_warrington,55
liz_hawkwood,55
azura_dulait,55
grand_caster_(fate),55
kanehira_ame,55
dan_heng_(woof_woof_dan)_(honkai:_star_rail),55
march_7th_(march_bunny)_(honkai:_star_rail),55
detec_bell,55
l'audacieux_(azur_lane),55
lucatiel_of_mirrah,55
amagi_(cv)_(throne_of_fallen_petals)_(azur_lane),55
denji_man_(chainsaw_man),55
thor_(toaru_majutsu_no_index),55
kuri_manjuu_(chiikawa),55
ramona_(reverse:1999),55
wang_lifen,55
wanda_(fairly_oddparents),55
dracotail_faimena,55
imibi_(zizi_niisan),55
fourth_form_cooler_(dragon_ball),55
interceptor_(ff6),55
asaka_karin_(kujibikido_swimsuit),55
shade_(hollow_knight),55
andranof_pepesha,55
hinoshita_kaho_(birthday_jirai_kei),55
ellie_(casato),55
dara-san_(reiwa_no_dara-san),55
lisa_pacifist,55
gerda_(fate),55
kai_(rune_factory),55
karasuba_(sekirei),55
piglet_(winnie_the_pooh),55
chitose_haruki,55
37_(happy_bird_catcher)_(reverse:1999),55
tifa_lockhart_(feather_style),55
little_black_sheep_(arknights),55
yuzuriha_(etra-chan_wa_mita!),55
rosalina_(swimwear),55
julie_powers,55
cannot_goodenough_(arknights),55
kenshi_takahashi,55
yamai_ren,55
leliel_(evangelion),55
reimu_endou_(anniversary_dress),55
nakamura_kazuha,55
murakami_tokiwa,55
diein_(djmax),55
whisper_(jejejunum),55
belladonna_(seiken_densetsu_3),55
fumyr_(epic_seven),55
froze_(funamusea),55
byalant,55
kirito_(sao-os),55
sakura_bakushin_o_(swift_runner_of_spring_thunder)_(umamusume),55
the_penguin,55
kouchi_tadashi,55
yu_mei-ren_(spare_the_idle_talk)_(fate),55
marryofblood,55
v_(killer_chat),55
fatui_pyro_agent_(genshin_impact),55
shabotan_alma,55
renais_cardiff_shishiou,55
hema_(dreamycakesss),55
aruma_(goma),55
ognevoy_(azur_lane),55
ms._radio,55
yukimibotamon,55
hachiko_(dog),55
cheng_xiaoshi_(angel),55
bassline_(arknights),55
hino_(yatara),55
shushu-tan,55
kyokutei_bakin_(first_ascension)_(fate),55
dracotail_lukias,55
pamiat_merkuria_(playboy_bunny)_(azur_lane),55
mogami_(swimsuit)_(kancolle),55
cure_flower,55
caroline_bartley,55
kumonoue_yumemi,55
amanogawa_shiina_(crab),55
protagonist_(no_i'm_not_a_human),55
aylwin_(azur_lane),55
commander_shepard_(male),55
cipher_(ace_combat),55
gogo_(ff6),55
yuri_(throtem),55
kodama_rin_(sakura_yuki),55
mona_lisa_(grimms_notes),55
coat_guy_(no_i'm_not_a_human),55
agni_(fire_punch),55
saeki_yuki_(boku_no_himitsu_taiken),55
duguay-trouin_(azur_lane),55
haine_(blue_archive),55
implacable_(her_beauty_runneth_over)_(azur_lane),55
meu_meu,55
ayabe_kazuya,55
misery_(arknights),55
matsunaga_brigitta_kayo,55
red_(dq8),55
oriental_art_(racehorse),55
misaki_kurone_(irukamairuiru),55
miyu_edelfelt_(swimsuit_lancer)_(third_ascension),55
gilbird,55
alicia_(expedition_33),55
ex_(original)_(grimms_notes),55
rosalyn_(hololive),55
calamaramon,55
fujimaru_ritsuka_(female)_(teal_uniform),55
juniper_woods,55
iberis_(ogami_kazuki),55
raven_beak_(metroid),55
kiyase_suru_kouhai_(kirimmitsu),55
ootani_ikue,55
internet_explorer_(merryweather),55
gareth_(swimsuit_saber)_(first_ascension)_(fate),55
vanya_(black_survival),55
hayakawa_yahiro,55
chaucer_(some1else45),55
hr_lady_(rucchiifu),55
haku_(utawarerumono),55
fire_mario,55
excel_(excel_saga),55
nita_(pokemon),55
lisia_(new_year's_2023)_(pokemon),55
han_do-yoon,55
mary_read_(third_ascension)_(fate),55
kaminoi_youko,55
aratsugu_yorino,55
kanbayashi_mizuki,55
kamen_rider_geats_ix,55
long_island_(long_island_-_indoor_slacker)_(azur_lane),55
bronya_zaychik_(fleurs_du_mal),55
baku_(sanrio),55
shinya_yuda,55
blitz_(rainbow_six_siege),55
lucemon_falldown_mode,55
vidya_shannon,55
hakka_(suimya),55
himeko_(joshi_kousei_rich_thots),55
ling_(it_does_wash_the_strings)_(arknights),55
baby_vegeta,55
shine_(pretty_series),55
sad_ena,55
shiba_(hoshi_wo_miru_hito),55
hydro_eidolon_(genshin_impact),55
hatsune_miku_(vintage_dress),55
cheval_grand_(boc'z)_(umamusume),55
kuma_(sakai_takahiro),55
rhea_(halloween)_(fire_emblem),55
the_baddest_akali,55
hirosoma_shinku,55
jack_cooper,55
kitsune_no_botan_(flower_knight_girl),55
hibino_mina,55
inami_yoki,55
chicken_(kemono_friends),55
melc_(ogami_kazuki),55
kino_books,55
current_nadeko,55
toshikai-kun,55
curtis_(pokemon),55
m1014_(girls'_frontline),55
prince_gumball,55
shindou_shizuka_(lunatic_angels),55
kitakoji_hisui_(2nd_costume),55
galaco_(neo),55
santa_fe_(azur_lane),55
shenhe_(young)_(genshin_impact),55
kanae_(5th_costume)_(nijisanji),55
baobhan_sith_(chaldea_satellite_station)_(fate),55
thylacine_(kemono_friends),55
merc_(merc_storia),55
katsu_kaishuu_(fate),55
star_guardian_zoe,55
ibuki_douji_(first_ascension)_(fate),55
heartsteel_yone,55
bommina,55
bernadetta_von_varley_(winter),55
kiki_ajimi,55
yamamoto_fuyuki,55
beelzebub_(sand_land),55
mega_kangaskhan,55
kanonno_grassvalley,55
feifei_(fkey),55
georgie_denbrough,55
pino_(boku_no_hero_academia),55
hawkeye_(fire_emblem),55
rockrock_(before_singing)_(arknights),55
blossom_(ragnarok_online),55
issa_castagno_(character),55
zima_(ready_to_go)_(arknights),55
cera_luceria,55
dorothy_(fire_emblem),55
sharon_wong,55
kamen_rider_leangle,55
chaser_(warship_girls_r),55
mai_akari,55
isshiki_ichika_(murakami_suigun),55
elliot_(par0llel),55
ninti_apocalypse,55
birb_(niniidawns),55
eita_(koi_to_senrigan_to_aonisai),55
spandam,55
odokawa_hiroshi,55
nana_(krt_girls),55
goblin_(ragnarok_online),55
gotou_kiichi,55
misaki_nako,55
leah_(pokemon),55
stella_(peach),55
twinbee_(character),55
terminus_est,55
necromancer_2_(sekaiju),55
kashagiri_(touken_ranbu),55
mouri_toushirou,55
porom_(adult),55
red_(champion)_(pokemon),55
sanson_(nadia),55
shoggoth_(monster_girl_encyclopedia),55
close_(digimon),55
annie_barrs,55
alessi,55
felix_(golden_sun),55
fenrir_(housamo),55
yvraine,55
suffolk_(retrofit)_(azur_lane),55
chelle_(dragalia_lost),55
peppercat,55
figaro_garcia,55
orion_pax,55
yo_chinaka_(hakuyagen),55
ping_hai_(osmanthus_moon_rabbit)_(azur_lane),55
vinyl_scratch,55
kusakari_rena,55
harumi_(goburin_second),55
almaz_von_almadine_adamant,55
imai-kun_(imai_akira),55
kamui:_bastion_(pgr),55
mark_(coral_island),55
cliff_fittir,55
ivy_(saijaku_tamer),55
venelana_gremory,55
kaisei_(1st_costume)_(nijisanji),55
starlight_glimmer_(equestria_girls),55
minamiya_natsuki,55
a_(show_by_rock!!),55
vulnificus,55
chillet,55
beast_titan,55
newcastle_(apex_legends),55
fuha_mika_(akagi_asahito),55
foo_fighters_(stand),55
eleanor_(justadrian),55
aster_arcadia_(1st_costume),55
takagi_junjirou,55
orie_hakua,55
kara_(sam_yang),55
shiba_tougo,55
tt-392,55
riku_(kemurikusa),55
futaba_lili_ramses,55
clevelad_(azur_lane),55
z52_(the_rapid_rabbit)_(azur_lane),55
ami_(seikyouiku_series),55
kim_yoon_(gondom),55
winter_lantern,55
kent_(azur_lane),55
tilarna_exedilika,55
narukawa_hime,55
sehra_klatt,55
sara_(jewelpet_twinkle),55
raising_heart_(cannon_mode),55
shino_aki,55
nitta_emi,55
mabel_raybert,55
semi-perfect_cell,55
ellie_(charon_universe),55
ourobunny,55
henryk_(fear_&_hunger),55
mg42_(girls'_frontline),55
rosamia_(granblue_fantasy),55
grapple_pilot_(titanfall_2),55
rita_bernal,55
naoe_yamato,55
hugo_(suikoden_iii),55
night_strait_princess_(white),55
toyotomi_hideyoshi_(sengoku_basara),55
shin_jia,55
pi_(.hack//),55
kanemoto_akari,55
kunagisa_tomo,55
natsume_nono,55
egokoro_nao,55
wildrose,55
amai_shirou,55
rikei-chan_(tawawa),55
darunia,55
satonaka_chie_(ooya-san_wa_shishunki),55
otonari-san_(sasaki_to_p-chan),55
ryutaro_naruhodo,55
kamen_rider_meteor,55
maria_(housamo),55
shoujo_(france_shoujo),55
wilbur_(animal_crossing),55
oda_nobunaga_(sengoku_otome),55
baek_eunyung,55
kuro_(doko_demo_issyo),55
brown_twintails_girl_(mdf_an),55
sig_(granblue_fantasy),55
aoki_mei,55
long-haired_girl_(ishiyumi),55
grainne_(fate),55
ingo_(special_costume)_(pokemon),55
shiroe_adele,55
kasumi_(senran_kagura),55
fleur_(personal_ami),55
suketoudara,55
kunichika_yuu,55
gotou_yuuko,55
yuuki_nanase,55
yue_(keisea),55
black_rock_shooter_beast,55
yuri_(dy0urre1n),55
yubelluna,55
ahim_de_famille,55
kokage-san,55
takajou_joujirou,55
majorika,55
superstar_(granblue_fantasy),55
kojo_anna_(2nd_costume),55
riko_(iyowa),55
fam_fan_fan,55
behemoth_(final_fantasy),55
eldridge_(the_inquisitive_recluse)_(azur_lane),55
lakshmi_(p&d),55
kuroinyan,55
kikuhara_karin,55
eno_konoe,55
oracle_(shinkai_no_valkyrie),55
brioche_d'arquien,55
furuya_jun,55
ubukata_shinji,55
fox_girl_(mdf_an),55
witch_(goblin_slayer!),55
heidr_(fire_emblem),55
dusk_of_oolacile,55
rynn_(acerailgun),55
tachibana_ritsuka,55
maya_yukiko,55
honda_tadakatsu_(sengoku_bushouki_muramasa),55
hieda_no_are,55
yaeno_nadeshiko,55
hida_kizuna,55
trin_(tone_sphere),55
concord_(azur_lane),55
feru_(tonsuki),55
putty_(phantom_brave),55
matsuda_tsubaki,55
yorktown_(warship_girls_r),55
cikapasi,55
sangoku_taichi,55
nanami_sai,55
reno_(summer_spin-off)_(azur_lane),55
nehelenia_(sailor_moon),55
ishikawa_tooru,55
electra_(nadia),55
nemo_(nadia),55
gyari_(bird),55
takano_akira,55
ann_blyth,55
traptrix_genlisea,55
shadow_giant,55
doreking,55
yurikawa_saki,55
arigato_usagi,55
kai_harn,55
masked_royal,55
kuma-tan,55
aizen_sousuke_(hueco_mundo),55
mister_bushido,55
kisaki_mio,55
suzukawa_koume,55
migiwa_kazuha,55
ko-yuyuko_(shin'en),55
nakamachi_kana,55
komiya_nonoka,55
mononofu_(sekaiju),55
nether_angel_(housamo),55
asou_yuma,55
iyayo,55
cacao_(lamune),55
nishimura_chiharu,55
azuki_nagamitsu_(touken_ranbu),55
nanakorobi_nene,55
tilia_(ar_tonelico),55
giselle_collette_vingt,55
ramona_(the_prey),55
linmei_quan,55
mega_slowbro,55
es_(milgram),55
arizuki_shiina,55
abe_takaya,55
farina_(fire_emblem),55
ren_(fragile),55
akari_(summer_2026)_(pokemon),54
rawberry_preserves,54
ninomae_ina'nis_(ina_the_hero),54
caraway_(pokemon),54
iris_-another-_(mega_man),54
acerola_(summer_2024)_(pokemon),54
william_d._porter_(azur_lane),54
old_friend_(kirby),54
sayuri_(singer),54
midgardsormr_(final_fantasy),54
drifting_fox,54
knight_(final_fantasy),54
sparxie_(ethereal_dance)_(honkai:_star_rail),54
lev_lainur_flauros,54
sylus_(relentless_conqueror)_(love_and_deepspace),54
walpurgisnacht's_familiars,54
unryuu_akari,54
valor_(league),54
pandemonium_society_member_(blue_archive),54
paimon_(hot_springs)_(genshin_impact),54
kuai_liang,54
gwylan_(degrees_of_lewdity),54
fizz_(league),54
kurt_cramer,54
gragas_(league),54
musashi_(calendar_swimsuit)_(kancolle),54
twelve_(street_fighter),54
brunnya_(fire_emblem),54
kitsurubami,54
akiyama_haruno,54
flins_(genshin_fes_2026)_(genshin_impact),54
natori_midori,54
cocono_aqua,54
krithia_(roco_kingdom:_world),54
limealicious_(winter),54
iro_cloud,54
nowak_(chi.),54
powai_pichori,54
miyano_yoshikazu,54
beatrice_reden,54
alexa_(pokemon),54
oogaki_hinata,54
petit_dragon,54
pamiat_merkuria_(sweet_cherry_memories)_(azur_lane),54
saki_(throtem),54
furutaka_(valentine)_(kancolle),54
artur_(fire_emblem),54
nameless_priest_(blue_archive),54
wish_me_mell,54
saria_(casual)_(arknights),54
umikaze_(mitsukoshi)_(kancolle),54
dokamon,54
ootomo_sourin_(sengoku_otome),54
nora_(bangsom),54
kanzaki_(senran_kagura),54
comet_(comet-san),54
vivi_vache_(monmusu_td),54
penance_(ambience_synesthesia_2023)_(arknights),54
mister_bug_(miraculous_ladybug),54
mohn_(pokemon),54
shylily_(3rd_costume),54
arisakaaa_(crazy_raccoon),54
natsu_(precure),54
brain_control_(yu-gi-oh!),54
red_dragon_(dungeon_meshi),54
astosis_(live_a_hero),54
jollibee_(mascot),54
amamiya_mimori,54
hilde_(trickcal),54
synex_(path_to_nowhere),54
princess_ripple,54
mary_sera,54
homura_takeru,54
blu_scout_(tf2),54
ishtar_(echoing_thunder)_(fire_emblem),54
lumine_(mega_man),54
okita_souji_(real_life),54
knuckles_the_echidna_(treasure_hunter),54
koharu_(sao),54
pale_rider_(fate),54
irina_kush,54
aiba_uiha_(1st_costume),54
wiene_(danmachi),54
mega_chimecho,54
paimon_(magi),54
mind_controlled_exs-tia,54
krampus_(grizz),54
kurai_shinya,54
kasamatsu_yukio,54
nikol_(xenoblade),54
lex_(fire_emblem),54
maaa,54
gallows_carradine,54
reina_(1st_costume)_(nijisanji),54
simulation_juncea,54
amano_erika,54
lilac_(live_a_hero),54
ichigeki_danko,54
phoenix_ikki,54
tang_bo_(return_of_the_mount_hua_sect),54
luz_noceda_(titan),54
minashiro_tsubaki,54
gotland_(peach_festival)_(kancolle),54
charlotte_(ac8231),54
pang_(sdorica),54
spiny,54
rouge_the_bat_(riders),54
possi_(possummachine),54
triss_(wuthering_waves),54
senkou_no_flash,54
lerochka,54
kamigoori_marimo,54
midori_fufu_(vtuber),54
lubbock,54
golion_(mecha),54
red_amitie,54
eurasian_beaver_(kemono_friends),54
mu_(caligula),54
anno_akira,54
yamato_endo,54
kirishima_ikuya,54
frilled_lizard_(kemono_friends),54
herrscher_of_the_end,54
futami_shion,54
sakurai_tomo,54
yowa_netaro,54
yomi_quinnley,54
henya_the_genius_(school_uniform),54
seele_vollerei_(magic_girl_seele),54
mothman_(megami_tensei),54
saionji_mary_(7th_costume),54
mase_(hwangabi),54
tiki_(adult)_(bridal)_(fire_emblem),54
hiromine_yoko,54
moonabito_(moona_hoshinova),54
izumi_(new_year)_(blue_archive),54
natsukawa_masuzu,54
tanaka_atsuko,54
oshii_(suwafro),54
mashiro_kanon,54
winning_ticket_(casual)_(umamusume),54
pyke_(league),54
igarashi_sakuko,54
dupleix_(azur_lane),54
senketsu_(scarf),54
arise_kaguya,54
galarian_slowking,54
rammus_(league),54
tachibana_kanna,54
nanahikari_rami,54
ulith_(wixoss),54
gloomy_(leonzo),54
chiba_erika,54
tsubuzaki_anko,54
amahara_kuon,54
chkalov_(azur_lane),54
waitress_zundamon,54
honduran_white_bat_(kemono_friends),54
empress_(last_origin),54
whitecul,54
rukawa-chan_(namagome_negi),54
saegusa_akina_(4th_costume),54
melady_(fire_emblem),54
shadow_futaba,54
shiro_amada,54
kobayashi_aika,54
yuffie_kisaragi_(summer_orange),54
adaman_(special_costume)_(pokemon),54
vegapunk_atlas,54
laios_touden_(demon_king),54
anubis_(stand),54
koharu_(cocri),54
jesselton_williams_(arknights),54
dai_(far_tarooo),54
kamen_rider_live,54
machiyuki_ricka,54
lea_(crosscode),54
wakan_tanka_mugen,54
hibino_matsuri_(primagista),54
avalo_pizarro,54
haida_(aggretsuko),54
rigel_(z/x),54
rei_(crrn),54
kumari_kojika,54
kamen_rider_gavv_(poppingummy_form),54
amanogawa_ryuusei,54
doll_(murder_drones),54
kiana_kaslana_(radiant_blaze),54
heather_(total_drama),54
tachibana_(senran_kagura),54
shinozaki_ai_(corrector_yui),54
becca_(pokemon),54
sekiguchi_yuria,54
crick_(octopath_traveler),54
yi_(false_memory),54
otome_sakura,54
grant_(pokemon),54
undine_(neural_cloud),54
apocalypse_bird,54
cap'n_(deltarune),54
satomura_akane,54
hanku_(kanazawa_shinnosuke),54
vestia_zeta_(jirai_kei),54
makino_hiyori_(wakana_hanabi),54
nora_(you_niao),54
omaru_polka_(new_year),54
legioss,54
aomi_yuuki_(chacharan),54
genni_(yu-gi-oh!),54
shiromiya_mimi_(1st_costume),54
ankou_(shuuen_no_virche),54
hidaka_saori,54
uwasa_no_tsuruno,54
goto_hime,54
kiso_(saury_festival)_(kancolle),54
osawa_rurino_(swimsuit),54
ember_amane_(1st_costume),54
shouhou_(rainy_season)_(kancolle),54
viktor_(suikoden),54
makimachi_misao,54
veronica_(spring)_(fire_emblem),54
mega_steelix,54
ohara_rinne,54
tyranno_kenzan,54
frederica_(sennen_sensou_aigis),54
ogata_nenji,54
neichel_(kirby),54
blue-haired_boy_(how_to_draw_manga),54
hisami_nanami,54
yanagiya_kokoro,54
ultraman_cosmos,54
osanai_wakaba,54
wakunouchi_kai,54
billbine,54
sagami_yura,54
abel_(street_fighter),54
scarlet_spider,54
tinkerbat,54
karasuma_sakura,54
manana_(xenoblade),54
bulkhead,54
callie_(young)_(splatoon),54
yggdra_yuril_artwaltz,54
sara_(mahjong_soul),54
tuba-kun,54
end_bunny_(disney),54
blue_oak_(champion),54
prinz_eugen_(kindred_evening_spirits)_(azur_lane),54
kinomoto_sakura_(pink_star_angel_costume),54
lucia:_plume_(vermillion_bargain)_(pgr),54
camilla_(holiday_traveler)_(fire_emblem),54
sicily_(disgaea),54
kagerou_(ragnarok_online),54
jelly_hoshiumi_(1st_costume),54
akechi_mitsuhide_(fate),54
marceline_abadeer_(what_was_missing),54
camille_rhodes_(yan_kodiac),54
agucala_(cookie),54
mesugaki_(orenji),54
mogu_(miori_celesta),54
nekoyashiki_mayu_(cat)_(@est@),54
88_flak_(ash_arms),54
sol_(comodox),54
terriermon_joshu,54
hanashiro_yuuka,54
nelke_von_lestamm,54
isomer_(path_to_nowhere),54
tufted_puffin_(kemono_friends),54
count_of_monte_cristo_(gankutsuou),54
yi_feng_(the_legend_of_luoxiaohei),54
rosalyne_(unholymilk),54
37_(maidjump_goods_cafe)_(reverse:1999),54
cody_(dross),54
chigusa_hana,54
sister_(arakawa),54
koinoya_mai,54
oldrin_zevon,54
orie_mishiro,54
matenshi_(touhou),54
irena_(guweiz),54
taiki_shuttle_(casual)_(umamusume),54
valentina_(fellatrix),54
aarontsay,54
aleph_coulson,54
smajor1995,54
celestia_paladin,54
takamiya_mio_(spirit),54
sarah_(suikoden_iii),54
kg-6_sleipnir,54
futao_ping_(wuhua_mixin),54
azrael_(blazblue),54
nei_akutsu,54
trip_the_sungazer,54
mephistopheles_(eversoul),54
kac-pdw_(girls'_frontline),54
casablanca_(cheer_squad_on_break)_(azur_lane),54
akira_agarkar_yamada,54
namatame_chitaru,54
algomon,54
jitome-chan_(tawawa),54
nick_carlyle,54
beryl_(shinrabanshou),54
anabel_(the_amboina),54
yomi_(vesperbell),54
witch_(dmfd),54
desert_wolf_(ragnarok_online),54
ryisu_(deluxe<<<),54
bronya_zaychik_(seaside_vibes),54
klein_(fire_emblem),54
mash_kyrielight_(welcome_to_the_traveling_circus!),54
fotia_of_fireside,54
gaige,54
kuroneko_(trigun),54
miruro_(futagohime),54
eroneko-san,54
tachibana_chizuru_(grisaia),54
andrea_vaeyl,54
shiina_(koufuku_graffiti),54
monjiro_(sorobochi),54
aria_(vampeerz),54
mochiya_(cookie),54
sister_nana,54
elle_sweet,54
hatsune_miku_(star_voice),54
kazemachi_haruka,54
minami_toshimi,54
kanaya_azami,54
shiho_huit,54
hayase_fukami,54
perth_(bosstseng),54
sendou_emi,54
uchida_shuu,54
rinna_mayfield,54
chrono_(chrono_crusade),54
saane_(monster_musume),54
naze_youka,54
earthree_gundam,54
yoyami_rei,54
lyna_(ff14),54
tsukinami_kasumi,54
zahlhamelina,54
yadone_kanna,54
hawkeye_(granblue_fantasy),54
death_gun,54
kinoshita_ringo_(no-rin),54
fujita_saki,54
juju_coo_shnamur,54
hinata_himawari,54
yuurei-chan,54
yumeno_kanade,54
yume_urara,54
mint_(flower_knight_girl),54
derek_kingsfield,54
takeuchi_mariya,54
kaminari_ryuunosuke,54
philia_ell,54
graham_specter,54
wendy_garrett,54
asakura_(ishida_to_asakura),54
violet_(kelvin_hiu),54
tiki_(pangya),54
yui_(yomawari),54
eris_jerand,54
edea_kramer,54
chaos_nagagutsu_wo_haita_neko_(grimms_notes),54
61cm_quadruple_(oxygen)_torpedo_mount,54
hyuuga_makoto,54
tanned_girl_(kamisimo_90),54
alfred_(kounoike_tsuyoshi),54
matikanetannhauser_(boc'z)_(umamusume),54
fred_weasley,54
kanamori_reiko,54
asakura_mao,54
plushmallow_(lyn),54
chidejika,54
morimi_saki,54
sarah_adiemus,54
eleuseus,54
shiba_hibino,54
konoe_nanami,54
lee_(gyee),54
moetarou,54
eve_(wall-e),54
haiba_lev,54
ashigara_(aoki_hagane_no_arpeggio),54
tanya_(granblue_fantasy),54
adolfine_galland,54
kawashiro_nitori_(kappa),54
joy_(shenmue),54
hinata_mahiru,54
takarada_orie,54
chiitan,54
shinozaki_akina,54
norah_bright,54
shinjou_kanae_(teekyuu),54
irene_(claymore),54
call_f,54
kirigaya_hitsugi,54
emilia_hermit,54
admiral_graf_spee_(a_novel_anniversary)_(azur_lane),54
tosh_(arc_the_lad),54
nishijima_ren,54
togawa_mayuu,54
limalisha,54
tonzura,54
raising_heart_(accel_mode)_(2nd),54
sou_(shichigatsu),54
hanabishi_miki,54
haruka_nana,54
olaf_(league),53
lucian_(league),53
marina_(shining_nikki),53
kurokawa_sera,53
rayman,53
durandal_(casual)_(umamusume),53
shishikuno_mogari,53
jade_(mortal_kombat),53
gareth_(swimsuit_saber)_(second_ascension)_(fate),53
culotte_(la_pucelle),53
wurm_(princess_connect!),53
zatanna_zatara_(absolute_dc),53
tralalero_tralala,53
iroh,53
fujitora_(one_piece),53
morgan_(arknights),53
sanada_arata,53
yukkronii_(ouro_kronii),53
tanya_degurechaff_(manga_design),53
anti-aqua_(kingdom_hearts),53
6_(time_and_location)_(reverse:1999),53
he_tian,53
nightfall_(armored_core_vi),53
pallas_(heritage)_(arknights),53
tadasugawa_rei,53
arad_molders,53
neilnail_(xenoblade),53
wind_archer_cookie,53
furuhonya,53
saeki_kayako,53
flora_(fate),53
kamonohashi_(girls_und_panzer),53
royal_fortune_(eyes_on_the_prize)_(azur_lane),53
celine_(blissful_tea_party)_(fire_emblem),53
mirage_koas,53
calstone_light_o_(casual)_(umamusume),53
necrass_(as_clear_as_crystal)_(arknights),53
sedusa,53
steller's_sea_lion_(kemono_friends),53
mumbo_jumbo_(youtuber),53
mighty_morphin_pink_ranger,53
celica_(warrior_princess)_(fire_emblem),53
kabuterimon,53
son_goku_(saiyuki),53
johann_(project_moon),53
wrath_(fma),53
katou_danzou_(third_ascension)_(fate),53
logos_(radiant_serenity)_(arknights),53
sham-nacha_(shadowverse),53
lin_(heavenly_mirage)_(arknights),53
yakumo_beni_(3rd_costume),53
komachi_panko_(1st_costume),53
dola_(laputa),53
bellona_(epic_seven),53
pansy_parkinson,53
ichika_(bemani),53
takasaki_misaki_(yuruyuri),53
pafhelo_sorian,53
kaiser_pmc_director_(blue_archive),53
wheeljack,53
nishi_hiroto,53
shakomon,53
saionji_kazari,53
hot_rod_(transformers),53
alpha:_crimson_weave_(tsubaki)_(pgr),53
kate_bishop,53
ferio_(rayearth),53
ron_(ninjala),53
eins_(fate),53
sagitta_weinberg,53
titan_(deltarune),53
faelynn_(sunkissed_shimmer)_(girls'_frontline_2),53
mikuma_kai_ni_(kancolle),53
clorica_(rune_factory),53
fenomeno_(gold-triumph)_(umamusume),53
captain_nemo_(third_ascension)_(fate),53
kanda_(touhou),53
getter-2,53
getter-3,53
matilda_caskett_(mega_man),53
touya_kazuma,53
min_suha,53
cartier_(kasugai_(de-tteiu)),53
muchao_(yuuki_sakuna),53
opal_(steven_universe),53
jun_(project_moon),53
priest_seto,53
nekoyashiki_miku_(1st_costume),53
dukemon_crimson_mode,53
eremite_scorching_loremaster_(genshin_impact),53
hikaru_(angelic_layer),53
ikutsuki_shuuji,53
narcistoru,53
gelgoog_(gquuuuuux),53
kuroiwa_mitsuru,53
syrene_(fire_emblem),53
tokoyami_towa_(7th_costume),53
lass_(pokemon_xy),53
wondernyan_(kingdom_hearts),53
kawazoe_misuzu,53
patricia_dorval,53
shikaru_neko_(character),53
rindou_mikoto_(6th_costume),53
fine_(universal_princess)_(futagohime),53
sasaki_chie's_mother,53
mike_ehrmantraut,53
hibino_waku,53
kagamihara_azumi,53
soren_(isolated_strategist)_(fire_emblem),53
castform_(snowy),53
owlbear,53
lima_(princess_connect!),53
risa_(pokemon),53
tzeentch,53
sunny_splosion,53
li_sushang_(auspicious_dazzle),53
tami_(girls_und_panzer),53
imasaka_yue,53
kamoi_tsubame,53
kon_rei,53
kisugi_hitomi,53
alessa_gillespie,53
chuunosuke_(ace_attorney),53
suzuhara_lulu_(5th_costume),53
haruna_(2023_swimsuit)_(kancolle),53
teslajellymon,53
tia_(princess_connect!),53
hikari_(ama_mitsuki),53
sandy_(dq9),53
player_character_(street_fighter_6),53
mai_(black_survival),53
lorelei_lore,53
mikoto_sengiku_(crymachina),53
the_judge_(ace_attorney),53
the_white-haired_girl_(fata_morgana_no_yakata),53
mae_(himukai_yuuji),53
mikeneko_(2nd_costume)_(vtuber),53
doctor_(last_origin),53
mizu_fei,53
portgas_d._anne,53
sessyoin_kiara_(swimsuit_mooncancer)_(third_ascension),53
mizushiro_kanon,53
higgs_(death_stranding),53
kristoff_(frozen),53
hassan_of_the_shining_star_(fate),53
lava_the_purgatory_(dusk_wisteria)_(arknights),53
erica_(soccer_spirits),53
raphael_kirsten_(timeskip),53
tarou_(shironeko_project),53
marika_(marie_&_gali),53
anya_melfissa_(steampunk),53
ortlinde_(swimsuit_assassin)_(fate),53
eutrope_(ff14),53
asuka_ruu,53
tokino_sora_(hololive_summer_2019),53
reika_(time_gal),53
hunter_(rain_world),53
gyuuki_(yuyuyu),53
pochimaru_(4th_costume)_(vtuber),53
yokaze_yui,53
rurikawa_tsubaki,53
loogamon,53
ina_(sengoku_musou),53
nero_claudius_(bath_robe)_(fate),53
asuka_mirai_(aikatsu_friends!),53
yuuna_(love_angel_syndrome),53
christmas_elf,53
aurora_(last_origin),53
hiiragi_akira_(valkyrie_drive_-mermaid-),53
murasaki_shikibu_(second_ascension)_(fate),53
male_robin_(festive_tactician)_(fire_emblem),53
satomi_rentarou,53
yuzuki_(wixoss),53
yukina_(kabaneri),53
narimasu_mizuho,53
molayne_(pokemon),53
orfevre_(racehorse),53
yukihana_lamy_(5th_costume),53
shirasu_(iriam),53
stardust_cookie,53
ldshadowlady,53
siege_(city_destroyer)_(arknights),53
shirako_(vtuber),53
onee-san_(pen_nee_(pensis)),53
otomune_kozue_(summer_training_wear),53
yoo_so-yoon_(killing_magician),53
chloe_(winter)_(princess_connect!),53
fuxi_(housamo),53
ymir_(fire_emblem_heroes),53
parallel_canon,53
edelgard_von_hresvelg_(snowfall_future),53
maria_(saidaioujou),53
crimson_feather_(infinity_nikki),53
jiuyue_(feiren_zai),53
cowboy_hat_mike,53
tsaritsa's_son_(genshin_impact),53
paco_laburantes,53
sandy_bash,53
miyamoto_iori_(phantasmal_dress)_(fate),53
alex_(arknights),53
ebino_mei,53
ryuuhou_(azur_lane),53
maestrale_(azur_lane),53
gouto_renya,53
elemental_master_(ragnarok_online),53
ameno_sagiri_(persona),53
sugar_riot,53
singing_machine,53
celsius_(tales),53
amulet_dia,53
mizushino_sono,53
blu_engineer_(tf2),53
vena_(sait0moriyama),53
hatsune_miku_(yellow),53
sopdet_(p&d),53
hanakoganei_hibari,53
vee_(neural_cloud),53
kainen,53
kaa_(jungle_book),53
empel_vollmer,53
miyamoto_musashi_(vagabond),53
mr._bright,53
sleipnir_(last_origin),53
heidi_(alps_no_shoujo_heidi),53
mighty_morphin_green_ranger,53
clarice_lapis,53
rokujou_miyuki,53
lakshmibai_(second_ascension)_(fate),53
sami_(advance_wars),53
chaos_(dungeon_and_fighter),53
sakura_chiyono_o_(sakura_hearts_are_super_good_hearts)_(umamusume),53
ose_(housamo),53
himemiya_karen,53
skyla_(holiday_2020)_(pokemon),53
grandmother_(little_red_riding_hood),53
leonardo_da_vinci_(sister)_(fate),53
nina_(yumoran),53
ia_(rocks)_(vocaloid),53
male_builder_(dqb),53
yumiya_rakko,53
kiana_kaslana_(frostmoon_bunny),53
a'gen_(the_legend_of_luoxiaohei),53
yu_(beatspell),53
jenma-chan,53
cure_magical_(sapphire_style),53
charlotte_lily_hughjack,53
selen_tatsuki_(casual),53
licker_(resident_evil),53
daphne_(last_origin),53
russia_(nanimonothing),53
prince_of_wales_(the_laureate's_victory_lap)_(azur_lane),53
yuugure_(azur_lane),53
circe_(last_origin),53
takasago_tomoe,53
rin_(e_chie_chi),53
touri_sei_(1st_costume),53
shinonome_kokona,53
mad_moxxi,53
onee-chan_(akiyama_cz4a),53
kamen_rider_zero-two,53
tb_(type-s)_(azur_lane),53
hk416_(fang)_(girls'_frontline),53
linse_shileska,53
takigawa_hikoemon_hina_kazumasu,53
shaw_(girls'_frontline),53
caeda_(summer)_(fire_emblem),53
han_joon-gi,53
tama_(mahoiku),53
cheryl_christia,53
beach_boy_(stand),53
supergirl_(dcau),53
dreya_(path_to_nowhere),53
addam_origo,53
murch_(splatoon),53
taniguchi_harumi,53
victor_(tales),53
arashiyama_jun,53
mr._stitch,53
silver_(genshin_impact),53
nanba_hibito,53
purrely,53
reina_(fire_emblem),53
amiya_aranha_(1st_costume),53
kannagiri_nagamitsu_(tenka_hyakken),53
grandis_granva,53
mylene_rafa_holfort,53
george_weasley,53
tsutsukakushi_seika,53
ryuuga_sayo,53
gokotai_yoshimitsu,53
march_7th_(kfc)_(honkai:_star_rail),53
kagamin_boo,53
cadie_(pangya),53
snaree_(taratabong),53
sieglinde_eremiah,53
lan_xichen,53
nekone_uyu,53
red_arremer,53
dirk_strider,53
stuffed_bunny_(project_sekai),53
enterprise_(starlight_oath)_(azur_lane),53
enyo_(granblue_fantasy),53
ringo_(soul_hackers_2),53
midori_ryo,53
inuwaka_nazuna,53
mukago_(kimetsu_no_yaiba),53
protagonist_(final_sword),53
ferry_(grand)_(granblue_fantasy),53
henao_jazz,53
andira_(flower_frolic)_(granblue_fantasy),53
elnowar_seylan,53
olivia_(summer)_(granblue_fantasy),53
yotsuba_satsuki,53
cyrene_(demiurge)_(keeping_promise)_(honkai:_star_rail),53
namakeruda,53
artemi_lunavorsa,53
trento_(summer's_hotness?)_(azur_lane),53
skull_heart,53
niwa_nagahide_(oda_nobuna_no_yabou),53
melda_deitz,53
bandou_marimo,53
christoph_aurel_arland,53
lily_(bosstseng),53
ichika_(vampeerz),53
star_breaker_(orange_juice),53
asamiya_mariko_(holeecrab),53
itsumi_erika's_gunner,53
rita_(rune_(dualhart)),53
kong_(gyee),53
rextia,53
shirokuma_(danganronpa),53
conis_(one_piece),53
chrom_(spring_exalt)_(fire_emblem),53
dia_(hxxg),53
mu_xiaokui_(phantom_blade),53
beau_(luxu),53
narita_top_road_(manpuku_ryutouden:_top)_(umamusume),53
fujimiya_an,53
hanakoizumi_an,53
uchida_mayumi,53
carmilla_(modern_mogal),53
m82a1_(girls'_frontline),53
leon_luis,53
zeus_(fate),53
eleanor_(maou-sama_to_kekkonshitai),53
ruan_miemie,53
yonab_(yonab),53
hewie,53
gurren,53
gm_iii,53
ksenia_(girls'_frontline_2),53
banba_shin'ya,53
kohaku_nene,53
moe_(bosshi),53
dew_(fire_emblem),53
uss_lexington_(cv-16)_(y.ssanoha),53
ryofu_(koihime_musou),53
gamagoori_ira_(scourge_regalia),53
porno_dianno,53
neneko_(rariatto),53
tsuji_airi,53
bronya_zaychik_(drive_kometa),53
oohara_kotone,53
sode_no_shirayuki,53
machi_youko,53
burton_(ninjala),53
yukishiro_reika,53
cinder_(norasuko),53
quelaag's_sister,53
mutsuba_asana,53
sorbet_(hotel01),53
deadly_chaser_(elsword),53
albert_maverick,53
harpie_dancer,53
anya_the_rabbit,53
serizawa_madoka,53
hype_beast_crypto,53
picologil,53
nakajima_nishiki,53
rudeus_(haevest),53
cheria_barnes_(little_imp),53
chapayev_(white_cavalier's_respite)_(azur_lane),53
leonid_(shining_nikki),53
yae_kaori,53
shiba_natsuki,53
lilco,53
tomo_(juukyuu),53
old_coco,53
loic_valentz,53
tsurugi_yuuichi,53
cammy_white_(sf4_alternate),53
shirakawa_yuuko,53
vegeta_(xeno),53
ouma_mana,53
tamano_hinagiku,53
enta_(nia),53
shinatose_izana,53
helena_k_sink,53
nanasaki_nicole,53
amatsuka_rikka,53
liliana_masquerade,53
saionji_mikoto,53
mase_yuuko,53
lee_ji-min,53
zenith_(peach88),53
burning_arisa,53
emina_(emina&aki),53
keikain_yura,53
osanai_shouko,53
layla_(sound_horizon),53
akizuki_nagi,53
dijeh,53
kuroe_ayaka,53
kurenai_(red_ninja),53
goldbullet_(1st_costume),53
chachazero,53
uematsu_koboshi,53
kaburagi_sui,53
jay_(tales),53
ma_chao_(shin_sangoku_musou),53
dorothy_catalonia,53
natsumezaka_shiki,53
thoma_avenir,53
onimaru_miki,53
suzuka_gozen_(second_ascension)_(fate),53
tiger_mask_(character),53
rei-chan_(konachiu),53
frederika_(hitsugi_no_chaika),53
sukimi,53
saniwa_(katsugeki/touken_ranbu),53
luz_noceda_(timeskip),53
nanami_mizuki,53
toto_(lom),53
witchcrafter_genni,53
lirin_(bae.c),53
hidaka_koharu,53
takamiya_honoka,53
shiki_seishirou_(eroe),53
tojo_kaname,53
alyn_(fairy_fencer_f),53
kaga_(battleship)_(kancolle),53
eva_03,53
aizawa_ema_(vspo!_summer_2024),53
movie_thief,52
oersted_(live_a_live),52
nocturne_(league),52
pyro_pup_(sinder_(vtuber)),52
phainon_(alternate_spacetime)_(honkai:_star_rail),52
virus_(dramatical_murder),52
lisette_(stella_glow),52
poko_rakun_(1st_costume),52
cho'gath_(league),52
sylus_(silverwing_fiend)_(love_and_deepspace),52
kabakura_tarou,52
rin_(casual)_(blue_archive),52
tatsuno_saori,52
berry_(shoujo_no_nozomanu_eiyuutan),52
dottore_(exalted_master_of_the_heretical_path)_(genshin_impact),52
doorman_(deadlock),52
elizabeth_rose_bloodflame_(new_year),52
mr._roar_(zenless_zone_zero),52
bloodbath_(project_moon),52
shirakami_fubuki_(fox),52
billy_butcher,52
kuze_shiina,52
welrod_(girls'_frontline_2),52
minus_(reverseblue),52
hazuki_shino_(chaos;head),52
loli_(to_be_hero_x),52
hayami_mari,52
lapis_tenebrae,52
clove_(valorant),52
professor_tangrowth,52
moudoku_denpa_shoujo_purple_lollipop,52
conte_di_cavour_(swimsuit)_(kancolle),52
sanya_(2nd_costume)_(nijisanji),52
kamen_rider_evol_(black_hole_form),52
floral_rebirth_(infinity_nikki),52
phantylia,52
symphony_kaito_(2018-2019),52
heith_velvet,52
sakurada_maon,52
azuchi_momo_(1st_costume),52
kou_reirin,52
kannagi_tenri,52
balthilde_(girls'_frontline_2),52
nonohara_akane's_mother,52
dooby_(halloween),52
mejiro_bright_(casual)_(umamusume),52
kagamine_len_(punkish),52
kisaragi_chihaya_(lapis_lazuli_diva),52
howard_link,52
hestia_happiness,52
iris_(swimsuit)_(stella_sora),52
komori_met_(6th_costume),52
ramia_(the_boy_who_fell),52
lucy_greyrat,52
zwei_(fate),52
kaga_nazuna_(8th_costume),52
kamoshida_suguru,52
hilda_(sygna_suit)_(pokemon),52
f.a.n.g,52
blast_onepiece_(racing)_(umamusume),52
sounds_of_earth_(ritmo_della_terra)_(umamusume),52
henna_(hentaiukr),52
arianrhod_(eiyuu_densetsu),52
the_judge_(off),52
soutarou_touno,52
dream_journey_(racehorse),52
hai_chou_(azur_lane),52
indra_(celebratory_attire)_(fate),52
shizu_(kino_no_tabi),52
mash_kyrielight_(fgo_fes._2025),52
settsuno_kirimaru,52
skarner_(league),52
kyouji_takahara,52
yumi_(tsukiman),52
geki_(sunaba_(nczd5875)),52
dancouga,52
daiya_fortuna,52
scathach_(formal_dress)_(fate),52
nishi_touko,52
haishan_nick,52
takanashi_kiara_(drawn_to_dawn),52
albert_brudzewski_(chi.),52
tsukino_mito_(maid),52
mayu_(mizunashi_kenichi),52
lily_(ogami_kazuki),52
krista_(starward),52
leah_(stardew_valley),52
mitama_kyrie,52
giygas,52
collared_peccary_(kemono_friends),52
oozora_hibari,52
tenochtitlan_(third_ascension)_(fate),52
crossbone_gundam_x-1_full_cloth,52
han_megumi,52
tauro_(totk),52
puff-shroom_(plants_vs._zombies),52
misumi_daisuke,52
diana_prince,52
tig_(trickcal),52
serpico_(berserk),52
ash_carbide,52
capt._locke_(xxl),52
chiara_(black_survival),52
barghest_(dream_portrait)_(fate),52
balsa_(seirei_no_moribito),52
toshu_(live_a_hero),52
mizusawa_ayumi,52
dorothy_(nostalgia)_(nikke),52
pokey_(hololive),52
laura_elfinrine,52
shiraishi_kageyuki,52
princess_kakyuu,52
elena_(sf6_outfit_4)_(street_fighter),52
nanase_yuzuki,52
josee_(joseetora),52
fenomeno_(casual)_(umamusume),52
sephiroth_(shinra_formal_uniform),52
shax_(megido72),52
cure_lovely_(lollipop_hip_hop),52
romulus-quirinus_(third_ascension)_(fate),52
klaus_(world_flipper),52
cleo_(suikoden),52
alisa:_echo_(pgr),52
lass_(pokemon_bw),52
rosetta,52
future_devil_(chainsaw_man),52
tonraq,52
transvaal_lion_(kemono_friends),52
ayatsumugi_roka_(roka's_birthday),52
alcremie_(caramel_swirl),52
hanakai_momo,52
chieru_(winter)_(princess_connect!),52
gilgamesh_(final_fantasy),52
takehisa_nakaba,52
kurt_(fire_emblem),52
iyojima_anzu,52
eastern_wolf_(kemono_friends),52
ichika_maia,52
ivy_(deadlock),52
narrative_gundam,52
master_xehanort,52
durga_(housamo),52
zack_fair_(holiday_suit),52
jack_(beastars),52
winning_ticket_(dream_deliverer)_(umamusume),52
maki_wakana,52
yakuin_jirou,52
rakshata_chawla,52
kuonji_kazuha_(harugura),52
sorano_minamo,52
red_yoshi,52
napoli_(dreamy_night)_(azur_lane),52
usada_pekora_(punk_angel),52
kondraki,52
kurohoro_(senran_kagura),52
mizuki_yui_(gemba_(dlfms75)),52
liatris_(brown_dust),52
arukanu,52
lucky_roux,52
miyuki_(nyaa),52
seorang_(vtuber),52
marie_antoinette_(formal_dress)_(fate),52
biscione_(second_ascension)_(fate),52
veyle_(spring)_(fire_emblem),52
teostra,52
karyl_(princess)_(princess_connect!),52
nagino_mashiro_(1st_costume),52
zarc,52
kamen_rider_ooo_(putotyra_combo),52
jacopo_bearzatti,52
endogeny,52
kurobane_eve_(satou_(3366_s)),52
hei_meiling,52
punishment_(helltaker),52
kara-age_kun,52
francis_drake_(stormy_seas_outfit)_(fate),52
unicron,52
anya_cocolova,52
tam_tambourine,52
jalapeno_(milramemo),52
hildr_(swimsuit_assassin)_(fate),52
fudou_devi,52
iwase_kyouko,52
akiyama_minato_(pepper0),52
yuria_the_witch,52
amamiya_gorou,52
yumesaki_emiko,52
ridley_timberlake,52
nightmare's_power_orb_(kirby),52
sugishita_kyoutarou,52
perry_(dqb2),52
pero_(dqb2),52
susabi_(onmyoji),52
sendouin_kaede,52
gyuu_maou,52
biker_daisy,52
li_xiangfei,52
skeleton_(at2.),52
ashina_isshin,52
kinder_surprised_michael_jr.,52
dai_(dragon_quest),52
hawawa-chan's_friend_(sirokuma_shake),52
akatsuki_nagisa,52
frederica_aesfrost,52
suou_patra_(9th_costume),52
pictish_witch_(anonhistory),52
nina_lazydaisy,52
fujisaki_yuusuke,52
kaiko-chan_(planhaplalan),52
ichinose_yurippe,52
lamia_(npc)_(pgr),52
alyce_(dohna_dohna),52
atlanta_(mitsukoshi)_(kancolle),52
yugiri_tsuzuri_(winter_loungewear),52
remy_(degrees_of_lewdity),52
kokona_(strinova),52
kraft_(sousou_no_frieren),52
wraith_(stella_sora),52
reisen_udongein_inaba_(bunny),52
mariko_ayaka,52
whydah_(azur_lane),52
shirayuri_sakuya,52
lei_kuugo,52
orion_pax_(transformers_one),52
suzuki_mirei,52
akashi_kai_(kancolle),52
furutaka_(summer)_(kancolle),52
rirumu_(mirumo_de_pon!),52
traptrix_nepenthes,52
kamen_rider_genm_(zombie_gamer_level_x),52
john_(shadows_house),52
resia_(emonmong),52
weiss_schnee_(atlas),52
izumo_kasumi_(1st_costume)_(nijisanji),52
kotohara_hotaru,52
honey_lemon,52
nineball,52
hisui_hearts,52
mr._fox_(path_to_nowhere),52
cereza,52
strawberry_cookie,52
hirai_kokoro,52
deunan_knute,52
roxy_(final_fight),52
tsukimori_kousuke,52
slow_denning,52
yamada_suzume,52
seele_vollerei_(stygian_seafoam),52
koumoto_madoka,52
arshes_nei,52
kodai_yui,52
zoey_(shining_nikki),52
jun'iku_(koihime_musou),52
masamune_(phantom_of_the_kill),52
hozumi_shizuku,52
psychic_(7th_dragon),52
alice_third_macy,52
tokiwa_kurumi,52
colette_(kono_bijutsubu_niwa_mondai_ga_aru!),52
single_braid_sister_(ironlily),52
minowa_hikari,52
aslaug_(fate),52
yf-21,52
yashiro_(kyokugen_dasshutsu),52
angelica_(gunslinger_girl),52
lu_bu_(shin_sangoku_musou),52
daijin_(suzume),52
suou_patra_(10th_costume),52
kujou_rin,52
kannagi_yuuri,52
snowrabby,52
inko_(toradora),52
biwa_hayahide_(casual)_(umamusume),52
date_wingfield_reiko,52
kachou_fuugetsu_(onmyoji),52
younger_sister_(elona),52
gerie_(stella_sora),52
bellerophon_(fate),52
dominia_yizkor,52
marie_ange,52
herja,52
haruno_shion,52
ozymandias_(first_ascension)_(fate),52
usami_masamune,52
mabel_west,52
death_(granblue_fantasy),52
murana_(muramasa_mikado),52
tilia_(stella_sora),52
daniel_page,52
rivet_(ratchet_&_clank),52
satomi_naoko,52
ikki_the_vikki,52
firewatch_(wilted_cypress)_(arknights),52
yami_makina,52
kalawarner,52
typhon_(re:zero),52
mithrun's_brother,52
bikini_(dragon_ball),52
jin-lian_(tony_taka),52
ozawa_yumi,52
ronan_lynch,52
haru_(len'en),52
coni_confetti,52
mullany_(azur_lane),52
princess_peach_(sunshine),52
hisuian_qwilfish,52
osx,52
clawroline,52
loni_dunamis,52
sion_flina,52
qin_liangyu_(chainsaw_of_the_dead)_(fate),52
reis_duelar,52
kurumizawa_ririka,52
mizuno_souma,52
choi_yuhee_(xxl),52
cierra_(riviera),52
parvati_(third_ascension)_(fate),52
full_armor_unicorn_gundam,52
kintaros,52
cain_(granblue_fantasy),52
meister_(ragnarok_online),52
annette_(spy_kyoushitsu),52
brass_(medarot),52
angelica_ainsworth,52
jeong_surim,52
baobhan_sith_(valentine_witches)_(fate),52
leopardon,52
enkidu_(sensha_otoko)_(fate),52
farah_(legend_of_queen_opala),52
censored_(project_moon),52
dita_liebely,52
sword_master_(dungeon_and_fighter),52
ryuuguu_otohime,52
elen_(fire_emblem),52
erina_der_vogelweid,52
inu_(cookie),52
flayn_(halloween)_(fire_emblem),52
amatsuka_poi,52
amano_otoha,52
izumo_akatsuki,52
futaba_otohiro,52
mini_crewmate_(among_us),52
yomoyama_kochou_(amane),52
yamaha_azumi_(amane),52
mio_(dororo),52
nekouhai_(rangu),52
onoda_sakamichi,52
amasawa_ikumi,52
hana_macchia_(1st_costume),52
midori-chan_(myslot),52
puppy_(bbybluemochi),52
nishizono_chigusa_(2nd_costume),52
nanase_ren,52
pps-43_(girls'_frontline),52
inmu-kun,52
miranjo,52
humpty_dumpty,52
takao_(the_lessons_of_spring)_(azur_lane),52
tiffany_lilith_stella,52
baund_doc,52
farja,52
kotaro_(tokoyami_towa),52
maou-chan_(ekrea_jan),52
sendou_airi,52
kageyama_ranmaru,52
momose_akari,52
blaze_(hoodie)_(arknights),52
kiritani_riria,52
serara_(log_horizon),52
elicia_(luminous_arc_2),52
ntw-20_(op._blazing_sun)_(girls'_frontline),52
sakura_bakushin_o_(casual)_(umamusume),52
tokugawa_soyo,52
james_potter,52
oh_jiyu,52
asou_natsumi,52
idoll_sun_(nikke),52
dark_elementalist_lux,52
gareth_(second_ascension)_(fate),52
guraa,52
risukuma_(puyopuyo),52
koenma,52
pilaf,52
jgsdf_type_07_tank_nacchin,52
tokinomiya_kamui,52
mime_(fft),52
take-mikazuchi_(persona_4),52
tsuruma_konoe,52
francie_gerard,52
fujino_kiyoshi,52
gunnthra_(summer)_(fire_emblem),52
diana_(kaminomi),52
isamu_dyson,52
calum_(existence),52
mobile_doll_may,52
kagura_(oneechanbara),52
master_(aenaluck),52
glan_(159cm),52
dioreta_(asicah),52
yun_soo-jung_(mangmoongming),52
asta_(asicah),52
robbie_(identity_v),52
r-9a_arrowhead,52
hayahoshi_akuru,52
yuri_(dirty_pair_flash),52
nonoa_(2.5_jigen_no_ririsa),52
egg_pawn,52
waitress_(pokemon),52
scleriteaeaeaggadah,52
kujura_(sekaiju),52
teiiku_(koihime_musou),52
san_jacinto_(azur_lane),52
renkin_arthur,52
uraha_(air),52
red_(konkichi),52
sasorihime_(cookie),52
ogata_matake,52
uutiger,52
kachou_(ojimashu),52
conqueror_of_the_eternals,52
karin_(yashiro_sousaku),52
aletta,52
karioi_yuu,52
kirihara_tatsugoro_torayasu,52
kelvena_(xenogears),52
elf_cleric_(kirishima_satoshi),52
kaji_ryouko,52
furutachi_ren,52
crab-eating_raccoon_(kemono_friends),52
hato_(kosobin),52
noir_vinocacao,52
fumizuki_(arknights),52
hitotsubashi_ayato,52
uda_megumi,52
kureha_misaki,52
alex_benedetto,52
kevkild,52
samurai_(fft),52
blind_prince,52
diol_twee,52
cairn_(zenless_zone_zero),52
sigurd_(first_ascension)_(fate),52
tachibana_mizuki,52
mina_(shingeki_no_bahamut),52
wiggler,52
clea_(expedition_33),52
venus_(p&d),52
milk_(tonpuu),52
virginia_kissless,52
boris_airay,52
hydrasia_(natsukaze_shigure),52
tifa_lockhart_(bunny_bustier),51
li_mo_sumi,51
ceelio_(vtuber),51
alma_(aem01),51
english_miku,51
juju_(over_zenith),51
vicksburg_(azur_lane),51
tsurumaki_mizuka,51
miko_(dandadan),51
muko_(dandadan),51
tolui_(tenmaku_no_jaadugar),51
zodiac_3_(sekaiju),51
emily_(class_of_09),51
yuuka_(c108_swimsuit)_(blue_archive),51
furen_e_lustario_(houkago_stride),51
rakko_(chiikawa),51
nahida_(nord_express)_(genshin_impact),51
inugami_kotarou,51
kitakoji_hisui_(1st_costume),51
roi_(king's_raid),51
ellenis,51
yazuki_(vtuber),51
hackmon_(appmon),51
brown-haired_cat_girl_(kevbot),51
kuu_(haibane_renmei),51
campaigner_(16personalities),51
ishikawa_anna_(gwan-e),51
krasny_kavkaz_(azur_lane),51
celestia_quartz,51
maeda_kaori,51
northampton_kai_(kancolle),51
elizabeth_afton,51
chimaera_(dragon_quest),51
flag_custom,51
biscione_(third_ascension)_(fate),51
kuon_mashu,51
chameleon_(path_to_nowhere),51
maraich_juschenfe,51
mudrock_(rubble)_(arknights),51
aragorn,51
quon_tama,51
whislash_(glory_purple)_(arknights),51
choko_(chokotto_sister),51
karasuba_(prima_doll),51
fujisaki_hikari_(person),51
selena_corey,51
f-22_raptor_(personification),51
nobell,51
hen_squad_(henya_the_genius),51
short-haired_girl_(osomatsu-san),51
octavia_melody,51
ameliance_leveilleur,51
amamiya_maki,51
tachibana_gin_(kyoukaisenjou_no_horizon),51
maimoto_keisuke_(1st_costume),51
k6-x4,51
abigail_(tropical_dimension)_(black_survival),51
adam_warlock,51
taira_shuuji,51
big_and_will_be_bad_wolf,51
palette_(brown_dust),51
sawa_(kite),51
exs-tia_(exs-tia_m),51
lyn_(lady_of_the_wind)_(fire_emblem),51
ado_(kirby),51
aerith_gainsborough_(garb_of_the_possessed),51
rim_(trickcal),51
joe_biden,51
inugami_korone_(viking),51
raon_miru,51
coronis_(springseek)_(stella_sora),51
roma_(azur_lane),51
vautour_(kancolle),51
floren_(xenoblade),51
lancelot_(sonic),51
chou-10cm-hou-chan_(fuyutsuki's),51
estania,51
prika_(cool_paprika)_(nikke),51
takanashi_iori_(ichiyou_moka),51
riruru_(doraemon),51
baobhan_sith_(dream_portrait)_(fate),51
ryuuzouji_akane,51
umise_aoba_(ulrich),51
diamant_(ember_outfit)_(fire_emblem),51
meisho_doto_(racehorse),51
ryoku_(kemurikusa),51
exusiai_(midnight_delivery)_(arknights),51
string_gummy_cookie,51
croissant_cookie_(director_of_the_tbd),51
dark_choco_cookie,51
aeval_(genshin_impact),51
choppy_(precure),51
brewster_(animal_crossing),51
chiyo_(senran_kagura),51
amiya_(ambience_synesthesia_2021)_(arknights),51
farmer_4_(sekaiju),51
avalastia,51
saigou_r_irori,51
perfumer_(species_plantarum)_(arknights),51
tan_youyou_(infinity_nikki),51
li_xiahua_(prisoners_book),51
mitama_nanai,51
paparissa,51
sephiroth_(natant_jacket),51
sugasano_allen,51
bettelion_(gavis_bettel),51
anna_liebert,51
odette_(swan_lake),51
camil_(aotu_world),51
felt_(spindlesong),51
hokori_kei,51
takanashi_yaya,51
papasha_(girls'_frontline_2),51
mashiro_yu,51
janne_d'arc,51
seikret_(monster_hunter),51
linus_(fire_emblem),51
penance_(scribing)_(arknights),51
yai_ayanokoji_(mega_man),51
harpie_lady_(normal_monster),51
c.j._(animal_crossing),51
shem-ha,51
sugou_asuka,51
ballista_2_(sekaiju),51
faeryn_(comodox),51
conte_di_cavour_(miko)_(kancolle),51
bea_(palentine's_2022)_(pokemon),51
cattleya_(kukkorodays),51
crowned_by_the_world_chalice,51
shindou_makina,51
iron_(path_to_nowhere),51
nishikawa_takanori,51
ardor_blossom_moth,51
kounosuke_kuri,51
tsukino_mito_(tsuki_no_usagi_ha_virtual_no_yume_wo_miru),51
gregory_house,51
kougei_ciel_nana,51
saigou_kurena,51
gero_hikaru,51
shadow_man_(mega_man),51
kamen_rider_kick_hopper,51
hinamizawa_kurumi,51
mary_(soul_hackers),51
taniyama_sayaka,51
marsha_thompson,51
hoshi_nana,51
kishinami_hakuno_(female)_(another_ending),51
diggers_(reverse:1999),51
shiroi_shizuku,51
enkidu_(talk_of_the_hot_sands)_(fate),51
cleaning_maid_(touhou),51
jersey_(azur_lane),51
zock,51
dove_(fate),51
vivian_grimelka_(siverstorm),51
kurose_yuutarou,51
myu_(quiz_magic_academy),51
werbellia,51
elphane_(genshin_impact),51
dende_(dragon_ball),51
zhou_zekai,51
vienna_(1st_costume)_(vtuber),51
aino_meshia,51
bronya_zaychik_(blue_reunion),51
pikupiku,51
nagatsuki_(azur_lane),51
atsushi_kenzaki,51
hoshikawa_koharu,51
natsuiro_matsuri_(re:start),51
marianne_von_edmund_(serene_adherent),51
doomer_(kirby),51
domestic_rabbit_(kemono_friends),51
choi_jinseon_(spoiledmuffin),51
snow_leopard_(kemono_friends),51
kyokutei_bakin_(second_ascension)_(fate),51
kisaki_souhei,51
kisaki_kanann,51
alice_(sweet_home)_(nikke),51
ueda_imari,51
lulusa_(darkraart),51
beatrix_(summer)_(granblue_fantasy),51
siris_(snowbreak),51
hibiki_du_ca,51
anyoji_hime_(summer_training_wear),51
amelia_(trickcal),51
junior_(hokuro_ryuuseigun),51
sally_brown,51
jason_duval,51
peppermint_patty,51
yuanwu_(wuthering_waves),51
tachibana_theresia_nagisa,51
victory_(dog),51
sagittarius_aioros,51
setsuna_(nijisanji),51
hana_(yuta),51
akuma_(tententengokujigokugoku),51
mecklenburg_(branding_witchcraft)_(azur_lane),51
masa_(si_land),51
cattiva,51
spence_(azur_lane),51
tsutsuji_(etra-chan_wa_mita!),51
tenjou_kaito,51
tezcatlipoca_(young)_(fate),51
rosa_(jesus_aponza),51
evalia_(algorhythm_project),51
amatsukaze_(hinamatsuri)_(kancolle),51
dimentio,51
knight_captain_julius,51
sonya_(mon-musu_quest!),51
jessika_(splatoon),51
spock,51
cammy_white_(super_alternate),51
tabinoki_kanae,51
saber_kitty_(disgaea),51
ootsutsuki_toneri,51
presia_zenoskis,51
akazukin_(otogi-juushi_akazukin),51
hirokazu_arai_(chainsaw_man),51
sebastians_(madoka_magica),51
yagami_takayuki,51
sanchoumou,51
lucia_(ogino_atsuki),51
inazuma_(yukata)_(kancolle),51
shimoochiai_touka,51
tony_(mother_2),51
yuuki_miaka,51
haitai_(haitai_umita),51
reed_(emerald_holiday)_(arknights),51
yuezheng_ling_(vocaloid3),51
akira_ray,51
hamazaki_risa,51
yata_(pgr),51
lobelia_(granblue_fantasy),51
gigantamax_machamp,51
nereid_(last_origin),51
isoroku_(haifuri),51
brigid_(pirate)_(fire_emblem),51
kimi_(miracle_nikki),51
katori_(pso2),51
el_fuerte,51
marilyn_sue_dajie,51
benevolent_leanne,51
kokoa_remon_(primagista),51
usacha,51
chisa_(tori_(eherotori)),51
tomoe_(tsuki_ga_michibiku_isekai_douchuu),51
braided_ponytail_lamia_(dungeon_meshi),51
honey_(space_dandy),51
ryougi_shiki_(male_persona),51
yasaka_kurou,51
tsumugi_(summer)_(princess_connect!),51
spirit_blossom_soraka,51
grimmchild,51
aallotar_(ac8231),51
z24_(azur_lane),51
miyahara_chisaki,51
crossbone_gundam_x-2,51
yukine_chris_(another),51
rigantona_(umamusume),51
vashti_(pokemon),51
kasane_neko_(haru57928031),51
amayui_moka_(1st_costume),51
nakatsugawa_ui,51
machlian_(girls'_frontline),51
ichii_maina,51
rokusho_(medarot),51
aikawa_megumi_(casual),51
wakamiya_henri,51
unicorn_(pripara),51
shibasawa_yuri,51
domon_asuka,51
liberator_yuri_(exs-tia),51
feinne_(another_eden),51
arthas_menethil,51
hakone_yumoto,51
kitazawa_shiho_(depths_of_twilight_maid),51
kotone_(tateha),51
nautilus_(nadia),51
fukuen_misato,51
herring_(azur_lane),51
michishio_(saury_festival)_(kancolle),51
escort_princess,51
rachel_(master_of_eternity),51
mad_bear_(tiger_&_bunny),51
m249_saw_(girls'_frontline),51
jacklyn_(show_by_rock!!),51
zealotus,51
melus_(genshin_impact),51
cyan_sung-sun,51
sebas_tian,51
wormadam_(trash),51
candy_snail_(porforever),51
hraesvelgr_(ff14),51
satouin_reiko,51
vanilla_(vanillaklein),51
morikawa_ayako,51
ryuki_(pokemon),51
den'an_zon,51
doctor_(granblue_fantasy),51
ike_eveland_(2nd_costume),51
coronamon,51
hraesvelgr_(last_origin),51
oswald_(project_moon),51
shi-long_lang,51
dracko_(panqlao),51
sleipnir_(final_fantasy),51
caius_qualls,51
blue_pearl_(steven_universe),51
cocytus_(overlord),51
houshou_(azur_lane),51
tsukiyama_sena,51
fujiwara_moeha,51
georg_prime,51
blue_bird_(akitsu_taira),51
nezumi_(majisuka_gakuen),51
numbuh_2,51
natsukawa_rena,51
sandalphon_(summer)_(granblue_fantasy),51
kraid,51
sakura_len,51
sherlotta,51
tsuchimikado_maika,51
sagan_iris,51
takashi_(gyee),51
chrom_(ac8231),51
alcremie_(lemon_cream),51
tsuneki_kotoyuki,51
nana_(darling_in_the_franxx),51
fujimino_daisuke,51
pappii_(paprika_shikiso),51
ichimaru_kohaku,51
bebe_stevens,51
hannah_(neural_cloud),51
boyakki,51
ava_(a-soul),51
liebe_(black_clover),51
wazukyan_(human),51
admiral_bobbery,51
dorry_(utawarerumono),51
bow_alma,51
abysmal_knight,51
marinangemon,51
tadano_yuji,51
smokie_(ragnarok_online),51
shirogane_(ayatora),51
biriri_(spacezin),51
kiss_(stand),51
yu_geum-i,51
dodoria,51
sakuramori_akane,51
eddie_(gyee),51
sader,51
ojama_green,51
reki_(hidan_no_aria),51
tiequan_(last_origin),51
nagant_revolver_(astral_bond)_(girls'_frontline),51
jennifer_(modern_mogal),51
night_watcher_(elsword),51
kain_fuery,51
bridget_evans,51
seia_(new_year)_(blue_archive),51
ghost_(among_us),51
yaguchi_yatora,51
vividblue,51
natsume_atsuko,51
andou_minawa,51
candy_cane_(rumble_roses),51
professor_ozpin,51
luke_venus,51
kazuya_(megami_tensei),51
manticore_(girls'_frontline),51
lilith_(lilycious),51
ueki-chan,51
hanami_yuzuka,51
amatsuka_seika,51
roboko_(sekai_seifuku),51
riko_(shuz),51
kaede_(ragnarock_city),51
fat_step-sister_(orizen),51
fnc_(upotte!!),51
sunred,51
ghostring,51
katia_grineal,51
rion_flina,51
the_rock_(dwayne_johnson),51
julian_mintz,51
maru_(ff7),51
rococo_(girl_cafe_gun),51
kohinata_sumomo,51
clive_winslett,51
holy_alina,51
katou_takeko,51
uub,51
heiwajima_kasuka,51
deathwing,51
kohigashi_hitona,51
vf-19,51
freia_kagami,51
sohma_kisa,51
kirishiki_sunako,51
kandima_(shadowverse),51
kon_(kemono_jihen),51
yukata_(yume_2kki),51
office_lady_(madoka_magica),51
suzumori_asuka,51
minneapolis_(wild_huntress_schoolgirl)_(azur_lane),51
lanfear,51
ibuki_kouko,51
baron_of_hell,51
andou_tsubaki,51
kuwahara_hazuki,51
toutaku_(koihime_musou),51
yakushi_nonou,51
gipple_(mahoujin_guruguru),51
sena_tsubasa,51
akizuki_kouyou,51
keishi_(shining_star),51
hoshino_char,51
jail_scaglietti,51
minase_shia,51
sally_(omori),51
doren_(degrees_of_lewdity),51
sumire_(anti_(0324)),51
artin_(boogbogex),51
makise_kurisu_(amadeus),51
killmonger,51
miruru_(rune_(dualhart)),51
siriusmon,51
choco_(rune_(dualhart)),51
shihouin_yoruichi_(innersuit),51
protagonist_(f-kare),51
ignatius_(fire_emblem),51
jon_arbuckle,51
tita_nium,51
asou_kasumi,51
fumimi,51
leki,51
ichimoku_ren,51
celia_alde,51
rubicante,51
gundam_barbatos_lupus,51
kyougoku_shigure_(tsuruse),51
shen_woo,51
sasaki_yuuto,51
cell_max,51
weedy_(candy_cape)_(arknights),51
vf-31j,51
sasaki_kaori,51
planol_note,51
lowain_(granblue_fantasy),51
umeru_(admiral_bahroo),51
izumi_(racer),51
demi_(nashidrop),51
escargon,51
shokujinki-san,51
berlinetta_(pixiv_fantasia),51
mitaki_tsubasa,51
hera-is_(p&d),51
akira_howard,51
ryugeru_baran,51
elise_(valentine)_(fire_emblem),51
ghost_sister_&_spooky_dogwood,50
hecarim_(league),50
ye_yunshang,50
kimura_kouichi,50
engi_threepiece,50
tutankhamun_(first_ascension)_(fate),50
robin_(female)_(degrees_of_lewdity),50
cornelia_hale,50
itoi_toi_(neo-porte),50
gwenyvere_(malberrybush),50
special_week_(racehorse),50
ruan_mei_(academia)_(honkai:_star_rail),50
rimuru_tempest_(cheerleader),50
yoha_(yunikon),50
chloe_lilith_stella,50
e-soul_(to_be_hero_x),50
sharron_(lord_of_the_mysteries),50
hoplitissa_(ironlily),50
daniel_(project_moon),50
tanaka_kotoha_(thanatos_empress),50
camila_inpu_(cami_3.0),50
female_vita_(duet_night_abyss),50
intruder_(no_i'm_not_a_human),50
furumi_chie,50
battle_beast_(invincible),50
lucia_(toaru_majutsu_no_index),50
crimzon_ruze_(1st_costume),50
gold_city_(autumn_cosmos)_(umamusume),50
hayashibara_megumi,50
symphony_rin_(2018-2019),50
caeda_(talys's_bride)_(fire_emblem),50
lee_jooin,50
xueying_wawa_(lily_of_the_valley)_(roco_kingdom:_world),50
remiliacn,50
onda_nei,50
cupcake_(fnaf),50
iinchou_(justice_gakuen),50
zaki_(justice_gakuen),50
higuchi_kaede_(military),50
ksp_(vtuber),50
gran_alegria_(casual)_(umamusume),50
hatsune_miku_(shiny),50
kiana_kaslana_(honkai:_nexus_anima),50
gara'ha_ironbane,50
tachibana_itsuki,50
flappers_(gameoverse),50
miary_zo,50
illusia_(dq10),50
watanabe:_epitaph_(pgr),50
inamura_rio,50
paulo_(pokemon),50
tojo_seira,50
sogeki_(fuyumi_sogeki),50
aogami_(megami_tensei),50
wakaba_muna,50
komagome_azuzu,50
female_corrin_(vallite_monarch)_(fire_emblem),50
sakura_(valentine)_(fire_emblem),50
matsukiri_(arknights),50
sakayori_iroha_(roka's_birthday),50
12f_(arknights),50
balloon_(tate_no_yuusha_no_nariagari),50
mangle,50
fio_(hamico),50
jyu_viole_grace,50
fecto_forgo_(larva),50
hijikata_toshizou_(teal_haori_and_hakama)_(fate),50
neko_hakase,50
lia_parapara_leazas,50
gwen_tennyson_(future),50
belfast_(retrofit)_(azur_lane),50
weiss_winterprison,50
minami_kaede,50
diamondhead,50
ciel-sensei,50
suzuka_utako_(1st_costume),50
chlomaki_(funamusea),50
iwakiyamayukisatoshironanogojuurokushi_akira,50
gotland_(swimsuit)_(kancolle),50
mitsuba_airi,50
ellie_(leims),50
kamen_rider_zeztz_(physicam_impact),50
pupu_(ff8),50
erik_(phantom_of_the_opera),50
squid_baron,50
hypno-shroom_(plants_vs._zombies),50
ayn_alwyn_(infinite_empire),50
jackie_lynn_thomas,50
pan-san_(oregairu),50
kihara_amata,50
mana_(magisphere),50
ferb_fletcher,50
kiiroitori,50
pocoloco,50
shaco_(league),50
koutetsu_jeeg_(mecha),50
emilou_apacci,50
cerberus_(megami_tensei),50
hildegard_grimmachte_(arknights),50
storm_the_albatross,50
rocky_(kirby),50
elvira_(elvira:_mistress_of_the_dark),50
envy_adams,50
zentreya_(cyborg)_(zen_2.0),50
isher_(liangzi_tai_hongcha),50
kurotsuchi_(naruto),50
risty_(trickcal),50
shirayuki_yuuri,50
jabaku-chan,50
picnicker_(pokemon),50
kinezono_rio,50
mazinger_zero_(mecha),50
bashoku_youjou,50
lorde_(black_souls),50
diesel_(winter_sweets)_(nikke),50
star_and_stripe_(boku_no_hero_academia),50
leska_(arara_cafe_au_lait),50
cili_(cookie),50
shinonome_akira,50
quin_mantha,50
chie's_mother_(ishikei),50
hanneli_(hanny),50
gorgon_(composite_deity_gorgon)_(fate),50
hibarigaoka_ruri,50
victory_(waktaverse),50
kuboyasu_aren,50
tsukino_mito_(astronaut),50
sanageyama_uzu_(blade_regalia),50
granhildr_(brown_dust),50
r-trus_(machina_x_flayon),50
amagami_shinia,50
chipie_(gnosia),50
cuilang_(rune_factory),50
chaos_alice_(original)_(grimms_notes),50
jake_park,50
dr._flug,50
ludmilla_(evertale),50
imperialdramon_fighter_mode,50
queen_zeal,50
scorched_girl,50
carmelita_fox,50
ultraman_omega,50
remi_unoya,50
ikuno_dictus_(casual)_(umamusume),50
orfevre_(gold-triumph)_(umamusume),50
geoffrey_(fire_emblem),50
rebecca_chambers_(sportswear),50
dan_heng_(next_stop_yi_county)_(honkai:_star_rail),50
sarah_kerrigan,50
harin_(byeolbich),50
gundam_deathscythe,50
ray_littlechamber,50
coco_mercury,50
lucina_(resplendent)_(fire_emblem),50
luca_balsa_(paranormal_detective),50
risoru_(dq10),50
the_prince_(disney),50
nakime_(kimetsu_no_yaiba),50
zeta_(1st_costume)_(vtuber),50
shimakaze_(anniversary)_(kancolle),50
nishimiya_mari,50
suzuki_aina_(voice_actor),50
dumpty_alma,50
saotome_berry_(2nd_costume),50
hoshimi_miyabi_(cat),50
kaguya_kimimaro,50
tsukino_shizuku,50
tiamat_(third_ascension)_(fate/grand_order_arcade),50
kohaku_yuri_(1st_costume),50
yoon_ria_(closers),50
hoshino_(mid-autumn_festival)_(blue_archive),50
sarutahiko_(housamo),50
birmingham_(azur_lane),50
sejima_hiromu,50
nue_(kemono_friends),50
bandit_heeler,50
blade_(little_cat)_(honkai:_star_rail),50
elh_melizee,50
dalian_(dantalian_no_shoka),50
kibagami_genjuro,50
sunday_(star_rail_live_2025)_(honkai:_star_rail),50
limejuice_(one_piece),50
noise_(classic_diva)_(nikke),50
lop_(star_wars),50
isuress_(vtuber),50
kagamine_len_(stylish_energy),50
stina_(mleth),50
yano_mitsuki_(watayuri),50
hikawa_(megami_tensei),50
liliya_olenyeva_(wave_galactica),50
toyotomi_hideyoshi_(fate),50
bolt_(min_lona),50
theseus_(azur_lane),50
senba_uzuki,50
kaga_sumire_(8th_costume),50
priscilla_mel_nortoria,50
shiina_(big_mukimuki_&_small_muchimuchi),50
bakemon,50
agari_raburi,50
hatsuzuki_(swimsuit)_(kancolle),50
tsunotori_pony,50
pearl_(grand_festival)_(splatoon),50
z3_max_schultz_(summer_dress)_(kancolle),50
jr._(xenosaga),50
ryutaros,50
thumbelina_(andersen),50
mya_(wuthering_waves),50
kamen_rider_kiva_(emperor_form),50
yuni_(winter)_(princess_connect!),50
jasmine_(senran_kagura),50
uchida_yua,50
yaginuma_io,50
new_jersey_(dancing_in_the_moonlight)_(azur_lane),50
rindou_(kunoichi_tsubaki_no_mune_no_uchi),50
ojama_black,50
cecilia_helmold,50
metats_(dqb2),50
terapagos_(terastal),50
king_of_dinosaurs,50
lest_(rune_factory),50
sheryn_(comodox),50
houjou_monica_asahi,50
magmite_(magni_dezmond),50
tharja_(ninja)_(fire_emblem),50
takanashi_tsubasa_(shadowverse_flame),50
hollow_ichigo_(full_hollow),50
kiku_ichimonji_norimune,50
sheep_girl_(terayamaden),50
kikeroga_(gquuuuuux),50
yuli_(pop'n_music),50
datto_(jujutsu_kaisen),50
hatsune_miku_(high_fever),50
chihaya_(senran_kagura),50
vivienne_(uchihime),50
faceless_(fire_emblem),50
pilar_(cyberpunk),50
mosin-nagant_(moonlit_ocean)_(girls'_frontline),50
don_quixote_(fate),50
tsukuyomi-chan,50
yuel_(summer)_(granblue_fantasy),50
elchi_cargo,50
guido_(grandia),50
ars_almal_(4th_costume),50
kasuga_no_tsubone_(fate),50
hatsune_miku_(colorful_drop),50
arisaka_hatsune,50
gigantamax_centiskorch,50
ibuki_leila,50
chaos_(xenosaga),50
floral_memory_(infinity_nikki),50
l-gaim,50
super_sailor_pluto,50
komako_(momozu_komamochi),50
discord_(my_little_pony),50
spider_baelz,50
sakuya_(utawarerumono),50
lene_(plegian)_(fire_emblem),50
eirika_(winter)_(fire_emblem),50
marl_barrock,50
slave_knight_gael,50
team_star_grunt,50
dist_(tales),50
tifa_lockhart_(festive_blue_daffodil_attire),50
fujimaru_emerys_(altermagna),50
cecilie_(pgr),50
ikeno_kaede,50
mr._shine,50
meika_ruka,50
marie_(young)_(splatoon),50
blaanid_(mabinogi),50
yang_xiao_long_(atlas),50
igarashi_futaba's_grandfather,50
lady_deadpool,50
elliot_(throtem),50
zhang_qiling,50
eileen_(project_moon),50
popee_(popee_the_performer),50
milluki_zoldyck,50
des_moines_(warship_girls_r),50
umio_(neptunia),50
amaterasu_(mythology),50
riika_rikkinen_(mechanical_buddy_universe),50
hoshitsuki_miki,50
zoe_thompson_(invincible),50
tachibana_hinano_(summer_c102),50
takayashiro_yuzuka,50
takaba_fumihiko,50
aoyagi_youkou_(yagidon),50
daiba_shizuma,50
rebecca_arcane,50
harry_ord,50
benedikta_harman,50
liang_yanmei,50
nanase_yoshino,50
michelle_(a_summer's_end:_hong_kong_1986),50
bryce_callahan,50
aphrodai_a,50
norimaki_gajira,50
ilia_amitola,50
kaisa_(hilda),50
shenhe_(heytea)_(genshin_impact),50
kuyo_mizuki_(675391969),50
asahina_kokomi,50
orator_(fft),50
nako_ryu,50
touzoku_arthur,50
ururun_wolf_(nyanko_daisensou),50
watanabe:_nightblade_(pgr),50
fudou_yukimitsu_(tenka_hyakken),50
nanachi_(human)_(made_in_abyss),50
suzuka_gozen_(swimsuit_rider)_(first_ascension)_(fate),50
saga_(there_they_be)_(arknights),50
haru_(tateha),50
mao_(omurice_(roza4957)),50
megatron_(idw),50
gibeon_(pokemon),50
saki_(viper),50
yuzuhara_yuzumi,50
maron_(dragon_ball_z),50
kess_(coffeechicken),50
fiona_mayfield,50
arx-7_arbalest,50
tevi_(character),50
miss_spencer,50
yfu,50
miyazaki_hiyori,50
anto_mel,50
raze_(valorant),50
durandal_(nibelungen_traumlied)_(honkai_impact),50
rachael_foley,50
corona-chan,50
hanachirusato_(genshin_impact),50
shirogane_sumire_(pallad),50
taro_(disgaea),50
rukia_moon,50
tetsuox_(housamo),50
jinbei_(len'en),50
iseria_queen,50
hau_(sygna_suit)_(pokemon),50
niiya_serina,50
president_(danshi_koukousei),50
naruse_naru,50
whip_devil_(chainsaw_man),50
aldegon_(rariatto),50
kollie_(kollerss),50
tarn,50
urashima_haruka,50
minamoto_no_raikou_(bunny_girl_style)_(fate),50
richard_(hotline_miami),50
snow_pea_(plants_vs._zombies),50
clarice_di_lanza,50
karin_wong,50
tsukinaga_ruka,50
jegal_geumja,50
mudou_setsuna,50
yui_(new_year)_(princess_connect!),50
dawn_(sygna_suit)_(pokemon),50
mee_(sohin),50
casey_(pokemon),50
polaris_mask_(live_a_hero),50
tsukumo_san,50
cagliostro_(summer)_(granblue_fantasy),50
erin_(kemono_no_souja_erin),50
eileen_coney_(modern_mogal),50
dazai_osamu_(bungou_to_alchemist),50
sherlock_holmes_(third_ascension)_(fate),50
noel_kreiss,50
willow_(neural_cloud),50
robin_(gift_of_wild)_(arknights),50
eugene_kidd,50
carol_anderson,50
andou_nene,50
miyamoto_akiyo,50
poppy_(animal_crossing),50
watashi_(yojouhan),50
gustaf_(saga),50
sirius_gibson,50
soujirou_(new_game!),50
nanami_yachiyo_(pajamas_costume),50
wahira_nagomi,50
elie_(rave),50
giulio_cesare_(azur_lane),50
clariskrays,50
inumuta_houka_(probe_regalia),50
tsuchinoko_(touhou),50
natsume_masako,50
inukai_purin,50
lunastra,50
kikukawa_azami,50
noptidha_lukchup,50
alicia_rue,50
miyawaki_sakura,50
kurosaki_asami,50
iijima_kana,50
sorinozuka_renshou,50
tomoshibi_no_majo,50
cauchemar_(p&d),50
togusa_saburou,50
specter_the_unchained_(substitute)_(born_as_one)_(arknights),50
fujimaru_ritsuka_(male)_(chaldea_pathfinder),50
sakurada_kanade,50
nakamura_ayamo,50
rengoku_ruka,50
sakurai_takahiro,50
nurgle,50
rumble_(transformers),50
elizabetta_(futagohime),50
uit-25_(kancolle),50
shindoine,50
spider-man_india,50
destoroyah,50
cheng_lixue,50
k3_(girls'_frontline),50
kali_(p&d),50
iizuka_yuzu,50
holstaur_(monster_girl_encyclopedia),50
shindou_ai,50
hoshino_tetsurou,50
jinko_(monster_girl_encyclopedia),50
miao_jiujiu,50
fujino_shion,50
mercurows_(girls'_frontline),50
acr_(girls'_frontline),50
green_dam,50
furuta_nimura,50
shiba_kaien,50
kishi_youko,50
midori_hemo,50
megurine_luki,50
ootsuka_akio,50
princess_juliette,50
nanaka_(tenka_hyakken),50
akaza_chacha,50
matsuko_(kazu-koto),50
olmine,50
nishi_hayato,50
re-gz,50
chapatsu-chan_(hyaku_ae_mon),50
takizawa_akira,50
ooba_minato,50
caenis_(first_ascension)_(fate),50
magallan_(shaved-ice_memories)_(arknights),50
regulus_(a_flaring_star)_(reverse:1999),50
cherry_(lucky_star),50
nishizawa_yoshiko,50
croix_raoul,50
ookusa_manami,50
harukaze_chiharu,50
neko-kun_(cotono_(nazekun)),50
hanamaru_hareru,50
tsukiyama_minako,50
sonolar,50
dr._salvador,50
constance_von_nuvelle_(timeskip),50
orie_rin,50
warspite_(retrofit)_(azur_lane),50
theresa_apocalypse_(empyrean_psalms),50
imagawa_yoshimoto_(sengoku_collection),50
constantia_cantacuzino,50
nanjou_misao,50
pile_(voice_actor),50
kisaragi_maaya,50
lamorak_(granblue_fantasy),50
magician_(elsword),50
miyu_ottavia,50
kachimachi_kosuzu's_classmate,50
akagi_masafumi,50
ruu_(queen's_blade),50
toa_(dragonaut),50
oshimoto_yuri,50
hiyama_hikaru,50
diarmuid_ua_duibhne_(lancer)_(third_ascension)_(fate),50
friedrich_carl_(a_game_of_love)_(azur_lane),50
suzaki_aya,50
murakami_mozu_(cyclone),50
mana_(our_battle_has_just_begun!),50
honda_tamaki,50
uchimura_chiaki,50
takechi_otoya,50
tiea,50
musso_(gyee),50
gray_(bombergirl),50
katori_shin'ichi,50
reinesia_el_arte_cowen,50
ryuujin_no_senpai,50
