original,1588732
touhou,1100519
kantai_collection,545012
blue_archive,457884
pokemon,413575
fate_(series),409415
hololive,330401
genshin_impact,316679
fate/grand_order,306872
idolmaster,287249
umamusume,236566
arknights,231308
vocaloid,210281
honkai_(series),190885
azur_lane,157911
idolmaster_cinderella_girls,136766
honkai:_star_rail,135246
love_live!,129248
fire_emblem,126694
zenless_zone_zero,118211
hololive_english,115065
final_fantasy,109245
nijisanji,92037
indie_virtual_youtuber,89914
mahou_shoujo_madoka_magica,84793
girls'_frontline,80345
girls_und_panzer,73860
gundam,71279
precure,69397
danganronpa_(series),69293
mahou_shoujo_madoka_magica_(anime),60280
kemono_friends,58427
bang_dream!,57607
wuthering_waves,57296
one_piece,55392
jojo_no_kimyou_na_bouken,55219
honkai_impact_3rd,54557
granblue_fantasy,53176
persona,50094
project_moon,49854
goddess_of_victory:_nikke,48113
chainsaw_man,46227
idolmaster_shiny_colors,46139
boku_no_hero_academia,44706
yu-gi-oh!,44626
idolmaster_(classic),44623
fate/stay_night,44055
final_fantasy_vii,41806
bang_dream!_it's_mygo!!!!!,40602
love_live!_school_idol_project,39058
the_legend_of_zelda,39029
limbus_company,37215
love_live!_hasu_no_sora_jogakuin_school_idol_club,37059
neon_genesis_evangelion,36056
league_of_legends,35348
fire_emblem_heroes,35094
final_fantasy_xiv,35059
pokemon_sword_and_shield,34866
street_fighter,34192
splatoon_(series),33692
idolmaster_million_live!,33376
pokemon_scarlet_and_violet,32988
ragnarok_online,32280
fire_emblem:_three_houses,32066
bocchi_the_rock!,31935
mario_(series),31395
dragon_ball,30445
project_sekai,30373
xenoblade_chronicles_(series),29562
marvel,29409
utau,29350
toaru_majutsu_no_index,28050
pokemon_(anime),27936
princess_connect!,27756
k-on!,27510
gakuen_idolmaster,27418
sousou_no_frieren,27228
naruto_(series),27217
danganronpa_2:_goodbye_despair,27190
lyrical_nanoha,25850
world_witches_series,25818
suzumiya_haruhi_no_yuuutsu,25600
danganronpa_v3:_killing_harmony,25182
voiceroid,25110
pokemon_sun_and_moon,24616
jujutsu_kaisen,24561
reverse:1999,24466
mega_man_(series),24088
omori,24040
re:zero_kara_hajimeru_isekai_seikatsu,23814
love_live!_sunshine!!,23506
guilty_gear,22954
fire_emblem_fates,22455
fate/extra,22369
kono_subarashii_sekai_ni_shukufuku_wo!,22355
love_live!_nijigasaki_high_school_idol_club,22195
bleach,22096
digimon,21966
xenoblade_chronicles_2,21608
monogatari_(series),21179
real_life,21167
tales_of_(series),20912
utdr_(toby_fox),20839
kimetsu_no_yaiba,20828
dragon_quest,20485
senran_kagura,20223
overwatch,20066
pokemon_black_and_white,19759
bishoujo_senshi_sailor_moon,19560
sword_art_online,19281
sonic_(series),18605
arknights:_endfield,17917
persona_5,17914
strike_witches,17694
toaru_kagaku_no_railgun,17642
final_fantasy_vii_remake,17606
touken_ranbu,17474
fate/apocrypha,17210
fire_emblem_awakening,17115
nier_(series),17053
pokemon_diamond/pearl/platinum,17041
science_adventure,16963
spy_x_family,16954
gochuumon_wa_usagi_desu_ka?,16891
the_king_of_fighters,16845
nijisanji_en,16843
touhou_(pc-98),16707
kill_la_kill,16430
tsukihime,16416
idolmaster_cinderella_girls_starlight_stage,16377
persona_4,16186
persona_3,16185
fate/zero,16161
mahou_shoujo_no_majo_saiban,15986
alien_stage,15897
kirby_(series),15814
bang_dream!_girls_band_party!,15598
shingeki_no_kyojin,15453
code_geass,15128
dc_comics,14948
danganronpa:_trigger_happy_havoc,14860
nier:automata,14858
lucky_star,14713
dungeon_meshi,14599
neptune_(series),14508
idolmaster_million_live!_theater_days,14419
pokemon_legends:_z-a,14329
higurashi_no_naku_koro_ni,14100
resident_evil,14043
vspo!,14004
saibou_shinkyoku,14001
go-toubun_no_hanayome,13976
tokyo_afterschool_summoners,13919
dragon_ball_z,13860
ranma_1/2,13672
elden_ring,13511
cho_kaguya-hime!,13476
ensemble_stars!,13458
pokemon_black_2_and_white_2,13322
darkstalkers,13303
eiyuu_densetsu,13288
assault_lily,13254
magia_record:_mahou_shoujo_madoka_magica_gaiden,13135
kamen_rider,13102
fire_emblem_engage,13061
stardust_crusaders,13011
girls_band_cry,12995
rwby,12858
nikki_(series),12567
umineko_no_naku_koro_ni,12478
monster_hunter_(series),12459
blazblue,12420
rebuild_of_evangelion,12329
pokemon_x_and_y,12281
fate/kaleid_liner_prisma_illya,12201
cookie_(touhou),12176
mahou_shoujo_lyrical_nanoha,12153
mahou_shoujo_lyrical_nanoha_strikers,12118
inazuma_eleven_(series),12100
deltarune,11946
gundam_suisei_no_majo,11853
senki_zesshou_symphogear,11848
super_smash_bros.,11761
hololive_indonesia,11589
rozen_maiden,11302
atelier_(series),11211
cardcaptor_sakura,11110
onii-chan_wa_oshimai!,11090
the_legend_of_zelda:_breath_of_the_wild,11085
tengen_toppa_gurren_lagann,11051
guilty_gear_strive,10884
girls'_frontline_2:_exilium,10797
pretty_series,10764
macross,10763
vento_aureo,10757
naruto_shippuuden,10732
heaven_burns_red,10658
hololive_dev_is,10642
axis_powers_hetalia,10438
lycoris_recoil,10428
pokemon_masters_ex,10392
last_origin,10063
naruto_(classic),9998
pokemon_heartgold_and_soulsilver,9990
battle_tendency,9961
fate/extra_ccc,9755
pokemon_legends:_arceus,9669
splatoon_3,9658
smile_precure!,9461
oshi_no_ko,9447
undertale,9412
the_legend_of_zelda:_tears_of_the_kingdom,9342
a.i._voice,9338
steins;gate,9273
spider-man_(series),9243
street_fighter_6,9224
kobayashi-san_chi_no_maidragon,9181
helltaker,9141
panty_&_stocking_with_garterbelt,9140
ace_attorney,9081
mushoku_tensei,9065
aikatsu!_(series),9041
stellive,8952
one-punch_man,8943
yuruyuri,8884
gridman_universe,8800
pokemon_omega_ruby_and_alpha_sapphire,8771
punishing:_gray_raven,8768
x-men,8647
love_live!_superstar!!,8587
metroid,8569
bakemonogatari,8506
hunter_x_hunter,8493
sanrio,8481
senran_kagura_new_wave,8479
twisted_wonderland,8414
gundam_gquuuuuux,8412
the_hundred_line_-last_defense_academy-,8381
synthesizer_v,8357
diamond_wa_kudakenai,8283
high_school_dxd,8156
sono_bisque_doll_wa_koi_wo_suru,8097
fatal_fury,8040
to_heart_(series),8005
ore_no_imouto_ga_konna_ni_kawaii_wake_ga_nai,7850
saki_(manga),7781
marvel_rivals,7731
hibike!_euphonium,7684
kemono_friends_3,7656
nanashi_inc.,7618
to_love-ru,7551
tiger_&_bunny,7548
pixiv_fantasia,7487
elsword,7372
apex_legends,7371
warship_girls_r,7342
dead_or_alive,7263
pokemon_firered_and_leafgreen,7255
library_of_ruina,7252
gundam_seed,7244
little_busters!,7198
inazuma_eleven_go,7190
kamitsubaki_studio,7152
watashi_ga_motenai_no_wa_dou_kangaetemo_omaera_ga_warui!,7064
kaguya-sama_wa_kokurasetai_~tensai-tachi_no_renai_zunousen~,7043
kingdom_hearts,7017
dungeon_ni_deai_wo_motomeru_no_wa_machigatteiru_darou_ka,6941
holostars,6885
disgaea,6881
omniscient_reader's_viewpoint,6835
ssss.gridman,6817
angel_beats!,6811
dragon_ball_super,6810
tekken,6804
phase_connect,6799
animal_crossing,6770
pripara,6762
mahou_shoujo_lyrical_nanoha_a's,6674
black_rock_shooter,6669
amagami,6660
fire_emblem:_radiant_dawn,6652
fire_emblem:_the_blazing_blade,6652
fullmetal_alchemist,6647
lobotomy_corporation,6628
mahou_shoujo_madoka_magica:_hangyaku_no_monogatari,6585
shoujo_kageki_revue_starlight,6562
splatoon_1,6505
dandadan,6505
to_heart_2,6453
needy_girl_overdose,6427
clannad,6416
aikatsu!,6373
fire_emblem:_genealogy_of_the_holy_war,6322
megami_magazine,6320
gintama,6278
date_a_live,6247
infinity_nikki,6221
stone_ocean,6205
splatoon_2,6196
batman_(series),6189
sekaiju_no_meikyuu,6139
doki_doki_literature_club,6128
transformers,6127
cyberpunk_(series),6107
path_to_nowhere,6095
xenoblade_chronicles_3,6076
puyopuyo,6054
darling_in_the_franxx,6045
new_super_mario_bros._u_deluxe,6026
phantasy_star,6022
gundam_00,6006
star_wars,6003
len'en,5974
macross_frontier,5969
dark_souls_(series),5963
golden_kamuy,5936
mobile_suit_gundam,5914
yahari_ore_no_seishun_lovecome_wa_machigatteiru.,5903
cookie_run,5877
dokidoki!_precure,5875
meitantei_conan,5830
hellaverse,5800
queen's_blade,5794
vshojo,5786
haikyuu!!,5782
grandmaster_of_demonic_cultivation,5757
fire_emblem:_path_of_radiance,5750
steel_ball_run,5686
pokemon_ruby/sapphire/emerald,5681
heartcatch_precure!,5669
flower_knight_girl,5664
love_live!_school_idol_festival,5637
dungeons_&_dragons,5621
devil_may_cry_(series),5608
houseki_no_kuni,5605
monster_musume_no_iru_nichijou,5559
mega_man_(classic),5522
yurucamp,5516
puzzle_&_dragons,5510
pokemon_(classic_anime),5466
the_legend_of_zelda:_twilight_princess,5453
meitantei_precure!,5433
skullgirls,5432
kagerou_project,5425
osomatsu_(series),5397
cevio,5383
tsukihime_(remake),5351
mega_man_x_(series),5336
monster_girl_encyclopedia,5336
touqi_guaitan,5291
idolmaster_1,5270
atelier_ryza,5245
guilty_gear_xrd,5234
super_robot_wars,5233
kouyoku_senki_exs-tia,5227
hirogaru_sky!_precure,5224
sen_no_kiseki_(series),5215
kemono_friends_v_project,5179
fire_emblem:_mystery_of_the_emblem,5163
gegege_no_kitarou,5139
minecraft,5127
osomatsu-san,5090
the_legend_of_zelda:_ocarina_of_time,5085
koha-ace,5080
warhammer_40k,5079
alice's_adventures_in_wonderland,5057
pokemon_horizons,5056
machikado_mazoku,5049
little_witch_academia,5043
touhou_lostword,5041
taimanin_(series),5024
phantasy_star_online_2,5023
cyberpunk:_edgerunners,5019
dungeon_and_fighter,5007
made_in_abyss,4979
bemani,4947
phantom_blood,4898
kid_icarus,4891
nitroplus,4882
ambience_synesthesia,4794
inazuma_eleven,4766
pokemon_adventures,4753
bleach:_sennen_kessen-hen,4730
my_little_pony,4724
pokemon_tcg,4712
cyberpunk:_edgerunners_1,4701
idolmaster_side-m,4671
shadowverse,4654
hazbin_hotel,4649
spice_and_wolf,4647
fairy_tail,4642
vrchat,4632
mcdonald's,4614
my_little_pony:_friendship_is_magic,4599
yu-gi-oh!_duel_monsters,4599
shining_nikki,4502
fire_emblem:_the_binding_blade,4491
tate_no_yuusha_no_nariagari,4485
os-tan,4468
zeta_gundam,4427
yu-gi-oh!_gx,4412
street_fighter_v,4412
toradora!,4357
metal_gear_(series),4347
final_fantasy_vii_rebirth,4336
ado_(utaite),4332
pokemon_the_series:_sun_&_moon,4327
suite_precure,4327
boruto_(series),4326
fate/strange_fake,4326
avatar_legends,4326
mahjong_soul,4301
reitaisai,4290
gundam_build_fighters,4264
shin_megami_tensei,4250
black_survival,4245
voicevox,4224
kuro_no_kiseki_(series),4208
final_fantasy_vi,4205
summer_pockets,4194
youkai_watch,4193
final_fantasy_vii:_ever_crisis,4180
bloodborne,4180
shingeki_no_bahamut,4163
mega_man_zero_(series),4163
hollow_knight,4149
urusei_yatsura,4149
star_ocean,4136
evangelion:_3.0_you_can_(not)_redo,4045
dragon_quest_iii,4039
fate/hollow_ataraxia,4032
alice_gear_aegis,4029
sennen_sensou_aigis,4024
ultra_series,4007
zombie_land_saga,4006
identity_v,4001
eromanga_sensei,3994
muv-luv,3988
final_fantasy_xi,3982
stella_sora,3978
koi_suru_kokoro_to_mahou_no_kotoba,3978
infinite_stratos,3955
project_diva_(series),3953
tales_of_vesperia,3937
chuunibyou_demo_koi_ga_shitai!,3891
pokemon_red/green/blue/yellow,3860
baldur's_gate,3857
melty_blood,3856
final_fantasy_ix,3846
fire_emblem:_the_sacred_stones,3845
baldur's_gate_3,3817
trickcal,3760
samurai_spirits,3744
boku_wa_tomodachi_ga_sukunai,3733
hyouka,3730
zero_no_tsukaima,3721
gundam_seed_destiny,3702
kid_icarus_uprising,3701
pikmin_(series),3688
arcane:_league_of_legends,3684
soul_eater,3632
eternal_return:_black_survival,3615
the_amazing_digital_circus,3572
love_and_deepspace,3567
mega_man_zx,3565
fresh_precure!,3550
mahou_sensei_negima!,3543
shinrabanshou,3538
boruto:_naruto_next_generations,3532
final_fantasy_viii,3507
street_fighter_zero_(series),3500
pokemon_journeys,3494
project_voltage,3493
fire_emblem_echoes:_shadows_of_valentia,3479
overlord_(maruyama),3468
azumanga_daioh,3466
death_note,3464
yu-gi-oh!_5d's,3454
umamusume:_cinderella_gray,3419
cookie_run:_kingdom,3409
tokyo_ghoul,3403
maria-sama_ga_miteru,3402
rabbit_hole_(vocaloid),3391
nichijou,3371
wizarding_world,3363
fate/prototype,3350
mother_(series),3345
futari_wa_precure,3332
senran_kagura_new_link,3322
resident_evil_4,3317
emil_chronicle_online,3314
mihoyo,3307
girlfriend_(kari),3306
chaos;head,3290
kimi_no_koto_ga_dai_dai_dai_dai_daisuki_na_100-nin_no_kanojo,3290
holostars_english,3286
wonderful_precure!,3284
kara_no_kyoukai,3281
22/7,3267
kanon,3266
warcraft,3231
inuyasha,3230
make_heroine_ga_oo_sugiru!,3217
go!_princess_precure,3212
yuri!!!_on_ice,3212
final_fantasy_vii:_advent_children,3204
twitter,3202
evangelion:_2.0_you_can_(not)_advance,3201
pokemon_gold/silver/crystal,3198
closers,3198
komi-san_wa_komyushou_desu,3191
sayonara_zetsubou_sensei,3181
oshiro_project:re,3177
ikkitousen,3175
persona_3_portable,3160
spider-verse,3150
yes!_precure_5,3147
grimms_notes,3139
magical_mirai_(vocaloid),3122
happinesscharge_precure!,3092
shakugan_no_shana,3087
danganronpa_3:_the_end_of_hope's_peak_high_school,3084
blue_lock,3066
poptepipic,3046
promare,3044
gundam_zz,3038
soulcalibur,3024
dark_souls_i,3017
mon-musu_quest!,3006
my_melody_(series),3001
atelier_ryza_1,3000
fate/samurai_remnant,2977
brave_witches,2976
working!!,2959
dragon_ball_(classic),2951
the_legend_of_luo_xiaohei,2950
tokyo_revengers,2928
yume_nikki,2916
sword_art_online:_alicization,2910
mob_psycho_100,2907
honkai_gakuen,2905
berserk,2904
vedal_ai,2897
m.u.g.e.n,2895
tales_of_the_abyss,2886
toji_no_miko,2878
girls'_frontline_neural_cloud,2863
final_fantasy_x,2853
breath_of_fire,2849
aria_(manga),2849
superman_(series),2837
hidamari_sketch,2825
shantae_(series),2820
harry_potter_(series),2808
sana_channel,2800
little_red_riding_hood_(fairy_tale),2799
senpai_ga_uzai_kouhai_no_hanashi,2799
final_fantasy_iv,2797
tokidoki_bosotto_roshia-go_de_dereru_tonari_no_alya-san,2792
world_of_warcraft,2790
tales_of_symphonia,2772
dragon_quest_iv,2767
pokemon_the_series:_xy,2763
brown_dust_(series),2762
live_a_hero,2756
tales_of_xillia,2735
mega_man_legends_(series),2732
elden_ring_nightreign,2730
embodiment_of_scarlet_devil,2726
mahou_shoujo_ni_akogarete,2721
hayate_no_gotoku!,2717
seiken_densetsu,2703
dragon_quest_xi,2699
dairoku_ryouhei,2691
brown_dust_2,2670
zombie_stage,2668
choukou_(alicesoft),2668
final_fantasy_v,2667
onmyoji,2665
macross_delta,2664
cinderella_series,2664
fire_emblem_cipher,2659
street_fighter_iv_(series),2648
teen_titans,2643
hachigatsu_no_cinderella_nine,2635
di_gi_charat,2632
to_love-ru_darkness,2628
rune_factory,2616
new_game!,2615
durarara!!,2602
mahou_tsukai_no_yoru,2590
saenai_heroine_no_sodatekata,2588
adventure_time,2587
watashi_ni_tenshi_ga_maiorita!,2583
uzaki-chan_wa_asobitai!,2581
lawson,2579
microsoft_windows,2576
final_fantasy_tactics,2571
star_twinkle_precure,2562
muv-luv_alternative,2558
ghost_in_the_shell,2544
dolphin_wave,2543
.live,2531
duel_masters,2531
coca-cola,2510
mabinogi,2507
funamusea,2506
godzilla_(series),2504
shinryaku!_ikamusume,2497
fire_emblem_warriors:_three_hopes,2489
super_sentai,2485
under_night_in-birth,2477
steins;gate_0,2475
ijiranaide_nagatoro-san,2467
rance_(series),2457
persona_5_the_royal,2445
tropical-rouge!_precure,2442
cinderella_girls_gekijou,2441
digimon_adventure,2430
dragon_quest_v,2424
mega_man_battle_network_(series),2422
castlevania_(series),2418
kirakira_precure_a_la_mode,2415
idolmaster_2,2413
yuusha_de_aru,2412
nisemonogatari,2409
neverness_to_everness,2408
trigun,2406
dengeki_moeoh,2403
black_lagoon,2402
wild_arms,2402
lord_of_the_mysteries,2401
call_of_duty,2400
dragon_ball_gt,2394
silent_hill_(series),2394
sengoku_basara,2391
guilty_crown,2387
hollow_knight:_silksong,2385
saga,2384
kill_me_baby,2380
waktaverse,2374
show_by_rock!!,2372
gundam_unicorn,2360
bishoujo_senshi_sailor_moon_s,2359
touhou_tag_dream,2359
sword_girls,2359
god_eater,2358
tensei_shitara_slime_datta_ken,2354
shiguang_dailiren,2353
gundam_build_fighters_try,2352
chaos;child,2351
delicious_party_precure,2350
digimon_card_game,2339
kusuriya_no_hitorigoto,2334
dorohedoro,2334
hugtto!_precure,2334
minecraft_youtube,2333
boku_no_kokoro_no_yabai_yatsu,2333
avengers_(series),2332
sakura_taisen,2326
super_mario_galaxy,2314
dissidia_final_fantasy,2311
yuuki_bakuhatsu_bang_bravern,2303
arcaea,2301
utawarerumono_(series),2288
keroro_gunsou,2283
ryuu_ga_gotoku_(series),2281
randal's_friends,2272
air_(visual_novel),2271
alchemy_stars,2269
final_fantasy_xvi,2250
yu-gi-oh!_arc-v,2250
idolmaster_dearly_stars,2245
fatal_frame,2245
slam_dunk_(series),2236
fuwa_fuwa_cinnamoroll,2234
karakai_jouzu_no_takagi-san,2234
free!,2233
doraemon,2231
melonbooks,2228
lovebrush_chronicles,2225
gensou_suikoden,2225
heaven's_feel,2224
watashi_ga_koibito_ni_nareru_wake_naijan_murimuri!,2223
scott_pilgrim_(series),2221
crisis_core:_final_fantasy_vii,2220
dragon's_crown,2219
senran_kagura_shoujo-tachi_no_shin'ei,2215
kin-iro_mosaic,2203
mega_man_star_force_(series),2198
final_fantasy_xv,2193
steven_universe,2193
goblin_slayer!,2189
sora_no_kiseki,2188
mahou_girls_precure!,2186
mickey_mouse_&_friends,2186
ano_hi_mita_hana_no_namae_wo_bokutachi_wa_mada_shiranai.,2184
d.gray-man,2169
senren_banka,2161
indie_utaite,2157
pokemon_the_series:_diamond_and_pearl,2154
degrees_of_lewdity,2142
va-11_hall-a,2142
mahou_shoujo_ikusei_keikaku,2136
counter:side,2134
gundam_tekketsu_no_orphans,2125
pokemon_platinum,2116
futaba_channel,2113
deadpool_(series),2108
isegye_idol,2103
darker_than_black,2101
ryuuou_no_oshigoto!,2100
among_us,2097
magi_the_labyrinth_of_magic,2094
kimi_to_idol_precure,2090
evangelion:_3.0+1.0_thrice_upon_a_time,2089
sinoalice,2085
world_trigger,2083
danganronpa_another_episode:_ultra_despair_girls,2081
bayonetta_(series),2080
galaxy_angel,2080
kpop_demon_hunters,2077
char's_counterattack,2075
avatar:_the_last_airbender,2074
shokugeki_no_souma,2072
frozen_(disney),2068
fear_&_hunger_(series),2066
hellsing,2064
seiken_densetsu_3,2064
love_plus,2064
seishun_buta_yarou,2058
xenoblade_chronicles_1,2057
team_fortress_2,2056
black_clover,2052
the_legend_of_zelda:_skyward_sword,2052
tales_of_zestiria,2042
homicipher,2040
dark_souls_iii,2032
tenka_hyakken,2032
ib_(kouri),2028
luigi's_mansion,2025
tales_of_asteria,2024
dragon_ball_fighterz,2014
hello_kitty,2005
toaru_majutsu_no_index:_old_testament,2003
my-hime,2002
majo_no_tabitabi,2000
jojolion,1993
fallout,1993
saint_seiya,1992
bungou_stray_dogs,1987
re:stage!,1980
newtype,1970
maplestory,1965
amagi_brilliant_park,1964
street_fighter_iii_(series),1963
aotu_world,1957
kuroko_no_basuke,1948
persona_3_reload,1947
sakura_no_sekai,1943
tsugu_(vtuber),1940
tales_of_graces,1936
aoki_hagane_no_arpeggio,1928
goodsmile_company,1922
shoujo_shuumatsu_ryokou,1921
mother_2,1919
xenosaga,1917
dr._stone,1917
metaphor:_refantazio,1911
mario_kart,1907
bombergirl,1906
koihime_musou,1905
nu_carnival,1900
resident_evil_4_(remake),1898
beatmania_iidx,1897
hypnosis_mic,1896
phantom_of_the_kill,1894
yotsubato!,1891
kamiina_botan_yoeru_sugata_wa_yuri_no_hana,1890
the_legend_of_zelda:_the_wind_waker,1886
fate/extella,1883
the_ring,1875
snk,1869
pokemon_go,1868
gyee,1864
little_nuns_(diva),1863
resident_evil_requiem,1862
pokemon:_let's_go_pikachu!_and_let's_go_eevee!,1860
nier,1856
uchi_no_hime-sama_ga_ichiban_kawaii,1852
call_of_duty:_modern_warfare_2,1849
armored_core,1847
nintendo,1843
tears_of_themis,1843
powerpuff_girls,1841
world_flipper,1838
pangya,1837
aldnoah.zero,1836
shironeko_project,1834
grisaia_(series),1832
dragalia_lost,1828
hataraku_saibou,1827
ongeki,1825
warioware,1823
kanojo_okarishimasu,1822
saki_achiga-hen,1820
transformers:_generation_1,1818
suzumiya_haruhi_no_shoushitsu,1816
kizuna_ai_inc.,1814
guilty_gear_xx,1814
goodsmile_racing,1813
lupin_iii,1806
tokimeki_memorial,1801
sen_no_kiseki_i,1800
lord_el-melloi_ii_case_files,1794
jashin-chan_dropkick,1790
dagashi_kashi,1786
project_tokyo_dolls,1782
kingdom_hearts_ii,1780
riddle_joker,1779
monster_hunter_rise,1777
tobaku_mokushiroku_kaiji,1776
sanoba_witch,1776
gnosia,1773
subarashiki_hibi,1770
choujigen_game_neptune,1769
world_cup,1769
healin'_good_precure,1763
fortnite,1760
shin_jigen_game_neptune_vii,1757
epic_seven,1754
ruri_no_houseki,1754
octopath_traveler,1753
gabriel_dropout,1752
nekopara,1749
heaven_official's_blessing,1738
summon_night,1738
south_park,1735
jikkyou_powerful_pro_yakyuu,1735
inazuma_eleven_go_chrono_stone,1734
kyoukaisenjou_no_horizon,1733
g_gundam,1732
star_fox,1732
one_piece_card_game,1729
tokyo_7th_sisters,1727
toaru_majutsu_no_index:_new_testament,1723
love_live!_school_idol_festival_all_stars,1718
nyantype,1715
rewrite,1710
mesmerizer_(vocaloid),1706
black_souls,1704
senjou_no_valkyria_(series),1700
shoujo_kakumei_utena,1699
fate/prototype:_fragments_of_blue_and_silver,1699
tamako_market,1698
tongari_boushi_no_atelier,1697
kannagi,1693
shadow_slave,1692
tales_of_berseria,1690
doukyuusei_(series),1690
comiket_105,1686
chrono_trigger,1685
monster_strike,1683
slayers,1682
devil_may_cry_5,1680
final_fantasy_xiii,1680
dragon_quest_x,1676
cardfight!!_vanguard,1676
pokemon_the_series:_ruby_and_sapphire,1673
fantastic_four,1672
wixoss,1672
miracle_nikki,1671
katekyo_hitman_reborn!,1669
comiket_107,1669
katawa_shoujo,1665
elden_ring:_shadow_of_the_erdtree,1662
yuuki_yuuna_wa_yuusha_de_aru,1660
quiz_magic_academy,1660
the_legend_of_zelda:_a_link_between_worlds,1658
the_coffin_of_andy_and_leyley,1654
reitaisai_8_contest,1650
comiket_106,1649
liz_to_aoi_tori,1646
signalis,1645
serial_experiments_lain,1642
hades_(series),1637
nige_jouzu_no_wakagimi,1635
yama_no_susume,1633
youtube,1628
the_legend_of_korra,1624
kuro_no_kiseki_i,1610
haiyore!_nyaruko-san,1609
sd_gundam,1608
to_heart,1607
high_school_fleet,1601
sword_art_online:_code_register,1598
9-nine-,1595
donkey_kong_(series),1595
shoujo_kageki_revue_starlight_-re_live-,1594
hikaru_ga_shinda_natsu,1594
yuyushiki,1591
medalist_(manga),1590
metal_slug,1590
paper_mario_(series),1589
sekaiju_no_meikyuu_3,1582
eve_online,1578
toranoana,1571
shuuniichido_classmate_wo_kau_hanashi,1568
no_game_no_life,1568
fear_&_hunger_2:_termina,1567
eureka_seven_(series),1566
kuroshitsuji,1565
pani_poni_dash!,1561
tenshi_souzou_re-boot!,1560
eddsworld,1558
osomatsu-kun,1553
super_robot_wars_original_generation,1550
gundam_wing,1543
kimi_no_na_wa.,1543
cowboy_bebop,1534
youkoso_jitsuryoku_shijou_shugi_no_kyoushitsu_e,1534
evillious_nendaiki,1534
makai_senki_disgaea,1533
tera_online,1530
final_fantasy_xii,1530
youjo_senki,1529
devil_survivor_(series),1526
vsinger_(vocaloid),1523
senran_kagura_shinovi_versus,1522
starbucks,1520
aikatsu_stars!,1519
spider-man:_into_the_spider-verse,1518
the_great_ace_attorney,1517
comiket_104,1516
dog_days,1516
cookie_run:_ovenbreak,1514
7th_dragon_(series),1513
the_elder_scrolls,1513
zero_no_kiseki,1513
shugo_chara!,1513
cafe_stella_to_shinigami_no_chou,1511
gundam_seed_freedom,1510
the_moon_studio,1508
mother_3,1506
resident_evil_2,1502
gundam:_hathaway's_flash,1497
shining_(series),1497
the_legend_of_zelda:_majora's_mask,1496
capcom,1495
toshi_densetsu_kaitai_center,1494
d4dj,1492
futsuu_no_keion-bu,1488
roblox,1483
arcana_heart,1483
ben_10,1479
valorant,1478
ryuuko_no_ken,1478
star_ocean:_the_second_story,1478
ssss.dynazenon,1478
sen_no_kiseki_iii,1475
ar_tonelico,1475
kouyoku_senki_exs-tia_concert,1473
kami_nomi_zo_shiru_sekai,1472
mahou_shoujo_lyrical_nanoha_vivid,1468
.hack//,1465
scott_pilgrim_takes_off,1463
manatsu_no_yo_no_inmu,1463
five_nights_at_freddy's,1456
mahou_senshi_(series),1454
soulworker,1453
blend_s,1450
spider-man:_across_the_spider-verse,1449
eureka_seven,1449
the_king_of_fighters_xv,1443
doukyuusei_another_world,1443
comiket_103,1442
azure_striker_gunvolt,1439
da_capo,1439
dragon_quest_ii,1435
plants_vs._zombies,1429
gundam_build_divers,1429
azur_lane:_slow_ahead,1428
monitoring_(vocaloid),1427
kourin_tenshi_en_ciel_rena,1426
douluo_dalu,1426
nagi_no_asukara,1425
miside,1424
dead_or_alive_5,1422
ark_order,1416
puyopuyo_20th_anniversary,1415
monster_hunter:_world,1413
bishoujo_senshi_sailor_moon_stars,1411
shirobako,1403
assassin's_creed_(series),1402
stellar_blade,1397
kino_no_tabi,1397
ta_ga_tame_no_alchemist,1396
princess_principal,1395
vividred_operation,1393
street_fighter_ii_(series),1390
comiket_108,1389
marvel_vs._capcom,1386
gekkan_shoujo_nozaki-kun,1386
getsuyoubi_no_tawawa,1380
resident_evil_3:_nemesis,1379
gravity_falls,1376
z/x,1376
mega_man_zx_advent,1375
girls_und_panzer_senshadou_daisakusen!,1372
kfc,1369
puyopuyo_quest,1368
pretty_rhythm,1368
spongebob_squarepants_(series),1367
strike_witches:_suomus_misfits_squadron,1366
my-otome,1366
xenogears,1360
nanatsu_no_taizai,1355
drag-on_dragoon,1355
dragon_ball_super_broly,1351
dragon_quest_viii,1349
sekaiju_no_meikyuu_1,1347
nijisanji_kr,1344
invincible_(series),1342
non_non_biyori,1342
majo_no_takkyuubin,1340
comiket_102,1339
my_little_pony:_equestria_girls,1332
taimanin_asagi,1332
yu_yu_hakusho,1327
tekken_8,1326
aa_megami-sama,1326
ichigo_mashimaro,1325
helios_rising_heroes,1321
pokemon_emerald,1317
resident_evil_6,1316
metal_gear_solid,1315
world_dai_star,1315
fate/grand_order_arcade,1315
resident_evil_village,1315
the_witcher_(series),1312
gakkou_gurashi!,1311
himouto!_umaru-chan,1309
robotics;notes,1308
pokemon_mystery_dungeon,1305
deadpool_&_wolverine,1304
violet_evergarden_(series),1304
kirby_64,1293
ikizulive!_love_live!_bluebird,1291
pop'n_music,1291
pixiv_fantasia_last_saga,1290
akame_ga_kill!,1287
tokyo_ghoul:re,1286
devil_may_cry_3,1285
studio_ghibli,1285
one_piece_film:_red,1283
dao_gui_yi_xian,1283
utawarerumono:_chiriyuku_mono_e_no_komoriuta,1280
nisekoi,1279
fushigi_no_umi_no_nadia,1276
kizumonogatari,1275
shy_(series),1270
nijiura_maids,1270
kiratto_pri_chan,1269
ys,1268
mawaru_penguindrum,1266
yu-gi-oh!_zexal,1259
key_(company),1257
sound_voltex,1256
shinkai_no_valkyrie,1255
splatoon_2:_octo_expansion,1252
ojamajo_doremi,1249
kidou_senkan_nadesico,1249
ragnarok:_guild_masters,1248
minami-ke,1238
kai_no_kiseki,1237
ao_no_kiseki,1237
denonbu,1237
dream_c_club_(series),1233
kimi_kiss,1228
super_real_mahjong,1227
hokuto_no_ken,1226
tensei_oujo_to_tensai_reijou_no_mahou_kakumei,1225
2channel,1224
dota_(series),1223
the_king_of_fighters_xiv,1220
disney,1218
imperishable_night,1218
busou_shinki,1218
helluva_boss,1214
chiikawa,1209
idoly_pride,1209
subterranean_animism,1208
grand_theft_auto,1202
fire_emblem:_fortune's_weave,1202
apollo_justice:_ace_attorney,1198
cosmic_break,1198
capcom_fighting_jam,1196
uchuu_senkan_yamato,1196
sekai_seifuku:_bouryaku_no_zvezda,1196
apple_inc.,1194
battle_spirits,1193
fire_emblem:_thracia_776,1192
blue_archive_the_animation,1192
code_geass:_lost_stories,1192
gridman_universe_(movie),1191
bang_dream!_yumemita,1191
king's_raid,1188
shin_sangoku_musou,1187
daiya_no_ace,1186
mirai_nikki,1185
dota_2,1183
pixiv,1181
trigun_stampede,1179
en'en_no_shouboutai,1177
monster_hunter_wilds,1176
pokemon_unite,1173
dream_c_club,1173
odin_sphere,1172
magic:_the_gathering,1171
occultic;nine,1171
unicorn_overlord,1168
shuffle!,1166
blade_&_soul,1163
fate/unlimited_codes,1161
black_souls_2,1160
saya_no_uta,1158
sekaiju_no_meikyuu_4,1158
star_ocean:_till_the_end_of_time,1157
pokemon_the_series:_black_&_white,1155
virtuareal,1152
master_detective_archives:_rain_code,1152
hataraku_maou-sama!,1150
perfect_cherry_blossom,1150
halo_(series),1146
final_fight,1145
yes!_precure_5_gogo!,1144
guardian_tales,1143
yagate_kimi_ni_naru,1141
grandia,1140
pokemon_ultra_sun_and_ultra_moon,1139
owari_no_seraph,1139
doom_(series),1139
dragon_quest_builders_2,1137
magic_knight_rayearth,1136
guardians_of_the_galaxy,1135
kami_jigen_game_neptune_v,1134
toji_no_miko:_kizamishi_issen_no_tomoshibi,1133
kirby_and_the_forgotten_land,1130
esse_series,1127
taimanin_rpgx,1127
taimanin_yukikaze,1127
armored_core_vi:_fires_of_rubicon,1124
highschool_of_the_dead,1123
getter_robo,1117
miraculous_ladybug,1117
shadowverse:_worlds_beyond,1117
shin_megami_tensei_v,1116
brand_new_animal,1115
sen_to_chihiro_no_kamikakushi,1115
yofukashi_no_uta,1113
kamen_rider_w,1112
square_enix,1112
atelier_ryza_2,1112
aika_(series),1111
disneyland,1110
mononoke_hime,1109
arms_(game),1109
fukumoto_mahjong,1106
flcl,1105
"don't_say_""lazy""",1104
paradox_live,1101
charlotte_(anime),1100
another_eidos-r,1097
moomin,1097
tenchi_muyou!,1096
little_witch_nobeta,1095
the_owl_house,1094
kage_no_jitsuryokusha_ni_naritakute!,1091
chromashift,1089
unfinished_dream_of_all_living_ghost,1087
top_wo_nerae!_(series),1087
hacka_doll,1086
mazinger_(series),1082
sewayaki_kitsune_no_senko-san,1081
million_arthur_(series),1079
dramatical_murder,1078
call_of_cthulhu,1076
chrono_cross,1075
cthulhu_mythos,1075
choujikuu_yousai_macross,1074
idol_wars,1073
touhou_cannonball,1072
naruto:_the_last,1071
monster_musume_no_iru_nichijou_online,1071
curiosities_of_lotus_asia,1069
zoids,1069
aquarion_(series),1069
sono_hanabira_ni_kuchizuke_wo,1067
animal_crossing:_new_horizons,1064
dark_souls_ii,1062
crave_saga,1060
digimon_adventure_02,1060
journey_to_the_west,1060
world_is_mine_(vocaloid),1059
bishoujo_senshi_sailor_moon_r,1056
merc_storia,1056
mahou_shoujo_madoka_magica_movie_1_&_2,1055
sister_princess,1052
pokemon_pokopia,1052
persona_2,1049
snowbreak:_containment_zone,1049
sonic_the_hedgehog_(classic),1048
mega_man_x_dive,1047
seitokai_ni_mo_ana_wa_aru!,1046
miku_symphony_(vocaloid),1045
turn_a_gundam,1045
choukou_taisen_escalation_heroines,1043
sega,1039
shino_to_ren,1032
uta_no_prince-sama,1032
line_(naver),1032
yosuga_no_sora,1030
sen_no_kiseki_iv,1029
japanese_urban_legends,1027
deadlock_(game),1027
sengoku_musou,1025
ookami_(game),1024
rurouni_kenshin,1022
dead_or_alive_xtreme,1017
bishoujo_senshi_sailor_moon_(first_season),1015
drag-on_dragoon_3,1015
mermaid_melody_pichi_pichi_pitch,1013
xenoblade_chronicles_3:_future_redeemed,1009
dragon_ball_super_super_hero,1009
resident_evil_5,1007
arc_the_lad,1007
sora_no_otoshimono,1007
dragon_ball_heroes,1006
strike_the_blood,1006
kingdom_hearts_iii,1004
ao_no_exorcist,1004
ansatsu_kyoushitsu,1003
tolkien's_legendarium,1003
tantei_opera_milky_holmes,1003
akira_(manga),1003
sekiro:_shadows_die_twice,1001
maoyuu_maou_yuusha,1000
gameoverse,999
tales_of_destiny,996
tonari_no_totoro,996
cardcaptor_sakura_clear_card_arc,994
tamagotchi,990
false_memory,990
tokyo_mew_mew,989
atelier_resleriana,988
eizouken_ni_wa_te_wo_dasu_na!,987
koutetsujou_no_kabaneri,987
hades_1,986
densetsu.exe,986
greek_mythology,985
kakegurui,984
magic_kaito,983
toaru_kagaku_no_railgun_t,980
the_elder_scrolls_v:_skyrim,980
cyberpunk_2077,978
persona_4:_the_ultimate_in_mayonaka_arena,978
futari_wa_precure_splash_star,978
nekomonogatari,978
breath_of_fire_ii,977
egyptian_mythology,976
agent_aika,976
idolish7,975
destiny_child,973
kyatapi_land,971
school_rumble,971
gundam_0083,969
yume_2kki,968
86_-eightysix-,966
megido72,966
tekken_7,965
sound_horizon,965
mahou_shoujo_madoka_magica_magia_exedra,965
witches_of_africa,964
mitsudomoe_(manga),962
pixiv_fantasia_5,960
dracu-riot!,959
soukou_akki_muramasa,959
voms,959
toaru_kagaku_no_mental_out,957
star_ocean:_anamnesis,954
bishoujo_senshi_sailor_moon_supers,954
idol_time_pripara,953
kyokugen_dasshutsu,953
crash_fever,952
juusan_kihei_bouei_ken,951
akagi:_yami_ni_oritatta_tensai,950
kingdom_hearts_birth_by_sleep,946
divine_gate,943
ochame_na_okusan_to_no_nichijou_chabangoto,941
zootopia,940
aquarion_evol,940
chaos_zero_nightmare,936
dolls_in_pseudo_paradise,936
iron_saga,935
scp_foundation,935
kaze_no_tani_no_nausicaa,934
genshiken,934
the_incredible_hulk_(series),933
captain_america_(series),933
a_hat_in_time,933
super_mario_bros._1,932
rakuen_tsuihou,932
ace_combat,931
type-moon,931
musaigen_no_phantom_world,931
wind_breaker_(nii_satoru),929
digimon_tamers,928
tales_of_phantasia,926
terraria,924
howl_no_ugoku_shiro,924
ganbare_douki-chan,923
persona_5:_the_phantom_x,922
hajimari_no_kiseki,922
tower_of_fantasy,922
instagram,921
4chan,920
nerawareta_megami_tenshi_angel_tear,920
rosario+vampire,920
solo_leveling,919
thor_(marvel)_(series),918
dislyte,918
yuusha_series,918
friday_night_funkin',918
shikanoko_nokonoko_koshitantan,917
ts_magical_girl_nao,917
dennou_coil,917
kimi_ga_shine,916
waccha_primagi!,916
rune_factory:_guardians_of_azuma,915
justice_gakuen,915
persona_dancing,915
wii_fit,914
denpa_onna_to_seishun_otoko,912
noble_witches,912
mon-musu_quest:_paradox,912
octopath_traveler_i,911
powerpuff_girls_z,911
gravity_daze,911
motto!_haramase!_(series),909
rainbow_six_siege,908
fushigiboshi_no_futago_hime,908
idolmaster_cinderella_girls_u149,906
suigetsu,905
undefined_fantastic_object,903
yu-gi-oh!_vrains,902
frame_arms_girl,901
noripro,900
devil_summoner_(series),899
comiket_100,899
slay_the_spire,898
force_of_will,896
silent_hill_f,896
fatal_frame_ii:_crimson_butterfly,895
crayon_shin-chan,892
vampire_(vocaloid),891
bravely_default_(series),890
baka_to_test_to_shoukanjuu,889
the_tale_of_food,888
silent_hill_2,888
touhou_gensou_eclipse,883
queen's_blade_rebellion,882
jigokuraku,881
dispatch,881
kimi_to_semi_blue_(idolmaster),879
chi.:_chikyuu_no_undou_ni_tsuite,878
oshiete!_galko-chan,877
7th_dragon,877
accel_world,876
nyanko_daisensou,874
jigoku_shoujo,874
xenosaga_episode_iii,872
mikakunin_de_shinkoukei,871
yoru_no_kurage_wa_oyogenai,871
wonder_woman_(series),870
the_witcher_3,867
fantasy_earth_zero,867
strike_witches:_kurenai_no_majo-tachi,867
mahou_shoujo_madoka_magica:_walpurgis_no_kaiten,865
gate_-_jieitai_ka_no_chi_nite_kaku_tatakaeri,863
ishuzoku_reviewers,863
dead_by_daylight,862
family_guy,862
ano_natsu_de_matteru,862
piapro_studio,860
kininatteru_hito_ga_otoko_ja_nakatta,857
full_metal_panic!,857
gundam_build_divers_re:rise,856
comiket_101,855
senjou_no_valkyria_1,854
fate/unlimited_blade_works,853
god_eater_burst,852
grisaia_no_kajitsu,849
sekaiju_no_meikyuu_2,849
sunrise_(company),848
genseishinki_sacred_virth,848
koumajou_densetsu,847
vinesauce,847
gachiakuta,846
makai_senki_disgaea_2,844
cytus,844
inu_x_boku_ss,844
pixiv_fantasia_fallen_kings,843
digimon_story:_cyber_sleuth,842
iyowa_girls,842
kodomo_no_jikan,842
mortal_kombat_(series),841
nijisanji_id,840
cygames,839
tsurezure_children,838
dmm,837
uchuu_senkan_yamato_2199,836
ragnarok_masters,835
valkyrie_profile_(series),834
scooby-doo_(series),833
palworld,833
mato_seihei_no_slave,833
kingdom_hearts_i,832
mario_&_luigi_rpg,831
backrooms_(creepypasta),830
atelier_sophie,827
amphibia,825
morenatsu,825
duel_masters_play's,825
kemono_friends_2,823
dragon_quest_vii,823
stardew_valley,823
fire_emblem:_new_mystery_of_the_emblem,821
hyrule_warriors,820
sayonara_lara,818
sakamoto_days,818
school_days,816
high_school_dxd_born,815
devil_survivor_2,814
mass_effect_(series),813
ring_fit_adventure,813
super_mario_odyssey,812
kuro_no_kiseki_ii,812
mahou_shoujo_lyrical_nanoha_the_movie_1st,812
time_bokan_(series),811
grandia_i,811
chobits,809
shinkai_shoujo_(vocaloid),808
yani_neko,806
ace_attorney_investigations,806
pepsi,803
hooters,802
idolmaster_live_for_you!,800
aikatsu_friends!,800
digimon_beatbreak,799
gundam_0080,799
sengoku_bushouki_muramasa,798
gundam_g_no_reconguista,796
ghost_in_the_shell:_stand_alone_complex,796
honzuki_no_gekokujou,795
resident_evil_2_(remake),795
log_horizon,794
medarot,791
squid_game,789
hololive_dreams,789
amazon_(company),785
mahouka_koukou_no_rettousei,785
the_little_mermaid_(disney),784
macross_7,783
2026_fifa_world_cup,781
inazuma_eleven_go_galaxy,781
metal_gear_solid_v:_the_phantom_pain,780
kagurabachi,779
shine_post,778
cytus_ii,777
afk_(series),776
mountain_of_faith,776
classicaloid,776
legacy_of_lunatic_kingdom,773
rou-kyuu-bu!,773
niconico,773
kamen_rider_revice_(series),772
adachi_to_shimamura,770
renkin_san-kyuu_magical_pokaan,768
tenga,767
ikkitousen_extra_burst,766
the_loud_house,765
shugo_seijo_prism_saber,765
umamusume:_beginning_of_a_new_era,764
re:creators,761
irasutoya,761
the_scum_villain's_self-saving_system,760
gundam_age,758
pixiv_fantasia_t,758
wild_arms_2,758
metal_gear_rising:_revengeance,758
digimon_story:_time_stranger,758
reitaisai_7_contest,758
soukyuu_no_fafner,757
hoozuki_no_reitetsu,757
aogiri_koukou,756
tales_of_symphonia_knight_of_ratatosk,756
kirby_star_allies,756
girls_und_panzer_motto_love_love_sakusen_desu!,755
bokura_wa_ima_no_naka_de,753
djmax,750
xblaze,749
love_hina,749
seitenkango._shinyuu_to,749
kekkai_sensen,748
kakyuusei_(series),748
disco_elysium,747
comic_kairakuten,746
master_of_eternity,746
futari_wa_precure_max_heart,746
akuma_no_riddle,745
reitaisai_9_contest,745
fallout_4,744
another_eden,743
kyoukai_no_kanata,742
the_road_to_el_dorado,741
bilibili,740
fossilized_wonders,739
bandai,738
pragmata,737
tales_of_xillia_2,735
dragon_quest_vi,734
forever_7th_capital,733
konosuba!_fantastic_days,733
re:act,732
devil_survivor_1,732
atelier_totori,731
kamen_rider_ooo_(series),731
higurashi_no_naku_koro_ni_gou,730
iriam,730
muv-luv_total_eclipse,729
shaman_king,727
puniru_wa_kawaii_slime,727
senki_zesshou_symphogear_xd_unlimited,727
shin_megami_tensei_iii:_nocturne,726
takopii_no_genzai,726
choukou_tenshi_escalayer,726
hentai_ouji_to_warawanai_neko.,726
kamen_rider_dcd,725
mahou_shoujo_oriko_magica,725
mairimashita!_iruma-kun,725
hidden_star_in_four_seasons,725
bayonetta_2,724
ben_10_(classic),723
natsuiro_egao_de_1_2_jump!,723
haibane_renmei,723
psycho-pass,722
learning_with_manga!_fgo,722
hinata_channel,721
talkex,717
langrisser,716
the_end_of_evangelion,716
sekirei,714
zutto_mayonaka_de_ii_no_ni,713
god_eater_2:_rage_burst,713
zozotown,713
bang_dream!_our_notes,712
the_iron_of_yin_and_yang,711
dragon_village_(series),710
evertale,709
valkyrie_drive,708
claymore_(series),707
love_live!_nijigasaki_high_school_idol_club_the_movie_-_finale,705
all_wishes_come_true!,705
utawarerumono:_itsuwari_no_kamen,705
peanuts_(comic),705
hanasaku_iroha,704
koi_wa_sensou_(vocaloid),703
shinmai_maou_no_testament,702
choukou_shinki_ixseal,702
formula_one,701
the_transformers_(idw),700
garbage_time,700
unconnected_marketeers,700
devil_may_cry_4,698
toaru_kagaku_no_railgun_s,698
suisei_no_gargantia,697
ao_no_kanata_no_four_rhythm,696
yuukyuu_gensoukyoku,695
oounabara_to_wadanohara,694
tangled,693
dream_smp,693
ena_(series),692
wrestle_angels,691
summon_night_3,691
kunoichi_tsubaki_no_mune_no_uchi,691
viper_(series),691
resident_evil_1,690
garou:_mark_of_the_wolves,690
sony,689
princess_tutu,688
new_horizon,688
victory_gundam,686
ousama_ranking,686
dragon_village_collection,686
breath_of_fire_v,686
alien_(series),686
yuusha_to_maou,685
shadows_house,684
simoun,681
atelier_ryza_3,680
dango_daikazoku,680
xxl_woofia,679
mahou_shoujo_ikusei_keikaku_unmarked,678
jewelpet_(series),678
paper_mario:_the_thousand-year_door,678
madou_monogatari,677
haiiro_teien,677
oboro_muramasa,677
aether_gazer,677
mario_kart_world,676
akb0048,675
dirty_pair,675
olympics,674
strinova,674
strawberry_panic!,673
given,673
bravely_default:_flying_fairy,673
pop-up_story,670
futoku_no_guild,670
devilman,670
subarashiki_kono_sekai,669
gekitotsu!_joshikousei_oiroke_sensha_gundan,668
summertime_render,668
yatterman,668
dissidia_duellum_final_fantasy,667
blazblue:_central_fiction,667
kamen_rider_ryuki_(series),664
blazblue:_chronophantasma,663
ar_tonelico_ii,663
splatoon_3:_side_order,663
homestuck,663
metroid_dread,662
bishoujo_mangekyou_(series),662
idolmaster_sp,661
barbie_(franchise),660
tales_of_arise,660
muv-luv_girls_garden,660
persona_4_the_golden,659
record_of_lodoss_war,659
love_live!_the_school_idol_movie,659
noss_&_zakuro,658
cave_story,657
absolute_dc,656
resident_evil_3_(remake),656
happiness!,656
saihate_eki,655
beyblade,655
jack_jeanne,655
soccer_spirits,655
elf-san_wa_yaserarenai.,653
persona_1,652
aku_no_musume_(vocaloid),652
tales_of_the_rays,651
battle_girl_high_school,651
starward,651
wily_beast_and_weakest_creature,650
kaijuu_no._8,650
aladdin_(movie),648
pac-man_(game),648
ef_(visual_novel),648
queen's_gate,648
bayonetta_1,647
tenshinranman,646
windows_classic,645
higurashi_no_naku_koro_ni_mei,645
saga_frontier_2,645
black_jack_(series),644
urban_legend_in_limbo,644
tsugumomo,643
avatar_aang:_the_last_airbender,643
rinne_no_lagrange,641
final_fantasy_ii,639
dragon_ball_daima,639
xenoblade_chronicles_x,638
cyborg_009,638
gantz,638
formation_girls,638
blue_reflection_(series),637
aespa,636
yoru_mac,636
to_be_hero_x,636
modern_mogal,635
tales_of_eternia,634
kamen_rider_build_(series),633
cry_of_fear,633
dohna_dohna_issho_ni_warui_koto_o_shiyou,633
the_addams_family,633
bleach:_epilogue,633
digimon_liberator,633
jibaku_shounen_hanako-kun,632
windows_xp,632
gosick,632
tokimeki_memorial_girl's_side,631
breaking_bad,631
pacific_rim,631
bamboo_blade,631
sakura_no_uta,630
neo-porte,630
octopath_traveler_ii,630
atelier_live,630
hololive_grand_theft_auto,630
ender_lilies_quietus_of_the_knights,630
animedia,629
top_wo_nerae!,629
maji_de_watashi_ni_koi_shinasai!,629
helldivers_(series),628
kyoufuu_all_back_(vocaloid),627
dream_believers,627
makai_senki_disgaea_4,627
rhythm_tengoku,627
kamen_rider_555,625
super_robot_wars_og_saga_mugen_no_frontier,625
flip_flappers,625
final_fantasy_x-2,625
hyoutenka_30-do_no_zetsubou,624
blame!,624
gundam_08th_ms_team,624
dragon_musume_ni_naritakunai!,623
milgram,623
yakusoku_no_neverland,621
yu-gi-oh!_go_rush!!,620
red_hood_and_the_outlaws,619
phoenix_wright:_ace_attorney_-_dual_destinies,618
himitsu_no_aipri,617
onna_ga_nigate_na_yankee_to_shoujo_no_hanashi,617
comiket_94,616
shinza_bansho_series,615
amairo_islenauts,615
pandora_hearts,614
skoshism,613
another,613
pokemon_tcg_pocket,612
atri-my_dear_moments-,612
ima_sugu_rinne_(vocaloid),611
ash_arms,610
fate/requiem,610
iris_mysteria!,610
kidou_keisatsu_patlabor,609
foster's_home_for_imaginary_friends,609
soredemo_ayumu_wa_yosetekuru,609
sakura_trick,609
sangokushi_taisen,608
fire_emblem:_shadow_dragon_and_the_blade_of_light,608
pixiv_fantasia_age_of_starlight,606
magnet_(vocaloid),605
mazinger_z,605
high_school_dxd_infinity,605
afk_journey,605
mouthwashing,604
ore_twintail_ni_narimasu,604
sekaiju_no_meikyuu_5,603
naruto_shippuuden:_ultimate_ninja_blazing,603
digimon_frontier,602
breath_of_fire_iv,602
white_album_(series),602
mahoutsukai_no_yakusoku,602
gensou_suikoden_ii,602
tennis_no_ouji-sama,601
wactor_production,601
eiyuu_senki,600
sk8_the_infinity,599
dororo_(tezuka),599
kerberos_blade,599
beastars,598
dengeki_g's,597
portal_(series),597
sky:_children_of_the_light,597
blackpink,596
kimi_ga_nozomu_eien,596
pokemon_cafe_remix,595
kingdom_hearts_358/2_days,595
rakudai_ninja_rantarou,595
xenosaga_episode_i,594
pretty_rhythm_rainbow_live,594
f-ism,594
ultraman_(1st_series),593
zannen_onna-kanbu_black_general-san,593
tomb_raider,592
snow_white_(fairy_tale),591
gundam_arsenal_base,590
kmnz,589
teenage_mutant_ninja_turtles,589
genjitsu_no_yohane,589
kamen_rider_geats_(series),588
kamen_rider_01_(series),588
project_kv,587
pikmin_4,587
breath_of_fire_iii,586
rune_factory_4,585
power_pro-kun_pocket,585
shrek_(series),584
atelier_rorona,584
saru_getchu,582
sayonara_wo_oshiete,581
koishi_komeiji's_heart-throbbing_adventure,581
my_adventures_with_superman,580
qurare_magic_library,580
senbonzakura_(vocaloid),580
snow_white_and_the_seven_dwarfs_(disney),580
mainichi_kiss_shite_lolita,579
f-zero,579
limelight_lemonade_jam,578
pokemon_champions,578
romeo_to_cinderella_(vocaloid),578
sword_art_online:_alicization_-_war_of_underworld,578
do_it_yourself!!,577
mashle,577
shoukoujo,577
final_fantasy_iii,575
owarimonogatari,573
fushigi_na_neko_no_machi_meltier,573
romancing_saga_2,572
gj-bu,572
shin_godzilla,572
gunslinger_girl,572
chain_paradox,571
grand_theft_auto_vi,570
yumekui_merry,570
the_shining,570
alice_sherlock:_the_rubious_nebula,570
hololive_official_card_game,569
the_simpsons,569
hades_2,569
sakura_taisen_iii,569
pixiv_fantasia_sword_regalia,569
voltron_(series),569
nexon,569
fate/extella_link,569
kono_subarashii_sekai_ni_shukufuku_wo!_kono_yokubukai_game_ni_shinpan_o!,569
fatal_frame:_maiden_of_black_water,567
ten_desires,567
liver_city,567
pizza_hut,567
dumbbell_nan_kilo_moteru?,566
kim_possible_(series),565
gensou_suikoden_v,565
kore_wa_zombie_desu_ka?,563
big_hero_6,563
yu-gi-oh!_sevens,563
demonbane,563
four_goddesses_online:_cyber_dimension_neptune,563
grappler_baki,563
sonic_the_hedgehog_(idw),562
shoujo_ramune,562
akebi-chan_no_serafuku,562
kantai_collection_(anime),562
bokujou_monogatari,562
voicepeak,560
pukey_goddess_shot_trick,560
ukagaka,560
gundam_perfect_file,560
zoids_genesis,560
suna_no_wakusei_(vocaloid),559
makai_senki_disgaea_3,559
go!_go!_gris!,558
sword_art_online_alternative:_gun_gale_online,558
wild_arms_1,557
otonari_no_tenshi-sama_ni_itsu_no_mani_ka_dame_ningen_ni_sarete_ita_ken,556
medium5,556
luminous_witches,555
xinyue_tongxing,555
pixiv_fantasia_new_world,555
idolmaster_shiny_colors_song_for_prism,554
otome_game_no_hametsu_flag_shika_nai_akuyaku_reijou_ni_tensei_shite_shimatta,554
hori-san_to_miyamura-kun,554
arc_the_lad_ii,553
school_girl_strikers,553
kamen_rider_kuuga_(series),552
forbidden_scrollery,552
shounen_jump,552
final_fantasy_i,551
sen_no_kiseki_ii,551
sengoku_rance,550
oneshot_(game),550
the_lord_of_the_rings,550
slay_the_spire_2,549
light_and_night_love,548
kotobukiya_bishoujo,547
mahoutsukai_linn_no_shiawase_na_kekkon,546
read_or_die,546
boruto:_two_blue_vortex,544
senran_kagura_estival_versus,544
sugar_sugar_rune,544
kyu-kurarin_(cevio),543
age_of_ishtaria,543
no_i'm_not_a_human,543
witchblade_(anime),542
mechanical_buddy_universe,542
atelier_meruru,541
voltron:_legendary_defender,541
prism_project,541
tenkuu_no_shiro_laputa,541
yappari_chinchirando,541
crash_bandicoot_(series),540
comiket_99,540
pokemon_brilliant_diamond_and_shining_pearl,539
enjo_kouhai,538
the_lego_group,538
girls_und_panzer_saishuushou,537
carnival_phantasm,537
yoake_mae_yori_ruri_iro_na,536
listen!!,536
jahy-sama_wa_kujikenai!,535
da_capo_ii,535
tenmaku_no_jaadugar,534
netsu_ijou_(utau),534
kuroinu_~kedakaki_seijo_wa_hakudaku_ni_somaru~,534
ouran_high_school_host_club,534
rance_x,533
night_sparrow_love,533
medaka_box,533
monster_musume_td,533
fatal_frame:_mask_of_the_lunar_eclipse,533
kanan-sama_wa_akumade_choroi,532
sunken_fossil_world,532
bunny_garden,532
7th_dragon_2020,531
meridian_project,531
tales_of_destiny_2,531
mario_tennis,531
isekai_maou_to_shoukan_shoujo_no_dorei_majutsu,531
kamen_rider_fourze_(series),529
choujigen_game_neptune_mk2,529
friday_the_13th,529
yuusha_ou_gaogaigar,529
a_channel,529
.hack//g.u.,528
disgaea_rpg,528
hamidashi_creative,528
doukyuusei,527
danna_ga_nani_wo_itte_iru_ka_wakaranai_ken,526
walt_disney's_peter_pan,525
fallout:_new_vegas,525
monsters_raid,524
dies_irae,524
crazy_raccoon,523
after_war_gundam_x,523
super_heroine_boy,521
gundam_msv,521
phoenix_wright:_ace_attorney_-_trials_and_tribulations,519
blue_oath,519
valkyrie_drive_-mermaid-,519
omamori_himari,519
dragon_quest_dai_no_daibouken,518
warframe,518
working_girls_weekly,518
kamen_rider_ex-aid_(series),518
kamen_rider_(1st_series),516
reverseblue_x_re-birthend,515
american_mcgee's_alice,515
soulcalibur_iv,515
alternative_girls,515
danmachi_memoria_freese,515
fatal_fury:_city_of_the_wolves,514
sonic_frontiers,514
16personalities,513
macross:_do_you_remember_love?,513
tales_weaver,513
houshin_engi,512
top_wo_nerae_2!,512
otaku-kun_to_gyaru_no_koi,511
kirara_fantasia,511
initial_d,511
satsuriku_no_tenshi,510
vinland_saga,510
fire_emblem:_shadow_dragon,509
sleeping_beauty_(disney),509
sasayaku_you_ni_koi_wo_utau,509
one_piece_treasure_cruise,509
ninja_slayer,508
miru_tights,508
ganbare!_nakamura-kun!!,507
tower_of_god,507
terminator_(series),506
hitsugi_no_chaika,506
kuso_miso_technique,505
sengoku_collection,505
zettai_karen_children,505
shukusei!!_loli-kami_requiem,505
yuzusoft,505
beauty_and_the_beast_(disney),505
drifters,503
pixiv_fantasia_3,503
murder_drones,503
nier_reincarnation,503
mushishi,502
maimai_(game),502
foul_detective_satori,502
prison_school,501
project_diva_2nd,501
titanfall_(series),501
kimetsu_gakuen,501
catherine_(game),500
mahou_shoujo_lyrical_nanoha_the_movie_2nd_a's,500
rune_factory_3,500
musuko_ga_kawaikute_shikatanai_mazoku_no_hahaoya,500
"mogyutto_""love""_de_sekkin_chuu!",500
star_ocean:_the_last_hope,499
love_and_producer,499
dragon_quest_i,499
hitozuma_sentai_aisaiger,499
dr._slump,498
toy_story,498
my_life_as_a_teenage_robot,496
fear_&_hunger_1,496
baccano!,496
kamen_rider_gavv_(series),496
animage,495
jubilee_2025,495
voisona,495
gendai_ninjakko_zukan,494
yumemi_ga_cheek!,494
da_capo_i,494
monsterverse,494
duffy_and_friends,493
food_fantasy,492
castlevania:_portrait_of_ruin,492
hercules_(1997_movie),492
mahou_senki_lyrical_nanoha_force,491
atelier_yumia,490
umamusume:_road_to_the_top,490
tokimeki_memorial_1,490
clover_theater,490
reitaisai_10_contest,490
maison_ikkoku,488
idolmaster_poplinks,488
legend_clover,488
koe_no_katachi,487
nijisanji_koshien,487
cu-no,487
hitoribocchi_no_marumaru_seikatsu,486
transformers_(live_action),486
kemurikusa,486
xenoblade_chronicles_2:_torna_-_the_golden_country,486
gyakushuu_no_fantasica,486
mirai_akari_project,485
boku_dake_ga_inai_machi,485
star_driver,485
kanpani_girls,485
mahou_shoujo_ikusei_keikaku_restart,484
lilo_&_stitch,484
production_kawaii,484
gundam_f91,484
dorei_to_no_seikatsu_~teaching_feeling~,484
our_life,483
metal_gear_solid_3:_snake_eater,482
kamen_rider_den-o_(series),482
everlasting_summer,482
a_song_of_ice_and_fire,482
marvel_tokon:_fighting_souls,481
.flow,481
wild_arms_3,481
iosys,479
urara_meirochou,479
the_big_o,479
katanagatari,479
zhu_xian,479
digimon_ghost_game,478
danshi_koukousei_no_nichijou,478
chunithm,477
plave,477
kannazuki_no_miko,477
star_vs_the_forces_of_evil,477
world_of_warships,476
18trip,475
citrus_(saburouta),475
saga_frontier,475
gake_no_ue_no_ponyo,475
creepypasta,475
the_nightmare_before_christmas,474
tensui_no_sakuna-hime,474
comiket_95,474
furyou_michi_~gang_road~,474
warrior_cats,474
persona_2_tsumi,473
matryoshka_(vocaloid),473
winx_club,473
saturday_night_fever,473
kowareta_sekai_to_utaenai_miku,472
wakfu,472
cutie_honey,472
shimeji_simulation,472
roco_kingdom,471
tetris,471
virtua_fighter,470
comic_aun,470
uni_create,470
kamen_rider_blade_(series),469
mononoke,469
tatakau_ni_atai_suru,469
final_gear,469
shirokami_project,468
gfriend,467
the_legend_of_zelda:_echoes_of_wisdom,467
national_basketball_association,467
seto_no_hanayome,467
project_hail_mary,467
girls_und_panzer_ribbon_no_musha,466
silent_hill_3,466
onegai_teacher,465
comiket_96,464
marvel_vs._capcom_2,464
maitetsu,463
sora_wo_kakeru_shoujo,463
the_jojolands,462
echocalypse,462
ange_vierge,462
akemiho_tabi_nikki,462
pornhub,462
gatchaman_crowds,461
#compass,461
honey_come_chatka!!,461
wednesday_(netflix),460
hatsune_miku_graphy_collection,460
iya_na_kao_sare_nagara_opantsu_misete_moraitai,460
tsumamigui_(series),460
ookami-san,460
tamacolle,459
mashiroiro_symphony,459
star_wars:_the_clone_wars_(2008_tv_series),458
san-x,458
elfen_lied,457
kinnikuman,457
phoenix_wright:_ace_attorney_-_spirit_of_justice,457
jingling_zhi_dan,457
mekakucity_actors,457
demon's_souls,457
hinako_note,457
yomi_no_tsugai,457
gensou_suikoden_i,456
koisuru_asteroid,455
shigatsu_wa_kimi_no_uso,455
k-project,455
baby_princess,455
looney_tunes,454
rakudai_kishi_no_cavalry,454
comic_kairakuten_beast,454
mahou_shoujo_sae,453
bokutachi_wa_benkyou_ga_dekinai,453
persona_5:_dancing_star_night,452
forestia_~chiisana_machi_no_bokujou_life~,452
fire_emblem_shadows,451
doupo_cangqiong,451
mahoromatic,451
ar_tonelico_iii,451
vigilante_-boku_no_hero_academia:_illegals-,451
comiket_97,450
galge.com,450
the_legend_of_zelda:_a_link_to_the_past,449
ginga_eiyuu_densetsu,449
rolling_girl_(vocaloid),449
roshin_yuukai_(vocaloid),449
mode_aim,449
tokimeki_memorial_2,449
tsunderia,449
sore_wa_bokutachi_no_kiseki,448
our_life:_beginnings_and_always,447
yuri-natsu:_minshuku_kagaya,447
idolmaster_side-m_growing_stars,446
danganronpa_another,445
mahou_shoujo_lyrical_nanoha_a's_portable:_the_battle_of_aces,445
encanto,444
the_murder_of_sonic_the_hedgehog,444
atelier_escha_&_logy,444
high_school_dxd_pi,444
natsume_yuujinchou,444
pui_pui_molcar,444
la_pucelle_tactics,444
sinsekai_record,443
doukyuusei_2,443
onsen_musume,442
story_of_eastern_wonderland,442
kagura_gumi,442
yuru-chara,441
doom_eternal,441
white_album_2,441
chuugoku_yome_nikki,441
fuuki_iinchou_seira,440
kimi_ga_shinu_made_koi_wo_shitai,440
mishiranu_joshikousei_ni_kankin_sareta_mangaka_no_hanashi,440
himehina_channel,439
chaos;head_love_chu_chu!,439
pia_carrot_(series),439
enigmatic_recollection,438
half-life_(series),438
takaramonozu,438
precure_all_stars,438
kamoku_dakedo_mechakucha_nori_no_ii_kuroneko-chan,437
bobobo-bo_bo-bobo,437
jormungand_(manga),437
tokyo_mirage_sessions_fe,436
ena:_dream_bbq,436
muse_dash,436
kyoto_animation,435
kaoru_hana_wa_rin_to_saku,435
love_live!_hasu_no_sora_jogakuin_school_idol_club_bloom_garden_party,435
power_pro_appli,435
taimanin_asagi_kessen_arena,435
off_(game),434
maou-jou_de_oyasumi,434
eden's_zero,434
legend_of_the_cryptids,434
girl_cafe_gun,434
tribe_nine,433
nue_no_onmyouji,433
wrestle_angels_survivor,432
splatoon_raiders,432
darkest_dungeon,432
chrono_crusade,432
juuni_kokuki,432
kirby_air_ride,431
eyeshield_21,431
she-ra_and_the_princesses_of_power,431
sonic_adventure_2,431
tsukuyomi_moonphase,431
cyphers,430
null-meta,430
hikaru_no_go,429
alice:_madness_returns,429
seikon_no_qwaser,429
mother_1,429
otome_gee_sekai_wa_mob_ni_kibishii_sekai_desu,429
sakura-sou_no_pet_na_kanojo,428
mahotama,428
kamen_rider_gaim_(series),427
soukou_seiki_ysphere,427
black_bullet,427
bougyoryoku_zero_no_yome,427
yandere_simulator,426
amakano_2,426
nurarihyon_no_mago,426
k-on!_movie,426
tomo-chan_wa_onna_no_ko,425
tiktok,425
phantasmagoria_of_flower_view,425
king_of_prism,425
washio_sumi_wa_yuusha_de_aru,424
melty_blood:_type_lumina,424
kyokugen_dasshutsu:_9_jikan_9_nin_9_no_tobira,424
suicide_squad,424
langrisser_mobile,424
428:_fuusa_sareta_shibuya_de,424
gwechul,423
google,423
familiar_lands,423
roco_kingdom:_world,422
kunio-kun_series,422
project_diva_f,422
oda_nobuna_no_yabou,422
wake_up_girls!,422
touhou_danmaku_kagura,422
the_king_of_fighters_xiii,421
manga_time_kirara,421
demi-chan_wa_kataritai,421
the_amazing_world_of_gumball,421
kakyuusei,421
ryoujoku_gakuen,421
djmax_respect,421
hidan_no_aria,420
bokusatsu_tenshi_dokuro-chan,419
eversoul,419
canaan_(series),419
ar_tonelico_i,418
watashi_wo_tabetai_hitodenashi,417
pokemon:_twilight_wings,417
hyrule_warriors:_age_of_calamity,417
memories_off,417
mahou_shoujo_inori,417
lotte_no_omocha!,417
druaga_no_tou,416
sweets_paradise,416
tales_of_legendia,416
snk_heroines:_tag_team_frenzy,415
clair_obscur:_expedition_33,415
tonari_no_kyuuketsuki-san,414
tamagotchi_(classic),414
warhammer_fantasy,414
strawberry_prince,413
ga-rei,413
pacific_(kancolle),413
chaos_online,413
coppelion,413
7-eleven,412
sarazanmai,412
daiblos_core,412
mega_man_2,412
soulcalibur_vi,411
me!me!me!,411
kakumeiki_valvrave,411
maria_holic,411
death_stranding,411
dead_or_alive_xtreme_venus_vacation,411
makai_senki_disgaea_5,410
kirby's_return_to_dream_land,410
first_stage_production,409
shiro_seijo_to_kuro_bokushi,409
galaxy_angel_rune,409
oshi_no_taisetsuna_hito_ni_narikawaru,408
samsung,408
shinsou_kenki_arch_saver,408
digimon_xros_wars,408
seito_kaichou_hikaru,407
schwarzesmarken,406
kumamiko,406
marl_kingdom,406
pokemon_winds_and_waves,406
detroit:_become_human,405
kamen_rider_kabuto_(series),405
kamen_rider_wizard_(series),405
bandai_namco,405
mimukauwa_nice_try_(vocaloid),404
yuushakei_ni_shosu,403
ninja_gaiden,403
dai_(series),403
mister_donut,403
unleashed,403
mega_man_x4,403
ga-rei_zero,403
iron_man_(series),402
sengoku_otome,402
mahoujin_guruguru,402
code:_kite,402
king_(vocaloid),401
taiho_shichauzo,401
x-men_movie_series,401
watashi_no_oshi_wa_akuyaku_reijou,400
suguri,400
moetan,400
duet_night_abyss,400
hakanai_kimi_wa_moukou_wo_hajimeru,400
phantasmagoria_of_dim.dream,399
astrae_oratio,399
ai_the_somnium_files,399
fate/extra_ccc_fox_tail,399
onegai_my_melody,399
ensemble_girls!,398
metal_gear_solid_4:_guns_of_the_patriots,398
sword_art_online:_unleashed_blading,398
rabbit_and_steel,398
transformers:_prime,398
tomodachi_life,397
grisaia_no_rakuen,397
mieruko-chan,396
strike_witches_zero,396
collar_x_malice,396
the_incredibles,396
22/7_ongaku_no_jikan,396
weather_planet,396
erha_he_ta_de_bai_mao_shizun,395
double_dealing_character,395
elona,395
magician's_aerial_dream,395
nurse_witch_komugi-chan,395
nippon_ichi,395
mahjong_fight_girl,395
sword_art_online_progressive,394
girls_und_panzer_little_army,394
kage_no_jitsuryokusha_ni_naritakute!_master_of_garden,394
titanfall_2,394
deemo,393
tom_and_jerry,393
2.5_jigen_no_ririsa,393
tenki_no_ko,392
yoru_no_yatterman,392
houchi_shoujo,392
guilty_gear_x,392
snow_halation,392
maken-ki!,391
mario_kart_tour,391
love_curse:_find_your_soulmate,390
princess_principal_game_of_mission,389
bacchikoi!,389
kamen_rider_zi-o_(series),388
monster_hunter_portable_3rd,388
cinderella_(disney_movie),387
trigger_(company),387
qinshi_mingyue,387
quiz_magic_academy_the_world_evolve,387
kitarou_tanjou:_gegege_no_nazo,387
mega_man_x:_command_mission,386
kemomimi_refle!,386
barbie_(live_action),386
invader_zim,385
metroid_fusion,385
slow_start,385
bleach:_brave_souls,385
walkure_romanze,385
gundam_battle_operation_2,385
isekai_ojisan,385
sdorica,384
wangzhe_rongyao,383
ace_attorney_investigations_2:_prosecutor's_gambit,383
transformers:_animated,383
yu-gi-oh!_master_duel,383
miniskirt_pirates,383
tsuujou_kougeki_ga_zentai_kougeki_de_ni-kai_kougeki_no_okaasan_wa_suki_desu_ka?,383
super_no_ura_de_yani_suu_futari,382
sakura_taisen_v,382
vyugen,382
versailles_no_bara,381
predator_(series),381
antinomy_of_common_flowers,381
bioshock_(series),381
oukoku_no_shugo_tenshi,381
cuphead_(game),380
ninjago,380
rain_world,380
shijou_saikyou_no_deshi_ken'ichi,380
shuumatsu_no_valkyrie,380
bural_chingu,380
cafe-chan_to_break_time,380
blade_runner_(series),379
gundam_sentinel,379
aku_no_meshitsukai_(vocaloid),379
tactics_ogre,379
last_period,378
yami_to_boushi_to_hon_no_tabibito,378
kai-ri-sei_million_arthur,378
disgaea_d2,377
lord_of_vermilion,377
microsoft,377
super_mario_rpg,377
life_is_strange_(series),377
sakura_no_toki,376
escape_from_tarkov,376
100%_orange_juice,376
seisenshi_dunbine,376
super_mario_3d_world,376
princess_peach:_showtime!,376
mahou_senshi_symphonic_knights,376
undead_unluck,375
danball_senki,375
143_ocean_boulevard,375
fall_guys,374
konjiki_no_gash!!,374
ooe_(adelta),374
mc_axis,374
zako_(vocaloid),374
jissai_no_tokoro,374
pixiv_fate/grand_order_contest_2,374
kemomimi_oukoku_kokuei_housou,374
digimon_universe:_appli_monsters,373
joshi_kousei_rich_thots,373
code_vein,373
hatsune_miku_happy_16th_birthday_-dear_creators-,373
to_heart_2_ad,373
summon_night_2,372
matai_toshi,372
super_blackjack,372
himekishi_olivia,372
steam_(platform),371
tetsuwan_atom,371
the_legend_of_zelda:_spirit_tracks,371
ojisan_to_marshmallow,371
no_thank_you!_(k-on!),370
danganronpa/zero,370
andersen's_fairy_tales,370
kaibutsu_oujo,370
beacon_of_light_in_the_dark_sea,369
shantae_and_the_pirate's_curse,369
last_exile,369
oomakase,369
devil_summoner:_soul_hackers,368
osu!,367
mighty_no._9,367
nogi_wakaba_wa_yuusha_de_aru,366
kamen_rider_drive_(series),366
plants_vs._zombies_2,366
crossbone_gundam,366
yowamushi_pedal,365
absolute_batman,365
castlevania:_rondo_of_blood,365
astral_party,365
karakai_jouzu_no_(moto)_takagi-san,365
manjuverunu_no_sen_otome,365
agarest_senki_(series),365
rokudenashi_majutsu_koushi_to_akashic_record,364
punch-out!!,364
god_of_war_(series),364
kamen_rider_kiva_(series),364
napoli_no_otokotachi,364
soukou_senki_prism_reica,364
valkyrie_profile_1,364
odd_taxi,364
soukou_kihei_votoms,364
jinrui_wa_suitai_shimashita,364
kaze_no_klonoa,363
kamihime_project,363
starcraft,363
houkago_teibou_nisshi,363
ultra_kaijuu_gijinka_keikaku,362
sonic_adventure,362
itai_no_wa_iya_nano_de_bougyoryoku_ni_kyokufuri_shitai_to_omoimasu,362
summer_wars,362
sabrina_to_muryoku_na_tamashii,362
fantasy_earth,362
usseewa,361
kyokugen_dasshutsu_adv:_zennin_shibou_desu,361
dragon_ball_xenoverse,360
dream_hunter_rem,360
chanto_suenai_kyuuketsuki-chan,360
wendy's,360
chousoku_henkei_gyrozetter,360
sword_art_online:_memory_defrag,360
happy_tree_friends,359
oomuro-ke,359
rilakkuma_(series),359
lord_of_heroes,359
black_surge_night,359
pixiv_fantasia_4,359
project_diva,358
tales_of_innocence,358
gynoid_talk,358
shinsou_seiki_elementia,357
himawari-san,357
nhk_ni_youkoso!,357
crystal_maiden_(series),357
mystic_square,356
hataraku_saibou_black,356
pokemon_mystery_dungeon:_explorers_of_time/darkness/sky,356
gachimuchi,355
c.c._lemon,355
yuukyuu_gensoukyoku_revival,355
queen's_blade_grimoire,355
monsters_inc.,354
hapymaher,354
professor_layton,354
planetarian,354
azure_striker_gunvolt_2,354
igaku_(utau),354
heroman,354
c_(control),354
kanagawa_oki_nami_ura,353
pokemon_sleep,353
tiny_evil,353
ichigo_100%,352
class_of_09,351
brave_girl_ravens,351
comiket_93,351
the_super_mario_bros._movie,351
urasekai_picnic,351
taiko_no_tatsujin,351
dosanko_gal_wa_namaramenkoi,350
mogeko_castle,349
persona_4:_dancing_all_night,349
hara_hara!!,349
kirby_super_star,348
tantei_wa_mou_shindeiru,348
dragon_age,348
seiken_gakuin_no_maken_tsukai,348
kagetsu_tooya,348
tom_clancy's_the_division,348
the_legend_of_zelda:_link's_awakening,348
internet_explorer,347
uchi_no_kuroneko_onnanoko,347
idol_land_pripara,347
atelier_ayesha,347
megami_magazine_deluxe,346
jet_set_radio,346
lotus_land_story,346
sonic_the_hedgehog_(archie_comics),346
melt_(vocaloid),346
ys_viii:_lacrimosa_of_dana,345
dragon_quest_ix,345
dragon's_dogma_(series),345
twin_angel,345
runescape,344
seihou,344
socks_agency,344
shimoneta_to_iu_gainen_ga_sonzai_shinai_taikutsu_na_sekai,344
bakusou_kyoudai_let's_&_go!!,344
kamen_rider_agito_(series),343
cinderella_(fairy_tale),343
kirby_air_riders,343
inabakumori,343
virtual_on,343
ryuu_ga_gotoku_0,343
kao_no_nai_tsuki,343
masterwork_apocalypse,343
puss_in_boots:_the_last_wish,343
madan_no_ichi,343
shantae:_half-genie_hero,342
winnie_the_pooh,341
hello_charlotte,341
how_to_train_your_dragon_(series),341
choukou_sennin_haruka,341
amaryllis_gumi,341
shigoto_neko,341
super_mario_bros._wonder,340
star_ocean:_first_departure,340
yumenokessho,340
ame_to_kimi_to,340
hololive_alternative,340
bakuon!!,340
ole_tower,340
grand_theft_auto_v,339
kore_ga_watashi_no_goshujin-sama,339
kin-iro_loveriche,339
all_saints_street,339
super_mario_64,339
sora_yori_mo_tooi_basho,339
bomberman,339
majutsushi_orphen,339
varium,339
xxxholic,338
good_omens,338
orc_wa_nozomanai,338
hyakka_ryouran_samurai_girls,338
ikemen_onna_to_hakoiri_musume,338
kakyuusei_2,338
mono_(afro),337
saikin_yatotta_maid_ga_ayashii,337
rikai_no_aru_karen-chan,337
ginga_tetsudou_999,337
pokemon:_the_electric_tale_of_pikachu,337
the_bible,337
duolingo,337
comic_lo,337
tsuma_shibori,337
houkago_play,337
v4mirai,337
no.6,337
captain_america:_the_winter_soldier,337
ice_climber,336
phoenix_wright:_ace_attorney,336
yu-gi-oh!_the_dark_side_of_dimensions,336
anyamal_tantei_kirumin_zoo,336
little_tail_bronx,336
idolmaster_one_for_all,336
kirby:_planet_robobot,335
choujin_x,334
persona_5_scramble:_the_phantom_strikers,334
tsubasa_chronicle,334
namco,334
wario_land,334
scryed,334
golden_sun,334
tomodachi_life:_living_the_dream,333
ganbare_goemon,333
shadowverse_(animated_series),333
monobeno,333
happy_sugar_life,332
steampunk_(liarsoft),332
slow_damage,332
red_velvet_(group),332
camp_buddy,332
seeno_de!_hasu_no_sora!,332
blood+,332
toki_wo_kakeru_shoujo,332
hua_yi_shanxin_zhiyue,331
beast_wars,331
saint_seiya_omega,331
illustration.media,331
paripi_koumei,331
zone_of_the_enders_(series),331
paper_mario:_the_origami_king,331
justice_league,330
battle_angel_alita,330
fruits_basket,330
comiket_91,330
grisaia_no_meikyuu,330
kanokon,330
valkyrie_no_densetsu,330
ordo_mediare_sisters_(ironlily),329
bionicle,329
fire_emblem_gaiden,329
azure_striker_gunvolt_1,329
atelier_firis,329
atelier_lydie_&_suelle,328
lake_of_voices,328
hyakko,328
tenco's_story,328
seitokai_yakuindomo,328
code_geass:_boukoku_no_akito,328
shadow_of_the_colossus,328
comic_party,328
jujutsu_kaisen_modulo,327
bakumatsu_rouman,327
city_(arawi_keiichi),327
banana_fish,327
lonely_girl_ni_sakaraenai,327
ico,327
higanbana_no_saku_yoru_ni,327
irotoridori_no_sekai,326
five_nights_at_freddy's:_security_breach,326
brawl_stars,326
kaleido_star,326
uchuu_no_stellvia,326
shadow_hearts,326
shinkyoku_soukai_polyphonica,326
makai_tenshi_djibril,326
power_rangers,325
pokemon_heroes:_latios_&_latias,325
advance_of_zeta,325
grand_summoners,325
ombok_diving_and_delivery_services,325
xblaze_code:_embryo,325
ninin_ga_shinobuden,324
sidonia_no_kishi,324
downtown_no_gaki_no_tsukai_ya_arahende!!,324
readymade_(ado),324
vivid_strike!,324
virtuareal_link,323
the_distortion_detective,323
mabinogi_heroes,323
melon_girls,323
falkyrie_no_monshou,323
idolmaster_starlit_season,322
sengoku_taisen,322
battlefield_(series),321
brave_sword_x_blaze_soul,321
sentai_red_isekai_de_boukensha_ni_naru,321
mob_talker,321
saihate_(vocaloid),321
overman_king_gainer,320
motto!_haramase!_honoo_no_oppai_isekai_oppai_bunny_gakuen!,320
saiki_kusuo_no_psi_nan,320
kaiten_muten-maru,320
rabi-ribi,320
the_mandalorian,319
digimon_adventure_tri.,319
war_thunder,319
mahou_senshi_elixir_knights,319
kochikame,318
comiket_92,318
specialite_(company),318
uchuu_patrol_luluco,318
japanese_mythology,317
ochikobore_fruit_tart,317
strike_witches:_katayoku_no_majo-tachi,317
trickster_(ntreev_soft),317
shiritsu_justice_gakuen,316
re:zero_kara_hajimeru_isekai_seikatsu:_lost_in_memories,316
monster_high,315
cyberpunk:_edgerunners_2,315
mona_lisa,315
slow_loop,315
donkey_kong_country,315
super_danganronpa_another_2,314
hopeless_masquerade,314
3am,314
mahou_shoujo_no_inshuu_mura,314
noa-senpai_wa_tomodachi.,314
umayuru,314
star_wars:_return_of_the_jedi,314
stalker_(game),314
phantasy_star_online_2_new_genesis,314
nanatsuiro_drops,314
atlus,314
trusty_bell,314
fromsoftware,313
fire_emblem_warriors,313
nukigee_mitai_na_shima_ni_sunderu_watashi_wa_dou_surya_ii_desu_ka?,313
bishoujo_senshi_sailor_moon_crystal,313
pokemon_red/green/blue/yellow_(prototype),313
gensou_suikoden_iii,313
taboo_japan_disentanglement,312
sentimental_graffiti,312
comiket_88,312
strider_(game),312
shining_wind,312
rumble_roses,312
comic_anthurium,312
shoujo_to_ura_roji,312
mobile_suit_gundam_the_origin,311
it_(stephen_king),311
marvel_vs._capcom_3,311
haite_kudasai_takamine-san,311
the_legend_of_zelda_(nes),310
manaria_friends,310
princess_lover,310
asobi_ni_iku_yo!,310
kamichu!,310
one_piece:_strong_world,309
danganronpa_s:_ultimate_summer_camp,309
wonder_egg_priority,309
kiddy_grade,309
xai_(company),308
seikimatsu_occult_gakuin,308
gamer_supps,307
quanzhi_gaoshou,307
wcdonald's,307
silver_palace,307
river_city_girls,307
danganronpa_kirigiri,307
liz_to_rose_no_koubou_~shakkin_shimai_no_koubou_nisshi~,307
gundam_narrative,307
sonic_riders_(series),307
left_4_dead,306
cream_lemon,306
kampfer,306
masamune-kun_no_revenge,306
portrait_of_exotic_girls,306
counter-strike_(series),306
portal_1,306
si_land,305
jigoku_sensei_nube,305
hogwarts_legacy,305
digimon_world_re:digitize,305
parasite_eve_(series),305
yuragisou_no_yuuna-san,304
taimashi_ayano,304
city_hunter,304
gaki_kyonyuu,304
ano_ko_wa_toshi_densetsu,304
vallure,303
zombie_high_school,303
game_&_watch,303
moyashimon,303
twice_(group),302
pakatube,302
saber_marionette_j,302
detective_pikachu_(series),302
nazo_no_kanojo_x,302
lost_universe,302
wonder_festival,302
akatsuki_records,301
rhythm_tengoku_miracle_stars,301
goho_mafia!_kajita-kun,301
jewelpet_twinkle,301
mahou_shoujo_lyrical_nanoha_exceeds:_gun_blaze_vengeance,300
jinki,300
green_lantern_(series),300
eshi_100_nin_ten,300
super_mario_sunshine,300
gakuen_utopia_manabi_straight!,300
macross_frontier:_itsuwari_no_utahime,300
castlevania:_symphony_of_the_night,299
metal_gear_solid_2:_sons_of_liberty,299
sword_art_online_the_movie:_ordinal_scale,299
kono_subarashii_sekai_ni_bakuen_wo!,299
no_more_heroes,299
ayakashi_triangle,299
youkai_watch_2,298
honest_axe,298
harem_futago_lolita,298
witch_craft_works,298
the_evil_within,298
bible_black,298
garfield,297
bucchigiri?!,297
bloodstained_(series),297
blade_runner_2049,297
tales_of_hearts,297
the_fairly_oddparents,297
blue_reflection_maboroshi_ni_mau_shoujo_no_ken,297
nezha_zhi_motong_jiangshi,297
crawling_dreams,297
alien_(1979),297
vanguard_princess,297
dungeon_travelers_2,297
kokkimusume,296
phineas_and_ferb,296
fireball_(series),296
tokimeki_memorial_girl's_side_3rd_story,296
taimanin_murasaki,296
luvdia,296
reflect_(gawr_gura),296
hatsune_miku_expo,295
pacific_racing_team,295
ao_no_roku-gou,295
2ch.ru,295
the_saga_of_darren_shan,295
nirvana_(band),295
red_dead_redemption_(series),294
donkey_kong_bananza,294
who_framed_roger_rabbit,294
expo2025,294
kobeya,294
gunsmith_cats,294
maerchen_(sound_horizon),294
banjo-kazooie,293
world_of_tanks,293
love_live!_days:_love_live!_general_magazine,293
puyopuyo~n,293
assassin's_creed_ii,293
ga_geijutsuka_art_design_class,293
shin_sangoku_musou_6,293
photokano,293
honoo_no_haramase_tenkousei,293
dokusen_yoku_ga_tsuyo_sugiru_yandere_kai_neko-chan,292
gorillaz,292
azure_striker_gunvolt_3,292
masters_of_the_universe,292
hermitcraft,292
star_trek,292
lies_of_p,292
wild_and_horned_hermit,292
zero_escape:_toki_no_dilemma,292
kemono_jihen,291
macross_frontier:_sayonara_no_tsubasa,291
sazae-san,291
idolmaster_movie,291
dragon's_dogma,291
phantasy_star_portable_2,291
tengoku_daimakyou,290
fullmetal_alchemist_(2003),290
drag-on_dragoon_1,290
strike_witches:_aurora_no_majo,290
xenoblade_chronicles:_future_connected,290
ochite_iku_seisenshi_lunatic_angels,290
action_taimanin,290
one_-_kagayaku_kisetsu_e,290
comic_girls,290
nexas_(vtuber),290
super_robot_wars_the_lord_of_elemental,289
sora_no_method,289
cross_ange,289
ma_no_mono-tachi,289
busou_renkin,289
puyopuyo_fever_2,288
mahou_tsukai_no_yome,288
gimai_seikatsu,288
mario_&_sonic_(series),288
tenkuu_no_crystalia,288
chain_chronicle,288
legend_of_mana,287
resort_boin,287
artwhirl_mahou_gakuen_no_otome-tachi,287
bloodstained:_ritual_of_the_night,286
highly_responsive_to_prayers,286
dead_space_(series),286
kamen_rider_hibiki_(series),286
pringles,286
wacom,286
kaitou_tenshi_twin_angel,286
shining_hearts,286
fortune_arterial,286
hoshikuzu_witch_meruru,286
persona_2_batsu,285
gundam_wing:_endless_waltz,285
reject_(esports),284
pokemon_ranger_(series),284
wizards_symphony,284
haunted_hotel,284
japan_racing_association,284
moe!_ninja_girls,284
one_piece_(live_action),284
artery_gear,284
bungou_to_alchemist,283
soredemo_machi_wa_mawatteiru,283
kyokkou_senki_mistletear,283
yakitate!!_japan,283
shin_megami_tensei_v:_vengeance,283
oekaki_musume,283
rhapsody,283
tsuyokiss,283
callsign:_cedar,282
kud_wafter,282
pizza_tower,282
shin_sangoku_musou_7,282
blood_tune,282
dragonaut,282
anpanman,281
final_fantasy_tactics_advance,281
comiket_90,281
shiki_(novel),281
mahou_shoujo_lyrical_nanoha_innocent,281
mulan_(movie),281
comic_exe,281
idolmaster_xenoglossia,280
shinkalion_(series),280
final_fantasy_iv:_the_after_years,280
joshiraku,280
grimms_echoes,280
ueno-san_wa_bukiyou,280
the_king_of_fighters_all-stars,280
dissidia_012_final_fantasy,280
gundam_card_game,279
himouto!_umaru-chan_himouto_ikusei_keikaku,279
orenchi_no_meidosan,279
tokyo_exe_girls,279
steven_universe_future,279
goth_girl_and_the_jock,279
silent_witch,278
diablo_(series),278
wild_arms_5,278
arifureta_shokugyou_de_sekai_saikyou,278
caligula_(series),278
tenka_touitsu_chronicle,278
hibi_wa_sugiredo_meshi_umashi,278
elfheim,278
vspo!_en,277
sonic_(live_action),277
ultraman_tiga_(series),277
shenmue,277
kokoro_iroduku_koi_ga_shitai,277
noragami,277
slime_taoshite_300_nen_shiranai_uchi_ni_level_max_ni_nattemashita,277
lattice_sos!_~happening&panic~,277
kirby's_dream_land_3,277
waku_waku_7,277
lapis_re:lights,277
danny_phantom,276
granblue_fantasy_versus,276
touhou_arcadia_record,276
borderlands_(series),276
growlanser,276
endro!,276
vee_(vtuber),275
yozakura_quartet,275
super_robot_wars_30,275
adventure_time:_fionna_and_cake,275
frankenstein,275
sonic_the_hedgehog_(2006),275
hokkaido_nippon-ham_fighters,275
hikikomari_kyuuketsuki_no_monmon,275
mahou_shoujo_madoka_magica_plus,275
kamen_rider_gotchard_(series),275
monster_farm,275
seitokai_no_ichizon,275
shin_subarashiki_kono_sekai,274
love_live!_sunshine!!_the_school_idol_movie_over_the_rainbow,274
wwe,274
hamtaro_(series),274
mahou_senshi_sweet_knights_2,274
tsuki_ni_yorisou_otome_no_sahou,274
kamippoina_(vocaloid),274
command_&_conquer,274
senkou_no_ronde,274
yuri_kuma_arashi,274
windows_10,273
outlaw_star,273
the_terminator,273
sonic_rush,273
killer_chat!,273
pokemon_gold/silver/crystal_(prototype),273
sid_story,273
pepper&carrot,273
dept._heaven,272
bliss_(image),272
glitch_stars,272
sonic_boom_(series),272
don_quijote_(store),272
houkago_no_pleiades,272
puyopuyo_sun,272
the_beatles,271
the_magnus_archives,271
pepoyo_(copyright),270
the_boys,270
total_drama,270
touhou_hisoutensoku,270
inazuma_eleven_ares_no_tenbin,270
arai-san_mansion,270
amagami-san_chi_no_enmusubi,270
the_last_of_us_(series),270
xtale,270
doko_demo_issyo,269
dead_or_alive_6,269
twitch.tv,269
super_robot_wars_z,269
shingoku_no_valhalla_gate,269
dirge_of_cerberus:_final_fantasy_vii,268
yokohama_kaidashi_kikou,268
caduceus_(series),268
gothic_wa_mahou_otome,268
kizuato,268
krt_girls,268
"hime-sama_""goumon""_no_jikan_desu",268
high_school_dxd_new,268
touhou_lost_branch_of_legend,268
wonderful_rush,267
king_kong_(series),267
dengeki_hime,267
despicable_me,267
night_wizard,267
ipstar,267
servamp,266
boruto:_naruto_the_movie,266
ena_(web_series),266
mahou_senshi_princess_tear,266
kono_bijutsubu_niwa_mondai_ga_aru!,266
giant_robo,266
shining_resonance,266
eiken,265
ultraseven_(series),265
newjeans,265
rune_factory_5,265
kumo_desu_ga_nani_ka?,265
super_cub,265
bioshock_infinite,265
lanxi_zhen,265
raisei_no_ryuu_tsukai,265
qualidea_code,265
a-soul,264
black_rock_shooter_(game),264
cuddly_octopus,264
aiyoku_shimai_lolita,264
mahou_shoujo_tart_magica,264
otome_wa_boku_ni_koishiteru,264
project-sp,263
stella_glow,263
garo_(tokusatsu_series),263
cyberbots,263
akatsuki_no_yona,263
fate/tiger_colosseum,263
blue_reflection_sun,263
2014_fifa_world_cup,263
goodbye_sengen_(vocaloid),263
critical_role,262
mega_man_zero_3,262
riot_music,262
ryuu_ga_gotoku_1,262
uber_eats,262
mega_man_x6,262
ghostly_field_club,262
queen's_blade_unlimited,262
arcana_heart_2,262
ruridragon,261
kawaii_dake_ja_nai_shikimori-san,261
twinkle_star_knights,261
ultra_galaxy_(series),261
koumajou_densetsu_2,261
dance_dance_revolution,261
the_exit_8,261
shinkon_gattai_godannar!!,261
sketchbook_full_colors,261
aquaplus,260
kyouryuu_sentai_zyuranger,260
life_is_strange_1,260
megami_tensei,260
daredevil_(series),260
discord,260
atomic_heart,260
bishoujo_(game),260
date_a_live:_spirit_pledge,260
2024_summer_olympics,260
sora_no_woto,260
tekken_tag_tournament_2,259
the_crawling_city,259
akuma_shitsuji_to_kuroi_neko,259
seiken_densetsu_2,259
puchimasu!,259
z.a.t.o._//_i_love_the_world_and_everything_in_it,259
comic_penguin_club,259
advent_cirno,259
toaru_majutsu_no_index:_imaginary_fest,259
vchiban,258
sonic_and_the_black_knight,258
monster_(manga),258
leon_the_professional,258
suisei_tenshi_primaveil_zwei,258
the_lion_king,258
ookiku_furikabutte,258
back_to_the_future,258
burger_king,258
koi_to_senrigan_to_aonisai,258
un-go,258
char's_counterattack_-_beltorchika's_children,257
internet_yamero,257
ryuu_ga_gotoku_7,257
getter_robo_armageddon,257
comic_bavel,257
tower_records,257
grimlight,257
suzumiya_haruhi-chan_no_yuuutsu,257
final_fantasy_type-0,257
perfect_blue,256
sonic_unleashed,256
return_of_the_mount_hua_sect,256
link_to_the_future_(love_live!),256
mayoineko_o_tomeyou,256
toeto_(vocaloid),256
avengers:_infinity_war,255
kimagure_orange_road,255
ghostblade,255
real_mo_tama_ni_wa_uso_wo_tsuku,255
yakimochi_stream,255
spider-man:_brand_new_day,255
romancing_saga,255
upotte!!,255
arcana_heart_3,255
mayoi_neko_overrun!,255
senjou_no_valkyria_3,255
galgrease,255
gochuumon_wa_usagi_desu_ka??_wonderful_party!,254
scott_pilgrim_(comics),254
pretty_rhythm_aurora_dream,254
comic_hotmilk,254
ca_(deino),254
danmachi_battle_chronicle,254
diao_ye_zong,254
gundam_00_a_wakening_of_the_trailblazer,253
star_wars:_revenge_of_the_sith,253
the_ghost_and_molly_mcgee,253
gunvolt_chronicles_luminous_avenger_ix,253
tactics,253
arc_the_lad_i,253
lineage,253
sky_girls,252
supernatural_(tv_series),252
taima_seikou_alice,252
hunie_(series),252
destiny_(game),252
phantom_brave,252
capsule_servant,252
celeste_(game),252
higyaku_no_noel,252
yukijirushi,252
sailor_element,251
grimoire_~shiritsu_grimoire_mahou_gakuen~,251
the_silmarillion,251
twinbox_school,251
windows_95,251
pronant_symphony,251
saishuu_chikan_densha_(series),251
poketoon,250
gal_gun_(series),250
fatal_frame_iii:_the_tormented,250
witch's_heart,250
mahou_senshi_sweet_knights,250
robotech,250
superman_(2025),250
bastard!!,250
zom_100:_zombie_ni_naru_made_ni_shitai_100_no_koto,250
octopath_traveler:_champions_of_the_continent,250
action_pizazz,250
absolute_wonder_woman,249
flowers_(innocent_grey),249
ancient_ys_vanished,249
inazuma_eleven_victory_road,249
wrestle_angels_survivor_2,249
mayo_chiki!,249
heavy_object,249
inou-battle_wa_nichijou-kei_no_naka_de,249
bravely_second:_end_layer,249
artery_gear:_fusion,249
totally_spies!,248
akatsuki_blitzkampf,248
suicide_squad_(2016_movie),248
bayonetta_3,248
holiday_holiday_(love_live!),248
phantom_kingdom,248
tari_tari,248
persona_4_revival,247
mewkledreamy,247
gal_gamer_ni_homeraretai,247
imaizumin-chi_wa_douyara_gal_no_tamariba_ni_natteru_rashii,247
masou_gakuen_hxh,247
hentai_key,247
nichijou_kamoshirenai,247
smite,246
one_piece:_stampede,246
omega_strikers,246
cult_of_the_lamb,246
getting_over_it,246
fairy_fencer_f,246
jinguang_budaixi,246
baby_walkure,246
pixiv_fantasia_scepter_of_zeraldia,246
manemane_nichinichi,246
metroid_prime_3:_corruption,245
super_metroid,245
kamisama_ni_natta_hi,245
hakuouki_shinsengumi_kitan,245
ben-tou,245
kingdom_(manga),245
sousai_shoujo_teien,245
corpse_party,245
casshern_(series),245
propro_production,245
outbreak_company,245
quackity_smp,245
harry_potter:_magic_awakened,244
mozilla_firefox,244
mahou_shoujo_lyrical_nanoha_detonation,244
kirby:_triple_deluxe,244
ever_17,244
terminator_2:_judgment_day,244
gotcha!,244
mebae_(game),244
portal_2,243
comiket_89,243
comic_unreal,243
the_great_ace_attorney_2:_resolve,243
hololive_china,243
sensha_otoko,243
gravity_daze_2,243
wild_arms_4,243
dr._mario_(game),243
star_ocean:_integrity_and_faithlessness,243
real_drive,243
warzard,243
novelpia,242
super_paper_mario,242
mili_(band),242
facebook,242
nana_(series),242
kimi_to_tsuzuru_utakata,242
sonic_generations,241
coefont,241
blazblue_remix_heart,241
twinbee,241
kamen_rider_black_(series),241
super_mario_world,241
psychic_hearts,241
zanki_mugen-chan_vs_deathtrap_dungeon,241
shin_megami_tensei_ii,240
avatar_2.0_project,240
mario_&_luigi:_brothership,240
mega_man_1,240
legends_of_runeterra,240
bird/binary,240
soulcalibur_v,240
kaii_to_otome_to_kamikakushi,240
air_gear,240
atelier_lulua,239
ghost_in_the_shell_(1995),239
wizardry,239
freedom_planet,239
nissin,239
tales_of_rebirth,239
shin_sekaiju_no_meikyuu,239
megami_device,239
jurassic_park,239
world_masterpiece_theater,239
windows_7,239
freezing_(series),239
hengen_souki_shine_mirage,239
hourou_musuko,239
blazblue_variable_heart,239
karaoke_manekineko,238
kamen_rider_zeztz_(series),238
skip_to_loafer,238
genmu_senki_leda,238
kamen_rider_saber_(series),238
ars_goetia,238
11eyes,238
perfume_(band),238
armored_core:_for_answer,238
hanasaki_work_spring,237
japan_railways,237
bijin_onna_joushi_takizawa-san,237
hilda_(series),237
metroid:_zero_mission,237
zaregoto_series,237
elysion,237
space_adventure_cobra,236
kamen_rider_ghost_(series),236
wonderland_wars,236
drawfee,236
peripeteia,236
shiroi_suna_no_aquatope,236
bokutachi_wa_hitotsu_no_hikari,236
kamisama_hajimemashita,236
breath_of_fire_i,236
suntory,236
aerisdies,236
ghost_trick,236
the_ghost_in_the_shell_(2026),236
ghostbusters,236
mahou_shoujo_madoka_magica_portable,236
mega_man_9,235
linux,235
ryuu_ga_gotoku_3,235
mist_train_girls,235
v&u_entertainment,235
the_grim_adventures_of_billy_&_mandy,235
nora_cat_channel,235
the_seven_deadly_sins,235
mahou_shoujo_lucifer_ouka,234
resident_evil_-_code:_veronica,234
gundam_thunderbolt,234
guild_no_uketsukejou_desu_ga_zangyou_wa_iya_nanode_boss_wo_solo_toubatsu_shiyou_to_omoimasu,234
gainax,234
athena_(series),234
suzume_no_tojimari,234
bokura_no_live_kimi_to_no_life,233
mega_man_x1,233
kamen_america_(comic),233
chucolala,233
space_dandy,233
takt_op.,233
searching_for_a_world_that_doesn't_exist,233
ninja_to_koroshiya_no_futarigurashi,233
titanic_(movie),232
mahou_no_tenshi_creamy_mami,232
fullbokko_heroes,232
nora_to_oujo_to_noraneko_heart,232
border_break,232
tetsuwan_birdy_decode,232
codename:_kids_next_door,232
junk_gaming_maiden,232
saishuu_chikan_densha,232
haze/reverb,232
kashimashi,231
predator_(1987),231
kokuhaku_jikkou_iinkai,231
yuuwaku_2_tsume_ato,231
coco_(disney),231
papa_no_iu_koto_wo_kikinasai!,231
the_super_mario_galaxy_movie,231
shin_megami_tensei_iv,231
deep_one_kyomu_to_mugen_no_fragment,231
paper_mario_64,230
hundred_(light_novel),230
sengoku_musou_2,230
slay_the_princess,230
digimon_savers,230
caligula_(game),230
canvas_(cocktail_soft),230
star_wars:_the_force_awakens,230
hanikami_kanojo,230
dewprism,230
xianjian_qixia_zhuan,230
your_diary,230
kyuuketsuki_sugu_shinu,230
tekken_6,230
mega_man_11,230
hasbro,230
hitomi_sensei_no_hokenshitsu,230
ninjala,230
dexter's_laboratory,229
30_minutes_sisters,229
ashita_no_nadja,229
ultraman_gaia_(series),229
boku_no_himitsu_taiken,229
black_clover_m:_rise_of_the_wizard_king,229
dragon_nest,229
arakawa_under_the_bridge,229
sunoharasou_no_kanrinin-san,229
t.m.revolution,229
hotline_miami,229
isshiki-san_wa_koi_wo_shiritai.,229
valkyrie_connect,228
ace_combat_7,228
majin_tantei_nougami_neuro,228
koi_ni_naritai_aquarium,228
senran_kagura_burst,228
tasogare_otome_x_amnesia,228
high_school_dxd_hero,228
trouble_spirit!,228
zegapain,228
shachiku_succubus_no_hanashi,228
cue!,228
monster_high_(g1),227
alice_in_wonderland_(disney),227
yowa_yowa_sensei,227
katamari_damacy,227
capcom_vs._snk_2,227
monster_hunter_3,227
capcom_vs._snk,227
rokka_no_yuusha,227
doom_(2016),227
ring_dream,227
divine_heart_makina,226
five_star_stories,226
witch_watch,226
ao_no_hako,226
hakoiri_musume,226
gagraphic,226
avengers:_endgame,225
shuumatsu_nani_shitemasu_ka?,225
hajime_(idolmaster),225
ufo_robo_grendizer,225
.hack//games,225
clinical_trial_(game),225
ghost_sweeper_mikami,225
i-chu,225
v-dere,225
beautiful_gunbari,225
jianxia_qingyuan_(series),225
tokyo_necro,225
kanojo_x_kanojo_x_kanojo,225
luminous_arc,225
liar_dancer_(synthesizer_v),225
daten_keikaku,225
otomedius,225
mahou_shoujo_ikusei_keikaku_limited,224
final_fantasy_vii_revelation,224
utawarerumono:_lost_flag,224
star_fox_adventures,224
phantasy_star_online,224
romancing_saga_3,224
wild_arms_xf,224
shadowverse_flame,224
sengoku_musou_4,224
imouto_ga_bun_retsu_shita.,224
epic_battle_fantasy,223
lol_comics,223
station_memories,223
tayutama,223
poppy_playtime,223
game_of_thrones,223
bunny_and_fox_world,223
scarlet_weather_rhapsody,223
super_mario_bros._3,223
tongkkangi,223
touran-sai,223
benesse,223
ai_shite!_homun,223
passion_(manhwa),223
yondemasu_yo_azazel-san.,223
tenjou_tenge,223
seiken_no_blacksmith,223
mario_power_tennis,223
dream_pool,222
dankira!!!,222
pixiv_fate/grand_order_contest_1,222
advance_wars,222
bad_girl_(manga),222
the_king_of_fighters_2001,222
solatorobo,222
zenbu_kimi_no_sei,222
bunny_suit_planning,222
lunar_(series),222
mountain_dew,222
book_off,222
granado_espada,221
tell_your_world_(vocaloid),221
shuumatsu_no_izetta,221
boku_to_koi_suru_ponkotsu_akuma.,221
monster_hunter_x,221
sengoku_musou_3,221
tetsuwan_birdy,221
akb48,221
itazuraguma_no_gloomy,221
ben_10:_alien_force,221
transformers_unicron_trilogy,221
devilman_crybaby,221
idolmaster_stella_stage,221
zeno_(game),221
macross_delta:_zettai_live!!!!!!,220
akarui_kioku_soushitsu,220
2018_fifa_world_cup,220
shinsougumi,220
horse_race_tests,220
majo_no_ie,220
jianxia_qingyuan_online_3,220
the_hunchback_of_notre_dame_(disney),220
papico_(ice_cream),220
musunde_hiraite_rasetsu_to_mukuro_(vocaloid),220
one_piece_film:_gold,220
huniepop,220
samurai_champloo,220
metal_slug_attack,220
moana_(movie),220
scream_(movie),220
han'you_no_yashahime,220
the_weaker_sex_1_(gibson),219
ice_cream_kanojo,219
idolmaster_side-m_live_on_stage!,219
godzilla:_king_of_the_monsters,219
odds_&_ends_(vocaloid),219
the_flash_(series),219
knights_of_guinevere,218
burn_the_witch,218
poker_fate,218
grand_chase,218
taito,218
gigo,218
kamikaze_kaitou_jeanne,218
gems_company,218
aurora_flower_(love_live!),218
seisenki_valkyrie_sisters,217
machine-doll_wa_kizutsukanai,217
thunderbolt_fantasy,217
lol_-lots_of_laugh-_(vocaloid),217
mondaiji-tachi_ga_isekai_kara_kuru_sou_desu_yo?,217
strike_witches_1991,217
r.o.d_the_tv,217
flying_witch,217
rimworld,216
smiling_friends,216
spy_kyoushitsu,216
binbougami_ga!,216
doctor_strange_(series),216
tetoris_(synthesizer_v),216
nagato_yuki-chan_no_shoushitsu,216
algorhythm_project,216
jinhongi,216
jikkyou_powerful_soccer,216
nandemo_iu_koto_wo_kiite_kureru_akane-chan_(voiceroid),216
pia_carrot_e_youkoso!!_3,216
hai_to_gensou_no_grimgar,216
phantasy_star_universe,216
hotel_transylvania,216
akane-iro_ni_somaru_saka,216
comp_h's,215
castlevania:_order_of_ecclesia,215
comiket_84,215
kill_bill,215
emiya-san_chi_no_kyou_no_gohan,215
majo_no_ochakai,215
transformers:_japanese_generation_1,215
comic_x-eros,215
mugen_senshi_valis,215
haou_taikei_ryuu_knight,215
milky_subway,214
zenkoku_seifuku_bishoujo_grand_prix,214
akatsuki_no_goei,214
tuyu_(band),214
kimi_ni_todoke,214
futakoi,214
indivisible,214
beastiez,213
hakuchuumu_no_aojashin,213
seisenki_iris,213
onegai_twins,213
shinkansen_henkei_robo_shinkalion,213
hito_mania_(utau),213
pokemon:_lucario_and_the_mystery_of_mew,213
legend_of_mortal,213
lout_of_count's_family,213
rail_wars!,213
metal_gear_solid:_peace_walker,213
kaitou_saint_tail,213
engage_kiss,213
donpachi_(series),212
neopets,212
namco_x_capcom,212
senran_kagura_peach_beach_splash,212
touhou_mystia's_izakaya,212
final_fantasy_xiii-2,212
tejina_senpai_(series),212
otoyomegatari,212
shiraken!_shiranai_koto_kenkyukai,212
hisabisa_ni_atta_osananajimi_ga_iroiro_to_seichou_shiteirunoni_nounai_dake_seichou_shiteinakute_douyou_shiteiru,212
kyuusaikei_v-ttara_messiah-chan,212
resident_evil_0,211
final_fantasy_brave_exvius,211
summer_memories,211
a_date_with_death,211
the_legend_of_zelda:_the_minish_cap,211
knight_lamune_&_40_(series),211
koufuku_graffiti,211
kaii_shoukougun,211
tate_no_yuusha_no_nariagari_rerise,211
daiteikoku,211
bloodlight_(nyantcha),211
red_dead_redemption_2,210
fuuto_tantei,210
persona_4:_the_ultimax_ultra_suplex_hold,210
mortal_kombat_1_(2023),210
tree_of_savior,210
umi_monogatari,210
korekara_no_someday,210
project_i,210
do!_do!_do!_(love_live!),210
ben_10:_omniverse,209
mighty_morphin_power_rangers,209
lotus_eaters,209
ai_scream!_(love_live!),209
yu-gi-oh!_rush_duel,209
embodiment_of_scarlet_devil_new_classic,209
gekijouban_hibike!_euphonium,209
gakusen_toshi_asterisk,209
ten_(manga),209
sakura_quest,209
words_worth,209
touhou_sangetsusei,209
selector_wixoss,209
sen'yuu.,209
mahou_shoujo_(raita),209
sword_of_convallaria,209
nogizaka_haruka_no_himitsu,209
project:_eden's_garden,208
koisuru_(otome)_no_tsukurikata,208
mahou_senshi_lemmtear_knights,208
vershion,208
asdfmovie,208
the_elder_scrolls_iv:_oblivion,208
dogs:_bullets_&_carnage,208
juusenki_l-gaim,208
lethal_company,208
pair_tabi_skinship,208
queen's_blade_white_triangle,208
konami,208
kero_kero_keroppi,207
evolution_championship_series,207
monster_hunter_4,207
kimi_no_kokoro_wa_kagayaiteru_kai?,207
toushinden,207
tensei_shitara_dai_nana_oji_datta_no_de:_kimama_ni_majutsu_o_kiwamemasu,207
hoshizora_no_memoria,207
zone_of_the_enders:_the_2nd_runner,207
atelier_sophie_2,207
vivy:_fluorite_eye's_song,207
kemono_friends_pavilion,207
jock_studio_(blits_games),207
galhound,207
okujou_no_yurirei-san,207
zero_kara_hajimeru_mahou_no_sho,206
ai_the_somnium_files:_nirvana_initiative,206
half-life_2,206
wreck-it_ralph,206
mass_effect_3,206
vimalion_pro,205
fata_morgana_no_yakata,205
magical_astronomy,205
bakuten_shoot_beyblade,205
lusterise,205
ip_police_tsuduki-chan,205
kyou_wa_kanojo_ga_inai_kara,205
mahoraba,205
true_tears,205
rojiura_satsuki:_chapter_heroine_sanctuary,204
gag_manga_biyori,204
touhou_bougetsushou,204
steins;gate:_linear_bounded_phenogram,204
kira-kira_sensation!,204
pixiv_fantasia_wizard_and_knight,204
2022_fifa_world_cup,203
kibou_no_chikara_~otona_precure_'23~,203
swapnote,203
aggressive_retsuko,203
kotobukiya,203
junketsu_duelion,203
left_4_dead_1,203
sonic_x,202
mahou_shoujo_ai,202
no.1_sentai_gozyuger,202
henry_stickmin_(series),202
splatoon_(manga),202
atelier_marie,202
captain_earth,202
aquarian_age,202
bikkuriman,202
c2_kikan,201
old_school_runescape,201
sonic_x_shadow_generations,201
otome_domain,201
mad_max,201
devil_summoner:_raidou_kuzunoha_vs_the_soulless_army,201
yume_no_tobira,201
madan_no_ou_to_vanadis,201
sengoku_saga,201
gangsta,201
happy_mille-feuille_(idolmaster),200
meccha_chameleon,200
veil_(manga),200
hanayamata,200
parappa_the_rapper,200
mahou_reiki_magisphere,200
doctor_who,200
pokemon_the_movie:_the_power_of_us,200
svc_chaos,200
harukana_receive,200
love_lab_(manga),200
pita_ten,200
namiuchigiwa_no_muromi-san,200
poppippoo_(vocaloid),199
mofumofu_channel,199
.hack//link,199
ragnador,199
you_can_eat_the_girl,199
narutaru,199
shining_tears,199
greaseberries,199
noble_works,198
bra-ban!,198
five_nights_at_freddy's_2,198
gensou_suikoden_iv,198
trinity_seven,198
munou_na_nana,198
miracreation,198
command_&_conquer:_red_alert,198
kouya_no_kotobuki_hikoutai,198
phoenix_wright:_ace_attorney_-_justice_for_all,198
kokoro_connect,198
demons_roots_(series),197
menhera-chan_(ezaki_bisuko),197
resident_evil:_revelations,197
super_gt,197
negative_yuusha_to_maou-gun_kanbu,197
100th_black_market,197
kotoura-san,197
chihayafuru,197
senjou_no_valkyria_2,197
sonic_channel,197
orangina,197
dragon:_marked_for_death,197
harlock_saga,197
da_capo_iv,197
shoushimin_series,196
gunxsword,196
mahou_tsukai_to_kuroneko_no_wiz,196
irisu_shoukougun!,196
hentai_prison,196
choudenji_robo_combattler_v,196
ladybug_(love_live!),196
priapus,196
kurenai_no_buta,196
yume_oukoku_to_nemureru_100-nin_no_ouji-sama,196
chikanoko,196
mitsuboshi_colors,196
megami_no_cafe_terrace,196
override_(synthesizer_v),195
shin_sakura_taisen,195
comiket_85,195
what_is_my_life?_(love_live!),195
mobile_legends:_bang_bang,195
inkya_gyaru_demo_ikigaritai!,195
sangatsu_no_lion,195
bakuman,195
inari_konkon_koi_iroha.,195
black_cat_(series),195
transformers_one,195
afraid_of_monsters,194
ys_ix:_monstrum_nox,194
koukei_(idolmaster),194
love-bullet,194
rune_factory_frontier,194
project_x_zone,194
densetsu_kyojin_ideon,194
mumei_(song)_(hololive),194
idolmaster_va-liv,194
i_want_you,194
kirby's_return_to_dream_land_deluxe,194
mega_man_zero_2,194
asagao_to_kase-san,194
boroboro_no_elf-san_wo_shiawase_ni_suru_kusuri_uri-san,194
space_channel_5,194
nisoku_hokou_(vocaloid),194
seirei_gensouki,194
dlsite.com,194
sora_no_kiseki_sc,193
forsaken_(roblox),193
the_kiss,193
mega_man_x8,193
cat_busters,193
robf,193
nine_sols,193
kirby_and_the_world_beyond,193
star!!_(idolmaster),193
kimi_ga_aruji_de_shitsuji_ga_ore_de,193
d-frag!,193
cross_edge,193
getbackers,193
ushinawareta_mirai_wo_motomete,193
shangri-la_frontier,192
octopath_traveler_0,192
shadow_the_hedgehog_(game),192
fuufu_ijou_koibito_miman.,192
winter_memories,192
sasha-chan_to_classmate_otaku-kun,192
etotama,192
vampirella,192
saikyou_tenshi_to_baito_senshi,192
sweet_home,192
confessions_of_a_rotten_girl_(vocaloid),192
senjuushi_(series),192
spectral_(series),192
casshern_sins,192
suika_game,191
shin_ultraman,191
dragon_quest_yuusha_abel_densetsu,191
chibi_maruko-chan,191
vivi_and_the_magical_island,191
comiket_86,191
summon_night_5,191
houou_senki_maimu,191
tenchuu,191
sola,191
from_argonavis,191
shin_kamen_rider,191
tsuritama,191
red:_pride_of_eden,191
moechakkafire,190
morimens,190
kimi_to_kanojo_to_kanojo_no_koi.,190
danbooru_(site),190
shin_sekaiju_no_meikyuu_2,190
villainous,190
daitoshokan_no_hitsujikai,190
starry_sky_(game),190
ilog,190
grand_sphere,190
djmax_portable,190
yuusha_ou_gaogaigar_final,190
koukan_nikki,190
persona_q_(series),190
arc_the_lad_iii,190
otogi-juushi_akazukin,190
nengoku_no_liese,190
a3!,190
tenkuu_no_escaflowne,190
star_wars:_a_new_hope,190
karakuri_pierrot_(vocaloid),190
kagerou_days_(vocaloid),190
queen_(band),189
atelier_shallie,189
sonic_heroes,189
bereal,189
calamity_(terraria_mod),189
touhou_spell_carnival,189
unknown_mother_goose_(vocaloid),189
uta_macross_sumaho_deculture,189
sansha_san'you,189
seikai_no_senki,189
hanshin_tigers,189
motto!_haramase!_honoo_no_oppai_isekai_oppai_maid_gakuen!,189
lovers_(game),189
zeta_gundam_define,189
lost_property_control_organization_(samidare),189
surge_concerto,189
metroid:_other_m,189
bakuretsu_hunters,189
karigurashi_no_arrietty,189
kyokou_suiri,189
wikipedia,189
mario_kart_8,189
moero!_justice_gakuen,189
live_a_live,189
digital_devil_saga,188
huion,188
kiseijuu,188
charon_universe,188
battle_athletes,188
ane_naru_mono,188
beast_wars:_transformers,188
playerunknown's_battlegrounds,188
final_fantasy_crystal_chronicles,188
unitia,188
space_invaders,188
reddit,188
shin_megami_tensei_i,187
rick_and_morty,187
nitro+_chiral,187
counter-strike_2,187
black_panther_(series),187
touhou_hero_of_ice_fairy,187
kimagure_temptation,187
popotan,187
plastic_memories,187
girls_band_cry_rpg,187
isekai_tensei_shite_v_ni_narimashita,187
nekojishi,187
google_chrome,186
shinigami_bocchan_to_kuro_maid,186
arika,186
unlight,186
hisho_collection,186
sankarea,186
hajimete_no_gal,186
arc_system_works,186
saijaku_muhai_no_bahamut,186
stellula_eques,186
fate/empire_of_dirt,186
hearts_of_iron,186
shibou_yuugi_de_meshi_wo_kuu.,185
maburaho,185
assassin's_creed,185
otomari_koibito_lolita,185
littlest_pet_shop,185
sesame_street,185
etra-chan_wa_mita!,185
weiss_schwarz,184
servant_x_service,184
jurassic_world,184
pokemon_colosseum,184
mary_skelter,184
guilty_gear_2,184
joker_(2019),184
rapunzel_(fairy_tale),184
romancing_saga_re;universe,184
warui_ga_watashi_wa_yuri_janai,184
seimetsu_reiki_etherea,184
love_live!_school_idol_festival_2,184
kurogane_no_linebarrel,184
lagtrain_(vocaloid),184
tales_of_the_world,184
susanghan_messenger,184
the_princess_and_the_frog_(disney),183
neko_to_chiyo,183
lovely_x_cation_2,183
mega_man_star_force_3,183
cartoon_network,183
ero_condo,183
demento,183
dragon_ball_minus,183
parasite_eve_i,183
amnesia_(idea_factory),183
suicide_boy,183
bakugan,183
akane-banashi,183
meiji_(brand),183
suki_na_souzai_happyou_dragon_(utau),182
bondlive,182
makai_gacha_wa_kyou_mo_shibui,182
under_night_in-birth_2_sys:celes,182
lollipop_chainsaw,182
equestria_girls:_rainbow_rocks,182
lineage_2,182
kiznaiver,182
kouya_no_naga_samurai,182
rgb_paw,182
watchmen,182
juuni_taisen,182
mega_man_zero_1,181
tumblr,181
koimonogatari,181
kaizoku_sentai_gokaiger,181
kamen_rider_v3_(series),181
kaifuku_jutsushi_no_yarinaoshi_~sokushi_mahou_to_skill_copy_no_chouetsu_heal~,181
lilith-soft,181
kamen_rider_black_rx_(series),181
ryouran!_victory_road_(love_live!),181
majo_to_hyakkihei,181
tokyo_mew_mew_new,181
macross_plus,181
swing!!,181
ikkitousen_great_guardians,181
haevest,181
kyouran_kazoku_nikki,181
shinmai_fukei_kiruko-san,181
roman_(sound_horizon),181
soushisouai_lolita_no_seikatsu,181
fossil_fighters,181
no_brand_girls,181
ultra_trailer_(synthesizer_v),180
akazukin_chacha,180
freedom_planet_2,180
tales_of_link,180
north_american_mythology,180
harten,180
robot_girls_z,180
michelin,180
kairaku_historie,180
w_tails_cat,180
felarya,180
idolmaster_platinum_stars,180
hellboy_(comic),179
full_moon_wo_sagashite,179
double_spoiler,179
mega_man_megamix,179
final_fantasy_fables,179
fila,179
love_wing_bell,179
bond_en,179
hanamaru_youchien,179
kobe_shinbun,179
imouto_sae_ireba_ii,179
sakura_taisen_ii,179
fantasista_doll,179
mofu-mofu_after_school,179
pastel_chime,179
harukanaru_toki_no_naka_de,179
duel_masters_(classic),178
better_call_saul,178
gouketsuji_ichizoku,178
ace_attorney_investigations:_miles_edgeworth,178
nageki_no_bourei_wa_intaishitai,178
paladins,178
kure-nai,178
battle_spirits:_shounen_toppa_bashin,178
brown_dust,178
kodoku_no_gourmet,178
tales_of_graces_f,177
little_goody_two_shoes,177
fushigiboshi_no_futago_hime_gyu,177
duck_hunt,177
age_of_empires_(series),177
akiba_maid_sensou,177
sangoku_infinity,177
butcher_vanity_(synthesizer_v),177
the_adventures_of_sherlock_holmes,177
ys_x:_nordics,177
otome_function,177
love_je_t'aime,177
just_be_friends_(vocaloid),177
onii-chan_dakedo_ai_sae_areba_kankeinai_yo_ne,177
snow_fox,177
jiggly_girls,177
eternity_sword_series,177
sweethex,177
kemono_friends_kingdom,177
rayman_(series),177
yi_er_fan_club_(vocaloid),176
pixiv_fantasia_mountain_of_heaven,176
alien_nine,176
aikatsu_on_parade!,176
tamiya_incorporated,176
tensai_ouji_no_akaji_kokka_saiseijutsu,176
ladies_versus_butlers!,176
vdonburi,176
sentou_mecha_xabungle,176
onna_doushi_toka_arienai_desho_to_iiharu_onnanoko_wo_hyakunichikan_de_tetteiteki_ni_otosu_yuri_no_ohanashi,176
beelzebub_(manga),176
osana_reimu,176
pikmin_2,176
yakin_byoutou,176
kagome_no_inyoku,176
franken_fran,176
lightning_returns:_final_fantasy_xiii,176
sumaga,176
guilty_dragon,176
rock_'n'_rock_'n'_beat,175
trigun_maximum,175
donut_hole_(vocaloid),175
rance_quest,175
golden_boy,175
kimi_ga_hoeru_tame_no_uta_wo,175
mega_man_battle_network_6,175
kanojo_mo_kanojo,175
agarest_senki,175
netoge_no_yome_wa_onna_no_ko_janai_to_omotta?,175
teppen,175
the_great_ace_attorney:_adventures,175
nyan_koi!,175
alice_girls_shiny_heart,175
sakura_musubi,175
granblue_fantasy_versus:_rising,174
vanitas_no_carte,174
seihantai_na_kimi_to_boku,174
variable_geo,174
the_creation_of_adam,174
kikou_souseiki_mospeada,174
mospeada,174
bubblegum_crisis,174
fallout_3,174
sisters_~natsu_no_saigo_no_hi~,174
demons_roots,174
hoshizora_e_kakaru_hashi,174
coyote_ragtime_show,174
romancing_saga_minstrel_song,174
arslan_senki,174
comic_rin,174
oshioki_sweetie,174
dancing_stars_on_me!,174
kung_fu_panda,174
culture_japan,174
shin_megami_tensei:_strange_journey,173
karaoke_iko!,173
blazblue:_cross_tag_battle,173
sf_choujigen_densetsu_rall,173
trojan_green_asteroid,173
one_piece_fan_letter,173
immaterial_and_missing_power,173
teekyuu,173
ai_yori_aoshi,173
yuusha_no_kuse_ni_namaiki_da,173
kishuku_gakkou_no_juliet,173
muppets,173
seizon_honnou_valkyria_(idolmaster),173
osu!_tatakae!_ouendan,173
x-men:_the_animated_series,172
american_psycho,172
tekken_5,172
uniqlo,172
grandia_ii,172
mamahaha_no_tsurego_ga_moto_kano_datta,172
tokimeki_no_mirai_chizu,172
rosenkreuzstilette,172
amakano_~second_season~,172
shingeki_no_bahamut:_genesis,172
takane-san_to_arashi-chan,172
aquarium_(visual_novel),172
toei_company,172
dust_514,171
w.i.t.c.h.,171
shin_megami_tensei_iv_final,171
yostar,171
thomas_the_tank_engine_(series),171
the_binding_of_isaac,171
kirby's_adventure,171
kingdom_hearts_x,171
beatmania_iidx_19_lincle,171
triage_x,171
chase!_(love_live!),171
girlish_number,171
honeyworks,170
raging_loop,170
haconect,170
sekaiichi_kawaii_watashi_(idolmaster),170
toaru_majutsu_no_index:_genesis_testament,170
mahou_shoujo_lyrical_nanoha_a's_portable:_the_gears_of_destiny,170
afk_arena,170
pixiv_fantasia_revenge_of_the_darkness,170
mahoutsukai_rose_no_sado_life,170
super_robot_wars_og_saga_mugen_no_frontier_exceed,170
mahou_shoujo_suzune_magica,170
nagasarete_airantou,170
singing!_(k-on!),170
dimension_w,170
needless,170
cutie_panther,170
corrector_yui,170
bunnystein_fantasy,170
mad_father,169
sora_no_kiseki_fc,169
getter_robo_(classic),169
latale,169
mass_effect_2,169
charisma_house,169
chargeman_ken!,169
the_legend_of_zelda:_ocarina_of_time_(remake),169
miiverse,169
tokimeki_memorial_girl's_side_4th_heart,169
summon_night_4,169
nhk_(broadcaster),169
the_king_of_fighters_'97,169
obey_me!_(series),169
wonder_festival_2007,169
tsumi_no_hahen_(debris),169
yumeutsutsu_re:master,169
angelic_angel,169
shin_sangoku_musou_4,169
yomawari_(series),169
omega_sisters,169
deathsmiles,168
mahou_shoujo_lyrical_nanoha_reflection,168
pieta,168
pikmin_3,168
a_deer_of_nine_colors,168
strange_creators_of_outer_world,168
yuuki_yuuna_wa_yuusha_de_aru:_hanayui_no_kirameki,168
tenshi_no_inai_12-gatsu,168
el_shaddai,168
ai_tenshi_densetsu_wedding_peach,168
sekaiju_no_meikyuu_hd,167
tsukuyomi_kurage,167
lookism,167
monster_hunter_stories_2:_wings_of_ruin,167
makaimura,167
makai_tenshi_djibril_1,167
the_hobbit,167
white_album,167
tekken_4,167
project_nebula,167
shin_koihime_musou,167
tenkuu_no_craft_fleet,167
kurone_no_kimochi,167
fault!!,167
.hack//tasogare_no_udewa_densetsu,167
himegoto,166
ganso!_bang_dream_chan,166
shingeki_no_school_castes,166
judge_eyes,166
shaft_(company),166
sawaranaide_kotesashi-kun,166
globie,166
robotics;notes_dash,166
our_battle_has_just_begun!,166
qiang_jin_jiu,166
onikko_hunter_tsuina-chan,166
chaos;child_love_chu_chu!!,166
baskin-robbins,166
koi_suru_kanojo_no_bukiyou_na_butai,166
la_corda_d'oro,166
shoukan_yuusha_to_f-kei_kareshi,166
zookeepers_(diva),166
majestic_prince,166
criminal_girls,166
mario_strikers_(series),166
solo_leveling:_arise,166
miku_miku_ni_shite_ageru_(vocaloid),165
persona_3:_dancing_moon_night,165
angry_birds,165
after_(game),165
tokimeki_memorial_4,165
kujibiki_unbalance,165
pure_pure,165
hypnotic_convenience_store_(mankai_kaika),165
devil_may_cry_2,165
gundam_card_builder,165
tensei_shitara_ken_deshita,165
lofi_girl_(youtube),165
motto!_haramase!_honoo_no_oppai_isekai_chou_ero_succubus_gakuen!,165
the_wizard_of_oz,165
starry_night_(van_gogh),165
mario_party,165
john_wick,164
suki!_yuki!_maji_magic_(vocaloid),164
kadokawa,164
tokyo_xanadu,164
heybot!,164
little_princess,164
senjuushi:_the_thousand_noble_musketeers,164
monster_hunter_frontier,164
project_diva_extend,164
triple_baka_(vocaloid),164
hakurei_frontier_spell_strive,164
beyblade:_burst,164
mushiking,164
azur_promilia,164
sentinel_girls,164
toriko_(series),163
momotarou,163
aoi_ch.,163
comiket_87,163
romance_of_the_three_kingdoms,163
mahou_shoujo_holowitch!,163
shuuen_no_virche,163
dragon_ball_z_dokkan_battle,163
souzou_forest_(vocaloid),163
neet_de_otaku_na_kunoichi_to_naze_ka_dousei_hajimemashita,163
"dateless_bar_""old_adam""",163
super_robot_wars_x-omega,163
kokoro_(vocaloid),163
hoshikuzu_telepath,163
sora_no_iro_mizu_no_iro,163
touka_gettan,163
puyopuyo_fever,163
resonance_solstice,162
nvidia,162
prima_doll_(anime),162
marvel_snap,162
gen'ei_wo_kakeru_taiyou,162
ultraman_nexus_(series),162
sonic_rush_adventure,162
suisai_sekai,162
future_card_buddyfight,162
zoids_chaotic_century,162
misskey.io,162
panel_de_pon,162
obey_me!:_one_master_to_rule_them_all!,162
gunslinger_stratos,162
ochikazuki_ni_naritai_miyazen-san,162
animal_(vocaloid),162
mystical_power_plant,162
mushihimesama,162
danganronpa_another:_another_despair_academy,161
my_chemical_romance,161
kyoukai_no_rinne,161
shin_getter_robo,161
sd_gundam_g_generation,161
little_twin_stars,161
fukkireta,161
i_can_friday_by_day!,161
saikin_kokuhaku_wo_kotowatta_bakari_no_kouhai_joshi_ga_gimai_ni_natteshimatta,161
peace@pieces,161
ore_no_kanojo_to_osananajimi_ga_shuraba_sugiru,161
knight's_&_magic,161
bishoujo_mangekyou_ibun:_yuki_onna,161
sunny_day_song,161
pressure_(roblox),161
danjo_no_yuujou_wa_seiritsu_suru?,161
shovel_knight,160
the_legend_of_zelda:_oracle_of_seasons,160
the_boy_who_fell,160
killkiss_(bang_dream!),160
shift_up,160
fumetsu_no_anata_e,160
tsui_no_sora,160
dc_animated_universe,160
commando_(movie),160
atlantis:_the_lost_empire,160
boy's_club,160
age_of_empires_ii,160
hanebado!,160
himegami_kagura,160
fragaria_memories,160
eternal_arcadia,160
fighting_my_way_(idolmaster),159
sunfaded_(idolmaster),159
metroid_prime_2:_echoes,159
altered_pink,159
shinsei_kamattechan,159
cool_doji_danshi,159
le_sserafim,159
hinabita,159
comiket_98,159
ways_of_darkness_(series),159
ace_combat_zero,159
last_exile:_gin'yoku_no_fam,159
happy_saint_sheol,159
aohada_bocchi,159
flyable_heart,159
ushio_to_tora,159
girl_with_a_pearl_earring,158
bleach:_the_high_school_warfare,158
koi_to_senkyo_to_chocolate,158
nademonogatari,158
comic_megastore,158
proof_(love_live!),158
ultraman_z_(series),158
taishou_yakyuu_musume,158
strike_witches_1940,158
muv-luv_alternative_(anime),158
star_wars:_visions,158
tsukimonogatari,158
alicesoft,157
sword_world,157
comiket_81,157
top_gun,157
hajime_no_ippo,157
horizon_(game),157
inside_out,157
yotsunoha,157
dive!_(love_live!),157
coral_island,157
suiheisen_made_nan_mile?,157
shouryuu_senki_tenmu,157
yaiteru_futari,157
pirates_of_the_caribbean,157
fullmetal_alchemist_the_movie:_conqueror_of_shamballa,156
sentouin_hakenshimasu!,156
traffic_life_series,156
wuhua_mixin,156
barakamon,156
tropical_kiss,156
kamen_rider_stronger_(series),156
oneechanbara,156
mana_khemia_(series),156
bakuretsu_tenshi,156
magical_halloween,156
koi_ni_kanmi_o_soete,156
1000-nen_ikiteru_(vocaloid),156
sukinako_ga_megane_wo_wasureta,156
five_nights_at_freddy's_1,155
the_prophecies_begin,155
yokohama_dena_baystars,155
the_matrix,155
pink_floyd,155
code_geass:_dakkan_no_roze,155
cars_(movie),155
kusari_hime:_euthanasia,155
aster_tatariqus,155
.hack//sign,155
silent_sinner_in_blue,155
acchi_kocchi,155
el_cazador_de_la_bruja,155
kangoku_senkan,155
heart_no_kuni_no_alice,155
mm!,155
shakunetsu_no_takkyuu_musume,155
omc,155
miku_with_you_(vocaloid),154
kingdom_hearts:_chain_of_memories,154
castlevania_(netflix),154
shoujo_rei_(vocaloid),154
bashamichi,154
urashimasakatasen,154
daibouken!_yukeyuke_osawari_island,154
koharu_and_minato,154
granblue_fantasy:_relink,154
the_last_of_us,154
tanaka_the_wizard,154
company_of_heroes,154
sweet_devil_(vocaloid),154
basquash!,154
seven_knights,154
a_nightmare_on_elm_street,153
frozen_soul,153
toaru_majutsu_no_index:_endymion_no_kiseki,153
monster_hunter_world:_iceborne,153
the_smoke_room,153
kyousougiga,153
project_upd8,153
murenase!_shiiton_gakuen,153
rinrinne,153
borderlands_2,153
bleach:_turn_back_the_pendulum,153
cherry_pop_(vocaloid),153
idol_(yoasobi),152
ufotable,152
apt._(rose_&_bruno_mars),152
impossible_spell_card,152
precure_all_stars_new_stage:_mirai_no_tomodachi,152
shining_blade,152
super_mario_world_2:_yoshi's_island,152
hop_step_jumpers,152
fairytale_police_hoe_department,152
under_night_in-birth_exe:late[st],152
tekkaman_blade,152
lost_ark,152
retrospective_53_minutes,151
eden's_ritter_grenze,151
bluey,151
the_scream,151
my_emo_crush,151
perfume_(takanashi_kiara),151
bibbidiba_(hololive),151
metroid_prime_4:_beyond,151
arena_of_valor,151
shigofumi,151
sony's_spider-man_universe,151
mujin_wakusei_survive,151
2010_fifa_world_cup,151
mega_man_battle_network_5,151
tombow_mono,151
tengen_toppa_gurren_lagann:_parallel_works,151
silverlight,151
decadence_(anime),151
miitopia,151
fuwafuwa_time,151
mahou_shoujo_kazumi_magica,151
mortal_kombat_11,150
koiiro_soramoyou,150
dokidoki_sister_aoi-chan,150
fuurai_no_shiren,150
akudama_drive,150
monster_musume_no_oisha-san,150
to_heart_2_xrated,150
panzer_waltz,150
wanmei_shijie,150
the_caves_of_steel,150
nijiyon,150
senjou_no_valkyria_4,150
kono_yuusha_ga_ore_tueee_kuse_ni_shinchou_sugiru,150
tear_ring_saga,150
domestic_na_kanojo,150
r-type,150
flesh_blood_&_concrete,149
disney_princess,149
one_piece_film:_z,149
boku_no_risou_no_isekai_seikatsu,149
pocket_mirror,149
kingdom_hearts_3d:_dream_drop_distance,149
wake_up_girls!_stage_no_tenshi,149
pokemon_conquest,149
sounan_desuka?,149
joshi_kousei,149
cube_x_cursed_x_curious,149
haks,149
twitch_plays_pokemon,149
ecstas_online,149
mito_and_kaede,149
quilt_(game),149
rock_wa_lady_no_tashinami_deshite,149
kikai_sentai_zenkaiger,149
anemoi,148
itoko_no_onee-chan_ni_amaechau?,148
devil_may_cry_(netflix),148
dancouga_(series),148
party_o_kumimasen_ka?,148
ohsama_sentai_king-ohger,148
youkai_watch_3,148
tamagotchi_plus,148
seifuku_kanojo,148
full_metal_jacket,148
sonic_prime,148
mirai_akari's_new_virtual_youtuber_illustration_contest,148
da_capo_iii,148
samurai_jack,148
mugen_no_fantasia,148
ultrakill,147
ender_magnolia_bloom_in_the_mist,147
phantasm,147
sankyuu_pitch,147
asgard,147
joukamachi_no_dandelion,147
sonic_riders,147
annie_mei_project,147
silver_rain,147
the_bad_guys_(movie),147
kindaichi_shounen_no_jikenbo,146
sonic_the_hedgehog_3_(movie),146
minna_no_rhythm_tengoku,146
mega_man_zero_4,146
hatsune_miku_no_shoushitsu_(vocaloid),146
shiunji-ke_no_kodomotachi,146
eiyuu_senki_ww,146
comiket_83,146
beatmania_iidx_20_tricoro,146
saint_seiya:_the_lost_canvas,146
mario_kart_wii,146
akujiki_musume_conchita_(vocaloid),146
kemeko_deluxe,146
futsuu_no_joshikousei_ga_locodol_yattemita,146
date_a_live:_date_a_bullet,146
gouma_reifuden_izuna,146
prism_magical,146
tamatoys,146
g-taste,146
shukufuku_no_campanella,146
aimai_moratorium,145
dino_crisis,145
sonic_forces,145
19_tian,145
metal_hero,145
deepness_(love_live!),145
majime_na_kouhai_kara_kairaku_zeme_sareru_nante_kiitenai!,145
sakura_dungeon,145
ajin_(sakurai_gamon),145
natsumeki_pain,145
heroes_of_order,145
j._league,145
gunparade_march,145
absolute_duo,145
mario_&_luigi:_superstar_saga,145
i_do_me!_(love_live!),145
x-men_origins:_wolverine,145
grisaia_battlefield_barcarolle,145
noir_(anime),145
hakuchu_a_la_mode,145
wagaya_no_oinari-sama,145
the_legend_of_zelda:_oracle_of_ages,145
devil_may_cry_1,144
iron_lung_(movie),144
playboy,144
the_batman_(2022),144
the_king_of_fighters_2002,144
ampere_(love_live!),144
nijigen_project,144
youkai_watch_jam:_youkai_gakuen_y,144
circle_of_inevitability,144
isekai_wa_smartphone_to_tomo_ni.,144
pixellink,144
clockwork_rabbit,144
hige_wo_soru._soshite_joshikousei_wo_hirou.,144
ark_survival_evolved,144
shadow_hearts_ii,144
shinma_x_keishou!_ragnabreak,144
oretachi_ni_tsubasa_wa_nai,144
taketori_monogatari,144
kof:_maximum_impact,144
mega_man_3,144
gakkou_de_seishun!,144
gensokyo_night_festival,144
black_beacon,144
renri_no_chigiri_wo_kimi_to_shiru,144
maou_gakuin_no_futekigousha,143
apocalypse_hotel,143
jaws_(movie),143
boku_no_kanojo_sensei,143
akiba's_trip,143
mortal_kombat_9,143
mad_max:_fury_road,143
blazblue:_continuum_shift,143
chloris_garden,143
music_s.t.a.r.t!!,143
amakano_3,143
killing_magician,143
neo-traditionalism_of_japan,143
haruru_minamo_ni!,143
h2o_footprints_in_the_sand,143
gokujou_seitokai,143
yatagarasu_(game),143
world's_end_dancehall_(vocaloid),142
james_cameron's_avatar,142
prototype_(game),142
vcr_gta,142
girls_und_panzer_gekitou!_maginot-sen_desu!!,142
momotarou_densetsu,142
animate_(company),142
tokyo_ravens,142
kaede_to_suzu,142
king_of_prism_by_prettyrhythm,142
ichiban_ushiro_no_daimaou,142
langrisser_ii,142
soulcalibur_iii,142
solty_rei,142
saikyou_ginga_ultimate_zero_~battle_spirits~,142
men_in_black,142
bishoujo_mangekyou:_norowareshi_densetsu_no_shoujo,142
high_school_dxd_cross,142
erogos,142
koiiro_byoutou_(vocaloid),141
mahou_shoujo_ikusei_keikaku_jokers,141
nikki_up2u2:_world_traveller,141
the_elder_scrolls_iii:_morrowind,141
lovely_x_cation,141
shironagasu-tou_e_no_kikan,141
shin_sangoku_musou_origins,141
yowamushi_mont-blanc_(vocaloid),141
gundam_exa,141
teenage_mutant_ninja_turtles_(1987),141
daihatsu,141
m@gical_cure!_love_shot!_(vocaloid),141
waka-chan_wa_kyou_mo_azatoi,141
blood-c,141
muchigaku,141
sonic_forces:_speed_battle,141
yuuwaku_namaiki_lolita,141
act-age,141
katsugeki/touken_ranbu,141
comiket_82,141
orix_buffaloes,141
scarz,141
ikkitousen_dragon_destiny,141
dokyuu_hentai_hxeros,141
tamayura,141
toushin_toshi,140
james_bond_(series),140
pokemon:_the_first_movie_-_mewtwo_strikes_back,140
musou_orochi,140
ultraman_arc_(series),140
gears_of_war,140
pretty_rhythm_dear_my_future,140
hoshi_wo_miru_hito,140
omoide_no_marnie,140
tama_project,140
acfun,140
kengan_(series),140
senyoku_no_sigrdrifa,140
resident_evil_7:_biohazard,139
black_myth:_wukong,139
gundam_seed_astray,139
gokushufudou,139
ghost_of_tsushima,139
super_robot_wars_judgement,139
id_:_invaded,139
pocketland,139
morinaga_(brand),139
sly_cooper_(series),139
monogatari_series_puc_puc,139
kirby:_right_back_at_ya!,138
virtual_ant_channel,138
magicami,138
the_truman_show,138
chitose-kun_wa_ramune_bin_no_naka,138
girls_creation,138
space_jam,138
guild_cq,138
world_rally_championship,138
captain_america:_the_first_avenger,138
jubeat,138
avengers:_age_of_ultron,138
mahou_shoujo_pretty_sammy,138
livejupiter_(2channel),138
hanayori_jyoshiryou,138
mochipro,138
hypnosis_mic:_rule_the_stage,138
pixiv_fantasia_2,138
labyrinth_of_touhou_(series),138
re:lief_~shin'ai_naru_anata_e~,138
7th_dragon_2020-ii,138
ishida_to_asakura,138
with_you,138
winged_fusiliers,138
koikishi_purely_kiss,138
fii-tan_the_figure,138
venus_blade,138
the_birth_of_venus,137
treasure_cafe,137
mount_celeb_kaneda-san,137
shinra-bansho_(circle),137
macne_series,137
dead_rising,137
ashita_no_joe,137
heartsync,137
thunderbolts_(movie),137
castlevania:_nocturne,137
holohoneygaoka_koukou,137
the_first_take,137
dungeon_de_ohanatsumi_nanka_yurushimasen!!,137
metroid_ravenous,137
sakura_photograph_(idolmaster),137
hellsing:_the_dawn,137
sonic_racing:_crossworlds,137
power_stone,137
kami-sama_no_memo-chou,137
young_justice,136
mirumo_de_pon!,136
grand_blue,136
demonherd,136
holiday_holiday_(tenko)_(love_live!),136
mazinkaiser,136
sket_dance,136
aozora_jumping_heart,136
honkai:_nexus_anima,136
starless,136
neko_musume_michikusa_nikki,136
saimin_seishidou,136
terra_battle,136
super_robot_wars_z1,136
boukun_habanero,136
page_of_lambda,135
reminiscence,135
netflix,135
ryuu_ga_gotoku_8,135
koutetsu_jeeg,135
mahou_girls_precure!!_~mirai_days~,135
mega_man_x5,135
mad_rat_dead,135
makai_senki_disgaea_7,135
crymachina,135
amatsutsumi,135
mahou_no_princess_minky_momo,135
trigger_heart_exelica,135
tarzan_(disney_movie),135
prismplus,135
utakata,135
potemayo,135
koshotengai_no_hashihime,135
gokurakugai,135
dance_in_the_vampire_bund,135
high_score_girl,135
soukou_senki_prism_shine,135
ikazuchi_no_senshi_raidy,135
jimmy_neutron_(series),135
alia's_carnival!,135
digimon_adventure:_(2020),135
street_fighter_ex_(series),135
chinese_mythology,135
akatsuki_no_kiseki,135
omariposa,134
avataro_sentai_donbrothers,134
gamera_(series),134
ultraman_geed_(series),134
godzilla_minus_one,134
amano_megumi_wa_suki_darake!,134
sakigake!!_cromartie_koukou,134
detective_pikachu_(movie),134
ikoku_meiro_no_croisee,134
bloodline,134
gugure!_kokkuri-san,134
basilisk_(manga),134
nikushoku_jk_mantis_akiyama,134
hentai_kamen,134
kyonyuu_fantasy,134
riviera,134
stardust_project,134
doki_doki_majo_shinpan,134
fitness_boxing,134
kuromukuro,134
comic_tenma,134
dissidia_final_fantasy_opera_omnia,134
ranma_1/2_kessen_tougenkyou!_hanayome_wo_torimodose!,133
anastasia_(1997),133
batman:_the_animated_series,133
demon_days_(marvel),133
dr.latency's_freak_report,133
ed_edd_n_eddy,133
road_to_ninja:_naruto_the_movie,133
shoujo_kakumei_utena_adolescence_mokushiroku,133
milk_inside_a_bag_of_milk_inside_a_bag_of_milk,133
persona_3_the_answer,133
anne_happy,133
brave_new_world_(webtoon),133
umamusume:_star_blossom,133
crazy_ones,133
1hp_club,133
isekai_meikyuu_de_harem_wo,133
ore_no_nounai_sentakushi_ga_gakuen_love-comedy_wo_zenryoku_de_jama_shiteiru,133
kirby:_squeak_squad,133
horizon_zero_dawn,133
seirei_tsukai_no_blade_dance,133
gamers!,133
tenshi_no_3p!,133
16bit_sensation,133
girls_bravo,133
canvas_2,133
macross_zero,133
incise_soul,133
battletech,132
awoke_(love_live!),132
re:zero_kara_kasaneru_isekai_seikatsu,132
kirby_&_the_amazing_mirror,132
angelic_layer,132
akuyaku_reijou_tensei_ojisan,132
ultraman_trigger_(series),132
nihon_joshikousei_zukan,132
senpai_wa_otokonoko,132
steins;gate:_my_darling's_embrace,132
tomodachi_no_imouto_ga_ore_ni_dake_uzai,132
mermay,132
ikea,132
full_service_(mazjojo),132
camp_buddy:_scoutmaster_season,132
hoshi_ori_yume_mirai,132
crusaders_quest,132
super_robot_wars_alpha,132
senjou_no_electro_girl,132
bokurano,132
diablo_3,132
saw_(movie),132
sq_(series),132
gakuen_basara,132
fl_studio,132
ultimate_nipper,131
miffy,131
tiger_division,131
tsui_no_sora_(remake),131
popful_mail,131
zootopia_2,131
togainu_no_chi,131
monty_python,131
kidou_senkan_nadesico_-_prince_of_darkness,131
anne_of_green_gables,131
ace_combat_04,131
uchuu_kaizoku_captain_harlock,131
warioware:_get_it_together!,131
sengoku_koihime_~otome_kenran_sengoku_emaki~,131
the_noexistencen_of_you_and_me,131
megazone_23,131
riichi_city,131
girl's_avenue,131
tomie,130
cat's_eye,130
phony_(cevio),130
nijisanji_gta,130
metroid_(classic),130
boku_no_kanojo_wa_ningyohime!?,130
norse_mythology,130
koushinism,130
buta_koushaku,130
mimi_wo_sumaseba,130
godzilla_(2014),130
lv2_kara_cheat_datta_moto_yuusha_kouho_no_mattari_isekai_life,130
deadman_wonderland,130
dragon_poker,130
code_geass:_genesic_re;code,130
noein,130
meshimase_idol,130
shining_star,130
sword_oratoria,130
isshuukan_friends,130
square_live,130
kakuchou_shoujo-kei_trinary,129
calbee_(potato_chips),129
turning_red,129
romeo_and_juliet,129
fantastic_beasts_and_where_to_find_them,129
abenobashi_mahou_shoutengai,129
blue_period,129
comiket_72,129
friendly_rivalry,129
gradius,129
neo_ranga,129
kengan_ashura,129
saint_october,129
sword_art_online:_hollow_fragment,129
famitsu,129
princess_royale,129
yojouhan_shinwa_taikei,129
angel_chromosome_xx,129
asobi_asobase,129
mamonomusume_to_no_seikatsu_~ramia_no_baai~,129
kitanai_kimi_ga_ichiban_kawaii,128
hardcore_tano-c,128
mortal_kombat_x,128
robin_hood_(disney_movie),128
mega_man_8,128
towako_(akane_shinsha),128
otogi_frontier,128
circus_(studio),128
blue_dragon,128
serial_experiments_lain_(ps1_game),128
muv-luv_unlimited:_the_day_after,128
isekai_quartet,128
rapunzel's_tangled_adventure,128
blazblue_phase_0,128
hi-fi_rush,128
vandread,128
karin_(manga),128
cyber_v,128
pixiv_fantasia_1,128
one_piece_heroines,127
cantarella_(vocaloid),127
musekinin_shuugoutai_(synthesizer_v),127
kingdom_hearts_iv,127
kirby's_dream_land_2,127
don't_starve,127
kirby's_dream_land,127
marriagetoxin,127
need_for_speed,127
monster_hunter_3_g,127
1925_(vocaloid),127
silent_hill_4:_the_room,127
strange_eden,127
kurai_ano_ko_to_shitai_koto,127
tomb_raider_(reboot),127
prism_recollection!,127
ginga_ojou-sama_densetsu_yuna,127
gwent_(game),127
euphoria_(clockup),127
angel_blade,127
castle_of_cagliostro,127
ginga_hyouryuu_vifam,127
venus_eleven_vivid!,127
space_maria,127
clover_point,127
dive_to_zone,127
makai_shin_trillion,127
hibana_(vocaloid),127
no-rin,127
marumaru_no_shuyaku_wa_wareware_da!,127
ice_scream,126
phantom_busters,126
the_boondocks,126
parodius,126
loona_(group),126
contrast_(idolmaster),126
sonic_the_fighters,126
chouon_senshi_borgman,126
hiroshima_touyou_carp,126
gokukoku_no_brynhildr,126
coeiroink,126
memories_off_1,126
aoki_ryuusei_spt_layzner,126
homestay_a_la_mode,126
journey,126
captain_america:_civil_war,126
star_fox_(2026),126
food_court_de_mata_ashita,126
ookami_game_(studio_wasabi),126
stratos_4,126
violet_(ninomae_ina'nis),126
genmukan,126
shin_kouchuu_ouja_mushiking,125
atsumare!_fushigi_kenkyuubu,125
girls_x_vampire,125
needy_girl_overdose_(anime),125
ura-omote_lovers_(vocaloid),125
grand_theft_auto:_san_andreas,125
ogami_tsumiki_to_ki_nichijou,125
ghost_in_the_shell:_sac_2045,125
aniplex,125
gira_gira,125
knights_college,125
milihime_taisen,125
koukaku_no_regios,125
new_pokemon_snap,125
fate_trigger:_the_novita,125
fushigi_yuugi,125
zenonzard,125
kaze_tachinu,125
date_a_live:_rinne_utopia,125
unhappy_refrain_(vocaloid),125
choujuushin_gravion,125
pumpkin_scissors,125
v_yuusha_no_kuse_ni_namaiki_da_r,125
yuba_no_shirushi,125
pixiv_azriel,125
otoca_d'or,125
uq_holder!,125
kakkou_no_iinazuke,125
kenkon_no_washi,125
orguss,125
mahou_shoujo_taisen,125
prism_ark,125
the_legend_of_vox_machina,124
jerma985,124
zuutto_issho_(kitani_tatsuya),124
otorimonogatari,124
ichigeki_sacchuu!!_hoihoi-san,124
gundam_side_story:_the_blue_destiny,124
ambitious_mission,124
lost_sword:_tales_of_britania,124
yotsuba_no_senki_clover_rose,124
tokidoki_bosotto_roshia-go_de_dereru_tonari_no_alya-san_puzzle_party!,124
pokemon_3:_the_movie_-_spell_of_the_unown:_entei,124
hollow_song_of_birds,124
windows_2000,124
jingai_makyou,124
honey_and_clover,124
sora_no_kanata_no_dystopia_x_shitei,124
stellar_blade:_blood_rain,124
kamikaze_explorer!,124
internet_survivor,124
making_lovers,124
jojo_no_kimyou_na_bouken:_eyes_of_heaven,123
akai_ito,123
hanamonogatari,123
live_union,123
hololive_error,123
princess_crown,123
obenkyou_shitoiteyo,123
courage_the_cowardly_dog,123
tsuyaza_no_tengu,123
chiccha_na_watashi_(synthesizer_v),123
the_last_supper,123
sentai_daishikkaku,123
doushitara_osananajimi_no_kanojo_ni_naremasu_ka!?,123
tobaku_haouden_zero,123
smooooch,123
blazblue:_calamity_trigger,123
youkai_hyakki-tan!,123
toraware_no_kami-sama_to_tabi_no_shoujo,123
towelket_wo_mou_ichido,123
300_(movie),123
the_legend_of_zelda:_four_swords,123
huayangshan_jishi,123
dora_the_explorer,122
seventeen_(group),122
magicorps_(alterkyon),122
oyasumi_punpun,122
gatchaman,122
tenkaichi_nihon_saikyou_bugeisha_ketteisen,122
otome_kaibou_(vocaloid),122
tokyo_necro_suicide_mission,122
umihara_kawase,122
tsukiatte_agetemo_ii_kana,122
mahou_shoujo_site,122
sergestid_shrimp_in_tungkang,122
black_rock_shooter:_dawn_fall,122
wolf's_rain,122
hitozukiai_ga_nigate_na_miboujin_no_yukionna-san_to_noroi_no_yubiwa,122
alpaca_connect,122
fearless_night,122
godzilla_x_kong:_the_new_empire,122
tokimeki_memorial_girl's_side_2nd_kiss,122
steelblue_mirage,122
hua_jianghu_zhi_bei_mo_ting,122
hirake!_ponkikki,122
tales_of_crestoria,122
phantasy_star_portable_2_infinity,121
tako_takover_(ninomae_ina'nis),121
futatsu_no_mokuba_(kikuo),121
fields_of_mistria,121
kirby's_star_stacker,121
boyfriend_to_death,121
girls'_generation,121
kamikakushi_no_eden,121
bakemono_no_ko,121
grisaia_phantom_trigger,121
kaku-san-sei_million_arthur,121
chunichi_dragons,121
kagaminomachi_no_kaguya,121
i_became_a_god_in_a_horror_game,121
kirisame_ga_furu_mori,121
bernard-jou_iwaku.,121
tsuki_wa_higashi_ni_hi_wa_nishi_ni,121
cryamore,121
sutare_yume,121
codename_wa_sailor_v,121
silent_hill_1,121
kaette_kita_ultraman,121
neon_genesis_evangelion_gakuen_datenroku,121
samurai_sentai_shinkenger,120
tokyo_revengers_pazuribe!,120
metroid_prime_1,120
witch's_island,120
zesshaka!_shiritsu_yotsuwa_joshi_gakuin_zetsumetsu_kigu-sha_gakka,120
phantom_of_the_opera,120
ng_knight_lamune_&_40,120
comptiq,120
trinity_blood,120
dame_x_prince,120
jaku-chara_tomozaki-kun,120
guild_wars_(series),120
pink_bitch_club,120
hajimari_wa_kimi_no_sora,120
otokonoko_ni_nacchatta_joshikousei,120
toaru_kagaku_no_accelerator,120
dororon_enma-kun,120
phantom_of_inferno,120
wild_flower,120
hentai_elf_to_majime_orc,120
sasami-san@ganbaranai,120
aharen-san_wa_hakarenai,120
disney_fairies,120
puyopuyo_7,120
shining_musume,120
ao_oni,119
million_production,119
densetsu_no_yuusha_no_densetsu,119
teen_titans_go!,119
rune_factory_1,119
unionism_quartet,119
abbey_road,119
empty_x_embryo,119
the_milkmaid,119
kamen_rider_x_(series),119
neko_no_ongaeshi,119
raving_rabbids,119
amakano,119
himawari_no_kyoukai_to_nagai_natsuyasumi,119
the_citadel,119
hello_planet_(vocaloid),119
darling_dance_(vocaloid),119
raramagi,119
kono_naka_ni_hitori_imouto_ga_iru!,119
otona_no_moeoh,119
tasokare_hotel,119
arms_note,119
toward_the_terra,119
magna_carta,119
uchi_no_maid_ga_uzasugiru!,119
joker_game,119
grimgrimoire,119
attouteki_yuugi_mugen_souls,119
melancholic_(vocaloid),119
daiakuji,118
refrain_no_chika_meikyuu_to_majo_no_ryodan,118
watashi_no_tame_ni_nuginasai!,118
kara_no_shoujo,118
yunyun_denpa_syndrome,118
rise_up_high!_(love_live!),118
echoes_of_vision,118
feiren_zai,118
mahou_shoujo_ikusei_keikaku_aces,118
outer_wilds,118
kiss_x_sis,118
tetsujin_28-gou,118
clash_of_clans,118
mega_man_battle_network_(anime),118
kawaikereba_hentai_demo_suki_ni_natte_kuremasu_ka?,118
ophelia_(painting),118
gankutsuou,118
stranger_things,118
torikissa!,118
aoi_hana,118
keijo!!!!!!!!,118
paryi_project,118
koukaku_no_pandora,118
backrooms_(2026_movie),117
the_king_of_fighters_2000,117
i_don't_want_to_be_a_magical_girl,117
ghost_rider_(series),117
comiket_78,117
dragon_age_2,117
american_dad!,117
dungeons_&_dragons:_chronicles_of_mystara,117
genji_tsuushin_agedama,117
arcturus,117
shiawasena_neet_no_sodatekata,117
the_devil_and_s-13,117
lost_technology,117
pandora_party_project,117
ragnarok_origin,117
7th_dragon_iii,117
otome_youkai_zakuro,117
valkyrie_drive_-siren-,117
taiyou_no_kiba_dougram,117
gakkou_no_kaidan_(anime),117
bendy_and_the_ink_machine,116
persona_4_the_animation,116
cardcaptor_sakura:_memory_key,116
power_pro-kun_pocket_9,116
v-lup,116
root_eden,116
the_memories_of_phantasm,116
dodonpachi_saidaioujou,116
project_diva_x,116
domino's_pizza,116
pocahontas_(movie),116
never_gonna_give_you_up,116
where's_wally?,116
endless_monday:_dreams_and_deadlines,116
viper_rsr,116
kishibe_rohan_wa_ugokanai,116
choo_choo_train,116
motto!_haramase!_honoo_no_oppai_chou_ero_appli_gakuen!,116
viprpg,116
youkoso!_sukebe_elf_no_mori_e,116
elemental_gelade,116
sei_zenra_jogakuen,116
mikagura_gakuen_kumikyoku,116
buta_no_liver_wa_kanetsu_shiro,116
taimadou_gakuen_35_shiken_shoutai,116
shin_no_nakama_janai_to_yuusha_no_party_wo_oidasareta_no_de_henkyou_de_slow_life_suru_koto_ni_shimashita,116
shocking_party,116
ji_peng_gou_you,116
gad_guard,116
kamen_rider_amazon_(series),115
halloween_(movie),115
jishenkong_jihua,115
windows_11,115
sd_gundam_gaiden,115
futurama,115
slayers_try,115
ghost_rule_(vocaloid),115
mega_man_x2,115
sogna,115
dear_vocalist,115
private_room_2,115
dune_(series),115
kubo-san_wa_mob_wo_yurusanai,115
kuma_kuma_kuma_bear,115
wario_land_4,115
k-on!_high_school,115
comiket_79,115
iczer_(series),115
shinobi_nightmare,115
sengoku_koihime,115
onna_shunin_kishi_mieko,115
chivalry_starved,115
lunar_2:_eternal_blue,115
brigadoon,115
codename:_bakery_girl,114
anima_yell!,114
gujian_qitan_(series),114
gaiking,114
koutsugou_semi-friend,114
comiket_80,114
negative_frames,114
synduality,114
roskomnadzor,114
getter_robo_arc,114
transformers:_shattered_glass,114
dinosaur_king,114
shadowverse_(anime),114
los_angeles_lakers,114
kokoro_yohou_(eve),114
star_gladiator,114
suketto_sanjou!,114
oishinbo,114
project_luminasys,114
teamfight_tactics,114
soushisouai_lolita,114
koumajou_densetsu_1,114
.hack//roots,114
kirby's_dream_buffet,114
mozaik_role_(vocaloid),114
sucker_for_love,114
osawari_tantei,114
cloud9,114
valis_(sinsekai),114
momoiro_taisen_pairon,114
aoi_shiro,114
saibai_shounen,114
heroes_of_the_storm,114
aliens_(1986),114
luminous_arc_2,114
cyberlive,114
haou_airen,114
busou_shoujo_machiavellism,114
lyrical_store,114
juukishi_cutie_bullet,114
wario_land:_shake_it!,114
kuso_zako_choroin_nishiga_hachi,114
mario_golf,113
kamen_rider_battle,113
reco_love,113
la_priere,113
mahou_no_yousei_persia,113
tamon-kun_ima_docchi,113
call_of_duty:_black_ops,113
red_sonja_(comics),113
love_live!_series_official_card_game,113
future_gpx_cyber_formula,113
command_&_conquer:_red_alert_2,113
miracle_paint_(vocaloid),113
mega_man_x3,113
tengen_toppa_gurren_lagann:_lagann-hen,113
memories_off_2nd,113
uchi_no_kaisha_no_chiisai_senpai_no_hanashi,113
kyatto_ninden_teyandee,113
castlevania:_aria_of_sorrow,113
knight_of_erin,113
triangle_strategy,113
issho_ni_training,113
project_diva_f_2nd,113
elf_all-stars_datsuijan,113
pia_carrot_e_youkoso!!_g.o.,113
seisen_cerberus,113
cafe_sourire,113
ren'ai_x_royale,113
grimms_notes_gakuen,113
digimon_adventure:_bokura_no_war_game,112
pulp_fiction,112
mid-fight_masses,112
neko_shota_ten_(hakuyagen),112
windows_98,112
bishoujo_terror,112
the_royal_family_(tv_series),112
touhou_futanari_scarlet_escape,112
the_king_of_fighters_xi,112
streets_of_rage,112
yoasobi,112
granbelm,112
kurano_kun_chi_no_futago_jijou,112
akiiro_renka,112
aoku_haruka,112
mega_man_4,112
amiami_(company),112
2020_summer_olympics,112
ouchi_no_mahou_shoujo,112
pokemon_ranger_1,112
himitsu_keisatsu_(vocaloid),112
skibidi_toilet_(series),112
suiyou_dou_de_shou,112
happy_synthesizer_(vocaloid),112
jijou_wo_shiranai_tenkousei_ga_guigui_kuru.,112
new_super_marisa_land,112
gekkou_no_carnevale,112
izayoi_no_hanayome,112
sonic_cd,112
magus_tale,112
dragon_half,112
love_r,112
luck_&_logic,112
star_savior,111
the_fallen_angel_(painting),111
metallica,111
high_school_boy,111
player_(webtoon),111
special_civil_servant,111
power_pro-kun_pocket_13,111
kinsou_no_vermeil,111
angelic_link,111
kioh_gyoku,111
mega_man_legends_2,111
yuni_channel,111
sofmap,111
chu_x_chu_idol,111
kinjo_no_hito_no_nakimushi,111
chibi_kyonyuu,111
shuten_order,111
sd_gundam_g_generation_original,111
senran_kagura_burst_re:newal,111
guilongchao,111
nagai_gojitsudan_no_nechronica,111
ore_wo_suki_nano_wa_omae_dake_ka_yo,111
kamisama_no_you_na_kimi_e,111
blank_room_soup,111
gekijouban_mononoke,111
shuumatsu_no_harem,111
sumomomo_momomo,111
super_robot_wars_z2,111
megami_paradise,111
iede_gal_na_senpai_wa_kantan_ni_yarasete_kureru,111
re_leaf,111
touhou_ningyougeki,111
japan_air_self-defense_force_omaezaki_sub-base,110
nights_into_dreams,110
thundercats,110
wizardry_variants_daphne,110
otaku_ni_koi_wa_muzukashii,110
cinderella_(vocaloid),110
kirei_ni_shitemoraemasuka,110
kyoto_xanadu,110
snack_nili,110
moe!_ninja_girls_rpg,110
yoru_no_nai_kuni,110
danball_senki_wars,110
edomae_elf,110
sasaki_to_p-chan,110
jirai_nan_desu_ka?_chihara-san,110
pole_princess!!,110
star_wars_rebels,110
isekai_harem_monogatari,110
zenbu_kowashite_jigoku_de_aishite,110
akutoku_no_judgement_(vocaloid),110
ultraman_mebius_(series),110
code_vein_ii,110
saiyuki,110
dragon_ball_legends,110
fire_punch,110
goshuushou-sama_ninomiya-kun,110
yousei_daisensou,110
hizashi_no_naka_no_real,110
el_hazard,110
saint_seiya:_rising_cosmo,110
sleeping_beauty_(fairy_tale),109
daft_punk,109
lavender_quartz,109
transformers:_armada,109
ikemen_joshi_to_josou_danshi,109
nascar,109
uchuu_kyoudai,109
ridge_racer,109
alternative_facts_in_eastern_utopia,109
bloom_the_smile_bloom_the_dream!,109
god_eater_3,109
happy_party_train,109
metroid:_samus_returns,109
golgo_13,109
ultraman_dyna_(series),109
pizza-la,109
kono_healer_mendokusai,109
captain_tsubasa,109
star_wars:_attack_of_the_clones,109
shoujo_tsubaki,109
star_wars:_the_empire_strikes_back,109
tsuki_ga_michibiku_isekai_douchuu,109
daicon,109
mygrimoire,109
manyuu_hikenchou,109
valkyrie_profile_2:_silmeria,109
gensou_suikogaiden,109
halo:_combat_evolved,109
yggdra_union,109
hearthstone,109
comic_shitsurakuten,109
pokemon:_jirachi:_wish_maker,108
batman:_arkham_(series),108
ressha_sentai_toqger,108
nevermind,108
phantasy_star_ii,108
national_football_league,108
yu-gi-oh!_tag_force,108
emergence_(shindol),108
ultraman_tarou_(series),108
succubus_appli,108
peppa_pig_(series),108
gekijouban_date_a_live:_mayuri_judgement,108
sunshine_creation,108
super_robot_wars_v,108
girls_und_panzer_phase_erika,108
ki_ga_hayai_kouhai_kanojo,108
eien_no_aselia,108
polivia,108
the_dark_knight,108
valkyrie_anatomia,108
diabolik_lovers,108
himegami_emaki,108
rabbitmaiden_softworks,108
pastel_chime_continue,108
cookie_clicker,108
venom_(2018),108
amaama_to_inazuma,108
shinobi_(series),107
campus_mode!!_(idolmaster),107
hyakuemu,107
yamada-kun_to_7-nin_no_majo,107
tanaka-kun_wa_itsumo_kedaruge,107
civilization_(series),107
love-ressive,107
mashin_sentai_kiramager,107
hasunosora_fantasy,107
x-men_vs._street_fighter,107
calpis,107
highspeed_etoile,107
war_of_the_visions:_final_fantasy_brave_exvius,107
touken_ranbu:_hanamaru,107
twinkle_crusaders,107
digimon_story:_cyber_sleuth_-_hacker's_memory,107
kick_back_(song),107
heartlovepowertemple,107
fantasy_life,107
envy_baby_(vocaloid),107
choujikuu_seiki_orguss,107
vlyz,107
succubus_stayed_life,107
code_geass:_fukkatsu_no_lelouch,107
binan_koukou_chikyuu_bouei-bu_love!,107
viper_v16,107
seiren,107
the_king_of_fighters_xii,107
gran_saga,107
nanami_to_konomi_no_oshiete_abc,106
star-crossed_world,106
arcanadea,106
wagamama_high_spec,106
dc:_dark_legion,106
reverse_collapse_(series),106
internet_overdose,106
wingman,106
shirley_(manga),106
sister_sara_to_madara-chan,106
cotton_(game),106
monster_prom,106
wonder_momo,106
love_live!_school_idol_musical,106
darius_(series),106
jitsuha_imouto_deshita.,106
berry's,106
yankee_jk_kuzuhana-chan,106
ratchet_&_clank,106
mega_man_legends_3,106
sequel_(series),106
monster_hunter_xx,106
zerobaseone,106
xenosaga_episode_ii,106
dnf_duel,106
eureka_seven_ao,106
saga_2,106
great_mazinger,106
kunoichi_hajimemashita!,106
shinken!!,106
atom:_the_beginning,106
golden_axe,105
kusunoki_mebuki_wa_yuusha_de_aru,105
the_flash_(movie),105
final_fantasy_unlimited,105
isekai_samurai,105
terra_formars,105
cho_toutoi_love,105
mashin_eiyuuden_wataru,105
excel_saga,105
limnos,105
shakacat,105
mamono_hunter_youko,105
digimon_story:_sunburst_and_moonlight,105
another_code,105
plivyou,105
izumo,105
viper_gts,105
alien_vs._predator,105
nursery_rhyme,105
assassin's_creed_iii,105
game_club_project,105
super_mecha_champions,105
precure_connection_puzzlun,105
rwby_chibi,105
tropical_liquor,105
earth_defense_force,105
lord_of_vermilion_iii,105
brave_frontier,105
lunar:_the_silver_star,105
love_angel_syndrome,104
fatal_frame_1,104
hi_no_tori,104
sultan's_game,104
nemurase_hime_kara_no_okurimono_(vocaloid),104
fate/grail_league,104
elf_village,104
dawn_of_the_golden_witch,104
akagami_no_shirayukihime,104
fortune_movie_(love_live!),104
hangyaku_no_nijigasaki,104
old_testament,104
ergo_proxy,104
nippon_sangoku,104
e_2,104
debut_or_die!,104
origins_smp,104
talesshop,104
giant_ojou-sama,104
the_thing,104
wiz_anniversary,104
kamisama_dolls,104
puyopuyo_tetris_2,104
wander_over_yonder,104
dengeki,104
beatless,104
kaikan_change,104
ratatouille,104
cencoroll,104
ookami_kodomo_no_ame_to_yuki,104
choujin_koukousei-tachi_wa_isekai_demo_yoyuu_de_ikinuku_you_desu!,104
en-eins_kanzen_sekai,104
motto!_haramase!_honoo_no_oppai_isekai_ero_mahou_gakuen!,104
glitchtale,104
vanquished_queens,104
astraline,103
transformers:_rise_of_the_beasts,103
mom's_touch,103
ceo_and_bodyguard,103
midori_no_makibaoo,103
hana_sakeba_yume_kakeru,103
josho_kiryu_(love_live!),103
haimiya-senpai_wa_kowakute_kawaii,103
tachibana-san-chi_no_dansei_jijou,103
release_the_spyce,103
buried_stars,103
yume_nisshi,103
koi_wa_ameagari_no_you_ni,103
office_lady_taiwan,103
papers_please,103
tonari_no_kaibutsu-kun,103
princess_maker_(series),103
baldr_(series),103
bikini_warriors,103
tomica_hyper_rescue_drive_head:_kidou_kyuukyuu_keisatsu,103
monster_hunter_mezeporta_kaitaku-ki,103
symphonic_rain,103
galzoo_island,103
power_pro-kun_pocket_10,103
onimusha,103
ashita_no_kimi_to_au_tame_ni,103
sakura_sakura,103
inhabituels,103
breadwinners,103
dragon_quest_tact,103
usagi_drop,103
blaster_master_zero,102
left_4_dead_2,102
ongezellig,102
haiena_chan_ni_nerawarete,102
centuria_(manga),102
ciconia_no_naku_koro_ni,102
bans,102
spyro_(series),102
persona_q:_shadow_of_the_labyrinth,102
houou_project,102
destiny_lovers,102
delightfully_fuckable_and_unrefined!!,102
fast_&_furious,102
pokemon_mystery_dungeon:_red/blue_rescue_team,102
school_star_dream!,102
soulcalibur_ii,102
assassins_pride,102
bishoujo_mangekyou:_kami_ga_tsukuritamouta_shoujo-tachi,102
katana_zero,102
recettear,102
shenmue_ii,102
yu-gi-oh!_(toei),102
soul_link,102
elf_all-stars_datsuijan_2,102
kanamemo,102
gin_to_kin,102
shut_hell,102
lyrical_lyric,102
tetsudou_musume,102
this_communication,102
magical_marriage_lunatics!!,102
irozuku_sekai_no_ashita_kara,102
futaribeya,102
rettou_joutou_(vocaloid),101
tougen_anki,101
aitsu_no_kanojo,101
asociacion_del_futbol_argentino,101
project_a-ko,101
yu-gi-oh!_duel_links,101
ga_bunko,101
jinrouki_winvurga,101
sentou_yousei_yukikaze,101
ss_kabushikigaisha,101
ultraman_(hero's_comics),101
star_night_snow_(vocaloid),101
little_nightmares,101
monster_hunter_stories,101
machine_robo,101
type-moon_gakuen_chibichuki!,101
klasse14,101
kenja_no_deshi_wo_nanoru_kenja,101
closed_game,101
tales_of_the_tempest,101
kabukimonogatari,101
robocop,101
exit_tunes,101
palette_project,101
neo_kamen_rider,101
amaenaideyo!!,101
bungou_stray_dogs:_mayoi_inu_kaikitan,101
street_fighter_x_tekken,101
muteki_choujin_zambot_3,101
eastward,101
hissatsu_chikannin_2,101
ribbon_no_kishi,101
fanfare!!!_(love_live!),101
marvelous,101
seiten_ragnarok,101
ac_japan,101
dofus,101
extreme_hearts,101
girly_air_force,101
fruits_fulcute!,101
m&m's,100
mikoto_to_rei,100
lostorage_wixoss,100
buddy_daddies,100
moira_(sound_horizon),100
marvel_2099,100
natsuzora_kanata,100
gujian_qitan_3,100
grizzly_ni_osowaretara,100
spider-man:_no_way_home,100
rance_03,100
princession_orchestra,100
brilliant_pagoda_or_haze_castle,100
the_seven-year_itch,100
gin'iro_haruka,100
shinohayu_the_dawn_of_age,100
ken_to_mahou_to_gakuen_mono,100
oso-teki_kinoko_gijinka_zukan,100
"i""s",100
mario_tennis_aces,100
neko_atsume,100
touhou_blooming_chaos,100
yuuhei_satellite,100
watashi_no_yuri_wa_oshigoto_desu!,100
dakaretai_otoko_1-i_ni_odosarete_imasu.,100
summon_night:_swordcraft_story,100
start:dash!!,100
ive_(group),100
danball_senki_w,100
psi_(vocaloid),100
natsuzuka-san_no_himitsu,100
gang_of_heaven,100
discipline:_the_record_of_a_crusade,100
natsu_no_ame,100
ciel_nosurge,100
maerchen_maedchen,100
gemini_seed,100
dorifesu!,100
boogiepop,99
white_rabbit_candy,99
transformers:_cybertron,99
q_(hololive),99
migikata_no_chou_(vocaloid),99
look_back,99
dangaioh,99
napoleon_crossing_the_alps,99
choujuu_kishin_dancouga,99
a_court_of_thorns_and_roses_(series),99
daten_route,99
fushigi_no_gensokyo,99
rebellion_godsoul,99
chrono_ark,99
aku_no_onna_kanbu:_perigee_new_moon,99
kuromajo-san_ga_tooru!!,99
dragon_age:_inquisition,99
cloud_meadow,99
the_personification_of_atmosphere,99
project_carneades,99
sagara-san'chi_no_etsuraku_life,99
nonfiction!!_(love_live!),99
bellville_(kennycomix),99
orc_eiyuu_monogatari,99
hitman_(game),99
girls_und_panzer_gekijouban,99
gundam_gihren_no_yabou,99
kagaku_chop,99
kouhai_wa_inkya_agari_no_infuruensaa,99
amaemi-longing_for_you-,99
ryo_to_mikoto,99
garden_(game),99
queen_bonjourno,99
wild_wet_west,99
end_breaker!,99
hatoful_kareshi,99
innocent_red,99
yuusha_support_center_maoujou_shibu,99
kanon_2006,99
alstroemeria_records,99
victorian_romance_emma,99
cool_na_megami-sama_to_issho_ni_sundara_amayakashisugite_ponkotsu_ni_shiteshimatta_ken_ni_tsuite,99
dandy's_world,99
kamen_rider_battle:_ganba_legends,98
lady_and_the_tramp,98
final_fantasy_airborne_brigade,98
rance_ix,98
virtua_fighter_5_(series),98
waku_waku_puyo_dungeon,98
stalker_2:_heart_of_chornobyl,98
hannibal_(tv_series),98
irodorimidori,98
kirby_cafe,98
saitama_seibu_lions,98
bronze_parrot,98
super_mario_galaxy_2,98
nandome_ka_no_hajimemashite,98
yume_e_no_ippo,98
code_geass:_soubou_no_oz,98
onmyoji:_the_card_game,98
houseki_hime,98
shounen_no_abyss,98
god_of_war_ragnarok,98
hoshikui,98
strike_witches_(lionheart_witch),98
enbizaka_no_shitateya_(vocaloid),98
nie_no_hakoniwa,98
yari_no_yuusha_no_yarinaoshi,98
rahxephon,98
over_zenith,98
uragoner,98
watashi_nouryoku_wa_heikinchi_de_tte_itta_yo_ne!,98
uta_no_prince-sama:_shining_live,98
getsumento_heiki_miina,98
end_of_eternity,98
jewelpet_magical_change,98
neon_genesis_evangelion_anima,98
class_no_gal_ni_kuuki_atsukai_sareteimasu,98
owari_no_chronicle,98
kage_kara_mamoru!,98
los_angeles_dodgers,97
harapeko_shoujo_to_tantei_to,97
madtown_gta,97
yandere_no_onna_no_ko_ni_shinu_hodo_aisarete_nemurenai_cd,97
super_robot_wars_original_generation_2,97
microsoft_office,97
woman_with_a_parasol,97
mo_nu_zhi_wen_nai_bai_he_zhi_wei,97
killing_stalking,97
maho_x_roba_-witches_spiritual_home-,97
oshi_ga_budoukan_itte_kuretara_shinu,97
ultraman_taiga_(series),97
legend_of_queen_opala,97
re:_cutie_honey,97
world_endurance_championship,97
the_war_of_genesis,97
idola_phantasy_star_saga,97
empires_smp,97
shikkoku_no_sharnoth,97
kaisha_no_senpai_akaori-san,97
font_bad_girl_squad,97
sexfriend,97
totsukuni_no_shoujo,97
w.l.o_sekai_ren'ai_kikou,97
tenchi_muyou!_uchuu_hen,97
densou_tenshi_valforce,97
brave_soul,97
kyouka_jinrui_amunero,97
cardfight!!_vanguard_g,97
e.t.,96
geinoujin_kakuzuke_check,96
haruoto_alice_gram,96
captain_commando,96
nayutalien,96
halo_4,96
where_winds_meet,96
hakumei_to_mikochi,96
teikoku_senki,96
mega_man_legends,96
sparkly_spot_(love_live!),96
ultraman_decker_(series),96
transformers:_victory,96
the_rolling_girls,96
turing_love,96
jungle_wa_itsumo_hare_nochi_guu,96
saku_(series),96
hoshi_no_samidare,96
castlevania:_dawn_of_sorrow,96
green_(game),96
meshi_mase!_nekomimi_nyan_dafuru,96
tales_of_the_world_radiant_mythology_2,96
love_letter_(idolmaster),96
ayakashi_rumble!,96
ekokuice,96
rokujouma_no_shinryakusha!?,96
himitsu_no_jugyou,96
amanchu!,96
sengoku_kishin_valkyrie,96
interlude,96
dakara_boku_wa_h_ga_dekinai,96
rental_magica,96
kill_time_communication,95
yahoo!,95
aikatsu!_x_pripara_the_movie_-deai_no_kiseki!-,95
yat_anshin_uchuu_ryokou,95
falcom,95
sd_sengokuden,95
five_nights_in_anime_(fangame),95
the_last_of_us_part_ii,95
the_witcher_4,95
the_three_caballeros,95
medarot_2,95
corona_(brand),95
myself_yourself,95
edelied,95
rick_g_earth,95
enquete_kinou_de_nasubikko_wo_ikusei_shiyou!,95
kemono_fabric,95
bishoujo_mangekyou:_kotowari_to_meikyuu_no_shoujo,95
frozen_ii_(disney),95
premier_league,95
yuusha_keisatsu_j-decker,95
inukami!,95
sakura_strasse,95
blassreiter,95
tales_of_vesperia:_the_first_strike,95
final_fantasy_tactics_a2,95
soul_cradle,95
working!!_(web_manga),95
kumatanchi,95
emori,95
payday_(series),95
muv-luv:_dimensions,95
komori-san_wa_kotowarenai!,95
village_vanguard,94
star_wars:_the_phantom_menace,94
x_(manga),94
alps_no_shoujo_heidi,94
spawn_(comic),94
hajimete_no_orusuban,94
ultraman_blazar_(series),94
nanairo_kouro,94
langrisser_iii,94
aikatsu_planet!,94
transformers:_car_robots,94
shin_sangoku_musou_5,94
kick-ass,94
daicon_iv,94
ys_seven,94
kikou_senki_dragonar,94
mainichi_compile_heart,94
meechu,94
panda_hero_(vocaloid),94
luigi's_mansion_3,94
zenhoi_kyun,94
windows_vista,94
pure_girl,94
witch's_weapon,94
bangtan_boys,94
loki_(disney+),94
aiyoku_no_eustia,94
pathfinder,94
machine_maiden_next,94
magician's_academy,94
"ore_ga_ojou-sama_gakkou_ni_""shomin_sample""_toshite_rachirareta_ken",94
kemono_friends_r,94
killer_in_the_mirror,94
saint_onii-san,94
bonobono,94
hajimete_no_koi_ga_owaru_toki_(vocaloid),94
supercell_(band),94
choushinjiku_game_neptune_unlimited,93
card-en-ciel,93
ren'ai_saiban_(vocaloid),93
smooth_criminal,93
arthurian_legend,93
child's_play,93
halo_infinite,93
digimon_survive,93
assassin's_creed:_odyssey,93
madra_(album),93
adipocere_(vocaloid),93
artix_entertainment,93
re:zero_kara_ayamatsu_isekai_seikatsu,93
koutetsu_no_majo_annerose,93
mahou_no_star_magical_emi,93
doggy_god's_street,93
gundam_lost_war_chronicles,93
submarine_707r,93
metal_fight_beyblade,93
bakusou_kyoudai_let's_&_go!!_max,93
choudenji_machine_voltes_v,93
yumeochi_-_yume_de_bokura_wa_koi_ni_ochiru,93
volcano_princess,93
mutekikyuu_believer,93
caravan_stories,93
blazblue_alternative:_dark_war,93
kareshi_kanojo_no_jijou,93
lost_crusade,93
evenicle_(series),93
ii_orc_no_hi,93
kaichou_wa_maid-sama!,93
b-project,93
yuukyuu_no_sharin,93
time_bokan_24,93
futabu,93
pokken_tournament,93
mushibugyou,93
x-overd,93
kakunaru_ue_wa,93
mizuiro,93
world_of_horror,92
gekijigen_tag:_blanc_+_neptune_vs_zombie_gundan,92
kirby_super_star_ultra,92
today's_han_yoil_is_a_woman,92
death_parade,92
my_pig_princess,92
yaiba,92
butterfly_(love_live!),92
kono_koi_wo_hoshi_ni_wa_negawanai,92
kura_sushi,92
adventurer's_guild_girls,92
bakuage_sentai_boonboomger,92
gundam_ms_igloo,92
fate/grand_order:_first_order,92
ivan_the_terrible_and_his_son_ivan,92
round1,92
pop_mart,92
innocent_grey,92
kimi_wa_008,92
beatmania_iidx_14_gold,92
poppin'_up!_(love_live!),92
nobunaga_no_yabou,92
kaisha_to_shiseikatsu,92
noworld,92
sakamichi_no_apollon,92
sekai_de_ichiban_oppai_ga_suki!,92
chikyuu_no_ura_(cevio),92
holocure,92
g-senjou_no_maou,92
jewelpet_sunshine,92
oshiete_miko_sensei_(series),92
pieces_of_sweet_stars,92
lamune,92
oku-sama_wa_joshi_kousei,92
super_mario_bros._2,92
kanojo_ga_flag_wo_oraretara,92
tron,92
let's_go_kaikigumi,91
science_(synthesizer_v),91
pikmin_bloom,91
dark_side_of_the_moon,91
suicide_squad_isekai,91
pokemon_super_mystery_dungeon,91
super_mario_3d_world_+_bowser's_fury,91
kemono_friends_festival,91
pastel_memories,91
beatmania_iidx_16_empress,91
hoshiiro_girldrop,91
happy_shijo_shugi!,91
otonari_no_musume-san_wa_ore_ni_ki_ga_aru_you_dakara_pet_ni_shite_mita.,91
yume_wazurai,91
total_war,91
astral_buddy,91
cartagra,91
clock_over_orquesta,91
silent_hill_(movie),91
zoku_satsuriku_no_django,91
naraku,91
super_robot_wars_dd,91
psycho_soldier,91
moeru!_jiten,91
fantasy_bishoujo_juniku_ojisan_to,91
tsumamigui_3,91
mai_ball!,91
raul_to_kyuuketsuki_(ohayousan_084),91
iichan.ru,91
fantasia_re:build,91
cross_channel,91
pink_sniper,91
shiei_no_sona-nyl,91
ballroom_e_youkoso,91
shizuku_(game),90
succubus_prison,90
roshutsu-kei_mahou_shoujo,90
kuro_games,90
iii_(hololive),90
ben_10:_ultimate_alien,90
drive_(movie),90
toumei_na_yoru_ni_kakeru_kimi_to_me_ni_mienai_koi_wo_shita,90
major,90
sefri_no_ichihara_ga_nigashite_kurenai,90
siren_(series),90
dragon_quest_builders,90
league_of_legends:_wild_rift,90
dengeki_bunko,90
star_wars:_the_old_republic,90
um_jammer_lammy,90
kawaikute_gomen_(honeyworks),90
aquarium_wa_odoranai,90
mars_expedition,90
getter_robo_g,90
study_steady_2,90
galaxy_fight,90
nelke_to_densetsu_no_renkinjutsushi_tachi,90
tenchi_souzou,90
double_lariat_(vocaloid),90
under_the_moon,90
buraiden_gai,90
yukkuri_youmu_to_hontou_wa_kowai_cthulhu_shinwa,90
mega_man_6,90
brave_fencer_musashiden,90
gakuen_taisen_valkyries,90
niginigi_nijitown,90
cooking_idol_ai!_mai!_main!,90
kimi_wa_meido-sama,90
dragon's_shadow,90
to_heart_2_dungeon_travelers,90
existence,90
oppai_baka,90
sakusei_byoutou,90
synduality_noir,90
muv-luv_alternative_strike_frontier,90
sousei_no_aquarion,90
ixion_saga,90
maplestory_2,90
astral_chain,90
spider-verse_(comics),89
bohemian_rhapsody,89
g.i._joe,89
tensei_colosseum:_saijaku_skill_de_saikyou_no_onna-tachi_wo_kouryaku_shite_dorei_harem_tsukurimasu,89
gal_guardians,89
monark,89
waka_okami_wa_shougakusei!,89
ultraman_ace_(series),89
katainaka_no_ossan_kensei_ni_naru,89
we_love_cold_war,89
zenshuu,89
tomoyo_after,89
hatsuyuki_sakura,89
konakana_2:_konata_yori_kanata_made_ii,89
meitantei_conan_card_game,89
shinken-zemi,89
365_days_(love_live!),89
sekaiju_no_meikyuu_x,89
sword_art_online:_fatal_bullet,89
asumi-chan_wa_rezu_fuuzoku_ni_kyoumi_ga_arimasu!,89
ryuu_ga_gotoku_4,89
gentlecats,89
heart_to_heart!,89
pppp_(vocaloid),89
koi_ga_saku_koro_sakura_doki,89
wacky_races,89
the_walking_dead,89
devil_maker,89
shelter_(song),89
growlanser_iv,89
ookamiden,89
suzumiya_haruhi_no_tsuisou,89
pixiv_mahou_gakuen,89
gintama_movie_2:_yorozuya_yo_eien_nare,89
catherine:_full_body,89
girls_book_maker,89
food_girls,89
dance_with_devils,89
phantom_breaker,89
tenkuu_no_yumina,88
loveless,88
fushigi_to_kimi_to_library,88
jollibee,88
itunes,88
puyopuyo_tetris,88
heavily_armed_high_school_girls,88
pokemon_mystery_dungeon:_rescue_team_dx,88
hanamusubi_(love_live!),88
honoo_no_toukyuujo:_dodge_danko,88
odo_(song),88
ace_combat_5,88
book_of_genesis,88
shenmue_iii,88
mousou_dairinin,88
funguary,88
mahou_shoujo_ikusei_keikaku_black,88
gardnerverse,88
nepnep_connect:_chaos_chanpuru,88
radiata_stories,88
geminism,88
primal_hearts,88
armored_core_v,88
hades_project_zeorymer,88
akihabara_dennou_gumi,88
tatakae!!_iczer-1,88
majisuka_gakuen,88
solitude_rain_(love_live!),88
flame_toys,88
blue_reflection_tie,88
black_panther_(movie),88
yumeria,88
tears_to_tiara,88
yume_miru_kusuri,88
yuuwaku_scramble,88
angel_flavor,88
stellar_theater,88
new_mutants,87
birdbrain_(synthesizer_v),87
starmine_(manga),87
rayman_origins,87
regular_show,87
slow_motion_(vocaloid),87
genzai_monogatari,87
adventurequest,87
steven_universe:_the_movie,87
halo:_reach,87
lelie_navigation,87
pokemon_the_movie:_i_choose_you!,87
kaitou_sentai_lupinranger_vs._keisatsu_sentai_patranger,87
urayasu_tekkin_kazoku,87
nusisring_tactical,87
ego_trigger,87
aika_r-16,87
mahou_tsukai_tai!,87
cryptract,87
high_speed!,87
like_mother_like_daughter,87
fragile:_sayonara_tsuki_no_haikyo,87
dungeons_&_princess,87
birdmen_(manga),87
kikuru_(vtuber),87
yomiuri_giants,87
kingsman:_the_secret_service,87
detroit_metal_city,87
celebration!_(love_live!),87
zombie-ya_reiko,87
hospital_rokunin_no_ishi,87
momoiro_montage,87
higashi_no_eden,87
mao_(takahashi_rumiko),87
yurucamp_movie,87
oyasumi_sex,87
yomawari,87
spectral_souls,87
the_punisher_(series),86
okinawa_de_suki_ni_natta_ko_ga_hougen_sugite_tsurasugiru,86
lunacid,86
tententengokujigokugoku_(aiobahn),86
mushoku_tensei:_game_ni_nattemo_honki_dasu,86
mang-jong,86
makai_tenshi_djibril_2,86
super_sons,86
perfect_night_(le_sserafim),86
blood_alone,86
tayutau_koi_no_chirigiwa_ni,86
viewtiful_joe,86
changeability_of_strange_dream,86
tsue_to_tsurugi_no_wistoria,86
chou_megami_shinkou_noire_gekishin_black_heart,86
five_nights_at_freddy's:_sister_location,86
ievan_polkka_(vocaloid),86
headphone_actor_(vocaloid),86
okaasan_to_issho,86
shin_megami_tensei:_if...,86
wicked,86
drag-on_dragoon_2,86
wind_a_breath_of_heart,86
pingu_(series),86
comic_cune,86
kitsune_no_oyome-chan,86
aiobahn,86
oshiego_ni_kyouhaku_sareru_no_wa_hanzai_desu_ka?,86
shenmue_the_animation,86
schoolboy_runaway,86
wall-e,86
giri_giri_sisters,86
uchouten_kazoku,86
wakabayashi-kun_ga_nekasete_kurenai,86
romantic_saga_of_beauty_&_devil,86
dennou_tenshi_djibril,86
hakoniwa_keikaku,86
dears,86
yuusha_tokkyuu_might_gaine,86
wjsn,86
saimin_kanojo_(ichiyou_moka),86
untitled_goose_game,86
zelda_ii:_the_adventure_of_link,85
kirby's_epic_yarn,85
moldavite,85
fitness_boxing_feat._hatsune_miku:_isshoni_exercise,85
buckshot_roulette,85
someone_hertz,85
type_moon-ace,85
log_horizon_new_adventure_land,85
yokubou_pandora,85
asuka_120%,85
lisa_(series),85
osananajimi_to_wa_lovecome_ni_naranai,85
real_bout_high_school,85
moon_gundam,85
wish_(disney),85
yume_shokuin_to_wasureji_no_kuroi_yousei,85
saigo_ni_hitotsu_dake_onegai_shite_mo_yoroshii_deshou_ka,85
linkin_park,85
liu_yao,85
koi_kakeru_shin-ai_kanojo,85
kancolle_arcade,85
wolf_and_parchment,85
johnny_bravo_(series),85
bakugan_battle_brawlers,85
soldier_game,85
scrapped_princess,85
iriya_no_sora_ufo_no_natsu,85
mezzo_forte,85
doko_e_iku_no_ano_hi,85
sangai_senki,85
kizuna_kirameku_koi_iroha,85
saishuu_heiki_kanojo,85
vampire_hunter_d,85
eutopia_(love_live!),85
doom_i,85
hanbun_no_tsuki_ga_noboru_sora,85
jogakkou_de_otoko_hitori_na_node_kousoku_de_seiyoku_no_hakeguchi_ni_sareru_nichijou,85
battleship_girl,85
mahou_shoujo_taisen_contest_1,85
onimusha_soul,85
bunnimals,85
koisuru_otome_to_shugo_no_tate,85
eternal_melody,85
thriller_(michael_jackson),84
five_nights_at_freddy's_3,84
madou_monogatari_1-2-3,84
aoi_tori_(purple_software),84
rise_of_the_guardians,84
cubism_(needy_girl_overdose),84
jing_wei_qing_shang,84
denkou_choujin_gridman,84
nekomonogatari_white,84
tondemo_skill_de_isekai_hourou_meshi,84
gosei_sentai_dairanger,84
shuumatsu_train_doko_e_iku?,84
earthen_miraculous_sword,84
bokete,84
aikatsu_academy!,84
shining_force_exa,84
ore_no_kanojo_ga_bakemono_datta,84
titanfall,84
arne_no_jikenbo,84
android_(os),84
monopoly,84
daze_(kagerou_project),84
inazuma_eleven_(game),84
kimi_to_boku,84
spider-man_(toei),84
owozu,84
nekura_megane,84
desperado_(yotaro),84
shoujo_mahou_gaku_littlewitch_romanesque,84
usavich,84
one_man's_dream_ii,84
night_demon,84
moshimo_ashita_ga_hare_naraba,84
denki-gai_no_hon'ya-san,84
snow_(game),84
devotion,84
ye_luoli,84
aki_no_urara_no_akane-iro_shoutengai,84
paprika,83
can_can_bunny,83
parquet_(yuzusoft),83
dragon_quest_monsters,83
3x3_eyes,83
futsutsuka_na_akujo_de_wa_gozaimasu_ga,83
glico,83
livly_island,83
lamento,83
the_mandela_catalogue,83
looping_the_rooms_(vocaloid),83
sen_no_hatou_tsukisome_no_kouki,83
offside:_diyusi,83
kirarin_revolution,83
fukuoka_softbank_hawks,83
biomega,83
swan_lake,83
world_of_darkness,83
donkey_kong_(1981_game),83
tate_no_yuusha_no_nariagari_rise,83
idolatry,83
pinocchio_(disney_movie),83
pen-pineapple-apple-pen,83
peter_pan_(novel),83
odekake_kozame,83
eve_(musician),83
itsudemo_itsumademo_(love_live!),83
gaikotsu_kishi-sama_tadaima_isekai_e_odekake-chuu,83
dmc:_devil_may_cry,83
nakazawa-san_no_ikisugita_yoru.,83
watashi_no_hatsukoi_wa_hazukashisugite_dare_ni_mo_ienai,83
endless_overhaul,83
over_the_garden_wall,83
shokei_shoujo_no_virgin_road,83
gate_of_nightmares,83
binzume_yousei,83
rikei_ga_koi_ni_ochita_no_de_shoumeishitemita,83
tower_of_saviors,83
akroglam,83
iyagatteru_kimi_ga_suki,83
boin,83
jitsu_wa_watashi_wa,83
adventurequest_worlds,83
otoko_girai_na_bijin_shimai_wo_namae_mo_tsugezu_ni_tasuketara_ittai_dounaru?,83
gift_(game),83
colorful_kanan,83
day_of_wrath_(infinitypilot),83
material_sniper,83
kimihagu,83
kobato.,83
parkour_civilization,83
percy_jackson_and_the_olympians,82
star_fox_assault,82
cookie_run:_tower_of_adventures,82
venom_(vocaloid),82
siivagunner,82
infinity_train,82
super_mario_land,82
tasogare_no_sinsemilla,82
masquerade_channel,82
chou_uchuu_keiji_gavan_infinity,82
atashi_wa_mondaisaku,82
shadowverse_evolve,82
meitantei_marnie,82
onegai_nugashite,82
idolmaster_shiny_festa,82
ragcats,82
maid-san_wa_taberu_dake,82
bleach:_zanpakutou_ibun_hen,82
momo_kyun_sword,82
tohotopia,82
tokimeki_memorial_girl's_side_1st_love,82
kimi_ni_koisuru_satsujinki,82
madness_combat,82
mirror_tune_(zutomayo),82
wonder_zone,82
ao_ashi,82
wet_girls,82
touhoku_rakuten_golden_eagles,82
redial_(vocaloid),82
tear_ring_saga:_yutona_eiyuu_senki,82
marisa_stole_the_precious_thing,82
end_roll,82
plants_vs._zombies_heroes,82
mass_effect_1,82
mafia_(vocaloid),82
comic_shingeki,82
happy_maker!,82
the_legend_of_dragoon,82
alice_parade,82
3di_project,82
miraroma,82
liberty_leading_the_people,82
hitobashira_alice_(vocaloid),82
bcy,82
identity_(vocaloid),82
disney_tsum-tsum,82
agarest_senki_2,82
chaos_code,82
tsuki_ni_yorisou_otome_no_sahou_2,82
konohana_kitan,82
regalia_the_three_sacred_stars,82
kandagawa_jet_girls,82
teria_saga,82
jain_no_ikenie_(series),82
tentai_senshi_sunred,82
junketsu_no_maria,82
fate/extra_record,81
moon_knight_(disney+),81
shantae_and_the_seven_sirens,81
the_king_of_fighters_'98,81
camellia_(musician),81
daibanchou,81
miracle_na_now!_(idolmaster),81
fractale,81
tokusou_sentai_dekaranger,81
siren_and_scientist,81
the_sims,81
beyblade_x,81
harley_quinn_(cartoon),81
shin_mazinger_zero,81
drawtectives,81
mega_man_battle_network_3,81
witches_in_7th_base,81
tonikaku_kawaii,81
killing_bites,81
fudatsuki_no_kyouko-chan,81
kuroiwa_medaka_ni_watashi_no_kawaii_ga_tsuujinai,81
henkei_shoujo,81
hayate_x_blade,81
demon_days_(gorillaz),81
witch_springs,81
koi_to_uso,81
atlach-nacha,81
dead_man's_questions,81
crusher_joe,81
na_nare_hana_nare,81
laugh_diamond,81
crossbone_gundam_ghost,81
sangokushi_puzzle_taisen,81
bokujou_monogatari:_mittsu_no_sato_no_taisetsuna_tomodachi,81
loli_bitch_island,81
300_heroes,81
paper_man,81
sega_hard_girls,81
the_euro_front,81
golden_time,81
viper_f40,81
shigurui,81
pokemon_ranger_and_the_temple_of_the_sea,81
yararara_(synthesizer_v),81
desktop_army,81
sousaku_kanojo_no_renai_koushiki,81
kyoukai_senki,81
hinamatsuri_(manga),81
love_money_rock'n'roll,81
saturn_devouring_his_son,81
internet_explorer_(webcomic),81
konayuki_fururi,81
inochigake_demo_tarinai_no_sa,81
robot_neoanthropinae_polynian,80
mewgenics,80
loss_time_memory_(vocaloid),80
one_room,80
fox_spirit_matchmaker,80
vampire_knight,80
sengoku_blade,80
evanescent_existence,80
dead_dead_demons_de_dedede_destruction,80
yuusha_ni_narenakatta_ore_wa_shibushibu_shuushoku_wo_ketsui_shimashita.,80
haishin_shoujo_no_uraaka_meikyuu,80
mizuryuland,80
reflection_in_the_mirror_(love_live!),80
rta_in_japan,80
hatsukoi_zombie,80
bushiroad,80
resident_evil:_vendetta,80
tenchi_muyou!_ryou-ouki,80
echo_project,80
cosmic_baton_girl_comet-san,80
pokemon_xd,80
birdcage_(love_live!),80
gakkou_de_atta_kowai_hanashi,80
inazuma_eleven_go_vs_danball_senki_w,80
stargazer_(series),80
welcome_to_night_vale,80
isshun_de_chiryou_shiteita_noni_yakutatazu_to_tsuihou_sareta_tensai_chiyushi_yami_healer_toshite_tanoshiku_ikiru,80
madagascar_(series),80
bungaku_shoujo,80
obsolete_meat_(vocaloid),80
isekai_nonbiri_nouka,80
owl_corps:_parumpasser,80
yureru_bus_guide_~oppai_ga_ippai~,80
koibana_ren'ai,80
touhou_unreal_mahjong,80
the_emperor's_new_groove,80
kaiba,80
ys_vi:_the_ark_of_napishtim,80
sabagebu!,80
spirit_animals_in_disguise,80
joreibu_no_mikado-san,80
garo:_honoo_no_kokuin,80
shin_yomawari,80
mana_khemia_2,80
tsukino_talent_production,80
leaf_(studio),80
maximum_impact_ii,80
hataraku_ufo,79
star_wars:_ahsoka,79
comiket_77,79
kingdom_come:_deliverance,79
i_love_amy,79
supergirl_(2026),79
lifesteal_smp,79
new_york_yankees,79
yesterday_wo_utatte,79
cocotama_(series),79
game_center_shoujo_to_ibunka_kouryuu,79
baldi's_basics,79
digimon_world,79
mythic_live,79
technoroid,79
the_kabocha_wine,79
kamitsure_~7_no_nijou_fushigi~,79
shine!!_(idolmaster),79
hikyou_tanken_fam_&_ihrie,79
olverse,79
dota:_dragon's_blood,79
gdgd_fairies,79
quanmian_shidai,79
rental_shop_de_oneesan_wo_rental_suru_hanashi,79
monty_python_and_the_holy_grail,79
venomania_kou_no_kyouki_(vocaloid),79
rec_(manga),79
indiana_jones_(series),79
megalobox,79
dragon_quest_swords,79
kung-fu-piggy,79
fluffy_land,79
tona-gura!,79
marchen_awakens_romance,79
jet_set_radio_future,79
koutetsu_tenshi_kurumi,79
demon_mages,79
wonderlab,79
monster_collection,79
break_blade,79
magrona_channel,79
kamen_rider_amazons,79
identity_(love_live!),79
ringetsu,79
akkun_to_kanojo,79
ryuugajou_nanana_no_maizoukin,79
ragnarock_city,79
garakuta_road_(idolmaster),78
obsession_(movie),78
the_legend_of_zelda:_phantom_hourglass,78
slipknot,78
yuusha_no_kuzu,78
pinterest,78
minions_(movie),78
mega_man:_dual_override,78
boku_wa_chiisana_succubus_no_shimobe,78
the_lego_movie,78
chokotto_sister,78
onegai_aipri,78
storyshift,78
mamonomusume_to_no_seikatsu,78
red:birthmark_(song),78
rockman_xover,78
cat_food_(vocaloid),78
langrisser_iv,78
tsumihoroboshi-hen,78
blood_lad,78
sinisistar,78
itzy,78
persona_x_detective,78
marathon_(series),78
house_m.d.,78
aphex_twin,78
project_wingman,78
resident_evil:_revelations_2,78
ayano_no_koufuku_riron_(vocaloid),78
remembrance_of_earth's_past,78
eien_project,78
hell's_kitchen,78
paradiso_guardian,78
relife,78
how_to_train_your_dragon_2,78
grendizer_u,78
heartopia,78
world_heroes,78
mujin_gattai_kisaragi,78
akuyome,78
folkssoul,78
aika_zero,78
100-kai_furareta_zetsubou-teki_ni_motenai_ore_o_awarenda_kareshi_ari_onna_tomodachi_ga_nandemo_eroi_koto_yarasete_kureta!!,78
la_corda_d'oro_starlight_orchestra,78
mario_&_luigi:_dream_team,78
rogue_one:_a_star_wars_story,78
gundam_seed_c.e._73:_stargazer,78
isei_ni_ikou_ne_(cevio),78
ginga_e_kickoff!!,78
persona_q2:_new_cinema_labyrinth,78
call_of_duty:_mobile,78
maid_master,78
book_of_yog,78
carole_&_tuesday,78
kenran_butou_sai,78
binchou-tan,78
koibito_ga_jibun_ni_dake_misete_kureru_sugao_ga_toutoi,78
active_raid,78
la_peche_party,78
phantom_blade_(game),78
kendo_shoujo,78
a_simple_life_with_my_unobtrusive_sister,77
zombie_no_afureta_sekai_de_ore_dake_ga_osowarenai,77
pizuya's_cell,77
harper's_bazaar,77
patalliro!,77
youkai_watch_shadowside,77
sekai_saikou_no_ansatsusha_isekai_kizoku_ni_tensei_suru,77
twokinds,77
mega_man_xtreme_2,77
maou_no_ore_ga_dorei_elf_wo_yome_ni_shitanda_ga_dou_medereba_ii?,77
succubus_homestay,77
heated_rivalry,77
spotify,77
2xko,77
tsuru_no_ongaeshi,77
true_love_story,77
ren'ai_hajimemashite,77
ishura,77
kochira_koufuku_anshin_iinkai_desu_(vocaloid),77
echo_(visual_novel),77
langrisser_re:incarnation,77
ultraman_orb_(series),77
toujima_tanzaburou_wa_kamen_rider_ni_naritai,77
anata_to_mita_sakura,77
i-dle,77
stellarversepro,77
tokumei_m_(vocaloid),77
boku_no_pico,77
vanillaware,77
les_chevaucheurs,77
noah_fantasy,77
icetea,77
kenkou_zenrakei_suieibu_umishou,77
zoku_owarimonogatari,77
really?_really!,77
jk_bitch_sannin_musume!,77
hoshizora_no_babylon,77
kimi_omou_koi,77
pixiv_succubus,77
ac/dc,77
tanken_driland,77
victory_belles,77
otome_wa_boku_ni_koishiteru_futari_no_elder,77
eiyuu_senki_gold,77
shoumetsu_toshi,77
grow_up_show:_himawari_no_circus-dan,77
pokemon_world_championships,77
tezuka's_star_system,77
asana_tansaku_kikou,77
2.5_jigen_no_ririsa_tenshitachi_no_stage,77
the_mighty_nein,76
dragon_ball:_sparking!,76
my_student_spirit,76
neo_geo_battle_coliseum,76
awaria,76
tales_of_phantasia:_narikiri_dungeon,76
magolor_epilogue,76
project_x_zone_2,76
ryoushin_no_shakkin,76
black_clover:_sword_of_the_wizard_king,76
dadadada_tenshi_(nanawo_akari),76
jimoto_saikou,76
ryuu_ga_gotoku_kiwami,76
rk_music,76
blizzard_entertainment,76
ou-sama_no_propose,76
vagrant_story,76
cooking_mama,76
sakigake_generation!,76
xenoblade_genesis,76
starship_troopers,76
rave_(manga),76
kyou_kara_ore_wa_loli_no_himo!,76
song_of_the_south,76
doubutsu_sentai_zyuohger,76
makai_senki_disgaea_6,76
hansel_and_gretel,76
magi_stop,76
milk_junkies,76
dragon_raja_(jiang_nan),76
cool&create,76
jinzou_konchuu_kabutoborg_vxv,76
compass_(love_live!),76
form_code,76
kuroinu_2,76
tonari_no_seki-kun,76
half-life_1,76
jamiroquai,76
bokutachi_no_remake,76
taisen_hot_gimmick,76
sengoku_ace,76
apex_legends_mobile,76
helck,76
sengoku_musou_1,76
monmusu_harem,76
stellar_stream_(love_live!),76
fight_ippatsu!_juuden-chan!!,76
hoshiuta,76
pepper_project,76
para-sol,76
shin_sekai_yori,76
triangle_heart,76
ananta,75
nickelodeon,75
the_game_of_life_(board_game),75
kirby:_canvas_curse,75
front_mission,75
lady_death,75
genkai_ol-san_wa_akuyaku_reijou-sama_ni_tsukaetai,75
gal_gun_double_peace,75
brave_(pixar),75
sonic_and_the_secret_rings,75
countryhumans,75
kokoro_ga_sakebitagatterunda.,75
xross_stars,75
boku_no_hero_academia:_more,75
rpg_maker,75
static_(vocaloid),75
girls_symphony,75
5pb.,75
strawberry_shortcake_(series),75
stardays,75
super_mario_3d_land,75
evenicle,75
the_godfather,75
dream_with_you_(love_live!),75
star_ocean:_the_divine_force,75
digimon_xros_wars:_toki_wo_kakeru_shounen_hunter-tachi,75
ghost_in_the_shell_arise,75
baten_kaitos,75
sonic_superstars,75
tsubasa_la_liberte,75
hoshizora_tetsudou_to_shiro_no_tabi,75
key_of_like!,75
panasonic_corporation,75
pan_kogekoge_ni_nacchatta_(utau),75
mongil:_star_dive,75
baldr_sky,75
tevi,75
earclacks,75
esper_mami,75
supokon!_sports_wear_complex,75
mario_&_sonic_at_the_rio_2016_olympic_games,75
kono_subarashii_sekai_ni_shukufuku_wo!:_kurenai_densetsu,75
uchi_no_musume_no_tame_naraba_ore_wa_moshikashitara_maou_mo_taoseru_kamo_shirenai.,75
gacha_(lunime),75
pretty_guardian_sailor_moon,75
cats_(musical),75
tamako_love_story,75
mana_khemia,75
zero_in,75
class_no_daikirai_na_joshi_to_kekkon_suru_koto_ni_natta.,75
wandavision,75
revolver_(game),75
majodou,75
fisheye_placebo,75
phantasy_star_zero,75
denpa_teki_na_kanojo,75
le_petit_prince,74
mario_&_luigi:_bowser's_inside_story,74
digimon_world_-next_0rder-,74
persona_5_tactica,74
aigan_tenshi_cheery_pink,74
star_strings_yori,74
donkey_kong_country_2,74
monster_world,74
bustafellows,74
class_de_2-banme_ni_kawaii_onnanoko_to_tomodachi_ni_natta,74
sengoku_asuka_zero,74
kikuo,74
battlefield_1,74
sound_holic,74
lingeries_(ramune_games),74
semelparous,74
animate_cafe,74
caligula_2,74
rosenkreuzstilette_freudenstachel,74
gamers_(store),74
shuusou_gyoku,74
super_robot_wars_og_the_inspector,74
rainbow_bubblegem,74
mega_man_5,74
little_noah,74
kaidan_restaurant,74
mirai_ticket,74
garten_of_banban,74
jain_no_ikenie,74
sword_art_online:_integral_factor,74
pon_no_michi,74
vs_knight_lamune_&_40_fire,74
hindu_mythology,74
p/a_~potential_ability~,74
mayonaka_punch,74
beauty_and_the_beast_(fairy_tale),74
torikoro,74
island_(game),74
the_3rd_super_robot_wars_alpha,74
ultraman_cosmos_(series),74
xblaze_lost:_memories,74
seikishi_melty_lovers,74
cool_cool_toon,74
call_of_duty_4,74
1bitheart,74
ex_astris,74
ryman's_club,74
miracle_wave,74
bishounen_series,74
mr._and_mrs._smith,74
chimimo,74
tsukimi_shokudouki,74
temptation,74
pixela_project,74
iron_attack!,74
emina&aki,74
reiwa_no_dara-san,73
marvel's_spider-man,73
x-men_evolution,73
mahou_shoujo_ikusei_keikaku_f2p,73
zettai_bouei_leviathan,73
galaga,73
aoppella,73
all_nippon_airways,73
soul_eater_not!,73
pudu_robotics,73
kingdom_come:_deliverance_ii,73
pokemon_the_movie:_secrets_of_the_jungle,73
guilty_gear_strive:_dual_rulers,73
night_in_the_woods,73
persona_trinity_soul,73
death_battle,73
shikihime_zoushi,73
sukiya,73
mayonaka_heart_tune,73
teletubbies,73
maid_dolce,73
himitsu_houjin_death_maker,73
mega_man_battle_network_1,73
shirohime_quest,73
pathologic,73
ar_nosurge,73
ilion_sled_dog_sanctuary,73
kingdom_death,73
the_elder_scrolls_online,73
sacred_seven,73
tsukiji_uogashi_sandaime,73
adolescence_(vocaloid),73
fate/dream_striker,73
eguchi-san_chi_no_junjou_succubus,73
bloody_roar,73
inward_(itwasleo),73
tokumei_sentai_go-busters,73
osomatsu-san_the_movie,73
gamecenter_cx,73
"unique_job_""tanetsuke_oji-san""_o_kakutoku_shimashita",73
daidaidaidaidaikirai_(vocaloid),73
isekai_shokudou,73
magikano,73
wanko_to_lily,73
kyou_no_go_no_ni,73
majokko_a_la_mode,73
viper_gtb,73
acmeholic,73
otoko_no_ko_wa_meido_fuku_ga_osuki!?,73
pixiv_festa,73
shuuen_no_shiori_project,73
phantom_rose,73
the_jungle_book,73
b_gumi,73
floralia,73
sachiiro_hanamizuki,73
mentholatum,73
growlanser_i,73
halo_2,72
archie_(comic),72
boukyaku_battery,72
ima_kako_mirai_no_sangenshoku,72
the_grudge,72
nekopara_sekai_connect,72
ren'ai_karichaimashita,72
hajimete_no_oisha-san,72
super_robot_wars_advance,72
tsunagaru_connect_(love_live!),72
the_dream_of_the_fisherman's_wife,72
colorful_dreams!_colorful_smiles!_(love_live!),72
ark_re:code,72
mega_man:_powered_up,72
the_silence_of_the_lambs,72
ultraman_omega_(series),72
toushinden_1,72
fate/grand_carnival,72
amd,72
stella_no_mahou,72
babymetal,72
mementomori_(game),72
panzer_dragoon,72
dot_abyss,72
kouryuu_densetsu_villgust,72
burn-up,72
suica,72
vesperbell,72
godzilla_vs._kong,72
sangoku_hime,72
kemonomichi,72
seno_lepo,72
michiko_to_hacchin,72
hikage_monogatari,72
police_and_lady,72
key_the_metal_idol,72
atelier_elie,72
additional_memory_(vocaloid),72
garry's_mod,72
pixiv_trainer,72
choujigen_game_neptune_sisters_vs_sisters,72
eternal_senia,72
spectral_force,72
oniro,72
shinigami_dot_com,72
hatsukoi_1/1,72
"""rouhou""_ore_no_iinazuke_ni_natta_jimiko_ie_dewa_kawaii_shikanai.",72
high_school!_kimengumi,72
toys_drive,72
aiura,72
joshi_shougakusei_hajimemashita,72
dragon_age:_origins,72
megami_magazine_creators,72
itsuka_tenma_no_kuro_usagi,72
ore_ga_suki_nano_wa_imouto_dakedo_imouto_janai,72
command_&_conquer:_red_alert_3,72
kou_iu_no_ga_ii,72
pico_(newgrounds_series),71
sekaiju_to_fushigi_no_dungeon,71
scarlet_nexus,71
piofiore_no_bansho,71
nct_(band),71
hantsu_x_trash,71
moon_girl_and_devil_dinosaur,71
resident_evil_veronica,71
101_dalmatians,71
vgaming,71
gekkan_uribou_zakka-ten,71
jucika_(comic),71
norn's_dine,71
code_of_princess,71
eris_no_seihai,71
mezzo_piano,71
google_search,71
karakuri_circus,71
virtual_insanity_(song),71
spider-man_1_(2002),71
towa_tsugai,71
mikadono_sanshimai_wa_angai_choroi,71
amissio,71
reijuu_no_acolyte_lufia,71
nmixx,71
comiket_75,71
toaru_anbu_no_item,71
candy_(art_book),71
yuusha_party_wo_tsuihou_sareta_beast_tamer_saikyoushu_no_nekomimi_shoujo_to_deau,71
daydream_mermaid,71
person_of_interest,71
hakaiou:_gaogaigar_vs._betterman,71
kekkon_yubiwa_monogatari,71
i'm_the_grim_reaper,71
voy@ger_(idolmaster),71
help_me_erinnnnnn!!,71
gang_road_joker,71
numan_athletics,71
world_of_final_fantasy,71
betterman,71
stars_we_chase_(love_live!),71
bakappuru_supplement,71
moonlight_~omoide_no_hajimari~,71
mamotte_shugogetten!,71
popolocrois,71
remote_control_(vocaloid),71
sorairo_utility,71
honey_select,71
beast_wars_ii,71
kerberos_saga,71
last_chronicle,71
moon_(game),71
dirty_pair_flash,71
choujikuu_kidan_southern_cross,71
classy_cranberry's,71
majoca_majoluna,71
shin_megami_tensei:_liberation_dx2,71
alice_or_alice,71
nijie,71
eikou_no_guardian_battle,71
hime_to_boin,71
france_shoujo,71
unholy_sanctuary,71
djmax_technika,71
senran_kagura_shinovi_nexus,70
gal_gun,70
saikin_osen_(vocaloid),70
nande_koko_ni_sensei_ga!?,70
chiisana_mori_no_ookami-chan,70
black_desert_online,70
plawres_sanshirou,70
tottemo!_luckyman,70
mahou_sentai_magiranger,70
code_geachu_lelouch_of_the_calamity,70
neon_genesis_evangelion:_iron_maiden,70
gensou_suikoden_tierkreis,70
shining_force_i,70
gleipnir_(series),70
hitozuma_kyoushi_ga_oshiego_no_joshikousei_ni_dohamari_suru_hanashi,70
blade_runner_(1982_movie),70
the_avengers_(2012),70
gundam_g-saviour,70
my_s-class_hunters,70
sonny_boy,70
meet_the_team,70
dao_mu_bi_ji,70
deus_ex,70
rememento:_white_shadow,70
lucky_dog_1,70
transformers_(2007_movie),70
pathologic_2,70
jiangnan_baijingtu,70
in'youchuu,70
symposium_of_post-mysticism,70
paranormasight:_the_seven_mysteries_of_honjo,70
juusha-chan_to_yaya_zannen_na_yuusha_no_hanashi,70
counter-strike,70
canvas_sepia_iro_no_motif,70
meitantei_conan_kurogane_no_submarine,70
vivid_world_(love_live!),70
kimi_no_iru_machi,70
aku_no_musume_(series),70
13cm,70
patapon,70
comic_grape,70
jojo_no_kimyou_na_bouken:_mirai_e_no_isan,70
spec,70
white_breath,70
hakusen_(idolmaster),70
bishoujo_mangekyou:_wasurenagusa_to_eien_no_shoujo,70
herowarz,70
chiba_lotte_marines,70
trivia_about_you,70
tora_da_yo.,70
saiko_heart_(love_live!),70
btooom!,70
konneko,70
harvest_moon_(vtuber),70
lost_one_no_goukoku_(vocaloid),70
jinsei,70
akeiro_kaikitan,70
kawaihara_senpai_wa_kawaii_ga_suki!,70
ikkitousen_xtreme_xecutor,70
haruka_ni_aogi_uruwashi_no,70
maou-sama_to_kekkonshitai,70
shota_oni,69
devil_summoner_(game),69
the_2nd_super_robot_wars_og,69
me_(idolmaster),69
radiohead_(band),69
touhou_m-1_grand_prix,69
yuke_yuke!!_trouble_makers,69
kabushikigaisha_magi-lumiere,69
mahou_shoujo_ikusei_keikaku_breakdown,69
shoujo_no_nozomanu_eiyuutan,69
nikki_up2u,69
how_about_paipai_mask?_(houshou_marine),69
reactivate_majestical_imperial,69
shiroi_yuki_no_princess_wa_(vocaloid),69
heisei_gals!!!!_(love_live!),69
8eyes,69
hoshi_furu_yoru_no_farnese,69
transformers:_energon,69
mekpark,69
yukata_to_rape_to_aniki_to_ore_to.,69
monster_world_iv,69
dragon_ball_z_kami_to_kami,69
ultraman_leo_(series),69
hongshan_forest_zoo,69
kidou_battle_gunvarrel,69
nayutan_sei_kara_no_buttai,69
yong_jie_wujian,69
star_ocean_ex,69
uta_no_prince-sama_maji_love_2000%,69
beatmania_iidx_22_pendual,69
over_requiemz,69
chiyu_mahou_no_machigatta_tsukaikata,69
kankin_byoutou_~kyonyuu_chijo_nurse_no_nyuuin_kango_kiroku~,69
sagawa_express,69
frame_arms,69
2bro.,69
salamander_(vocaloid),69
strategic_lovers,69
boku_to_nurse_no_kenshuu_nisshi,69
mousou_zei_(vocaloid),69
uefa_euros,69
koori_zokusei_danshi_to_cool_na_douryou_joshi,69
zetsuen_no_tempest,69
project_qt,69
emperors_saga,69
street_fighter:_duel,69
hisone_to_masotan,69
kokoro_navi,69
ayakashi,69
mushihimesama_futari,69
tonari_no_seki_no_yankee_shimizu-san_ga_kami_wo_kuroku_somete_kita,69
yoidore_shirazu_(vocaloid),69
joukyou_seikatsuroku_ichijou,69
uruwashi_no_yoi_no_tsuki,69
zero_project,69
okaeri_papa,69
bokujou_monogatari:_waku_waku_animal_march,69
isekai_shinige_ojousama,69
neyuki_no_gen'ei,69
hibikino-san-chi_wa_eroge-ya-san!,69
sakura_kakumei,69
angel_sanctuary,69
kenzen_robo_daimidaler,69
asatte_no_houkou,69
girls_revolution_project,69
last_night_good_night_(vocaloid),69
futaba-san_chi_no_kyoudai,69
kamidori_alchemy_meister,69
onanie_master_kurosawa,69
agent_mirai,69
harukanaru_toki_no_naka_de_3,69
muteki_kanban_musume,69
happy_lesson,69
hero-san_to_moto_onna_kanbu-san,69
dra+koi,69
the_caster_chronicles,69
miss_monochrome,69
monster_high_(g3),68
outerplane,68
the_office,68
rance_01,68
bunny_garden_2,68
dream_c_club_gogo.,68
hyrule_warriors:_age_of_imprisonment,68
lower_(vocaloid),68
fushigi_mahou_fun_fun_pharmacy,68
mahou_no_shimai_lulutto_lilly,68
217find!,68
iris_out_(song),68
orange_memories,68
usotsuki_hime_to_moumoku_ouji,68
for_honor,68
langrisser_v,68
artemis_program,68
sokushi_cheat_ga_saikyou_sugite_isekai_no_yatsura_ga_marude_aite_ni_naranai_n_desu_ga,68
star_linker,68
beatspell,68
the_hungry_lamb:_traveling_in_the_late_ming_dynasty,68
ai_kotoba_iii_(vocaloid),68
iwamotochou_geinousha,68
kateikyoushi_no_onee-san,68
quartett!,68
othellonia,68
hand_maid_may,68
deep_rock_galactic,68
tales_of_the_world_radiant_mythology_3,68
love_live!_school_idol_festival_~after_school_activity~,68
who_made_me_a_princess,68
corruption_of_champions_2,68
higeki_no_genkyou_tonaru_saikyou_gedou_last_boss_joou_wa_tami_no_tame_ni_tsukushimasu,68
seikyouiku_series,68
final_sword,68
regretevator,68
ragna_crimson,68
sweetest_music,68
nuye,68
yubisaki_kara_no_honki_no_netsujou,68
gekokujou_(vocaloid),68
joshi_kousei_no_mudazukai,68
long_riders!,68
torinoko_city_(vocaloid),68
qp_shooting,68
top_gear,68
triptych,68
gal_dolva!!,68
project_a.d.a.,68
nkshoujo,68
kamipani!,68
tsuma_to_mama_to_boin,68
pixiv_shadow,68
sengoku_hime,68
tatakau_shisho,68
yuugai_choujuu,67
pokedan_icma,67
sasaki_to_miyano,67
pixiv_robot_wars,67
icey_(game),67
transformers:_war_for_cybertron,67
power_rangers_(boom!_studios),67
haruka_naru_enkei_sekai,67
galholic,67
cylinders:_trampled_heroines,67
the_rolling_riceball_(idolmaster),67
kamisama_minarai:_himitsu_no_cocotama,67
the_legend_of_zelda_(cd-i),67
gundam_suisei_no_majo:_seishun_frontier,67
senjou_no_fuuga,67
kuraku_kuroku_(zutomayo),67
popeye_(series),67
kyuukyoku_shinka_shita_full_dive_rpg_ga_genjitsu_yori_mo_kusoge_dattara,67
isaku,67
tragic_drops_(love_live!),67
meitantei_holmes,67
start!!_true_dreams_(love_live!),67
insomniac_workers,67
oni_chichi,67
duel_masters_lost,67
mahou_tsukai_no_hako,67
toaru_kagaku_no_dark_matter,67
seikoku_no_dragonar,67
super_robot_wars_og_moon_dwellers,67
a_summer's_end:_hong_kong_1986,67
dragon_quest_rivals,67
omokage_~ecchi_na_happening!?_nandemo_dontokoi!~,67
sand_land,67
metal_max,67
sucking_up_to_death,67
hakata_tonkotsu_ramens,67
cosmic_break_2,67
out_(magazine),67
lotte_(company),67
appleseed,67
pokemon_ranger:_shadows_of_almia,67
kekkaishi,67
yoroiden_samurai_troopers,67
blot_plot,67
zytokine,67
ero_zemi,67
girls_logic_observatory,67
nabari_no_ou,67
aura_kingdom,67
anitore!_ex,67
megastore_comics,67
hitsugi_katsugi_no_kuro,67
shinozaki-san_ki_wo_otashikani,67
saimoe,67
mesu_nie_onna_kyoushi,67
gaiking:_legend_of_daikuu_maryuu,67
ok_k.o.!_let's_be_heroes,66
fighting_vipers,66
ikari_warriors,66
blade_&_bastard,66
final_fight_2,66
ketsui_no_hikari,66
promisu,66
x-com,66
amairo_chocolata,66
wallace_&_gromit,66
arasa_ol_haman-sama,66
peak_(game),66
doctor_strange_in_the_multiverse_of_madness,66
pili_budaixi,66
the_last_story,66
secret_agent_~kishi_gakuen_no_shinobi_naru_mono~,66
graduation_(series),66
maou_to_ore_no_hangyakuki,66
last_episode_(fate),66
select_oblige,66
m3gan,66
top_gun:_maverick,66
no_home_(manhwa),66
monsters_university,66
fujiya,66
vlad_grimms,66
gachimuchi_de_dosukebe_na_kateikyoushi_no_oniisan_to_sugosu_natsu,66
balatro,66
jump_king,66
nyanyanyanyanyanyanya!_(vocaloid),66
resident_evil:_death_island,66
uchi_no_shisho_wa_shippo_ga_nai,66
mario_golf:_super_rush,66
falslander,66
ataman_ita_(synthesizer_v),66
kde,66
jungle_de_ikou,66
fancy_dress_party_(idolmaster),66
dragon_quest_heroes,66
contra,66
tsuki_tsuki!,66
aozora_stripe,66
jinx_(manhwa),66
utawarerumono:_futari_no_hakuoro,66
shinigami_no_ballad,66
dragon_crisis!,66
how_to_train_your_dragon_1,66
maha5,66
super_robot_wars_destiny,66
kaiserreich,66
the_great_villainess_strategy_of_lily,66
galleria_no_chika_meikyuu_to_majo_no_ryodan,66
puni_puni_handmaid,66
danshi_koukousei_ga_mahou_shoujo_ni_naru_hanashi,66
dekitate_evo!_revo!_generation!_(idolmaster),66
yancha_gal_no_anjou-san,66
office_workers_(blushyspicy),66
girl_friends_(manga),66
labyrinth_of_touhou_tri,66
hirotta_nazo_seibutsu_no_kansatsu_nikki,66
ariel_(novel),66
kazoku_game,66
asu_no_yoichi,66
orc_massage,66
cynthia_the_mission,66
psyren,66
404_game_re:set,65
raideen_(series),65
red_dead_redemption,65
pokemon_the_movie_2000:_the_power_of_one,65
pash_(magazine),65
toushin_toshi_ii,65
pokemon_ranger:_guardian_signs,65
yozakura-san_chi_no_daisakusen,65
atarayo_hanabi,65
re:zero_kara_tsugihagu_isekai_seikatsu,65
the_summoning,65
battle_for_dream_island,65
natsu_koi_high_pressure,65
fight_club,65
colorfulness_(love_live!),65
tower_defense_simulator,65
kiki_kaikai_(series),65
flying_red_barrel,65
oniichan_continue!,65
monster_maker,65
litchi_hikari_club,65
taiyou_de_are!,65
super_robot_wars_original_generation_gaiden,65
maimaimaigoen,65
emotion_(love_live!),65
sixiwanzi,65
angel_notes,65
kono_shima_ni_wa_midara_de_jaaku_na_mono_ga_sumu,65
di_gi_charat_(1999),65
super_robot_wars_t,65
comic_yuri_hime,65
ducktales,65
touhou_shizenyu,65
unbalance_unbalance,65
cracklecradle,65
bishoujo_mangekyou:_tsumi_to_batsu_no_shoujo,65
mobius_final_fantasy,65
battle_spirits:_shounen_gekiha_dan,65
the_sealed_esoteric_history,65
ultraman_r/b,65
rpg_gakuen,65
valhalla_valkyries,65
yumyverse,65
evanescence,65
dragon_tactics,65
karumaruka_circle,65
atelier_iris,65
magna_carta_crimson_stigmata,65
shichinin_no_online_gamers,65
kocchi_muite_baby_(vocaloid),65
uwabami_breakers,65
memories_off_sorekara,65
league_of_angels,65
katahane,65
my-otome_s.ifr,65
choujigen_taisen_neptune_vs_sega_hard_girls,65
senran_nin_nin_ninja_taisen_neptune:_shoujo-tachi_no_kyouen,64
oshi_no_tachiba_ga_irekawaru,64
rwby:_ice_queendom,64
rance_vi,64
phighting!,64
hibikase_(vocaloid),64
yamato_transport,64
countryball,64
isekai_mokushiroku_mynoghra,64
juuni_senshi_bakuretsu_eto_ranger,64
nudist_beach_ni_shuugakuryokou_de!!,64
sakura_moyu,64
halo_3,64
battle_spirits:_burning_soul,64
killer_instinct_(series),64
koronba,64
futari_ecchi,64
demonion_ii:_maou_to_sannin_no_joou,64
the_scramble_vice,64
purenista,64
nanawind,64
maebashi_witches,64
labyrinth_of_touhou_2,64
yume_no_crayon_oukoku,64
awakening_promise_(love_live!),64
kellogg's,64
water_blue_new_world,64
karasu_wa_aruji_wo_erabanai,64
castlevania:_legacy_of_darkness,64
gangnam_style,64
bakumatsu_rouman_dainimaku,64
sei_ni_utokatta_watashi_wa_kurasu_no_danshi_to_ooo_shite_shimaimashita,64
akihabara_beer_fair,64
ore_no_ichizu_wo_jama_suru_aitsu,64
boku_to_kanojo_no_onani_life,64
thousand_memories,64
double_teacher_life,64
seikaisuru_kado,64
kemono_friends_opening_day,64
soap_school,64
muteki_koujin_daitarn_3,64
crunchyroll,64
hanidebi!_honey_&_devil,64
risk_hunters,64
apricot_(vocaloid),64
mamamoo,64
nega0,64
natsu_no_arashi!,64
mega_man_10,64
asura_fantasy_online,64
oumagadoki_doubutsuen,64
freely_tomorrow_(vocaloid),64
million_chain,64
kuuchuu_buranko,64
the_fire_rises,64
saint_estera_gakuin_no_shichinin_no_majo,64
juuoumujin_no_fafnir,64
sengoku_gensoukyoku,64
shinki_kakusei_melty_maiden,64
imouto_no_okage_de_mote_sugite_yabai,64
ninja_sentai_kakuranger,63
idolmaster_mobile,63
gypsy_in_my_mind_(never_dull),63
sonic_the_hedgehog_(ova),63
mega_man_7,63
hedon_bloodrite,63
mirror's_edge_(series),63
ys:_memories_of_celceta,63
gear_fighter_dendoh,63
rose_to_tasogare_no_kojou,63
hitomi-chan_wa_hitomishiri,63
cannonball_~neko_neko_machine_mou-race!~,63
fate/type_redline,63
i_can't_wait_(synthesizer_v),63
sekiranun_graffiti_(vocaloid),63
imitation_black_(vocaloid),63
kuzu_no_honkai,63
gregory_horror_show,63
bumblebee_(movie),63
tonari_no_seki_no_inkya_joshi_ga_oshi_utaite_datta_~ore_no_kyoku_wo_utatte_kure!~,63
misao,63
devilish_hairdresser,63
rokumon_tengai_mon_colle_knight,63
tokyo_yakult_swallows,63
electric_hearts,63
versen,63
kakushigoto,63
baka_janai_noni_(zutomayo),63
medarot_s,63
yorha,63
hojo_studio,63
redline,63
forza,63
mijuku_dreamer,63
revenger,63
busou_kanojo,63
shin_sangoku_musou_8,63
nogizaka46,63
shirotsume_souwa,63
grimms_notes_the_animation,63
handymonsters,63
spider-man_2_(2004),63
resident_evil:_the_darkside_chronicles,63
omoi_yo_hitotsu_ni_nare,63
routes,63
anilive,63
campione!,63
asus,63
world_election,63
natsuiro_kiseki,63
japan_commercial_broadcasters_association,63
planetes,63
sei_shoujo_~seido_ikusei_gakuen~,63
kamen_no_maid_guy,63
violinist_of_hameln,63
queen's_blade_spiral_chaos,63
warhammer_40k:_rogue_trader,62
neko-nin_exheart,62
mahou_no_idol_pastel_yumi,62
mission_impossible_(bkub),62
pathways_(game),62
mahou_no_kaiheitai_pixel_maritan,62
koutetsushin_jeeg,62
the_beginning_after_the_end,62
yoshiwara_lament_(utau),62
scissor_seven,62
yumemi_channel,62
eternal-e,62
hylics,62
role_player:_okayu_shimai_no_nenmaku_potrait_-_gurigucha_live!,62
intel,62
metro-goldwyn-mayer,62
mega_man_battle_network_4,62
touch_(manga),62
purple_haze_feedback,62
far_cry,62
tokumei_radio,62
coneru_-dimension_girl-,62
manimani_(vocaloid),62
vampire_princess_miyu,62
splatterhouse,62
umamusume:_party_dash,62
danshi_kinsei_game_sekai_de_ore_ga_yarubeki_yuiitsu_no_koto_yuri_no_ma_ni_hasamaru_otoko_to_shite_tensei_shite_shimaimashita,62
super_mario_strikers,62
private_garden,62
itemlabel,62
yakunitatsu_node_chi_o_kudasai,62
gamma_(ogino_jun),62
trick_&_cute_(love_live!),62
jitsuwa_kankin_mankitsu?_kurumi-chan!,62
queen's_blade_limit_break,62
htol#niq:_hotaru_no_nikki,62
inside_out_2,62
shadow_hearts:_from_the_new_world,62
rail_romanesque,62
siren_1,62
super_robot_wars_y,62
kono_yo_no_hate_de_koi_wo_utau_shoujo_yu-no,62
betty_boop_(series),62
you're_under_my_skin!,62
krita_(software),62
assassin's_creed:_unity,62
kono_oozora_ni_tsubasa_wo_hirogete,62
himawari!,62
ladymade_star,62
sailor_moon_musical,62
alter_ego_(game),62
triangle_heart_3,62
yogurting,62
punch_line,62
gundam_00p,62
mitama_~shinobi~,62
mirai_no_bokura_wa_shitteru_yo,62
natsu_yume_nagisa,62
just_because!,62
after_school_lessons_for_unripe_apples,62
2006_fifa_world_cup,62
yagai_gakushuu,62
sakura_tale,62
harukanaru_toki_no_naka_de_4,62
kyoushirou_to_towa_no_sora,62
shinitagari_shoujo_to_shokujinki-san,62
roki_(vocaloid),62
kon'ya_wa_neko-chan,62
jojo_no_kimyou_na_bouken:_all_star_battle,62
master_of_epic,62
dokonjou_gaeru,62
silver_and_blood,61
summertime_record_(vocaloid),61
leviathan_(project_moon),61
sugarbunnies,61
bannou_bunka_nekomusume,61
aquaman_(series),61
zyuden_sentai_kyoryuger,61
disventure_camp,61
kimitachi_wa_dou_ikiru_ka,61
appare!_tenka_gomen,61
inazuma_eleven_cross,61
umamusume:_peace_peace_cepea_cepea_golshi-chan,61
shin_getter_robo_vs_neo_getter_robo,61
beyond_citadel,61
kiki_kaikai,61
walmart,61
undertale_yellow,61
house_of_the_dragon,61
eiketsu_taisen,61
mobile_suit_gundam:_cucuruz_doan's_island,61
wang_chuan_feng_hua_lu,61
show_(ado),61
chronicle_of_myers,61
tiny_stars,61
ace_combat_6,61
tadashii_kozukuri_wo_shiranu_miraijin_no_rondo,61
killer7,61
tamaonsen,61
digimon_adventure:_last_evolution_kizuna,61
the_umbrella_academy,61
inspector_gadget_(series),61
pakomane_-_watashi_kyou_kara_meimon_yakyuu-bu_no_seishori_gakari_ni_narimasu...,61
peace_maker_kurogane,61
world_witches_x,61
yogibo,61
easter_wonderland,61
rage_of_the_dragons,61
anekouji_naoko_to_giniro_no_shinigami,61
alice's_emotion,61
najica_dengeki_sakusen,61
nadeshiko-san_just_can't_say_no!,61
illusion_connect,61
bram_stoker's_dracula,61
freedom_wars,61
kirby_mass_attack,61
boku_to_maou,61
tougenkyou_e_ikou_(utau),61
the_raven_cycle,61
anatatachi_soredemo_sensei_desu_ka!,61
diamond_princess_no_yuuutsu,61
harry_potter_and_the_cursed_child,61
comic_potpourri_club,61
ebiten_(manga),61
b-daman,61
fate_rewinder,61
myslot,61
okiba_ga_nai!,61
honeycoming_royalsweet,61
kono_aozora_ni_yakusoku_wo,61
xiao_huaxian,61
byousoku_5_centimeter,61
ikaruga,61
alien_alien_(vocaloid),61
boku_girl,61
mighty_(series),61
heinz,61
tegami_bachi,61
princess_waltz,61
kiss_to_lord_to_darjeeling,61
kanojo_tachi_no_ryuugi,61
han-gyaku-sei_million_arthur,61
mythbreakers_(hololive_english),61
memories_off_6,61
absolute_superman,60
dissidia_final_fantasy_nt,60
vagabond,60
mekakushi_code_(vocaloid),60
pokemon_stadium,60
sayonara_eri,60
soul_hackers_2,60
zombie_(vocaloid),60
la_la_land,60
kanojo_ja_nai_no_ni,60
rangers_strike,60
sonic_lost_world,60
corocoro_comic,60
ts_loli_oji-san_no_boukan,60
ueki_no_housoku,60
papa_wolf_and_the_puppy,60
hexia,60
tintin,60
major_2nd,60
rooster_teeth,60
madk,60
harry_potter:_hogwarts_mystery,60
dragon_ball_z_fukkatsu_no_f,60
engine_sentai_go-onger,60
transformers:_revenge_of_the_fallen,60
salvika,60
yarofes:2023,60
kirby_and_the_rainbow_curse,60
plunderer,60
the_rumble_fish,60
quake_(series),60
mermay_2024,60
advance_wars:_dual_strike,60
hanachirasu,60
frost_works,60
assassin's_creed_iv:_black_flag,60
jin-roh,60
tesagure!_bukatsu-mono,60
mystery_skulls,60
unico,60
evangelion:_1.0_you_are_(not)_alone,60
crosscode,60
ecole_du_ciel,60
tensei_kizoku_kantei_skill_de_nariagaru,60
weezer_(band),60
harta,60
rosen_garten_saga,60
exitus,60
twin_angel_break,60
seikon_no_arcana,60
vampeerz,60
hey_arnold!,60
anilive_jumpstart_program,60
a_dog_of_flanders,60
star_trek:_the_original_series,60
magical_antique,60
tales_of_the_world_radiant_mythology,60
brain_powered,60
blade_arcus_from_shining,60
cendrillon_(vocaloid),60
advance_of_zeta_re-boot,60
teihen_no_daigaku_janaru,60
koeru_otoge-san,60
riding_bean,60
divergence_eve,60
bee_and_puppycat,60
bomberman_jetters,60
tokimeki_check_in,60
tone_sphere,60
bokujou_monogatari:_yasuragi_no_ki,60
kidatsu!_dungeons_lord,60
chigau_miyahara_omae_janai!,60
ryuu_to_sobakasu_no_hime,60
kutsu_no_muku_mama,60
tonnura-san,60
on_air!,60
phoenix_(love_live!),59
imouto_tasha_paranoia,59
mario_&_luigi:_partners_in_time,59
setsuna_trip_(vocaloid),59
shunkashuutou_daikousha,59
pseudoregalia,59
telepathy_(vocaloid),59
umayon,59
chip_'n_dale_rescue_rangers,59
otome_no_tokuisei,59
toushinden_2,59
future_eve_(vocaloid),59
mirage_(takanashi_kiara),59
queen_emeraldas,59
hamhampangpang,59
r.e.p.o.,59
the_flintstones,59
glitch_techs,59
book_of_the_cafe,59
floral_flowlove,59
tatsunoko_vs._capcom,59
touhou_ayaria_epic,59
fate:lost_einherjar,59
gore_screaming_show,59
thor:_ragnarok,59
sonic_the_hedgehog_(movie),59
arpiel,59
senran_kagura_peach_ball,59
tatu,59
matantei_loki_ragnarok,59
hatsune_miku_no_gekishou_(vocaloid),59
kyokugen_chikan_tokuiten_2,59
visions_of_mana,59
pokemon_ruby/sapphire/emerald_(prototype),59
taishou_otome_otogibanashi,59
hao_(vocaloid),59
da_capo_v,59
my_mom_and_sister_are_size_queen_sluts,59
doom_ii,59
okusuri_nonde_neyou_(vocaloid),59
black&white_(senano-yu),59
android_wa_jirai-kei_no_yume_wo_miru.,59
eien_no_akuru_hi,59
sannen_z-gumi_ginpachi_sensei,59
yoshi's_island_ds,59
kono_sekai_no_katasumi_ni,59
akashic_chronicle,59
no_more_eiga_dorobou,59
miya-chan_no_kyuuin_life!,59
magi_in_wanchin_basilica,59
itsuka_todoku_ano_sora_ni,59
midnight_anime_lemon_angel,59
zanyo_(love_live!),59
moonlit_bear_(vocaloid),59
j.c._staff,59
vfleet,59
kikou-kai_galient,59
brain_rot_(synthesizer_v),59
scarlet_police,59
magi-cu,59
i_want_my_hat_back,59
aho_girl,59
sword_world_2.0,59
aion,59
ping_pong_(manga),59
dream_c_club_zero,59
rdg_red_data_girl,59
japan_world_cup,59
cloud_kingdom,59
mikumix,59
khornette_quest,59
wind_boys!,59
aozora_no_mieru_oka,59
boy_meets_girl,59
nami_no_manimani,59
suzunone_seven,59
ane_to_boin,59
equestria_girls:_friendship_games,58
superman:_the_animated_series,58
ninpuu_sentai_hurricanger,58
ultimate_x-men_(2024),58
love_delivery,58
aishite_aishite_aishite_(vocaloid),58
lady_gaga_(copyright),58
meconopsis_(ninomae_ina'nis),58
koushinchou_no_kouhai_to_teishinchou_no_senpai_ga_renai_ni_hatten_suru_made,58
castlevania_(1986),58
bomb_rush_cyberfunk,58
viviz,58
capcom_fighting_allstars,58
oh_rama_havenna!,58
magic_maid_(synthesizer_v),58
world_baseball_classic,58
websickness,58
genyo_yako,58
special_color_(love_live!),58
akari_ga_yatte_kitazo_(vocaloid),58
coraline_(movie),58
popee_the_performer,58
isshou_senkin,58
rpg_fudousan,58
hate_shinaku_aoi_kono_sora_no_shita_de....,58
yasha_legends_of_the_demon_blade,58
zoids_shinseiki/zero,58
my_co-worker_is_an_eldritch_x,58
valkyrie_drive_-bhikkhuni-,58
doom:_the_dark_ages,58
dust:_an_elysian_tail,58
equestria_girls:_better_together,58
fantasy_life_i:_the_girl_who_steals_time,58
nurse_angel_ririka_sos,58
plumaos_academy,58
comic_penguin_club_sanzokuban,58
rukiroki,58
nanairo_reincarnation,58
hop?_stop?_nonstop!,58
dna^2,58
uchuu_senkan_yamato_2202:_ai_no_senshi-tachi,58
wish_song_(love_live!),58
chronicle_2nd,58
asura's_wrath,58
cop_craft:_dragnet_mirage_reloaded,58
iya_na_kao_sare_nagara_opantsu_misete_moraitai_yo_wa_pantsu_ga_mitai_zo,58
project:anemone,58
rugrats,58
majo_koi_nikki,58
the_day_of_sagittarius,58
kenshi,58
melty+,58
unmei_no_clan_battle,58
akibakei_kanojo,58
shining_world,58
iroha_uta_(vocaloid),58
harem_gain,58
parfait_chocolat_second_brew,58
alteil,58
studio_tri4,58
my_daily_life_in_the_otaku_club_isn't_normal,58
jubei-chan,58
megami-ryou_no_ryoubo-kun,58
algodoo,58
genkai_tokki_monster_monpiece,58
culdcept,58
element_hunters,58
zektbach,58
liar_liar,58
mashiro_botan,58
ikazuchi_no_senshi_raidy_ii,58
aoi_umi_no_tristia,58
oniichan_no_koto_nanka_zenzen_suki_janain_dakara_ne!!,58
seifuku_kanojo_2,58
oshi_no_love_yori_koi_no_love,58
2001_a_space_odyssey,57
reverse_falls_(gravity_falls),57
toumei_answer_(vocaloid),57
cytus_i,57
club_penguin,57
digimon_alysion,57
transformers_(skybound),57
five_nights_at_freddy's_4,57
godzilla_vs._destoroyah,57
love_live!_nijigasaki_high_school_idol_club_next_sky,57
transformers:_robots_in_disguise_(2015),57
saint_seiya_saintia_sho,57
sonic_mania,57
purple_software,57
concon-collector,57
kisaragi_attention_(vocaloid),57
voice-ore,57
telecaster_b-boy_(vocaloid),57
majokko_megu-chan,57
rhythm_tengoku_gold,57
ore_wa_seikan_kokka_no_akutoku_ryoushu!,57
kikokugai,57
tentacle_and_witches,57
bommina_the_maidroid,57
the_texas_chainsaw_massacre,57
yellow_(vocaloid),57
spacex,57
hai_yorokonde,57
stardust_crusaders_(ova),57
echo_(vocaloid),57
adventures_of_sonic_the_hedgehog,57
the_legend_of_zelda:_ocarina_of_time_3d,57
buddy_complex,57
higan:_eruthyll,57
miracle_snack_shop,57
ryuu_ga_gotoku_7_gaiden,57
choujin_gakuen_gowcaizer,57
super_kirby_clash,57
mazinger_z:_infinity,57
kartrider,57
ginga_tetsudou_no_yoru,57
macross_2,57
shion_no_ketsuzoku,57
underfell,57
pusheen_the_cat_(series),57
ougon_musou_kyoku,57
afterl!fe,57
angel_links,57
battlefield_4,57
kimi_ga_ita_kisetsu,57
lunar_wing,57
bug_(vocaloid),57
majin_shoujo,57
animaniacs,57
toriko_no_shimai_~midara_ni_moteasobareru_unmei_no_mayoigo~,57
cloud_nine_inc,57
crazy_crazy_(idolmaster),57
bakuryuu_sentai_abaranger,57
gundam_breaker_mobile,57
xp-pen,57
lime-iro_senkitan,57
shachiku-san_wa_youjo_yuurei_ni_iyasaretai.,57
hitozuma_fuumashi_leilan,57
payday_2,57
mahou_shoujo_nante_mou_ii_desukara.,57
zangeki_no_reginleiv,57
techgian,57
mamoru-kun_ni_megami_no_shukufuku_wo!,57
inakoi,57
tail_concerto,57
sotsual_deliheal,57
gunvolt_chronicles_luminous_avenger_ix_2,56
inti_creates,56
bokujou_monogatari:_youkoso!_kaze_no_bazaar_e,56
crystar,56
glitch_productions,56
a_kite,56
serious_sam,56
juusou_kikou_dancouga_nova,56
1/6_-out_of_the_gravity-_(vocaloid),56
great_teacher_onizuka,56
newgrounds,56
believe_again,56
queen_(vocaloid),56
the_misadventures_of_tron_bonne,56
anima,56
kamen_rider_black_sun_(series),56
kuro_ai,56
dark_gathering,56
neobaka,56
taiyou_no_yuusha_fighbird,56
transformers:_super-god_masterforce,56
digimon_adventure_-beyond-,56
josee_to_tora_to_sakana-tachi,56
kangoku_(series),56
furrybar,56
jiisan_baasan_wakagaeru,56
eikyuu_hours,56
kaitou_joker,56
beetlejuice,56
dolce_(love_live!),56
sword_art_online:_hollow_realization,56
mahou_shoujo_to_chokorewito_(vocaloid),56
fate/extra_last_encore,56
amber_quartz,56
dungeon_no_naka_no_hito,56
leadale_no_daichi_nite,56
1984_(novel),56
men_play_channel,56
uncharted,56
marisa_of_liartop_mountain,56
chloe_no_requiem,56
candy_boy,56
dantalian_no_shoka,56
godzilla:_planet_of_the_monsters,56
konami_mecha_musume,56
koakuma_teeri_to_kyuuseishu!?,56
uzumaki,56
wanko_to_kurasou,56
saijo_no_osewa,56
world_sportscar_championship,56
osananajimi_ni_najimitai,56
tiger_mask_(series),56
survival_friends,56
nanase-chan_ntr!,56
sd_gundam_sangokuden,56
kamen_rider_super-1_(series),56
seisen_no_iberia,56
netojuu_no_susume,56
alicianrone,56
shangri-la,56
wan_nyan_a_la_mode!,56
ikenai_baito_no_urajijou,56
pastel_(game),56
blue_revolver,56
artificial_utopia_in_ruins,56
hokenshitsu_no_shinigami,56
ero_ragnarok_offline,56
suzuka,56
mecha_shoujo_taisen_z,56
mezzo_danger_service_agency,56
concrete_revolutio,56
dmyotic,56
super_robot_wars_w,56
taratabong,56
kiddy_girl-and,56
viper_ctr,56
seirei_no_moribito,56
yuusha_raideen,55
rin-chan_now!_(vocaloid),55
kichikuou_rance,55
ms._marvel_(series),55
the_house_of_the_dead,55
comiket_76,55
power_of_three,55
dodonpachi_daioujou,55
the_two-thousand_yard_stare,55
project_blue_(vtuber),55
phoenix_ranger_featherman,55
studio_mappa,55
koronu_korinne,55
uchuu_sentai_kyuuranger,55
chronicles_of_the_avatar,55
phantasy_star_iv,55
filter-goshi_no_kanojo,55
momotarou_dentetsu,55
megaton_musashi,55
mahoutsukai_reimeiki,55
mimi_no_aru_robot_no_uta_(utau),55
rage_comic,55
hot_wheels,55
a_knight_of_the_seven_kingdoms,55
dakishimeru_hanabira,55
vanishing_reality_(satou_kuuki),55
retrofuture_(love_live!),55
mega_man_x_(manga),55
marie_&_gali,55
dokipipo_emotion,55
mario_&_sonic_at_the_olympic_games_(2007),55
gachihame_sex_shidou,55
one_piece_everyday,55
pikmin_1,55
i_my_mayday,55
orient_arcadia,55
hinmin_choujin_kanenashi-kun,55
ys_iii:_wanderers_from_ys,55
yokubari_saboten,55
bokura_no_taiyou,55
mage_arena,55
mega_man_v,55
egoist,55
displayer,55
star_fox_2,55
batman_beyond,55
ys_origin,55
scary_maze_game,55
death_angel_komachi,55
medal_of_honor,55
star_wars:_knights_of_the_old_republic,55
green_day,55
mario_&_sonic_at_the_london_2012_olympic_games,55
your_throne,55
uchi_no_pet_jijou,55
parasite_eve_the_3rd_birthday,55
rune_factory_oceans,55
infinite_blade_pavilion,55
precure_all_stars_f,55
saijaku_tamer_wa_gomi_hiroi_no_tabi_wo_hajimemashita,55
agarest_senki_mariage,55
gakuen_alice,55
akikan!,55
mnemosyne,55
rio_-rainbow_gate!-,55
front_innocent,55
date_a_live:_arusu_install,55
ooya-san_wa_shishunki,55
the_king_of_fighters_'95,55
cheetos,55
the_legend_of_zelda:_tri_force_heroes,55
my_time_at_sandrock,55
floor_ni_maou_ga_imasu,55
tick!_tack!,55
aquarion_logos,55
lump_of_sugar,55
professor_layton_vs._phoenix_wright:_ace_attorney,55
fuu'un,55
intron_depot,55
sukurizo!,55
kemono_friends_3:_planet_tours,55
company_of_heroes_2,55
licca-chan_(franchise),54
fighting_ex_layer,54
crypt_of_the_necrodancer,54
loveit?_(biz),54
36c_u.b.u_(idolmaster),54
sd_gundam_world_heroes,54
minna_de_zutto_shiawase_ni_kazoku_de_issho_ni_tanoshii_party_wo,54
sushiro,54
makemon!,54
astlibra_revision,54
slavic_mythology,54
mahou_tsukai_ni_taisetsu_na_koto,54
sonic_battle,54
stop!!_hibari-kun!,54
kagamine_len_no_bousou_(vocaloid),54
mega_man_battle_network_2,54
machine_robo_chronos_no_dai_gyakushuu,54
vitruvian_man,54
idol_janshi_suchie-pai,54
the_avengers:_earth's_mightiest_heroes!,54
dead_space_2,54
lisa_the_joyful,54
electric_angel_(vocaloid),54
gensokyo_odyssey,54
super_robot_wars_mx,54
marble_creators,54
mario_&_sonic_at_the_tokyo_2020_olympic_games,54
hero_cantare,54
big_order,54
vreverie,54
tower_of_god:_great_journey,54
maid_kyouiku,54
nyao_signyal,54
oddloop,54
kimagure_mercy_(vocaloid),54
gundam_requiem_for_vengeance,54
oshiete_miko_sensei,54
samurai_evolution_oukoku_geist,54
powerpuff_girls_doujinshi,54
harry_potter_and_the_philosopher's_stone,54
softmax,54
my_mai_tonight,54
shikaru_neko,54
godzilla:_final_wars,54
grand_theft_auto_iv,54
uchuu_keiji_gavan,54
univirtual,54
yura_ga_aitsu_ni_dakareru_wake_~aisuru_tsuma_wa_kyou_mo_ano_otoko_ni_seieki_o_sosogareteyuku~,54
yi_meng_jianghu,54
shinmai_ossan_bokensha,54
liar's_bar,54
how_to_draw_manga,54
kirby_30th_anniversary_music_festival,54
sexy_commando_gaiden:_sugoiyo!_masaru-san,54
sora_no_kanata_no_dystopia,54
saturday_night_live,54
keiou_yuugekitai,54
rescute,54
godzilla_singular_point,54
berl_and_the_candy_house,54
kanojo_no_seiiki,54
himitsu_~kuro_no_chikai~_(vocaloid),54
neo_geo,54
skype,54
it's_always_sunny_in_philadelphia,54
karisome_no_shitsuji_to_koushaku_no_himegoto,54
pokemon:_destiny_deoxys,54
hatsu_inu,54
kita_e,54
toushin_toshi_iii,54
atelier_viorate,54
lv1_maou_to_one_room_yuusha,54
char's_deleted_affair,54
kanojo_ga_aitsu_ni_sareta_koto,54
venus_rumble,54
threefold_recital,54
wazamonogatari,54
pieces_(series),54
sonic_advance_(series),54
penguin_musume,54
kemono_no_souja_erin,54
world_flags,54
bluejump,54
one_outs,54
rambo,54
messiah_(game),54
eoe,54
pygmalion._(group),54
fortress_girl,54
amesarasa,54
kyou_ami!,54
heartbeat_(game),54
the_new_prophecy,54
agatha_christie_no_meitantei_poirot_to_marple,54
the_last_remnant,54
dreamparty,54
jinrou_judgment,54
chikan_saresou_ni_natteiru_s-kyuu_bishoujo_wo_tasuketara_tonari_no_seki_no_osananajimi_datta,54
shoujo_shin'iki_shoujo_tengoku,54
hitotsu_yane_no_tsubasa_no_shita_de,54
reizoku_ichiba,54
colorful_x_melody_(vocaloid),54
bullet_girls,54
sorauta,54
aoba_project,54
tekken_revolution,54
before_crisis:_final_fantasy_vii,53
blood_time,53
ninjago:_dragons_rising,53
aruruu_to_asobo!!,53
xg_(group),53
pokemon_4ever_-_celebi:_the_voice_of_the_forest,53
gundam_f90,53
zenra_toukou_school,53
chouriki_sentai_ohranger,53
shanti_(vocaloid),53
spider-man_3,53
kingyo_chuuihou!,53
kid_icarus_(nes),53
butaotome,53
hazurewaku_no_joutai_ijou_skill_de_saikyou_ni_natta_ore_ga_subete_wo_juurin_suru_made,53
dragon_providence,53
tengai_makyou,53
valve_corporation,53
taihaiteki_jinsei_sanka_(utau),53
gaia_gear,53
logan_(movie),53
tekken_3,53
clover_days,53
mahou_shoujo_madoka_magica:_concept_movie,53
kikaider_(series),53
universal_studios,53
ultraman_ginga_(series),53
clock_tower_(series),53
godzilla_vs._biollante,53
code:_dragon_blood,53
makai_princess,53
fallout_76,53
juuken_sentai_gekiranger,53
aeternus,53
guild_wars_2,53
sanguo_romance,53
sex_underworld_e_youkoso!,53
hana_himeru_kimi_no_meteor,53
psychic_force,53
astatos,53
amatsu_misora_ni!,53
ooi!_tonbo,53
linda_cube,53
nee_icchau_yo_(idolmaster),53
tech_win,53
acute_(vocaloid),53
of_the_devil,53
sweet_pool,53
soreyuke!_uchuu_senkan_yamamoto_youko,53
goof_troop,53
kokoro_rista!,53
transformers:_earthspark,53
tsurugihime,53
otogi:spirit_agents,53
dilftown_(schizoid),53
mirai_nostalgia,53
project_diva_mega39's,53
the_king_of_fighters_'96,53
watashi_no_oniichan,53
another_project,53
uniteup!,53
spica_(vocaloid),53
hakata_no_shio,53
nee_chanto_shiyou_yo!,53
eufonie,53
kabe_ni_hamatte_ugokenai!,53
etsusa_oohashi,53
akiba's_trip_the_animation,53
little_armory,53
let's_be_one_(love_live!),53
seifuku_rakuen,53
under_ground,53
battle_of_titans,53
utsunomiya-sen_meguri,53
pokemon_infinite_fusion,53
venus_blood,53
bokura_no_16bit_warz_(vocaloid),53
juvenile_(vocaloid),53
wixoss_diva(a)live,53
asura_cryin',53
comic_pot,53
animal_yokochou,53
yubisaki_to_renren,53
yubisaki_connection,53
red_ninja,53
the_first_descendant,53
alice_in_cradle,52
sword_world_2.5,52
glow_(vocaloid),52
booo!_(vocaloid),52
dexter_(tv_series),52
tsujidou-san_no_jun'ai_road,52
disney_fairies_(movie_series),52
astro_bot_(series),52
kimi_to_boku_no_saigo_no_senjou_arui_wa_sekai_ga_hajimaru_seisen,52
ego_(takanashi_kiara),52
duke_nukem_(series),52
wonder_(vocaloid),52
sing_(movie),52
becoming_a_god_in_the_zerg_world_by_livestreaming_bl_novels,52
bitter_choco_decoration_(vocaloid),52
hentaiukr,52
new_super_mario_bros._wii,52
tvfilthyfrank,52
meg's_monster,52
ultraman_fusion_fight!,52
pleasant_goat_and_big_big_wolf,52
suzukuri_karin-chan,52
nemesis_no_juukou_(vocaloid),52
acro_trip,52
total_war:_warhammer,52
shin_mazinger_shougeki!_z-hen,52
yogosareta_natsu,52
virtual_dimension_project,52
oomo-san_loves_warhammer,52
the_fantastic_four:_first_steps,52
futamata_ren'ai,52
shoot_the_bullet,52
regressor's_instruction_manual,52
hen-shin-shou-jo_metamol_maiden,52
razer,52
sonic_speed_simulator,52
turn_of_the_golden_witch,52
airy_production,52
nioh,52
treasure_island,52
south_park:_the_stick_of_truth,52
time_gal,52
tokyo_insomnia,52
bubble_rise_(love_live!),52
code_geass:_lost_colors,52
ubuntu,52
chotto_dake_ai_ga_omoi_dark_elf_ga_isekai_kara_oikakete_kita,52
theater_ikizama,52
hana_wa_saku_shura_no_gotoku,52
final_fantasy_crystal_chronicles:_echoes_of_time,52
gall_force,52
blue_seed,52
hello_kitty_to_issho!,52
ch4nge_(cevio),52
pokemon:_arceus_and_the_jewel_of_life,52
baywatch,52
ourai_no_gahkthun,52
hitoribocchi_no_isekai_kouryaku,52
the_dark_knight_rises,52
haydee_(game),52
that's_not_my_neighbor,52
grenadier_(manga),52
seijo_no_maryoku_wa_bannou_desu,52
game-style,52
dragon_slayer_(series),52
guilty_princess,52
tales_of_phantasia:_narikiri_dungeon_x,52
shining_ark,52
bad_end_night_(vocaloid),52
sugar_conflict,52
otomedius_excellent,52
kunoichi_demo_koi_ga_shitai_(vocaloid),52
hatsukoi_limited,52
marasy,52
aikatsu!_photo_on_stage!!,52
south_park:_the_fractured_but_whole,52
chuuka_ichiban!,52
otome_no_teikoku,52
assassin's_creed:_valhalla,52
eternal_senia_2:hydrangea_after_the_rain,52
missed_messages,52
bukkake!_doshikoring_minuki_max_acme_shite_mo_ii_desu_ka,52
all_you_need_is_kill,52
red_corruption,52
soniani,52
seinarukana,52
dai_mahou_touge,52
princess_witches,52
sekien_no_inganock,52
clover_(game_cg),52
3ldkm,52
megachu!,52
girl_arms,52
magical_drop,52
zettai_shougeki,52
niconico_rpg,52
shintaisou,52
bounen_no_xam'd,52
care_bears,52
also_sprach_zarathustra_(neco),51
golden_sun:_dark_dawn,51
nekorindou,51
kajiri_kamui_kagura,51
mc_championship,51
fantasy_zone,51
mighty_switch_force!,51
kaguyano,51
clevatess:_majuu_no_ou_to_akago_to_shikabane_no_yuusha,51
danganronpa:_despair_time,51
noctilucent:_before_dawn,51
otaku_ni_yasashii_gal_wa_inai!?,51
kagurai_~kagura_and_raito~,51
pokemon_the_movie:_volcanion_and_the_mechanical_marvel,51
touhou_igyoukyo,51
wonder_boy,51
detective_pikachu_(game),51
dusttale,51
doukoku_soshite...,51
dig_dug,51
lemon_melon_cookie_(vocaloid),51
kukkorodays,51
nuclear_throne,51
atarashii_gakkou_no_leaders,51
anata_ni_koi_suru_ren'ai_recette,51
gran_turismo,51
mario_tennis:_ultra_smash,51
alita:_battle_angel,51
bluesky,51
rilu_rilu_fairilu,51
urami_koushin_(utau),51
phasmophobia_(game),51
uso_kara_hajimaru_koi_no_natsu,51
the_sandman_(dc),51
nokia_(company),51
ryuu_ga_gotoku_ishin!,51
rai_rai_rai,51
descend,51
gundam_side_story:_missing_link,51
kindle_imagine_develop,51
transformers:_war_for_cybertron_trilogy,51
futanari_no_elf,51
selection_project,51
pixiv_cat_kingdom,51
chicchana_yukitsukai_sugar,51
pia_carrot_e_youkoso!!_2,51
comic_penguin_cereb,51
hen_zemi,51
shoujo_fractal,51
yoshi's_new_island,51
toaru_majutsu_no_virtual-on,51
pythagora-switch,51
violet_detector,51
hachinan_tte_sore_wa_nai_deshou!,51
boku_no_mirai_wa_koi_to_kakin_to,51
howl's_moving_castle_(novel),51
danmaku!!,51
sakanaction,51
the_king_of_fighters_2003,51
pretty_x_cation,51
natsuzora_no_perseus,51
nakau,51
moto_gp,51
red_hood_(kawaguchi),51
boston_dynamics,51
mochiyama_kingyo,51
jibun_no_koto_ga_katte_ni_manga_ni_sareteru_onnanoko,51
suiren_to_shion,51
agarest_senki_zero,51
the_third,51
shikabane_hime,51
r_g_b,51
final_fantasy_xii_revenant_wings,51
iolite_link,51
petopetosan,51
okayunyumu!,51
clock_lock_works_(vocaloid),51
shikigami_no_shiro,51
zankyou_no_terror,51
birdie_wing:_golf_girls'_story,51
toy_story_5,50
tokyo_joshi_pro_wrestling,50
shadow_shadow_(vocaloid),50
bunny_girl_(akasaki),50
lavie_(vocaloid),50
rift_of_the_necrodancer,50
mugen_no_juunin,50
ultraman_80_(series),50
ai_limit,50
diablo_4,50
castlevania:_harmony_of_dissonance,50
armored_core_4,50
knightfight,50
code:realize,50
fire_emblem:_archanea_saga,50
sadistic_music_factory_(vocaloid),50
lies_of_p:_overture,50
wawo!_(love_live!),50
one_room_hiatari_futsuu_tenshi-tsuki,50
atlyss,50
elvira:_mistress_of_the_dark,50
dredge_(game),50
otome_kaijuu_carameliser,50
illit,50
dragon_quest_monsters:_terry's_wonderland,50
singin'_in_the_rain,50
oyomeholic_(nerissa_ravencroft),50
arcade_gamer_fubuki,50
tild_-_mage_a_louer,50
maruchan_(brand),50
majo_puri_~anata_no_seieki_zenbu_shiboritotte_agechau!~,50
freddy_fazbear's_pizzeria_simulator,50
koukou_tekken-den_tough,50
monster_company,50
double_dragon,50
end_of_the_golden_witch,50
ash_echoes,50
sad_girl_sex_(vocaloid),50
big_mukimuki_&_small_muchimuchi,50
shoujo_hatsudouki,50
arifureta_sekai_seifuku_(vocaloid),50
yoshinaga-san'chi_no_gargoyle,50
sora_wo_matotte,50
take_moon,50
re:zero_kara_hajimeru_isekai_seikatsu_witch's_re:surrection,50
"hazure_skill_""kinomi_master"":_skill_no_mi_(tabetara_shinu)_wo_mugen_ni_taberareru_you_ni_natta_ken_ni_tsuite",50
sonic_the_hedgehog_2_(movie),50
road_to_dragons,50
yuukoku_no_moriarty,50
asu_no_yozora_shoukaihan_(vocaloid),50
a_clockwork_orange,50
darius_burst,50
grandia_iii,50
jinzou_enemy_(vocaloid),50
book_of_bill,50
on_your_mark_(love_live!),50
mrs.pumpkin_no_kokkei_na_yume_(vocaloid),50
new_getter_robo,50
kimagure_temptation_2,50
sengoku_koihime_x,50
shingeki_no_bahamut:_virgin_soul,50
sakigake!!_otokojuku,50
whispered_oracle_of_hakurei_shrine,50
team_kirby_clash_deluxe,50
nebula_beat,50
benriya_saitou-san_isekai_ni_iku,50
digimon_adventure_v-tamer_01,50
pixiv's_virtual_youtuber_audition,50
sengoku_youko,50
choro-q,50
onimusha:_dawn_of_dreams,50
h.live,50
way_2_u_(ouro_kronii),50
otto_no_inu_aida_ni..._~watashi_odosarete_anata_ni_ienai_koto_shimashita~,50
akitaland_gothic,50
the_nutcracker,50
mirror's_edge,50
isekai_cheat_magician,50
studio_khara,50
yuukyuu_no_euphoria,50
beatus_creation,50
mirolive,50
wolfenstein_(series),50
gals_panic_s2,50
hdoom,50
dominion_(manga),50
gundou_musashi,50
mean_girls,50
aki_no_jikan,50
same_ningen,50
marisa_to_alice_no_cookie_storia,50
breakers,50
jewel_knights,50
aqua_teen_hunger_force,50
scho-ka-kola,50
lyrical_ds,50
soshite_ashita_no_sekai_yori,50
butterfly_cat,50
constantine_(series),50
shiki_no_akari,50
onee-chan_no_yuuwaku,50
mamiya-kunchi_no_itsutsugo_jijou,50
readyyy!,50
uchi_wa_mou_enki_dekinai.,50
boku_wa_ohime-sama_ni_narenai,50
myholo_tv,50
