1girl,8454034
solo,7097511
long_hair,6241670
breasts,5003390
looking_at_viewer,4945237
smile,4194874
blush,4122336
open_mouth,3536307
short_hair,3146781
shirt,2963152
simple_background,2897600
blue_eyes,2483218
long_sleeves,2369122
white_background,2360083
large_breasts,2272351
holding,2221836
black_hair,2214372
skirt,2191790
blonde_hair,2183209
1boy,2142785
multiple_girls,2124349
brown_hair,2098951
hair_ornament,2083560
closed_mouth,1984243
dress,1965607
gloves,1950550
hair_between_eyes,1798368
red_eyes,1788258
animal_ears,1771492
bow,1741348
hat,1708494
navel,1615118
jewelry,1611269
thighhighs,1540434
jacket,1503173
ribbon,1469129
2girls,1446301
cleavage,1429994
white_shirt,1427310
very_long_hair,1422984
bare_shoulders,1405615
standing,1339872
sitting,1320334
full_body,1292039
twintails,1243032
medium_breasts,1222561
purple_eyes,1208182
tail,1207699
blue_hair,1207566
upper_body,1202873
green_eyes,1201459
multicolored_hair,1198322
nipples,1146982
male_focus,1136861
collarbone,1114932
brown_eyes,1095778
pink_hair,1068942
closed_eyes,1065745
school_uniform,1061559
white_hair,1050729
grey_hair,1034096
yellow_eyes,1029588
underwear,1021614
ahoge,979149
ponytail,971120
sidelocks,945789
braid,933273
swimsuit,925780
purple_hair,920450
short_sleeves,917671
heart,912602
flower,891331
shoes,861232
earrings,861061
monochrome,858463
cowboy_shot,858339
:d,857134
thighs,840310
panties,823864
weapon,818473
outdoors,814484
hetero,812219
hair_ribbon,800321
ass,797082
teeth,779654
frills,779639
sweat,776812
collared_shirt,770773
hair_bow,766414
open_clothes,759021
parted_lips,749387
pantyhose,741539
red_hair,740143
comic,735121
small_breasts,722388
pleated_skirt,714268
pants,713630
hairband,710408
boots,707377
bikini,705900
multiple_boys,702503
nude,697749
greyscale,695410
horns,695011
black_gloves,682432
necktie,668618
censored,665634
shorts,665048
virtual_youtuber,653836
alternate_costume,650100
medium_hair,646609
sleeveless,639886
wings,632249
artist_name,630493
lying,627277
food,626784
choker,625079
one_eye_closed,624628
sky,623560
pointy_ears,606395
penis,600596
green_hair,596179
detached_sleeves,595148
socks,583301
official_alternate_costume,576716
hand_up,565144
tongue,560341
indoors,555292
japanese_clothes,532781
speech_bubble,530605
puffy_sleeves,527725
pussy,519680
belt,517187
halo,516481
hairclip,514829
black_thighhighs,510145
glasses,506822
solo_focus,506537
barefoot,505042
bowtie,495806
black_skirt,471805
2boys,471542
day,460174
white_dress,457357
fang,457185
signature,446233
white_gloves,445614
hood,445107
streaked_hair,441221
looking_at_another,440866
twitter_username,439328
pink_eyes,434095
blunt_bangs,431881
holding_weapon,425367
tongue_out,423625
stomach,421917
sailor_collar,415765
english_text,415597
cat_ears,411046
dark_skin,410326
elbow_gloves,409838
midriff,406076
two-tone_hair,405044
mole,404908
hair_flower,403193
cloud,401336
sex,397383
serafuku,394882
black_jacket,394763
miniskirt,388554
grey_background,385219
open_jacket,383452
coat,383040
chibi,382528
black_dress,381183
necklace,380088
black_shirt,376261
fingerless_gloves,376230
sword,375505
hair_bun,375164
hair_over_one_eye,373983
animal_ear_fluff,369117
looking_back,366796
star_(symbol),362256
wide_sleeves,362231
on_back,360342
grin,359948
striped_clothes,359391
spread_legs,353419
orange_hair,353400
white_thighhighs,352056
off_shoulder,347763
nail_polish,346902
cum,346021
kimono,345018
black_eyes,342776
from_side,340188
red_bow,335124
armpits,334410
yuri,332350
bag,332230
from_behind,331845
sweatdrop,330521
huge_breasts,330050
3girls,329518
rabbit_ears,328241
vest,325985
leotard,317913
parted_bangs,314661
blurry,312485
apron,310386
character_name,310122
armor,308620
arm_up,307881
sweater,307438
mosaic_censoring,307097
cape,305444
blue_sky,302350
black_pantyhose,300975
tears,296723
completely_nude,294999
water,293654
high_heels,293353
grey_eyes,291759
vaginal,290646
clothes_lift,288866
crop_top,286635
scarf,284183
looking_to_the_side,283659
hands_up,280858
collar,280757
bra,278712
fingernails,277274
black_choker,276002
feet,275143
black_shoes,274080
multiple_views,273678
bracelet,272241
dated,271278
red_ribbon,269272
clothing_cutout,269227
hair_intakes,268495
eyelashes,268055
v-shaped_eyebrows,267319
cup,267192
:o,266127
blue_skirt,265686
arms_up,265159
puffy_short_sleeves,262733
upper_teeth_only,261974
border,258091
neckerchief,257960
orange_eyes,257901
black_pants,257581
aqua_eyes,257383
black_hat,255074
dark-skinned_female,254917
symbol-shaped_pupils,253588
thigh_strap,253198
mole_under_eye,251744
twin_braids,250420
two_side_up,250330
watermark,247775
white_panties,245251
bar_censor,243877
strapless,241954
feet_out_of_frame,241141
toes,241102
v,239670
sleeves_past_wrists,239490
fake_animal_ears,238646
pokemon_(creature),238477
flat_chest,238398
horse_ears,238193
no_humans,237166
side_ponytail,236866
fur_trim,236599
tree,234604
sleeveless_dress,234357
sparkle,233052
horse_girl,232372
hand_on_own_hip,231255
sleeveless_shirt,230796
black_bow,229393
gradient_hair,227360
white_socks,226676
cat_tail,224161
see-through_clothes,221015
fox_ears,219698
buttons,219223
wrist_cuffs,215645
neck_ribbon,215517
colored_skin,215412
torn_clothes,213576
tattoo,213092
maid,212643
loli,211729
maid_headdress,209870
ascot,206590
pillow,205761
covered_nipples,204800
pov,202417
mask,202044
plaid_clothes,201380
sash,200691
hoodie,199986
covered_navel,199494
muscular,199345
uncensored,198820
white_jacket,198761
black_shorts,198119
gun,197656
sketch,196829
wet,196465
floating_hair,195531
black_ribbon,195190
short_shorts,194740
blue_background,194632
bare_arms,192794
blood,192299
book,192005
siblings,190616
makeup,190556
gradient_background,190357
pubic_hair,190340
groin,189711
blue_dress,189579
cosplay,188972
detached_collar,188770
one-piece_swimsuit,188485
blurry_background,187115
black_boots,186574
single_braid,184988
:3,184650
bodysuit,184529
legs,184350
copyright_name,184169
black_panties,183092
profile,183059
expressionless,182336
holding_sword,182160
turtleneck,181869
blue_bow,181858
window,181408
bare_legs,180685
transparent_background,180194
lips,179967
aqua_hair,179920
double_bun,179872
capelet,179056
piercing,177808
white_hat,175864
on_bed,175763
hug,175597
heterochromia,174715
petals,174606
head_tilt,174170
cat_girl,172297
night,172154
scar,171912
zettai_ryouiki,171140
facial_hair,170026
anus,169644
kneehighs,168667
highleg,168266
red_skirt,167374
blue_shirt,166970
dress_shirt,166966
black_bikini,166596
low_twintails,165389
shadow,165331
leaning_forward,164177
bell,164078
chinese_clothes,164011
dutch_angle,163896
swept_bangs,163574
skindentation,163420
white_border,163345
thick_thighs,162069
colored_inner_hair,161999
blush_stickers,160428
blue_jacket,159856
sideboob,158667
shiny_skin,158243
kneeling,157953
fangs,157934
white_bow,157764
^_^,157512
holding_food,156199
frown,154996
pussy_juice,154908
bright_pupils,154204
phone,153792
facial_mark,153375
saliva,153229
sandals,153170
erection,153108
black_hairband,152775
fruit,152518
white_flower,152253
one_side_up,152205
pink_background,152049
bird,151817
frilled_dress,151685
beret,151632
open_shirt,151492
rose,151228
wavy_hair,150395
soles,150287
nose_blush,149774
black_socks,149652
fox_girl,149266
sunglasses,149248
playboy_bunny,148950
chair,148745
holding_hands,147106
from_above,147072
animal,147014
alternate_hairstyle,146577
halterneck,146436
red_dress,146375
4girls,146198
hood_down,146159
ocean,146004
fox_tail,145780
furry,145645
half-closed_eyes,145376
cum_in_pussy,145290
white_skirt,145201
portrait,144835
demon_horns,144367
chain,144042
embarrassed,143220
testicles,142138
thick_eyebrows,141916
leaf,141097
muscular_male,140833
looking_down,140170
happy,140141
bob_cut,140106
glowing,139482
squatting,138679
white_bikini,138677
headphones,138603
bed,138211
horse_tail,137797
witch_hat,137024
cellphone,136456
abs,136049
dark-skinned_male,135801
black_background,135722
plaid_skirt,134838
demon_girl,134254
groping,133897
beach,133767
headband,133104
drill_hair,132402
short_dress,132236
bandages,131687
pectorals,131057
ring,130891
1other,129964
floral_print,129630
cum_on_body,129378
antenna_hair,129235
cardigan,128999
flying_sweatdrops,128897
high_ponytail,128729
underboob,128643
standing_on_one_leg,128235
female_pubic_hair,128017
cameltoe,127316
light_blush,126665
no_shoes,126420
depth_of_field,125892
arms_behind_back,125846
side-tie_bikini_bottom,125637
on_side,125140
white_apron,124970
no_bra,124925
sharp_teeth,124919
white_pupils,124868
bed_sheet,124758
frilled_sleeves,124604
thigh_boots,124512
tank_top,124201
motion_lines,123915
crossed_arms,123517
bottomless,123441
cleavage_cutout,123022
red_necktie,122798
black_nails,122739
pink_bow,122156
sisters,121963
back,121455
stuffed_toy,121291
heart-shaped_pupils,121281
umbrella,121209
oral,121041
from_below,120533
table,120531
arm_support,119778
x_hair_ornament,119658
cat,119493
gem,119338
ass_visible_through_thighs,118632
magical_girl,118358
frilled_skirt,118275
4koma,118257
smartphone,118143
grass,117967
yaoi,117808
own_hands_together,117230
no_panties,116882
wolf_ears,116596
red_bowtie,116576
eating,116510
military_uniform,116440
crying,115844
helmet,115051
garter_straps,114787
elf,114012
red_flower,113517
leg_up,112868
bound,112644
black_leotard,112610
holding_cup,112417
blue_ribbon,111965
red_shirt,111379
light_smile,110010
parody,109999
shirt_lift,109958
feathered_wings,109672
wariza,109488
double-parted_bangs,109460
scrunchie,109459
ear_piercing,109426
crossed_bangs,109395
trembling,109347
clothes_pull,109269
fire,109026
scar_on_face,108847
denim,108501
mob_cap,108439
spiked_hair,108299
grey_shirt,108206
sex_from_behind,108101
obi,108028
6+girls,108024
?,107592
black_necktie,107518
suit,107376
crossed_legs,107301
feathers,107286
military,106926
clenched_teeth,106898
3boys,106401
moon,105832
skin_fang,105829
black_belt,105731
cross,105460
eyes_visible_through_hair,105096
shoulder_armor,104828
eyepatch,104800
cloudy_sky,104779
hair_tubes,104737
holding_gun,104642
facing_viewer,104575
holding_phone,103360
plant,103204
sunlight,102958
wavy_mouth,102747
straight_hair,102698
juliet_sleeves,102499
mouth_hold,102315
bottle,101928
yellow_background,101901
strapless_leotard,101817
sleeping,101793
outside_border,101571
headgear,101550
black_coat,101379
looking_up,101159
backpack,101104
bug,100944
couple,100935
t-shirt,100738
eyewear_on_head,100662
dot_nose,100217
crown,100190
veil,99323
puffy_long_sleeves,99260
fellatio,99127
alternate_breast_size_(larger),99068
tassel,98750
animal_print,98718
blazer,98704
bandaid,98656
pink_dress,98435
thigh_gap,98078
straddling,97897
sneakers,97385
kiss,97144
suspenders,97021
white_shoes,97007
red_background,96529
grabbing_another's_breast,95966
red_jacket,95791
stuffed_animal,95657
;d,95589
pink_flower,95504
skirt_lift,95429
>_<,95218
outstretched_arm,95061
head_wings,94663
pointing,94611
fishnets,94127
brooch,93974
outstretched_arms,93770
bara,93742
single_hair_bun,93612
cover,93589
robot,93342
slit_pupils,93102
curtains,93059
logo,92890
on_stomach,92810
official_alternate_hairstyle,92764
brown_shoes,92717
white_sailor_collar,92670
girl_on_top,92616
messy_hair,92521
meme,92400
blue_sailor_collar,91946
outline,91708
dog_ears,91550
white_pantyhose,91505
extra_ears,91250
knife,90915
white_ribbon,90484
hand_on_own_chest,90274
demon_tail,90220
red_nails,89824
hooded_jacket,89757
aged_down,89581
red_hat,89231
topless_female,89154
lifting_own_clothes,89076
breasts_out,88950
tiara,88663
goggles,88654
bdsm,88615
clenched_hand,88341
black_bra,88198
rabbit_tail,88066
hat_bow,87985
green_skirt,87954
short_twintails,87383
hat_ribbon,87255
white_sleeves,86868
star_(sky),86840
side_braid,86790
crossover,86444
wing_collar,86124
building,85587
loafers,85314
polka_dot,85179
bent_over,84987
knee_boots,84671
armband,83892
katana,83701
single_thighhigh,83667
staff,83618
group_sex,83398
chibi_only,83206
low_ponytail,83176
shaded_face,82695
grey_skirt,82685
knees_up,82615
ribbon_trim,82606
anger_vein,82302
claws,82185
blue_hat,82077
blue_necktie,81805
instrument,81711
maid_apron,81551
light_particles,81380
tachi-e,81379
all_fours,81215
hood_up,81029
drooling,81003
underwear_only,80879
monster_girl,80855
open_coat,80465
spoken_heart,80387
cropped_jacket,80198
...,80121
cloak,80065
purple_dress,79945
hair_over_shoulder,79750
child,79613
formal_clothes,79424
pantyshot,79329
highleg_leotard,79253
sleeves_past_fingers,79226
box,79169
tan,79087
mole_under_mouth,78632
round_eyewear,78452
qipao,78434
strapless_dress,78260
trap,78050
colored_sclera,77915
red_neckerchief,77653
butterfly,77615
couch,77517
brown_boots,77324
musical_note,77314
curvy,77219
dragon_horns,76919
towel,76902
o-ring,76839
no_pants,76715
crescent,76476
areola_slip,76400
blue_nails,76315
black_vest,76126
school_swimsuit,76122
steam,75954
bat_wings,75884
index_finger_raised,75590
pink_nails,75534
candy,75519
cropped_torso,75473
lipstick,75456
5girls,75424
scenery,75346
sex_toy,75279
anal,75229
pelvic_curtain,75151
toenails,75055
polearm,75044
bondage,74696
surprised,74694
buckle,74391
one_eye_covered,74361
holding_book,74298
pale_skin,74265
pink_shirt,74210
gold_trim,74193
eyeshadow,74022
tearing_up,73987
hand_on_own_face,73945
yellow_bow,73632
waist_apron,73601
bridal_gauntlets,73510
white_pants,73316
ejaculation,73288
arms_behind_head,73246
microphone,73240
cherry_blossoms,73223
pom_pom_(clothes),72932
white_coat,72843
single_earring,72566
cropped_legs,72452
twin_drills,72327
striped_thighhighs,72187
baseball_cap,72179
revealing_clothes,71332
lace_trim,71259
restrained,71107
rope,70938
hair_rings,70900
furrowed_brow,70837
black_wings,70767
web_address,70585
white_wings,70383
faceless,70367
cover_page,70278
foreshortening,70266
blue_shorts,70172
black_bowtie,70058
letterboxed,69924
wristband,69886
eye_contact,69815
furry_female,69754
winter_uniform,69722
male_pubic_hair,69685
sheath,69544
short_hair_with_long_locks,69357
gauntlets,69186
breast_press,69119
undressing,69070
interlocked_fingers,69063
robe,68931
red_gloves,68819
string_bikini,68810
hair_bobbles,68567
demon_wings,68523
blue_flower,68317
black_horns,68261
wind,68257
pink_skirt,68243
purple_bow,68206
red_shoes,68202
hakama,68170
camisole,68144
plate,68098
beard,68053
purple_background,68021
green_background,67987
multicolored_eyes,67777
multiple_tails,67730
lingerie,67706
neck_bell,67633
corset,67552
frilled_apron,67546
sweater_vest,67516
spikes,67505
nature,67400
skirt_set,67329
green_bow,67319
adapted_costume,67274
^^^,67099
furry_male,67099
happy_birthday,67095
patreon_username,66768
brown_gloves,66676
arm_at_side,66331
pink_ribbon,66292
clothing_aside,66271
yellow_shirt,66152
grey_jacket,66140
casual,65890
carrying,65881
tsurime,65742
high_collar,65541
black_sailor_collar,65525
vertical-striped_clothes,65456
two-tone_background,65388
semi-rimless_eyewear,65274
between_breasts,65260
breath,65230
green_jacket,65038
armlet,65036
veins,64982
bike_shorts,64628
freckles,64585
dragon_girl,64500
brown_jacket,64246
white_skin,64131
close-up,64052
:p,63947
genderswap,63848
dual_persona,63628
spot_color,63519
white_boots,63464
black_sleeves,63396
purple_shirt,63219
forehead,63214
white_hairband,62898
glowing_eyes,62793
motor_vehicle,62645
breasts_apart,62614
angry,62565
pink_panties,62487
straight-on,62267
wet_clothes,62151
clenched_hands,62137
wolf_tail,62109
blue_bikini,62106
hand_fan,61896
facial,61864
peaked_cap,61810
androgynous,61759
brown_background,61735
pocket,61677
white_outline,61469
frilled_shirt_collar,61468
floating,61404
tentacles,61350
blue_pants,61319
toned,61206
rabbit_girl,60823
wolf_girl,60764
beads,60734
blue_halo,60540
clothed_female_nude_male,60469
brown_pantyhose,60395
blood_on_face,60381
licking,60225
micro_bikini,60207
half_updo,60161
side_slit,60139
green_dress,60053
bow_panties,59999
clothes_writing,59886
paizuri,59827
science_fiction,59781
panty_pull,59509
looking_ahead,59486
sleeves_rolled_up,59349
mole_on_breast,59301
low-tied_long_hair,59262
colored_eyelashes,59253
knee_up,59201
jingle_bell,59115
smoke,59047
turtleneck_sweater,58980
wide_hips,58949
single_glove,58902
covering_privates,58802
purple_skirt,58760
high_heel_boots,58726
white_kimono,58698
doll,58687
cake,58659
drinking_glass,58658
tareme,58632
angel_wings,58496
topless_male,58432
shirt_tucked_in,58188
thought_bubble,58143
copyright_notice,58092
green_shirt,58050
christmas,57968
crossdressing,57796
black-framed_eyewear,57751
!,57739
zipper,57505
desk,57452
mary_janes,57358
large_pectorals,57304
anime_coloring,57063
hair_flaps,56952
asymmetrical_legwear,56952
@_@,56866
track_jacket,56826
hair_scrunchie,56770
reflection,56735
ball,56699
rifle,56575
snow,56309
cowgirl_position,56295
full_moon,56167
white_shorts,56149
crying_with_eyes_open,56037
long_fingernails,55884
long_skirt,55762
mecha,55730
spoken_ellipsis,55681
star_hair_ornament,55599
pencil_skirt,55577
wading,55535
pink_halo,55460
gift,55412
high-waist_skirt,55256
thong,55204
yellow_flower,55053
arm_behind_back,55039
:<,55024
black_bodysuit,54990
walking,54980
belt_buckle,54872
cum_on_breasts,54682
clothed_sex,54280
handgun,54264
blue_bowtie,54046
sound_effects,53962
notice_lines,53954
kemonomimi_mode,53912
wide-eyed,53847
fake_tail,53836
purple_flower,53686
frilled_bikini,53651
front-tie_top,53525
hand_on_another's_head,53461
starry_sky,53459
hand_in_pocket,53373
pauldrons,53340
skin_tight,53191
blunt_ends,53047
holding_umbrella,53041
handjob,52965
headset,52807
ear_covers,52706
strap_slip,52629
finger_to_mouth,52595
pouch,52494
arm_behind_head,52258
futanari,52257
tray,52185
faceless_male,52170
after_sex,52130
heavy_breathing,52130
sports_bra,51998
long_dress,51988
summer_uniform,51869
hair_behind_ear,51764
striped_shirt,51741
single_horn,51741
brown_skirt,51728
collared_dress,51686
fish,51685
goggles_on_head,51633
age_difference,51545
chinese_text,51533
fins,51530
holding_staff,51410
dog_girl,51405
masturbation,51296
braided_ponytail,51081
curtained_hair,50906
ribbon-trimmed_sleeves,50852
2koma,50851
lens_flare,50839
convenient_censoring,50816
swim_ring,50759
empty_eyes,50712
shoulder_bag,50637
cigarette,50556
between_legs,50467
seiza,50385
blouse,50280
sailor_dress,50255
jitome,50217
sideways_glance,50196
dog_tail,50190
reaching,50187
mature_female,50058
denim_shorts,50009
:q,49920
missing_headwear,49847
unworn_headwear,49823
yellow_ribbon,49777
lace,49767
missionary,49665
striped_panties,49586
forest,49553
alcohol,49322
red_scarf,49172
large_areolae,49159
one-hour_drawing_challenge,49047
rain,49036
puffy_nipples,49025
brown_belt,49011
layered_sleeves,48949
pov_hands,48891
santa_hat,48827
cleft_of_venus,48823
animal_ear_hairband,48782
short_ponytail,48760
dragon_tail,48661
disembodied_linked_eye,48584
oni,48546
ribbed_sweater,48528
side-tie_panties,48504
pokemon_focus,48474
pendant,48409
pink_lips,48395
asymmetrical_bangs,48302
genderswap_(mtf),48299
shrug_(clothing),48177
hair_spread_out,48165
rape,47993
top_hat,47968
long_bangs,47925
emphasis_lines,47890
striped_bow,47889
legs_up,47847
curly_hair,47738
bulge,47723
red_bikini,47678
hand_in_own_hair,47642
animal_hands,47431
4boys,47427
partially_submerged,47335
height_difference,47289
hakama_skirt,47269
animal_focus,47264
white_leotard,47251
tokin_hat,47220
twins,47211
fingering,47201
crossdressing_(mtf),47192
legs_apart,47166
personification,47034
tinted_eyewear,47014
condom,46935
brown_hat,46920
lapels,46884
large_penis,46753
mouth_mask,46743
pink_jacket,46737
bandaged_arm,46613
bubble,46591
ass_focus,46569
cropped_shirt,46465
heart_hair_ornament,46430
white_bra,46363
low_wings,46192
eyeliner,46157
hat_ornament,46067
off-shoulder_dress,46015
falling_petals,45972
black_collar,45909
backlighting,45861
korean_text,45738
epaulettes,45711
santa_costume,45520
jeans,45484
head_rest,45478
red_rose,45468
hoop_earrings,45467
blue_one-piece_swimsuit,45406
mature_male,45396
torn_pantyhose,45383
running,45299
red_cape,45214
cuffs,45072
hands_on_own_hips,44953
paper,44926
back_bow,44833
teacup,44683
raised_eyebrows,44657
parent_and_child,44595
red-framed_eyewear,44485
halloween,44467
threesome,44407
plump,44400
out_of_frame,44332
stud_earrings,44325
hair_down,44295
orange_background,44203
drinking_straw,44173
flying,43984
hand_on_another's_shoulder,43922
cumdrip,43915
bikini_top_only,43874
bags_under_eyes,43869
bowl,43838
school_bag,43824
stubble,43669
dog,43649
grey_pants,43581
double_v,43559
monster,43454
lolita_fashion,43384
dress_lift,43364
purple_nails,43182
steaming_body,43182
watch,43179
sun_hat,42989
6+boys,42853
bouquet,42834
holding_flower,42799
flipped_hair,42755
doggystyle,42562
foot_out_of_frame,42549
gym_uniform,42424
tracen_school_uniform,42317
mini_person,42285
short_eyebrows,42264
knees_together_feet_apart,42258
arm_tattoo,42198
green_hat,42159
blurry_foreground,42137
on_chair,42074
tentacle_hair,42062
lab_coat,42006
mug,41948
holding_knife,41948
+_+,41939
veiny_penis,41877
broom,41859
blue_gloves,41840
tanlines,41801
double-breasted,41758
black_serafuku,41647
long_pointy_ears,41590
dual_wielding,41496
spread_pussy,41493
heart_hands,41479
holding_unworn_clothes,41415
breastplate,41388
yellow_ascot,41362
partially_fingerless_gloves,41306
cum_overflow,41288
innertube,41250
brother_and_sister,41214
white_sweater,41199
cum_in_mouth,41177
scar_across_eye,41175
circlet,41130
open_book,41130
armpit_crease,41099
pajamas,41098
mirror,41078
red_hairband,41069
buruma,41003
brown_dress,40973
waving,40943
blue_skin,40900
yellow_jacket,40794
facing_away,40745
split_mouth,40726
mustache,40716
wooden_floor,40698
ringed_eyes,40611
injury,40542
red_lips,40495
blue_kimono,40454
zoom_layer,40308
lollipop,40141
toenail_polish,40117
bandaid_on_face,40104
fur-trimmed_jacket,40078
drawstring,40063
arrow_(symbol),40038
serious,40027
blue_theme,39991
black_cape,39978
red_halo,39800
upskirt,39758
fake_horns,39734
on_floor,39708
can,39656
poke_ball,39579
yellow_halo,39573
sunset,39563
under-rim_eyewear,39522
single_side_bun,39500
fishnet_pantyhose,39495
arms_at_sides,39441
bouncing_breasts,39417
visor_cap,39252
lantern,39137
hug_from_behind,39115
doujin_cover,39084
forehead_mark,39079
!?,39064
:t,39058
leash,39033
hat_flower,39019
enmaided,39005
mini_hat,38943
chromatic_aberration,38942
sideburns,38932
shawl,38910
holding_bag,38860
center_frills,38858
rabbit,38850
artist_logo,38763
impossible_clothes,38668
competition_swimsuit,38667
print_bikini,38665
very_short_hair,38611
glint,38584
muscular_female,38552
sailor_shirt,38539
shield,38533
pout,38441
lace-up_boots,38440
brown_shirt,38321
card,38250
nipple_stimulation,38237
character_doll,38204
dragon,38026
foot_focus,37997
breasts_squeezed_together,37992
reaching_towards_viewer,37961
hand_on_own_cheek,37917
sand,37900
frilled_shirt,37892
black_sclera,37836
contrapposto,37832
two-sided_fabric,37798
snowing,37778
object_insertion,37696
legs_together,37678
rock,37597
half_up_braid,37570
popsicle,37526
asymmetrical_hair,37523
pinafore_dress,37480
fur_collar,37428
tiles,37387
ghost,37363
weibo_watermark,37309
garter_belt,37299
butterfly_hair_ornament,37248
huge_ass,37240
aged_up,37205
shoulder_cutout,37181
crown_braid,37180
green_ribbon,37149
purple_ribbon,37106
bishounen,37001
thighband_pantyhose,36952
stairs,36937
red_vest,36886
smirk,36846
off-shoulder_shirt,36770
hand_between_own_legs,36742
female_masturbation,36723
food_in_mouth,36719
teddy_bear,36689
black_sweater,36622
sign,36531
paw_pose,36462
single_bare_shoulder,36405
unworn_hat,36399
adjusting_clothes,36386
ice,36367
crystal,36323
naughty_face,36308
nontraditional_miko,36212
strawberry,36139
white_fur,36127
mouse_ears,36083
on_ground,36064
sheathed,36050
blood_on_clothes,36039
beanie,36039
spoon,35974
body_fur,35928
interracial,35925
long_sidelocks,35925
spaghetti_strap,35900
fork,35763
panties_under_pantyhose,35740
backless_outfit,35712
card_(medium),35659
handbag,35559
brown_pants,35556
drink,35492
ice_cream,35489
on_couch,35442
smug,35404
city,35359
pasties,35335
skull,35303
eyebrows_hidden_by_hair,35261
symbol_in_eye,35237
motion_blur,35200
striped_bikini,35186
two-tone_dress,35168
arm_warmers,35148
smoking,35111
upside-down,34970
nurse_cap,34913
water_drop,34847
sharp_fingernails,34830
blue_shoes,34798
arm_under_breasts,34781
hands_in_pockets,34755
bandana,34724
white_one-piece_swimsuit,34724
=_=,34696
nun,34686
sitting_on_person,34633
white_capelet,34620
sarashi,34519
black_one-piece_swimsuit,34507
brown_thighhighs,34497
holding_polearm,34490
alternate_color,34474
railing,34424
straw_hat,34356
criss-cross_halter,34254
nose,34239
print_kimono,34237
borrowed_character,34127
fighting_stance,34121
jacket_on_shoulders,34107
star-shaped_pupils,34078
front-tie_bikini_top,34060
rabbit_ear_hairband,34053
style_parody,34024
chopsticks,33968
tabard,33891
other_focus,33803
hair_tie,33798
sportswear,33771
ear_ornament,33686
rigging,33630
animal_hood,33628
white_scarf,33619
chocolate,33600
sample_watermark,33595
;),33566
panties_aside,33526
light_rays,33417
chibi_inset,33371
minigirl,33318
v_arms,33264
covering_own_mouth,33188
branch,33184
contemporary,33176
hugging_object,33130
creature,33120
blue_panties,33117
ofuda,33089
overalls,33088
holding_bottle,32989
pleated_dress,32915
holding_fan,32841
grey_dress,32829
android,32782
realistic,32779
outstretched_hand,32776
palm_tree,32769
shiny_clothes,32724
cross-laced_clothes,32604
breast_pocket,32535
blue_hairband,32494
grabbing_from_behind,32482
apple,32468
hand_on_another's_face,32450
mountain,32438
holding_microphone,32437
jumping,32417
yukata,32415
military_hat,32392
fence,32316
purple_jacket,32315
camera,32303
clitoral_hood,32266
vibrator,32198
selfie,32172
antlers,32091
gag,32078
dildo,32002
black_kimono,31993
pov_crotch,31959
pixel_art,31940
hime_cut,31925
adjusting_eyewear,31920
frilled_bow,31907
tail_ornament,31905
blue_leotard,31875
midriff_peek,31826
hair_over_eyes,31785
potted_plant,31769
spoken_question_mark,31748
snake,31681
floral_background,31660
green_skin,31640
size_difference,31624
gagged,31621
clitoris,31608
animification,31542
split-color_hair,31519
confetti,31459
hair_bell,31397
door,31314
bow_(weapon),31309
licking_lips,31276
new_year,31272
mother_and_child,31241
bespectacled,31186
petite,31150
holding_tray,31149
full-face_blush,31102
sunflower,31097
grabbing_another's_ass,31043
goatee,30929
zipper_pull_tab,30893
no_nose,30868
wedding_dress,30862
yellow_neckerchief,30771
pink_bikini,30763
angel,30720
shota,30679
covered_mouth,30642
blindfold,30491
underwater,30429
holding_instrument,30425
pink_hat,30311
pen,30268
bound_wrists,30260
gift_box,30191
spear,30138
absurdly_long_hair,30083
sun,30069
3d,30065
balloon,29975
cum_on_hair,29955
purple_thighhighs,29952
anklet,29935
w,29919
crotch_seam,29903
white_cape,29895
car,29874
food-themed_hair_ornament,29866
hand_on_own_chin,29810
horizon,29673
wrist_scrunchie,29671
black_hoodie,29661
talking,29628
guitar,29602
white_streaks,29578
gyaru,29560
multiple_others,29554
page_number,29551
joints,29530
blue_gem,29529
name_tag,29469
head_out_of_frame,29372
valentine,29346
kneepits,29296
raised_inner_eyebrows,29277
antennae,29274
covered_eyes,29269
hair_stick,29243
scales,29215
wristwatch,29194
cable,29171
suspender_skirt,29119
white_choker,29116
o_o,29110
vision_(genshin_impact),29106
blue_cape,29099
bikini_under_clothes,29092
food_on_face,29047
wand,29019
+++,29017
gakuran,29011
open_cardigan,29002
duel_monster,28994
print_shirt,28980
forehead_jewel,28964
top-down_bottom-up,28957
fish_tail,28918
highleg_panties,28896
bandeau,28843
sleeve_cuffs,28817
half_gloves,28803
ahegao,28781
butt_crack,28744
orange_bow,28742
id_card,28725
spread_arms,28708
toeless_legwear,28650
purple_gloves,28602
newsboy_cap,28596
blue_vest,28593
silent_comic,28592
claw_pose,28590
covering_breasts,28556
cow_print,28552
mask_on_head,28551
bloomers,28530
multicolored_jacket,28492
white_wrist_cuffs,28490
red_thighhighs,28460
saliva_trail,28441
black_tank_top,28405
pink_bowtie,28397
white_ascot,28342
checkered_clothes,28337
haori,28330
hanging_breasts,28271
bookshelf,28256
lactation,28227
white_eyes,28189
dakimakura_(medium),28147
folding_fan,28138
blanket,28043
microskirt,27864
candle,27833
center_opening,27814
cow_ears,27786
oekaki,27770
tube_top,27752
headpiece,27751
partially_visible_vulva,27747
red_kimono,27704
open_fly,27693
black_tail,27691
adjusting_hair,27680
electricity,27627
curled_horns,27534
abyssal_ship,27508
clock,27491
mecha_pilot_suit,27453
red_horns,27440
panties_around_one_leg,27437
company_name,27421
diamond_(shape),27413
winter_clothes,27330
colored_tips,27299
highleg_one-piece_swimsuit,27277
3koma,27256
underbust,27220
bush,27207
blue_neckerchief,27193
eighth_note,27161
poke_ball_(basic),27136
tress_ribbon,27134
holding_bouquet,27062
on_head,27042
mini_crown,27026
pink_bra,27021
japanese_armor,27016
red_boots,27010
white_tank_top,26975
feather_hair_ornament,26942
yellow_dress,26933
white_belt,26920
film_grain,26836
drinking,26809
toned_male,26803
looking_afar,26800
red_streaks,26765
undershirt,26743
pool,26684
red_ascot,26592
limited_palette,26586
white_collar,26515
brown_coat,26511
long_legs,26421
basket,26419
patreon_logo,26412
classroom,26350
leaning_back,26341
bodystocking,26329
hands_on_own_face,26322
blue_rose,26290
yokozuwari,26239
shoulder_tattoo,26189
heart_censor,26181
controller,26143
after_vaginal,26134
parallel_hairclips,26127
disposable_cup,26125
|_|,26088
folded_ponytail,26078
fairy_wings,26056
black_capelet,26043
black_border,25924
glass,25889
petticoat,25875
eyeball,25872
fishnet_thighhighs,25854
orgasm,25849
nervous_sweating,25821
scar_on_cheek,25813
red_coat,25797
holding_animal,25749
blue_thighhighs,25726
open_hand,25717
arrow_(projectile),25669
harness,25651
surrounded_by_penises,25648
tight_clothes,25645
cow_horns,25588
grabbing_own_breast,25559
white_hoodie,25550
torn_thighhighs,25546
red_choker,25532
school_desk,25530
tiger_ears,25512
purple_hat,25475
leg_warmers,25442
invisible_chair,25426
holding_stuffed_toy,25422
arm_strap,25420
fur-trimmed_coat,25418
hand_on_headwear,25407
aircraft,25364
tabi,25326
ankle_boots,25249
partially_unbuttoned,25213
armored_boots,25201
futa_with_female,25177
gangbang,25119
mechanical_arms,25094
white_bowtie,25062
pink_shoes,25056
cheerleader,25050
bow_hairband,25030
hanfu,25013
striped_necktie,24987
arched_back,24963
pom_pom_(cheerleading),24945
onsen,24945
squiggle,24927
witch,24917
halloween_costume,24845
light_frown,24835
animal_nose,24799
collared_jacket,24714
retro_artstyle,24670
asymmetrical_gloves,24636
low_twin_braids,24632
hand_on_own_head,24604
headpat,24593
space,24589
shibari,24546
leggings,24521
bun_cover,24492
multicolored_skin,24477
layered_dress,24340
purple_bowtie,24332
holding_poke_ball,24328
precum,24326
road,24322
nipple_piercing,24310
bandaid_on_leg,24293
red_pants,24210
nipple_tweak,24194
cityscape,24183
assault_rifle,24173
tile_floor,24157
frilled_hairband,24111
holding_plate,24089
green_necktie,24057
polka_dot_background,24040
vambraces,24005
wide_shot,23990
shared_bathing,23961
reading,23943
stretching,23891
grey_skin,23876
highleg_bikini,23838
bikini_armor,23836
yellow_necktie,23733
inkling,23733
blue_streaks,23728
bald,23688
animal_ear_piercing,23680
french_kiss,23676
interspecies,23653
standing_sex,23647
belly,23638
under_covers,23631
gothic_lolita,23603
riding,23602
fairy,23580
ear_bow,23573
long_hair_between_eyes,23573
magic,23565
huge_ahoge,23541
purple_bikini,23536
short_over_long_sleeves,23513
layered_skirt,23487
clothes_around_waist,23482
geta,23448
notched_lapels,23411
slippers,23409
rolling_eyes,23393
dancing,23363
headdress,23344
lamp,23311
sleeveless_turtleneck,23251
taut_clothes,23236
hair_slicked_back,23212
blue_coat,23177
frilled_hair_tubes,23161
silhouette,23152
miko,23140
thong_panties,23129
facial_tattoo,23129
red_pupils,23091
disembodied_hand,23076
green_nails,23073
laughing,23067
evil_smile,23054
mismatched_legwear,23052
bound_arms,23042
pink_kimono,23040
shade,23038
blue_boots,23023
red_shorts,23020
no_pupils,23004
loose_socks,22996
pulling_own_clothes,22994
eye_mask,22968
back-to-back,22962
military_vehicle,22957
star_print,22906
flag,22902
bird_wings,22901
emblem,22877
paw_gloves,22872
undercut,22840
nurse,22836
office_lady,22830
bare_back,22829
triangle_mouth,22808
aqua_necktie,22783
mechanical_halo,22768
bangle,22746
hand_to_own_mouth,22693
sailor_hat,22685
thighlet,22671
reference_sheet,22660
male_underwear,22659
frog_hair_ornament,22631
own_hands_clasped,22622
aqua_nails,22598
animal_costume,22584
red_leotard,22534
inverted_nipples,22525
partially_colored,22521
bridal_veil,22499
grabbing_another's_arm,22470
blue_scarf,22446
nipple_slip,22400
mother_and_daughter,22395
white_rose,22392
brown_cardigan,22375
mouse_tail,22303
bandaged_leg,22297
incest,22293
multiple_rings,22239
yellow_bikini,22191
unworn_eyewear,22154
purple_kimono,22147
wine_glass,22117
no_mouth,22105
gohei,22053
jack-o'-lantern,22044
frilled_thigh_strap,22038
sundress,22000
bench,21997
chest_jewel,21995
tied_shirt,21990
scared,21971
rabbit_hair_ornament,21964
animalization,21920
holster,21910
ninja,21895
condom_wrapper,21893
beachball,21892
imminent_penetration,21889
happy_sex,21872
femdom,21846
happy_new_year,21838
triangular_headpiece,21813
key,21781
suit_jacket,21779
facing_another,21774
spreading_own_pussy,21768
holding_own_dress,21758
red_eyeshadow,21747
grey_shorts,21745
architecture,21717
brown_shorts,21712
hand_on_own_arm,21707
wedding_ring,21678
paw_print,21653
ship_turret,21650
striped_dress,21649
chinese_zodiac,21640
holding_fruit,21619
field,21617
cross_necklace,21599
tail_raised,21587
wet_shirt,21583
presenting_own_body,21582
stuffed_rabbit,21579
leg_lift,21542
5boys,21532
cum_in_ass,21517
face-to-face,21481
unbuttoned,21465
cone_hair_bun,21458
bread,21367
leather,21366
axe,21317
skin-covered_horns,21315
fantasy,21312
headphones_around_neck,21290
scythe,21268
indian_style,21254
sarong,21235
head_wreath,21233
tatami,21207
backless_dress,21189
dagger,21188
brown_sweater,21139
vampire,21130
spoken_exclamation_mark,21108
averting_eyes,21100
halftone,21084
hands_on_own_chest,21075
navel_cutout,21071
grey_sweater,21011
black_cat,21002
see-through_shirt,20989
ears_through_headwear,20967
pocky,20957
star_earrings,20950
hand_on_own_thigh,20934
mittens,20924
bedroom,20922
salute,20917
orange_shirt,20894
bow_bra,20876
black_suit,20866
bucket,20825
horn_ornament,20824
playing_instrument,20810
alternate_eye_color,20801
shark_tail,20765
red_eyeliner,20755
hitodama,20747
shoulder_blades,20731
used_condom,20712
tilted_headwear,20699
raccoon_ears,20674
leaf_hair_ornament,20650
naked_shirt,20643
wet_hair,20610
puff_of_air,20584
superhero_costume,20568
annoyed,20540
battle,20516
anchor_symbol,20504
2000s_(style),20497
computer,20497
constricted_pupils,20479
teapot,20479
whisker_markings,20454
mouse_girl,20433
bonnet,20407
thumbs_up,20392
drunk,20332
hip_vent,20332
charm_(object),20325
anal_object_insertion,20280
green_bikini,20273
red_hakama,20256
yellow_skirt,20242
anniversary,20197
holding_own_hair,20178
public_indecency,20177
face_piercing,20169
open_kimono,20154
pectoral_cleavage,20146
see-through_sleeves,20140
pink_theme,20139
air_bubble,20133
bead_necklace,20099
brothers,20095
round_teeth,20077
belt_collar,20075
coat_on_shoulders,20053
two-tone_eyes,20033
fat,19997
against_wall,19987
text_focus,19921
pink_rose,19917
turning_head,19910
bikini_skirt,19906
:>,19904
chest_tattoo,19885
animal_hat,19876
toned_female,19865
ear_blush,19863
off-shoulder_sweater,19855
pubic_tattoo,19851
dark,19848
three-quarter_sleeves,19840
green_halo,19817
red_skin,19776
holding_another's_wrist,19772
head_fins,19763
hugging_own_legs,19759
red_panties,19733
autumn_leaves,19687
fireworks,19669
hat_feather,19669
paintbrush,19664
princess_carry,19651
photo_(object),19631
navel_piercing,19605
uneven_legwear,19603
pink_thighhighs,19599
idol,19572
unworn_shoes,19555
stitches,19550
fox_mask,19549
green_pants,19542
two_tails,19535
randoseru,19522
cannon,19517
lowleg,19506
heart_of_string,19463
latex,19461
cat_boy,19443
jacket_partially_removed,19420
hooded_cloak,19371
unzipped,19366
heart_earrings,19347
red_capelet,19312
fur-trimmed_sleeves,19310
cross-shaped_pupils,19301
one_breast_out,19256
white_bodysuit,19252
tunic,19250
drink_can,19197
lower_teeth_only,19184
bare_pectorals,19162
giant,19153
black_halo,19150
wind_lift,19133
bracer,19108
aura,19066
swimsuit_under_clothes,19055
string,19042
chest_harness,19030
yellow_bowtie,19016
blank_eyes,19004
oil-paper_umbrella,18993
sparkling_eyes,18992
on_one_knee,18976
headscarf,18966
gym_shirt,18922
red_gem,18912
mandarin_collar,18886
cross_hair_ornament,18882
carrot,18882
black_neckerchief,18861
ffm_threesome,18821
spiked_collar,18820
striped_bowtie,18811
two-tone_skin,18799
belt_pouch,18793
imminent_kiss,18789
green_vest,18782
old,18749
cross-section,18742
game_controller,18733
clothes_between_breasts,18732
holding_fork,18721
white_camisole,18720
knee_pads,18719
pink_gloves,18719
moaning,18715
picture_frame,18714
blue_sweater,18713
heart_ahoge,18713
scabbard,18697
coin,18692
male_penetrated,18688
oversized_clothes,18662
micro_shorts,18661
gameplay_mechanics,18654
snowflakes,18631
chestnut_mouth,18624
assertive_female,18623
tiptoes,18613
purple_panties,18610
snake_hair_ornament,18609
afterimage,18608
shoe_soles,18599
everyone,18589
fang_out,18568
watercraft,18563
blood_on_hand,18538
holding_cigarette,18534
mmf_threesome,18533
monitor,18530
single_sidelock,18527
purple_skin,18527
animal_collar,18512
yellow_sclera,18486
sitting_on_lap,18468
aqua_background,18468
naked_towel,18465
holding_gift,18449
animal_on_head,18448
nervous,18446
kitsune,18432
ice_wings,18430
hand_on_own_knee,18365
blue_hoodie,18350
two-tone_jacket,18339
bad_anatomy,18323
two-tone_shirt,18311
facepaint,18291
winter,18275
holding_spoon,18254
licking_penis,18246
very_dark_skin,18233
bathing,18227
folded,18226
crescent_hair_ornament,18208
holding_can,18208
green_shorts,18201
digimon_(creature),18195
vines,18186
diagonal-striped_clothes,18162
striped_background,18118
:/,18116
floppy_ears,18110
nosebleed,18092
side_braids,18084
braided_bangs,18084
red_collar,18076
full_cleavage,18073
short_kimono,18061
pinstripe_pattern,18041
sad,18039
looking_at_object,18033
holding_chopsticks,18018
earmuffs,17979
colored_extremities,17968
armored_dress,17956
dolphin_shorts,17943
pointing_at_viewer,17928
lolita_hairband,17911
biting,17899
father_and_child,17894
v-neck,17887
white_veil,17879
multiple_hair_bows,17870
bat_(animal),17857
breast_sucking,17854
black_scarf,17828
blue_choker,17824
slingshot_swimsuit,17809
m_legs,17799
cowbell,17794
handcuffs,17787
squeans,17783
leg_ribbon,17778
alternate_hair_length_(longer),17774
holding_candy,17770
onee-shota,17753
black_sports_bra,17751
alternate_hair_color,17704
one-eyed,17696
shark_girl,17679
x-ray,17664
pantyhose_under_shorts,17644
sphere_hair_ornament,17571
merfolk,17569
grey_gloves,17544
waitress,17538
multiple_persona,17533
airplane,17513
pink_hairband,17506
torn_shirt,17473
brown_fur,17454
!!,17450
vaginal_object_insertion,17447
red_sash,17427
shimenawa,17410
blue_bra,17392
birthday,17391
weapon_on_back,17376
food_focus,17371
green_bowtie,17369
fur-trimmed_gloves,17358
dark_persona,17355
pointless_censoring,17323
police,17322
drop_shadow,17314
grid_background,17312
pink_sweater,17305
wince,17283
biceps,17259
o-ring_bikini,17257
deep_skin,17211
string_panties,17201
nun_headdress,17201
east_asian_architecture,17187
huge_penis,17156
wagashi,17154
sack,17136
over_shoulder,17135
donut,17117
aqua_bow,17102
grey_hat,17093
shell,17093
carrying_person,17080
gold,17067
stomach_bulge,17051
fur-trimmed_cape,17029
dark_background,17009
holding_another's_hair,16998
bukkake,16997
neck_ring,16972
diamond-shaped_pupils,16971
frilled_choker,16968
holding_bow_(weapon),16959
sanpaku,16936
holding_wand,16932
body_markings,16926
in_container,16889
lace-trimmed_thighhighs,16884
aiming,16859
lace-trimmed_bra,16849
bead_bracelet,16836
detached_wings,16826
>:),16821
dress_bow,16814
yellow_hairband,16811
torii,16811
stool,16799
cum_on_clothes,16797
blue_sleeves,16754
ribs,16739
grey_thighhighs,16735
argyle_clothes,16727
goat_horns,16713
lineart,16708
black_streaks,16702
frog,16701
crescent_moon,16672
braided_bun,16660
sexually_suggestive,16645
playing_card,16627
print_thighhighs,16616
hair_up,16575
house,16572
singing,16554
colored_speech_bubble,16527
cunnilingus,16520
gigantic_breasts,16520
ribbon_choker,16518
pearl_necklace,16518
gold_bikini,16474
split,16473
strap_gap,16458
pumpkin,16455
floating_clothes,16445
tea,16434
side-by-side,16433
badge,16433
hasu_no_sora_school_uniform,16432
electric_guitar,16366
presenting_own_armpit,16355
red_sweater,16352
narrow_waist,16345
bathroom,16344
tiger_tail,16340
holding_paper,16331
platform_sandals,16320
black_bag,16306
female_ejaculation,16300
foursome,16288
brick_wall,16268
strap,16265
hip_focus,16251
tassel_earrings,16220
brown_vest,16177
pants_pull,16176
bear_ears,16142
spiked_bracelet,16138
yellow_gloves,16138
clothes_grab,16134
very_long_braid,16133
pink_cardigan,16132
alphes_(style),16123
humanization,16117
popped_collar,16101
fur-trimmed_dress,16088
animal_ear_headphones,16068
pencil,16067
christmas_tree,16047
covering_crotch,16042
zzz,16024
baby_animal,15994
cube_hair_ornament,15983
fur-trimmed_capelet,15974
braided_hair_rings,15970
extra_arms,15964
heart_cutout,15961
mermaid,15932
burger,15922
parasol,15920
mecha_musume,15910
hibiscus,15909
topknot,15905
flat_cap,15893
mushroom,15890
heads_together,15873
casual_one-piece_swimsuit,15861
tacet_mark_(wuthering_waves),15851
showgirl_skirt,15845
seductive_smile,15844
mountainous_horizon,15833
explosion,15795
hooded_coat,15787
earclip,15759
television,15749
handheld_game_console,15736
holding_card,15726
median_furrow,15726
kicking,15713
multicolored_gloves,15702
shackles,15698
purple_necktie,15690
gold_earrings,15664
water_bottle,15662
glowing_eye,15652
falling,15641
body_writing,15637
police_uniform,15620
black_fur,15614
scene_reference,15602
black_mask,15584
yellow_nails,15579
print_dress,15571
necktie_between_breasts,15554
ripples,15540
multicolored_dress,15540
cookie,15518
erection_under_clothes,15503
wing_hair_ornament,15500
holding_camera,15488
raglan_sleeves,15488
red_bodysuit,15479
asymmetrical_clothes,15473
sliding_doors,15469
content_rating,15438
whiskers,15438
copyright_logo,15437
leg_tattoo,15419
fake_screenshot,15407
stirrup_legwear,15394
vehicle_focus,15391
anchor,15386
jumpsuit,15379
torn_pants,15378
hammer,15343
green_kimono,15333
raccoon_tail,15324
babydoll,15321
heart_in_eye,15320
summer,15319
camouflage,15283
sleeveless_jacket,15267
earphones,15245
orange_skirt,15237
open_collar,15233
dappled_sunlight,15232
bath,15215
horse,15205
number_tattoo,15198
polka_dot_bow,15191
peeing,15181
infection_monitor_(arknights),15171
open_vest,15158
lion_ears,15132
mind_control,15121
cherry,15120
knees,15113
holding_pen,15111
cow_print_bikini,15106
lace-trimmed_panties,15106
yellow_sweater,15103
crop_top_overhang,15103
black_sandals,15100
traditional_bowtie,15099
braided_base,15081
ruins,15081
white_robe,15078
o-ring_top,15073
lanyard,15070
leaning_to_the_side,15069
old_man,15056
pigeon-toed,15046
tentacle_sex,15045
female_orgasm,15012
garrison_cap,15006
cutoffs,14968
turtleneck_shirt,14966
orange_flower,14960
dirty,14958
black_flower,14954
official_style,14949
mouth_drool,14937
cow_girl,14922
green_gloves,14922
2others,14915
arms_under_breasts,14907
black_skin,14905
short_necktie,14886
red_theme,14883
halter_dress,14877
fat_man,14876
grey_halo,14870
insect_wings,14848
mini_top_hat,14830
white_neckerchief,14812
reference_inset,14797
single_hair_intake,14781
no_shirt,14781
arm_cannon,14766
medium_dress,14702
asymmetrical_docking,14696
out-of-frame_censoring,14690
syringe,14688
chest_sarashi,14682
photo_background,14679
faceless_female,14651
shy,14649
:|,14634
magatama,14634
track_suit,14628
planet,14627
zouri,14625
double_penetration,14617
crescent_hat_ornament,14593
grey_pantyhose,14586
tiger_print,14573
small_sweatdrop,14534
blue_socks,14529
same-sex_bathing,14522
rectangular_halo,14498
transparent,14484
implied_sex,14482
lamppost,14472
eyes_out_of_frame,14472
cross_earrings,14463
doll_joints,14461
yawning,14459
blue_bodysuit,14452
extra_eyes,14447
maple_leaf,14436
no_eyes,14434
pantyhose_pull,14432
bandaid_on_nose,14428
speed_lines,14426
cake_slice,14419
plaid_bow,14413
power_lines,14374
tail_wagging,14374
hakama_short_skirt,14368
multiple_expressions,14363
asymmetrical_wings,14359
mobile_suit,14352
oversized_object,14347
bare_tree,14336
white_necktie,14331
naval_uniform,14300
holding_lollipop,14278
voice_actor_connection,14273
hatching_(texture),14273
black_cloak,14272
solid_oval_eyes,14267
frilled_collar,14266
mismatched_gloves,14263
mecha_focus,14252
pink_streaks,14234
chest_hair,14219
scissors,14216
holding_ball,14213
pee,14209
frilled_thighhighs,14193
hands_on_own_cheeks,14189
huge_weapon,14189
blue_butterfly,14168
baseball_bat,14150
tailcoat,14123
yellow_fur,14109
mismatched_pupils,14108
tomboy,14105
pregnant,14091
arm_guards,14075
pink_skin,14047
plugsuit_(evangelion),14043
millennium_science_school_logo,14037
two-tone_fur,14035
tail_bow,14030
pink_choker,14027
checkered_floor,14018
robot_joints,14007
grey_vest,14001
symmetrical_docking,13995
zoophilia,13991
bamboo,13979
star_hat_ornament,13953
scar_on_arm,13942
dog_boy,13938
orange_jacket,13937
greaves,13935
floral_print_kimono,13931
rainbow,13928
chalkboard,13925
vertical-striped_shirt,13920
mitakihara_school_uniform,13910
muneate,13882
flat_color,13879
heart_brooch,13869
single_wing,13851
bound_legs,13838
see-through_cleavage,13830
checkered_background,13825
torso_grab,13825
recording,13819
low_neckline,13818
star_in_eye,13815
big_hair,13797
purple_theme,13794
saucer,13781
shorts_under_skirt,13760
multicolored_nails,13758
foreskin,13755
striped_pantyhose,13752
grey_coat,13742
submachine_gun,13741
brown_bag,13724
trait_connection,13719
ball_gag,13713
;o,13705
tate_eboshi,13703
unconventional_maid,13672
pink_boots,13672
floating_object,13671
flower_field,13661
very_sweaty,13655
bra_strap,13649
coffee,13648
standing_split,13633
floating_earrings,13630
cowboy_hat,13629
shiny_pokemon,13628
gradient_eyes,13590
third_eye,13584
purple_shoes,13579
bridge,13576
ear_ribbon,13562
monocle,13550
sheep_horns,13537
hand_on_another's_cheek,13525
single_sock,13521
alien,13519
linea_alba,13515
evening,13508
smoking_pipe,13490
tape,13489
monster_boy,13489
name_connection,13485
greyscale_with_colored_background,13479
deformed,13458
kita_high_school_uniform,13457
purple_halo,13455
sleepy,13451
bruise,13442
watermelon,13440
sunbeam,13389
alternate_hair_length_(shorter),13379
spoken_musical_note,13366
multiple_moles,13365
streaming_tears,13362
red_sleeves,13350
heart_pasties,13344
tasuki,13340
skeleton,13325
pink_pupils,13319
naked_apron,13315
unworn_panties,13305
male_swimwear,13302
sidelighting,13297
sheet_grab,13295
beard_stubble,13295
one-piece_tan,13291
holding_unworn_hat,13245
fur-trimmed_headwear,13237
covered_collarbone,13231
splashing,13221
footwear_bow,13219
cyborg,13199
blinking,13181
idol_clothes,13171
magic_circle,13168
blue_fire,13167
single_leg_pantyhose,13163
1990s_(style),13161
peach,13151
clipboard,13150
traditional_halo,13130
tying_hair,13113
leaf_on_head,13097
arm_belt,13092
bathtub,13086
shouting,13084
barbell_piercing,13080
neck_tattoo,13079
material_growth,13079
black_corset,13055
bra_lift,13050
solid_circle_eyes,13027
nightgown,13025
whistle,13015
grey_hoodie,13006
prosthesis,12999
bestiality,12990
shelf,12978
hand_on_own_stomach,12961
long_sideburns,12953
single_off_shoulder,12947
sticker,12935
aerial_fireworks,12924
bandaged_hand,12923
dripping,12919
pillar,12914
flag_print,12907
long_eyelashes,12892
arm_ribbon,12865
the_pose,12862
motorcycle,12860
heart_print,12855
yellow_hat,12850
sweater_dress,12829
print_gloves,12822
falling_leaves,12817
sandwiched,12816
genderswap_(ftm),12815
dragon_wings,12807
feet_up,12790
pink_necktie,12774
breast_rest,12757
artist_self-insert,12756
multiple_wings,12749
scar_on_chest,12743
between_fingers,12738
poolside,12735
trigger_discipline,12729
red_armband,12718
black_ascot,12717
swivel_chair,12711
jaggy_lines,12697
book_stack,12696
weapon_over_shoulder,12690
partially_unzipped,12686
soaking_feet,12673
egg,12664
striped_socks,12661
plaid_shirt,12654
blood_from_mouth,12647
internal_cumshot,12646
tile_wall,12642
tiger_girl,12610
feeding,12601
obijime,12588
skull_hair_ornament,12587
black_robe,12574
mole_on_neck,12573
crack,12570
purple_lips,12568
grabbing_another's_hair,12548
glaring,12547
military_jacket,12540
brown_bow,12533
fringe_trim,12532
torogao,12513
scroll,12499
yin_yang,12499
medium_skirt,12494
flower-shaped_pupils,12484
fur-trimmed_boots,12474
ice_cream_cone,12467
husband_and_wife,12463
utility_pole,12457
asymmetrical_sleeves,12456
kote,12450
cum_string,12446
demon_boy,12443
orange_dress,12435
adjusting_headwear,12434
blood_splatter,12426
center-flap_bangs,12421
race_queen,12409
tassel_hair_ornament,12404
remote_control_vibrator,12397
fundoshi,12387
green_gem,12387
white_vest,12379
purple_pantyhose,12379
merry_christmas,12376
shoulder_pads,12371
alternate_universe,12367
rice,12367
planted,12363
arthropod_girl,12359
hand_on_another's_chin,12358
reverse_cowgirl_position,12358
fox_shadow_puppet,12340
sniper_rifle,12337
multi-strapped_bikini_bottom,12323
dougi,12321
beer,12314
giantess,12304
cat_ear_headphones,12283
american_flag,12274
beach_umbrella,12263
looking_at_penis,12259
elbow_rest,12243
two-tone_gloves,12243
white_bloomers,12219
cooking,12213
wine,12210
jester_cap,12206
button_gap,12191
suitcase,12190
multiple_belts,12179
holding_shield,12178
red_wings,12173
forehead_protector,12173
convenient_hair,12170
aiguillette,12165
nervous_smile,12161
cardboard_box,12157
chain_necklace,12145
pom_pom_hair_ornament,12137
projectile_cum,12133
long_coat,12130
defeat,12122
baggy_pants,12120
wolf_boy,12111
teamwork_(sexual),12109
single_ear_cover,12090
pink_neckerchief,12065
head_on_pillow,12047
waist_cape,12031
rimless_eyewear,12028
holding_broom,12028
shushing,12020
red_belt,12005
print_panties,11997
dog_tags,11988
orb,11984
lap_pillow,11982
lily_(flower),11974
object_on_head,11972
arms_around_neck,11950
0_0,11944
uterus,11937
broom_riding,11932
netorare,11931
high_heel_sandals,11928
bandaid_on_knee,11920
draph,11916
bra_visible_through_clothes,11907
bikini_bottom_only,11904
maebari,11895
taking_picture,11885
open_hands,11868
grey_shoes,11865
red_headband,11862
bobby_socks,11853
blue_capelet,11845
flower_knot,11836
contrast_collar,11833
slice_of_life,11833
raised_eyebrow,11826
vase,11826
thigh_belt,11800
holding_bowl,11800
waist_bow,11791
paper_lantern,11775
vertical-striped_thighhighs,11770
gap_(touhou),11763
hair_pulled_back,11744
futon,11733
street,11727
frilled_bra,11722
single_pauldron,11722
bride,11720
laptop,11714
punching,11702
frilled_hat,11701
holding_removed_eyewear,11694
animal_on_shoulder,11687
skinny,11678
clothed_male_nude_female,11671
studs,11668
skyscraper,11664
diagonal-striped_necktie,11664
miqo'te,11636
green_panties,11618
father_and_daughter,11603
xd,11597
footjob,11591
midair,11589
holding_box,11587
train_interior,11583
cow_tail,11583
knight,11580
fox,11576
black_armor,11573
wardrobe_malfunction,11553
print_skirt,11538
multi-tied_hair,11536
plaid_vest,11532
hair_over_breasts,11529
pillow_hug,11529
oripathy_lesion_(arknights),11527
spoken_blush,11521
cushion,11521
bow-shaped_hair,11512
multicolored_bodysuit,11510
kogal,11503
d:,11501
school_chair,11500
striped_jacket,11495
chain-link_fence,11486
parted_hair,11469
single_mechanical_arm,11464
beamed_eighth_notes,11461
backboob,11458
heart-shaped_eyewear,11458
green_sweater,11449
purple_hairband,11426
green_theme,11411
skirt_pull,11395
holding_own_skirt,11391
gold_necklace,11387
kariginu,11352
half-closed_eye,11344
squatting_cowgirl_position,11334
multicolored_bikini,11325
red_bra,11309
large_bow,11269
o-ring_choker,11262
bandaid_on_cheek,11260
unworn_jacket,11259
gold_bracelet,11252
multiple_horns,11241
coffee_mug,11232
playing_games,11224
full_armor,11211
reclining,11187
cane,11178
exhibitionism,11178
meat,11161
multicolored_wings,11160
frilled_panties,11159
vertical-striped_dress,11157
holding_axe,11154
steepled_fingers,11150
barcode,11146
boy_on_top,11127
single_elbow_glove,11123
cum_on_ass,11112
blue_overalls,11102
brown_tail,11099
explosive,11095
leaning_on_person,11089
radio_antenna,11085
sideways_mouth,11083
blood_on_weapon,11082
perineum,11072
blue_belt,11065
low-braided_long_hair,11052
yellow_cardigan,11052
striped_skirt,11049
noodles,11048
grey_sailor_collar,11045
rectangular_eyewear,11042
raccoon_girl,11031
iron_cross,11026
food_print,11016
dot_mouth,11010
leather_jacket,11002
pink_shorts,11002
holding_popsicle,10977
grey_cardigan,10976
sakazuki,10970
heart-shaped_food,10962
river,10954
mixed-language_text,10934
purple_leotard,10929
kissing_cheek,10928
notebook,10920
sakuragaoka_high_school_uniform,10916
blue_ascot,10907
star_symbol_background,10905
thigh_holster,10901
amputee,10900
single_shoe,10899
grey_socks,10888
lightning_bolt_symbol,10887
drink_carton,10886
purple_sleeves,10882
flower_wreath,10876
leopard_print,10875
narrowed_eyes,10870
thank_you,10865
on_desk,10856
sleeveless_kimono,10851
updo,10849
wolf,10845
viewfinder,10844
arm_garter,10837
ankle_socks,10822
snout,10820
unworn_skirt,10807
cowlick,10802
nekomata,10800
sweater_lift,10796
hand_on_another's_back,10792
turn_pale,10791
gradient_clothes,10790
company_connection,10781
two-sided_cape,10778
loose_hair_strand,10766
panty_peek,10755
holding_controller,10754
hot,10748
bokeh,10745
holding_scythe,10740
hand_on_own_ass,10738
white_horns,10729
waves,10726
twitching,10719
shopping_bag,10717
dragon_boy,10715
corruption,10698
firing,10695
heart_necklace,10686
mechanical_magical_girl,10681
jiangshi,10652
fucked_silly,10645
bird_ears,10641
manly,10638
tank,10633
heart-shaped_box,10622
red_buruma,10621
octoling,10603
dango,10598
mouse_(animal),10596
black_veil,10589
;p,10587
leotard_under_clothes,10586
pawpads,10585
waistcoat,10575
teardrop,10570
torn_dress,10570
costume_switch,10569
fashion,10563
castle,10555
open_hoodie,10554
cow_print_thighhighs,10549
holding_drink,10546
white_headband,10535
sepia,10522
holding_pom_poms,10521
four-finger_heart_hands,10519
humanoid_robot,10509
bun_with_braided_base,10508
arm_around_shoulder,10507
green_sailor_collar,10502
black_sash,10499
lifting_person,10494
pointing_at_self,10493
colored_inner_animal_ears,10472
ranguage,10467
painterly,10467
blue_wings,10467
white_headdress,10463
unworn_clothes,10452
broken,10443
crystal_wings,10442
ooarai_school_uniform,10432
purple_bra,10422
covering_face,10420
armpit_hair,10414
uwabaki,10413
green_shoes,10413
loose_necktie,10407
high-waist_shorts,10391
competition_school_swimsuit,10391
poster_(object),10389
black_camisole,10389
green_cape,10388
gradient_sky,10373
metal_collar,10367
choppy_bangs,10366
beer_mug,10358
faulds,10356
hypnosis,10355
blue_buruma,10354
plaid_scarf,10350
cum_on_tongue,10348
slime_(substance),10346
policewoman,10329
v_over_eye,10328
collared_coat,10304
white_feathers,10299
red_sclera,10297
yellow_shorts,10297
landscape,10291
aegyo_sal,10271
water_gun,10268
black_lips,10263
pumps,10256
fedora,10255
yellow_shoes,10251
holding_mask,10250
diagonal-striped_bow,10248
abstract_background,10244
fox_boy,10234
single_detached_sleeve,10234
deep_penetration,10225
oppai_loli,10225
holding_towel,10223
bite_mark,10214
improvised_gag,10213
sagging_breasts,10210
shorts_pull,10210
furry_with_non-furry,10198
yellow_pupils,10185
navel_hair,10185
cat_hair_ornament,10174
diamond_button,10170
twisted_torso,10168
orange_(fruit),10165
hand_on_another's_arm,10165
hands_on_own_knees,10158
against_glass,10153
wispy_bangs,10146
purple_vest,10140
wing_ornament,10140
erune,10140
sailor_senshi_uniform,10137
musical_note_hair_ornament,10135
album_cover,10135
plaid_dress,10119
downblouse,10117
heart_choker,10114
blue_fur,10104
hachimaki,10091
frilled_gloves,10044
aqua_shirt,10043
whip,10043
girl_sandwich,10036
tie_clip,10036
track_pants,10034
tight_pants,10032
holding_leash,10031
dark_nipples,10030
orange_bikini,10021
furisode,10018
demon,10016
pink_scarf,10015
high-waist_pants,10010
crotchless,9994
reverse_outfit,9992
drill_sidelocks,9988
v-fin,9983
bikini_bottom_aside,9957
white_cat,9956
over-kneehighs,9933
purple_coat,9928
bone,9927
purple_pants,9922
microphone_stand,9905
flip_phone,9898
o-ring_thigh_strap,9896
uneven_eyes,9889
\m/,9887
loincloth,9881
still_life,9871
trading_card,9869
hand_in_another's_hair,9867
old_school_swimsuit,9861
ambiguous_gender,9857
thong_bikini,9836
kitchen,9833
back_cutout,9829
dark_elf,9829
artistic_error,9826
grey_boots,9826
onigiri,9823
looking_at_animal,9820
purple_rose,9812
pink_petals,9810
multiple_earrings,9804
penguin,9802
ears_down,9793
perspective,9793
red_sailor_collar,9792
triangle,9789
single_hair_streak,9786
yellow_scarf,9773
anal_beads,9764
stomach_tattoo,9752
robot_ears,9752
evil_grin,9746
e.g.o_(project_moon),9729
convenient_leg,9714
long_tongue,9708
mega_pokemon,9700
energy,9699
hand_on_another's_waist,9697
single_sleeve,9690
people,9679
partially_undressed,9678
family,9669
holding_strap,9666
pinky_out,9663
3:,9654
starfish,9653
crow,9650
red_trim,9639
earpiece,9637
two-sided_jacket,9637
orange_sky,9630
revolver,9624
computer_keyboard,9624
yandere,9619
painting_(object),9613
torpedo,9603
??,9598
diagonal_bangs,9593
laurel_crown,9593
zombie,9583
chess_piece,9580
towel_around_neck,9570
autumn,9569
medical_eyepatch,9569
hair_beads,9562
asymmetrical_horns,9559
spotlight,9557
pervert,9552
time_paradox,9541
red_socks,9541
pole,9531
see-through_dress,9526
shirt_pull,9519
colored_tongue,9515
goth_fashion,9513
reverse_bunnysuit,9511
clone,9506
waking_up,9505
sphere_earrings,9503
ear_tag,9502
stage,9501
pubic_hair_peek,9493
thighhighs_under_boots,9492
bra_pull,9484
disembodied_penis,9481
rose_print,9472
pillarboxed,9472
money,9462
mini_wings,9454
horror_(theme),9454
interface_headset_(evangelion),9452
\||/,9451
layered_clothes,9447
santa_dress,9437
tablet_pc,9436
lightning,9420
horn_ribbon,9410
blue_scrunchie,9382
scar_on_nose,9380
heart_background,9371
mother_and_son,9367
grabbing_own_ass,9363
bird_tail,9358
open_door,9352
statue,9325
heart-shaped_chocolate,9325
arm_rest,9325
front_ponytail,9324
green_coat,9315
breast_curtains,9300
boat,9281
black_leggings,9271
engrish_text,9270
animal_feet,9263
road_sign,9261
throne,9257
wine_bottle,9253
suggestive_fluid,9240
winter_coat,9239
reverse_suspended_congress,9239
doorway,9234
muted_colors,9234
aqua_bowtie,9228
blue_sash,9227
nintendo_switch,9226
print_pantyhose,9222
purple_streaks,9222
mixed-sex_bathing,9207
blue_pupils,9200
asymmetrical_footwear,9200
jacket_around_waist,9199
grapes,9189
holding_another's_arm,9182
mole_on_thigh,9178
energy_sword,9177
goggles_on_headwear,9173
breast_lift,9166
drawing_(object),9159
fur_hat,9154
looking_at_phone,9147
hand_on_another's_thigh,9145
machine_gun,9143
demon_slayer_uniform,9130
white_halo,9126
stick,9125
lion_girl,9123
east-west_crossover,9122
hand_on_another's_chest,9108
pointing_up,9103
female_pov,9096
red_cloak,9093
leotard_aside,9089
bicycle,9069
two-tone_skirt,9063
pouring,9061
double_handjob,9057
tracen_training_uniform,9056
animal_penis,9053
bird_girl,9046
holding_dagger,9043
coattails,9035
elbow_pads,9033
bubble_skirt,9030
untied_bikini_top,9030
thorns,9023
twilight,9021
anchor_hair_ornament,9020
paper_fan,9015
black_bridal_gauntlets,9010
take_your_pick,9006
backwards_hat,8995
bandage_over_one_eye,8993
cropped_shoulders,8992
school,8988
facing_to_the_side,8986
shore,8986
locker,8978
chest_belt,8977
aqua_dress,8976
male_masturbation,8974
non-humanoid_robot,8965
crab,8963
beak,8962
pun,8957
hands_on_another's_shoulders,8956
male_maid,8955
halftone_background,8954
white_cloak,8953
playing_video_games,8944
hands_on_another's_face,8944
kotatsu,8943
purple_gem,8932
tomoe_(symbol),8926
tail_ribbon,8922
art_program_in_frame,8915
orgy,8914
baby,8895
mask_pull,8891
brown_horns,8889
striped_scarf,8886
lipstick_mark,8881
pussy_peek,8878
planted_sword,8868
spider_lily,8860
ringlets,8852
purple_wings,8851
holding_doll,8851
no_socks,8849
hands_in_own_hair,8844
grey_fur,8841
power_armor,8837
crowd,8822
arm_hair,8822
breast_tattoo,8821
pointy_hair,8819
prosthetic_arm,8817
tokiwadai_school_uniform,8815
side_cutout,8813
rose_petals,8802
forked_eyebrows,8795
bike_shorts_under_skirt,8790
sake,8780
mechanical_wings,8770
red_scrunchie,8768
crazy_eyes,8767
urethra,8766
orange_nails,8760
dressing,8752
u_u,8750
x-shaped_pupils,8749
pink_sleeves,8747
letter,8745
purple_cape,8745
unmoving_pattern,8741
armchair,8723
on_bench,8721
dress_flower,8720
cable_knit,8714
ring_piercing,8714
soap_bubbles,8712
test_tube,8711
spring_onion,8706
cross_scar,8704
penis_on_face,8699
taut_shirt,8690
unsheathing,8689
robot_girl,8682
strap_pull,8679
reverse_grip,8674
frilled_socks,8674
ceiling,8665
striped_ribbon,8663
pink_leotard,8656
yellow_rose,8655
purple_choker,8653
black_headband,8634
wedgie,8633
snowman,8629
dimples_of_venus,8614
in-franchise_crossover,8614
glitch,8610
fighting,8605
shooting_star,8601
flower_earrings,8600
unworn_mask,8597
otonokizaka_school_uniform,8597
gears,8591
blue_tail,8583
green_scarf,8557
clover,8556
shikishi,8550
white_eyelashes,8547
red_pantyhose,8546
leaf_print,8536
black_cardigan,8533
see-through_veil,8530
peeking_out,8527
spread_anus,8522
damaged,8519
romaji_text,8518
brown_sweater_vest,8510
orange_necktie,8504
blue_pantyhose,8501
no_nipples,8496
ribbed_shirt,8496
reverse_trap,8494
colored_pubic_hair,8492
office_chair,8487
chick,8487
silk,8486
orange_ribbon,8483
bursting_breasts,8483
jar,8478
after_fellatio,8476
pocket_watch,8473
middle_finger,8465
pendant_choker,8459
pink_bag,8458
spoken_squiggle,8454
big_belly,8443
underboob_cutout,8441
green_hairband,8435
ladle,8434
brown_scarf,8426
evolutionary_line,8424
yukkuri_shiteitte_ne,8422
ship,8414
orange_bowtie,8414
breast_suppress,8413
chewing_gum,8411
orange-tinted_eyewear,8411
imminent_rape,8404
thinking,8403
pirate_hat,8395
albino,8394
karakasa_obake,8384
flip-flops,8383
dragon_print,8377
shop,8376
green_sleeves,8373
female_pervert,8366
polka_dot_panties,8364
huge_nipples,8363
penis_awe,8361
butterfly_wings,8358
imminent_vaginal,8343
lake,8341
strapless_bikini,8337
death,8332
frilled_one-piece_swimsuit,8328
crossed_ankles,8327
trench_coat,8327
imagining,8325
stomach_cutout,8324
american_flag_print,8324
locked_arms,8315
naked_ribbon,8310
egg_vibrator,8309
spoken_anger_vein,8291
gold_chain,8285
large_tail,8284
macaron,8284
anal_tail,8276
tower,8267
anus_peek,8260
hydrangea,8260
bleeding,8258
kyuubi,8255
sleeveless_sweater,8244
jirai_kei,8241
bandaged_head,8240
yellow_skin,8235
yume_kawaii,8231
closed_umbrella,8226
green_thighhighs,8225
lower_body,8219
torn_skirt,8205
opaque_glasses,8201
red_rope,8199
lion_tail,8197
poking,8197
purple_boots,8194
feather_hair,8193
taur,8182
purple_shorts,8171
assault_visor,8169
tomato,8163
wrist_ribbon,8161
unworn_helmet,8160
shotgun,8156
envelope,8148
holding_paintbrush,8147
irrumatio,8144
spoken_interrobang,8137
yellow_theme,8136
orange_hat,8135
rabbit_pose,8123
greco-roman_clothes,8122
cow_print_gloves,8108
deepthroat,8107
puddle,8101
business_suit,8101
breast_envy,8098
red-tinted_eyewear,8095
transformation,8094
lying_on_person,8090
pentagram,8087
blue_cardigan,8086
horseshoe_ornament,8082
body_blush,8082
okobo,8080
armpit_peek,8077
glowstick,8075
sleeve_bow,8074
toilet,8074
bear,8071
black_shrug,8065
reflective_liquid,8059
aqua_skirt,8049
quiver,8045
lemon,8042
multicolored_skirt,8019
color_guide,8018
bolt_action,8018
gym_shorts,8017
wet_panties,8015
blue_lips,8013
blue_serafuku,8011
orange_gloves,8006
deer_ears,7998
blowing_bubble_gum,7998
plunging_neckline,7991
grey_panties,7987
folded_fan,7981
large_hat,7977
yellow_kimono,7976
diffraction_spikes,7973
miniboy,7970
finger_gun,7958
garreg_mach_monastery_uniform,7957
flaccid,7956
frilled_wrist_cuffs,7952
inverted_bob,7951
arm_hug,7950
quad_tails,7946
holding_baseball_bat,7945
colored_blood,7940
wolf_cut,7938
suction_cups,7933
upright_straddle,7924
bra_peek,7921
stand_(jojo),7918
purple_sailor_collar,7891
cat_paws,7884
triangle_hair_ornament,7884
lock,7877
mechanical_tail,7876
colorful,7873
hairpods,7870
low-tied_sidelocks,7869
brown_sandals,7858
frilled_kimono,7850
spider_web,7847
cat_hood,7844
hooded_capelet,7839
aroused,7838
after_anal,7837
flashing,7835
dancer,7832
bangs_pinned_back,7820
holding_basket,7812
frilled_capelet,7804
holding_flag,7803
nostrils,7800
grey_sky,7799
debris,7796
whistle_around_neck,7793
reindeer_antlers,7786
arm_around_another's_waist,7766
red_armor,7764
purple_sash,7764
subtitled,7764
fog,7756
mitsudomoe_(shape),7755
white_trim,7754
fat_mons,7752
dress_pull,7751
waterfall,7749
argyle_background,7741
hairy,7740
lowleg_panties,7738
plaid_bowtie,7725
holding_hammer,7713
arm_around_neck,7712
pizza,7711
red_bag,7707
bangboo_(zenless_zone_zero),7702
grabbing_another's_penis,7699
tail_through_clothes,7689
winged_arms,7689
hooded_cape,7683
domino_mask,7683
food_on_body,7683
see-through_silhouette,7682
w_arms,7673
shibari_over_clothes,7672
panty_straps,7668
white_sash,7656
unbuttoned_shirt,7656
cat_cutout,7654
carrot_hair_ornament,7653
towel_on_head,7652
mechanical_legs,7648
kurokote,7644
hose,7639
cracked_skin,7638
paizuri_under_clothes,7635
clothed_pokemon,7634
novelty_censor,7632
too_many,7628
fusion,7623
yellow_horns,7617
yellow_panties,7614
sword_on_back,7611
white_tail,7609
chef_hat,7592
earth_(planet),7582
bone_hair_ornament,7578
clothed_animal,7578
hair_flowing_over,7571
parfait,7563
spacesuit,7556
fruit_print,7552
striped_pants,7542
purple_tail,7540
guro,7540
spacecraft,7540
circle,7537
command_spell,7535
tokusatsu,7533
father_and_son,7531
tengu-geta,7531
energy_gun,7530
white_mask,7526
numbered,7521
multicolored_horns,7521
heart_o-ring,7520
short_bangs,7518
rubber_duck,7515
gourd,7514
cheek-to-cheek,7510
wizard_hat,7503
butt_plug,7501
knees_to_chest,7489
soul_gem_(madoka_magica),7487
shouji,7486
christmas_ornaments,7485
two-tone_bow,7479
sheep_girl,7476
white_scrunchie,7469
holding_cat,7468
star_halo,7462
roots_(hair),7461
holding_behind_back,7450
hagoromo,7446
hair_horns,7445
bikini_top_lift,7445
nontraditional_playboy_bunny,7424
holding_gohei,7424
mandarin_orange,7424
beer_can,7419
small_horns,7413
on_throne,7413
spread_ass,7408
framed_breasts,7408
leg_hair,7404
trident,7397
animal_ear_headwear,7395
flustered,7392
paint_splatter,7390
grabbing_another's_thighs,7388
single_hair_ring,7385
violin,7384
surgical_mask,7382
biting_own_lip,7382
thick_eyelashes,7374
chaldea_master_uniform,7372
glowing_weapon,7367
flexible,7362
sheep_ears,7361
super_saiyan,7351
sandwich,7347
bustier,7344
tongue_piercing,7340
spade_(shape),7336
two-footed_footjob,7325
pink_fur,7325
spread_toes,7322
gloom_(expression),7322
bodypaint,7319
song_name,7316
puckered_lips,7303
sideless_outfit,7302
horizontal_pupils,7295
wa_maid,7293
two-tone_bikini,7292
birthday_cake,7286
:>=,7283
pocky_in_mouth,7279
>:(,7278
single_fingerless_glove,7276
one-piece_swimsuit_pull,7276
fishing_rod,7273
condom_in_mouth,7269
bandaids_on_nipples,7267
covered_face,7266
swimsuit_aside,7261
overskirt,7259
seagull,7256
milk,7255
text_background,7253
drum,7252
pussy_juice_trail,7243
holding_pokemon,7241
goggles_around_neck,7236
shoulder_spikes,7231
pancake,7225
pink_hoodie,7224
finger_to_cheek,7215
strapless_shirt,7215
twitter_logo,7211
egasumi,7211
white_cardigan,7208
black_apron,7204
holding_clipboard,7201
yoga_pants,7201
holding_game_controller,7200
notched_ear,7198
library,7195
obiage,7190
pince-nez,7187
spoken_character,7182
white-framed_eyewear,7182
no_pussy,7181
plectrum,7179
cupcake,7178
skates,7175
turtleneck_dress,7174
white_suit,7171
hair_tie_in_mouth,7166
pink_apron,7161
bag_charm,7155
pussy_juice_stain,7153
letterman_jacket,7153
aiming_at_viewer,7150
yellow_boots,7148
bullet,7145
after_kiss,7145
hand_under_clothes,7145
cat_lingerie,7144
pink_socks,7143
yellow-framed_eyewear,7139
tissue_box,7132
fur-trimmed_hood,7131
orange_shorts,7122
heart_balloon,7113
smelling,7113
sparse_pubic_hair,7113
2023,7111
octopus,7110
piggyback,7103
black_garter_straps,7102
maid_bikini,7099
aqua_neckerchief,7097
latex_bodysuit,7095
1980s_(style),7095
button_badge,7090
milestone_celebration,7089
paper_bag,7081
uneven_horns,7079
sheep,7079
small_penis,7077
duck,7073
talons,7072
blue_bag,7070
au_ra,7062
vegetable,7060
green_hoodie,7051
crescent_earrings,7039
green_boots,7039
red_hoodie,7036
burn_scar,7031
puffy_detached_sleeves,7030
rapier,7029
black_feathers,7026
feather_boa,7022
eyepatch_bikini,7020
holding_guitar,7020
toe_scrunch,7019
hand_on_own_leg,7019
character_profile,7018
microdress,7014
cum_on_legs,7010
black_sweater_vest,7010
brand_name_imitation,7002
white_leg_warmers,6991
holding_smoking_pipe,6987
skin_fangs,6986
romper,6979
borrowed_clothes,6974
two-tone_bodysuit,6971
cage,6961
city_lights,6957
kunai,6954
pokephilia,6947
thigh_pouch,6947
impossible_bodysuit,6946
megaphone,6946
impossible_shirt,6945
>_o,6944
spitroast,6942
2024,6939
cum_pool,6933
pink_pants,6932
unaligned_breasts,6930
latin_cross,6927
briefcase,6927
brown_ribbon,6926
screenshot_inset,6918
wiffle_gag,6918
spanked,6917
heart_facial_mark,6915
sleepwear,6915
bat_print,6911
very_long_tail,6911
yellow_belt,6904
request_inset,6901
hand_over_own_mouth,6899
head_back,6896
swimming,6896
floor,6895
flag_print_bikini,6887
danmaku,6886
flower_pot,6882
stage_lights,6869
purple_serafuku,6869
evening_gown,6863
unworn_bra,6862
bandaged_neck,6858
constellation,6853
cuts,6852
bar_(place),6850
treble_clef,6849
black_scrunchie,6846
side_cape,6842
wide_spread_legs,6839
finger_in_another's_mouth,6836
orange_fur,6832
triangle_earrings,6828
jingasa,6828
fisheye,6820
candy_apple,6820
holding_lantern,6817
ancient_egyptian,6813
bulletproof_vest,6810
magazine_(weapon),6807
throwing,6806
hand_on_another's_hip,6804
sparkle_background,6802
white_headscarf,6795
eastern_dragon,6792
heart_tattoo,6786
upturned_eyes,6780
cosmetics,6777
white_sports_bra,6775
platform_shoes,6770
spider_web_print,6769
leaning,6767
snake_tail,6764
mage_staff,6764
string_of_fate,6762
horned_helmet,6757
popsicle_in_mouth,6756
cheese,6752
ancient_greek_clothes,6751
embers,6749
multiple_braids,6744
1koma,6744
ribbon-trimmed_thighhighs,6742
oversized_shirt,6741
flame-tipped_tail,6735
sailor,6720
unworn_shirt,6716
gown,6714
gloved_handjob,6711
gold_choker,6710
unsheathed,6710
harpy,6710
red_moon,6708
remote_control,6708
frying_pan,6702
holding_syringe,6701
kodomo_doushi,6695
holding_handheld_game_console,6692
tiger,6686
flute,6682
soldier,6678
police_hat,6677
scope,6676
checkered_skirt,6674
stuffed_cat,6674
purple_scarf,6673
instagram_username,6669
holding_arrow,6668
shide,6664
yellow_trim,6663
cum_on_stomach,6662
surreal,6660
prone_bone,6656
blue_horns,6653
nude_cover,6651
bass_guitar,6644
shortstack,6641
black_hanfu,6640
wrench,6640
writing,6639
mechanical_horns,6632
strangling,6630
showering,6630
soccer_uniform,6629
grey_bow,6627
multiple_hairclips,6626
white_hanfu,6625
thong_leotard,6625
petting,6621
pearl_earrings,6619
teacher,6617
gaping,6613
two-handed,6609
purple_bodysuit,6606
harem_outfit,6603
broken_glass,6602
holding_sheath,6602
pointy_nose,6600
green_leotard,6598
calligraphy_brush,6597
striped_sleeves,6594
pink_eyeshadow,6593
multiple_crossover,6591
head-mounted_display,6588
deer_antlers,6587
purple_sky,6587
lily_pad,6584
white_sandals,6577
white_shrug,6576
ceiling_light,6569
scowl,6567
plaid_necktie,6565
hand_on_another's_neck,6562
french_fries,6559
falling_feathers,6559
scar_on_forehead,6556
;q,6553
steamed_bun,6553
fluffy,6552
multiple_4koma,6551
holding_underwear,6547
white_bag,6546
2025,6546
gekkoukan_high_school_uniform,6543
checkered_scarf,6536
sushi,6528
cooperative_fellatio,6527
finger_on_trigger,6527
driving,6519
cat_hat,6516
lance,6510
pill,6500
raincoat,6500
pink_scrunchie,6498
trash_can,6491
train,6489
reverse_upright_straddle,6477
yellow_sash,6477
light_trail,6476
mismatched_footwear,6475
white_nails,6470
tusks,6467
grey_tail,6464
torn_sleeves,6462
multiple_scars,6456
kanzashi,6456
aqua_ribbon,6455
2022,6450
dirty_face,6449
tiger_boy,6445
candlestand,6439
holding_swim_ring,6434
shark_hair_ornament,6430
official_alternate_hair_color,6428
behind_another,6427
holding_another's_leg,6421
banana,6420
happy_halloween,6416
hallway,6414
cream,6412
crescent_pin,6404
bodysuit_under_clothes,6399
on_table,6398
chips_(food),6396
squirrel_ears,6394
on_shoulder,6391
two-tone_swimsuit,6390
cone_horns,6389
bandaid_hair_ornament,6387
mating_press,6386
ribbon-trimmed_skirt,6385
layered_bikini,6384
instant_loss,6381
pink_belt,6380
rooftop,6376
puppet,6374
clover_hair_ornament,6373
assisted_exposure,6373
head_grab,6372
map,6368
under-elbow_gloves,6367
hickey,6364
staring,6364
leg_lock,6363
clothes_in_mouth,6359
blue_apron,6358
white_bird,6358
lamia,6356
chicken,6354
frilled_pillow,6354
banner,6351
sun_symbol,6350
purple_sweater,6347
defloration,6345
tall_female,6344
multicolored_hairband,6342
flower_ornament,6342
holding_sign,6339
goat_ears,6337
jellyfish,6335
fellatio_gesture,6334
strappy_heels,6330
red_bandana,6327
soda_can,6326
afloat,6322
stylus,6316
pink_tail,6316
shrine,6313
piano,6313
nipple_rings,6306
covered_abs,6304
straddling_paizuri,6302
omelet,6300
ship_class_reunion,6297
bikini_tan,6295
humiliation,6293
energy_wings,6291
colored_bangs,6291
swim_trunks,6291
sideways,6278
holding_sack,6278
tsundere,6275
torn_bodysuit,6269
exercising,6265
grey_border,6264
character_print,6263
fewer_digits,6263
brown_capelet,6263
electric_fan,6258
car_interior,6256
employee_uniform,6234
chain_leash,6233
bird_on_head,6231
holding_plectrum,6226
body_freckles,6225
unusually_open_eyes,6225
medal,6224
multicolored_fur,6220
disposable_coffee_cup,6220
emoji,6219
hand_grab,6217
:i,6216
ancient_egyptian_clothes,6215
unamused,6215
lotus,6214
bubble_tea,6213
lace_panties,6212
shoulder_boards,6198
contrail,6198
magazine_cover,6192
polka_dot_bikini,6192
see-through_skirt,6189
toy,6186
in_box,6185
happy_valentine,6184
teardrop_facial_mark,6176
yellow_vest,6174
bound_ankles,6173
ok_sign,6173
argyle_pantyhose,6171
worried,6163
mochi,6160
denim_skirt,6159
diamond_hairband,6158
eyebrow_piercing,6155
tucking_hair,6154
stained_glass,6139
virgin_killer_sweater,6139
feather_earrings,6138
looking_over_eyewear,6136
haneoka_school_uniform,6133
bow_choker,6132
lowleg_bikini,6128
presenting_own_foot,6126
praying,6125
dusk,6125
kindergarten_uniform,6122
red_umbrella,6117
princess,6111
flask,6109
flower_symbol,6109
orange_hairband,6107
string_of_flags,6101
striped_tail,6097
roswaal_mansion_maid_uniform,6097
plastic_bag,6093
red_fur,6091
ejaculating_while_penetrated,6089
fake_phone_screenshot,6089
strap_between_breasts,6084
pompadour,6084
cumulonimbus_cloud,6082
profanity,6081
brown_cape,6079
sleeves_pushed_up,6071
torn_shorts,6070
clitoral_stimulation,6053
partially_shaded_face,6052
torn_cape,6052
purple-tinted_eyewear,6050
cum_on_penis,6048
blue_eyeshadow,6039
triangle_bikini_top,6039
holding_condom,6036
ramen,6035
lineup,6030
basketball_(object),6029
stray_pubic_hair,6029
single_kneehigh,6028
reflection_focus,6025
chest_strap,6023
brown_sailor_collar,6022
needle,6018
seashell,6009
confused,5999
smell,5996
slime_(creature),5994
bandaid_on_arm,5992
green_neckerchief,5986
stitched_face,5983
hands_on_own_head,5981
super_crown,5979
suspender_shorts,5979
aqua_jacket,5969
toon_(style),5968
suspension,5965
squirrel_tail,5964
pudding,5962
diamond_cutout,5952
hiding,5944
user_interface,5941
grey_sleeves,5939
purple_eyeshadow,5938
shovel,5937
hand_on_another's_ass,5935
pink-tinted_eyewear,5935
quill,5931
graffiti,5928
game_console,5925
nipple_bar,5915
public_nudity,5909
blue-framed_eyewear,5909
utaite,5908
newspaper,5901
black_hakama,5893
arch,5884
blue_armor,5883
monkey_tail,5875
screentones,5873
food_on_head,5873
grey_horns,5872
grey_kimono,5866
tally,5859
twitching_penis,5858
ring_light_reflection,5856
segmented_comic,5854
mohawk,5850
cross-laced_dress,5844
fluffy_hair,5842
black_rose,5842
lace-trimmed_dress,5840
adam's_apple,5834
dice,5832
hill,5829
cuddling,5828
collage,5828
holding_ice_cream,5825
paw_shoes,5824
daisy_(flower),5824
blank_censor,5824
striped_horns,5821
yellow_hoodie,5818
ice_cube,5817
crazy_smile,5817
crotch_rope,5816
school_emblem,5816
heart_hands_duo,5815
corpse,5809
bat_hair_ornament,5807
untied_bikini_bottom,5807
back_tattoo,5807
green_bra,5806
multicolored_shoes,5804
red_tattoo,5800
chinese_knot,5797
ruffle_bikini,5797
uneven_gloves,5796
kiseru,5791
snot,5790
multiple_bracelets,5787
black_pubic_hair,5778
nijigasaki_school_uniform,5778
owl,5776
furry_with_furry,5772
qingdai_guanmao,5771
sleep_mask,5765
diagonal-striped_bowtie,5764
nightcap,5763
flats,5763
horned_headwear,5762
scratches,5761
matching_outfits,5759
arched_bangs,5758
orange_neckerchief,5758
speaker,5755
mascara,5751
cigar,5751
halo_behind_head,5747
four-leaf_clover,5747
skirt_suit,5744
jealous,5742
title,5738
deer_girl,5737
fishnet_top,5733
untucked_shirt,5728
screaming,5727
arm_held_back,5723
rabbit_boy,5721
twirling_hair,5719
yellow_coat,5719
missing_legwear,5714
drumsticks,5712
mp3_player,5708
grey-framed_eyewear,5707
attacking_viewer,5706
purple_horns,5700
chainsaw,5700
tokyo-3_middle_school_uniform,5698
snowflake_print,5690
tulip,5690
aqua_bikini,5689
earbuds,5687
eastern_dragon_horns,5686
path,5684
dreadlocks,5683
pink_pajamas,5680
computer_mouse,5674
brown_socks,5673
open_dress,5673
aran_sweater,5656
on_lap,5654
fanbox_username,5653
cheating_(relationship),5652
spread_fingers,5651
2021,5651
multicolored_halo,5650
slime_girl,5645
veiny_arms,5643
white_armor,5642
slave,5640
lifting_another's_clothes,5635
looking_at_mirror,5626
character_hair_ornament,5620
high_side_ponytail,5612
nose_piercing,5611
grenade,5604
condom_on_penis,5602
pink_coat,5600
adjusting_swimsuit,5600
platform_boots,5597
blue_trim,5595
mouth_veil,5593
ryouou_school_uniform,5591
impregnation,5588
alternate_skin_color,5587
bullpup,5584
pinching,5580
rabbit_hood,5580
bread_slice,5578
long_shirt,5567
gas_mask,5567
party_hat,5565
holding_pencil,5564
clothes_hanger,5564
sink,5559
thigh_sex,5557
hooves,5556
brown_hairband,5556
beach_towel,5552
rudder_footwear,5550
korean_clothes,5549
single_hair_tube,5542
candy_cane,5540
riding_crop,5539
squirrel_girl,5535
hugging_doll,5534
dove,5532
crossed_bandaids,5523
frogtie,5522
instrument_case,5521
goldfish,5519
blue_hakama,5515
pussyjob,5510
yellow_scrunchie,5510
left-handed,5509
smokestack,5509
orange_kimono,5507
open_shorts,5495
cat_print,5491
;3,5485
multicolored_swimsuit,5480
gold_ring,5479
rug,5468
attack,5467
perky_breasts,5467
gold_armor,5466
cropped_vest,5456
inset_border,5455
toothbrush,5454
uchiwa,5452
bloom,5451
purple_belt,5451
panther_ears,5445
shako_cap,5443
rubbing_eyes,5443
horseback_riding,5442
scar_on_neck,5441
censored_nipples,5439
duel,5438
belly_chain,5436
desert,5434
o-ring_bottom,5434
heart-shaped_pillow,5432
multicolored_leotard,5432
figure,5426
lotion,5424
wet_swimsuit,5424
holding_cane,5418
blowing_kiss,5416
restaurant,5416
neck_ruff,5414
yellow_bag,5413
single_gauntlet,5409
pantylines,5408
surrounded_by_hands,5408
spill,5407
sticker_on_face,5402
shark,5401
sake_bottle,5398
print_bow,5396
cellphone_photo,5387
covering_own_eyes,5387
caught,5383
fanny_pack,5379
grey_necktie,5375
yellow_sweater_vest,5375
undersized_clothes,5374
red_hands,5373
no_lineart,5372
moss,5372
fish_hair_ornament,5370
snowflake_hair_ornament,5352
grey_neckerchief,5349
multicolored_shirt,5346
hair_ears,5345
come_hither,5344
legwear_garter,5342
hip_bones,5341
hands_on_another's_head,5337
stethoscope,5337
locker_room,5337
photo_inset,5336
purple_umbrella,5333
orange_pants,5333
naked_jacket,5331
heart_in_mouth,5329
sitting_on_face,5321
textless_cover_page,5320
sleeve_garter,5318
head_on_another's_shoulder,5318
peeing_self,5316
abstract,5312
wife_and_wife,5311
lifebuoy,5311
fish_girl,5309
blue_armband,5309
teardrop_earrings,5306
musical_staff,5306
orange_shoes,5305
bare_hips,5304
american_flag_bikini,5301
dirty_clothes,5298
heart_button,5296
loose_belt,5295
mismatched_bikini,5294
orange_theme,5292
cold,5287
dessert,5284
flight_deck,5276
paint,5276
curled_fingers,5275
green_choker,5274
carpet,5274
wedding,5274
striped_shorts,5272
bow_bikini,5272
braided_twintails,5271
kabedon,5270
yellow_thighhighs,5267
different_reflection,5263
holding_stick,5250
cat_ear_hairband,5249
greatsword,5248
arabian_clothes,5245
combat_helmet,5244
thrusters,5242
frilled_ribbon,5240
church,5239
orc,5239
neckwear_grab,5237
backless_leotard,5226
blur_censor,5225
baseball_uniform,5220
sunburst,5214
pink-framed_eyewear,5211
ladder,5211
ammunition,5209
watson_cross,5205
fur_scarf,5205
sode,5199
object_namesake,5198
running_bond,5195
grey_belt,5192
roman_numeral,5190
you_gonna_get_raped,5180
chained,5179
uranohoshi_school_uniform,5178
brown_necktie,5175
rubber_boots,5170
purple_capelet,5161
deviantart_username,5159
see-through_leotard,5158
burning,5157
no_jacket,5152
faux_traditional_media,5151
clothed_female_nude_female,5146
lounge_chair,5144
milk_bottle,5138
in_tree,5138
fivesome,5135
club_(weapon),5134
green_socks,5131
bow_legwear,5130
skewer,5127
steering_wheel,5123
drawing_(action),5122
cropped_hoodie,5116
mustache_stubble,5114
over-rim_eyewear,5110
hands_on_own_thighs,5105
panther_girl,5104
holding_scissors,5104
flexing,5103
fake_wings,5103
white_garter_straps,5100
pink_border,5096
patterned_background,5095
patch,5095
group_picture,5094
lip_piercing,5094
laevatein_(touhou),5092
buck_teeth,5088
feather_trim,5087
binoculars,5087
pillbox_hat,5087
bento,5086
side_up_bun,5085
space_helmet,5081
lemon_slice,5075
stiletto_heels,5073
capri_pants,5073
pyrokinesis,5072
monsterification,5070
shower_head,5069
fake_cover,5065
rabbit_print,5061
light_bulb,5060
after_ejaculation,5059
holding_sex_toy,5054
champagne_flute,5054
tombstone,5053
playing_with_own_hair,5051
green_lips,5051
sunrise,5051
fur_coat,5046
false_smile,5046
safety_pin,5045
eyebrow_cut,5045
blue_collar,5039
grabbed_by_tentacles,5034
broken_horn,5034
finger_to_own_chin,5030
mechabare,5030
reflective_floor,5029
wide_ponytail,5027
blood_from_eyes,5024
neon_trim,5014
ovum,5012
plantar_flexion,5010
eyewear_strap,5007
wooden_table,5007
full_beard,5006
cocktail_glass,5004
submerged,5003
grimace,5001
cousins,4997
shell_casing,4995
licking_finger,4992
shaved_ice,4992
mole_on_cheek,4989
ghost_tail,4988
full_nelson,4988
open_robe,4986
tiger_stripes,4983
onee-loli,4983
veiny_breasts,4982
cliff,4980
sweaty_armpits,4978
spatula,4976
skull_and_crossbones,4974
hand_on_another's_stomach,4967
shrimp,4965
pirate_costume,4962
red_one-piece_swimsuit,4961
starry_sky_print,4954
ornate_border,4953
breast_bondage,4952
blonde_streaks,4943
lace_bra,4934
heart_maebari,4933
head_only,4932
skull_print,4931
in-universe_location,4929
blue_border,4926
transparent_umbrella,4925
ass_ripple,4922
multicolored_thighhighs,4922
tribadism,4921
shirt_tug,4919
goatee_stubble,4918
brown_theme,4915
blue-tinted_eyewear,4913
drinking_straw_in_mouth,4910
cloth_gag,4910
vertical-striped_skirt,4910
grey_scarf,4908
jackal_ears,4906
bandage_on_face,4905
striped_sweater,4904
no_eyewear,4904
gold_armlet,4902
hitachi_magic_wand,4898
fetal_position,4893
vibrator_under_clothes,4888
mole_under_each_eye,4876
red_sky,4874
strawberry_shortcake,4870
ribbed_dress,4869
barcode_tattoo,4866
side_part,4865
horn_hairband,4863
breastless_clothes,4859
corded_phone,4855
pink_vest,4855
high_contrast,4855
panda,4852
mechanical_hands,4852
loose_bowtie,4851
holding_weapon_behind_back,4851
star_facial_mark,4850
turnaround,4846
holding_panties,4844
gauze,4844
holding_pillow,4842
moonlight,4840
counter,4838
black_hood,4835
brown_corset,4833
pearl,4828
butterfly_print,4828
balcony,4825
open-toe_boots,4822
object_head,4818
studded_belt,4814
whipped_cream,4813
winding_key,4809
tied_up_(nonsexual),4808
girthy_penis,4808
impending_doom,4807
stripper_pole,4806
horn_bow,4806
reach-around,4804
ofuda_on_clothes,4802
pillow_grab,4801
pastel_colors,4800
town,4794
swirl_lollipop,4793
spreading_another's_pussy,4791
fertilization,4790
bird_on_hand,4788
helm,4785
possessed,4785
quarter_note,4783
orange_scarf,4783
bamboo_forest,4782
adjusting_gloves,4781
winged_helmet,4780
3others,4778
swing,4778
flower_tattoo,4776
pink_bodysuit,4775
american_flag_legwear,4774
white_romper,4771
sleeveless_coat,4770
bat_ears,4768
red_hood,4765
rough_sex,4764
pointing_at_another,4761
turtleneck_leotard,4759
cooking_pot,4758
5koma,4757
pink_pantyhose,4757
thick_lips,4754
yellow_pants,4754
selfcest,4752
ankle_ribbon,4751
milk_carton,4749
asymmetrical_sidelocks,4747
boxing_gloves,4743
video_game_dialogue_box,4742
yunomi,4741
o3o,4740
holding_water_gun,4733
too_many_watermarks,4729
star_necklace,4729
vending_machine,4727
pulling_another's_clothes,4722
white_serafuku,4722
gold_crown,4721
ammunition_pouch,4715
soccer_ball,4714
fur-trimmed_skirt,4714
uneven_sleeves,4713
bowl_cut,4712
tarot,4712
goat_girl,4712
pig,4712
linear_hatching,4709
futa_with_male,4708
grey_bodysuit,4707
duffel_bag,4706
asticassia_school_uniform,4704
spiked_choker,4700
cervix,4700
plaid_pants,4699
tsukinomori_school_uniform,4696
green_apron,4695
sleeping_on_person,4694
scar_on_stomach,4690
holding_balloon,4689
tape_gag,4687
goblin,4686
gold_hairband,4680
holding_whip,4675
wrinkled_skin,4672
plum_blossoms,4672
holding_unworn_helmet,4671
instant_noodles,4668
afro,4666
cafe,4665
multiple_piercings,4663
white_snake,4659
cross_print,4655
roller_skates,4655
missing_halo,4654
disembodied_head,4652
star_choker,4650
blue_robe,4646
against_railing,4644
shoe_dangle,4642
sweatpants,4641
what,4641
talisman,4641
licking_nipple,4638
peeking,4635
plaid_jacket,4634
brown_kimono,4633
constellation_print,4633
orange_bodysuit,4631
giving,4630
mop,4629
inverted_cross,4629
surfboard,4628
japari_symbol,4628
pink_wings,4625
playing_sports,4623
animal_bag,4622
purple_fur,4621
bear_girl,4620
shared_clothes,4617
bisexual_female,4615
american_flag_dress,4615
stuck,4614
calendar_(object),4611
mirror_selfie,4611
melting,4610
forked_tongue,4609
two-sided_coat,4607
handsfree_ejaculation,4604
hands_in_opposite_sleeves,4603
blue_headband,4600
drone,4596
teasing,4595
skirt_tug,4594
industrial_piercing,4590
fried_egg,4582
breasts_on_glass,4581
hatsuboshi_gakuen_school_uniform,4580
very_long_fingernails,4579
collared_cape,4579
deerstalker,4579
sigh,4576
darkness,4574
stationary_restraints,4569
paddle,4566
oversized_animal,4564
nanamori_school_uniform,4561
pink_collar,4558
no_feet,4556
footprints,4555
lace-trimmed_sleeves,4552
striped_bra,4548
ribbon-trimmed_collar,4545
fiery_hair,4545
2026,4543
magatama_necklace,4543
head_between_breasts,4540
nape,4539
arm_wrap,4537
horse_penis,4536
white_theme,4535
no_sclera,4534
walk-in,4532
buzz_cut,4532
sailor_bikini,4530
glowing_sword,4528
turtle_shell,4528
holding_unworn_shoes,4525
fleeing,4525
tactical_clothes,4521
turban,4517
padlock,4517
purple_hoodie,4512
headlamp,4509
crossdressing_(ftm),4504
gradient_dress,4502
lipstick_tube,4502
hawaiian_shirt,4495
keyhole,4495
morning,4492
real_world_location,4492
bandaid_on_pussy,4492
thumb_ring,4491
excalibur_(fate/stay_night),4488
alley,4485
battery_indicator,4483
art_tools_in_frame,4482
halter_shirt,4479
asphyxiation,4479
nose_bubble,4478
sweets,4477
negligee,4475
enpera,4474
winged_hat,4473
blue_cloak,4468
multicolored_coat,4467
canon_event,4466
birdcage,4464
shimakaze_(kancolle)_(cosplay),4463
poke_ball_print,4458
blue_tongue,4457
cyberpunk,4457
flame_print,4456
square_4koma,4454
sleep_molestation,4454
neck_fur,4452
bit_gag,4452
clothes_down,4451
chandelier,4450
butler,4450
ribbed_socks,4449
thigh_cutout,4449
tail_wrap,4448
hands_on_lap,4445
volleyball_(sport),4439
shading_eyes,4434
hand_on_eyewear,4433
baguette,4431
muscular_arms,4430
carrying_over_shoulder,4430
school_hat,4427
age_progression,4427
potato_chips,4426
hooded_robe,4425
overcast,4424
mesugaki,4423
anal_fingering,4421
ace_(playing_card),4420
talking_on_phone,4419
bow_(music),4412
pencil_dress,4410
utility_belt,4409
phimosis,4406
hand_tattoo,4404
toast,4402
puffy_shorts,4400
typo,4399
gorget,4397
hand_on_hilt,4397
footjob_with_legwear,4391
shoulder_carry,4391
6+others,4389
arm_armor,4388
omurice,4385
ouji_fashion,4385
whisk,4385
tangzhuang,4385
bow_earrings,4383
white_hood,4381
fold-over_boots,4381
mallet,4381
armpit_focus,4377
oc_x_canon,4372
coral,4371
magnifying_glass,4369
obliques,4368
fake_antlers,4366
2020,4361
breast_focus,4360
frilled_cuffs,4357
eye_trail,4355
slap_mark,4352
bird_legs,4349
blueberry,4348
hakama_pants,4347
russian_text,4342
bear_hair_ornament,4340
looking_at_food,4340
under_table,4336
flaming_eye,4334
trefoil,4334
no_dickey,4333
penis_out,4333
hamster,4327
heel_up,4327
blue_helmet,4325
rod_of_remorse,4324
mars_symbol,4322
plaid_background,4322
cube,4319
shoelaces,4318
cheek_poking,4316
crotchless_panties,4313
creature_and_personification,4312
jewel_under_eye,4312
harem,4310
sleeping_upright,4310
walkie-talkie,4309
one-eyed_mecha,4309
holding_brush,4307
fur-trimmed_cloak,4307
colored_shoe_soles,4300
black_tiara,4299
beam_rifle,4299
yellow_choker,4296
black_male_underwear,4295
creator_connection,4294
sketchbook,4291
palms_together,4289
happy_tears,4288
melting_popsicle,4288
chest_bow,4285
tickling,4283
palm_leaf,4282
middle_ring,4281
demon_(megami_tensei),4279
spilling,4276
platform_heels,4274
drop-shaped_pupils,4274
porkpie_hat,4273
cheek_pinching,4268
office,4268
claw_(weapon),4266
bruise_on_face,4264
inflatable_toy,4259
crepe,4258
pink_one-piece_swimsuit,4258
pink_blood,4258
neck_flower,4256
paradis_military_uniform,4255
hanasakigawa_school_uniform,4249
tuxedo,4248
bandaid_on_hand,4247
large_testicles,4246
juice_box,4245
eye_focus,4243
santa_bikini,4243
black_garter_belt,4241
censored_identity,4239
knees_apart_feet_together,4236
world_war_ii,4232
round_border,4230
bomber_jacket,4230
shoulder_strap,4229
orange_thighhighs,4228
hiphighs,4227
braided_sidelocks,4227
plaid_hat,4225
holstered,4222
blood_in_hair,4221
shower_(place),4221
chainmail,4219
egg_(food),4218
faux_retro_artstyle,4216
window_shadow,4215
plaid_bikini,4215
magazine_(object),4214
blue_tunic,4210
banknote,4210
squirrel,4209
hadanugi_dousa,4208
index_fingers_together,4205
scepter,4202
eraser,4201
industrial_pipe,4200
butterfly_on_hand,4200
halloween_bucket,4197
wrestling_outfit,4195
yellow_wings,4195
aqua_trim,4194
side_ahoge,4193
disgust,4193
hexagram,4191
refrigerator,4189
taut_dress,4188
striped_arm_warmers,4188
zombie_pose,4187
purple_rope,4187
floating_cape,4186
fine_art_parody,4186
print_bowtie,4183
ankle_cuffs,4182
dust,4181
impossible_dress,4180
grey_sports_bra,4180
yellow_feathers,4178
yellow_cape,4178
yellow_sleeves,4175
red_petals,4174
rice_bowl,4173
pant_suit,4172
shuriken,4170
watermark_grid,4169
blue_sclera,4169
leaning_on_object,4168
leotard_pull,4166
rocket_launcher,4165
jersey,4159
hands_on_another's_cheeks,4158
wire,4157
metal_hairband,4154
turtle,4154
cave,4153
smiley_face,4152
mummy_costume,4151
tricorne,4150
vial,4149
star_brooch,4148
insignia,4145
drawer,4144
white_corset,4144
nail_(hardware),4139
boxers,4137
two-tone_hairband,4137
black_armband,4135
colored_shadow,4135
black_buruma,4132
guitar_case,4132
dalachi_(headdress),4129
holding_own_leg,4129
mismatched_pubic_hair,4125
frilled_shorts,4124
team_rocket,4121
keyboard_(instrument),4121
nape_braid,4119
instagram_logo,4117
naked_sweater,4111
cherry_blossom_print,4110
cabinet,4109
impossible_leotard,4103
cropped_sweater,4100
rubble,4099
digitigrade,4097
spinning,4092
cutout_above_navel,4091
key_necklace,4091
black_tube_top,4090
curly_eyebrows,4087
fur-trimmed_kimono,4086
steam_censor,4084
white_male_underwear,4084
pink_sailor_collar,4084
yellow_socks,4080
zero_suit,4079
naoetsu_high_school_uniform,4077
tokkuri,4075
patchwork_skin,4073
sparks,4072
groin_tendon,4072
x_(symbol),4070
scar_on_leg,4069
dress_shoes,4067
naked_bandage,4066
incoming_gift,4065
thigh_ribbon,4061
lion_boy,4058
sweater_around_waist,4058
dynamic_pose,4055
lapel_pin,4053
kitauji_high_school_uniform,4050
on_swing,4050
g-string,4046
sparkler,4044
chicken_(food),4042
stole,4041
white_mouth,4040
seamed_legwear,4037
black_helmet,4037
dinosaur,4031
curry,4031
red_tail,4029
jersey_maid,4029
red_helmet,4029
purple_ascot,4028
side-tie_leotard,4028
qr_code,4022
brushing_hair,4021
fourth_wall,4021
health_bar,4020
cameo,4019
shoulder_belt,4019
tooth_necklace,4016
latex_gloves,4010
triforce,4009
eyewear_on_headwear,4001
green_flower,4001
torch,3996
dreaming,3994
finger_heart,3990
fur-trimmed_collar,3989
orange_slice,3988
purple_fire,3984
cat_ear_panties,3982
poker_chip,3982
see-through_body,3981
holding_leaf,3980
covering_nipples,3980
skyline,3980
window_blinds,3976
tanuki,3973
solid_eyes,3972
holding_fireworks,3971
onahole,3971
overall_shorts,3970
starry_sky_background,3968
comb,3968
two-tone_leotard,3967
red_mask,3965
tight_shirt,3965
pastry,3964
millennium_cheerleader_outfit_(blue_archive),3963
puffy_pants,3962
purple_socks,3962
gae_bolg_(fate),3962
pond,3961
suit_pants,3960
barrel,3960
leg_belt,3959
polka_dot_dress,3959
tree_shade,3958
frilled_headwear,3958
penis_size_difference,3957
pixiv_username,3955
vertical-striped_pantyhose,3955
starter_pokemon_trio,3953
black_wrist_cuffs,3952
chemise,3951
arm_cutout,3950
holding_tablet_pc,3950
spring_(season),3949
holding_ladle,3949
wooden_fence,3948
green_tunic,3948
multiple_drawing_challenge,3947
implied_yuri,3947
wreath,3947
desk_lamp,3945
biker_clothes,3944
torpedo_tubes,3942
redesign,3940
fangs_out,3939
kuromorimine_military_uniform,3938
smoke_trail,3937
torn_jeans,3935
ufo,3933
front_slit,3932
animal_ear_hood,3931
green_capelet,3929
polo_shirt,3927
loose_clothes,3926
excessive_cum,3925
if_they_mated,3925
brown_cloak,3924
pool_ladder,3923
look-alike,3922
prostitution,3922
pet_play,3922
caustics,3921
manga_(object),3921
blood_stain,3921
circle_name,3921
through_clothes,3918
battle_axe,3916
pale_colors,3913
holding_ice_cream_cone,3912
brown_bowtie,3912
samurai,3908
breast_slip,3907
linked_piercing,3907
bad_feet,3907
arm_blade,3904
brown_apron,3904
carrot_necklace,3900
alternate_headwear,3895
sleeve_ribbon,3895
hair_extensions,3895
kalashnikov_rifle,3894
white_tube_top,3894
sitting_on_stairs,3893
countdown,3892
spoken_sweatdrop,3892
sideburns_stubble,3890
cum_on_male,3888
energy_ball,3888
two-tone_one-piece_swimsuit,3887
electrokinesis,3886
two-tone_ribbon,3886
red_tank_top,3886
alternate_legwear,3883
leather_belt,3882
color_connection,3881
pear-shaped_figure,3881
gem_uniform_(houseki_no_kuni),3880
yasogami_school_uniform,3879
multicolored_bow,3879
orange_skin,3877
liquid,3877
unconscious,3876
lycoris_uniform,3876
green_fur,3876
wooden_wall,3873
racket,3873
xiao_guan_(headdress),3870
shoulder_sash,3870
finger_in_own_mouth,3870
bucket_hat,3869
traffic_light,3866
pink_camisole,3865
drawing_bow,3865
livestream,3864
wrist_bow,3862
faucet,3861
pink_gem,3861
feeding_viewer,3858
flat_ass,3858
sanshoku_dango,3858
oni_mask,3858
striped_kimono,3857
wrist_guards,3857
watering_can,3855
menu,3854
spider,3854
orange_hoodie,3853
hikimayu,3852
dark_anus,3851
naked_coat,3849
trumpet,3848
aqua_halo,3845
panther_tail,3845
pain,3844
fur-trimmed_shorts,3843
alarm_clock,3842
orange_scrunchie,3841
ankle_strap,3840
buttoned_cuffs,3840
brown-framed_eyewear,3839
wooden_bucket,3838
shoulder_peek,3834
mechanical_ears,3832
drawing_tablet,3831
respirator,3826
short_sword,3826
ankle_lace-up,3826
commissioner_name,3825
pink_capelet,3824
layered_kimono,3823
leg_armor,3823
park_bench,3821
power_symbol,3821
cloud_print,3821
donut_hair_bun,3817
fish_(food),3814
green_bodysuit,3813
pinstripe_jacket,3810
pink_horns,3810
pink_cape,3810
column,3809
strap-on,3808
head_down,3805
official_alternate_color,3800
male_playboy_bunny,3797
projected_inset,3796
whale,3794
rei_no_himo,3791
open_bra,3789
green_bag,3789
exhausted,3789
crescent_print,3788
traditional_nun,3787
hair_lift,3786
suppressor,3781
poke_ball_symbol,3779
head_on_hand,3777
vertical-striped_jacket,3776
baseball_(sport),3775
strapless_bra,3774
spanking,3770
bodice,3769
board_game,3768
hair_brush,3768
tentacle_pit,3768
hyur,3766
fishnet_gloves,3763
cum_on_feet,3762
furrification,3761
multiple_weapons,3758
satchel,3756
striped_headwear,3756
white_umbrella,3754
black_hands,3753
blank_speech_bubble,3752
runny_makeup,3750
single_pantsleg,3749
purple_neckerchief,3748
futanari_masturbation,3743
bikini_bottom_pull,3742
bomb,3740
meiji_schoolgirl_uniform,3738
spiked_armlet,3735
molestation,3735
variations,3733
grey_hairband,3733
fine_fabric_emphasis,3731
year_of_the_rabbit,3730
opening_door,3730
pixiv_id,3727
cetacean_tail,3725
red_apron,3722
pov_doorway,3721
marker,3721
face_to_breasts,3721
sports_car,3720
chewing,3718
inflation,3716
hand_puppet,3714
pinstripe_shirt,3714
hair_on_horn,3714
cyclops,3713
fighter_jet,3712
old_woman,3712
streamers,3711
cupless_bra,3709
69,3708
folding_chair,3707
have_to_pee,3707
beamed_sixteenth_notes,3707
through_wall,3706
pokedex_number,3704
bondage_outfit,3703
green-framed_eyewear,3701
east_asian,3701
grey_bra,3699
multiple_swords,3699
crew_neck,3698
orange_tail,3698
drying,3697
tripping,3695
v-shaped_eyes,3695
white_lily,3694
torn_leotard,3684
ryona,3684
red_cross,3682
chaps,3681
lizard_tail,3680
two-tone_shoes,3677
claw_ring,3677
excessive_pubic_hair,3674
timestamp,3673
see-through_legwear,3672
plate_armor,3670
excited,3670
coif,3669
wind_chime,3668
letter_hair_ornament,3668
game_screenshot_inset,3666
bird_on_shoulder,3666
crosswalk,3664
mole_on_ass,3662
spooning,3662
prayer_beads,3658
broken_halo,3657
green_tail,3656
hand_on_another's_leg,3656
seigaiha,3655
short-sleeved_jacket,3652
k-pop,3648
trick_or_treat,3645
ugly_bastard,3641
champion's_tunic_(zelda),3639
strawberry_print,3638
breath_weapon,3636
yellow-tinted_eyewear,3634
sweaty_breasts,3633
circle_skirt,3633
blue_pajamas,3633
blue_feathers,3630
hollow_eyes,3630
puckered_anus,3628
condom_packet_strip,3628
triangle_facial_mark,3628
print_jacket,3627
holly,3625
brown_wings,3625
feather-trimmed_sleeves,3625
overgrown,3624
ushanka,3624
naked_shoes,3624
konohagakure_symbol,3623
3d_background,3622
caterpillar_tracks,3618
ainu_clothes,3616
cheek_press,3616
spoken_object,3615
poncho,3614
standing_on_liquid,3610
blue_tabard,3609
beckoning,3608
orange_halo,3606
railroad_tracks,3605
video_camera,3603
fake_facial_hair,3603
checkered_kimono,3602
real_life_insert,3601
2019,3601
implied_futanari,3600
wheelchair,3600
festival,3597
cum_on_hands,3594
pacifier,3594
screen,3591
yellow_apron,3590
crt,3589
sports_bikini,3588
stab,3587
d-pad,3584
open_pants,3583
pov_across_table,3583
taiyaki,3583
grey_ribbon,3582
neon_lights,3582
undone_necktie,3581
holding_megaphone,3581
bilingual_text,3576
unworn_socks,3576
nail_art,3575
impaled,3574
hand_on_own_shoulder,3573
pocky_day,3573
blood_on_knife,3573
holding_fishing_rod,3572
chocolate_on_body,3572
blunt_tresses,3572
lion,3571
basketball_(sport),3568
cross-laced_shoes,3568
yellow_bra,3567
cardigan_around_waist,3566
yellow_armband,3565
choko_(cup),3564
sprite,3563
stone_wall,3561
star_sticker,3560
column_lineup,3559
prosthetic_leg,3557
unworn_boots,3548
ink,3547
shared_scarf,3543
lettuce,3542
blood_on_arm,3540
pulling,3539
hakama_shorts,3538
text-only_page,3538
volleyball_uniform,3534
tail_bell,3534
sweet_potato,3533
curtain_grab,3532
surprise_kiss,3529
coin_on_string,3529
frilled_sailor_collar,3528
hand_on_own_neck,3527
instrument_case_on_back,3527
multiple_condoms,3527
concert,3526
intravenous_drip,3525
sunflower_hair_ornament,3524
mace,3524
wisteria,3521
clawed_gauntlets,3519
gun_sling,3517
hair_through_headwear,3515
twincest,3514
foliage,3513
half-siblings,3511
tam_o'_shanter,3509
orange_choker,3507
bat_girl,3504
frilled_leotard,3503
german_clothes,3503
monkey,3499
imminent_fellatio,3497
cross-laced_sleeves,3497
undressing_another,3496
pokemon_on_head,3495
priest,3494
tennis_uniform,3492
pole_dancing,3491
horns_through_headwear,3490
skull_earrings,3490
truck,3488
spread_wings,3488
holding_burger,3486
waist_sash,3485
dotted_line,3485
necktie_grab,3484
orange_vest,3482
pie,3480
after_paizuri,3479
see-through_jacket,3477
holding_beachball,3475
year_of_the_tiger,3475
ballerina,3474
chibikemo,3473
rotational_symmetry,3473
dark_aura,3473
jimiko,3472
chasing,3470
twitter_x_logo,3469
juban,3466
floating_headgear,3466
anilingus,3465
purple_veil,3464
black_arm_warmers,3463
sweatband,3463
camellia,3460
untied_panties,3458
tail_around_own_leg,3457
ribbon_in_braid,3454
plant_girl,3453
nengajou,3452
yellow_tail,3451
oversized_food,3451
mimikaki,3449
ring_hair_extensions,3448
group_name,3447
yugake,3446
venus_symbol,3445
broken_heart,3445
simple_bird,3442
wrestling,3439
fishing,3438
prehensile_tail,3437
baseball_mitt,3436
open-chest_sweater,3435
holding_unworn_jacket,3435
._.,3433
cheering,3432
patterned_hair,3432
potion,3432
youkai_(youkai_watch),3432
lop_rabbit_ears,3431
half_up_half_down_braid,3430
hairdressing,3428
holding_chocolate,3428
sig_sauer,3428
open_window,3425
animal_hug,3424
product_placement,3418
shark_hood,3418
layered_shirt,3417
bear_boy,3415
holding_notebook,3414
bud,3413
ghost_costume,3412
eastern_dragon_tail,3411
striped_gloves,3408
destruction,3406
single_braided_sidelock,3406
lyrics,3402
star_ornament,3402
elbow_carry,3401
briefs,3400
tablecloth,3400
sex_machine,3400
voice_actor,3399
holding_drink_carton,3394
digging_your_own_grave,3394
single_garter_strap,3392
striped_hairband,3392
usekh_collar,3392
pussy_juice_puddle,3391
on_motorcycle,3390
sticker_(medium),3388
manga_cover,3388
alternate_breast_size_(smaller),3386
checkered_necktie,3386
deer,3383
whispering,3378
rectangular_mouth,3378
grand_piano,3377
green_headband,3376
collared_vest,3376
doyagao,3373
spider_girl,3372
two-tone_bowtie,3372
bad_hands,3371
crotch_plate,3370
blue_tank_top,3369
double_w,3368
red_border,3367
green_pupils,3366
treasure_chest,3366
futa_with_futa,3366
character_charm,3365
stepped_on,3364
masturbation_through_clothes,3361
open_skirt,3361
d-pad_hair_ornament,3361
hands_on_headwear,3358
on_stool,3357
off-shoulder_jacket,3357
sword_over_shoulder,3356
single_epaulette,3355
dynamax_band,3355
yellow_bodysuit,3354
diving_mask,3354
scar_on_mouth,3353
against_tree,3353
bath_yukata,3352
grey_nails,3351
gym_storeroom,3349
unworn_bag,3348
official_art_inset,3347
chocolate_bar,3347
long_beard,3344
licking_another's_face,3344
cross_tie,3343
core_crystal_(xenoblade),3342
convenient_arm,3341
single_vertical_stripe,3339
when_you_see_it,3337
notepad,3336
vertical-striped_background,3335
palms,3334
o-ring_belt,3333
projectile_lactation,3333
anti-materiel_rifle,3333
fumo_(doll),3332
blindfold_mask,3332
holding_vegetable,3332
paint_palette,3330
calico_(pattern),3327
green_cloak,3327
pearl_bracelet,3325
low_side_ponytail,3324
blue_veil,3324
pith_helmet,3324
snap-fit_buckle,3323
diamond_hair_ornament,3323
crest,3322
caution_tape,3321
implied_yaoi,3320
onesie,3319
holding_stylus,3316
split_ponytail,3315
gate,3315
super_robot,3315
presenting_own_ass,3314
white_butterfly,3313
kinky_hair,3313
invisible_floor,3310
breathing_fire,3309
party_popper,3307
prehensile_hair,3307
between_thighs,3306
little_busters!_school_uniform,3306
window_(computing),3306
warship,3306
print_bra,3304
simplified_chinese_text,3303
holding_violin,3303
m4_carbine,3302
viera,3302
used_tissue,3300
skirt_around_one_leg,3294
lace_choker,3294
pine_tree,3293
2018,3292
bolo_tie,3290
absurdly_detailed_composition,3289
holographic_interface,3288
cross-laced_top,3288
applying_makeup,3287
holding_saucer,3286
snake_girl,3286
failure,3286
forehead_tattoo,3285
red_sandals,3284
mismatched_sleeves,3283
missile,3281
stone_floor,3280
tennis_racket,3277
kigurumi,3276
kettle,3276
ketchup,3275
heart_tail,3271
spandex,3270
buttjob,3268
green_belt,3268
snow_leopard_ears,3267
skull_mask,3267
picnic_basket,3266
swim_briefs,3266
fake_magazine_cover,3266
x_x,3265
ribbon_bondage,3265
grey_tank_top,3264
juice,3262
arm_above_head,3262
rabbit-shaped_pupils,3260
official_alternate_eye_color,3260
sword_of_hisou,3260
mini-hakkero,3257
pointless_condom,3257
train_station,3255
love_letter,3253
multicolored_boots,3251
diagonal-striped_background,3251
brown_hoodie,3250
stuffed_shark,3249
camouflage_pants,3249
cursor,3247
arms_around_another's_waist,3247
calendar_(medium),3245
fallen_down,3243
jujutsu_tech_uniform,3243
holding_own_tail,3243
two-tone_horns,3243
prepuce,3242
camouflage_jacket,3241
sleeveless_hoodie,3241
bandana_around_neck,3237
panda_ears,3237
rider_belt,3234
wheel,3232
single_strap,3230
viewer_holding_phone,3230
purple_pupils,3228
missing_wings,3228
ring_hair_ornament,3227
guiding_hand,3223
bandaged_chest,3223
white_leggings,3223
yellow_border,3223
grey_bikini,3221
severed_head,3221
off-shoulder_bikini,3218
christmas_lights,3217
floral_print_bikini,3217
wiping_tears,3217
holding_envelope,3216
large_insertion,3214
meandros,3211
caressing_testicles,3210
drill_ponytail,3210
object_through_head,3210
fourth_east_high_school_uniform,3210
sunburst_background,3210
square_neckline,3208
kissing_forehead,3205
plap,3205
half_mask,3203
tight_dress,3201
micro_panties,3196
sangvis_ferri,3195
delinquent,3194
sidepec,3194
holding_hose,3193
yagasuri,3191
single_stripe,3190
aqua_hat,3190
air_conditioner,3188
gatling_gun,3187
looking_at_breasts,3187
arthropod_limbs,3186
spine,3185
metal_skin,3184
monster_energy,3184
shimaidon,3180
crotch_rub,3179
skateboard,3174
yurigaoka_girls_academy_school_uniform,3170
sparkling_aura,3169
expressive_hair,3169
head_bump,3168
spiked_halo,3164
suspended_congress,3164
mark_under_eye,3164
open_belt,3163
dust_cloud,3163
st._gloriana's_school_uniform,3161
purple_butterfly,3161
chinese_hairpin,3160
orange_belt,3157
mark_under_both_eyes,3154
leather_gloves,3154
no_testicles,3154
gibson_les_paul,3153
pavement,3144
dominatrix,3142
presenting_own_pussy,3141
single_breast_curtain,3139
two-tone_cape,3139
stroking_own_chin,3138
aqua_gem,3137
pink_ascot,3134
instant_cup_noodles,3133
bunny_day,3132
tube,3131
fingering_through_clothes,3129
underbutt,3129
syrup,3126
holding_drumsticks,3126
brown_sleeves,3125
blue_sports_bra,3124
unworn_bikini_top,3123
voyeurism,3116
blending,3116
shallow_water,3115
shared_umbrella,3114
vibrator_cord,3113
fur-trimmed_legwear,3108
painting_(action),3107
height,3106
dwarf,3106
tissue,3104
c:,3103
teacher_and_student,3103
sideless_kimono,3102
mechanical_eyes,3100
hand_rest,3100
viewer_holding_leash,3098
multi-strapped_bikini_top,3095
fake_mustache,3095
oversized_wings,3093
dixie_cup_hat,3089
watermelon_slice,3088
skirt_under_dress,3086
birthmark,3086
large_nose,3084
lighter,3084
plume,3083
garden,3082
handkerchief,3081
cactus,3079
shorts_under_dress,3079
impossible_swimsuit,3079
striker_unit,3079
chef,3076
zeon,3076
volleyball_(object),3074
hands_on_own_ass,3074
blonde_pubic_hair,3074
pink_wrist_cuffs,3074
grabbing_another's_chin,3073
yellow_sky,3073
cat_on_head,3072
harem_pants,3072
facebook_username,3071
park,3070
weighing_scale,3070
ginkgo_leaf,3068
two-tone_halo,3068
no_eyebrows,3067
naked_sheet,3066
pointing_out_the_details,3066
kitchen_knife,3066
cooperative_paizuri,3065
rope_belt,3063
mask_around_neck,3062
diving_suit,3062
mega_stone,3062
sitting_in_tree,3060
shoulder_blush,3058
pixiv_logo,3057
stained_panties,3057
blunt_sidelocks,3056
cat_day,3056
laser,3055
boobplate,3055
spitting,3055
dolphin,3053
fluffy_tail,3052
purple_scrunchie,3052
flower_in_eye,3051
orange_pantyhose,3048
bouncing_ass,3048
lotion_bottle,3048
huge_testicles,3045
happi,3045
pink_sky,3044
thick_mustache,3043
sidecut,3042
novel_cover,3040
tiered_tray,3038
lace_gloves,3034
ferris_wheel,3033
multiple_necklaces,3033
ribbon-trimmed_dress,3030
berry,3030
centaur,3030
bowing,3029
flower_necklace,3028
green_wings,3026
cross_halo,3026
denim_jacket,3025
strawberry_hair_ornament,3025
breasts_on_head,3025
drum_set,3024
club_(shape),3023
year_of_the_ox,3023
veranda,3023
crossbow,3018
cowboy_western,3016
kappougi,3016
circle_cut,3015
transparent_wings,3014
bird_boy,3014
reins,3014
object_focus,3012
spread_pussy_under_clothes,3011
robot_animal,3010
high-waist_belt,3009
missing_tail,3008
yuigaoka_school_uniform,3008
orange_sweater,3008
acoustic_guitar,3007
left-to-right_manga,3007
round_table,3004
brushing_teeth,3003
unworn_sandals,3003
sunflower_field,3002
hand_on_another's_hand,3002
grey_wings,3001
fur_cape,3001
symmetry,3000
black_umbrella,2997
nike_(company),2995
accurate_lolita_coord,2995
frilled_ascot,2995
analog_clock,2994
naginata,2994
mole_on_stomach,2993
puppet_strings,2993
on_rock,2993
flashlight,2992
gladiator_sandals,2992
box_of_chocolates,2992
compound_eyes,2991
tree_stump,2990
floating_weapon,2989
argyle_thighhighs,2989
long_nose,2989
wiping_face,2988
setsubun,2987
twitter_strip_game,2986
cotton_candy,2985
covered_penis,2982
phonograph,2982
icing,2981
split_screen,2980
tent,2979
ear_wiggle,2979
sperm_cell,2978
stadium,2977
short_tail,2975
grenade_pin,2973
load-bearing_vest,2971
vertical-striped_pants,2969
ballet_slippers,2969
cat_teaser,2969
futa_without_pussy,2964
told_you_not_to_do_that,2963
hand_on_ground,2958
bikesuit,2958
holding_creature,2956
green_sweater_vest,2956
vertical-striped_shorts,2954
holding_letter,2954
flower_brooch,2953
lily_of_the_valley,2953
2016,2952
portrait_(object),2952
shuuchiin_academy_school_uniform,2950
cumdrip_from_penis,2950
drawing_sword,2950
black_eyeshadow,2948
2017,2948
strongman_waist,2944
ankh,2944
tarot_(medium),2941
aqua_panties,2941
pearl_hair_ornament,2940
brown_bikini,2939
offering_hand,2939
loungewear,2937
checkerboard_cookie,2934
holding_bucket,2933
holding_jewelry,2929
screw,2928
parallel_piercings,2928
master_sword,2927
single_bare_foot,2924
antique_phone,2922
unworn_gloves,2921
large_hands,2920
rainbow_order,2919
pancake_stack,2917
carrying_under_arm,2917
crime_prevention_buzzer,2917
sweaty_clothes,2915
holding_ribbon,2915
hair_in_own_mouth,2913
ooarai_military_uniform,2913
character_age,2913
bandaged_wrist,2913
dirndl,2912
food-themed_earrings,2912
single_wrist_cuff,2911
extra_mouth,2911
shirt_under_shirt,2911
ofuda_on_head,2910
completely_unamused,2910
hikarizaka_private_high_school_uniform,2906
team_rocket_uniform,2906
tanabata,2906
family_bonding,2905
rainbow_gradient,2904
hanbok,2903
pants_rolled_up,2902
grid_teeth,2900
convenient_tail,2899
wooden_sword,2899
chemical_structure,2897
reptile_girl,2896
soap,2895
square-end_necktie,2895
cucumber,2893
dress_tug,2893
rayman_limbs,2892
power_symbol-shaped_pupils,2891
fireplace,2891
log,2890
sheet_music,2890
colored_nipples,2889
hand_on_own_forehead,2889
orange_boots,2889
centauroid,2889
in_food,2889
crescent_facial_mark,2888
takoyaki,2887
hanging,2885
popcorn,2885
yellow_leotard,2883
partially_underwater_shot,2883
pussy_piercing,2879
v_over_mouth,2879
stove,2878
blood_on_ground,2877
bowl_hat,2877
green_streaks,2875
purple_cardigan,2870
sidewalk,2870
full-package_futanari,2869
after_rape,2866
christmas_present,2865
aqua_theme,2864
pocky_kiss,2864
cupping_hands,2863
red_cardigan,2862
2015,2862
hooded_sweater,2860
cable_tail,2859
angel_and_devil,2858
unicorn,2858
chat_log,2856
thick_beard,2855
boned_meat,2850
hydrokinesis,2849
doki_doki_literature_club_school_uniform,2849
genderswap_(otf),2848
graveyard,2848
double_fox_shadow_puppet,2848
grabbing_another's_shirt,2847
two-tone_scarf,2847
floral_print_dress,2846
blue_hood,2846
wiping_sweat,2846
green_pantyhose,2845
back_focus,2845
eyelid_pull,2844
holding_ofuda,2843
cockpit,2842
two-tone_thighhighs,2842
button_eyes,2842
yes-no_pillow,2842
single_horizontal_stripe,2842
sideless_dress,2839
determined,2838
droopy_ears,2838
raised_fist,2837
normal_suit_(gundam),2835
condom_belt,2834
flower_on_head,2833
brown_halo,2831
spray_can,2830
hand_focus,2828
flock,2828
two-tone_hat,2827
full-length_zipper,2824
forehead-to-forehead,2824
halberd,2822
pokemon_on_shoulder,2822
chinstrap,2820
vignetting,2820
union_jack,2819
grey_capelet,2818
mechanical_pencil,2816
trash_bag,2815
frilled_jacket,2814
brown_border,2814
thread,2813
candy_hair_ornament,2813
flower_hairclip,2813
corrupted_halo,2812
pectoral_grab,2810
wooden_chair,2810
pointer,2810
origami,2810
pointed_crown,2809
lube,2808
hands_on_own_stomach,2807
bib_collar,2806
cross_pasties,2805
mixing_bowl,2803
black_trim,2802
collared_capelet,2802
ramune,2801
cheek_squash,2800
sweet_lolita,2797
rolling_suitcase,2796
coffin,2795
shards,2794
spiked_tail,2794
shin_guards,2793
phallic_symbol,2792
dumbbell,2791
belt_bra,2789
brown_choker,2788
helicopter,2787
tempura,2787
race_fetishism,2786
you're_doing_it_wrong,2785
sitting_on_object,2785
gauze_on_cheek,2784
sunscreen,2783
miyamasuzaka_girls'_academy_school_uniform,2782
fireflies,2779
heart_collar,2779
shiba_inu,2776
squid,2775
harvin,2772
criss-cross_straps,2771
fff_threesome,2771
mismatched_eyebrows,2770
asymmetrical_dual_wielding,2768
tri_tails,2767
jacket_over_hoodie,2766
black_bandeau,2766
hospital_bed,2764
ritual_baton,2764
frog_print,2762
two-tone_hoodie,2761
japanese_flag,2758
flower_choker,2756
doctor,2756
blue_sweater_vest,2756
ribbed_sleeves,2755
red_robe,2754
torn_scarf,2754
cargo_pants,2753
full_page_comic,2752
holding_riding_crop,2749
pink_arm_warmers,2749
holding_cake,2749
cropped_head,2749
goat_boy,2749
orange_sleeves,2746
multicolored_hat,2745
snake_hair,2745
tail_piercing,2743
huge_bow,2742
yellow_butterfly,2742
y2k_fashion,2742
kissing_hand,2742
fishnet_sleeves,2741
marshmallow_(site),2741
armpit_cutout,2741
jack-o'_challenge,2740
accidental_exposure,2740
crystal_earrings,2739
before_and_after,2739
tail_ring,2739
x_mouth,2737
bear_print,2736
gauze_on_face,2736
pants_tucked_in,2735
pizza_slice,2733
drawn_ears,2732
milking_machine,2732
cow_boy,2732
tutu,2731
arms_between_legs,2729
white_bridal_gauntlets,2728
hand_net,2725
sausage,2725
holding_suitcase,2724
lone_nape_hair,2722
loving_aura,2721
bikini_top_pull,2721
flaming_weapon,2720
fountain,2718
tumblr_username,2718
gold_coin,2716
summer_festival,2715
hatsune_miku_(cosplay),2714
two-tone_coat,2713
reindeer_costume,2713
role_reversal,2713
campfire,2712
st._gloriana's_military_uniform,2712
naked_cape,2712
white_sarong,2709
cleaning,2709
broken_chain,2708
curtsey,2707
precum_drip,2706
full-body_tattoo,2703
spiked_ear_piercing,2703
miku_day,2703
bar_stool,2702
soup,2701
gyaru_v,2700
pendulum,2700
pink_trim,2700
budget_sarashi,2699
eyewear_hang,2698
clover_print,2697
drill,2697
glutton,2696
nipple_indents,2695
high_kick,2695
oral_invitation,2694
retrofuturism,2692
holding_pizza,2691
playing_guitar,2689
orange_rose,2686
traditional_youkai,2685
year_of_the_snake,2683
crocs,2682
holding_teapot,2680
shirt_in_mouth,2679
side_drill,2677
key_earrings,2677
soda,2676
ribbon_in_mouth,2675
ninja_mask,2675
glowing_butterfly,2675
hammer_and_sickle,2674
cherry_hair_ornament,2674
cum_on_self,2673
lace-trimmed_choker,2672
fast_food,2669
black_sky,2669
round-bottom_flask,2668
large_ears,2666
detective,2665
virtual_graduation_commemoration,2661
black_slingshot_swimsuit,2660
military_combat_uniform,2658
clear_sky,2657
struggling,2657
u.a._school_uniform,2657
breast_smother,2657
pinned,2656
animal_on_lap,2655
cooler,2653
hagoita,2649
umamusume_horse_relations,2648
flower_over_eye,2647
cleave_gag,2645
39,2644
shuka_high_school_uniform,2643
autobot,2643
chest_of_drawers,2643
utensil_in_mouth,2641
bikini_bottom_under_shorts,2640
lace-trimmed_skirt,2640
hands_on_another's_thighs,2639
breast_expansion,2639
coke-bottle_glasses,2638
grey_cape,2635
torn_gloves,2634
squinting,2632
invisible_penis,2631
holding_branch,2631
crate,2630
open-toe_shoes,2627
cyber_fashion,2626
purple_tabard,2626
unworn_coat,2626
gusset,2625
ballet,2625
grey_serafuku,2623
werewolf,2623
two-tone_headwear,2621
western_dragon,2619
holding_needle,2617
multiple_heads,2616
naranja_academy_school_uniform,2615
eagle,2614
yes,2614
grey_sweater_vest,2613
hospital_gown,2612
telekinesis,2610
doodle_inset,2610
split_theme,2609
white_helmet,2609
dildo_riding,2609
high-low_dress,2608
clapping,2608
arrow_through_heart,2607
yin_yang_orb,2607
frilled_camisole,2607
screenshot_background,2604
polka_dot_bra,2604
buster_sword,2604
in_the_face,2604
arm_between_breasts,2604
pink_sash,2603
animal_ear_legwear,2602
fortissimo,2602
no_mask,2601
cephalopod_eyes,2601
scar_on_hand,2600
gaming_chair,2600
holed_coin,2595
sharp_tail,2595
dowsing_rod,2593
orange_sailor_collar,2593
presenting_own_breasts,2592
skirt_bow,2591
blue_camisole,2590
legs_folded,2590
fur-trimmed_thighhighs,2590
feral_instincts,2589
mahjong_tile,2589
animal_skull,2588
golden_week,2586
toe_ring,2586
cheek_bulge,2584
traffic_cone,2584
jiangshi_costume,2583
puffy_cheeks,2580
spiked_club,2579
fish_print,2579
skull_ornament,2579
holding_frying_pan,2579
moon_(ornament),2579
stealth_sex,2578
kamiyama_high_school_uniform_(project_sekai),2578
on_person,2578
purple_tongue,2578
ribbed_thighhighs,2577
shinsengumi,2577
torn_jacket,2576
leather_boots,2576
prototype_design,2575
runes,2574
anal_hair,2573
aqua_gloves,2573
basketball_uniform,2571
globe,2571
looking_outside,2571
holding_wrench,2570
head_chain,2569
spear_the_gungnir,2568
drying_hair,2565
stone_lantern,2563
green_horns,2563
short_side_ponytail,2559
furigana,2559
hand_on_lap,2559
bandaid_on_thigh,2559
cocktail_dress,2559
sideless_shirt,2558
scar_on_shoulder,2556
dashed_eyes,2556
chocolate_on_breasts,2556
grey_leotard,2555
adjusting_necktie,2554
kusazuri,2553
green_tank_top,2553
prison_clothes,2552
bendy_straw,2551
dice_hair_ornament,2550
akanbe,2548
faux_figurine,2547
giving_up_the_ghost,2545
green_sclera,2543
ajirogasa,2542
morning_glory,2542
self-harm,2542
paw_print_background,2541
white_shawl,2540
tankini,2540
polka_dot_headwear,2540
purple_one-piece_swimsuit,2539
jaguar_ears,2539
year_of_the_dragon,2538
ass_cutout,2537
single_shoulder_pad,2536
black_outline,2536
wheat,2534
naked_kimono,2534
scooter,2530
tanzaku,2527
shaking,2524
child_carry,2524
vaulting_horse,2524
riding_pokemon,2524
berry_(pokemon),2523
pikmin_(creature),2522
pasta,2521
glass_bottle,2519
motorcycle_helmet,2518
heart-shaped_buckle,2518
holding_cotton_candy,2518
yellow_gem,2515
confession,2515
canvas_(object),2515
anzio_school_uniform,2514
bowlegged_pose,2514
leg_wrap,2513
black_leg_warmers,2512
unworn_dress,2512
tracen_swimsuit,2511
electric_plug,2508
pornography,2507
portal_(object),2507
baseball_(object),2506
scribble_censor,2505
green_armband,2503
frottage,2502
washing_machine,2501
mole_above_mouth,2499
forced_orgasm,2499
melting_halo,2498
peanut_mouth,2497
turtleneck_jacket,2496
slapping,2496
guided_breast_grab,2494
multiple_traps,2494
paper_airplane,2494
cutting_board,2493
yellow_tank_top,2493
glass_shards,2492
vampire_costume,2491
mahjong,2491
weight_conscious,2489
iphone,2488
black_eyeliner,2488
energy_drink,2487
school_briefcase,2486
holding_another's_legs,2485
neck_tassel,2485
blank_stare,2484
arm_on_knee,2483
single_thigh_boot,2482
kouhaku_nawa,2480
holding_bow_(music),2478
aqua_streaks,2478
magical_musket_(madoka_magica),2478
two-sided_dress,2477
multicolored_kimono,2476
saw,2476
fiery_horns,2475
kibito_high_school_uniform,2475
hitting,2475
weibo_username,2474
lava,2474
light_censor,2474
in_bucket,2473
noose,2473
rainbow_hair,2471
chastity_cage,2471
duster,2470
orange_socks,2470
green-tinted_eyewear,2469
april_fools,2468
holding_test_tube,2466
daruma_doll,2465
green_cardigan,2465
tented_shirt,2463
weasel_ears,2462
grey_suit,2461
crumbs,2459
knotted_penis,2458
machine,2458
bookmark,2457
snail,2455
oven_mitts,2455
pinwheel,2454
outie_navel,2454
hedgehog_boy,2453
perpendicular_paizuri,2452
lalafell,2452
jellyfish_cut,2451
round_window,2451
lollipop_in_mouth,2451
patchwork_clothes,2442
blue_suit,2441
holding_remote_control,2441
tail_grab,2440
imminent_anal,2440
jester,2439
tactical_school_uniform,2439
organic_bra,2438
fanged_bangs,2437
hand_on_glass,2437
covering_another's_mouth,2436
fatui_coat,2435
hand_on_own_elbow,2435
glowing_hair,2434
ponytail_with_braided_base,2433
race_fetishism_symbol,2433
hand_on_wall,2432
heart_in_heart_hands,2431
dandelion,2431
ootachi,2430
leg_between_thighs,2430
elbows_on_table,2430
holding_microphone_stand,2430
reaching_towards_another,2428
holding_flute,2427
soda_bottle,2427
cow,2427
pouring_onto_self,2425
comforting,2424
h&k_hk416,2423
body_hair,2423
chimney,2423
hoodie_lift,2422
from_outside,2421
mismatched_sclera,2420
collared_shrug,2417
battle_rifle,2416
chain_headband,2415
scissor_blade_(kill_la_kill),2414
sleeved_leotard,2414
ass_shake,2414
western_comics_(style),2414
dropping,2414
purple_trim,2414
through_medium,2414
comic_cover,2413
red_tabard,2413
blue_sandals,2413
shell_hair_ornament,2411
more_muscular_than_canon,2409
white_arm_warmers,2409
bad_proportions,2409
wetsuit,2409
masked,2409
two-sided_headwear,2408
tube_dress,2407
champagne,2407
short_jumpsuit,2404
<|>_<|>,2403
two-tone_pants,2402
radio,2402
cum_in_clothes,2401
character_censor,2400
gag_harness,2399
star_tattoo,2399
spiked_shell,2399
holding_candy_apple,2398
ruler,2398
nursing_handjob,2397
three-dimensional_maneuver_gear,2397
heart_pendant,2396
kaiju,2396
blue_outline,2396
red_feathers,2395
yarn,2394
dumpling,2393
lower_eyelashes_only,2392
long_labia,2392
purple_collar,2390
brick_floor,2389
pleated_shorts,2388
girly_boy,2388
wall_clock,2387
white_bonnet,2386
leather_pants,2385
baggy_clothes,2384
embellished_costume,2383
just_the_tip,2380
hexagon,2380
ace_of_hearts,2380
arm_around_another's_back,2379
akeome,2378
red_corset,2378
visor_(armor),2378
chinese_new_year,2377
horned_mask,2376
boater_hat,2376
potara_earrings,2376
mouth_pull,2374
earth_(ornament),2373
grey_streaks,2373
spanish_text,2373
white_bandeau,2372
triangle_print,2372
brushing_another's_hair,2372
overcoat,2371
picnic,2370
german_text,2370
tribal,2370
ema,2370
vibrator_under_panties,2369
rabbit_house_uniform,2369
finger_frame,2369
duffel_coat,2368
yellow_outline,2367
text_messaging,2367
under_kotatsu,2367
spiked_hairband,2367
black_theme,2367
penis_peek,2366
honeycomb_(pattern),2366
tied_jacket,2365
exposed_pocket,2363
jacket_over_swimsuit,2363
power_suit_(metroid),2363
perversion_of_canon,2363
race_vehicle,2363
audience,2362
clitoral_piercing,2362
astronaut,2358
no_gloves,2358
hyena_ears,2357
scarlet_devil_mansion,2357
holding_lipstick_tube,2356
stalk_in_mouth,2356
white_armband,2355
bamboo_steamer,2355
police_badge,2355
shark_costume,2353
holding_magnifying_glass,2353
chart,2351
brown_nails,2350
crotch_cutout,2349
streetwear,2348
orange_pupils,2345
adoptive_parent_and_adoptive_child,2345
poster_(medium),2344
shell_bikini,2344
misleading_thumbnail,2344
shared_food,2343
child's_drawing,2342
holding_scroll,2342
animal_slippers,2342
narration,2341
liquid_hair,2340
breast_conscious,2340
black_scales,2340
wig,2339
outstretched_leg,2337
no_blindfold,2337
tentacle_in_mouth,2336
fishnet_socks,2336
cutting_hair,2336
mechanization,2336
red_outline,2332
sponge,2330
chalk,2330
powering_up,2329
dark_penis,2327
kuromorimine_school_uniform,2327
dithering,2326
heartbeat,2325
ass_peek,2325
futa_on_male,2323
body_armor,2322
brown_leotard,2321
holding_quill,2321
sharp_toenails,2318
hands_on_another's_hips,2317
headless,2317
boxer_briefs,2316
colorful_background,2316
finger_to_face,2316
single_arm_warmer,2315
thai_text,2315
ammunition_belt,2315
hot_dog,2313
sundae,2313
petals_on_liquid,2311
unworn_swimsuit,2310
white_nightgown,2309
food_stand,2309
shirt_under_dress,2309
yellow_cloak,2308
grimoire,2307
blue_wrist_cuffs,2307
aviator_sunglasses,2306
food-themed_clothes,2305
person_and_animalization,2305
pointy_breasts,2305
ho-kago_tea_time,2304
sakuramon,2303
on_car,2303
easel,2302
cross_choker,2302
kepi,2301
emotionless_sex,2301
penlight_(glowstick),2300
bad_end,2300
print_hoodie,2300
grey_theme,2299
pink_slippers,2299
orange_headband,2298
paper_stack,2296
lace-trimmed_gloves,2296
rotary_phone,2293
uvula,2293
medallion,2292
long_ribbon,2292
calico_cat,2291
sick,2290
object_in_pocket,2290
nose_ring,2289
fanning_self,2288
pool_of_blood,2287
shiny_and_normal,2286
sleeveless_bodysuit,2286
slashing,2286
curry_rice,2285
snow_leopard_tail,2285
cursive,2284
sidesaddle,2284
floating_scarf,2281
levitation,2281
tomoeda_elementary_school_uniform,2281
two-tone_boots,2280
butterfly_net,2276
island,2273
yellow_raincoat,2271
very_wide_shot,2269
stream,2269
pinching_sleeves,2268
white_mittens,2268
hourglass,2267
salaryman,2266
yellow_headband,2265
chaldea_logo,2265
white_garter_belt,2264
striped_fur,2263
shared_speech_bubble,2263
single_blush_sticker,2262
sukajan,2262
ear_scrunchie,2262
tail_between_legs,2261
polka_dot_skirt,2261
energy_beam,2260
borrowed_design,2258
shoulder_holster,2257
pom_pom_beanie,2257
dorsal_fin,2256
cheekbones,2255
punk,2254
tropical_fish,2254
heart_(organ),2253
hat_tip,2252
torn_panties,2252
papakha,2251
blue_shawl,2250
shell_necklace,2249
witch_(madoka_magica),2249
pokemon_card,2249
playstation_controller,2248
shuujin_academy_school_uniform,2246
four-leaf_clover_hair_ornament,2246
down_jacket,2245
musical_note_print,2244
holding_crepe,2244
moth,2243
opening_own_clothes,2242
gold_tiara,2242
hat_on_back,2241
hooded_cardigan,2241
magatama_earrings,2241
video_game,2241
anchor_print,2241
heart-shaped_gem,2240
cum_on_legwear,2238
naked_hoodie,2238
bag_of_chips,2237
coat_partially_removed,2236
haniwa_(statue),2236
holding_coin,2235
grey_bowtie,2235
ass_support,2234
holding_glowstick,2234
crane_(machine),2233
cocktail,2233
footwear_ribbon,2231
snowball,2230
purple_robe,2230
napkin,2228
elezen,2228
red_butterfly,2228
facing_ahead,2227
coconut,2223
snorkel,2223
hole_on_body,2223
kuji-in,2222
flashback,2222
adapted_turret,2222
jojo_pose,2222
white_bandana,2221
athletic_leotard,2221
burnt_clothes,2221
ice_skates,2221
gradient_horns,2221
cut_bangs,2220
queen_of_spades_symbol,2219
monkey_ears,2218
silver_trim,2218
asahiyama_high_school_uniform,2218
henshin,2217
dakimakura_(object),2217
age_comparison,2216
blind,2215
two-tone_necktie,2215
hands_on_ground,2215
native_american,2215
raccoon,2213
condensation,2213
blue_bandana,2213
pinstripe_dress,2213
kimono_pull,2213
cracked_wall,2211
stitched_arm,2211
thighhighs_pull,2211
cropped_arms,2211
drugs,2211
white_babydoll,2211
wavy_eyes,2211
undead,2210
cerise_bouquet,2210
m1911,2209
pump_action,2206
frontal_wedgie,2206
grey_cat,2206
detached_ahoge,2206
crayon,2205
winged_heart,2203
sequential,2202
green_trim,2202
orange_ascot,2202
hand_in_another's_panties,2201
scarf_over_mouth,2201
black_babydoll,2199
spoken_food,2199
front-fastening_bra,2199
asa_no_ha_(pattern),2199
leash_pull,2198
optical_sight,2196
holding_money,2195
plastic_bottle,2195
mole_on_shoulder,2195
uchikake,2195
sand_sculpture,2194
studded_choker,2193
mullet,2193
noh_mask,2193
pickaxe,2193
cowboy_boots,2192
butter,2192
leotard_peek,2191
musou_isshin_(genshin_impact),2191
diamond_(gemstone),2191
holding_detached_head,2190
side_slit_shorts,2189
glowing_tattoo,2188
blacked_female,2188
ojou-sama_pose,2188
blood_on_leg,2187
makizushi,2186
thick_arms,2183
aquarium,2183
orange_panties,2182
umbrella_over_shoulder,2181
super_saiyan_1,2177
fascinator,2177
bamboo_broom,2175
game_screenshot_background,2174
warning_sign,2173
morning_after,2173
sparse_chest_hair,2173
mouth_piercing,2172
holding_skull,2172
condom_box,2171
combat_boots,2171
fur-trimmed_shirt,2170
aqua_hairband,2169
pink_outline,2169
shikigami,2168
crystal_hair,2168
holding_skewer,2166
blood_drip,2166
desi,2164
clown,2164
balancing,2164
hand_under_shirt,2162
peach_hat_ornament,2162
gigantic_penis,2161
pennant,2161
white_pajamas,2161
red_hanfu,2160
full-length_mirror,2160
vertical_scroll_comic,2159
waist_ribbon,2159
sparkle_print,2159
comparison,2159
subscribestar_username,2158
infinity_symbol,2157
two-sided_gloves,2156
easter_egg,2156
covering_one_eye,2156
gills,2155
red_wrist_cuffs,2154
saliva_on_penis,2154
brown_collar,2154
breasts_on_table,2153
blowing_bubbles,2152
paint_splatter_on_face,2152
head_on_chest,2150
spoken_expression,2149
like_and_retweet,2149
half-spread_pussy,2149
orange_cape,2148
eggplant,2148
hat_with_ears,2147
tentacles_under_clothes,2147
tropical_drink,2147
hard_hat,2147
clock_tower,2147
brown_panties,2146
black_bird,2146
gradient_halo,2145
lattice,2145
holding_mop,2145
open_bodysuit,2143
kanabou,2143
pussy_juice_drip_through_clothes,2143
ribbed_leotard,2143
swimsuit_cover-up,2141
seaweed,2140
strap_lift,2140
climbing,2139
green_scrunchie,2138
void_face,2137
ben-day_dots,2137
tegaki,2137
ice_cream_float,2136
green_hakama,2136
devil_fruit_power,2134
kikkoumon,2134
holding_heart,2134
breastfeeding,2133
polka_dot_shirt,2133
uva_academy_school_uniform,2131
green_border,2131
maid_day,2130
wrist_wrap,2130
kimono_skirt,2130
4others,2129
egg_hair_ornament,2126
apartment,2126
pants_under_skirt,2126
in_cup,2126
adoptive_siblings,2125
inkwell,2124
belt_boots,2123
honey,2123
saddle,2123
potato,2123
glock,2121
holding_photo,2120
androgyne_symbol,2120
green_armor,2120
red_wine,2119
bartender,2118
shinda_sekai_sensen_uniform,2117
hooded_dress,2117
uncommon_stimulation,2117
arched_crown,2117
grocery_bag,2115
holding_mirror,2114
cd,2113
bishamonten's_pagoda,2113
k/da_(league),2112
high-waist_pantyhose,2112
broad_shoulders,2111
chest_guard,2111
loaded_interior,2110
yo-yo,2110
undersized_breast_cup,2109
hauchiwa,2107
gyaruo,2107
convenience_store,2106
cheek_pull,2106
soap_censor,2106
nipple_rub,2105
bird_print,2105
crane_game,2104
\n/,2104
shoulder_cannon,2104
loose_shirt,2103
drawn_whiskers,2102
holding_briefcase,2101
watermelon_bar,2101
bandolier,2101
holding_scepter,2101
embroidery,2101
covered_testicles,2100
on_bicycle,2100
juxtaposition,2099
steampunk,2099
red_suit,2099
facing_down,2099
mira-cra_park!,2098
aurora,2097
panicking,2097
bicorne,2097
roundel,2096
shopping,2095
\o/,2095
body_horror,2094
hat_over_one_eye,2094
mole_on_arm,2094
hakurei_reimu_(cosplay),2093
cleaver,2091
hologram,2091
dotted_background,2088
lactation_through_clothes,2088
mole_on_collarbone,2088
under_tree,2087
crescent_necklace,2087
telescope,2087
pet_bowl,2087
borderless_panels,2086
bored,2085
grey_flower,2084
unitard,2084
mismatched_earrings,2082
turtleneck_bodysuit,2082
vibrator_in_thighhighs,2082
hand_mirror,2082
horn_flower,2082
wrapped_candy,2082
toilet_use,2082
screwdriver,2081
freediving,2081
hamaya,2079
eldritch_abomination,2079
tapir_tail,2077
candy_wrapper,2077
antique_firearm,2074
aqua_skin,2074
barbed_wire,2073
hand_on_table,2072
food_bite,2072
blue_sarong,2072
cross-laced_slit,2071
donation_box,2070
vocaloid_append,2070
fuuin_no_tsue,2069
knees_out_of_frame,2069
huge_eyebrows,2068
half_crown_braid,2068
light_machine_gun,2068
red_nose,2068
lighthouse,2068
casting_spell,2068
hunched_over,2066
flaming_sword,2066
yellow_pantyhose,2065
dongtan_dress,2065
partial_humanization,2064
smoking_barrel,2064
print_headwear,2063
gradient_legwear,2062
studded_bracelet,2062
pet,2061
bus_stop,2060
pixelated,2059
hair_color_connection,2059
sakugawa_school_uniform,2058
kissing_neck,2058
multicolored_flower,2057
arm_shield,2057
pentacle,2056
objectification,2056
untying,2055
green_sash,2054
colorful_clouds,2054
disembodied_eye,2053
hair_vines,2053
fur_shawl,2052
mat,2052
pencil_case,2052
lyre,2050
futa_without_balls,2050
lipstick_mark_on_penis,2050
captured,2050
kissing_penis,2050
camcorder,2050
colored_teeth,2049
yordle,2049
night_raven_college_school_uniform,2049
maple_leaf_print,2048
aqua_kimono,2047
bandaid_on_forehead,2047
hair_dryer,2047
zabuton,2047
wallet_chain,2046
deer_tail,2046
pornography_production,2046
messenger_bag,2046
two-tone_legwear,2045
pink_tank_top,2045
off-shoulder_one-piece_swimsuit,2044
handsfree_paizuri,2042
pink_umbrella,2042
orange_tank_top,2041
dress_swimsuit,2041
leather_armor,2041
huge_moon,2041
earth_federation,2041
frilled_armband,2040
tengu,2040
lizard,2039
fur_jacket,2039
ear_chain,2038
crystal_ball,2038
honda,2035
holding_spatula,2034
arm_across_waist,2033
dirt,2033
sticky_note,2032
lifebuoy_hair_ornament,2032
number_print,2030
in_palm,2030
fish_skeleton,2030
single_bridal_gauntlet,2029
white_sky,2029
bindi,2029
purple-framed_eyewear,2028
intestines,2028
lipstick_mark_on_face,2027
broken_weapon,2027
eden_academy_school_uniform,2027
multiple_riders,2027
racecar,2027
age_regression,2026
mochi_trail,2026
lightsaber,2026
couter,2025
holding_toy,2025
aroused_nosebleed,2025
saiyan_armor,2024
grey_choker,2023
swiss_roll,2022
homurabara_academy_school_uniform,2022
brain,2021
two-tone_sports_bra,2020
creature_focus,2020
toilet_paper,2019
pursed_lips,2019
cum_inflation,2019
pink_headband,2019
galaxy,2018
bound_torso,2018
self-cosplay,2018
rectum,2017
mutual_hug,2017
facing_up,2016
houndstooth,2016
multiple_monochrome,2016
arm_on_another's_shoulder,2016
single_tear,2016
beretta_92,2015
gold_thighlet,2015
nejiri_hachimaki,2015
kishimen_hair,2015
horn_ring,2014
chalice,2013
curled_up,2013
clothes_between_thighs,2013
kine,2013
white_tabard,2013
green_one-piece_swimsuit,2012
shrimp_tempura,2011
green_robe,2011
long_earlobes,2010
half-skirt,2010
teardrop_tattoo,2010
purple_border,2010
odaibako,2009
han'eri,2009
gold_circlet,2009
aqua_shoes,2008
tennis_ball,2008
dorsiflexion,2008
yarn_ball,2007
fully_genderswapped_group,2007
blue_jumpsuit,2006
glomp,2006
heart-shaped_lock,2005
skirt_cutout,2004
light_areolae,2003
grey_cloak,2003
striped_vest,2003
vore,2001
long_horns,2000
thighhighs_over_pantyhose,2000
brown_sash,1999
striped_hoodie,1999
hanging_plant,1998
bluesky_username,1998
crotch_focus,1998
print_sleeves,1997
side-tie_peek,1997
pigeon,1997
french_text,1996
crazy,1996
looking_through_own_legs,1996
italian_flag,1995
index_fingers_raised,1995
glansjob,1995
crocodilian_tail,1994
flying_kick,1994
circle_facial_mark,1993
wa_lolita,1993
personality_switch,1992
bass_clef,1992
implied_fellatio,1992
arthropod_boy,1991
penis_over_eyes,1990
long_neck,1990
holding_shovel,1989
blood_on_bandages,1988
two-tone_kimono,1987
high_tops,1987
laundry,1987
greek_toe,1985
amplifier,1985
training_bra,1985
blue_umbrella,1985
cat_ear_legwear,1984
bloodshot_eyes,1984
fish_boy,1984
fitness_gym,1982
wing_brooch,1980
unzipping,1979
holding_chain,1979
hooded_vest,1977
legs_over_head,1976
hands_on_feet,1976
face_between_breasts,1975
kesa,1974
pokemon_move,1972
wide_brim,1972
green_headscarf,1971
corn,1971
hat_belt,1971
spoiler_(automobile),1969
art_nouveau,1969
self_wedgie,1968
print_necktie,1967
new_school_swimsuit,1966
flower_bracelet,1965
urban,1965
taimanin_suit,1965
symbolism,1962
merchandise,1960
two-tone_veil,1959
living_clothes,1957
wrestling_ring,1956
tongs,1955
multiple_legs,1955
gradient_wings,1955
groom,1952
pointing_forward,1951
archery,1950
sun_tattoo,1949
erect_clitoris,1949
logo_parody,1949
sexualized_chibi,1947
ar-15,1946
weightlifting,1946
sweater_tucked_in,1945
zun_(style),1945
hat_tassel,1944
amulet,1943
short-sleeved_sweater,1943
toga,1943
traditional_chinese_text,1943
seal_(animal),1942
red_mittens,1942
sideways_hat,1941
print_shorts,1941
...?,1941
checkered_flag,1941
starfish_hair_ornament,1941
straitjacket,1939
print_haori,1939
hand_on_floor,1937
eye_of_horus,1936
licking_armpit,1934
nipple_clamps,1934
two-tone_sweater,1934
foregrip,1933
jacket_pull,1933
uneven_twintails,1933
butterfly-shaped_pupils,1933
bullet_hole,1931
sobu_high_school_uniform,1931
dragon_ears,1931
lying_on_lap,1931
anal_fluid,1930
holding_fish,1930
ghost_pose,1930
stone_stairs,1930
wheat_field,1930
vertical-striped_sleeves,1929
bayonet,1929
bowler_hat,1928
truth,1928
on_railing,1928
green_feathers,1927
2014,1927
nebula,1927
alternate_weapon,1927
ear_protection,1926
two-handed_handjob,1925
bridal_legwear,1925
bo_staff,1923
onii-shota,1923
kourindou_tengu_costume,1923
huge_pectorals,1923
speckled_areolae,1920
mannequin,1920
double_horizontal_stripe,1920
snack,1920
bulletin_board,1919
stitched_mouth,1919
blue_haori,1919
zero_gravity,1919
eye_print,1919
cartoon_bone,1918
knife_sheath,1918
propeller,1917
boxcutter,1916
nearly_naked_apron,1916
teruterubouzu,1916
bike_shorts_under_shorts,1914
rocket,1913
perfume_bottle,1913
single_knee_pad,1912
alternate_species,1912
sprinkles,1911
torn_bodystocking,1911
implied_kiss,1911
baby_bottle,1911
chimera,1910
striped_hair,1909
testicle_sucking,1907
mouth_insertion,1906
ready_to_draw,1905
purple_armor,1905
thermometer,1904
sparkle_hair_ornament,1903
latex_legwear,1903
above_clouds,1903
gingham_clothes,1900
shiny_legwear,1899
red_slingshot_swimsuit,1897
cum_in_container,1897
warm_colors,1896
human_scabbard,1896
multicolored_tail,1895
martial_arts_belt,1895
red_track_suit,1895
blood_bag,1895
balding,1894
on_innertube,1894
snake_earrings,1894
war,1894
mash_kyrielight_(dangerous_beast)_(cosplay),1893
implied_fingering,1892
a_certain_high_school_uniform,1891
album_name,1891
penises_touching,1889
handprint,1888
holding_toothbrush,1887
bite_mark_on_neck,1883
two-sided_cloak,1883
goat,1883
wet_dress,1883
star_pasties,1882
triple_penetration,1882
thick_lineart,1882
racerback,1881
messy_room,1881
gold_shoes,1881
covering_another's_eyes,1878
dog_penis,1877
nib_pen_(object),1877
handstand,1877
soccer,1876
quilted_jacket,1876
labret_piercing,1875
red_sports_bra,1875
tapir_ears,1874
humping,1874
lace-trimmed_shirt,1874
bound_together,1874
analogous_colors,1873
leaf_hat_ornament,1872
consensual_tentacles,1871
posing,1871
flower_in_mouth,1870
nipple_jewelry,1869
flying_fish,1868
doily,1868
toilet_stall,1867
vibrator_on_nipple,1867
clueless,1866
food_on_breasts,1865
animal_on_arm,1865
purple_cloak,1865
eyelash_ornament,1864
invisible_man,1864
hanging_light,1863
sorcerer's_sutra_scroll,1863
spaghetti,1862
lightning_bolt_print,1861
biting_ear,1861
sports_panties,1860
hogwarts_school_uniform,1860
kiwi_(fruit),1859
two-finger_salute,1859
hanten_(clothes),1859
pushing,1857
diamond-shaped_earrings,1856
josou_seme,1856
penis_on_ass,1855
dress_ribbon,1855
heckler_&_koch,1855
monochrome_background,1855
untied_shoelaces,1854
melon,1854
hedgehog,1853
striped_coat,1853
affectionate,1852
smokestack_hair_ornament,1852
cat_bag,1851
sauna,1850
self-harm_scar,1849
glove_bow,1848
vertical-striped_bikini,1848
glowing_wings,1848
single_bare_leg,1847
shirt_overhang,1847
chocolate_cake,1846
pinstripe_suit,1846
puff_and_slash_sleeves,1846
title_parody,1846
bird_mask,1846
procreate_(software),1845
holding_sword_behind_back,1845
licking_foot,1845
guided_penetration,1844
taller_female_shorter_male,1843
upshorts,1842
hand_over_eye,1842
masochism,1841
family_crest,1840
torture,1840
koi,1839
vertical-striped_kimono,1838
decepticon,1838
holding_newspaper,1838
peony_(flower),1837
anemo_symbol_(genshin_impact),1836
electrical_outlet,1836
wallet,1836
ring_gag,1836
post-apocalypse,1836
blue_petals,1834
cellphone_charm,1834
hand_on_another's_ear,1832
tulip_hat,1831
hand_on_own_ear,1828
polaroid_photo,1828
toast_in_mouth,1827
blake_bloom_(wuthering_waves),1827
gem_(steven_universe),1827
back-seamed_legwear,1826
alice_(alice_in_wonderland)_(cosplay),1826
crocodilian,1826
mob_face,1826
double_vertical_stripe,1825
facepalm,1825
conductor_baton,1825
one_ear_down,1825
maneki-neko,1824
anchor_necklace,1823
plant_roots,1823
coat_dress,1823
loosely_tucked_bangs,1822
holding_whisk,1821
papers,1821
oda_uri,1821
koishi_day,1820
holding_plant,1819
cuirass,1818
sadism,1818
complementary_colors,1818
adjusting_legwear,1818
bad_food,1818
on_roof,1817
green_ascot,1817
how_to,1816
ticket,1816
super_saiyan_4,1816
2013,1815
king_(chess),1814
arm_cuffs,1814
bad_perspective,1814
brick,1814
pixie_cut,1813
tag,1813
storefront,1813
white_petals,1812
rhodes_island_logo_(arknights),1812
waiter,1812
trinity_general_school_logo,1811
hooded_shrug,1810
paper_crane,1810
tearing_clothes,1810
boar,1809
seatbelt,1808
half-heart_hands,1808
theft,1808
missile_pod,1806
object_floating_above_hand,1805
in_memoriam,1804
paint_on_clothes,1804
very_long_sidelocks,1803
photorealistic,1802
poleyn,1801
oohashi_high_school_uniform,1801
panties_under_buruma,1801
lowleg_pants,1798
urethral_insertion,1797
tokyo,1797
white_tunic,1796
no_eyepatch,1796
makeup_brush,1795
star-shaped_eyewear,1795
clown_nose,1792
cow_ear_hairband,1792
female_goblin,1792
galaxy_team_survey_corps_uniform,1791
looking_at_hand,1790
censored_text,1789
lute_(instrument),1789
clothes_tug,1789
moon_phases,1787
grey_bag,1787
circled_9,1787
ketchup_bottle,1787
single_fishnet_legwear,1786
shinai,1786
marking_on_cheek,1786
footwear_flower,1786
duel_academy_uniform_(yu-gi-oh!_gx),1785
diving_mask_on_head,1785
string_bra,1785
historical_name_connection,1785
sitting_on_table,1784
oversized_breast_cup,1784
bus,1783
dawn,1783
glory_wall,1783
orange_jumpsuit,1782
ace_of_spades,1782
clone_harem,1782
tools,1782
holding_cross,1781
see-through_sarong,1781
bean_bag_chair,1780
food_art,1779
dollchestra,1779
adidas,1778
single_head_wing,1778
between_toes,1778
hammock,1777
skull_necklace,1777
rubber_gloves,1777
mitre,1776
mast,1775
misunderstanding,1774
bear_costume,1774
polka_dot_swimsuit,1774
black_male_swimwear,1773
amesuku_gyaru,1773
tuanshan,1772
holding_key,1772
group_hug,1772
multi-strapped_panties,1772
spreading_own_anus,1772
finger_to_another's_mouth,1771
infirmary,1771
holding_necklace,1770
brazilian_flag,1769
art_brush,1769
hooded_bodysuit,1768
rounded_corners,1767
flak_jacket,1767
hugging_viewer,1766
ribbed_bodysuit,1766
single_boot,1764
grey_armor,1763
hairjob,1763
hand_grip,1763
floating_island,1763
sparse_stubble,1762
steak,1762
hand_in_own_panties,1762
lovestruck,1762
orange_streaks,1762
tweaking_own_nipple,1762
surrounded,1762
converse,1760
icho_private_high_school_uniform,1760
skeleton_print,1759
negative_space,1758
watching_television,1758
cum_in_nose,1758
gerudo,1758
scar_on_back,1757
holding_own_legs_back,1757
giant_monster,1756
solid_circle_pupils,1756
shiny_swimsuit,1755
satin,1754
multicolored_hoodie,1754
wakizashi,1753
grill,1751
saiyan,1751
standing_doggystyle,1751
bib,1750
kono_lolicon_domome,1750
jockstrap,1749
color_timer,1749
red_oni,1748
beam_cannon,1748
contrast_lapels,1748
inline_skates,1748
ankle_bow,1747
cat_on_shoulder,1747
flying_paper,1747
playstation_portable,1747
owl_ears,1746
heart-shaped_eyes,1746
monster_focus,1746
ghost_hair_ornament,1745
hole_in_chest,1745
frilled_wristband,1744
cum_on_pussy,1743
forked_tail,1743
white_tiger,1743
german_flag,1742
cat_costume,1741
red_bandeau,1740
whiteboard,1739
grenade_launcher,1738
omikuji,1738
spit_take,1737
diaper,1737
black_bonnet,1737
floating_book,1736
holding_donut,1736
wallpaper_(object),1734
hand_on_headphones,1733
inseki,1733
gift_bag,1733
excalibur_morgan_(fate),1733
star_of_david,1731
bear_tail,1730
military_dress_uniform,1729
pom_pom_earrings,1729
two-tone_wings,1728
log_pose,1728
dragon_bean_(arknights),1727
spreader_bar,1726
butterfly_ornament,1725
sand_castle,1725
drying_own_hair,1724
rook_(chess),1724
zora,1724
wolf_costume,1723
two-tone_shorts,1722
hexagon_print,1722
changpao,1722
white_pubic_hair,1722
reindeer,1722
spiked_pauldrons,1721
green_eyeshadow,1720
spiked_jacket,1720
chocobo,1720
glowing_horns,1720
nipple_pull,1720
torn_coat,1719
holding_pole,1719
horseshoe,1718
lord_camelot_(fate),1718
expressive_clothes,1718
wading_pool,1718
elbow_on_knee,1717
after_bathing,1717
bathrobe,1716
no_mole,1716
dragging,1715
gold_belt,1715
multiple_scoops,1715
recorder,1714
plaid_panties,1714
front-to-back,1714
sugar_cube,1713
unworn_backpack,1713
camisole_lift,1712
holding_map,1712
2012,1711
do_not_want,1711
bee,1711
hospital,1711
orange_cat,1709
crosshatching,1709
teeth_hold,1708
gem_hair_ornament,1708
thermos,1705
hexagon_hair_ornament,1705
cracked_glass,1704
applying_own_makeup,1703
pastry_bag,1703
tenshi_kaiwai,1703
implied_after_sex,1702
holding_swimsuit,1702
muzzle_(mask),1702
yellow_teeth,1701
winged_halo,1701
presenting_foot,1700
shorts_around_one_leg,1700
kabuto_(helmet),1699
hands_on_another's_ass,1699
aqua_bra,1699
multicolored_cape,1699
white_rabbit_(animal),1698
grey_apron,1698
pegasus,1697
acorn,1697
severed_limb,1696
reverse_fellatio,1696
windmill,1696
decapitation,1696
tentacles_on_male,1696
ink_tank_(splatoon),1696
holding_pocky,1696
multitasking,1695
easter,1694
strawberry_cake,1694
ribbon-trimmed_headwear,1693
suimei_academy_school_uniform,1692
penguin_costume,1692
weasel_girl,1692
lightning_bolt_hair_ornament,1692
merman,1692
breast_padding,1692
happy_aura,1691
fried_chicken,1691
winged_heart_tattoo,1691
pizza_box,1691
blue_pubic_hair,1690
netnavi,1689
character_signature,1689
hand_wraps,1687
distortion,1687
multicolored_necktie,1686
green_assault_visor,1685
odd_one_out,1685
chained_wrists,1685
pink_sweater_vest,1684
animal_genitalia_on_humanoid,1683
nipple_cutout,1683
holding_mini_person,1683
splatter,1683
ruffling_hair,1682
starry_hair,1682
policeman,1680
checkered_hairband,1678
eye_reflection,1678
vertical-striped_headwear,1678
jaguar_tail,1677
storm,1677
spell_card,1677
sling_bikini_top,1677
checkered_shirt,1676
biting_glove,1675
marshmallow,1672
futasub,1670
blowing,1669
cool_colors,1669
bunching_hair,1668
cross-eyed,1667
upshirt,1667
grey_camisole,1667
red_haori,1666
hands_on_another's_waist,1666
shimokitazawa_high_school_uniform,1666
motoyui,1665
wall_of_text,1665
crotch_zipper,1664
ao_dai,1664
swim_cap,1664
2010,1663
lipgloss,1662
tribal_tattoo,1662
panties_on_head,1658
wrist_cutting,1658
beans,1658
polka_dot_pajamas,1658
crossover_pairing,1657
fluffy_clothes,1657
wanted_poster,1657
duel_disk,1657
above-cleavage_cutout,1656
frilled_umbrella,1656
karaoke,1656
booth_seating,1656
hashtag,1655
gem_(symbol),1655
naturally_detached_hair,1655
kessoku_band,1654
hands_on_another's_chest,1653
cigarette_pack,1653
tape_measure,1653
frontless_outfit,1652
buruma_pull,1651
crowbar,1650
elbow_on_table,1649
grabbing_another's_sleeve,1649
cobblestone,1649
glaive_(polearm),1647
yellow_camisole,1647
helmet_over_eyes,1647
ladybug,1647
green_tea,1647
blue_bird,1646
lace-trimmed_hairband,1645
arm_pouch,1645
naked_overalls,1645
hugging_tail,1645
brown_neckerchief,1645
peace_symbol,1644
pinstripe_pants,1643
croissant,1643
saber_(weapon),1643
hands_on_own_legs,1643
pier,1643
vinyl_record,1642
aristocratic_clothes,1642
rabbit_hat,1642
veiny_hands,1641
holding_with_tail,1641
carrying_baby,1641
green_collar,1641
shopping_cart,1641
wrist_flower,1641
hand_on_railing,1641
heads-up_display,1640
evangelion_(mecha),1639
masturbation_under_clothes,1636
torn_cloak,1636
height_chart,1636
covered_pussy,1635
raimon,1635
hedgehog_girl,1634
license_plate,1632
middle_part,1632
twintails_with_hair_base,1631
queen_(chess),1630
wet_towel,1630
running_track,1630
triplets,1630
massage,1628
ornate_ring,1627
clothed_robot,1627
wizard,1627
right-to-left_comic,1627
windowsill,1627
glitter,1627
gold_collar,1627
copy_ability,1627
nail_bat,1626
pineapple,1625
ivy,1625
shirt_partially_removed,1625
multicolored_scarf,1624
<o>_<o>,1624
trophy,1623
pubic_stubble,1623
stirrup_footwear,1622
vertical-striped_socks,1622
simulated_fellatio,1621
cola,1621
cracked_floor,1621
barefoot_sandals_(jewelry),1621
fur_choker,1620
carousel,1620
playing,1620
blood_from_forehead,1619
dirty_feet,1619
public_use,1618
overall_skirt,1618
harp,1618
playing_piano,1617
stats,1617
anchor_choker,1614
broken_mirror,1614
heart-shaped_ornament,1614
wrist_belt,1614
aqua_flower,1613
porch,1612
sailor_moon_redraw_challenge_(meme),1611
beer_bottle,1611
character-themed_food,1611
torn_wings,1610
parrot,1610
brown_bra,1609
kirin_(armor),1604
licking_ear,1603
cream_on_face,1603
seal_impression,1602
bubble_tea_challenge,1602
mithra_(ff11),1601
nintendo_ds,1601
puppy,1601
aqua_shorts,1601
sheikah,1601
abuse,1601
hair_flip,1601
army,1601
salad,1600
bagged_fish,1600
underwear_writing,1599
araki_hirohiko_(style),1598
unworn_bikini,1598
foam,1598
snow_leopard_girl,1597
materia,1595
otaku,1595
scars_all_over,1595
hair_floating_upwards,1594
weapon_case,1594
head_steam,1594
white_day,1594
animal_helmet,1594
nissin_cup_noodle,1594
butterfly_sitting,1593
muzzle_flash,1593
hoyofair,1593
holding_flask,1590
floating_neckwear,1589
shirt_partially_tucked_in,1589
anemone_(flower),1589
weasel_tail,1589
folder,1587
striped_pajamas,1587
gokkun,1587
fur_cloak,1587
finger_counting,1587
pee_stain,1586
monkey_boy,1585
elevator,1585
pink_track_suit,1584
smalldom,1584
giant_male,1584
wedge_heels,1584
rice_hat,1583
brown_lips,1582
kamaboko,1582
note,1581
boy_sandwich,1580
casino,1580
airship,1579
blood_on_chest,1579
dvd_cover,1578
floating_card,1577
motherly,1577
head_on_head,1577
ferret,1576
onion,1576
green_bandana,1576
covered_groin,1576
whiskey,1575
sitting_backwards,1575
baton_(weapon),1574
l_hand,1574
hanetsuki,1574
holding_another's_horns,1573
holding_shirt,1572
holding_gem,1572
pilot,1571
pankou,1571
lace_sleeves,1570
unworn_bikini_bottom,1570
purple_hakama,1570
very_long_tongue,1570
bishop_(chess),1570
noses_touching,1570
print_sweater,1569
onmyouji,1569
white_scales,1569
holding_lighter,1568
coin_hair_ornament,1566
through_screen,1565
aria_company_uniform,1565
knives_between_fingers,1565
2011,1564
propeller_fighter,1564
lifeguard,1563
black_bandana,1563
holding_mace,1562
clothed_male_nude_male,1562
grave,1562
night_vision_device,1562
year_of_the_horse,1562
corsage,1562
virgin_destroyer_sweater,1561
power_suit,1561
game_boy,1561
skull_on_head,1561
holding_calligraphy_brush,1561
vanishing_point,1560
aqua_leotard,1560
metamoran_vest,1559
animal_head,1559
bandaged_fingers,1558
creature_on_head,1558
chessboard,1557
aqua_sleeves,1557
cross-laced_skirt,1555
nata_(tool),1555
griffin_&_kryuger_military_uniform,1554
drum_(container),1554
breaking,1553
wringing_clothes,1553
between_pectorals,1551
braiding_hair,1551
chakram,1551
bridal_lingerie,1550
math,1549
blue_corset,1549
sidelocks_tied_back,1549
lime_(fruit),1548
hand_on_own_crotch,1548
flower_hairband,1548
keizoku_military_uniform,1548
ultra_ball,1547
licking_another's_neck,1546
stitched_torso,1545
nazi,1545
purple_bag,1545
energy_cannon,1545
used_condom_on_penis,1545
eyeball_hair_ornament,1545
tapir_girl,1544
multicolored_hair_bobbles,1544
dudou,1544
huge_dildo,1544
bandaid_on_head,1544
strapless_one-piece_swimsuit,1543
kimono_lift,1542
broken_window,1542
exercise_ball,1541
pelt,1540
popped_button,1540
red_shawl,1540
winged_shoes,1538
kinchaku,1538
shield_on_back,1538
ofuda_between_fingers,1538
folded_hair,1537
hole,1537
van,1537
blue_shrug,1537
empire_waist,1537
public_restroom,1536
aqua_thighhighs,1536
see-through_panties,1536
armored_leotard,1535
tucked_penis,1534
white_jumpsuit,1534
legband,1534
sneezing,1534
tickling_feet,1534
star_wand,1534
two-sided_skirt,1534
screw_hair_ornament,1533
abandoned,1533
crawling,1533
stopwatch,1533
menu_board,1532
plaid_ribbon,1532
jacket_lift,1532
against_fourth_wall,1529
amazon_position,1529
checkered_bow,1527
hungry,1527
medieval,1527
fidgeting,1527
handsfree_breast_squeeze,1527
holding_bra,1526
black_overalls,1526
scoop_neck,1526
fire_on_chest,1524
meadow,1523
pink_sandals,1523
holding_with_feet,1522
glove_cutout,1522
christmas_stocking,1522
mind_break,1522
good_end,1522
tile_ceiling,1522
kiyosumi_school_uniform,1522
gunblade,1521
green_helmet,1521
hand_to_head,1520
black_unitard,1519
comedic_sweatdrop,1519
kikumon,1519
downturned_eyes,1518
holding_rope,1518
two-tone_tail,1518
single-shoulder_dress,1517
male_underwear_peek,1516
zodiac,1516
orange_leotard,1515
cork,1515
milky_way,1515
fan_hair_ornament,1514
melon_bread,1514
covered_pectorals,1514
unworn_necktie,1514
braces,1513
sparrow,1513
black_jumpsuit,1513
argyle_sweater,1512
snowflake_background,1511
sheet_ghost,1511
cat_mask,1510
ero_guro,1509
polar_bear,1509
sitting_on_branch,1509
covering_ass,1507
vibrator_in_thigh_strap,1505
player_2,1505
armored_bodysuit,1505
rabbit_costume,1504
ipod,1504
aestus_estus,1504
long_scarf,1504
brown_flower,1503
yellow_bandeau,1503
orange_horns,1503
pink_leg_warmers,1503
red_panda_ears,1502
orange_coat,1502
ski_goggles,1502
bandaid_on_neck,1501
covering_one_breast,1501
shihakusho,1501
stuffed_penguin,1501
protecting,1500
first_aid_kit,1500
red_crown,1499
radish,1497
testicle_grab,1497
scratching_head,1497
torn_swimsuit,1496
fitting_room,1496
fur_boots,1496
crotchless_pantyhose,1495
detached_leggings,1495
dissolving,1495
pink_hakama,1495
behind-the-head_headphones,1495
flag_background,1494
drugged,1493
latex_thighhighs,1493
ball_and_chain_restraint,1492
ears_visible_through_hair,1492
isometric,1492
credits,1492
victorian,1491
meta,1491
hogtie,1491
fruit_hat_ornament,1491
in_bathtub,1491
pill_earrings,1490
inktober,1488
shotgun_shell,1488
broken_armor,1487
cross-laced_legwear,1487
ganguro,1483
food-themed_background,1483
mmm_threesome,1482
champion_uniform_(pokemon),1481
red_carpet,1481
blue_scales,1481
pinching_own_belly,1480
double_\m/,1480
guard_rail,1480
track_uniform,1479
persona_(summon),1478
fiery_wings,1478
holding_bass_guitar,1478
heisei_retro,1477
male_underwear_pull,1476
double_amputee,1476
wataboushi,1476
yellow_visor_cap,1475
cauldron,1475
scylla,1474
grey_helmet,1474
hyena_boy,1474
beetle,1473
holding_marker,1473
choke_hold,1473
brown_mittens,1473
haramaki,1472
leaning_on_table,1470
green_scales,1470
fur-trimmed_leotard,1470
meteor_shower,1469
different_shadow,1469
jungle,1468
survey_corps_(emblem),1468
double_dildo,1468
poppy_(flower),1467
red_scales,1466
paper_on_head,1466
konohagakure_shinobi_uniform,1466
prank,1466
holding_spring_onion,1466
jolly_roger,1466
smelling_clothes,1465
yellow_petals,1464
butterfly_tattoo,1464
movie_poster_(medium),1464
2009,1464
combat_knife,1464
moth_girl,1463
sabaton,1463
mummy,1463
missing_tooth,1463
jetpack,1462
bikini_shorts,1462
japan_national_police,1461
pose_imitation,1461
kamiyama_high_school_uniform_(hyouka),1461
transparent_censoring,1461
bokken,1461
ashtray,1461
dragonfly,1460
ass-to-ass,1460
last_defense_academy_school_uniform,1459
holding_reins,1459
wagnaria_uniform,1459
horse_boy,1459
undone_neck_ribbon,1458
crane_(animal),1457
nanairogaoka_middle_school_uniform,1457
green_fire,1457
pig_ears,1457
skirt_flip,1456
body_switch,1455
food_wrapper,1455
angora_rabbit,1454
holding_bell,1454
o-ring_harness,1454
rice_on_face,1453
french_flag,1453
grabbing_another's_twintails,1453
nihongami,1453
nipple_chain,1452
animal_with_hair,1451
yellow_sailor_collar,1451
neo_zeon,1451
holding_menu,1451
lead_pipe,1450
chikan,1450
hypnosis_app,1450
lotus_leaf,1449
ghost_girl,1448
arm_out_of_sleeve,1447
monkey_girl,1447
clothesline,1447
fruit_on_head,1447
roasted_sweet_potato,1446
magical_boy,1446
pravda_school_uniform,1446
emo_fashion,1446
sports_bra_lift,1445
inflatable_raft,1445
nissan,1445
orange_apron,1445
chest_eye,1444
small_chastity_cage,1444
soft_serve,1443
ahoge_wag,1443
yin_yang_print,1442
murder,1442
batman_symbol,1442
pixel_heart,1442
h&k_ump,1442
black_hole,1442
winged_bag,1441
canopy_bed,1441
minotaur,1441
back_ribbon,1440
chrysanthemum,1440
green_jumpsuit,1439
surcoat,1438
checkered_dress,1438
pointy_shoes,1437
shrugging,1437
tantou,1437
design_speculation,1436
polka_dot_ribbon,1436
hair_between_horns,1436
blood_on_neck,1436
broccoli,1435
apron_lift,1435
frilled_straps,1435
pelvic_curtain_lift,1434
bullying,1434
race_bib,1433
radiation_symbol,1433
track_and_field,1433
ears_through_hood,1433
priestess,1432
cum_on_pectorals,1432
checkered_sash,1431
mask_over_one_eye,1431
white_slippers,1431
holding_another's_wrists,1428
dogeza,1428
purple_sweater_vest,1428
emoticon,1428
holding_torch,1428
dark_cloud,1428
futanari_pov,1427
they_had_lots_of_sex_afterwards_(meme),1425
fuurinkan_high_school_uniform,1423
oversized_limbs,1423
hands_on_hilt,1423
holding_egg,1422
multiple_thigh_straps,1422
centipede,1422
akatsuki_uniform,1421
blood_on_breasts,1421
basketball_jersey,1421
flower_on_liquid,1420
surfing,1420
white_rope,1419
bite_mark_on_shoulder,1419
webbed_hands,1419
elephant,1419
beach_mat,1418
sickle,1418
frozen,1418
butterfly_brooch,1417
chess,1417
otter,1417
dressing_another,1417
face_down,1417
deviantart_logo,1417
fist_bump,1416
holding_sketchbook,1415
joestar_birthmark,1415
jeweled_branch_of_hourai,1415
poke_ball_theme,1415
broken_mask,1415
spider_print,1415
hands_in_pocket,1414
foreplay,1414
extra_faces,1413
red_shrug,1413
rising_sun_flag,1413
green_outline,1412
holding_milk_carton,1412
tamagoyaki,1411
toddlercon,1411
holly_hair_ornament,1410
butterfly_earrings,1409
penguin_hood,1409
grey_sclera,1409
penis_on_pussy,1409
male_on_futa,1408
holding_watering_can,1408
cross-laced_bikini,1408
gothic_punk,1407
valkyrie,1407
amusement_park,1407
two-tone_sleeves,1407
soap_bottle,1406
spines,1406
silver_skin,1406
tape_bondage,1405
quadruple_amputee,1404
mismatched_ear_covers,1404
dynamax,1404
back-print_panties,1404
toriyama_akira_(style),1404
covered_penetration,1404
pink_butterfly,1403
at_computer,1403
animal-themed_food,1403
sam_browne_belt,1403
holding_handcuffs,1402
multiple_torii,1402
cuff_links,1402
chihaya_(clothing),1402
lipstick_ring,1402
fender_stratocaster,1402
implied_masturbation,1401
goat_tail,1401
little_red_riding_hood_(fairy_tale_character)_(cosplay),1401
ass_tattoo,1400
medium_sideburns,1400
aviator_cap,1400
dilation_tape,1399
aqua_pants,1398
brown_ascot,1398
suicide,1397
kaleidostick,1397
leopard_ears,1397
dock,1397
holding_dumbbell,1396
leopard_print_bikini,1395
virtual_pet_(toy),1395
orange_gem,1394
scratching_cheek,1394
cat_choker,1394
sailor_senshi,1393
puchimasu!_(style),1393
year_of_the_rat,1393
unworn_shorts,1392
vertical_foregrip,1392
strawberry_print_panties,1392
duckling,1391
hishaku,1389
mismatched_thighhighs,1388
alpaca_ears,1388
arachne,1388
ring_necklace,1386
glowing_flower,1386
mutton_chops,1386
brown_robe,1385
train_conductor,1385
otter_ears,1384
dating,1383
unconventional_steed,1383
crazy_straw,1383
stained_clothes,1383
biting_own_finger,1383
mole_on_armpit,1382
golf_club,1382
buruma_aside,1382
human_furniture,1382
mount_fuji,1381
scale_armor,1381
holding_notepad,1381
removing_jacket,1381
lap_pillow_invitation,1381
sewing,1380
clownfish,1380
sitting_on_shoulder,1380
satin_panties,1379
brown_feathers,1379
brown_cat,1378
military_rank_insignia,1378
heart_hat_ornament,1378
net,1377
horned_hat,1377
double_strap_slip,1377
stuffed_dog,1376
billboard,1375
white_haori,1375
hand_on_own_hat,1374
qixiong_ruqun,1374
shared_earphones,1374
holding_club,1373
black_hiphighs,1373
pink_sclera,1373
self_hug,1372
unworn_hair_ornament,1372
japan,1372
fingering_through_panties,1370
bandaged_foot,1370
fast_food_uniform,1370
masquerade_mask,1370
listening_to_music,1370
toyota,1370
polka_dot_scrunchie,1368
sauce,1367
united_states,1367
flower-trimmed_sleeves,1367
pokemon_team,1367
after_masturbation,1366
genderswap_on_non-genderswap,1366
dangle_earrings,1366
circle_formation,1365
large_horns,1364
mundane_made_awesome,1364
black_mouth,1363
holding_dog,1362
yellow_one-piece_swimsuit,1362
pushing_away,1361
lowleg_skirt,1360
karate_gi,1360
candlelight,1359
toe_cleavage,1359
grid,1359
x3,1359
red_star,1359
half-erect,1359
onbashira,1358
lying_on_water,1358
wide_oval_eyes,1357
calligraphy,1356
forced_smile,1356
bite_mark_on_breast,1355
flirting,1355
liquid_halo,1355
red_camisole,1355
collared_halterneck,1355
planet_hair_ornament,1354
mane,1354
iridescent_clothes,1353
blue_hanfu,1353
scouter,1353
volleyball_net,1352
adjusting_scarf,1352
pink_tulip,1352
gathers,1352
laundry_basket,1352
tentacle_girl,1351
dim_lighting,1350
living_room,1350
dark_labia,1350
crotch_grab,1350
odaiba_girls_high_school_uniform,1349
happy_anniversary,1349
pearl_thong,1348
dungeon,1347
thong_aside,1347
pitcher_(container),1347
marriage_proposal,1347
out_of_character,1347
broken_eyewear,1346
battle_damage,1345
bc_freedom_military_uniform,1345
holding_clothes_hanger,1345
unworn_gag,1345
incense_burner,1345
jam,1345
gingerbread_man,1344
cowgirl_(western),1343
gymnastics,1343
sharingan,1343
sophist's_robe_(ff14),1343
coffee_pot,1343
four-pointed_star,1342
pink_sports_bra,1342
movie_theater,1342
decora,1342
scar_on_tail,1342
leaf_umbrella,1342
creature_on_shoulder,1341
falchion_(fire_emblem),1341
multicolored_bowtie,1341
rash_guard,1340
ambiguous_red_liquid,1339
holding_surfboard,1339
tonfa,1338
snow_rabbit,1337
detached_hood,1336
bacon,1336
measuring,1335
bound_thighs,1335
panties_under_shorts,1335
eyes_in_shadow,1335
rural,1334
parka,1334
latex_leotard,1334
soviet,1334
yellow_sandals,1334
kagami_mochi,1333
brazilian_flag_print,1333
accident,1333
black_haori,1332
leggings_under_shorts,1332
unused_tire,1331
chuunibyou,1331
water_lily_flower,1331
obidome,1330
st._gloriana's_(emblem),1330
green_rose,1329
holding_blanket,1329
weapon_focus,1329
cassock,1329
rerebrace,1328
ear_flower,1328
microwave,1328
saunders_military_uniform,1327
backless_swimsuit,1327
keep_out,1326
holding_baton,1326
invisible,1325
gradient_tail,1325
hekiho_academy_school_uniform,1325
pectoral_press,1325
hands_on_own_chin,1325
green_pajamas,1324
swirl,1324
catchphrase,1324
naked_scarf,1324
mole_above_eye,1324
bent_over_furniture,1323
candelabra,1322
cabbage,1322
handshake,1322
bear_hood,1322
cart,1322
orange_border,1321
see-through_curtains,1321
pubic_tattoo_visible_through_clothes,1321
shirt_under_sweater,1321
heropin,1321
pawn_(chess),1320
varia_suit,1320
pinching_another's_belly,1320
prison_cell,1320
compression_shirt,1320
chocolate-covered_food,1319
fingers_to_cheeks,1319
floral_print_skirt,1319
bicycle_basket,1319
fn_p90,1319
shirt_around_waist,1318
undersized_animal,1318
bulging_eyes,1318
guimpe,1317
pagoda,1317
fur-trimmed_bikini,1317
paper_texture,1316
spreading_another's_anus,1316
sad_smile,1316
stitched_neck,1315
gold_bracer,1315
heart_ear_ornament,1315
snake_print,1315
trash,1314
stained_sheets,1314
white_dog,1313
glowing_hand,1313
electric_plug_tail,1312
ribbon-trimmed_bikini,1312
underpec,1312
starting_future_(umamusume),1312
raccoon_boy,1312
aunt_and_niece,1311
ball_and_chain_(weapon),1311
black_headdress,1311
anchor_ornament,1311
floral_print_shirt,1310
unworn_cape,1310
fake_halo,1310
heart_sticker,1309
firelock,1308
holding_another's_foot,1308
yellow_capelet,1306
mg42,1306
compass,1306
shirt_bow,1306
black_overskirt,1306
short_sideburns,1305
underlighting,1305
yellow_armor,1305
swim_goggles,1305
cum_on_fingers,1305
hair_wings,1304
star_guardian_(league),1304
star_balloon,1304
studded_collar,1304
very_long_beard,1304
reptile_boy,1303
block_heels,1303
skirt_basket,1303
eel,1303
hands_on_another's_back,1302
alternate_hair_ornament,1301
wyvern,1301
card_parody,1300
unworn_jewelry,1299
holy_quintet,1299
taut_leotard,1298
purple_armband,1298
temple,1298
character_and_genderswap,1298
tri_braids,1298
orca_girl,1297
riding_animal,1297
fishing_line,1297
striped_hat,1297
arcade_cabinet,1297
print_pants,1296
urinal,1296
strawberry_slice,1295
shoulder_guard,1295
wooden_bench,1295
holding_flower_pot,1294
prison,1294
yami_kawaii,1294
black_nightgown,1293
searchlight,1293
holding_chainsaw,1293
tree_horns,1293
side_up_ring,1293
tripod,1293
tabby_cat,1292
hand_over_another's_mouth,1292
war_hammer,1292
reindeer_girl,1292
ovum_with_heart,1291
armbinder,1290
penis_shadow,1290
stripper,1290
hooded_track_jacket,1290
volcano,1290
kanba_girls_high_school_uniform,1289
face_in_pillow,1289
clock_eyes,1289
silver_dress,1288
slim_legs,1288
skeletal_wings,1286
trigram,1286
dark_room,1285
handjob_gesture,1285
taichou_haori,1285
bridle,1284
carapace,1284
hat_over_eyes,1283
shuangyaji,1283
wafer_stick,1283
thigh_focus,1282
absolutely_everyone,1282
female_service_cap,1282
cardigan_under_jacket,1282
white_hakama,1281
fake_video,1281
fleur-de-lis,1281
purple_pubic_hair,1281
picnic_blanket,1281
punching_viewer,1280
square_pupils,1280
drowning,1279
police_car,1279
crown_hair_ornament,1279
kitten,1279
christmas_wreath,1279
rust,1279
red_male_underwear,1279
aeug,1279
knight_(chess),1279
extra_pupils,1279
cock_ring,1278
ribbon-trimmed_shirt,1278
russo-ukrainian_war,1278
purple_tank_top,1277
familiar,1277
canned_coffee,1277
single_mechanical_eye,1276
cardigan_partially_removed,1276
aqua_vest,1276
cumdump,1275
keyblade,1275
tea_set,1274
smartphone_case,1274
armpit_sex,1274
lion_mane,1274
bath_stool,1273
flat_screen_tv,1273
thick_chest_hair,1273
box_art,1273
gold_bra,1272
2b_(nier:automata)_(cosplay),1272
micro_bra,1272
spiral,1272
widow's_peak,1272
fruit_as_cup,1271
ear_birthmark,1271
penis_to_breast,1271
classic_lolita,1270
shakujou,1270
scalpel,1270
tokisadame_school_uniform,1270
raspberry,1270
crushing,1270
plant_hair,1269
holding_binoculars,1269
low-cut_armhole,1269
sewing_needle,1268
oar,1268
holding_breath,1268
nyan,1268
heart_hands_failure,1267
flipped_bangs,1267
hakurei_shrine,1267
cowboy,1266
throwing_knife,1266
broken_sword,1266
heterochromatic_eyewear,1266
boutonniere,1266
golden_apple,1266
nihonga,1265
erlenmeyer_flask,1265
holomyth,1264
yumenosaki_school_uniform,1264
step-siblings,1264
dollar_sign,1263
steaming_cup,1263
plaid_shorts,1262
teardrop-framed_glasses,1261
luna_nova_school_uniform,1261
square,1261
pregnancy_test,1261
ai-generated_art_(topic),1260
bird_hair_ornament,1260
hugging_book,1260
holding_feather,1259
contrast,1259
holding_carrot,1259
floating_sword,1259
flower_trim,1259
tsuwabuki_high_school_uniform,1258
poker_table,1258
gumroad_username,1258
digital_clock,1258
cutting,1257
joy-con,1257
striped_one-piece_swimsuit,1257
bikini_top_under_shirt,1257
film_strip,1257
o-ring_one-piece_swimsuit,1256
arm_on_table,1256
shark_fin,1255
heart-shaped_hair,1255
splattershot_(splatoon),1255
kaname-ishi,1255
mole_on_pussy,1254
holding_candle,1254
curious,1254
toe_seam,1254
fleur_de_lapin_uniform,1253
stuffed_panda,1253
red_panda_girl,1252
low_poly,1252
high-visibility_clothing,1251
spade_hair_ornament,1251
runny_nose,1251
village,1251
european_architecture,1250
remembering,1250
market_stall,1250
muffin_top,1250
locomotive,1250
model_kit,1250
pectoral_focus,1249
disguise,1249
black_coat_(kingdom_hearts),1249
ribbon-trimmed_capelet,1248
tambourine,1248
dry_humping,1247
skin_seams,1247
single-shoulder_shirt,1247
pendant_collar,1246
honeycomb_background,1246
summer_pockets_school_uniform,1246
coconut_tree,1245
space_print,1245
monk,1244
needle_(hollow_knight),1244
awning,1244
suspenders_slip,1244
bathhouse,1244
covered_clitoris,1242
black_bustier,1242
commissioner_insert,1241
see-through_thighhighs,1241
holding_comb,1240
knee_blush,1240
blue_male_swimwear,1240
curved_horns,1239
penis_under_another's_clothes,1239
hololive_idol_uniform_(origin),1239
cryokinesis,1239
thumbs_down,1239
kotoyoro,1239
angels_of_delusion,1237
bird_on_arm,1237
pov_across_bed,1237
triquetra,1237
armpit_hair_peek,1237
female_butler,1237
arrancar,1236
piledriver_(sex),1235
stitched_leg,1235
holding_pocket_watch,1235
figure_four_sitting,1235
brown_pubic_hair,1234
hypocrisy,1234
1970s_(style),1234
pumpkin_hat,1234
front-seamed_legwear,1234
breast_milk_in_container,1234
throat_microphone,1234
grey_ascot,1234
cash_register,1234
vehicle_interior,1233
stomping,1232
squeezing,1232
holding_pointer,1232
playground,1231
strong,1231
fake_claws,1231
brown_serafuku,1231
holding_crossbow,1231
paw_print_pattern,1231
breast_strap,1230
gao,1230
pussy_juice_on_fingers,1230
feixianji_(hairstyle),1230
fox_hair_ornament,1230
foot_worship,1230
orange_bandana,1229
green_overalls,1229
stiletto_(weapon),1229
tit_(bird),1229
a-pose,1229
cleft_chin,1228
vacuum_cleaner,1228
panda_hair_ornament,1228
graduation,1228
pantyhose_only,1227
selfie_stick,1227
anglerfish,1227
frog_girl,1227
naked_cloak,1227
waving_arms,1226
nudist,1226
plaid_lapels,1226
unworn_scarf,1226
bonsai,1226
green_sky,1225
organs,1225
themed_object,1225
metal_wrist_cuffs,1225
robot_boy,1224
gun_on_back,1224
static,1224
afterglow,1224
yellow_sports_bra,1224
female_rimming_male,1224
fat_rolls,1224
on_stairs,1224
toggles,1223
pov_breasts,1223
pointy_boots,1222
warrior,1222
flamethrower,1221
pinstripe_skirt,1221
holding_above_head,1221
swastika,1220
ashigaya_high_school_uniform,1220
facebook_logo,1220
episode_number,1220
racing_suit,1220
closet,1219
fiery_tail,1219
heart_on_chest,1218
depressed,1218
biting_neck,1218
purple_apron,1218
floating_rock,1217
chaldea_bedroom,1217
entangled,1217
small_dragon,1217
print_apron,1216
whip_marks,1216
falling_flower,1215
holding_jar,1215
one-piece_thong,1215
kariyushi_shirt,1215
animal_on_hand,1214
safety_glasses,1214
spiked_belt,1214
arms_on_knees,1214
holding_hair_brush,1213
pink_buruma,1212
kanmuri_(headwear),1212
sky_lantern,1212
horned_hood,1212
congratulations,1211
starlight_academy_school_uniform,1211
cardiogram,1211
brown_suit,1210
torn_socks,1210
bust_cup,1210
red_pubic_hair,1210
cast,1210
caliburn_(fate),1210
test_plugsuit_(evangelion),1210
band_uniform,1209
pet_food,1209
hat_bell,1209
table_humping,1209
frilled_bonnet,1209
flying_teardrops,1208
blood_halo,1208
owl_girl,1207
diamond_facial_mark,1207
plaid_sleeves,1206
holographic_monitor,1206
purple_sclera,1206
fur-tipped_tail,1206
magnet,1206
grimoire_of_alice,1206
peacock_feathers,1205
walking_on_liquid,1205
asian_indian_clothes,1204
fingersmile,1203
cockroach,1203
reverse_spitroast,1203
shared_object_insertion,1203
dream_soul,1203
ring_of_light_(blue_archive),1203
chili_pepper,1203
polka_dot_bowtie,1202
midriff_sarashi,1202
balance_scale,1202
wavy_sidelocks,1202
front-hook_bra,1201
audio_jack,1201
object_on_breast,1201
z_saber,1201
on_boat,1201
light_persona,1200
fried_rice,1200
on_rooftop,1199
fallen_angel,1199
wax_seal,1199
memosprite,1199
unworn_thighhighs,1198
boulder,1198
cum_on_eyewear,1198
sky_focus,1197
grey_robe,1197
fur_bikini,1197
youtou_high_school_uniform,1196
leopard_tail,1196
cloud_hair_ornament,1195
martial_arts,1195
lime_slice,1194
adapted_uniform,1194
orange_sash,1193
leaf_earrings,1193
triangle-shaped_pupils,1193
high-visibility_vest,1193
cat_on_lap,1193
sun_print,1193
zipper_dress,1193
magician,1192
oven,1192
paint_can,1192
arms_around_another's_back,1191
rice_paddy,1191
pyramid_(structure),1191
furisode_sleeves,1191
tsumami_kanzashi,1191
paint_on_body,1190
implied_extra_ears,1190
clothes_pin,1189
pin,1189
worm,1189
sitting_sideways,1189
floating_skull,1188
hooded_shirt,1187
crack_of_light,1187
red_tube_top,1187
stuffed_winged_unicorn,1186
immobilization,1186
lolidom,1185
looking_at_flowers,1185
holding_paint_palette,1184
book_on_lap,1184
towel_around_waist,1184
blood_on_wall,1184
wheelbarrow,1184
game_development_department_(blue_archive),1183
yaopei,1182
cuisses,1182
camera_around_neck,1182
collar_tug,1182
bee_girl,1182
squidbeak_splatoon,1182
joystick,1181
piano_keys,1181
skating,1181
two-tone_mask,1180
brass_knuckles,1180
funnels_(gundam),1180
buried,1180
dodging,1179
crosshair_pupils,1179
playable_command_(touhou),1179
presenting_removed_panties,1179
panda_hood,1179
yellow_mask,1178
ehoumaki,1178
snow_globe,1177
fakemon,1177
multiple_hats,1177
balaclava,1177
anzio_military_uniform,1176
green_hood,1176
puritan_collar,1175
arms_across_body,1175
obese,1175
kissing_another_during_penetration,1175
diorama,1175
ribbon_earrings,1174
chaldea_staff_uniform,1174
kamisato_clan_(emblem),1174
holding_crowbar,1174
refraction,1174
nintendo_3ds,1174
bluesky_logo,1173
company_logo,1173
hook,1173
brown-tinted_eyewear,1172
baking,1172
gradient_skirt,1172
prince,1172
mojyo,1172
gradient_kimono,1171
vehicle_name,1171
adjusting_panties,1171
cue_stick,1170
plaid_bra,1170
censored_with_cum,1169
wiping_mouth,1169
holding_mallet,1168
multicolored_ribbon,1168
stuffed_sheep,1167
tooth,1167
mutual_masturbation,1167
travel_attendant,1166
sky_print,1166
ashford_academy_school_uniform,1166
fluorescent_lamp,1166
wreckage,1166
covered_anus,1166
sheep_tail,1166
bead_choker,1166
heart-shaped_boob_challenge,1166
triangular_eyewear,1165
halter_leotard,1165
fish_tank,1165
pen_in_pocket,1165
holding_cookie,1165
on_scooter,1165
screen_light,1164
sanbaka_(nijisanji),1164
v-taper,1163
grabbing_another's_ear,1163
frilled_shawl,1163
mask_lift,1163
grey_outline,1163
crossed_wrists,1162
purple_headband,1162
yellow_bandana,1162
grand_scale,1162
tomato_slice,1161
clothes_on_floor,1161
gold_anklet,1161
spoken_zzz,1161
shampoo_bottle,1161
ankle_wrap,1161
azumanga_daioh's_school_uniform,1160
hanami,1160
blue_mask,1160
high_five,1159
orange_bra,1158
pussy_focus,1158
mtu_virus,1158
side_capelet,1158
holding_pastry_bag,1158
translucent_bunnysuit,1158
naked_tabard,1157
digital_dissolve,1157
exploding_clothes,1157
head_between_thighs,1156
cloud_tattoo,1156
holding_paddle,1156
quad_braids,1156
spiked_armor,1156
bell_earrings,1156
fishnet_bodystocking,1156
black_bodystocking,1155
pinstripe_vest,1155
flower_over_mouth,1154
wind_turbine,1154
mud,1154
tying,1154
heart_halo,1153
two-tone_vest,1153
camera_flash,1153
black_vs_white,1153
flippers,1153
unconventional_sound_effect,1153
foot_dangle,1153
power_connection,1152
gradient-tinted_eyewear,1152
layered_gloves,1152
tart_(food),1152
implied_cunnilingus,1152
weights,1152
stage_curtains,1151
animal_sexualization,1151
plug_(piercing),1151
licking_testicle,1151
boxing,1151
fireball,1150
hand_on_own_penis,1150
weapon_tassel,1149
cello,1149
hand_on_another's_knee,1148
exoskeleton,1148
pickup_truck,1148
m16,1147
sixteenth_note,1147
holding_hair_dryer,1147
braiding_another's_hair,1147
sun_earrings,1146
male_with_breasts,1146
box_tie,1146
collared_leotard,1146
anal_only,1146
animal_charm,1146
sound_effects_only,1145
black_sarong,1144
chest_tuft,1144
diploma_tube,1143
white_slingshot_swimsuit,1143
iv_stand,1143
asymmetrical_pants,1142
aqua_scarf,1142
mini_chef_hat,1141
railroad_crossing,1141
checkered_ribbon,1141
vertical-striped_panties,1141
desert_eagle,1140
varied_reactions,1140
very_long_ears,1140
cupless_bikini,1140
blue_male_underwear,1138
penis_measuring,1138
long_eyebrows,1138
lazy_eye,1138
fist_pump,1137
food_packaging,1137
ass_press,1137
bikini_top_aside,1137
fern,1137
wing_ears,1136
brown_shawl,1136
hieroglyphics,1136
arms_on_table,1135
tall_grass,1134
long_toenails,1134
heart_ornament,1133
grey_eyeshadow,1133
pumpkin_hair_ornament,1133
convertible,1133
super_saiyan_blue,1133
cute_weapon,1133
narutomaki,1133
shoulder_plates,1132
strapless_bottom,1132
short_braid,1132
horseshoe_hat_ornament,1131
large_syringe,1131
cupboard,1131
grabbing_another's_face,1131
jug_(bottle),1131
mascot_costume,1131
orange_sclera,1130
orca,1130
prostration,1130
striped_leg_warmers,1130
single_mechanical_hand,1130
aqua_pupils,1129
egg_laying,1129
cutout_eyelashes,1129
sayagata,1129
curly_sidelocks,1128
japari_bun,1128
undersuit,1128
feet_only,1127
hotpot,1127
sukusuku_hakutaku,1127
cute_&_girly_(idolmaster),1127
blue_bandeau,1126
transverse_flute,1125
shaking_head,1125
minigun,1125
baseball_jersey,1125
scanlines,1124
see-through_shawl,1124
see-through_bikini,1124
yellow_pajamas,1124
cross-laced_cutout,1123
troll_face,1123
hand_blush,1123
cutie_mark,1123
covering_with_blanket,1122
food_name,1122
catsuit,1122
cross_tattoo,1122
gun_to_own_head,1121
transparent_border,1121
tuxedo_cat,1121
green_tongue,1121
wok,1121
see-through_one-piece_swimsuit,1120
snake_tattoo,1120
animation_meme,1120
energy_blade,1120
pink_crown,1120
assisted_rape,1120
panzer_iv,1120
blob,1120
cleaning_rag,1120
bralines,1119
gigantamax,1119
price_tag,1119
iron_bars,1118
tooth_earrings,1117
error_message,1116
wireless_earphones,1116
implied_pregnancy,1116
grey_one-piece_swimsuit,1116
orange_trim,1115
hyena_tail,1115
worldwide_miku,1115
iridescent,1115
tickling_armpits,1115
spread_armpit,1115
footwear_focus,1115
vertical-striped_vest,1115
exhaling_smoke,1115
swinging_weapon,1114
neon_palette,1114
holding_another's_tail,1113
luminosite_eternelle,1113
imperial_japanese_army,1113
arm_across_chest,1113
armored_skirt,1113
sketch_background,1112
fading,1112
menacing_(jojo),1112
riyo_(lyomsnpmp)_(style),1111
blue_mittens,1111
eye_symbol,1110
mimic,1110
party,1110
italian_text,1110
source_quote,1109
zenra,1107
masu,1107
purple_sarong,1107
tengu_mask,1107
hay,1107
bandana_around_arm,1106
v_over_head,1106
dragon_tattoo,1106
applying_lipstick,1106
species_connection,1106
penis_tentacle,1105
hand_milking,1105
applying_another's_makeup,1104
condenser_unit,1104
plumeria,1104
ligne_claire,1103
tape_on_nipples,1103
chocolate_making,1103
cum_through_clothes,1103
flailing,1102
shared_blanket,1101
licking_breast,1101
manta_ray,1101
voile,1101
cross-laced_corset,1101
kappa,1100
wall_lamp,1100
double_halo,1100
hugging_another's_leg,1099
flower_to_mouth,1099
school_gym,1099
:c,1099
xiangyun,1099
ray_gun,1099
nightstand,1099
bus_interior,1098
team_9_(touhou),1098
sailor_swimsuit_(idolmaster),1097
playing_with_another's_hair,1097
battleship,1097
holding_whistle,1097
other_with_female,1096
concrete,1096
sexual_coaching,1096
severed_hair,1095
school_of_fish,1094
spiked_headband,1094
no_hair_ornament,1093
covering_own_ears,1093
two-tone_panties,1093
brown_bodysuit,1093
eclipse,1093
maracas,1092
cross-body_stretch,1092
orange_juice,1091
hyena_girl,1091
smegma,1091
bolt_(hardware),1091
credits_page,1090
green_serafuku,1090
beretta_1301,1090
unkempt,1089
naked_dress,1089
aquiline_nose,1088
holding_shower_head,1088
holding_flashlight,1087
unworn_eyepatch,1087
fusuma,1087
visual_novel,1087
rattle,1087
double_exposure,1087
food_on_hand,1087
fiery_background,1087
fatter_than_canon,1086
purple_arm_warmers,1086
color_trace,1086
face_in_ass,1085
elvaan,1085
unworn_pants,1084
darkened_skin,1084
blue_nipples,1084
barbell,1083
excessive_pussy_juice,1083
leg_cutout,1083
spacecraft_interior,1083
alternate_wings,1083
bandages_over_clothes,1083
hanafuda_earrings,1083
rearing,1083
fur_cuffs,1082
announcement_celebration,1082
pink_pubic_hair,1081
cherry_tomato,1081
folded_clothes,1081
single_bare_arm,1081
bipod,1081
flapping,1080
anakt_garden_uniform,1080
virgin_killer_outfit,1080
aqua_sailor_collar,1080
vehicle_and_personification,1080
shippou_(pattern),1079
penis_in_panties,1079
green_camisole,1079
grilling,1079
mundane_utility,1079
phoenix,1079
z-ring,1079
w_over_eye,1078
pink_fire,1078
sounding,1078
bruised_eye,1077
pairing_name,1077
alcohol_carton,1077
hair_between_breasts,1077
print_scarf,1076
knit_hat,1076
dissolving_clothes,1076
raimon_soccer_uniform,1076
tacet_discord_(wuthering_waves),1075
heart_print_panties,1075
dilated_pupils,1074
mosin-nagant,1074
bouncing,1074
pov_peephole,1074
nemophila_(flower),1074
wrong_foot,1074
heavy,1074
swimsuit_skirt,1073
shinigami,1073
holding_cigar,1073
reloading,1072
on_water,1072
thick_arm_hair,1072
jump_rope,1072
bird_hat_ornament,1072
mizu_happi,1071
lace-trimmed_collar,1071
inconvenient_breasts,1071
5others,1071
relaxing,1071
holding_orb,1071
uncle_and_niece,1071
pantyhose_under_swimsuit,1071
asahi_breweries,1071
cave_interior,1071
off-shoulder_coat,1071
lace_thighhighs,1070
amestris_military_uniform,1070
bell-bottoms,1070
smelling_penis,1070
red_sweater_vest,1070
shout_lines,1070
colored_lineart,1070
metal_baseball_bat,1069
thigh_bow,1069
glass_door,1069
cooperative_handjob,1069
plackart,1069
inward_v,1069
sway_back,1068
silver_necklace,1068
arisaka,1068
arcade,1068
underworld_(ornament),1068
seisho_music_academy_school_uniform,1067
tankard,1067
holding_own_foot,1067
print_sarong,1067
tank_turret,1067
pink_babydoll,1067
drawing_on_another's_face,1067
sword_tassel,1066
torn_hat,1066
arguing,1066
sainan_high_school_uniform,1066
walker_(robot),1065
spade_tattoo,1065
jaguar_girl,1065
dirt_road,1065
camouflage_shirt,1065
purple_camisole,1064
hand_on_another's_wrist,1064
twintails_with_braided_base,1064
uneven_footwear,1064
slouching,1064
wet_skirt,1064
bandaged_torso,1063
captive_bead_ring,1063
binary,1063
low_drills,1063
lane_line,1063
blue_blood,1063
casing_ejection,1063
mortarboard,1062
rainbow_background,1062
gradient_nails,1062
pillory,1062
banana_peel,1062
weapon_bag,1062
duct_tape,1062
single_drill,1062
cherry_print,1062
huge_horns,1062
pants_under_dress,1061
clothes_theft,1061
gold_buckle,1061
smeared_lipstick,1061
cuntboy,1060
white_tulip,1060
cyrillic,1060
ruining_the_glorious_moment,1060
musket,1060
blue_oni,1060
wiping,1059
hawk,1059
head_on_arm,1059
stuffed_bird,1059
puzzle_piece,1059
water_yoyo,1059
mechanic,1058
cum_on_back,1058
x_fingers,1058
snow_leopard_boy,1058
yellow_umbrella,1057
whispering_in_ear,1057
rei_no_pool,1057
mistletoe,1057
dinosaur_tail,1056
poking_another's_breast,1056
chimera_(honkai:_star_rail),1056
symmetrical_pose,1056
fading_border,1055
finger_sucking,1054
purple_outline,1054
billiard_ball,1053
band_(music),1053
country_connection,1053
conch,1053
kousaka_kirino's_school_uniform,1053
hair_over_face,1053
heart_arms,1053
green_hanfu,1052
paw_hair_ornament,1052
torn_bike_shorts,1052
fortified_suit,1052
asymmetrical_arms,1052
transmission_tower,1052
inflatable_whale,1052
wet_face,1051
translucent,1051
puffy_chest,1050
diving,1050
muffin,1050
hip_armor,1050
red_panda_tail,1049
billiard_table,1049
wing_piercing,1049
groceries,1049
evoker,1049
rosary,1049
skeletal_hand,1048
animal_around_neck,1047
see-through_mask,1046
kanshou_&_bakuya_(fate),1046
coin_purse,1046
holding_handkerchief,1045
kissing_viewer,1045
unworn_goggles,1045
print_hat,1045
finger_tattoo,1045
purple_hood,1045
yamabuki_high_school_uniform,1044
o-ring_collar,1044
nipple-to-nipple,1044
ballistic_shield,1044
holding_pickaxe,1044
pussy_cutout,1044
amazon_warrior,1043
single_half_glove,1043
metal_hair_tubes,1043
hisuian_poke_ball,1043
cbt,1042
problem_solver_68_(blue_archive),1042
panty_lift,1041
season_connection,1041
pink_feathers,1041
hair_over_one_breast,1040
whip_sword,1040
holding_own_wrist,1039
broken_heart_hair_ornament,1039
imminent_hug,1038
pink_sarong,1038
laser_sight,1038
recurring_image,1038
flat_chastity_cage,1038
ethereal_(zenless_zone_zero),1037
taut_swimsuit,1037
revealing_layer,1037
dark_areolae,1036
holding_another's_ankle,1036
purple_corset,1036
breaker_gorgon,1036
gesugao,1036
comet,1036
2008,1035
split-color_clothes,1035
canteen,1035
genderswap_on_genderswap,1035
mansion,1035
multicolored_armor,1035
oran_berry,1035
grabbing_own_thigh,1034
hair_belt,1034
spoken_x,1033
detached_pants,1033
mystical_high_collar,1033
train_station_platform,1033
liquor,1033
paizuri_invitation,1033
testicle_peek,1032
mature_eyes,1031
leaf_background,1031
moth_wings,1030
feet_on_table,1030
holding_pendulum,1030
taut_bodysuit,1030
control_rod_(touhou),1030
flattop,1030
victorian_maid,1029
flintlock,1029
mega_ring,1029
orange_wings,1029
right-over-left_kimono,1029
mismatched_wings,1028
grey_pubic_hair,1028
viewer_on_leash,1028
food-themed_creature,1028
fender_jazz_bass,1028
razor_blade_hair_ornament,1027
spiral-only_eyes,1026
sleeve_rolled_up,1026
beach_volleyball,1026
blue_eyeliner,1026
food_insertion,1026
missing_eye,1026
trapped,1025
single_elbow_pad,1025
tile_roof,1025
brown_overalls,1024
circular_saw,1024
can't_choose_your_own_family,1024
butterfly_hat_ornament,1024
stop_sign,1023
hope's_peak_academy_school_uniform,1023
winking_(animated),1023
unicorn_horn,1023
tea_party_(blue_archive),1022
to_be_continued,1020
mauser_98,1020
beaker,1020
sukeban,1019
washing_hair,1019
shoulder_patch,1019
penis_on_stomach,1019
gambeson,1019
lightning_ahoge,1018
crossed_belts,1018
yellow_tulip,1018
see-through_pantyhose,1018
apple_hair_ornament,1017
hands_on_another's_stomach,1017
orca_hood,1017
mugshot,1017
drawn_wings,1017
green_suit,1016
kitsch_jacket_(cyberpunk),1016
radar_hair_ornament,1016
yellow_headscarf,1016
spray_bottle,1015
major_injury_underreaction,1015
melon_soda,1015
map_(object),1015
hairstyle_switch,1014
black_claws,1014
watercolor_effect,1014
chocolate_chip_cookie,1014
options,1013
oyakodon_(sex),1013
en_pointe,1013
short_male,1013
holding_duster,1013
print_swimsuit,1013
skeletal_arm,1013
sweater_pull,1012
toothbrush_in_mouth,1012
bag_over_head,1012
hands_on_floor,1012
tarot_card,1012
black_shawl,1012
partially_open_shirt,1012
trinity_general_school_swimsuit,1012
flower_focus,1012
heavy_chromatic_aberration,1011
blue_tube_top,1011
rhine_lab_logo,1011
colored_blindfold,1011
cow_costume,1011
changing_room,1011
zebra_print,1010
arm_on_own_head,1010
skull_hat_ornament,1010
red_veil,1009
lance_of_longinus_(evangelion),1009
chicken_leg,1009
print_socks,1008
black_crown,1008
kriss_vector,1008
on_box,1008
distorted_halo,1007
standard_bearer,1007
furious,1007
2005,1006
cervical_penetration,1006
mousetrap,1005
gradient_jacket,1005
la_grondement_du_haine,1005
racing,1004
jester_costume,1004
calvin_klein,1004
kiwi_slice,1004
dusk_ball,1004
pravda_military_uniform,1004
mouse_boy,1004
brand_of_the_exalt,1004
over_the_knee,1003
ambrosia_(dungeon_meshi),1003
dying,1003
mismatched_eyelashes,1003
telstar,1003
flower_basket,1003
crown_of_thorns,1002
print_bodysuit,1002
pleated_sleeves,1002
stahlhelm,1002
cum_bubble,1001
orchid,1001
spiked_boots,1001
original_race_uniform_(umamusume),1001
implied_incest,1001
hanging_scroll,1000
trowel,1000
looking_at_self,1000
screw_in_head,1000
red_car,999
glass_table,999
typing,999
2007,999
naizuri,998
reverse_squatting_cowgirl_position,997
grey_pupils,997
rabbit_on_head,997
fishbowl,997
character_hood,997
holding_polearm_behind_back,997
non-circular_lens_flare,997
liquid_clothes,996
cum_on_floor,996
kickboard,995
penis_focus,995
v-bangs,995
blue_assault_visor,995
deep_wound,994
shuriken_hair_ornament,994
silver_earrings,994
poison,994
blood_on_body,993
shiny_eyes,993
chocolate_syrup,993
misaki_high_school_uniform,993
popsicle_stick,993
bellflower,993
dynamite,993
namekian,993
toothpick,992
motosu_school_uniform,992
eotech,992
chi-hatan_military_uniform,992
pill_hair_ornament,991
lace_background,991
regional_and_normal,991
see-through_gloves,991
halfling,991
chocolate_on_face,991
print_pajamas,990
biwa_lute,990
flaming_hand,990
purple_wrist_cuffs,990
aqua_coat,990
initial,989
pear,989
fairy_kei,989
green_bonnet,989
two-tone_nails,988
;(,988
afterword,988
backless_shirt,987
hands_on_another's_neck,987
moth_antennae,986
mimic_chest,986
ak-47,986
red_visor_cap,985
hiding_behind_another,985
primarch,985
peony_print,985
henshin_pose,985
holding_star,984
pointing_down,984
crisis_management_form_(machikado_mazoku),984
shamoji,984
variable_fighter,984
crucifixion,983
tilted_halo,983
time_stop,983
champagne_bottle,983
padlocked_collar,982
stocks,982
cosmos_(flower),981
quad_drills,981
jian_(weapon),981
breast_zipper,981
kadomatsu,981
ai_ai_gasa,981
email_address,981
hook_hand,980
water_type_theme_(pokemon),980
joker_(playing_card),979
holding_petal,979
spread_navel,979
panties_around_one_ankle,979
nail_polish_bottle,979
flying_button,978
clinging,978
striped_neckerchief,978
lectern,978
ainu,978
hololive_idol_uniform_(bright),977
rounded_collar,977
licking_own_finger,977
condom_left_inside,977
tentacle_tail,976
laguz_(fire_emblem),976
glowing_markings,976
blocking,976
adjusting_another's_clothes,976
aqua_horns,976
bandaid_on_shoulder,975
hedge,975
blood_in_mouth,975
glasgow_smile,975
arrow_in_body,975
tactile_paving,975
japan_self-defense_force,974
miracle_mallet,974
stone_walkway,974
shorts_tan,974
tiefling,974
tied_ears,974
felyne,974
character_mask,974
outstretched_legs,973
neck_warmer,972
unhappy,972
shaped_pubic_hair,972
wakamezake,972
extra_legs,972
flight_suit,972
workout_clothes,971
crutch,971
yakisoba,971
nanodesu_(phrase),971
bull,971
seed,971
bisexual_male,970
seraph,970
removing_eyewear,970
fly,970
paralyzer,970
twintails_day,969
thick_navel_hair,969
star_print_bikini,969
x_arms,968
tall_hair,968
wooden_box,968
piano_print,967
frilled_babydoll,967
rubik's_cube,967
unworn_necklace,967
senbei,967
mini_witch_hat,966
igote,966
onee_gyaru,966
mole_on_chest,965
heart_lock_(kantai_collection),965
crosshair,965
bandaid_on_finger,964
studying,964
fur_wrist_cuffs,964
belt_bag,963
archon_mark,963
intertwined_tails,963
alternate_pectoral_size,963
high-low_skirt,963
bear_print_panties,961
spurs,961
silver_hairband,961
expression_chart,960
sharing_food,960
sparse_arm_hair,960
studded_gloves,960
reverse_ryona,959
holding_bird,959
front-tie_bra,959
print_innertube,958
frilled_vest,958
glass_slipper,958
jiaozi,958
morrigan_aensland_(cosplay),958
apple_slice,958
vomiting,958
blood_spray,957
udon,957
sprout,957
yumi_(bow),957
hugging_own_tail,957
spiked_helmet,956
laboratory,955
red_tulip,955
ornate_clothes,954
phrygian_cap,954
stacking,954
person_on_head,954
bishamonten's_spear,953
kagura_suzu,953
panties_over_pantyhose,952
fighting_game,952
dragon_ball_(object),952
bikini_in_mouth,952
dog_hair_ornament,952
st._theresa's_girls_academy_school_uniform,952
partially_open_jacket,951
carried_breast_rest,951
single_sode,951
ankle_garter,951
cocktail_shaker,951
dyed_ahoge,951
black_liquid,951
holding_butterfly_net,951
unworn_slippers,950
aegis_sword_(xenoblade),950
anti-aircraft_gun,950
hangar,950
st._chronica_academy_school_uniform,950
load-bearing_equipment,950
whale_girl,949
arm_sling,949
kyuudou,949
dullahan,949
grey_male_underwear,949
queen,948
on_food,948
catching,947
grape_hair_ornament,947
saunders_school_uniform,946
temari_ball,946
cum_in_cup,945
ball_hands,945
plague_doctor_mask,945
cum_on_chest,945
slide,945
bamboo_shoot,945
recruitment_(blue_archive),944
snow_on_head,944
sextuplets,944
shiromuku,944
striped_blush,943
fever,943
print_leotard,943
cleanup_fellatio,943
mismatched_horns,943
military_operator,943
implied_nudity,942
pendant_watch,942
weird_route_(deltarune),942
cake_cat_(honkai:_star_rail),942
neta,942
skirt_peek,942
pitchfork,942
too_literal,942
magic_arm,942
key_ring,941
naked_skirt,941
chisel,941
komainu_boy,941
holding_over_opposite_shoulder,941
unusual_insertion,941
science_babies,941
coffee_table,940
hat_pin,940
soy_sauce,940
tofu,940
low_horns,940
whale_hair_ornament,940
dirigible,940
animal_ear_helmet,939
yukadon,939
lifebuoy_ornament,939
maria_the_ripper,939
front-print_panties,938
aqua_scrunchie,938
severed_arm,938
slug,938
bell_pepper,938
hair_through_hood,938
black_butterfly,937
ejaculation_under_clothes,937
spray_paint,937
precum_through_clothes,937
multicolored_pants,937
purple_feathers,937
braid_over_shoulder,937
doorknob,936
burnt,936
flower_on_chest,935
exposed_bone,934
pomegranate,934
holding_juice_box,933
lipstick_mark_on_testicles,933
butch/femme_couple,933
qingxin_flower,933
eye_black,932
gryffindor,932
lifted_by_tail,932
orange_tabard,932
natural_wedgie,932
iris_(flower),932
dolphin_hair_ornament,931
oversized_forearms,931
stile_uniform,931
cross_facial_mark,931
yandere_trance,931
forget-me-not_(flower),931
mygo!!!!!_(bang_dream!),930
kaname_madoka_(cosplay),930
facing_back,930
orange_goggles,930
grabbing_another's_hand,930
lillian_girls'_academy_school_uniform,930
hip_tattoo,930
bus_stop_shelter,929
sleigh,929
x_navel,929
tennis,928
pocari_sweat,928
persimmon,927
nagatekkou,927
hand_on_weapon,926
otter_tail,926
drum_magazine,926
gold_boots,926
holding_party_popper,925
irezumi,925
panties_over_garter_belt,925
pink_serafuku,925
human_chair,925
suikawari,925
holding_sponge,925
lace_border,924
swallowing,924
heart_eyepatch,924
pokefication,924
hatsumode,923
tendril,923
black_tunic,922
symbiote,922
baseball_helmet,922
limiter_(tsukumo_sana),922
flagpole,922
greek_cross,921
orange-framed_eyewear,921
stomach_growling,921
plant_focus,921
yellow_jumpsuit,921
paperclip,921
narrow_hips,921
takeuchi_takashi_(style),920
censored_by_text,920
spasm,920
shark_print,920
musical_note_earrings,920
red_bonnet,919
full_stomach,919
fanning_face,919
shoulder_freckles,918
lace-trimmed_headwear,918
forced,918
eggshell,918
green_pubic_hair,917
gorilla,917
glowing_mouth,917
herensuge_girls_academy_school_uniform,917
laurels,917
windsock,917
russian_flag,916
adjusting_footwear,916
holding_pregnancy_test,916
cracked_mask,916
penis_on_head,916
aqua_wings,916
holding_chess_piece,916
titans_(gundam),915
beehive_hairdo,915
genderswap_(otm),915
holding_another's_ankles,915
yellow_slingshot_swimsuit,915
board_eraser,915
:s,915
senkou_hanabi,915
waffle,915
on_tree_stump,915
holding_pumpkin,915
toyogasaki_academy_school_uniform,915
middle_w,914
gradient_ribbon,914
yurie_mouth,914
you're_not_helping,914
deck_chair,913
licking_another's_cheek,913
chiton,912
chocolate_banana,912
wooden_horse,912
flower-trimmed_dress,912
usb,912
grape_hat_ornament,912
gold_jewelry,912
blowhole,912
heart_straw,911
vodka,911
oxygen_mask,911
collar_grab,910
yellow_overalls,910
originium_arts_(arknights),910
multicolored_buttons,910
heart_wand,910
flaming_eyes,910
saint_quartz_(fate),910
grey_hakama,910
grey_overalls,909
german_flag_bikini,909
signpost,909
boxing_ring,909
on_tank,909
sideboob_cutout,908
holding_rabbit,908
apologizing,908
flat_chest_grab,908
floating_crown,908
himejoshi,908
pleading_face_emoji,908
liminal_space,908
horse_racing_track,907
pony_(animal),907
team_magma,907
swan,907
battlefield,906
deer_boy,906
delivery,906
cross_of_prontera,906
ornate_armor,906
spirit_blossom_(league),906
long_single_sidelock,905
red_light,905
lei,905
propeller_hair_ornament,904
shopping_basket,904
puppet_rings,904
asymmetrical_dress,904
phone_booth,904
neck_garter,904
hair_focus,903
ascot_between_breasts,903
pants_around_one_leg,902
holding_cloth,902
foodgasm,902
keizoku_school_uniform,902
multicolored_pantyhose,901
paper_background,901
double_\||/,901
spork,901
alternate_shiny_pokemon,901
sitting_on_animal,901
holding_lead_pipe,900
measurements,900
side-tie_swimsuit,900
legs_bound_apart,900
video_game_cover,899
adjusting_buruma,899
over_the_mouth_gag,899
cross_ornament,899
holding_chalk,899
fur_capelet,899
siren_(azur_lane),899
golden_arms,898
single_sandal,898
penguin_girl,898
straw_hat_pirates,897
gold_sandals,897
see-through_hair,897
lampshade,897
chaotic_scene,897
sparse_navel_hair,897
tantrum,897
unworn_bowtie,896
checkered_haori,896
dizi,895
ankleband,895
crotchless_pants,895
planetary_ring,895
scorpion_tail,895
canopy_(aircraft),895
tanghulu,895
panda_boy,895
lighting_cigarette,895
sock_pull,895
swing_set,894
see-through_bodysuit,894
compact_(cosmetics),894
manboobs,894
hololive_summer_2023_swimsuit,894
long_fingers,894
pink_helmet,893
long_arms,893
clarent_(fate),893
winged_hair_ornament,893
cheese_trail,892
sobbing,892
sitting_on_water,892
holding_mahjong_tile,892
mons_pubis,892
crinoline,891
striped_belt,891
black_keys_(type-moon),891
toasting_(gesture),890
fdd_threesome,890
hand_to_weapon,890
giving_wedgie,890
chain_belt,890
criss-cross_back-straps,889
historical_connection,889
latex_boots,889
knee_guards,889
wrapped_in_blanket,889
print_ribbon,889
lace_collar,889
cd_case,888
string_around_finger,888
painted_clothes,888
print_eyepatch,887
colored_smoke,887
holding_hand_grip,887
monocle_chain,887
bear_bag,887
training_corps_(emblem),887
itan_private_high_school_uniform,887
camping,886
borrowed_hairstyle,886
face_punch,886
blood_on_mouth,886
glory_hole,886
lowleg_shorts,886
greenhouse,885
ribbed_cardigan,884
plaid_shawl,884
genre_connection,884
vertical-striped_coat,884
neck_grab,884
plus_sign,884
white_flag,884
magik's_crown,884
infinite_stratos_academy_school_uniform,884
feather_dress,883
throat_bulge,883
kamihama_university_affiliated_school_uniform,883
dinosaur_costume,883
electrocution,882
exposed_internal_machinery,882
feet_on_chair,882
spoken_animal,882
female_orc,881
lgbt_pride,881
daikon,881
egg_yolk,881
catfight,880
forward-facing_horns,880
concentrating,880
head_on_table,880
aqua_sweater,880
bubble_background,880
souryuu_asuka_langley_(cosplay),880
other_with_male,880
seiren_academy_school_uniform,879
rina-chan_board,879
paw_print_soles,878
purple_suit,878
holding_with_gesture,878
chibi_on_head,877
hanging_legs,877
railgun,877
mole_on_crotch,877
print_mug,877
open_jumpsuit,877
imitating,877
despair,877
jackal_boy,877
gradient_sleeves,877
purple_petals,876
half_note,876
chinstrap_beard,876
scar_on_breast,876
pointing_melee_weapon,875
two-tone_pantyhose,875
argyle_dress,875
shot_glass,875
long_hoodie,875
zipper_skirt,875
cheek_rest,874
empty_picture_frame,874
unexpectedly_evil,874
hand_on_blade,874
tunnel,874
shorts_aside,873
multiple_anal,873
sucking_male_nipple,873
shell_earrings,873
table_tennis_paddle,873
bulge_to_ass,873
moe_moe_kyun!,872
accidental_pervert,872
golem,872
yoga,872
ghost_type_theme_(pokemon),872
squat_toilet,872
followers_favorite_challenge,872
black_bandages,871
connected_beard,871
spreading_own_ass,871
reverse_nursing_handjob,871
rabbit_ear_headphones,871
spiked_mace,871
milkshake,871
luxury_(idolmaster),871
impossible_hair,870
ass_freckles,870
cymbals,870
holding_string,870
training,870
hinamatsuri,870
hand_on_another's_crotch,870
jade_(gemstone),870
mutual_orgasm,869
cat's_cradle,869
crumpled_paper,869
bat_ornament,869
humanoid_and_humanization,869
crying_emoji,869
tickle_torture,868
scolding,868
...!,867
patterned_legwear,867
welsh_corgi,867
asteroid,866
wall-eyed,866
carnation,866
wrist_straps,866
whistling,866
tsab_ground_military_uniform,866
housewife,866
intimidating,866
scratching,865
red_jumpsuit,865
judgement_armband_(toaru),865
pull_cord,864
vest_lift,863
barcode_scanner,863
handrail,863
kirisame_marisa_(cosplay),863
stuffed_frog,863
after_battle,863
package,863
waraji,863
interview,863
cutting_own_hair,862
walking_away,862
blueberry_academy_school_uniform,862
holding_magazine,861
exposed_muscle,861
unworn_hairband,861
standing_missionary,861
dome,861
polka_dot_hairband,861
glowing_halo,861
spiked_gauntlets,860
shogi,860
bell_sleeves,860
crater,860
earphones_removed,860
implied_paizuri,860
fanbox_logo,859
pitching,859
nuzzle,859
rolling,859
icicle,859
playing_flute,858
sheriff_badge,858
red_sun,858
plaid_apron,858
penny_loafers,858
onahole_job,857
2006,857
fender_telecaster,857
see-through_bra,857
getabako,857
oxfords,856
ankle_wings,856
green_sports_bra,856
onahole_handjob,856
polka_dot_thighhighs,855
perverted_utility,855
yellow_bird,855
tied_to_chair,855
team_skull,855
energy_barrier,855
taker_pov,854
aztec,854
cardigan_vest,854
ipod_nano,854
colored_pussy,854
gehenna_academy_logo,854
mailbox_(incoming_mail),853
orange_outline,853
iei,853
tailjob,853
on_crescent,853
stamp_mark,852
s.e.e.s,852
kittysuit,852
single_knee_boot,852
pon_de_ring,851
hands_on_headphones,851
o-ring_panties,851
cornrows,851
stiff_tail,851
toothpaste,851
holding_maracas,851
shoujo_kitou-chuu,851
lavender_(flower),850
arrow_print,850
shaped_lollipop,850
torn_kimono,850
gradient_border,849
enema,849
public_vibrator,849
anchor_earrings,848
year_of_the_dog,848
very_hairy,848
steam_locomotive,848
frustrated,848
tucked_money,847
cowering,847
no_symbol,847
skateboarding,847
moose_ears,847
songover,846
kidnapping,846
comic_sans,846
rowboat,846
ferret_girl,846
car_seat,846
witch_(manosaba),846
nontraditional_witch_hat,846
holding_tongs,845
aqua_choker,845
scar_across_eyebrow,845
year_of_the_pig,845
stuffed_eggplant,845
footjob_with_footwear,845
guitar_strap,844
piano_bench,844
against_window,844
sinking,844
military_fatigues,844
frilled_sash,844
shark_boy,843
on_pillow,843
hand_on_own_foot,843
snapping_fingers,843
gaijin_4koma_(meme),843
sparse_leg_hair,843
garland_(decoration),843
riverbank,843
basketball_hoop,843
back_muscles,842
kite,842
ferret_ears,842
holding_halloween_bucket,841
padded_coat,841
stinger,840
hand_hair,839
finger_to_eye,839
tote_bag,839
advanced_nurturing_high_school_uniform,839
lemon_hair_ornament,839
tuna,838
cracking_knuckles,838
carrot_print,838
finger_claws,837
double_chin,837
see-through_dress_layer,837
saury,837
whale_hat,837
nijisanji_matching_outfit,837
violence,837
face_shield,836
ruyi_jingu_bang,836
lace_pantyhose,836
animal_skeleton,835
orange_eyeshadow,835
nesoberi,835
russia,835
yuki_onna,835
can't_be_this_cute,835
razor,834
boyfriend's_shirt,834
funeral_dress,834
ikea_shark,834
presenting_pawpads,833
mint_chocolate,833
shaved_head,832
tavern,832
spoken_emoji,832
undone_neckerchief,832
mazda,832
energy_weapon,832
disco_ball,832
kita_high_school_uniform_(subarashiki_hibi),831
ice_skating,831
jacket_over_shoulder,831
long-tailed_tit,831
wardrobe_error,831
homurabara_academy_elementary_school_uniform,831
germany,830
small_nipples,830
puzzle,830
dualshock,830
holding_spray_can,830
koinobori,830
pink_robe,829
penis_over_one_eye,829
superflat,829
kidnapped,829
glove_in_mouth,829
snapchat,829
microsoft_paint_(software),829
twitter_cutting_game,829
denim_overalls,828
print_boots,828
arched_window,828
colored_condom,828
torn_sweater,828
confrontation,828
orange_cardigan,828
super_highleg,828
aqua_boots,827
twig,827
gear_fifth,827
super_saiyan_2,827
parasite_suit_(darling_in_the_franxx),827
aqua_lips,827
black_romper,827
hijab,827
navel_focus,826
baby_carry,826
stuffing,826
single_bang,826
kamina_shades,826
cattail,826
flower_bed,826
cirno_day,826
head_hug,826
glass_writing,826
pilot_helmet,825
oonusa,825
ooarai_(emblem),825
pink_eyeliner,825
conical_hat,824
satellite_dish,824
ribbon-trimmed_socks,824
brown_tank_top,824
colored_eyepatch,824
singlet,824
weapon_in_garters,824
adjusting_leotard,823
in_orbit,823
backless_panties,823
bishie_sparkle,823
arm_pillow,822
hotel_room,822
anime_screenshot_inset,822
red_sarong,822
standing_cunnilingus,822
door_handle,822
torn_bikini,822
drying_another's_hair,821
dildo_under_clothes,821
belt_skirt,821
mint,821
queen_(playing_card),821
polka_dot_camisole,821
sunken_cheeks,820
weasel,820
grey_lips,820
cassette_player,820
multiple_monitors,820
horrified,820
super_mushroom,820
tsukumihara_academy_uniform_(fate/extra_ccc),819
fingering_from_behind,819
bakery,819
rubbing,819
yellow_collar,819
reverse_netorare,818
white_horse,818
soba,818
spiked_ball_and_chain,818
wide_face,818
nico_nico_nii,818
elbow_sleeve,817
wool,817
claw_foot_bathtub,817
cowl,817
hockey_mask,817
meka_(overwatch),817
checkered_legwear,817
on_toilet,817
colored_eyebrows,816
yellow_hood,816
fur-trimmed_robe,816
sugimori_ken_(style),816
stuffed_unicorn,816
traffic_baton,816
mamemaki,816
print_hairband,815
spiked_anklet,815
turning_around,815
birthday_sash,814
mochitsuki,814
weight,814
bed_invitation,814
nori_(seaweed),813
pov_legs,813
underground,813
boombox,813
cartoonized,813
drain_(object),813
see-through_babydoll,813
brick_road,813
leg_focus,813
flesh,812
silver_bracelet,812
aqua_cape,812
cassette_tape,811
swaying_hip,811
two-tone_capelet,811
hylian_shield,811
rooster,811
figure_skating,811
salmon_run_(splatoon),811
rainbow_bikini,811
zun_pose,810
pansy,810
mayqueen_maid_uniform,810
trying_on_clothes,810
toolbox,810
bow_flower,810
cargo_shorts,809
smelling_flower,809
hot_air_balloon,809
naked_robe,808
diamond_mouth,808
pickelhaube,808
pointing_to_the_side,808
hanafuda,808
saturn_(planet),808
chipmunk_ears,808
spiked_gloves,808
gerbera,807
different_zoom_layer,807
breast_cutouts,806
floating_head,806
hashitsuki_nata,806
wooden_spoon,806
gacha_(game_mechanic),806
holding_rocket_launcher,806
submarine,806
pleated_shirt,805
ffd_threesome,805
hoshi_no_tsue,805
yen_sign,805
slytherin,805
cream_puff,804
heart-shaped_bag,804
gae_dearg_(fate),804
holding_drawing,804
breast_pillow,804
dj,804
coughing,803
chipmunk_girl,803
rifle_cartridge,803
gloved_sleeves,803
clam,803
extra_penises,802
full_mouth,802
sentient_plant,802
pokemon_tail,802
love_hotel,802
too_many_cats,802
striped_armband,801
ink_wash_painting,801
holding_gourd,801
yellow_lips,801
sail,801
gloves_over_sleeves,800
ribbon_between_breasts,800
pinup_(style),800
triple_baka_(group),800
holding_table_tennis_paddle,800
bald_eagle,800
side-tie_skirt,800
multicolored_stripes,800
begging,800
aqua_belt,800
crescent_halo,799
side-tie_dress,799
bc_freedom_school_uniform,799
sailboat,798
electro_symbol_(genshin_impact),798
hand_on_own_wrist,798
strawberry_parfait,798
poster_parody,797
bc_freedom_(emblem),797
red_tunic,797
baseball_stadium,797
mousepad_(object),797
nigirizushi,797
naked_capelet,797
lobster,797
meteor,797
diagram,797
stirring,797
glove_pull,797
purple_pajamas,796
stomping_viewer,796
traffic,796
mushroom_on_head,796
white_car,796
digital_walkman,796
red_headscarf,796
holding_kunai,796
silver_armlet,795
yabi_fashion,795
saxophone,795
snowboard,795
boyshort_panties,795
pincers,794
taiko_drum,794
multiple_unit_train,794
penetration_gesture,794
curled_ends,794
asymmetrical_armor,793
dead_animal,793
sweater_guard,793
milking_handjob,793
incense,793
breast_awe,793
youtube_logo,793
yellow_helmet,792
coffee_maker,792
holding_bone,792
incoming_drink,792
victory_rolls,792
wet_floor,792
fur-trimmed_shoes,791
red_bull,791
long_mustache,791
vomit,791
blue_headscarf,791
computer_tower,790
digital_thermometer,790
open_pajamas,790
impossible_sweater,790
headphones_removed,790
gauze_on_knee,790
zipper_leotard,790
brushing_own_hair,789
implied_pantyshot,789
hane_(hanetsuki),789
shindan_maker,789
cannibalism,789
target,789
subscribestar_logo,789
flower_eyepatch,789
pastry_box,789
millennium_puzzle,789
orange_lips,788
googly_eyes,788
spraying,788
x-ray_vision,788
moegi_high_school_uniform,788
at_gunpoint,787
cuffed,787
precum_string,787
rape_face,787
striped_tank_top,787
ofuda_on_pussy,787
minimap,787
depth_charge,787
paint_tube,786
hydro_symbol_(genshin_impact),786
elemental_(creature),786
sleeveless_shrug,786
floating_curtains,786
strong_zero,785
breast_freckles,785
nerv_logo,785
bimbofication,785
outer_glow,785
heavy_machine_gun,785
shish_kebab,785
drawn_heart,785
medicine,785
frilled_coat,784
front_zipper,784
spiked_penis,784
bouncing_penis,784
lemon_print,784
mami_mogu_mogu,784
kataginu,784
veiny_face,783
pinky_ring,783
purple_tunic,783
grabbing_own_hair,783
reflective_surface,783
jikkyou_powerful_pro_yakyuu_(style),783
chain_around_arm,782
petrification,782
a_(phrase),782
ave_mujica_(bang_dream!),782
hug_from_side,782
green_butterfly,782
superman_logo,781
holding_ring,781
double-sided_axe,781
game_boy_(original),781
abyssal_ship_transformation,781
rose_bush,781
bkub_(style),781
white_sweater_vest,780
ofuda_on_nipples,780
looking_at_screen,780
orca_hair_ornament,780
hemokinesis,780
skinny_dipping,779
heart_on_cheek,779
starfighter,779
komainu_girl,779
grease_(mechanical),779
ginkgo_tree,778
collar_jewel,778
hot_chocolate,778
crescent_rose,778
video_call,778
fold-over_gloves,777
lonely,777
choshanland_plushy_(arknights),777
unicorn_girl,777
sliding,777
chao_(sonic),777
ass_hair,777
gold_gloves,776
ocarina,776
blue_arm_warmers,776
angel_wing_uniform,776
pinky_swear,776
string_of_light_bulbs,776
diploma,776
chocolate_on_nipples,776
foot_pussy,775
penguin_tail,775
body_pillow,775
embroidered_bra,775
emaciated,775
bone_print,775
tailcoat_playboy_bunny,775
multicolored_shorts,775
unworn_crown,775
gelatin,774
blurry_edges,774
holding_paper_airplane,774
cut-in,774
tako-san_wiener,774
hasu_no_daisankaku,774
plaid_socks,774
brown_hakama,774
water_slide,773
military_coat,773
ikayaki,773
nunchaku,773
so_moe_i'm_gonna_die!,773
v4x,773
see-through_pelvic_curtain,772
grey_sandals,772
thigh_straddling,772
resting,772
bikini_around_one_leg,772
peeking_through_fingers,771
red_dot_sight,771
sports_sandals,771
imminent_gangbang,771
canal,770
suneate,770
wet_spot,770
jack-o'-lantern_hair_ornament,770
matchstick,770
aqua-framed_eyewear,769
bad_leg,769
scarf_bow,769
red_slippers,769
heavenly_boat_maanna,769
cum_on_armpits,769
gold_bangle,768
soviet_school_uniform,768
smock,768
pink_overalls,768
glowing_petals,768
markings,768
ok_sign_over_eye,768
numbers_(nanoha),767
clumsy,767
skull_belt,767
v_legs,766
bike_jersey,766
single_unworn_glove,766
turkey_(food),766
imminent_bite,765
weight_gain,765
fish_hook,765
crocodile,764
flaming_skull,764
kami_high_school_uniform,763
wrestling_mask,763
living_hair,763
fur-trimmed_choker,763
chastity_belt,763
argyle_socks,763
holding_unworn_sandals,763
christmas_sweater,763
latin_text,763
multiple_cutouts,763
bikini_tug,763
band_shirt,763
flail,762
anachronism,762
dou,761
longcat_(meme),761
hands_on_own_knee,761
see-through_skirt_layer,761
trolling,761
garnish,761
short_yukata,761
tsuba_(guard),761
panda_girl,760
caterpillar,760
sleeping_bag,760
fujoshi,760
loose_thighhigh,760
holding_cooking_pot,760
onigiri_print,760
roller_coaster,759
bodycon,759
scissorhold,759
clam_shell,758
forced_exposure,758
grabbing_another's_tongue,758
hanged,758
purple_sandals,757
glitter_dress,757
raana_the_cat,757
ant,757
daffodil,757
payphone,757
subway,757
morning_glory_print,757
cherry_earrings,757
sports_utility_vehicle,756
one_arm_handstand,756
yellow_blood,756
core,756
neco_spirit,756
socks_over_pantyhose,756
cocked_eyebrow,755
pill_bottle,755
peeling,755
traffic_mirror,755
dragon_claw,755
sports_festival,755
koban_(gold),755
radar,755
jewel_butt_plug,755
graph,755
overexposure,755
earflap_beanie,754
rectangular_earrings,754
food_between_breasts,754
pinecone,754
wooden_door,754
year_of_the_rooster,754
orange_capelet,754
single_arm_guard,753
tyrannosaurus_rex,753
holding_tennis_racket,753
chenqing_flute,753
wolf_paws,753
washbowl,753
drawn_tail,753
rivalry,753
chinchilla_(animal),753
yotsuba_university_affiliated_junior_high_school_uniform,753
evil_eyes,752
escalator,752
dvd_logo,752
angel's_24_uniform_(blue_archive),752
stasis_tank,752
jinbaori,752
togruta,752
edel_note,751
panties_visible_through_clothes,751
turntable,750
store_clerk,750
stapler,750
byakugan,750
cherry_tree,750
kneeless_merfolk,750
rpg_(weapon),750
no_coat,749
pleading_eyes,749
cockroach_girl,748
clitoris_ring,748
brown_egyptian_cat-eared_loli_(trend),748
seishou_elementary_school_uniform,748
star_trail,748
plaid_coat,748
cuddling_handjob,748
kobeya_uniform,748
chrysanthemum_print,747
bandages_over_eyes,747
black_order_uniform,747
knitting,747
imminent_death,746
view_between_legs,746
kung_fu,746
clothes_focus,746
gradient_filter,746
adjusting_another's_hair,746
plaid_capelet,745
angelfish,745
side-tie_shirt,745
wetland,745
bident,744
off-shoulder_leotard,744
chronal_accelerator_(overwatch),744
pc-98_(style),744
smoking_pipe_in_mouth,744
crazy_grin,744
hand_to_blade,744
stopwatch_around_neck,744
aqua_socks,744
camouflage_bikini,743
imperial_japanese_navy,743
holding_grenade,743
hand_jewel,743
denpa_song,743
torso_flash,743
rabbit_ornament,742
bad_arm,742
white_overalls,742
latex_shrug,741
grey_rose,741
u.n._spacy,741
clothes_on_and_off,741
horns_pose,740
mortar_(bowl),740
grey_collar,740
sig_556,740
pom_pom_hat_ornament,740
purple_sports_bra,739
sexual_harassment,739
nipple_penetration,739
after_fingering,739
shaft_look,739
orange_bag,739
panties_around_thighs,739
familiar_(madoka_magica),738
eye_tattoo,738
bed_frame,738
mixed_signals,738
barding,738
coral_reef,737
brown_helmet,737
virtual_reality,737
frutiger_aero,737
fire_extinguisher,737
triceps,737
vertical-striped_bra,737
open_box,736
ribbon-trimmed_bow,736
small_penis_humiliation,736
holding_headphones,736
aircraft_carrier,736
sheep_costume,736
scat,736
aviator_goggles,735
chipped_horns,735
pixel_sunglasses,735
pink_nose,735
holding_crown,735
hololive_dance_practice_uniform,734
jumpsuit_around_waist,734
pile_of_books,734
sitting_split,734
social_network,734
rock_paper_scissors,734
gashapon,734
bait_and_switch,733
bubble_bath,733
hololive_idol_uniform_(color_rise),733
farm,733
bazooka_(gundam),733
tickling_sides,733
triangle_halo,732
holding_wallet,732
kazamatsuri_institute_high_school_uniform,732
super_star_(mario),732
rhythmic_gymnastics,731
chest_rig,731
tiger_costume,731
hongbao,731
pink_armor,731
omamori,731
foodification,731
in_shopping_cart,731
pea_pod,730
seaplane,730
marionette,730
skirt_caught_on_object,730
cutting_another's_hair,730
ace_of_diamonds,729
broken_wall,729
mixed-sex_combat,729
heart_ring_choker,729
trampling,729
royal_robe,729
serasuku,729
dolphin_girl,728
splatter_background,728
ankle,728
presenting_own_anus,728
striped_choker,727
green_umbrella,727
grasslands,727
loose_neck_ribbon,727
foot_on_another's_head,727
vietnamese_clothes,726
chaos_(warhammer),726
babydoll_lift,726
holding_unworn_cape,726
voice_actor_name,726
holding_barcode_scanner,725
tail_under_clothes,725
change_in_common_sense,725
snow_strawberry_(idolmaster),725
looking_at_creature,725
uno_(game),725
number_pun,725
anya's_heh_face_(meme),725
supermarket,724
archery_shooting_glove,724
magatama_hair_ornament,724
meni_shuki_rush-sshu!,724
artist_self-reference,724
loading_icon,724
planted_umbrella,724
zouni_soup,724
witch's_labyrinth,724
picot_trim_panties,723
elbows_on_knees,723
kanon_school_uniform,723
cathedral,723
biting_cheek,723
pegging,722
metal_wings,722
folding_screen,722
heater,722
imminent_suicide,722
phantom_thief,721
pink_hood,721
pecha_berry,721
poker,721
caramelldansen_(meme),721
cross_pendant,721
holding_gloves,721
jackal_tail,721
push-ups,721
armpit_carry,721
machete,721
holding_trumpet,720
crystal_hair_ornament,720
holding_bento,720
aviation_obstruction_lighting,720
husband_and_husband,719
spoken_flying_sweatdrops,719
big_head,719
bent_v,719
holding_ticket,719
steam_from_mouth,719
clothes_in_front,719
giraffe,718
rejection,718
dx,718
kupaa,718
fingers_to_mouth,718
profile_picture,718
blue_car,718
sacabambaspis,718
ukiyo-e,718
penis_piercing,718
ass_smack,717
confident,717
brown_headband,717
grey_feathers,717
holding_coat,717
cycling_uniform,717
yoga_mat,717
virtuous_contract,717
dialogue_options,716
battery,716
toddler,716
rainbow_eyes,716
in_bag,716
chain_bracelet,716
in_bowl,716
red_feet,716
waist_hug,716
kindergarten_bag,716
holding_stethoscope,715
charisma_break,715
poketch,715
price,715
red_overalls,715
n_corp._fanatic_(identity)_(project_moon),715
tall_male,714
knights_of_blood_uniform_(sao),714
mother's_day,713
pie_slice,713
latex_pants,713
tear_arcana_rod,713
holding_sandwich,713
yatai,713
pokemon_on_lap,712
disappointed,712
pelvic_curtain_aside,712
winged_boots,712
bikini_day,712
american_flag_shirt,712
sakura_empire_(emblem),712
removing_bra,712
pliers,711
watering,711
ice_cream_spoon,711
hip_dips,711
chapter_number,711
spotted_fur,711
black_slippers,711
black_blood,711
double_anal,710
plaid_sailor_collar,710
male-female_symbol,710
butterfly_print_kimono,710
holding_racket,710
convenient_skirt,710
blue_babydoll,710
cracked_screen,709
sig_mpx,709
uppercut,709
gold_horns,709
multiple_cats,709
pendant_earrings,709
airplane_interior,708
selection_university_military_uniform,708
blue_screen_of_death,708
pinwheel_hair_ornament,708
multicolored_sky,708
ribbon_around_body,708
gradient_necktie,708
washing_another,708
explosion_background,708
gear_hair_ornament,707
heart-shaped_lollipop,707
king_(playing_card),707
three_sizes,707
teamwork,707
inner_senshi,707
implied_murder,707
saturated,707
sledgehammer,707
fish_in_mouth,706
gold_leotard,706
towano_high_school_uniform,706
jinbei_(clothes),706
cheek_tattoo,706
cut-here_line,705
;<,705
virgin,705
grate,705
striped_leotard,705
reverse_grip_handjob,704
yellow_shawl,704
single_vambrace,704
ammunition_box,704
figure_skating_dress,704
hooded_leotard,704
torn_leggings,704
faceplant,704
gendou_pose,703
aqua_pantyhose,703
asmr,703
parking_lot,703
suspenders_hanging,703
hand_on_own_tail,703
fur-trimmed_vest,703
furoshiki,703
aqua_hoodie,703
reverse_nursing_fingering,703
hibiscus_print,703
hannya,703
human_head,702
upward_angle_frieren_drawing_(meme),702
foot_up_heel_up,702
oil_lamp,702
against_fence,702
rear_naked_choke,702
blue_hands,702
gunpla,702
cheesecake,702
homu,702
lace-trimmed_bow,702
naked_paint,702
holding_mushroom,702
living_fleshlight,701
hands_on_another's_shoulder,701
picking_up,701
holding_earphones,701
ghost_print,701
kafuu_chino's_school_uniform,701
pink_corset,700
masamune_(ff7),700
kamehameha_(dragon_ball),700
aphrodisiac,700
gerudo_set_(zelda),700
front_zipper_swimsuit_(realise),700
special_feeling_(meme),700
yamaha,700
lofter_username,700
bandage_on_cheek,699
two-sided_capelet,699
folded_twintails,699
frankenstein's_monster_costume,699
sleeveless_jumpsuit,699
deltoids,699
torn_sleeve,699
postage_stamp,699
robot_dragon,699
nohrian_maid_uniform,698
frilled_arm_warmers,698
gold_dress,698
iron_fence,698
tear_troughs,698
bead_anklet,698
mexico,697
vertical-striped_pajamas,697
tentacle_on_penis,697
ice_crystal,697
treasure,697
pocket_square,697
tour_guide,697
eye_of_senri,697
locket,696
stuffed_whale,696
alternate_size,696
credit_card,696
postbox_(outgoing_mail),696
sailor_collar_lift,696
mechanical_spine,696
corset_piercing,696
peaked_lapels,696
food_theft,696
shared_bed,695
hoto_cocoa's_school_uniform,695
hamburger_steak,695
gold_nails,695
mechanical_hair,694
navel_peek,694
c-string,694
comiket,694
recursive_genderswap,694
firefighter,694
souya_high_school_uniform,694
linked_collar,694
aburaage,694
batting_stance,693
over_the_nose_gag,693
hair_branch,693
female_ejaculation_through_clothes,693
stick_figure,693
exit_sign,693
double_blade,693
tennis_court,693
holding_torpedo,692
bikini_under_skirt,692
for_adoption,692
sculpture,692
panties_around_ankles,692
pokemon_day,692
rear-view_mirror,691
shamisen,691
breasts_day,691
knocking,691
mudra,691
full-body_clothes_hanger,691
ear_cleaning,691
collar_tabs,691
glowing_lines,691
sitrus_berry,691
extended_downblouse,690
ribbon_as_bra,690
canister,690
red_male_swimwear,690
salt_shaker,690
buttjob_over_clothes,690
butterfly_necklace,690
pig_girl,690
plate_stack,689
sett,689
fake_photograph,689
print_sash,688
engine,688
animal_dildo,688
blood_on_gloves,688
tiger_i,688
changing_clothes,688
artillery,688
building_sand_sculpture,688
oversized_flower,687
pink_armband,687
knitting_needle,687
children's_day,687
multiple_hat_bows,686
ovaries,686
ship's_wheel,686
kubo_tite_(style),686
colorpoint_(pattern),685
rito,685
mandibles,685
pectoral_docking,685
sleeping_together,685
great_ball,685
prostate_milking,684
giraffe_ears,684
heart-shaped_pubic_hair,684
double_thumbs_up,684
single_paw_pose,684
okamoto_condoms,684
pikachu_(cosplay),684
breasts_on_another's_back,683
recursion,683
sakura_mochi,683
axolotl,683
clash,682
clothed_after_sex,682
threat,682
madoka_runes,682
boomerang,681
grandmother_and_granddaughter,681
wuthering_heights_(identity)_(project_moon),681
lunchbox,681
newtype_flash,681
truss,681
stuffed_fish,681
mounting,681
waist_bag,681
chabudai,680
noren,680
wiping_blood,680
alternate_facial_hair,680
glowing_gem,680
requesting_internal_cumshot,680
electrodes,680
metal_gloves,680
pincushion,680
karaoke_box,679
double_biceps_pose,679
holding_cleaver,679
after-school_sweets_club_(blue_archive),679
scientist,679
feminization,678
persocom_(chobits),678
mismatched_socks,677
whale_tail_(clothing),677
exhaust,677
sex_toy_pull,677
absurdly_long_tail,677
undone_bowtie,677
canned_food,677
market,677
pink_shawl,677
sword_of_the_creator,676
delmogeny_uniform,676
sword_of_st._catherine_(fate),676
disposable_ice_cream_cup,676
smear_frame,675
genie,675
food_on_clothes,675
ring-con,675
ankle_flower,675
spool,675
no_armor,674
sombrero,674
white_gem,674
designer's_reflection_(shining_nikki),674
no_male_underwear,674
suspenders_pull,674
tamagotchi_(virtual_pet),673
wave_print,673
fur_sleeves,673
no_cape,673
display_case,673
mihuashi_username,672
earth_federation_space_forces,672
single_over-kneehigh,672
gold_headwear,672
flight_attendant,671
digital_camouflage,671
corn_dog,671
yokosuka_girls_marine_high_school_uniform,671
alternate_ass_size_(larger),671
mayonnaise,670
bruce_lee's_jumpsuit,670
silent_princess,670
25-ji_nightcord_de._(project_sekai),670
holding_chibi,670
steppee_focus,669
miyoushe_watermark,669
poop,669
kurokumo_clan_(identity)_(project_moon),668
breathing_on_hands,668
vintage_microphone,668
sweeping,668
loaf_of_bread,668
frilled_footwear,668
liu_association_south_uniform,668
factory,668
two-tone_socks,668
tea_party,667
hume,667
spiked_knuckles,667
too_many_eyes,667
racetrack,667
flood,667
hanging_lantern,667
red_bandage,667
keytar,667
character_and_character_item,666
artist's_hand_in_frame,666
severed_hand,666
transformation_brooch_(sailor_moon),666
brown_hood,666
cross-laced_shorts,665
aqua_one-piece_swimsuit,665
arm_mounted_weapon,665
air_mattress,665
m16a1,665
andon,665
too_many_frills,665
chain_earrings,665
shibari_under_clothes,665
holding_id_card,665
swinging_baseball_bat,664
spots,664
in_cage,664
polka_dot_socks,664
taking_shelter,663
snowball_fight,663
reichsadler,663
goose,663
yellow_tongue,663
pink_nightgown,663
steaming_food,662
lunatic_gun,662
blue_crown,662
chun-li_(cosplay),662
yellow_eyeshadow,662
hands_on_another's_arms,662
see-through_raincoat,662
cunnilingus_through_clothes,662
ponytail_holder,661
boobs_in_book_(meme),661
orange_butterfly,661
ring_box,661
bnw_(umamusume),661
lace-trimmed_apron,661
parachute,661
industrial,660
historical_event,660
fur_(clothing),660
yakumo_family_(touhou),660
salmon,660
large_clitoris,660
megurigaoka_high_school_uniform,660
putting_on_gloves,660
carriage,660
orange_armband,659
under_umbrella,659
field_of_blades,659
holding_seashell,659
staff_of_selection_(fate),659
bent_back,659
blue_jingasa,658
armored_vehicle,658
star_of_life,658
go_(board_game),658
panties_on_penis,658
numbered_panels,658
baby's-breath,658
sign_around_neck,658
gold_thighhighs,657
pink_mittens,657
kei_truck,657
open_bag,657
coffee_beans,657
pyramid_(geometry),657
roman_clothes,657
grey_sash,657
tiger_cub,657
zipper_bikini,657
mystic_eyes_of_death_perception,657
rectangular_pupils,657
thick_leg_hair,657
blue_leggings,657
poi_(phrase),657
matcha_(food),657
d-sword,656
dildo_under_panties,656
gender_transitioning,656
v_sisters,656
colored_stripes,656
wehrmacht,656
harpy_boy,656
eyes_visible_through_eyewear,656
paradeus,656
prolapse,656
red_serafuku,655
bouncing_testicles,655
face_in_shadow,655
clutching_chest,655
carrying_overhead,655
star_pendant,655
holding_eyeball,655
thick_outlines,655
aunt_and_nephew,655
single_mechanical_leg,655
plant_name,655
summoning,655
disintegration,654
fishbowl_helmet,654
cuffs-to-collar,654
panties_cat's_cradle,654
studio_microphone,654
huadian,654
ribbon-trimmed_bra,653
fake_beard,653
blue_slingshot_swimsuit,653
pseudo-tokyo_school_uniform,653
stethoscope_around_neck,653
oxygen_tank,653
pavilion,653
china,653
black_pajamas,653
woodland_camouflage,653
lipstick_mark_on_neck,652
red_panda,652
bridge_piercing,652
tohmi_higashi_high_school_uniform,652
iron_blood_(emblem),652
adjustable_wrench,652
mukyuu,652
casino_card_table,652
swinging_on_swing,652
vine_print,652
speakiposting_(meme),651
vertical-striped_necktie,651
binder,651
striped_camisole,651
ribbon-trimmed_hairband,651
kindergarten,650
bear_trap,650
large_ribbon,650
reverse_princess_carry,650
anna_miller,650
rubber_band,650
orange_eyeliner,650
lace_pantyhose_hooked_on_heel_(meme),650
print_cape,650
grass_root_youkai_network,649
layered_legwear,649
single_earphone_removed,649
chocolate_cornet,649
clothes_between_exposed_breasts,649
ukrainian_flag,649
collared_bodysuit,649
text_in_eyes,648
exposed_brain,648
charging_forward,648
purple_nipples,648
umbrakinesis,648
space_cat_(meme),648
praying_mantis,648
hyakkaou_academy_school_uniform,648
grey_hood,647
identical_genderswap,647
pink_diamond_765_(idolmaster),647
split_crop,647
pal_(creature),647
green_buruma,647
lizardman,647
breasts_on_tray,647
lamb,646
decorating_christmas_tree,646
fainting,646
hands_on_table,646
afro_puffs,645
chibigurumi,645
pink_claws,645
t-pose,645
crescent_choker,645
canyon,645
saber_(fate)_(cosplay),644
academic_test,644
chastity_cage_emission,644
kansaiben,644
soviet_army,644
rice_cooker,644
archaic_set_(zelda),644
swallow_(bird),644
inkling_(language),644
pink_tube_top,644
spoken_star,644
planet_earrings,643
bunny_slippers,643
mismatched_animal_ear_colors,643
silver_bikini,643
manhole_cover,643
will-o'-the-wisp_(mythology),642
pebble,642
dismemberment,642
submission_hold,642
bursting_pectorals,642
hearing_aid,642
cutlass,642
ballet_class_clothes,642
grandfather_and_grandson,641
dildo_gag,641
butterflyfish,641
feather-trimmed_dress,641
empty_pool,641
reverse_footjob,641
holding_trophy,641
osmanthus,641
giving_birth,641
fist_in_hand,641
naked_school_attendance,640
yuyushiki's_school_uniform,640
cuntboy_with_male,640
stage_connection,640
meditation,640
cold_pack,639
back_cover,639
griffin,639
gate_of_babylon_(fate),639
coco's,639
naked_necktie,639
france,639
fruit_background,639
himematsu_academy_school_uniform,639
blue_leg_warmers,639
biplane,639
washitsu,639
apple_pie,639
sunflower_print,639
sheikah_slate,638
implied_death,638
crystal_sword,638
prisoner,638
clow_card,638
naked_chocolate,638
six_fanarts_challenge,638
face_jewel,638
pac-man_eyes,638
icon_(computing),637
skull_brooch,637
mood_(umamusume),637
adjusting_bra,637
speaking_tube_headset,637
stuffed_octopus,637
fabulous,637
sugoi_dekai,637
karakura_high_school_uniform,637
luxury_ball,636
single_legwear_garter,636
star-shaped_pillow,636
hairstyle_connection,636
grey_veil,636
force-feeding,636
blue_slippers,636
wooden_ceiling,635
black_gem,635
eyewear_lift,635
tasting,635
heart_hair_bun,635
dandelion_seed,635
dragonslayer_(sword),635
arm_scrunchie,635
kundala_(fate),635
miso_soup,635
utensil,635
holding_bamboo_steamer,634
wrestler,634
box_truck,634
wooden_bridge,634
blowing_whistle,634
sos_brigade,634
human_stacking,634
pink_tattoo,634
sailor_moon_(cosplay),634
double_middle_finger,634
purple_shawl,633
green_corset,633
celebration,633
sitting_between_legs,633
multicolored_sleeves,633
lightning_bolt_earrings,633
progression,633
shiroshouzoku,633
merfolk_out_of_environment,632
striped_leggings,632
chipmunk_tail,632
shochuumimai,632
dorfic,632
neck_pillow,631
cashier,631
o-ring_slingshot_swimsuit,630
holding_walkie-talkie,630
between_labia,630
horn_(instrument),630
backpack_basket,630
tsuki_ni_kawatte_oshioki_yo,630
naked_dogeza,630
togenashi_togeari,630
object_in_clothes,630
penis_ribbon,630
baking_sheet,629
highway,629
on_moon,629
ipad,629
satogahama_baseball_uniform,629
armless_amputee,629
chokutou,629
shiny_footwear,629
scrape,629
bandaid_on_stomach,628
feather_necklace,628
brazil,628
yuanlingpao,628
polka_dot_pantyhose,628
pretzel,628
backless_bodysuit,628
holding_unworn_dress,627
pokemon_egg,627
biting_another's_finger,627
green_sarong,627
shirt_under_kimono,627
double_finger_gun,626
techwear,626
brown_armor,626
camisole_over_clothes,626
bomber,626
vs,626
gae_buidhe_(fate),626
originium_(arknights),626
yamato_(sword),626
weeds,625
thumb_sucking,625
dog_costume,625
tank_helmet,625
hooked_on_heel,625
nightmare,625
bite_mark_on_thigh,625
mexican_clothes,625
slug_girl,625
hooded_pajamas,625
camouflage_skirt,625
noctchill_(idolmaster),625
collared_cloak,624
grabbing_another's_tail,624
licking_hand,624
panty_&_stocking_with_garterbelt_(style),624
cow_print_sleeves,624
toy_hammer,624
camouflage_shorts,624
single_leg_warmer,624
constriction,624
purple_helmet,624
handlebar,624
cafe_lycoreco_uniform,624
faceoff,624
ability_card_(touhou),624
lipstick_mark_on_breast,624
orgasm_denial,623
side_ponytail_with_braided_base,623
nameless_dagger_(fate),623
stuffed_lion,623
adjusting_goggles,622
oiran,622
autofacial,622
minecraft_(style),622
sitting_on_head,622
eurasian_tree_sparrow,622
headwear_with_attached_mittens,621
bamboo_print,621
holding_anchor,621
crossbody_bag,621
chin_piercing,621
abydos_high_school_logo,621
simulacrum_(titanfall),621
zanpakutou,621
tokiwadai_school_gym_uniform,620
window_light,620
melusine_(genshin_impact),619
holding_folder,619
snakebite_(piercing),619
rose_background,619
buckler,619
piglet,619
dog_paws,619
bandana_over_mouth,619
no_entry_sign,619
oden,619
boom_barrier,619
nail_(hollow_knight),619
draw_this_in_your_style_challenge,619
throwing_needles,619
chupa_chups,619
black_headscarf,618
yellow_robe,618
public_masturbation,618
frutiger_metro,618
visor_lift,618
side-seamed_legwear,618
akemi_homura_(cosplay),618
h&k_mp5,618
orange_one-piece_swimsuit,618
holding_boxcutter,617
bound_toes,617
water_balloon,617
wet_pantyhose,617
ankh_necklace,617
undone_bikini,617
harbor,616
crystal_necklace,616
branded,616
chinese_armor,616
holding_shuriken,616
banchou,616
flute_tassel,616
looking_at_reflection,616
beaten,616
harpoon,616
colored_pencil,615
laundromat,615
heart_antenna_hair,615
;t,615
frilled_garter,615
asymmetrical_jacket,614
purple_mask,614
ball_busting,614
fisting,614
tiger_paws,614
grabbing_another's_head,614
capybara,614
kanoko_(pattern),614
two-tone_cloak,614
native_american_clothes,614
cum_in_panties,614
charging_device,614
lever_action,614
giraffe_horns,613
pov_shadow,613
midnight_bliss,613
hoyolab_sticker_redraw,613
tamaranean,613
muscular_uke,613
bible_(object),613
nipple_tweak_through_clothes,613
cobra_(animal),613
lum_(cosplay),612
overhead_line,612
nest,612
sword_writing,612
seikan_hikou,612
kantele,612
sharp_sign,612
decorations,612
wooden_lantern,612
fork_hair_ornament,612
biting_clothes,611
blush_visible_through_hair,611
uneven_bangs,611
garlean,611
tokyo_big_sight,611
male_swimwear_challenge,611
headshot,611
gunbuster_pose,611
ace_of_clubs,610
tanline_peek,610
koonago,610
foreskin_pull,610
bike_shorts_pull,610
tracen_winter_coat,610
lifting_covers,610
lace-trimmed_bikini,610
ninjatou,610
pearl_choker,609
giggling,609
musical_staff_print,609
slides,609
push-button,609
robotic_vacuum_cleaner,609
gaiters,609
orange_planet_uniform,609
sweaty_feet,609
shorts_under_shorts,609
flying_saucer,608
mauser_c96,608
holding_snowball,608
high_heel_slides,608
umbrella_octopus,608
shiny_lips,608
sucking_own_breasts,607
tupet,607
tank_shell,607
collar_chain_(jewelry),607
is_that_so,607
kibina_high_school_uniform,607
buddhist_nun,607
stick_poster,607
shared_thought_bubble,606
covered_piercing,606
qi_lolita,606
print_bandana,606
table_tennis,606
evolution,606
ludvico_private_girls'_academy_school_uniform,606
barista,606
blue_bike_shorts,605
hamster_ears,605
404_(girls'_frontline),605
butterfly_on_head,605
tokyo_tower,605
gold_halo,605
?_block,605
himeya_company_uniform,605
thompson_submachine_gun,604
gold_osmanthus,604
detached_arm,604
unworn_pantyhose,604
too_many_birds,604
gecko,604
miku_collar_bikini,604
shampoo,604
knee_armor,603
steel_beam,603
source_quote_parody,603
white_chemise,603
lying_on_another,603
leather_skirt,603
loose_bikini,603
satellite,603
curled_tail,603
nose_shade,603
hirschgeweih_antennas,603
happy_facial,602
blue_swim_trunks,602
bird_costume,602
draenei,602
lasso,602
relay_baton,602
zanshomimai,602
green_sandals,602
punching_bag,601
bloomers_pull,601
thick_neck,601
hoshinoumi_academy_school_uniform,601
feather_duster,601
latte_art,601
fold-over_collar,601
tail_belt,601
fake_ad,601
marble_(toy),601
space_station,601
putting_on_footwear,600
robe_partially_removed,600
ribbon-trimmed_gloves,600
feature_phone,600
breast_pump,600
2004,600
colored_penis,599
belly-to-belly,599
clover_(flower),599
sanbou,599
alpha_signature,599
brush_stroke,599
yen,598
rope_around_neck,598
mind_reading,598
fellatio_under_mask,598
zentradi,598
hat_loss,598
spire,597
paizuri_on_lap,597
pig_tail,597
cream_on_body,597
hand_on_own_ankle,597
weapon_between_breasts,597
sun_glare,596
gradient_gloves,596
holding_bomb,596
viking,596
highleg_dress,596
undone_sarashi,596
art_shift,596
dew_drop,595
checkered_hat,595
mutation,595
contortion,595
peafowl,595
lemonade,595
flamingo,595
too_many_bows,594
vhs_artifacts,594
stealth_flashing,594
bonfire,594
plaid_trim,594
hand_fan_writing,594
blue_overskirt,593
konpeitou,593
paint_stains,593
fuuka_academy_school_uniform,593
food-themed_hat,593
necktie_in_mouth,593
purple_bridal_gauntlets,593
concealed_weapon,592
well,592
gun_to_another's_head,592
love_triangle,592
overkill,592
flaming_head,592
hongyuan_(identity)_(project_moon),591
oversized_jacket,591
blu-ray_cover,591
injection,591
ak-12,591
fleet,591
wing_print,591
euphonium,591
black_tea,591
long_nipples,591
hakuo_school_uniform,591
applying_sunscreen,591
fanning_crotch,590
height_mark,590
phoenix_print,590
green_hands,590
ko-omote_mask,590
test_score,590
holding_screwdriver,590
clothes_rack,590
dr_pepper,589
against_table,589
bubble_pipe,589
shoshinsha_mark,589
open_onesie,589
kavacha_(fate),589
myrtenaster,589
king,589
holding_cage,589
italy,588
light_switch,588
pinstripe_kimono,588
stakes_of_purgatory,588
falcon,588
crustacean,588
sleeveless_duster,588
breast_contest,587
see-through_camisole,587
brown_tunic,587
holding_tanzaku,587
frilled_nightgown,587
purple_hands,587
tsab_air_military_uniform,587
muntins,587
mattress,587
flower-shaped_hair,586
peach_hair_ornament,586
holding_oar,586
chestnut,586
mini_flag,586
after_cunnilingus,586
thigh_sheath,586
sitting_on_box,586
cleaning_&_clearing_(blue_archive),586
alter_servant,586
doujigiri_yasutsuna_(fate),585
riding_bicycle,585
bodystocking_only,585
bruise_on_leg,585
in_locker,584
bankai,584
shirt_slip,584
held_down,584
vertical-striped_gloves,584
antler_ornament,584
vanity_table,583
plant_monster,583
bug_cage,583
spring_(object),583
watermelon_print,583
starting_block,583
green_male_underwear,583
mitarashi_dango,583
holding_skateboard,583
grey_leg_warmers,582
h&k_mp7,582
imageboard_colors,582
pants_under_shorts,582
bursting_ass,582
kaomoji,582
spicy,582
jet_airliner,582
floral_print_bra,582
ayanami_rei_(cosplay),582
kayari_buta,581
giant_brush,581
air_jordan,581
foot_on_another's_face,581
bathroom_scale,581
hugging_another's_tail,581
epiphyllum,581
black_thong,580
awkward,580
partially_opaque_glasses,580
tachi_(weapon),580
super_saiyan_3,580
super_soaker,580
netorase,580
stargazing,580
flying_nimbus,580
willow,580
pravda_(emblem),580
nendoroid,580
juuban_middle_school_uniform,580
stealth_masturbation,580
subcul_jirai,579
covering_own_face,579
projectile_cumdrip,579
vertical-striped_scarf,579
rhinoceros_beetle,579
moriya's_iron_rings,579
floral_print_sleeves,579
half-harpy,578
mercedes-benz,578
holocouncil,578
rainbow_print,578
autoarousal,578
colored_petticoat,577
empty_plate,577
hula_hoop,577
haori_himo,577
grey_trim,577
cleats,577
playing_card_theme,577
leopard_girl,577
komainu,577
sheep_boy,577
bread_bun,577
crossed_swords,577
apron_hold,576
vault_suit,576
hand_under_swimsuit,576
satyr,576
ass_on_glass,576
four_of_a_kind_(touhou),576
bondage_mittens,576
gothic_architecture,576
rin's_pendant_(fate),576
backless_pants,576
striped_pillow,576
implied_prostitution,575
silver_tiara,575
fish_skeleton_hair_ornament,575
cupping_hand,575
holding_with_chopsticks,575
glitch_art,575
condom_thigh_strap,574
team_magma_uniform,574
o-ring_dress,574
censored_anus,574
head_and_hip_pose,574
suzuki_(company),574
stomach_punch,574
armored_legwear,574
foaming_at_the_mouth,574
on_ball,574
crab_claw,574
boxing_shorts,573
coconut_cup,573
gradient_thighhighs,573
foreclosure_task_force_(blue_archive),573
crayon_drawing,573
grandfather_and_granddaughter,573
yamcha_pose_(meme),573
cracked_kawaii_mask,573
shaving,573
mushroom_hat,572
ohananomitsu_high_school_uniform,572
roaring,572
aztec_clothes,572
color_coordination,572
feather_fan,572
print_coat,571
coral_hair_ornament,571
6koma,571
team_star,571
dragunov_svd,571
shitty_admiral_(phrase),571
transgender_flag,570
ribbon_baton,570
long_sword,570
staff_of_homa_(genshin_impact),570
red_garter_straps,570
hestia_(danmachi)_(cosplay),570
yamaku_high_school_uniform,570
towel_on_one_shoulder,570
on_branch,570
lady_yu_doll,570
normal_suit_(metroid),570
fried_egg_on_toast,570
toy_car,569
bamboo_fence,569
foreskin_insertion,569
sig_p220/p226,569
torn_capelet,569
pink_pillow,569
toy_gun,569
kimono_dress,569
shiranui_mai_(cosplay),569
rabbit_platoon_(blue_archive),569
bruise_on_arm,569
chest_fur,568
mongolian_clothes,568
latex_dress,568
phone_over_face,568
on_magic_circle,568
tool_belt,568
zhijupao,568
vanripper_(style),567
scarf_grab,567
brown_slippers,567
tossing,567
bucket_of_water,567
orange_sports_bra,567
aqua_cardigan,567
energy_arrow,567
chuo_tanegashima_high_school_uniform,567
gingham_apron,567
chinese_bellflower,567
sleeping_animal,566
horse_dildo,566
high_up,566
single_wide_sleeve,566
uu~,566
holoadvent,566
koala,565
walkman,565
two-handed_sword,565
multicolored_socks,565
jigsaw_puzzle,565
hardboiled_egg,565
spiral_staircase,565
grass_type_theme_(pokemon),565
shotadom,564
headbutt,564
holding_cannon,564
weapon_formation,564
hair_over_mouth,564
symphogear_pendant,564
print_tank_top,564
metal_arm_cuffs,564
stake,564
i'll_teach_you_everything_(chainsaw_man),563
pee_puddle,563
aurelia_academy_school_uniform,563
brown_scrunchie,563
anatomical_nonsense,563
crosier,563
polka_dot_necktie,563
eye_pop,563
holding_drinking_straw,563
chest_ribbon,563
eye_of_providence,563
metal_belt,563
barrett_m82,562
sig_mcx,562
wolf_hood,562
modeling,562
star_censor,562
extra_hands,561
orange_feathers,561
cocktail_umbrella,561
red_claws,561
compression_sleeve,561
bmw,561
open_cloak,561
shower_curtain,561
torn_bra,560
aqua_eyeshadow,560
aqua_rose,560
wing_cape,560
fruit_tart,560
pangu_terminal_(wuthering_waves),560
firefighter_jacket,560
surprised_arms,560
two-tone_leggings,560
salmonid,560
genocide_route_(undertale),560
sandogasa,559
bisected,559
bucket_on_head,559
person_between_breasts,559
in_bottle,559
cel_rendering,559
no,558
quintuplets,558
expressive_tail,558
large_bulge,558
nami_junior_high_school_uniform,558
rabbit_vibrator,558
armillary_sphere,558
playing_drums,558
leopard_print_bra,557
arm_wrestling,557
implied_handjob,557
inflatable_armbands,557
rabbit_mask,557
achiga_school_uniform,557
transparent_bag,557
eye_hair_ornament,557
sashimi,557
indonesian_text,557
tactical_surface_fighter,557
team_aqua,557
hidden_camera,556
diamond_print,556
grandfather_clock,556
emblem_(fire_emblem_engage),556
craft_essence_(fate),556
unworn_belt,556
bald_female,556
hands_in_another's_hair,556
easy_chair,556
waiting,556
shaka_sign,556
holding_golf_club,556
raw_meat,555
ukraine,555
slime_boy,555
lit_fuse,555
bilibili_username,555
gaze_on_me!_outfit_(umamusume),555
poinsettia,555
peacock,555
fox_hat,555
stuffed_carrot,555
white_male_swimwear,555
butterfly_choker,554
crystal_shards,554
ikura_(food),554
tropical,554
luger_p08,554
blizzard,554
leopard_print_panties,554
pet_walking,553
detonator,553
flying_whale,553
head_tattoo,553
inflatable_orca,553
paint_roller,553
too_many_hair_ornaments,553
bunk_bed,553
bamboo_screen,552
too_many_sex_toys,552
fender_jazzmaster,552
wringing_skirt,552
holding_goggles,552
bow_camisole,552
breast_mousepad,552
standing_on_object,552
loading_screen,551
stalking,551
dog_hood,551
h&k_g11,551
bust_chart,551
arm_over_shoulder,551
eagle_union_(emblem),551
execution,551
komatsuzaki_rui_(style),551
lace-trimmed_garter_belt,551
bitten_apple,550
grid_print,550
single_claw_pose,550
sex_with_insects,550
slav_squatting,550
thumbprint_cookie,550
black_mittens,550
fart,550
mma_gloves,550
an-94,549
gold_border,549
holding_crayon,549
cupping_glass,549
book_on_head,549
stifled_laugh,549
night_elf_(warcraft),549
gingham_background,549
mustard,549
akademiya_uniform,548
frilled_corset,548
plank,548
clothed_bath,548
human_toilet,548
dragonfly_wings,548
unlimited_blade_works_(reality_marble),548
ageplay,548
asymmetrical_eyewear,548
flannel,548
teaching,548
small_stellated_dodecahedron,547
floral_print_panties,547
criss-cross_strings,547
eevee_backpack,547
shinkon_santaku,547
holding_candlestand,547
stew,547
power_bottom,547
shin_strap,547
holding_unworn_boots,547
holding_wreath,547
affectionate_harem,547
tenugui,546
character_snowman,546
fur-trimmed_armor,546
penguin_hat_(mawaru_penguindrum),546
nudist_beach_uniform,546
school_swimsuit_flap,546
gunpod,546
jelly_bean,546
shadow_puppet,546
holy_grail_(fate),546
spoken_skull,546
pop_filter,545
scarecrow,545
laddered_pantyhose,545
dominator_(bdsm),545
banana_boat,545
husky,545
palette_swap,545
stack,545
underbarrel_grenade_launcher,545
tight_top,545
kodomo_no_hi,545
aoqun,544
swaddled,544
yakuza,544
parasite,544
suplex,544
two-tone_bra,544
wet_thighhighs,544
blister_pack,544
tassel_choker,543
airport,543
ornate,543
pages,543
roulette_table,543
frilled_boots,543
tootsuki_saryou_ryouri_gakuen_uniform,543
otaku_room,543
d;,543
through_window,543
kissing_hair,543
striped_suit,543
stutter,543
idol_heart_incom,543
chanchanko_(clothes),543
dress_aside,543
anchor_hat_ornament,542
power_item_(touhou),542
sea_slug_girl,542
robot_dog,541
walkman_nw-s203f,541
playing_card_(medium),541
webbed_feet,541
optical_illusion,541
hand_on_window,541
crime_prevention_buzzer_threat,541
guan_dao,541
no_heterochromia,540
anatomy,540
imminent_paizuri,540
sketching,540
holding_lyre,540
chest_holster,540
team_galactic,540
tying_footwear,540
quilted_clothes,540
moon_print,540
sewing_pin,540
release_celebration,539
saturated_background,539
lantern_festival,539
flower-trimmed_shorts,539
marijuana,539
cutoff_jeans,539
pokedex,539
impasto,539
sweater_tug,538
segmented_tail,538
grief_seed,538
jedi,538
magic_trick,538
gold_teeth,538
the_fun_gang,538
checkered_sleeves,538
hebijo_academy_school_uniform,538
covered_underboob,538
rusty_trombone,538
billiards,538
extra_digits,538
alternate_footwear,538
suspenders_gap,537
traditional_elf,537
tooth_gap,537
gradient_shirt,537
game_boy_advance,537
yellow_moon,537
panda_costume,537
beaver_ears,537
a_world_underneath,537
bear_paws,537
naked_suspenders,537
shadow_(persona),536
lobotomy_corporation_(identity)_(project_moon),536
green_apple,536
blindfold_lift,536
qifrey's_atelier_apprentice_uniform,536
breakfast,536
fur-trimmed_mittens,536
finger_gun_to_own_head,536
spoken_symbol,536
skull_choker,536
punishment,535
holding_collar,535
burp,535
hazmat_suit,535
round_collar,535
argyle_bow,535
t-back,535
holding_rattle,535
taxi,535
roegadyn,534
tail_flower,534
frog_boy,534
grey_mask,534
horns_through_hood,534
scimitar,534
recycling_symbol,534
crystal_horns,534
portable_stove,534
hair_around_ear,534
wimple,534
yaranaika,534
playing_bass_guitar,533
labia_piercing,533
marching_band,533
pirate_ship,533
snowflake_earrings,533
pig_nose,533
cardboard,533
ooarai_naval_school_uniform,533
naoya_hitting_choso_without_looking_(meme),532
star_cutout,532
lipstick_mark_on_stomach,532
lifebuoy_anklet,532
ring_on_every_finger,532
master_and_servant,532
love_confessions_in_gensokyo,532
mooncake,532
3d_glasses,532
footjob_over_clothes,532
mario_(cosplay),532
gigantic_testicles,531
holding_spork,531
recycle_bin,531
overlighting,531
checkered_bowtie,531
on_cloud,531
headlock,531
manlification,531
multiple_vaginal,531
symmetrical_hand_pose,531
money_bag,531
alpaca_tail,531
heart_arms_duo,531
stomach_hair,531
red_flag,530
carhop,530
lion_dance,530
arm_out_of_frame,530
why_dis_ninja_look_so_mad_(meme),530
riding_dragon,529
traumatized,529
weapon_name,529
florence_nightingale_(fate)_(cosplay),529
victory_pose,529
power-up,529
nodding,529
la_manchaland_(identity)_(project_moon),528
planter,528
cerberus,528
polka_dot_scarf,528
mole_on_leg,528
fruit_tree,528
hasu_no_shousankaku,528
small_testicles,528
face_filter,527
unworn_kimono,527
gazebo,527
uneven_footing,527
fake_transparency,527
sweater_around_neck,527
two-sided_sleeves,527
striped_apron,527
amen_pose_(meme),527
heavy_lens_flare,526
holding_flamethrower,526
tehepero,526
ribbed_panties,526
master_spark,526
teabag,526
ribboned_xiao_guan,526
reverse-jointed_legs,526
clima-tact,525
cavalier_hat,525
putting_on_jewelry,525
print_vest,525
psychedelic,525
landing,525
grabbing_one_of_another's_twintails,525
frontbend,525
holding_energy_gun,525
holding_laptop,524
chaise_longue,524
purity_seal,524
ankle_scrunchie,524
pink_jumpsuit,524
game_cartridge,524
giant_snake,523
typewriter,523
collared_sweater,523
single_handcuff,523
braided_beard,523
inflatable_dolphin,523
death_note_(object),523
red_lightsaber,523
bear_hat,523
blue_light,523
celtic_knot,523
bulge_press,523
pokemon_on_arm,522
penis_out_of_frame,522
adjusting_shoe,522
power_fist,522
rope_marks,522
arm_scarf,522
see-through_pants,522
softboiled_egg,522
oiled,521
boy_and_girl_sandwich,521
fender_precision_bass,521
arms_bound_apart,521
rouge_(makeup),521
saigyouji_yuyuko's_fan_design,521
stuffed_dinosaur,521
national_shin_ooshima_school_uniform,521
white_loincloth,521
patting,521
reien_girl's_academy_school_uniform,521
hololive_fantasy,521
drainpipe,520
wrapped_bento,520
cat_print_panties,520
artstation_username,520
holding_picture_frame,520
multicolored_capelet,520
suction_cup_dildo,520
tapir,520
hair_tattoo,520
battle_standard,520
ostrich,519
valley,519
siamese_cat,519
ladybug_ornament,519
toque_blanche,519
squishing,519
checkered_bikini,519
applying_manicure,519
matoi_ryuuko_(cosplay),519
white_raincoat,519
firefly,519
holding_candy_cane,519
arena_(company),519
ama_usa_an_uniform,519
maid_cafe,519
arm_bow,519
kissing_head,518
distress,518
paprika_private_academy_school_uniform,518
sitting_on_pillow,518
hand_under_skirt,518
ogre,518
slipping,518
steel_ball_(jojo),518
belly_rub,518
on_flower,518
hole_in_wall,517
pointing_at_object,517
pointing_sword,517
himation,517
chaos_emerald,517
aqua_ascot,517
canards,517
black_bloomers,517
aqua_assault_visor,517
demon_costume,517
holding_heart_(organ),517
very_big_eyes,517
sitting_on_food,517
head_on_ass,517
guan_hat,516
hamster_girl,516
rags,516
hair_undone,516
hippopotamus_ears,516
desktop_(computing),516
torn_ribbon,516
hand_shadow_covering_breasts_(meme),516
one_finger_selfie_challenge_(meme),516
spider_tattoo,516
ferret_tail,516
multicolored_panties,516
kouyouen_academy_school_uniform,515
skull_tattoo,515
peacock_feathers_hair_ornament,515
barn,515
yin_yang_hair_ornament,515
dobermann,515
drawing_on_fourth_wall,515
black_gauntlets,515
colorful_festival_(project_sekai),515
bite_mark_on_arm,514
tarutaru,514
striped_headband,514
smoke_grenade,514
diary,514
cat_ornament,514
exhaust_pipe,514
paw-shaped_pupils,514
pink_mask,514
charger,513
big_dipper,513
prostate,513
cat_shadow_puppet_(meme),513
plaid_collar,513
wooden_staff,513
hippopotamus_girl,513
sitting_in_window,513
hem_peeking_out,513
u's_2nd_years,513
grasshopper,513
rinnegan,513
money_gesture,513
gold_saint,513
piercing_through_clothes,513
light_in_heart,512
visible_ears,512
eiffel_tower,512
pony_play,512
game_over,512
dragon_costume,512
kuromorimine_(emblem),512
spiked_shoes,512
coronavirus_pandemic,512
shiitake,512
mechanical_boots,511
ai_arctic_warfare,511
ring_(identity)_(project_moon),511
straw_doll,511
ceiling_fan,511
lactating_into_container,511
shadow_hands,511
heattech_leotard,511
carrot_slice,511
holding_utensil,510
yin_yang_pin,510
from_inside,510
yellow_car,510
1980s_fashion,510
alpaca,510
nipple_tag,510
kuoh_academy_school_uniform,510
itabag,510
arm_markings,510
aqua_border,510
pipa_(instrument),509
walther_wa_2000,509
spartan_(halo),509
rectangle,509
trombone,509
lego,509
handheld_electric_fan,509
scale_print,509
color_drain,509
omnic,509
bandage_on_hair,509
jizou,509
striped_scrunchie,509
mirrored_text,509
star_print_panties,508
metal_bikini,508
cheek_piercing,508
florence_nightingale_(trick_or_treatment)_(fate)_(cosplay),508
brown_camisole,508
u.a._gym_uniform,508
character_bag,508
takenami_hideyuki_(style),508
zweihander,508
sweat_stain,508
kunreishiki,508
j-core,508
cigarette_butt,507
dizzy,507
galaxia_(sword),507
championship_belt,507
geokinesis,507
snowflake_ornament,507
hatching,507
ishikei_(style),507
shibuya_(tokyo),507
field_cap,507
plain_epaulettes,507
cowl_neck,507
purple_slingshot_swimsuit,507
tiktok_logo,506
silver_ring,506
juggling,506
fanning,506
food_writing,506
comically_serious,506
rogues'_gallery,506
arcade_stick,506
worm's_eye_view,506
lolita_print,506
sleeve_belt,505
blueprint_(object),505
imminent_attack,505
wandenreich_uniform,505
taco,505
no_smoking,505
release_date,505
camellia_print,505
showing_phone,505
assisted_object_insertion,505
blood_on_cheek,505
pgm_hecate_ii,505
torn_vest,504
jack-o'-lantern_hat_ornament,504
minimalism,504
holding_rock,504
book_holster,503
salt,503
arm_fins,503
h&k_p30,503
penguin_logistics_logo,503
shibahama_high_school_uniform,503
impressionism,503
stroking_another's_chin,503
crotch_kick,503
wardrobe,503
holding_unworn_skirt,503
jaw_drop,503
mizuka_academy_school_uniform,503
animal_on_back,502
on_railroad_tracks,502
gingham_skirt,502
ayaya~,502
fake_hair_bun,502
fundoshi_aside,502
avalon_(fate),502
dollar_bill,502
holding_unworn_scarf,502
salt_middle_school_uniform,502
matching_hairstyle,502
projectile_trail,502
conductor,502
floral_print_sash,502
tail_around_another's_leg,502
no_hairband,501
rainbow_flag,501
circuit_board,501
side_sitting_split,501
cat_stretch,501
knotting,501
paw_stick,501
multiple_theme_colors,501
holding_cocktail_shaker,501
creamer_(vessel),501
seahorse,501
purple_garter_straps,501
diner,500
drawing_on_air,500
block_(object),500
tentacle_clothes,500
tied_drawstring,500
oni_costume,500
presenting_another's_body,500
upright_restraints,500
kinomoto_sakura_(cosplay),500
diamond_necklace,500
crash,500
flinch,500
insult,500
kiss_day,499
spotted_hair,499
golden_rose,499
head_pinned_down,499
next_time_you're_getting_this_(meme),499
holding_scale,499
nabe,499
agejo_gyaru,499
aerial_battle,499
ankle_bell,499
attack_trail,499
sumo,499
multicolored_polka_dots,498
emotional_engine_-_full_drive,498
raira_academy_school_uniform,498
gemini_(symbol),498
headwear_switch,498
green_shawl,498
element_bending,498
looking_at_hands,498
gauge,498
black_car,498
purple_cat,498
blood_trail,498
tears_from_one_eye,497
wagon,497
handjob_over_clothes,497
cicada,497
uncle_and_nephew,497
green_slippers,497
mahora_academy_middle_school_uniform,497
holding_cable,497
blue_track_suit,496
white_turban,496
rider-tan,496
shanghai_neckline,496
dahlia,496
lydian_academy_school_uniform,496
seven-segment_display,496
bikini_visible_through_clothes,496
vocaloid_boxart_pose,496
orange_pubic_hair,495
ford,495
gnosis_(genshin_impact),495
gardening,495
biting_head,495
photo_album,495
finger_to_tongue,495
polar_opposites,495
octopus_boy,495
nut_(food),495
mindscape_cinema_(zenless_zone_zero),495
red_pajamas,495
template,495
slingshot_(weapon),495
under_another's_clothes,495
thick_tail,494
animal_legs,494
mafia,494
wiggling_toes,494
hat_tug,494
master_ball,494
spider_lily_print,494
h&k_psg1,494
playing_card_game,494
gat_(hat),494
checkered_vest,493
h&k_g3,493
pact_holder,493
rhodes_island_uniform,493
licking_blood,493
gold_ribbon,492
russian_clothes,492
watermelon_hair_ornament,492
gym_challenge_uniform,492
brain_freeze,492
block_(minecraft),491
character_sticker,491
nopon,491
gold_helmet,491
vernier_thrusters,491
zodiac_wheel,491
floppy_disk,491
club_hair_ornament,491
photobomb,491
diamond_clan_outfit,491
guinea_pig,491
simulated_paizuri,491
play_button,491
ribbon_bar,491
necklace_between_breasts,490
cramped,490
taped_hands,490
nissan_skyline,490
astral_express_(honkai:_star_rail),490
ferrari,490
christian_louboutin_(brand),490
nose_hook,490
rolling_pin,490
pink_cloak,489
birthday_party,489
world_war_i,489
fender_mustang,489
crowded,489
hirabitai,489
shredded_muscles,489
good_meat_day,489
moire,489
heel-less_heels,488
swimsuit_lift,488
scuba_gear,488
purple_eyeliner,488
vent_(object),488
yellow_cat,488
socks_over_thighhighs,488
wonderlands_x_showtime_(project_sekai),488
warp_pipe,488
stairwell,488
sit-up,488
angel_(evangelion),488
headboard,488
large_buttons,487
smelling_ass,487
scissors_hair_ornament,487
dishes,487
cat_o'_nine_tails,487
m1903_springfield,487
atom,487
train_(clothing),487
hatchet_(axe),487
step_and_repeat,487
creator_name,487
bicycle_helmet,487
wi-fi_symbol,487
no_detached_sleeves,486
pioneer_neckerchief,486
dripping_eye,486
quimbaya_airplane,486
tube_chastity_cage,486
horn_piercing,486
single_nipple_piercing,486
gift_wrapping,486
pink_hanfu,485
croquette,485
impact_(font),485
drill_hand,485
two-tone_choker,485
lowleg_pantyhose,485
bust_measuring,485
i_heart...,485
running_towards_viewer,485
dilapidated,485
corked_bottle,484
inverted_colors,484
kiritanpo_(food),484
dragonstone,484
gag_around_neck,484
welding_mask,484
yakitori,484
irasutoya_challenge,484
m14,484
myon_(phrase),484
angel_mort,483
gauze_on_arm,483
sea_slug,483
ukulele,483
hair_half_undone,483
wooden_railing,483
mac-10/11,483
dna,483
tassets,483
split-color_skin,483
ultra_instinct,483
temporal_hairline,483
cancer_(symbol),483
caution,483
mont_blanc_(food),483
boss_fight,483
crotchless_leotard,483
implied_bisexual,483
lanchester_smg,482
banana_slice,482
bottle_cap,482
after_rain,482
fossil,482
string_pull,482
destroyer,482
lip_ring,482
violet_(flower),482
nipple_bells,482
strawberry_blossoms,482
kissing_object,482
knee_strap,482
volkswagen,481
striped_skin,481
string_phone,481
animal_in_clothes,481
swaying,481
laces,481
vietnamese_text,481
holding_sewing_needle,480
chicken_nuggets,480
ripping,480
ass_lift,480
string_of_pearls,480
plum_blossom_garden_uniform_(blue_archive),480
ribbon-trimmed_panties,480
twister_(game),480
kagamine_rin_(cosplay),480
mastectomy_scar,480
harisen,480
guide,480
formula_racer,480
character_watermark,480
no_hair_bow,480
sentient_stuffed_toy,480
mickey_mouse_ears,480
cross-laced_sandals,480
sakae_general_school_uniform,480
tattoo_sleeve,479
cheytac_m200,479
oval_border,479
porsche,479
blue_bonnet,479
hand_wrapped_around_waist,479
kourindou,479
stingray,479
removing_shoes,479
vs_seeker,478
assisted_stretching,478
red_goggles,478
sponsor,478
engulfing_lightning_(genshin_impact),478
scorpio_(symbol),478
white_wolf,478
nontraditional_school_swimsuit,478
koi_dance,478
united_kingdom,478
weapon_between_legs,478
lipstick_mark_on_leg,477
card_between_breasts,477
septum_piercing,477
babywearing,477
yellow_hands,477
mole_on_back,477
native_american_headdress,477
foreground_text,477
safari_jacket,477
shoulder-to-shoulder,477
incoming_call,476
gold_skin,476
heel_pop,476
fuwapuchi,476
crooked_eyewear,476
rabbit_earrings,476
vertical-striped_sweater,476
purple_shrug,475
silver_crown,475
too_many_flowers,475
white_rabbit_(alice_in_wonderland)_(cosplay),475
in_crane_game,475
cape_lift,475
rpg-7,475
kooribata,475
dart,475
complex_exterior,475
indirect_kiss,475
no_emblem,475
sound_wave,474
akm,474
teaspoon,474
yellow_sarong,474
pomeranian_(dog),474
ground_shatter,474
trellis,474
arrest,474
gladiator,473
daijoubu?_oppai_momu?_(meme),473
gradient_bikini,473
scaffolding,473
kingdom_key,473
striped_bandeau,473
polka_dot_neckerchief,473
spoken_mars_symbol,473
kerosene_lamp,473
song_of_broken_pines_(genshin_impact),473
fujiko_f_fujio_(style),473
giant_hand,473
glands_of_montgomery,473
cross-laced_one-piece_swimsuit,472
weapon_in_mouth,472
stellated_octahedron,472
frog_costume,472
brown_pupils,472
tying_another's_hair,472
slavic_clothes,472
satogahama_school_uniform,472
ermine,472
dive_ball,472
sea_urchin,472
simulated_footjob,472
heavy_film_grain,471
greek_text,471
organization_xiii,471
off-shoulder_cardigan,471
orange_collar,471
holding_kettle,471
pig_boy,471
uohhhhhhhhh!_(meme),471
eye_beam,471
dancer_(fire_emblem:_three_houses),471
character_cutout,471
black_sun,471
pink_leggings,471
streetcar,471
censored_profanity,470
sex_ed,470
girl_staring_at_guy's_chest_(meme),470
ice_cream_hair_ornament,470
south_korean_flag,470
lilith_(darkstalkers)_(cosplay),470
boar_boy,470
searching,470
bunny_ears_prank,470
knights_of_the_round_table_(fate),470
z_flag,470
delta_rune_(symbol),469
st._hermelin_school_uniform,469
slot_machine,469
tsuchinoko,469
tsukimi_dango,469
polka_dot_pillow,469
liu_association_south_(identity)_(project_moon),469
minoseki_academy_school_uniform,469
pile,469
exposed_gusset,469
winged_headphones,469
american_football_uniform,469
happy_holidays,468
doodled_object,468
jack_(playing_card),468
size_comparison,468
bonyari_high_school_uniform,468
bolter,468
arm_across_neck,468
umapyoi_densetsu,468
st._lucia_academy_school_uniform,468
bar_phone,467
naval_dress_uniform,467
wrinkled_fabric,467
flat_chest_joke,467
lid,467
quiff,467
tickling_stomach,467
doppelganger,467
pov_cheek_grabbing_(meme),467
green_tube_top,467
thumb_to_mouth,467
olive,467
stalactite,467
stuffed_dolphin,467
life_fiber,466
on_wall,466
snake_boy,466
sunshower_(e.g.o),466
decantering,466
blue_bridal_gauntlets,466
goldfish_scooping,466
floral_border,466
hakusen_academy_school_uniform,466
striped_bodysuit,466
aura_bullying_(meme),466
x_anus,466
mechanical_tentacles,466
adjusting_hood,466
male_underwear_aside,466
cape_hold,466
famicom,466
white_coif,466
food_costume,465
stuffed_gag,465
dread_suit,465
canvas_texture,465
splatoonification,465
single_leg_bodysuit,465
pink_shrug,465
aquarius_(symbol),465
warp_star,465
pumpkin_costume,465
panda_print,465
mercury_(element),464
glowing_clothes,464
bowling_ball,464
red_arm_warmers,464
leo_(symbol),464
forced_lactation,464
big_bad_wolf_(cosplay),464
grandmother_and_grandson,463
magnolia,463
christmas_tree_costume,463
multicolored_neckerchief,463
silence_glaive,463
oshikatsu,463
hermit_crab,463
diagonal-striped_ribbon,463
warming_hands,463
see-through_coat,463
admiral_(kancolle)_(cosplay),463
loose_bandages,463
propaganda,463
blood_drop,463
prehensile_tongue,463
rabbit_hat_ornament,462
broken_pillar,462
holding_case,462
coat_of_arms,462
leaf_bikini,462
penetration_through_clothes,462
body_jewelry,462
sled,462
sesame_seeds,462
tramp_stamp,462
grenade_hair_ornament,462
cow_hood,462
smelling_hair,462
stun_grenade,461
spade_earrings,461
mouth_focus,461
holding_pitchfork,461
armored_personnel_carrier,461
food-themed_hair,461
clock_hands,461
holding_own_leash,461
putting_on_headwear,461
cracker,461
sea_slug_ears,461
pepperoni,461
stereo,461
selene_girls_school_uniform,460
clockwork,460
in_the_name_of_love_and_hate_(e.g.o),460
dopo,460
face_to_pecs,460
shinra_infantry_uniform,460
slave_gear_(tsmg_nao!),460
fake_antennae,460
fur_bracelet,460
yume_no_tsue,460
great_pyrenees,460
primordial_jade_winged-spear_(genshin_impact),460
green_haori,460
in_trash_can,460
relationship_graph,460
terastallization,459
cupid,459
sweater_vest_lift,459
half_eye_mask,459
checkered_jacket,459
multilingual_text,459
companion/af,459
ashes,459
lace-trimmed_veil,459
frilled_pajamas,459
buster_shirt_(fate),459
extra_tails,458
tape_maebari,458
mole_on_forehead,458
silhouette_demon,458
brodie_helmet,458
knifed,458
shroud_of_magdalene,458
waffle_cone,458
lunar_tear,458
twi'lek,457
cross-laced_leotard,457
ena_(species),457
chainsword,457
eye_socket,457
standing_on_magic_circle,457
fat_pikachu,457
heroes'_gallery,457
gimp_mask,457
window_fog,457
character_logo,457
headphones_over_headwear,457
zako_(phrase),456
maple_syrup,456
gemini_(constellation),456
hoe,456
garlic,456
orange_hair_ornament,456
scorpion,456
fur-trimmed_pants,456
rouman_academy_school_uniform,456
frog_hat,456
index_(identity)_(project_moon),456
no_horns,456
lee-enfield,455
tonguejob,455
smartwatch,455
excessive_nosebleed,455
piston,455
food_in_ass,455
table_tennis_ball,455
2002,455
late_for_school,455
tomoe_mami_(cosplay),455
chalkboard_sign,455
gauze_on_leg,455
monado,455
snow_shelter,455
blood_on_feet,454
window_shutter,454
holding_bullet,454
animation_paper,454
bandaged_tail,454
corn_cob,454
back_peek,454
lightened_skin,453
drakeposting_(meme),453
good_ass_day,453
sith,453
muffled,453
chocolate_donut,453
nt-d,453
card_between_fingers,453
hat_under_hood,453
male_yandere,452
dirty_talk,452
erhu,452
purple_buruma,452
heart_apron,452
imperium_of_man,452
unworn_armor,452
hasu_no_sanrenka,452
ragnell,452
kokoshnik,452
mobile_armor,452
watanabe_akio_(style),452
strip_game,451
donut_innertube,451
asymmetrical_bodysuit,451
gargoyle,451
hover_bike,451
bone_necklace,451
necrophilia,451
kendama,451
golden_shower,451
mp40,451
lightning_glare,451
scar_on_chin,451
bioluminescence,451
rabbit_ear_headwear,450
stomach_mouth,450
veiny_thighs,450
holding_dice,450
bottle_to_cheek,450
dss_choker,450
octagram,450
newhalf_with_female,450
brown_sky,450
babydoll_pull,450
light-skinned_palms,450
kazekoshi_school_uniform,450
emperor_penguin,450
compound_bow,449
crown_print,449
jack-o'-lantern_ornament,449
grey_jumpsuit,449
too_much_food,449
feather-trimmed_jacket,449
spiked_ball,449
between_buttocks,449
tweet,449
plum_blossom_print,449
removing_glove,449
unbuttoned_jacket,449
lace-trimmed_ribbon,449
2003,449
spoken_light_bulb,449
spilled_milk,449
fishnet_leotard,448
calla_lily,448
tachyon's_shady_new_drug_(umamusume),448
octavinelle_dorm_uniform,448
pisces_(symbol),448
libra_(symbol),448
chameleon,448
brown_rose,448
removing_mask,448
transformer,448
weirdcore,447
conjoined,447
blue_lightsaber,447
medical_scrubs,447
black_tabard,447
ouendan,447
ichimegasa,447
celestial_being_uniform,447
improvised_weapon,447
circle_cutout,447
animatronic,446
hina_ningyou,446
fabric,446
shoe_belt,446
danganronpa_10th_anniversary_costume,446
mermaid_costume,446
stone_mask_(jojo),446
penis_milking,446
verone_gakuin_school_uniform,446
tifa_lockhart_(cosplay),446
qilin_(mythology),446
sketch_inset,446
all_the_way_through,445
number_hair_ornament,445
anti-eyebrow_piercing,445
placard,445
strawberry_milk,445
licking_weapon,445
wireless_sex_toy_controller,445
aqua_sash,445
mahjong_table,445
starry_sky_bright_(idolmaster),445
mountain_focus,444
basketball_court,444
sword_of_dios,444
school_nurse,444
maple_tree,444
fujimi_high_school_uniform,444
gyate_gyate,444
purple_blood,444
mine_(weapon),443
leather_strap,443
vespa,443
pink_veil,443
meatball,443
hololive_gamers,443
through_painting,443
crotchless_bikini,443
chinchilla_ears,443
ham,443
sewing_machine,443
standing_on_person,442
oral_sandwich,442
uwu,442
tail_pull,442
white_tiara,442
otter_girl,442
dazed,442
top_pull,442
blue_nightgown,442
counters_(nikke),442
carrying_multiple_people,442
izayoi_sakuya_(cosplay),442
hand_in_another's_clothes,441
asymmetrical_skirt,441
mantis_girl,441
alraune,441
belly_dancing,441
jack_daniel's,441
tackle,441
snoring,441
isopod,441
drawing_on_another,441
fire_elemental,441
ice_cream_bar,441
holding_makeup_brush,441
cat-shaped_pillow,440
civilight_eterna_(arknights),440
dance_studio,440
star_bracelet,440
exercise_machine,440
penguin_hair_ornament,440
sea_turtle,440
;>,440
greco-roman_architecture,440
sleepover,440
convention,440
gingham_dress,440
hands_on_another's_arm,439
orange_peel,439
bra_over_clothes,439
taller_than_canon,439
image_macro_(meme),439
frozen_frog,439
oogai_daiichi_middle_school_uniform,439
grey_corset,439
shipping_container,439
frog_hood,439
ad_(object),439
irony,439
lace-trimmed_eyepatch,439
cursed_spirit_(jujutsu_kaisen),438
chiaroscuro,438
attack_helicopter,438
sphinx,438
kyoto_(city),438
theater_seating,438
fruit_bowl,438
black_ears,438
dot_pupils,438
flick,438
tsukimi,438
camouflage_hat,438
people's_liberation_army,438
floral_arch,438
floatplane,438
taurus_(symbol),438
playstation_5,438
groucho_glasses,438
saw_cleaver,437
human_dog,437
splat_roller_(splatoon),437
polyamory,437
jellyfish_girl,437
print_scrunchie,437
uzi,437
bee_wings,437
humanized_skin_color,437
spiked_dildo,436
pajamas_pull,436
armlock,436
spas-12,436
adhesive_bra,436
whale_print,436
print_male_underwear,436
knee_to_chest,436
neck_blush,436
aqua_headband,436
test_tube_rack,436
clitoris_slip,436
gumroad_logo,436
very_low_bun,436
wiping_forehead,435
living_doll_uniform,435
ohogao,435
playstation_vita,435
guarana_antarctica,435
suomi_kp/-31,435
feather_coat,435
pokemon_on_back,435
nipple_stimulation_(female_on_male),435
chameleon_tail,435
shield_module,435
m4_sherman,435
purple_babydoll,435
multicolored_cloak,434
browning_m2,434
brown_bodystocking,434
l85,434
souffle_pancake,434
pink_cat,434
goalkeeper,434
virgo_(symbol),434
aries_(symbol),434
cropped_arm,434
sword_in_front_of_face,434
orbital_path,434
implied_ejaculation,433
paper_doll,433
against_door,433
triforce_print,433
race_flag,433
bedtime_story,433
japan_maritime_self-defense_force,433
stirrups_(riding),433
gauze_over_eye,433
hurricane_glass,433
subaru_(brand),433
sleeping_on_desk,433
unworn_headphones,433
giant_tree,433
life_vest,433
bow_button,433
reo_meatwagon_emt_jacket_(cyberpunk),433
izakaya,433
bachi,433
striped_footwear,433
messy_sleeper,433
coin_(ornament),432
argyle_shirt,432
holding_hair_tie,432
third_wheel,432
torn_paper,432
drifting,432
strawberry_earrings,432
vibrator_in_anus,432
looking_at_pectorals,432
paper_hat,432
skeletal_tail,432
rocking_chair,432
reverse_paizuri,432
stick_grenade,432
knife_in_head,432
a6m_zero,432
digivice,432
pixel_art_inset,432
lcl,432
backwards_virgin_killer_sweater,432
gibson_sg,432
sword_print,431
w_corp._(identity)_(project_moon),431
butter_knife,431
holding_hairband,431
tsab_executive_military_uniform,431
ape,431
winged_unicorn,431
multicolored_one-piece_swimsuit,431
juubako,431
sand_on_skin,431
underwear_theft,431
digital_camera,431
rejected_kiss,431
facial_recognition,431
sitting_on_log,431
orange_shrug,431
mihuashi_logo,431
cinderella_girls_card_parody,431
lace-trimmed_camisole,430
breathing_(animated),430
hand_to_forehead,430
choir_outfit_(utdr),430
purple_hanfu,430
blacksmith,430
purple_bonnet,429
calves,429
checkered_sweater_vest,429
binaural_microphone,429
predicament_bondage,429
dog_print,429
gourmet_guild_(princess_connect!),429
grabbing_multiple_others'_breasts,429
holding_scalpel,429
humming,429
pantyhose_around_one_leg,428
orange_armor,428
holding_vial,428
flower_in_braid,428
vaginal_prolapse,428
sitting_on_roof,428
human_meat_consumption,428
utnapishtim_operator_uniform_(blue_archive),428
the_end_(phrase),428
mining_helmet,428
censored_food,428
holding_cat_teaser,428
zipper_footwear,428
capricorn_(symbol),428
new_mask_of_hope,428
dying_message,428
skull_collar,428
tuxedo_shirt,428
toeless_socks,428
sneaking,427
viewer_self-insert,427
squid_girl,427
walther_ppk,427
umbrella_gun,427
clip_studio_paint,427
doritos,427
red_leg_warmers,427
sticker_on_arm,427
tumblr_logo,427
manually-operated_mounted_gun,426
thigh_marking,426
adult_baby,426
urine_meter,426
head_between_pecs,426
burning_building,426
baggy_shorts,426
orange_sweater_vest,426
yakiniku,426
dreamcatcher,426
ears_back,425
multicolored_sweater,425
legendary_super_saiyan,425
game_controller_print,425
sight_magnifier,425
hymen,425
equation,425
dishwashing,425
crew_cut,424
particle_cannon_case,424
minecraft_pickaxe,424
toes_up,424
soapland,424
double-barreled_shotgun,424
chocolate_on_hand,424
shirt_rolled_up,424
half_moon,424
chaldea_security_organization,424
damage_numbers,424
tsukumihara_academy_uniform_(fate/extra),424
new_generations_(idolmaster),424
fin_funnels,423
omake,423
music_stand,423
animal-shaped_balloon,423
zebra_ears,423
multiple_insertions,423
dark_orb_(madoka_magica),423
male_lactation,423
mini_santa_hat,423
height_conscious,423
sagittarius_(symbol),423
yor_briar_(cosplay),423
polished_shoes,423
clawed_feet,423
pink_visor_cap,422
cheetah_girl,422
torn_boots,422
green_bandeau,422
grey_shawl,422
brown_streaks,422
instant_soba,422
unworn_swim_cap,422
shogi_piece,422
alternate_sleeve_length,422
iced_latte_with_breast_milk_(meme),422
zuiyin,422
jin_(headwear),422
hair_tuft,422
head_under_skirt,422
united_states_navy,422
multiple_hair_ribbons,422
black_tongue,421
blood_elf_(warcraft),421
pile_of_skulls,421
holding_cue_stick,421
flat_sign,421
side_labret_piercing,421
improvised_umbrella,421
downpants,421
roto's_emblem,420
flat_top_chef_hat,420
hoop_skirt,420
spoken_number,420
borrowed_accessory,420
fukumoto_nobuyuki_(style),420
bikini_briefs,420
orange_pajamas,420
blade_lineage_(identity)_(project_moon),420
fan_screaming_at_madison_beer_(meme),420
farmer,419
on_fence,419
holding_manga,419
key_in_head,419
pleated_capelet,419
hands_on_own_leg,419
shiruko_(food),419
squiggle_eyes,419
miniature,419
purple_leggings,419
maxim_tomato,419
arched_soles,419
hand_in_pants,419
wink_star,419
aqua_tail,419
broken_plate,419
lappet,419
railroad_signal,418
myouga_(plant),418
grey_shrug,418
united_states_army,418
torn_tank_top,418
soy_sauce_bottle,418
nasa_logo,418
nipple_torture,418
sternum,418
ak-74,418
ungagged,418
blade_arm,418
herb,418
spicebush_(e.g.o),418
print_headband,418
powered_wheelchair,418
ears_under_headwear,418
holding_diploma,418
crotch_strap,418
cotton_swab,418
elizabeth_tower,418
diagonal-striped_shirt,417
autocannon,417
realistic_teeth,417
rebellion_(sword),417
alligator,417
green_hair_ornament,417
cum_in_throat,417
skylight,417
ear_tufts,417
lens_eye,417
maid_leotard,417
zaft_uniform,417
sword_between_breasts,417
holding_magazine_(weapon),417
leather_suit,417
magic_pen_(twisted_wonderland),417
neglect_play,416
churro,416
eyes_of_grima,416
textbook,416
toy_block,416
camera_phone,416
meltrandi,416
new_york_city,416
meerkat_ears,416
leo_(constellation),416
kunugigaoka_middle_school_uniform,416
wood_carving_tool,416
tying_apron,415
substitute_(pokemon),415
water_fight,415
display,415
washing_vehicle,415
griffin_&_kryuger_logo,415
triple_wielding,415
nut_(hardware),415
on_tree,415
valkyrie_(ensemble_stars!),415
pink_bandana,415
chikuwa,415
meslamtaea_(fate),415
triangle_background,415
screen_zoom,415
ghost_hands,415
jogging,414
solemn_lament_(e.g.o),414
giraffe_print,414
famas,414
furry_and_animal,414
gokugetsu_gakuen_school_uniform,414
looking_through_scope,414
waving_hands,414
watercolor_background,414
shipwreck,414
neet,414
green_blood,414
bra_slip,414
yuujo,414
aoshidan_school_uniform,414
candle_wax,414
lace_garter_belt,414
susuki_grass,414
barbarian,414
cover_sketch,413
railgun_(misaka_mikoto),413
red_bridal_gauntlets,413
working,413
theater,413
ferris_wheel_interior,413
holding_jug,413
turnip,413
you_work_you_lose,413
pink_bloomers,413
alternate_body_hair,413
alpha_pokemon,413
integrity_knight_armor,413
flipped_sidelocks,413
petal_print,413
bio_lab,413
purple_overalls,412
holding_charm,412
caress,412
pointing_with_thumb,412
alchemy,412
bloated,412
puffy_dress,412
bandage_on_knee,412
green_light,412
ruined_for_marriage,412
itou_ikuko_(style),412
wax,412
cunnilingus_gesture,412
mesugaki_pose,412
calling,412
wolf_pelt,412
shiraitodai_school_uniform,412
h&k_usp,411
forced_kiss,411
horizontal_bar,411
cream_on_breasts,411
clothes_shop,411
bee_costume,411
flanged_mace,411
see-through_cape,411
peter_pan_collar,411
bunbunmaru,411
piloting,411
hime_lolita,411
t-34,411
neckerchief_between_breasts,411
remington_870,410
cable_hair,410
bow_apron,410
asagami_private_girls_acadamy_uniform,410
luchador_mask,410
pedestrian_bridge,410
naked_lab_coat,410
hue_shifting,410
moped,410
anal_invitation,410
alpaca_girl,410
playstation_4,410
unofficial_precure_costume,410
jacket_tug,410
footjob_with_shoes,410
discrimination,410
scene_fashion,409
rolled-up_paper,409
hoshino_ai's_pose,409
golden_retriever,409
inverted_cross_earrings,409
mimosa_(flower),409
caldari_state_(eve_online),409
purple_garter_belt,409
wii,409
imminent_bestiality,409
picture_hat,409
eating_hair,409
paizuri_over_clothes,409
nanatsu-yoru,409
detached_magazine_(weapon),409
glaze_lily,409
key_hair_ornament,409
green_bell_pepper,409
marine_day,409
orange_overalls,409
mall,408
pestle,408
unit_patch,408
clubroom,408
black_fire,408
interlocked_mars_and_venus_symbols,408
waffen-ss,408
taut_skirt,408
furoshiki_around_neck,408
acronym,408
ornate_weapon,408
orange_tulip,408
flamenco_dress,408
single_bracer,408
kneepit_sex,407
garage,407
rough_time_school_(idolmaster),407
holding_sheet,407
side_halo,407
wafer,407
thumb_in_pocket,407
dandelion_clock,407
disdain,407
power_strip,407
character_hat,407
framed_insect,407
myouren_temple_clan_(touhou),406
print_capelet,406
carrot_pin,406
celtic_cross,406
asymmetrical_shirt,406
biometal,406
multiple_moons,406
equipment_layout,406
in_coffin,406
oppai_mochi,406
flour,406
pocky_kissing_viewer,406
uroko_(pattern),406
reflected_worlds,406
apple_on_head,406
date_pun,406
ballet_boots,405
team_plasma,405
black_undershirt,405
tail_insertion,405
broken_arm,405
orange_assault_visor,405
lace-trimmed_capelet,405
falling_paper,405
zipper_top,405
hrothgar,405
construction_site,405
glowing_pupils,405
culottes,405
beef,405
trick-or-treating,405
spacecraft_turret,405
news,405
x-ray_glasses,405
holding_instrument_case,405
bandaged_ankle,404
used_onahole,404
unbuttoning,404
bobby_pin,404
snow_leopard,404
cleaning_brush,404
komeiji_family_(touhou),404
cammy_white_(cosplay),404
battoujutsu_stance,404
character_pillow,404
plectrum_in_mouth,404
menpoo,404
slime_hair,404
costume_chart,404
troll_(homestuck),404
museum,403
green_track_suit,403
lotus_pod,403
fiery_ears,403
do_you_want_to_pet_my_cat_(meme),403
firewood,403
energy_drain,403
hollow_body,403
stepladder,403
food-themed_ornament,403
recording_audio,403
osechi,403
naked_boots,403
snoot_challenge,403
cancer_(constellation),403
two-tone_beard,403
scar_on_lip,403
purple_bandana,403
green_mask,402
peanut,402
competition,402
bicep_strap,402
applying_pedicure,402
kessoku_band_t-shirt,402
bottle_between_breasts,402
multi-strapped_bra,402
yunjian,402
single_letter,402
sulking,402
cigarette_kiss,402
card_in_mouth,402
breakdance,402
musical_note_ornament,401
cloud_focus,401
cum_on_food,401
subdermal_port,401
puffer_fish,401
french_girly,401
karate,401
bubble_wand,401
gold_bar,401
aria_gakuen_school_uniform,401
holding_another's_waist,400
automail,400
ea_(fate),400
spiked_thigh_strap,400
tongue_tattoo,400
novelty_glasses,400
security_camera,400
nyotaimori,400
bust_(sculpture),400
skull-shaped_hat,400
bound_knees,400
wainscoting,400
implied_vibrator,400
downward_dog,400
rapeseed_blossoms,400
cardboard_cutout,400
yellow_crown,400
spiked_hair_ornament,399
hand_on_animal,399
skis,399
gas,399
human_tower,399
idea,399
effects_pedal,399
naked_cardigan,399
knights_of_the_round_uniform,399
nepolabo,399
black_tears,399
satin_bra,399
necktie_between_pectorals,399
black_coif,398
lifeguard_chair,398
indonesian_high_school_uniform,398
double_helix,398
red_fundoshi,398
postcard,398
p14_enfield,398
looking_past_viewer,398
raizen_high_school_uniform,398
crab_on_head,398
rocket_ship,398
take_it_home,398
legwear_cutout,398
rabbit_print_panties,397
green_nipples,397
necktie_around_wrists,397
silver_choker,397
lesbian_flag,397
side-view_mirror,397
dribbling_(basketball),397
finger_to_another's_cheek,397
twerking,397
drag_queen,397
white_beard,397
finnish_text,397
gold_headdress,397
rabbit_background,397
deva_battle_suit,397
taunting,397
jack-o'-lantern_print,397
tasmanian_devil_ears,397
cervix_punching,396
puffy_coat,396
bird's_eye_view,396
pussy_sandwich,396
name_tag_hair_ornament,396
phone_with_ears,396
weapon_strap,396
abbreviated_karakusa,396
orange_tunic,396
pink_check_school_(idolmaster),396
ara_ara,396
muzzle_device,396
object_and_personification,395
country_lolita,395
cooperative_breast_sucking,395
tragedy_of_a_long_life,395
libra_(constellation),395
blood_on_armor,395
grey_leggings,395
fruit_hair_ornament,395
purple_bandeau,395
snake_bondage,395
tenbou,395
set_square,395
strap_break,395
make-up_work_club_(blue_archive),395
shrine_bell,395
hino_minami_high_school_uniform,395
metal_bracelet,395
biohazard_symbol,395
blue_hawaii,394
imminent_tentacle_sex,394
embroidered_panties,394
pinstripe_hat,394
on_hammock,394
shadow_(shadows_house),394
houshou_marine_(cosplay),394
poking_belly,394
wavy_eyebrows,394
tedeza_rize's_school_uniform,394
aqua_tunic,394
gradient_neckerchief,394
t_t,394
awestruck,394
argyle_skirt,393
scar_on_thigh,393
sagging_testicles,393
cardigan_lift,393
fenrir_(ff7),393
milk_churn,393
eyes_on_wings,393
ear_wreath,393
glowing_hands,393
standing_on_three_legs,393
royal_navy_emblem_(azur_lane),393
camisole_pull,393
jamadhar,393
white_crown,393
char_siu,393
gradient_text,392
cooperative_footjob,392
censored_gesture,392
no_print,392
after_meal,392
healing,392
subway_station,392
karasuno_volleyball_uniform,392
pile_of_corpses,392
topless_other,392
business_casual,392
holopromise,392
stenciled_rose,392
apple_rabbit,392
japanese_tankery_league_(emblem),392
pectoral_squeeze,392
molcar,392
gavel,392
plug_gag,391
coach,391
gakuseibou,391
sexual_exercising,391
cow_hat,391
pensive,391
flaming_halo,391
plaid_hairband,391
green_male_swimwear,391
detached_cape,391
digimoji,391
implied_erection,391
arrow_in_head,391
panel_gag,391
suspender_pants,390
skull_head,390
sea_lion,390
crown_bow,390
ribbon-trimmed_kimono,390
premature_ejaculation,390
gold_slingshot_swimsuit,390
intravaginal_futanari,390
fly_agaric,390
apple_core,390
totenkopf,390
see-through_horns,390
burnt_food,390
bikini_over_clothes,389
chinese_lantern_(plant),389
brown_dog,389
treadmill,389
kendo,389
chest_height,389
glowing_arm,389
double_bass,389
expectation_vs._reality,389
sideless_leotard,389
finger_to_head,389
barmaid,389
braiding_own_hair,389
french_horn,389
holding_snowman,389
slime_sex,389
unworn_sweater,388
seven_sisters_high_school_uniform,388
knit_sweater,388
grilled_fish,388
oreo,388
ufo_skirt,388
teleportation,388
model,388
badminton_racket,388
instant_udon,388
quincy_(bleach),388
lamborghini,388
tickling_legs,388
double_vaginal,388
imminent_cunnilingus,388
dvd_case,388
spoken_sparkle,388
yellow_slippers,388
barred_window,388
piercing_hole,387
white_hanbok,387
inverted_pentagram,387
aqua_collar,387
animate_object,387
reeds,387
blade_to_throat,387
pineapple_slice,387
portuguese_text,387
leaning_on_weapon,387
bolverk,387
prehistoric_animal,387
silver_shoes,387
ear_through_crown,387
kagune_(tokyo_ghoul),387
pickle,387
picket_fence,387
holox,387
up_sleeve,387
hands_on_another's_knees,387
hippopotamus,386
leppa_berry,386
dropped_food,386
scone,386
nipple_tassels,386
raver,386
eargasm,386
triangle_necklace,386
room_you_can't_get_out_of_unless_you_x_(meme),386
bluebird,386
digging,386
taurus_(constellation),386
kimono_partially_removed,385
standing_anilingus,385
bad_neck,385
stuffed_orca,385
mizura,385
accordion,385
hanzou_academy_school_uniform,385
holding_omikuji,385
scuba,385
backward-facing_horns,385
toucan,385
invisible_air_(fate),385
artist_name_(singer),385
fake_censor,385
winged_wand,385
kuuhaku_to_catharsis,385
toaster,384
fn_scar,384
samoyed_(dog),384
golden_hour,384
shirt_on_shoulders,384
tennis_net,384
white_tiger_print,384
multicolored_text,384
sneer,384
physical_examination,384
cd_player,384
cheating_(competitive),384
pet_shaming,384
low_block_heels,384
unibrow,383
repairing,383
blue_rope,383
argentina,383
slave_brand,383
changmingsuo,383
nobori,383
elbow_blush,383
red_headdress,383
fur_gloves,383
straylight_(idolmaster),383
white_lips,383
nipple_press,383
on_plate,383
wilted_flower,383
unlikely_accident,383
sprite_art,383
chocolate_on_pussy,383
waist_poke_ball,382
see-through_footwear,382
flower_shop,382
horizontal_spotlight,382
lace_dress,382
cradling_phone,382
seafloor,382
diamond_earrings,382
pleated_pants,382
buruma_around_one_leg,382
yuzu_(fruit),382
shawl_lapels,382
ryokan,382
gattai,382
team_7_(naruto),382
holding_sickle,382
nattou,382
premier_ball,382
shrimp_hair_ornament,382
mismatched_underwear,382
rokubanchou_school_uniform,382
pink_rope,382
argyle_footwear,382
reiwa,382
head_spikes,382
whipping,381
grey_bridal_gauntlets,381
holding_ruler,381
orange_sarong,381
daifuku,381
flower_ring,381
no_scar,381
here's_johnny!_(meme),381
spiked_bat,381
starry_moon,381
floating_breasts,381
book_focus,381
sanshuu_middle_school_uniform,381
mushroom_girl,381
old_maid_alliance_(touhou),381
studded_jacket,381
savannah,381
palette_hair_ornament,381
official_alternate_skin_color,380
scallop,380
claw_hammer,380
pokemon_battle,380
airpods,380
geass,380
enkidu_(weapon)_(fate),380
canadian_flag,380
unworn_bow,380
pull_out,380
cool_&_sexy_(idolmaster),380
polygamy,380
impossible_jacket,380
key_choker,380
firecrackers,380
ppsh-41,379
kamui_(kill_la_kill),379
imminent_netorare,379
jam_(umamusume),379
rake,379
holding_bow_(ornament),379
arm_on_thigh,379
green_tabard,379
mail,379
sweater_under_shirt,379
hypnotizing_viewer,379
black_panther,379
lipstick_mark_on_ass,379
gensokyo,379
middle_(identity)_(project_moon),379
fruit_earrings,379
breast_curtain_lift,378
videocassette,378
time_lapse,378
abdomen_tail,378
sunflower_seed,378
heart_arrow,378
razor_blade,378
eel_boy,378
queen_of_hearts_(playing_card),378
mascot_head,378
kujo_jotaro's_pose,378
no_headgear,378
character_pov,378
suzumiya_haruhi_(cosplay),378
crown_earrings,378
irregular_border,377
cutie_mark_print,377
snort,377
through_portal,377
see-through_headwear,377
newhalf_with_male,377
neon_sign,377
sword_fingers,377
sig_516,377
stealth_fellatio,377
mosquito_coil,377
ravenclaw,377
peplos,377
cum_in_urethra,377
wet_male_underwear,377
receding_hairline,377
too_bad!_it_was_just_me!_(meme),377
pushing_bicycle,377
japari_bus,377
grape_print,377
homeworld_gem_uniform,376
pink_frills,376
blue_pussy,376
codpiece,376
lace-up_top,376
too_many_butterflies,376
makeup_palette,376
white_chocolate,376
anus_cutout,376
double-stroke_eyebrows,376
zombification,376
sofmap_background,376
bodysuit_pull,376
fn_fal,375
sun_hair_ornament,375
progress_bar,375
thighs_together,375
holding_mp3_player,375
nargacuga_(armor),375
ouroboros,375
under_skirt,375
intentionally_missing_halo,375
no_earrings,375
biting_another's_tail,375
ardor_blossom_star_(e.g.o),375
combat_ship_(eve_online),375
mutual_fingering,375
pokegear,375
buying_condoms,375
piercing_pull,375
oktoberfest,375
holding_nail,375
pedestrian_lights,375
mole_on_nose,375
uraeus,374
finger_cots,374
aerokinesis,374
megumin_(cosplay),374
conveyor_belt,374
osugaki,374
after_handjob,374
penguin_hat,374
fruit_basket,374
too_many_books,374
poverty,374
brown_sclera,374
print_pillow,374
skirt_rolled_up,374
print_camisole,374
panty_tag,374
jade_bracelet,373
gradient_pants,373
ribbon-trimmed_apron,373
glowing_skin,373
clothes_on_bed,373
floral_dress,373
pan-pa-ka-paaan!,373
scuba_tank,373
nyoro~n,373
nipples_pressed_together,373
collapsed_bipod,373
nintendo_switch_2,373
fur_leg_warmers,372
fictional_aircraft,372
lekku_(anatomy),372
wavy_ends,372
oyster,372
performance_juxtaposition,372
hands_on_eyewear,372
eevee_(cosplay),372
striped_cardigan,372
white_overskirt,372
vomiting_rainbows,372
spell,372
holding_jump_rope,372
plant_on_head,372
chevrolet,372
hands_on_another's_leg,372
anzio_(emblem),372
ass_rest,372
striped_sash,372
biting_nipple,371
handlebar_mustache,371
angel_statue,371
lambent_light,371
on_animal,371
staff_riding,371
safety_razor,371
altyn_helmet,371
kimono_on_shoulders,371
gold_tattoo,371
brown_outline,371
ohisashiburi_(style),371
iced_coffee,371
st._michael's_school_uniform,371
chibi_on_shoulder,371
unyu,371
necromancer,370
abydos_high_school_swimsuit,370
fire_type_theme_(pokemon),370
pee_in_container,370
blackmail,370
after_footjob,370
atmospheric_perspective,370
grumpy,370
stapled,370
red_leggings,370
hair_rollers,370
crystal_flower,370
polka_dot_shorts,370
fish_tattoo,370
crossed_fingers,370
crocodile_boy,370
love_ball,370
clerical_collar,370
air_jordan_1,370
drawing_on_self,370
giving_food,370
hands_on_another's_legs,370
red_babydoll,369
red_snake,369
sidetail_miku_noodle_stopper_(meme),369
christmas_star,369
aks-74u,369
yellow_tunic,369
swedish_flag,369
german_suplex,369
crotch_stomping,369
cupless_babydoll,369
pile_bunker,369
yellow_male_underwear,369
heian,369
opening,369
slap_mark_on_face,369
covering_head,368
finch,368
orange_print,368
award_ribbon,368
panty_tug,368
glowing_earrings,368
overpass,368
asymmetrical_breasts,368
jaguar_boy,368
clematis_(flower),368
jupiter_(planet),368
gardening_shears,367
stuck_in_a_box,367
bird_hat,367
oversized_bug,367
bowl_stack,367
broken_egg,367
dinosaur_boy,367
saliva_trail_between_teeth,367
nakai_(waitress),367
tweezers,367
naked_belt,367
jet_ski,367
shinsengumi_(fate),367
mobile,367
looking_inside,367
lace-trimmed_babydoll,367
nose_pads,367
riding_person,367
misaki_municipal_high_school_uniform,366
pantsing,366
sexting,366
keffiyeh,366
cake_stand,366
hakuryou_high_school_uniform,366
eyepatch_lift,366
sailing_ship,366
inside_creature,366
spiked_wings,366
length_markings,366
brown_sports_bra,366
purple_scales,366
anal_hook,366
1950s_fashion,365
leaf_clothing,365
used_condom_in_clothes,365
solar_eclipse,365
turning_page,365
snot_trail,365
in_basket,365
holding_banner,365
aqours_2nd_years,365
padoru_(meme),365
jack-o'-lantern_earrings,365
stitched_eye,365
polka_dot_hair,365
washing_back,365
gradient_pantyhose,364
food_truck,364
kabedon_on_viewer,364
lace_shirt,364
moomoo_milk,364
mapo_tofu,364
needle_sword,364
just_as_planned_(meme),364
grey_arm_warmers,364
myoudou_gakuen_middle_school_uniform,364
masanori_sato_(style),364
dirty_hands,364
pentagon_(shape),364
minegahara_high_school_uniform,364
star_pin,364
heart-shaped_mouth,364
idol_heroes_(idolmaster),363
mega_evolution_symbol,363
victory,363
fuse_tail,363
biting_own_thumb,363
batter,363
bat_mask,363
wingtip_collar,363
mailman,363
chest_protector,363
mazda_rx-7,363
pouring_onto_another,363
red_ribbon_army,363
shield_print,363
presenting_bra,363
sunbathing,363
l'ecole_des_cinq_lumieres_school_uniform,363
knuckle_hair,362
single-lens_reflex_camera,362
primogem,362
orange_robe,362
avalon_le_fae_(fate/grand_order),362
cake_hair_ornament,362
drawing_on_sand,362
crystal_tail,362
anteater_ears,362
laser_pointer_projection,362
color_switch,362
character_backpack,362
tail_anus,361
blonde_facial_hair,361
leopard,361
green_veil,361
moon_rabbit,361
opening_eyes,361
school_gateway,361
falling_money,361
apple_print,361
kikka_academy_school_uniform,361
climbing_ladder,361
muscle_car,361
shoulder_massage,361
my_dear_vampire_(idolmaster),361
omocat_(style),361
scraped_knee,361
paper_boat,361
fuse,361
silver_bracer,361
party_horn,361
chi-hatan_school_uniform,361
electric_type_theme_(pokemon),361
holding_clover,361
yukari_is_merry_theory_(touhou),360
frisbee,360
clapperboard,360
paintbrush_hair_ornament,360
disheveled,360
hotel,360
hover_vehicle,360
cover_bikini_girl_(gta_vi)_(pose),360
stuffed_fox,360
black_track_suit,360
gold_corset,360
cryo_symbol_(genshin_impact),360
broken_helmet,360
hyottoko_mask,360
id_(fate/grand_order),360
shirt_tan,360
soybean,360
peg_leg,360
rabbit_bag,360
crushed,360
youmu_day,360
padlocked_chastity_cage,359
sticker_on_leg,359
teratophilia,359
samus_aran_(cosplay),359
macaron_hair_ornament,359
stun_gun,359
arrow_hair_ornament,359
clarinet,359
implied_rape,359
feather_collar,359
pew,359
silver_armor,359
hobble,359
weapon_connection,359
holding_cigarette_pack,359
tortoise,359
heavy_metal,359
bitchsuit,359
blue_aura,359
torn_neckerchief,359
angry_sex,359
unwanted_creampie,359
spiked_thighlet,359
mural,359
mystic_eyes,359
frieren_blowing_a_kiss,359
gambling,358
soil,358
scorpius_(constellation),358
elbow_spikes,358
seiyo_academy_school_uniform,358
shirttail,358
bakuzan,358
howa_type_89,358
inward_w,358
straw_hats_jolly_roger,358
holding_thermometer,358
manjuu_abuse_(azur_lane),358
on_truck,358
zipping,358
fennec_fox,358
globus_cruciger,358
large_earrings,358
dinosaur_girl,357
yellow_haori,357
skunk_ears,357
chimame-tai,357
bear_ear_hairband,357
multiple_drills,357
one_eye_in_shadow,357
science,357
red_garter_belt,357
unworn_wig,357
aqua_tongue,357
faerie_knights_(fate),357
extra_horns,357
handgun_cartridge,357
tasting_plate,357
vortex,357
bren_lmg,357
pikachu_ears,356
crossed_out,356
through_ground,356
paper_chain,356
shirt_behind_neck,356
butterfly_on_nose,356
layer_cake,356
cooperative_pussyjob,356
two_soyjaks_pointing_(meme),356
boar_mask,356
golf,356
glass_teapot,356
arius_squad_(blue_archive),356
twitch_logo,356
food_as_clothes,356
colt_single_action_army,356
bird_nest,356
leather_shorts,356
peeing_together,355
white_negligee,355
adjusting_headphones,355
chopped_spring_onion,355
blood_on_dress,355
pedestal,355
ttgl_eyecatch,355
saunders_(emblem),355
deformed_anus,355
link_(cosplay),355
hands_on_own_neck,355
inkbrush_(splatoon),355
no_ahoge,355
bandage_on_nose,354
nightclub,354
cassiopeia_(constellation),354
bedroll,354
lined_paper,354
lace-trimmed_kimono,354
brain_injection,354
hand_guard,354
artist_progress,354
sequins,354
multiple_dogs,354
too_many_belts,354
miki_sayaka_(cosplay),354
starpiece_memories_(idolmaster),354
drinking_pee,354
random_servant_cosplay_(fate/grand_order),354
clutch_purse,354
knightmare_frame,354
lace_hairband,354
crotchless_swimsuit,354
zooming_in,353
needles_between_fingers,353
requesting_impregnation,353
forearms,353
licking_stomach,353
dangling,353
hand_on_mirror,353
cheshire_cat_(alice_in_wonderland)_(cosplay),353
thorn_ring_(deltarune),353
condom_wrapper_in_clothes,353
kasamatsu_tracen_training_uniform,353
wavebox,353
cum_in_footwear,353
bagua,353
slip_showing,353
metal_mask,353
dialogue,352
hut,352
pip_boy,352
danmaku_comments,352
hair_wagging,352
dorayaki,352
gender_transitioning_(ftm),352
creepy_eyes,352
h&k_g36,352
open_towel,352
yellow_hanfu,352
holding_stopwatch,352
leaning_out_of_window,352
day_and_night,351
hair_hanging_down,351
flower_halo,351
wrist_tattoo,351
distortion_(project_moon),351
homework,351
genkan,351
em-2,351
red_aura,351
choker_jewel,351
wii_remote,351
armored_shoes,351
sunrise_stance,351
frilled_necktie,351
cursed_energy_(jujutsu_kaisen),351
tornado,351
splattershot_jr._(splatoon),351
penguin_chick,351
movie_reference,351
caption,351
leaf_fan,350
pov_dating,350
two-sided_veil,350
fire_hydrant,350
skeletal_clothes,350
ginkgo_guild_uniform,350
following,350
red_winter_federal_academy_logo,350
animegao,350
alternate_body_fluid,350
gold_headband,350
dressing_room,350
sitting_on_ball,350
two-tone_tank_top,350
raft,350
asymmetrical_shorts,350
treehouse,350
breast_drop,349
arm_on_another's_head,349
ankle_belt,349
anal_fisting,349
holding_baton_(weapon),349
licking_cum,349
winged_animal,349
prefect_team_(blue_archive),349
pants_lift,349
good_fortune_symbol,349
mouse_on_head,349
removing_sock,349
privacy_screen,349
self_character_print,349
barbie_mugshot_(meme),349
sanada_clan_(emblem),349
shosei,349
putting_on_legwear,349
holding_trowel,349
hands_clasped_in_delight,349
gununu_(meme),349
floating_hat,349
venus_flytrap,348
flipping_food,348
grey_car,348
pringles_can,348
ice_cream_cone_spill,348
pop-up_headlights,348
see-through_strap,348
brown_trim,348
super_famicom,348
breast_size_difference,348
extendable_limbs,348
light-skinned_soles,348
panda_tail,348
photon_ray_(fate),348
ancestor_and_descendant,348
inkling_(swim_form),348
orange_hood,348
eyewear_in_mouth,347
evolution_stone,347
pyro_symbol_(genshin_impact),347
artist_glove,347
multiple_tattoos,347
quick_ball,347
gamecube,347
katsu_(food),347
christmas_tree_hair_ornament,347
okonomiyaki,347
marching_band_baton,347
veiny_testicles,347
torn_bow,347
taiwan,347
artoria_pendragon_(lancer_alter)_(fate)_(cosplay),347
chinese_empire,347
feigning_sleep,347
leather_vest,347
walkure_(macross_delta),347
bandaid_on_chest,346
minecraft_sword,346
mian_guan,346
encasement,346
night_vision_effect,346
autofellatio,346
grilled_eel,346
orange_camisole,346
pink_slingshot_swimsuit,346
mid-autumn_festival,346
toy_airplane,346
hakama_lift,346
unworn_headgear,346
extreme_gaping,346
iridescent_hair,345
reverse_prayer,345
mixing_console,345
lace-trimmed_socks,345
funeral,345
aqua_fur,345
serving,345
holding_hair_ornament,345
dinner,345
outer_senshi,345
unworn_ribbon,345
jacket_grab,345
saya_(scabbard),345
folded_braid,345
arc_reactor,345
shelf_bra,345
clothed_male_underwear_female,345
reisen_udongein_inaba_(cosplay),345
shichirin,345
packet,345
footjob_with_boots,345
bear_position,344
ak-74m,344
bar_soap,344
cat_earrings,344
cable_tie,344
eyewear_around_neck,344
colosseum,344
carrot-shaped_pillow,344
ribbed_tank_top,344
plaid_neckerchief,344
computer_chip,344
insulated_delivery_bag,344
electrostimulation,344
fanta,344
ice_pack,344
logo_print,344
circus,343
cinnamiku_hairstyle,343
atlas_academy_uniform,343
inverted_eyelashes,343
royal_guard_set_(zelda),343
spitting_blood,343
multicolored_bra,343
squeeze_bottle,343
condom_on_nipples,343
red_assault_visor,343
yellow_happi,343
breastless_leotard,343
cs/ls06,343
see-through_magazine_(weapon),343
pullcart,343
frog_headband,343
holding_ears,343
skunk_tail,343
bloody_wings,343
sarong_lift,343
holding_lamp,343
holding_crystal,343
triad_primus_(idolmaster),343
fake_blood,343
margherita_pizza,343
mole_(animal),343
drying_clothes,343
buddhism,342
statue_of_liberty,342
pepper_shaker,342
camouflage_helmet,342
qi_maid,342
frieren_stuck_in_a_mimic_(meme),342
no_navel,342
cabin,342
brown_arm_warmers,342
frappuccino,342
plaid_blanket,342
shirt_hold,342
moon_stick_(sailor_moon),342
rapid_punches,341
yellow_scales,341
chest_freckles,341
yellow_shrug,341
prosthetic_hand,341
metal_hair,341
pixel_text,341
licking_food,341
watermelon_seeds,341
orange_cloak,341
medicine_bottle,341
looking_at_ass,341
maid_(fire_emblem:_three_houses),341
satin_bikini,341
tic-tac-toe,341
groping_motion,341
altar,341
mash_kyrielight_(cosplay),341
tsuzumi,341
splat_charger_(splatoon),341
duijin_ruqun,341
courtroom,341
voodoo_doll,341
flower_censor,341
vaporwave,341
e16a_zuiun,341
lipstick_mark_on_chest,340
untied_ribbon,340
finger_touching,340
panties_under_bike_shorts,340
center_cross_lace,340
original_remodel_(kantai_collection),340
riding_outfit,340
pouncing,340
urethral_beads,340
cordless_phone,340
fire_flower,340
blood_writing,340
water_tank,339
harlequin,339
brown_bandana,339
affinity_sunglasses_(blue_archive),339
ink_stamp,339
waltz_(dance),339
ribbon_legwear,339
hands_on_own_shoulders,339
coat_lift,339
action_figure,339
bouncing_pecs,339
mummification_(bound),339
spinning_top,339
head-mounted_display_lift,339
marble_(stone),339
standing_double_penetration,339
sewer_grate,339
stuffed_tiger,339
mosaic_background,339
hand_mouth,339
sleeve_slit,338
walking_towards_viewer,338
holding_vase,338
blood_edge_(stellar_blade),338
artoria_pendragon_(royal_icing)_(fate)_(cosplay),338
music_box,338
arcade_(architecture),338
people's_republic_of_china_flag,338
transforming_clothes,338
dress_of_heaven,338
cat_paw,337
painting_fingernails,337
politics,337
nen_(hunter_x_hunter),337
hatch,337
extra_breasts,337
french_cruller,337
omega_symbol,337
roe,337
rice_(plant),337
age_switch,337
aogami_high_school_uniform,337
cloud_hair,337
order_suit_(splatoon),337
masturbating_together,337
serving_dome,337
group_incest,337
fuck-me_shirt,337
brown_horse,337
ichininmae_no_lady,337
pinstripe_thighhighs,337
torn_necktie,337
edamame,337
adapted_weapon,337
artificial_flower,336
sagittarius_(constellation),336
old_maid,336
pushing_wheelchair,336
harmonica,336
daxiushan,336
yellow_gauntlets,336
chonmage,336
stuffed_chicken,336
rowing,336
status_effect,336
grabbed_breast_over_shoulder,336
mango,336
winchester_model_1887,336
kafra_uniform,336
double_finger_heart,336
corrugated_galvanized_iron_sheet,336
flandre_scarlet_(cosplay),336
tam_(ragnarok_online),336
chalk_drawing,336
cucumber_slice,336
queue,336
gondola,336
rengoku_(sword)_(fate),336
your_bra_strap_is_showing_(meme),335
hookah,335
tan_tattoo,335
kochiya_sanae_(cosplay),335
acog,335
collarbone_piercing,335
kisaki_(blue_archive)_(cosplay),335
nontraditional_wedding_dress,335
stuffed_horse,335
tree-topper,335
semi-circular_eyewear,335
tiger_hood,335
yakisobapan,335
cheek_on_glass,335
spiked_wristband,335
holding_ukulele,335
prydwen_(fate),335
flyer,335
spiked_horns,334
chopping,334
white_facepaint,334
film_reel,334
holding_tool,334
fabarm_fp6/sdass,334
colored_fingertips,334
gantz_suit,334
h_(letter),334
no_animal_ears,334
tomoeda_middle_school_uniform,334
sock_dangle,334
cum_in_navel,334
grey_tunic,334
nero_claudius_(fate)_(cosplay),334
karaginu_mo,334
tnt,334
salamander,334
frilled_bracelet,334
monstera_deliciosa,334
tsukumogami,334
eating_non-food,334
waterpark,334
glitter_makeup,334
security_shutter,333
bug_type_theme_(pokemon),333
hooded_kimono,333
blue_tattoo,333
small_head,333
airgetlam_(fate),333
double-sided_wrench,333
lolibaba,333
akiha_school_uniform,333
holding_saw,333
dojikko_pose,333
ass_worship,333
studded_garter_belt,333
finger_frame_over_eye,333
pot_on_head,333
slipper_bathtub,333
familymart,333
stance_(vehicle),333
mating_season,332
pink_garter_straps,332
right-hand_drive,332
spiral_background,332
playstation_2,332
claw_hair_clip,332
holding_nunchaku,332
blue_surcoat,332
oversized_zipper,332
head_on_hands,332
checkered_wall,332
blue_garter_straps,332
leg_piercing,332
marigold,332
blood_type,332
yellow_leaves,332
unamused_friend_comic_(meme),332
triangle_(instrument),332
panties_day,332
argyle_sleeves,332
gradient_boots,332
zoo,332
jackal_girl,332
print_slingshot_swimsuit,331
salt_bae_(meme),331
lobelia_(flower),331
white_bustier,331
cloaca,331
see-through_shrug,331
dough,331
arena,331
chemistry,331
saliva_on_breasts,331
media_player_interface,331
frilled_pants,331
wicker_basket,331
refrigerator_interior,331
pajamas_challenge_(meme),331
twirl_baton,331
towel_on_arm,330
pyroxene_(blue_archive),330
guy_tired_after_sex_(meme),330
diamond_in_eye,330
slurping,330
linea_nigra,330
rainbow_hairband,330
two-tone_neckerchief,330
pink_bridal_gauntlets,330
rakuyo_(bloodborne),330
catcher_(baseball),330
choujuu_gigaku,330
panties_in_mouth,330
snow_boots,330
airplane_wing,330
sweets_bird,330
ganbaru_pose,330
goron,330
freesia_(flower),330
kiss_meter_(meme),330
bb_(fate)_(cosplay),330
tokarev_tt-33,330
enoshima_junko_(cosplay),329
beach_house,329
bandaid_on_foot,329
colored_anus,329
bloody_handprints,329
red_hiphighs,329
smash_invitation,329
command_input,329
naked_gloves,329
orange_tongue,329
tiptoe_kiss,329
pillow_humping,329
invisible_wall,329
ice_cream_on_face,329
shared_drink,329
sitting_on_fence,328
hollow_(zenless_zone_zero),328
crocodile_girl,328
supporting_another's_weight,328
naked_bowtie,328
falling_star,328
unconventional_vehicle,328
holding_telescope,328
yellow_wrist_cuffs,328
stationery,328
rhongomyniad_(fate),328
underwater_sex,328
christianity,328
cross_hat_ornament,328
speculum,328
parakeet,328
belt_charm,328
synthesizer,328
hole_in_head,328
entry_plug,328
stuffed_seal,328
gyuudon,328
receipt,328
pp_tenshi_t-shirt,328
reversible_couple,328
soviet_flag,328
group_pose,328
unworn_vest,328
karate_chop,328
hornet_(hollow_knight)_(cosplay),327
matryoshka_doll,327
spread_cleavage,327
thigh_armor,327
earmuffs_around_neck,327
poi_(goldfish_scoop),327
haori_on_shoulders,327
stepping_stones,327
duck_innertube,327
sitting_on_arm,327
clover-shaped_pupils,327
tryzub,327
blue_moon,327
lantern_on_liquid,327
mad_hatter_(alice_in_wonderland)_(cosplay),327
barre,327
sandstar,327
swirling,327
pork,327
blacked_(phrase),327
mosquito,327
scarf_pull,327
biting_shoulder,326
cross_piercing,326
grey_headband,326
bat_tattoo,326
stag_beetle,326
brown_mask,326
dress_over_shirt,326
doll_(nikke),326
nude_modeling,326
gith_(d&d),326
black_facial_hair,326
dress_under_shirt,326
scared_to_sleep_alone,326
bard,325
fluffy_legwear,325
dark_magician_girl_(cosplay),325
saliva_swap,325
pretzel_bikini,325
cleaning_pool,325
plain,325
food-themed_necklace,325
unworn_blindfold,325
color-coded,325
white_devil,325
taishou,325
blue_cat,325
jessie_(pokemon)_(cosplay),325
cummerbund,325
applying_bandages,325
animal_background,325
blood_on_shoes,325
vitarka_mudra,325
year_1_&_year_2_(squid_game)_(meme),325
keizoku_(emblem),325
coin_mask,325
turretless_tank,325
implied_after_fellatio,324
camel,324
back_hair,324
two-finger_handjob,324
triple_amputee,324
purple_leg_warmers,324
thour_(meme),324
smother,324
super_saiyan_rose,324
anpan,324
chipmunk,324
entrails,324
upright_piano,324
pecjob,324
wrong_hand,324
heart_cure_watch,324
axent_wear,324
wasabi,324
tricycle,324
ukrainian_text,323
wilted_ahoge,323
mole_beside_mouth,323
fetus,323
seasons,323
breast-to-pectoral_docking,323
catfish,323
lcb_uniform_(project_moon),323
u's_1st_years,323
checkered_neckerchief,323
excalibur_(fate/prototype),323
naked_raincoat,323
gris_swimsuit,323
bow_print,323
medjed_(fate)_(cosplay),323
trembling_legs,323
latex_bikini,323
bookstore,322
male_harem,322
polka_dot_one-piece_swimsuit,322
japan_ground_self-defense_force,322
2001,322
snake_wrapped_around_body,322
holding_razor,322
holding_computer_mouse,322
spinning_weapon,322
pussy_jewelry,322
hand_under_shorts,322
fur-trimmed_sweater,322
meowing,321
stay_gold_clan_(umamusume),321
snowboarding,321
yomiyama_north_junior_high_school_uniform,321
sakura_kyoko_(cosplay),321
whisp,321
gasp,321
leopard_boy,321
face_in_crotch,321
traffic_barrier,321
wooden_shield,321
aqua_outline,321
haki_(one_piece),321
mobile_trace_suit,320
heartsteel_(league),320
chain_around_neck,320
kindergarten_teacher,320
kfp,320
hair_scarf,320
stomach_focus,320
veil_lift,320
broken_bottle,320
extra_teeth,320
fear_of_ghosts,320
sotoba,320
judge,320
creeparka,320
virgo_(constellation),320
geo_symbol_(genshin_impact),320
fur_hood,319
riot_shield,319
shoe_loss,319
unofficial_sailor_senshi_uniform,319
black_santa_costume,319
triple_ryuunen,319
shipping_(fandom),319
military_truck,319
corner,319
two-sided_hoodie,319
panda_hat,319
numbers'_uniform,319
psycho_frame,319
f-15_eagle,319
smelly_armpits,319
lipps_(idolmaster),319
lowered_eyelids,319
amarr_empire_(eve_online),319
kissing_animal,319
mihama_junior_high_school_uniform,319
recruiters_(disney),319
elephant_ears,318
menpu,318
ss_insignia,318
holojustice,318
glowing_feather,318
taut_sweater,318
frieren_(cosplay),318
quarter_rest,318
finger_cannon,318
partially_immersed,318
sao_survivor_school_uniform,318
game_boy_advance_(original),318
elevator_door,318
torn_robe,318
lotus_root,318
itasha,318
holding_bandages,318
carabiner,318
doghouse,318
fur-trimmed_bodysuit,317
print_umbrella,317
bandage_on_leg,317
kneeing,317
red_leash,317
smelling_armpit,317
cup_size,317
blank_page,317
vivid_bad_squad_(project_sekai),317
pill_in_mouth,317
baluster,317
trailer,317
tawawa_challenge,317
dress_vest,317
mvp,317
electric_kettle,317
parksolian_(infinity_nikki),316
white_neck_warmer,316
zippo_lighter,316
projector,316
1up,316
aqua_capelet,316
afterburner,316
nose_art,316
holding_ornament,316
july,316
grey_tube_top,316
grey_pajamas,316
sun_shower,316
selection_university_(emblem),316
pisces_(constellation),315
no_prosthetic_arm,315
thaumiel_(zenless_zone_zero),315
against_rock,315
sai_(weapon),315
yogurt,315
playstation_logo,315
firing_at_viewer,315
coat_rack,315
fox_costume,315
stuffed_wolf,315
orange_sandals,315
green_penis,314
hopping,314
lubrication,314
bus_stop_sign,314
powerful_breasts,314
unworn_hairclip,314
multicolored_rose,314
checkered_blanket,314
sprout_on_head,314
bumping,314
whale_shark,314
saikai_academy_school_uniform,314
floorplan,314
turtle_boy,314
waiting_for_kiss,314
living_weapon,314
mandrake,314
majin_symbol,314
russian_empire,314
unlit_cigarette_in_mouth,313
frilled_dress_collar,313
cinnamon_stick,313
capricorn_(constellation),313
car_crash,313
june,313
argyle_scarf,313
ass_blush,313
bullet_earrings,313
stepping_on_non-human,313
german_shepherd,313
fake_box_art,313
ouran_high_school_uniform,313
middle_eastern_architecture,313
pushing_down,313
tera_orb,313
gingham_shirt,313
single_loose_sock,313
wet_shorts,313
diving_helmet,313
half_up_bun,313
yaoi_(object),313
67_(meme),313
wrists_extended,313
forced_oral,313
male_spitroast,312
character_hat_ornament,312
panther_boy,312
yari,312
first_aid,312
bridgeless_bra,312
grey_tongue,312
hishimochi,312
apron_tug,312
speech_stab,312
mimicry_(e.g.o),312
m1_garand,312
unworn_collar,312
blender_(object),312
pikachu_tail,312
plaid_pillow,312
semi_truck,312
skunk_girl,312
go_back!,312
oversized_hat,312
recharging,311
arabesque_(pose),311
stepping_on_viewer,311
broken_moon,311
finger_under_clothes,311
claw_mark,311
restraints,311
aqua_sclera,311
team_galactic_uniform,311
black_fundoshi,311
no_parking_sign,311
sakakino_academy_school_uniform,311
tadpole,311
spring_rider,311
checkered_thighhighs,311
amekaji_gyaru,311
tiktok_username,311
samba_costume,311
palm-fist_greeting,311
nice_nature_(umamusume)_(cosplay),311
beard_over_mouth,311
pink_liquid,311
purikura,311
mitsubishi_motors,311
mermaid_dress,310
bruise_on_stomach,310
squeezing_cheeks,310
see-through_slingshot_swimsuit,310
brown_hiphighs,310
pterosaur,310
eldar,310
stomach_day,310
ice_shard,310
female_footjob,310
black_negligee,310
patting_lap,310
saishi,310
fur_skirt,310
radar_dish,310
hope's_dusk_(apex_legends),310
water_world,310
chevron_(symbol),310
black_rabbit_(animal),310
knife_hair_ornament,309
sandbag,309
public_urination,309
silver_circlet,309
idol_heart_brooch_(precure),309
england,309
dripping_sweat,309
turtleneck_one-piece_swimsuit,309
jiaoling_ruqun,309
holding_tissue,309
planted_knife,309
firefighter_helmet,309
sitting_on_own_tail,309
aries_(constellation),309
glowing_mask,309
headlight_beam,309
dressed_shadow_(meme),309
blue_penis,309
holding_kinchaku,309
junk,309
body_bridge,309
2024_pokemon_teraleak,309
birthday_date,308
chain_between_breasts,308
candy_bar,308
chloroform,308
tactical_gloves,308
horse_print,308
gag_under_mask,308
wooden_stool,308
towel_rack,308
hand_on_another's_forehead,308
dartboard,308
go-kart,308
pov_cheek_warming_(meme),308
cockatiel,308
breeding_mount,308
bad_end_precure,308
gradient_cape,308
pink_headscarf,308
rainbow_hair_ornament,308
decorating_baked_goods,308
uchiha_symbol,308
mars_(planet),307
princess_peach_(cosplay),307
boku_no_hero_academia_2nd_popularity_poll,307
argyle_hat,307
label,307
print_bridal_gauntlets,307
remilia_scarlet_(cosplay),307
hoverboard,307
wheel_o_feet,307
plastic_wrap,307
battleship_(eve_online),307
dining_room,307
negai_wa_itsuka_asa_wo_koete_(project_sekai),307
high_braided_ponytail,307
frilled_cape,307
side_ponytail_with_hair_base,307
august,307
nissan_skyline_gt-r,307
mixed_maids,307
seabird,307
awakening_(sennen_sensou_aigis),307
dawn_(pokemon)_(cosplay),307
fairy_type_theme_(pokemon),307
kokeshi,307
earth_eleven,307
high_school_girls_posing_for_google_street_view_(meme),307
left-hand_drive,307
heart_pouch,307
limbus_kindergarten_uniform,307
watermelon_beachball,306
sailor_one-piece_swimsuit,306
solar_panel,306
hip_flask,306
palanquin_ship,306
silver_belt,306
dodecagram,306
wireless,306
lily_print,306
stuffed_mouse,306
radio_tower,306
transparent_seat,306
birthday_connection,306
kodachi,306
snake_wrapped_around_neck,306
elbowing,306
slit_throat,306
cecilia_flower_(genshin_impact),306
maruman_sketchbook,306
brown_eyeshadow,305
latex_panties,305
brown_loincloth,305
gallente_federation_(eve_online),305
fur-trimmed_bra,305
paw_sleeves,305
gloves_over_elbow_gloves,305
penguin_logistics_(arknights),305
holding_sunscreen,305
spread_anus_under_clothes,305
1990s_fashion,305
crying_aqua_(meme),305
fusion_dance,305
thompson/center_contender,305
skiing,305
illumination_stars_(idolmaster),305
barber_cape,305
knife_in_mouth,305
rainbow_text,305
forced_partners,305
shears,305
squeezing_testicles,305
praetor_suit,305
veiny_neck,305
alarm_siren,305
biting_another's_hand,305
bola_(weapon),305
stuffed_dragon,304
crescent_ornament,304
clawed_gloves,304
bound_breasts,304
removing_pasties,304
usada_pekora_(cosplay),304
gold_panties,304
re;iris_(idolmaster),304
birch_tree,304
beaver_tail,304
balloon_animal,304
;|,304
palace,304
barking,304
asymmetrical_eyes,304
good_breasts_day,304
moai,304
frilled_anklet,304
black_dog,304
hexagram_hair_ornament,304
donkey_ears,304
womb_massage,304
see-through_midriff,303
collared_pajamas,303
boys_anti_tank_rifle,303
seaside,303
cloud_background,303
gender_transitioning_(mtf),303
striped_wrist_cuffs,303
transparent_ball,303
black_horse,303
404_logo_(girls'_frontline),303
giraffe_tail,303
recording_studio,303
cum_in_bowl,303
jaw,302
deck_of_cards,302
heart_tail_duo,302
purple_haori,302
floating_armor,302
outstretched_crossed_arms,302
mackintosh_rose,302
honeypot,302
chireiden,302
narehate,302
belt_bow,302
ashiyu,302
game_boy_color,302
frilled_innertube,302
warehouse,302
kissing_nose,302
two_side_up_with_braided_base,302
genba_neko_(meme),302
eyebrows_visible_through_hat,302
mandalorian,302
swimsuit_tug,302
pec_pov_(meme),302
boar_ears,302
gyari_(imagesdawn)_(style),302
cross_calibur_(fate),302
broken_cup,302
drawn_horns,302
cinq_association_east_uniform,301
webcam,301
red_cross_tie,301
skating_rink,301
grey_slippers,301
burmecian,301
stormtrooper,301
u.a._cheerleader_uniform,301
print_hakama,301
telnyashka,301
mihama_private_academy_school_uniform,301
mixing,301
forced_perspective,301
e-liter_4k_(splatoon),301
transparent_fan,301
roulette,301
gold_bowtie,301
full-stop_office_(identity)_(project_moon),301
wall_shelf,300
polka_dot_apron,300
striped_cape,300
smith_&_wesson_m&p,300
purple_tube_top,300
kankaku_shadan,300
cereal,300
trim_brush,300
surprise_hug,300
aqua_apron,300
feature_scout_1_(ensemble_stars!),300
clawed_hands,300
parfait_glass,300
gazelle_ears,300
calamity_queller_(genshin_impact),300
viewer_holding_weapon,300
badge_(pokemon),300
argyle_sweater_vest,300
h&k_mp5k,300
biomechanical,300
paper_kabuto,300
unexpectedly_good,300
mizuna_girls'_academy_school_uniform,300
striped_wristband,299
snail_shell,299
robot_bird,299
nose_picking,299
broken_condom,299
hobble_dress,299
no_hands,299
grid_lineup,299
karakusa_(pattern),299
eighth_rest,299
amphoreus_(honkai:_star_rail),299
american_football_(object),299
tied_sweater,299
kukri,299
holding_tripod,299
inflatable_shark,299
kusarigama,299
war_fan,299
simulated_facial,299
footjob_from_behind,299
okamochi_(container),298
fatherly,298
on_blanket,298
fallopian_tubes,298
shadaloo_dolls,298
iced_tea,298
flying_type_theme_(pokemon),298
yoko_littner_(cosplay),298
holding_down_headwear,298
gyarugasaki,298
shirt_cut_meme,298
mamianqun,298
chronopattern_dress,298
nissan_silvia,298
purple_slippers,298
chest_markings,298
double_bikini,298
bow_swimsuit,298
thunder,297
gold_bow,297
weimao,297
energy_shield,297
around_corner,297
green_wrist_cuffs,297
striped_towel,297
linea_semilunaris,297
visual_kei,297
blue_apple,297
fingerprint,297
first_high_school_uniform,297
youtube_username,297
glowing_hot,297
mizukawa_school_uniform,297
floor_lamp,297
dryad,297
arm_on_own_leg,296
thumb_(identity)_(project_moon),296
head_on_knees,296
bilibili_logo,296
detached_horns,296
pink_top,296
head_under_another's_clothes,296
smelling_underwear,296
grey_hanfu,296
food-themed_hat_ornament,296
mug_writing,296
cat_slippers,296
bras_d'honneur,296
kanchou,296
single_ankle_cuff,296
dynamo_roller_(splatoon),296
multiple_halos,296
tail_masturbation,296
nightshirt,296
origami_bird_(honkai:_star_rail),296
borrowed_weapon,296
fishing_net,296
x_fingers_over_mouth,296
rope_walking,296
2011_tohoku_earthquake_and_tsunami,296
shining,296
open_happi,296
hufflepuff,296
three-wheeler,296
upwards_triangle_mouth,295
boonie_hat,295
shuten_douji_(fate)_(cosplay),295
cat_loaf,295
red_fire,295
dustpan,295
octopus_hair_ornament,295
foot_wraps,295
ass-to-ass_penetration,295
denim_vest,295
ascii_art,295
washtub,295
clitoral_stimulation_through_clothes,295
chamomile,295
foot_massage,295
drawn_eyes,295
ballroom,295
apple_juice,295
playable_character_celebration,295
marlboro,295
orange_helmet,295
white_facial_hair,295
kokiri,295
cat_o-ring,294
persona_eyes,294
gas_station,294
valve,294
april,294
fishnet_fabric,294
not_for_sale,294
holding_legwear,294
tube_socks,294
mandragora,294
politician,294
hair_over_crotch,294
panty_mask,294
golden_spiral,294
splat_bomb_(splatoon),294
dream_c_club_uniform,294
checkmark,294
strapless_bodysuit,294
i've_never_seen_a_guy_recreate_this_successfully_tbh_(meme),294
stg44,294
anti-rain_(girls'_frontline),294
pokemon_center,294
sharing,294
embroidered_dress,294
prosthetic_weapon,294
flower_pin,294
tiger_print_bikini,293
superhero_landing,293
character_balloon,293
id_photo,293
no_choker,293
lion_head_(ornament),293
marriage_certificate_(object),293
bulges_touching,293
hand_on_belt,293
holding_pill,293
human_village_(touhou),293
ember_celica_(rwby),293
head_mirror,293
capsule_corp,293
xbox_360,293
snake_on_head,293
chicken_costume,293
striped_innertube,293
thigh_freckles,292
poem,292
leaf_in_mouth,292
ring_(sonic),292
pushing_face,292
azrael_(sword)_(fate),292
pillow_fight,292
flapper_shirt,292
gibson_brands_inc,292
golden_egg_(splatoon),292
fish-shaped_pupils,292
studio,292
holding_ema,292
kerosene_heater,292
true_crime,292
pokestar_studios,292
black_cross_tie,291
o-ring_bikini_bottom,291
yellow_serafuku,291
nakabayashi_yoshitaka's_maid_uniform,291
oppai_challenge,291
bladder,291
shirt_down,291
glowing_tail,291
scoreboard,291
titan_(titanfall),291
nitori_electronics_(touhou),291
hacksaw,291
legendary_shield_(tate_no_yuusha_no_nariagari),291
misato_west_high_school_uniform,291
1960s_(style),291
soup_ladle,291
silver_bangle,291
jeweled_crown,291
subsurface_scattering,291
bat_tail,291
obsidian_slasher,291
rain_poncho,291
severed_torso,291
ooarai_volleyball_uniform,291
spade_pasties,291
hand_gagged,291
naked_costume,291
moriya_family_(touhou),291
waistband,291
water_tower,290
hell,290
layered_shorts,290
drinking_blood,290
acrylic_stand_(object),290
burning_clothes,290
normin_(tales),290
x-ray_film,290
ink_on_face,290
black_snake,290
crown_(symbol),290
in_snow_globe,290
uma_summer_(umamusume),290
aquarius_(constellation),290
pantograph,290
tokiwadai_school_swimsuit,290
cocoon,290
corneal_scar,290
anteater_tail,290
four-leaf_clover_earrings,290
clown_mask,290
brown_one-piece_swimsuit,290
geisha,290
tri_rod,290
behind_bars,290
nub_chastity_cage,289
blind_obsession_(e.g.o),289
interrupted,289
black_nose,289
body_exploration,289
himekaji,289
charles_schulz_(style),289
thigh_corset,289
mushroom_cloud,289
hololive_summer_2022_swimsuit,289
churchill_(tank),289
assisted_fellatio,289
japanese_postal_mark,289
hands_on_own_feet,289
floral_(idolmaster),289
animal_name,289
black_assault_visor,288
two-handed_masturbation,288
jerboa_tail,288
pink_bonnet,288
body_chain,288
berserker_armor,288
paneled_background,288
cumdrip_onto_panties,288
n-zap_(splatoon),288
slime_censor,288
babylonia_(fate/grand_order),288
katsuyamamage,288
yakumo_yukari_(cosplay),288
toe_sucking,288
ranoa_magic_academy_school_uniform,288
squid_hat,288
stielhandgranate,288
cocking_gun,288
gimp_suit,288
cross-laced_gloves,287
welrod,287
^q^,287
algae,287
snowman_hair_ornament,287
vector_circles,287
toyota_sprinter_trueno,287
fixed-point_camera,287
pokemon_ability,287
digital_hazard,287
chrysos_heirs_(honkai:_star_rail),287
non-pubic_inmon,287
leg_wings,287
holly_hat_ornament,287
cross-laced_pants,287
jingle_bell_earrings,287
chinese_wedding,287
balkenkreuz,287
kawaii_boku_to_142's_(idolmaster),287
see-through_capelet,287
bamboo_slips,287
no_ears,287
explosion_gag,287
under_shot,287
skirt_around_ankles,287
title_page,287
technology_liberation_alliance_(identity)_(project_moon),287
blue_tiara,287
mushroom_print,286
head_ornament,286
hand_chains,286
minnie_mouse_ears,286
armpit_stubble,286
fir_tree,286
holding_drawing_tablet,286
no_cardigan,286
mora_(genshin_impact),286
sprain,286
pussy_juice_on_face,286
euphemism,286
hip_attack,286
doll_on_head,286
ant_girl,286
team_flare,286
gradient_bow,286
gentiana_(flower),286
otoshidama,286
stuffed_pig,286
cross-laced_jacket,286
stomach_jewel,286
imperial_aquila,286
face_of_the_people_who_sank_all_their_money_into_the_fx_(meme),286
tent_interior,286
sunburn,286
hostess,286
runway,286
riding_bird,286
as_i've_written_(honkai:_star_rail),286
bonk,286
shedding,286
holding_saxophone,286
jupiter_symbol,285
brown_bridal_gauntlets,285
cantaloupe,285
print_bag,285
dim_sum,285
gibbous_moon,285
rugby_uniform,285
year_of_the_monkey,285
standing_leg_lock,285
secret_stone,285
macintosh,285
dress_ruff,285
teitan_high_school_uniform,285
feathered_dragon,285
furin_(bell),285
snow_on_tree,285
homicipher_text,285
jet_engine,285
overflowing,285
tsuruga_school_uniform,285
sagiri_(kancolle)_(cosplay),285
mandala,285
price_list,285
bikini_bottom_around_leg,284
hair_blush,284
taking_cover,284
triangle_nose,284
royal_navy,284
chest_hair_peek,284
wrist_blades,284
mg_mg,284
emoji_censor,284
egyptian_art,284
christmas_nightmare_(e.g.o),284
shooting_star_hair_ornament,284
sugar_bowl,284
year_of_the_goat,284
brazilian_miku_(cosplay),284
halftone_outline,284
iwi_tavor,284
print_shoes,284
double_cheek_kiss,284
apple_tree,284
animal-shaped_pillow,284
purple_nightgown,283
severed_leg,283
covered_fellatio,283
ribbed_vest,283
winter_gloves,283
on_weapon,283
kawasaki_(company),283
sigil,283
sports_sunglasses,283
spiked_cape,283
knee_brace,283
holding_pinwheel,283
aqua_sarong,283
lotus_print,283
penis_sheath,283
licking_navel,283
cubicle,283
licking_blade,283
elasticity,283
mamono_with_mamono,283
key_frame,283
red_lightning,283
skipping,283
diagonal-striped_skirt,283
pin_(hollow_knight),283
desire_driver,283
chinchilla_girl,283
paper_child,283
gas_cylinder,283
cow_print_leotard,283
akihabara_(tokyo),283
rainbow_skirt,283
pectoral_lift,283
howling,283
teri_derp_(meme),282
finger_wagging,282
fiat,282
sleeve_tied_shut,282
print_mask,282
hair_visible_through_wig,282
artstation_logo,282
hoof_shoes,282
genius_invokation_tcg,282
ice_bucket,282
soft_focus,282
pencil_mustache,282
soccer_field,282
animal_between_breasts,282
blackberry_(fruit),282
arrow_tattoo,282
sari,281
hugging_own_leg,281
stone_pillar,281
partially_cracked_egg,281
bandaid_on_breast,281
husband_and_wives,281
blue_negligee,281
striped_sports_bra,281
product_girl,281
hands_on_penis,281
volumen_hydragyrum_(fate),281
night_battle_idiot,281
impossible_towel,281
shinsengumi_(gintama),281
anvil,281
sun_necklace,281
applying_gag,280
giraffe_girl,280
purple_facial_hair,280
fumizuki_academy_school_uniform,280
listening,280
hand_on_sheath,280
table_knife,280
swimsuit_theft,280
grey_scrunchie,280
eyeshadow_under_eye,280
doormat,280
flower_bikini,280
jammers,280
lamia_boy,280
dress_flip,280
hot_limit,280
holding_compact,280
holding_coffee_pot,280
cinderella_bust,280
pussy_press,280
two_side_up_with_hair_base,280
two-tone_flower,280
brown_facial_hair,280
mini_shako_cap,280
lasso_of_truth,279
thors_military_academy_class_vii_uniform,279
smoothie,279
cum_bath,279
orange_male_underwear,279
flower-trimmed_skirt,279
sapling,279
implied_netorare,279
red-crowned_crane,279
butterfly_mask,279
gladiolus,279
october,279
cruiser,279
thigh_scrunchie,279
heishou_pack-mao_branch_(identity)_(project_moon),279
checkered_apron,279
#unicus_(idolmaster),279
huffing,279
holoforce,279
nippon_kyuuyaku_uniform,279
qbz-95,278
attack_ship_(eve_online),278
legskin,278
printer,278
food-themed_pillow,278
drinking_fountain,278
masturbating_while_watching,278
slave_crest_(tate_no_yuusha_no_nariagari),278
towel_on_legs,278
heart_piercing,278
snowscape,278
ski_pole,278
roasting,278
holding_gun_barrel,278
zebra,278
making_faces,278
noah_(d.gray-man),278
remnant_cube_(wuthering_waves),278
jirou_(ramen),278
shutter_shades,278
fast_helmet,278
vomiting_cum,278
sitting_on_torii,278
mechanical_gloves,277
anti-demon_corps_uniform,277
uncomfortable,277
bound_feet,277
throwing_person,277
unworn_cardigan,277
raccoon_hood,277
countdown_timer,277
3_3,277
tasmanian_devil_tail,277
kirishima_uniform,277
manhole,277
legs_behind_head,277
triceratops,277
holding_chakram,277
mid-stride,277
latex_skirt,277
holding_snow_globe,277
light_nipples,277
aoki_ume_(style),277
desert_camouflage,277
balancing_on_head,277
wasp,276
holding_stun_gun,276
lpvo,276
anal_grip,276
snail_girl,276
coin_flip,276
horseshoe_print,276
restroom_symbol,276
st._miator_school_uniform,276
rabbit_choker,276
honnoji_academy_school_uniform,276
covered_armpit,276
bagel,276
holding_rag,276
heat_hawk,276
upside-down_kiss,276
staff_(ff10),276
philosopher's_stone,276
breast_on_breast,275
condom_in_hair,275
red_ocean,275
tentacles_on_futa,275
grey_scales,275
crystallization,275
tug,275
wooden_pencil,275
rattail,275
trim_marks,275
nail_polish_brush,275
chinese_peony,275
fn_five-seven,275
changing_seasons_(touhou),275
grey_umbrella,275
star_on_cheek,275
lahti-saloranta_m/26,274
pencil_behind_ear,274
on_counter,274
buttoning,274
file_cabinet,274
haze,274
calculator,274
on_cushion,274
holding_bread,274
red_carnation,274
leo/need_(project_sekai),274
ohitsu,274
omnitrix_symbol,274
kissing_shoulder,274
inugami-ke_no_ichizoku_pose,274
penetrating_while_penetrated,274
biblically_accurate_angel,274
moriya_shrine,274
alternate_element,274
single_eyebrow,274
glass_wall,274
patriotism,274
hecatia_lapislazuli_(cosplay),274
peach_blossom,274
orion_(constellation),274
golden_wings,274
meal,274
eyed_silhouette,273
buruma_under_skirt,273
mori_kei,273
kicking_viewer,273
cow_print_bridal_gauntlets,273
eavesdropping,273
yellow_leg_warmers,273
creature_as_food,273
implied_tail_plug,273
tnt_block_(minecraft),273
green_shrug,273
repair_bucket,273
holding_flail,273
double_arm_hug,273
in_bubble,273
coiled,273
straw_(stalk),273
orange_umbrella,273
gerwalk,273
lounging,273
flying_boat,273
phrygian_helmet,273
holotempus,272
starry_skin,272
x_facial_mark,272
argentinian_national_soccer_team_uniform,272
wing_hug,272
naked_armor,272
onsen_symbol,272
chastity_cage_strap,272
porsche_911,272
laundry_pole,272
alternate_ears,272
hakugyokurou,272
unison_(nanoha),272
statue_of_the_seven,272
writing_on_wall,272
construction,272
winchester_model_1897,272
bright_background,272
clothes_gag,271
lightning_bolt_facial_mark,271
pixel_eyes,271
alternate_animal_ears,271
hex_nail_(e.g.o),271
rebar,271
yellow_mittens,271
roseate_desire_(e.g.o),271
slimy,271
doubledriver,271
in_cell,271
red_bean_paste,271
surgeonfish,271
pillbug,271
twitter_screenshot,271
eighteen_(fate),271
frilled_bowtie,271
opposing_sides,271
black_gothic_dress_(idolmaster),271
lace_socks,270
green_bird,270
bloom_festival_(project_sekai),270
pink_suit,270
patissier,270
pearl_anklet,270
dualsense,270
flandre_day,270
signal_flag,270
holding_sock,270
family_guy_death_pose_(meme),270
oarfish,270
gift_card,270
million_dreams_(idolmaster),270
protocol_omega,270
december,270
bousouzoku,270
french_braided_twintails,270
biting_own_tail,270
see-through_nightgown,270
gun_on_bipod,270
windshield,270
double_\n/,270
lion_costume,270
legless_amputee,270
soap_dispenser,269
drawn_crown,269
hip_hop,269
japanese_national_soccer_team_uniform,269
clawed_boots,269
forced_masturbation,269
after_insertion,269
luchador,269
snow_sculpture,269
segway,269
wet_jacket,269
rebreather,269
serval,269
sabotaged_condom,269
sword_in_head,269
leather_daddy,269
triangle_choke,269
dildo_reveal,269
adjusting_collar,269
backstage,269
american_football_(sport),269
safety_pin_piercing,269
fatal_fury_cap,269
vertical-striped_apron,269
savanaclaw_dorm_uniform,269
revealing_chastity_cage,269
charisma_guard,269
aqua_tank_top,268
coffee_grinder,268
ofuda_earrings,268
wide_mouth,268
palmar_flexion,268
brown_shrug,268
elevation_contour_lines,268
character_select,268
areola_piercing,268
on_ladder,268
broken_screen,268
leaf_wings,268
tail_around_arm,268
broken_heart_print,268
soul_patch,268
ball_insertion,268
shinto,268
jerry_can,268
gear_print,268
kashiwa_mochi_(food),268
bandages_over_mouth,268
elpis_flower,268
pug,268
fusion_swords,268
balletcore,268
jodhpurs,268
yellow_suit,268
delta_rune_print,268
tv_show,268
bearhug,267
november,267
metal_bra,267
chopsticks_in_mouth,267
honda_super_cub,267
long_unitard,267
legs_on_table,267
space_habitat,267
yato_(fire_emblem),267
startend_(hololive),267
gunshot_wound,267
penguins_performance_project_(kemono_friends),267
vulcan_salute,267
see-through_towel,267
cum_swap,267
oversized_spoon,267
autopaizuri,267
kasamatsu_tracen_school_uniform,267
jaeger_(pacific_rim),267
coaster,267
m60_(machine_gun),267
o-ring_legwear,267
scout_movement,267
splat_dualies_(splatoon),267
floral_print_jacket,267
ribbed_swimsuit,267
thigh_beads,267
bucket_of_chicken,267
st._feles_gakuen_uniform,267
holding_mistletoe,266
spider-man_(cosplay),266
rope_gag,266
donkey,266
goldfish_print,266
work_gloves,266
ultramarines,266
growling,266
toy_train,266
brown_leggings,266
polka_dot_innertube,266
disposable_gloves,266
z_(russian_symbol),266
rabbit_earmuffs,266
caveman,266
mischievous_straight_uniform_(blue_archive),266
blue_whale,266
on_vaulting_horse,266
imminent_vore,266
holding_tera_orb,266
tribadism_through_clothes,266
marley_military_uniform,266
bad_vulva,266
yuzu_bath,266
text_tattoo,266
gummy_bear,266
senriyama_school_uniform,266
dinosaur_hood,266
raimon_school_uniform,266
bandaged_ear,266
motteke!_serafuku,266
cum_on_testicles,265
gangster,265
ice_type_theme_(pokemon),265
glasses_day,265
guqin,265
happy_easter,265
jockey,265
sega_dreamcast,265
spyglass,265
on_book,265
mini_cooper,265
pitfall,265
horse_mask,265
saber_alter_(cosplay),265
sparkling_sweat,265
supreme_(brand),265
marching,265
blood_on_flower,265
aqua_pubic_hair,265
rider_kick,264
vietnam_war,264
facial_expression_training,264
helping,264
tinsel,264
energy_tank,264
cinq_association_south_uniform,264
pink_moon,264
he_wants_to_order_(meme),264
weather_vane,264
cooperative_buttjob,264
liyue_harbor,264
garnet_rod,264
bikini_bottom_lift,264
gibson_flying_v,264
cigarette_holder,264
harukawa_moe_(style),264
brown_jumpsuit,264
holding_road_sign,264
purple_liquid,264
megastructure,264
fat_joke,264
cum_on_gloves,264
planted_polearm,263
bite_mark_on_ass,263
broom_surfing,263
orange_petals,263
rabbit_ear_legwear,263
counting,263
burger_hair_ornament,263
starter_squad_(azur_lane),263
skin_suit_(stellar_blade),263
ocean_sunfish,263
winged_headwear,263
ironwork,263
anakt_arts_high_school_uniform,263
palutena_bow_(kid_icarus),263
holding_own_hand,263
guided_footjob,263
shaped_liquid,263
zwei_association_south_(identity)_(project_moon),263
shikai_no_sumi_kuchiru_oto,263
stuffed_duck,263
convention_greeting,263
sumi-e,263
spreading_another's_ass,263
av_idol,263
eye_on_hat,262
blue_nose,262
sanbaka_anniversary_outfit,262
solar_system,262
tall_hat,262
macaw,262
fn_scar_17,262
ice_cream_crepe,262
skorpion_vz._61,262
too_many_scoops,262
sanitized_(splatoon),262
september,262
justice_task_force_(blue_archive),262
colored_armpit_hair,262
pause_button,262
sartorial_line,262
aether_foundation_uniform,262
large_teddy_bear,262
vertical-striped_bow,262
666,262
carro_veloce_cv-33,262
wet_fundoshi,262
shi_association_south_uniform,262
march,262
half-jacket,262
sidecar,262
imminent_irrumatio,262
human_(warcraft),262
envy,262
menstruation,262
the_fool_(tarot),262
spoon_hair_ornament,262
coughing_blood,262
sitting_on_wall,261
yearning-mircalla_(e.g.o),261
stable,261
imminent_hand_holding,261
behind_curtains,261
bruise_on_neck,261
christmas_cake,261
super_saiyan_god,261
aqua_feathers,261
stuck_in_the_past,261
zongzi,261
zebra_girl,261
sword_mastery_academy_school_uniform,261
larger_female,261
dip_(dance_move),261
ptsd,261
kashima_(kancolle)_(cosplay),261
electronic_cigarette,261
magic_circuit,261
slugcat,261
alstroemeria_(idolmaster),261
vertical-striped_one-piece_swimsuit,261
nissin_donbei,261
chullo,261
wet_bikini,261
swiss_flag,261
shockwave,261
post_and_rail_fence,261
brother_and_sister_threesome,261
nail_clippers,261
adjusting_bowtie,261
vertical-striped_leotard,261
sleeveless_tunic,260
lemon_earrings,260
penis_under_mask,260
ebony_&_ivory,260
guillotine,260
sea_serpent,260
ultraviolet_light,260
swiss_cheese,260
reporter,260
brown_pajamas,260
fujimaru_ritsuka_(female)_(cosplay),260
closing_door,260
hot_drink,260
missing_poster,260
blood_on_shoulder,260
super_famicom_controller,260
defecating,260
fan_speaking,260
colored_veins,260
color_wheel_challenge,260
dealer_(gambling),260
carving,260
shitty_t-shirt_naval_base,260
ten_of_hearts,260
bullet_necklace,260
all-out_attack,260
frost,260
seraphim_(one_piece),260
spiked,259
pink_bandeau,259
baseball_field,259
basketweave,259
stuffed_cow,259
nibbling,259
konpaku_youmu_(cosplay),259
rabbit_ear_smartphone_case,259
giant_mushroom,259
man_face,259
torn_hair_ribbon,259
open_cockpit,259
antelope_horns,259
glass_bowl,259
mitsukoshi_(department_store),259
checking_pulse,259
button_dress,259
brushing_another's_teeth,259
octavinelle_dorm,259
stroller,259
striped_capelet,259
back_view_in_reflection,259
see-through_shorts,259
fox_platoon_(blue_archive),258
nissan_fairlady_z,258
military_jeep,258
king_of_spades,258
aqua_cloak,258
holding_toy_gun,258
fare_gate,258
box_stack,258
implied_suicide,258
prostate_massager,258
body_modification,258
seminar_(blue_archive),258
london,258
bouncing_hair,258
pequod_(identity)_(project_moon),258
cafeteria,258
staple,258
january,258
can_to_cheek,258
rem_(re:zero)_(cosplay),258
removing_bra_under_shirt,258
dildo_harness,258
m249_saw,258
kissing_ear,258
fire_axe,258
nobiiru_arm,258
hole_in_face,257
catheter,257
piggy_bank,257
checkered_pillow,257
multishot_rocket_launcher,257
r_corp._(identity)_(project_moon),257
juggling_club,257
coal,257
more_more_jump!_(project_sekai),257
no_scarf,257
playstation_1,257
top_of_moe_2013,257
hitbox,257
toad_(animal),257
fish_hat,257
sefirot,257
handcuff_dangle,257
tonsure,257
toy_sword,257
thief,257
green_arm_warmers,256
anal_cross-section,256
m134_minigun,256
holding_ribbon_baton,256
imminent_punch,256
two-sided_hood,256
cirno_(cosplay),256
holding_cd,256
mjolnir_(marvel),256
inarizushi,256
single_tooth,256
rokku_gyaru,256
lazulight,256
russian_ground_forces,256
cum_on_figure,256
flags_of_all_nations,256
cellphone_strap,256
two_of_spades,256
verbal_degradation,256
five_of_hearts,256
cosmic_heart_compact,256
riding_boots,256
tree_focus,256
3;,256
the_lovers_(tarot),256
backflip,256
crushed_can,256
dojo,256
jungle_gym,256
raccoon_hair_ornament,256
hand_to_hand,256
layered_sideboob,255
bad_gun_anatomy,255
roubai_academy_school_uniform_(old),255
dango_milk_(genshin_impact),255
bat_boy,255
mouth_beam,255
security_guard,255
kelp,255
gingham_bow,255
february,255
gradient_feathers,255
loose_pants,255
lightning_background,255
tracen_academy,255
seven_association_south_uniform,255
koto_(instrument),255
sewer,255
apron_pull,255
hat_basket,255
novum_chaldea,255
ze_(phrase),255
asari_(mass_effect),255
dendro_symbol_(genshin_impact),255
akg_k-series_headphones,255
misty_lake,255
bikkuriman_(style),255
jellyfish_hair_ornament,255
mayonnaise_bottle,255
abduction,255
hug_and_suck,255
ribbon-trimmed_shorts,254
cookie_hair_ornament,254
bath_of_blood,254
semi-transparent,254
holding_go_stone,254
amos'_bow_(genshin_impact),254
ko-fi_username,254
heart-shaped_cookie,254
apocalypse,254
you_gonna_get_eaten,254
yellow_poncho,254
grey_crown,254
gambol_shroud,254
paperwork,254
master_dojo_uniform,254
lamellar_armor,254
standing_on_weapon,254
objection,254
perineum_peek,253
mercury_symbol,253
stalagmite,253
gas_can,253
oversized_fork,253
wolf's_gravestone_(genshin_impact),253
m16a2,253
hat_writing,253
tail_around_another's_waist,253
on_windowsill,253
scorpion_girl,253
union_jack_print,253
duellist's_cap_(tier_6),253
paparazzi,253
crossbuck,253
pantyhose_tug,253
communism,253
g-spot_stimulation,253
meerkat_tail,253
eyewear_view,253
blowing_in_ear,253
umeboshi,253
mouth_guard,253
sand_writing,253
hover_hand,253
chinese_spoon,253
gold_one-piece_swimsuit,253
colored_tears,253
landing_gear,253
multicolored_sash,253
imp,252
elmo_dormitory_outfit,252
glacier,252
spike_piercing,252
ko~n,252
your_present_is_me,252
gold_cape,252
unbuttoned_sleeves,252
revealing_tanlines,252
panzerfaust,252
avocado,252
tube_top_lift,252
omnitrix,252
martini,252
no_vest,252
menstrual_pad,252
master_crown,252
gunkanmaki,252
dress_in_mouth,252
\\//,252
fox_hood,252
akg,252
squat_(exercise),252
camouflage_scarf,252
yoshi_and_toad_kissing_(meme),251
kujo_jotaro_(cosplay),251
water_wheel,251
hot_sauce,251
wing_censor,251
dancer's_costume_(dq),251
team_skull_uniform,251
clothes-dissolving_potion,251
earplugs,251
ominous_shadow,251
holding_matchstick,251
seeing_stars,251
bandaid_on_clothes,251
mourning,251
zonai,251
weapon_on_floor,251
hilt,251
public_bondage,251
glance,251
italian_flag_print,251
street_snap,251
red_sheet,251
love_handles,251
doqute_stuffed_doll,251
number_balloon,251
swinging_legs,251
nail_ornament,251
bridal_bikini,251
pearl_clan_outfit,251
maboroshi_no_ginzuishou,251
crisis_moon_compact,251
misplaced_mouth,251
strapless_kimono,251
forced_cunnilingus,251
kjerag_logo,250
galactic_empire_(star_wars),250
elbow_cutout,250
delusion_(genshin_impact),250
holding_veil,250
wax_play,250
grappling_hook,250
cz_75,250
national_verbena_academy_school_uniform,250
submarine_sandwich,250
star_rod,250
appmon,250
mystic_eyes_of_enchantment,250
defy_(girls'_frontline),250
walther_p38,250
no_anus,250
ankle_gun,250
hand_over_heart,249
radial_gradient_background,249
polka_dot_kimono,249
sneaking_suit,249
behind_tree,249
hippopotamus_tail,249
bruise_on_chest,249
brown_male_underwear,249
doorbell,249
pedophile,249
trench,249
bandage_on_thigh,249
dashing,249
furnace,249
anal_ball_wear,249
top-load_washing_machine,249
b3_wingman,249
shiny_pantyhose,249
bound_leg,249
extreme_dangling,249
joint_(drug),249
tree_print,248
piper_perri_surrounded_(meme),248
alvis_uniform,248
fox_print,248
yellow_assault_visor,248
lantern_(e.g.o),248
cardigan_on_shoulders,248
quality,248
pointing_backward,248
javelin_(spear),248
pinstripe_coat,248
against_mirror,248
raised_fists,248
woe_plague_be_upon_ye_(meme),248
owl_boy,248
luigi_(cosplay),248
purple_mittens,248
poke_doll,248
leather_bikini,248
hose_nozzle,248
white_hijab,248
flag_on_vehicle,248
camping_chair,248
blue_gakuran,247
fourth_of_july,247
dollhouse_view,247
mustard_bottle,247
switch,247
egg_implantation,247
distracted_boyfriend_(meme),247
storage_pot,247
speed_limit_sign,247
holding_wig,247
carp,247
reunion_logo_(arknights),247
hadouken,247
adjusting_mask,247
three_of_hearts,247
playboy_bunny_swimsuit,247
suction_tentacles,247
black_hanbok,247
unworn_apron,247
heart_ring,247
squirrel_boy,247
two_of_hearts,247
eiserne_jungfrau,247
bell_ear_ornament,246
squirting_liquid,246
volkswagen_beetle,246
tail_tuft,246
sword_clash,246
airplane_arms,246
xtransceiver,246
fur-trimmed_socks,246
looking_around,246
cheri_berry,246
throne_room,246
unraveling,246
wooden_tray,246
kissing_stomach,246
false_arm,246
akira_slide,246
winged_hairband,246
rally_car,246
majo_shuukai_de_aimashou,246
rescue,246
kiss_chart,246
chopstick_rest,246
zunda_mochi,246
broken_ground,246
hanging_food,246
petroleum,246
bra_on_head,246
carcano,245
cinnamon_roll,245
arrow_cross,245
microscope,245
implied_penetration,245
self_milking,245
reindeer_hood,245
dotera_(clothes),245
holding_machete,245
clover_brooch,245
target_practice,245
monkey_mask,245
florida_bikini,245
hurdle,245
fender_musical_instruments_corporation,245
princess_leia_(cosplay),245
argentinian_flag,245
white_spider_lily,245
yonic_symbol,245
ranunculus,245
anglerfish_costume,245
kiki_(majo_no_takkyuubin)_(cosplay),245
kama_(weapon),245
bandaid_on_horn,245
reincarnation,244
carnivorous_plant,244
blue_visor_cap,244
sweater_under_jacket,244
leaning_against_motorcycle,244
fujimoto_tatsuki_(style),244
knee_cutout,244
power_drill,244
handbell,244
silver_nails,244
shikai,244
shampoo_hat,244
open_magazine,244
holding_behind_neck,244
business_card,244
yotsubato!_pose,244
black_rope,244
nanahyakuichi_middle_school_uniform,244
tohsaka_rin_(cosplay),244
photocopier,244
paizuri_day,244
purple_tulip,244
multicolored_ascot,244
azalea_(flower),244
scientific_name,244
clitoris_tweak,244
indonesian_flag,244
sideways_perpendicular_paizuri,244
hatsuyume,244
seafood,244
vasavi_shakti_(fate),244
kotori_photobomb,244
pachinko,244
fan_to_mouth,243
forced_to_watch,243
catcher's_mask,243
white_unitard,243
snake_wrapped_around_arm,243
nail_biting,243
f-14_tomcat,243
narcissism,243
uchuu_kei,243
ventilation_shaft,243
rhinoceros_ears,243
tri-stringer_(splatoon),243
test_tube_holster,243
shotajiji,243
finnish_flag,243
rondel,243
katori_(kancolle)_(cosplay),243
biting_hair,243
kurumi-gaoka_high_school_uniform,243
domino_high_school_uniform,243
shaving_cream,242
;/,242
centipede_girl,242
white_polka_dots,242
shooting_star_(symbol),242
bad_reflection,242
preppy_fashion,242
tickling_pussy,242
boc'z_(umamusume),242
tuba,242
antelope_ears,242
thinking_emoji,242
rocking_horse,242
parasite_dress_uniform_(darling_in_the_franxx),242
no_nut_november,242
steyr_aug,242
tsab_naval_military_uniform,242
chihuahua,242
kagamine_len_(cosplay),242
inazuma_japan,242
racism,242
hand_on_another's_foot,242
ragfes,242
too_many_rabbits,241
revenge,241
quadcopter,241
unworn_hoodie,241
hikari_(blue_archive)_(cosplay),241
construction_worker,241
cum_on_headwear,241
aqua_bag,241
red_poncho,241
checkered_collar,241
cutlery,241
gardevoir_day,241
object_behind_ear,241
meandros_border,241
leotard_lift,241
holding_turret,241
heavy_splatling_(splatoon),241
official_cosplay,241
fortified_suit_(imperial_royal_guard),241
colored_chastity_cage,240
golden_sword,240
winged_sleeves,240
food-themed_bag,240
no-show_socks,240
testicles_on_face,240
youtube_creator_award,240
tank_cupola,240
penis_and_testicles_touching,240
tingtang_gang_(identity)_(project_moon),240
skinny_jeans,240
jk_gumi_(nijisanji),240
carry_handle,240
collared_jumpsuit,240
imminent_explosion,240
torn_hoodie,240
veil_over_eyes,240
slimification,240
arms_on_head,240
organ_(instrument),240
stitched_fingers,240
large_forehead,240
jojifuku,240
wing_hat_ornament,240
white_gakuran,240
food_on_hair,240
bikini_bridge,240
kiryuuin_satsuki_(cosplay),240
headwear_writing,240
cygnus_(constellation),240
double_gyaru_v,240
mikumo_squad's_uniform,240
miyamori_school_uniform,240
hazard_stripes,240
minmatar_republic_(eve_online),240
m1_helmet,240
heartslabyul_dorm_uniform,240
heijou_institute_school_uniform,240
frilled_arm_strap,239
shouting_with_hands,239
rolling_sleeves_up,239
splendor_of_tranquil_waters_(genshin_impact),239
hands_on_own_crotch,239
tobacco,239
floral_print_one-piece_swimsuit,239
brushing,239
ear_sex,239
toy_packaging,239
katsudon_(food),239
haagen-dazs,239
fez_hat,239
tentacles_as_hands,239
umaibou,239
daito_academy_school_uniform,239
flower_facial_mark,239
shima_(pattern),239
brushing_tail,239
vortex_vanquisher_(genshin_impact),239
glowing_armor,239
double_bowtie,239
biting_penis,238
holding_lasso,238
tentacle_around_neck,238
open_cuffs,238
pulling_own_ear,238
wooden_desk,238
spread_eagle_position,238
feather-trimmed_gloves,238
peed_self,238
micro_pasties,238
yellow_male_swimwear,238
seven_association_south_(identity)_(project_moon),238
asacoco,238
waking_another,238
humpback_whale,238
crest_worm,238
servant_card_(fate/grand_order),238
venice,238
pineapple_print,238
zhouzi_jin_(headwear),238
green_screen,238
negative_space_oral_(meme),238
ots-14_groza,237
military_medic,237
lifestream,237
curly_ends,237
alternate_halo,237
dawnmaker_(honkai:_star_rail),237
looking_at_pussy,237
unworn_neckerchief,237
anchor_tattoo,237
takeout_container,237
sweden,237
kessoku_band_logo,237
helix_piercing,237
archer_(fate)_(cosplay),237
iceberg,237
p-chan_(p90),237
artist_painter,237
molotov_cocktail,237
male_prostitution,237
forehead_flick,237
chest_piercing,237
mikan_box,237
shed,237
vibrator_on_clitoris,237
jason_voorhees_(cosplay),237
striped_collar,237
navel_insertion,237
excessive_armpit_hair,237
hourglass_earrings,237
holding_unworn_necktie,236
downwards_triangle_mouth,236
nuclear_weapon,236
melon_slice,236
red_circle,236
two-tone_armor,236
you_look_lonely_(meme),236
teeth_print,236
sale,236
elucidator,236
o-ring_arm_strap,236
storm_cloud,236
ice_flower,236
tied_beard,236
male_swimwear_pull,236
vibrator_on_penis,236
mazda_mx-5,236
elizabeth_bathory_(fate)_(cosplay),236
convenient_head,236
ei_ei_mun!,236
lever,236
scarf_on_head,236
stone_tablet,236
american_football_helmet,236
lungmen_dollar,236
heisei,236
momotsuki_gakuen_school_uniform,236
aozora_middle_school_uniform,236
team_yell,236
mazda_rx-7_fd,236
ars_almadel_salomonis_(fate),236
japanese_cylindrical_postbox,236
instant_ramen,236
multiple_animal_ears,236
fig_sign,236
grimace_shake_(meme),236
spoon_straw,236
asics,236
herringbone,236
two-tone_hanfu,235
sex_slave,235
downcast_eyes,235
holding_bandaid,235
bow_garter_belt,235
head_on_another's_stomach,235
bowling,235
lich,235
three_section_staff,235
fake_nose,235
snow_shovel,235
post_guild_war_celebration,235
dodge_(company),235
see-through_apron,235
painttool_sai,235
pump,235
carrier,235
throwing_poke_ball,235
checkered_pants,235
metal_eyepatch,235
cross-species_cosplay,235
adapted_object,235
drawstring_bag,235
scar_on_hip,235
pointed_footwear,235
legbinder,235
hanging_sign,235
japan-korea_yuri_(meme),235
tactical_maid,235
script,235
pencil_as_mustache,235
duck_hair_ornament,235
hole_in_stomach,235
yamaha_pacifica,234
spain,234
hatsune_miku_world_cup_custody_battle_(meme),234
eevee_ears,234
biting_breast,234
blackletter,234
umbilical_cord,234
diving_regulator,234
large_belt,234
covering_another's_breasts,234
circuit_board_print,234
herb_bundle,234
taiko_sticks,234
erdtree_(elden_ring),234
conifer,234
luftwaffe,234
kazimierz_logo,234
tiger_ii,234
igloo,234
konnyaku_(food),234
swordfish,234
pokemon_rgby_(style),234
retaining_wall,234
rivets,234
chastity_key,234
horosho,234
star-shaped_food,234
hiroshimaben,234
zoomer_slang,233
ribbon-trimmed_hood,233
heart-shaped_cake,233
1-up_mushroom,233
single_inverted_nipple,233
belt_bondage,233
glass_ceiling,233
button_prompt,233
midriff_tattoo,233
flower_dress,233
disembodied_tongue,233
u's_3rd_years,233
wasteland,233
kissing_back,233
unworn_butt_plug,233
walfie_(style),233
moon_uniform_(houseki_no_kuni),233
ryoubu_torii,233
folding_knife,233
paw_tattoo,233
in_pot,233
tarpaulin,233
obi_bow,233
bat_earrings,233
spotted_tail,233
kakizome,233
leaning_against_vehicle,233
recursive_animalization,232
teddy_bear_hair_ornament,232
on_suitcase,232
mexican_flag,232
color_wheel,232
double_ok_sign,232
two-tone_sweater_vest,232
back_spikes,232
open_hatch,232
cure_black_(cosplay),232
ganbare_ganbare_(itou_life),232
grass_skirt,232
argyle_coat,232
cross_(weapon),232
palette_knife,232
pumpkin_on_head,232
springsuit,232
marshall_amplification,232
justitia_(e.g.o),232
nonstandard_furigana,232
kamura_(armor),232
ko-fi_logo,232
silver_bodysuit,231
channel_(caststation)_(style),231
fingernail_gloves,231
marine_uniform_(one_piece),231
glowing_headgear,231
body_control,231
sailing,231
frilled_tube_top,231
adobe_photoshop,231
bedwetting,231
milk_tea,231
biscuit_(bread),231
ribbon-trimmed_corset,231
confessional,231
chocolate_on_legs,231
energy_ring,231
knee_spikes,231
bloom_garden_party_jacket,231
silver_chain,231
licking_tip,231
lightning_scar,231
nemes,231
two-tone_robe,231
red_stone_of_aja,231
testicle_hair,231
open_sign,231
rowan,231
pregnancy_halo,230
sheep_hair_ornament,230
contemporary_traditional_clothes,230
florakinesis,230
quadruple_wielding,230
hamster_costume,230
low-tied_hair_rings,230
catcher's_mitt,230
rabbit_symbol,230
tractor_beam,230
mesh,230
oversized_sweater,230
twilight_(e.g.o),230
zarei,230
garden_of_the_sun,230
elbow_on_thigh,230
brown_bandeau,230
blood_on_axe,230
legendary_shield_(small_shield)_(tate_no_yuusha_no_nariagari),230
gym_teacher,230
blue_headdress,230
torn_apron,230
ice_horns,230
see-through_sports_bra,230
makarov_pm,230
reality_arc_(sinoalice),230
501st_joint_fighter_wing,230
male_pregnancy,230
totoro_bus_stop,230
sign_language,230
bourbon_(kirby),230
pee_pad,229
leaking,229
flag_patch,229
monobloc_chair,229
flying_car,229
metal_ball,229
ledge,229
orange_leggings,229
violin_case,229
removing_coat,229
pie_in_face,229
sleeve_zipper,229
snake_on_shoulder,229
can_between_breasts,229
acid_graphics,229
expandable_baton,229
too_many_hands,229
skirt_under_kimono,229
thorn_(elizabeth_rose_bloodflame),229
carry_me,229
top_of_moe_2014,229
transit_bus,229
nyan_clan_of_gensokyo_(touhou),229
shadow_censor,229
manila_envelope,229
s.w.a.t.,229
green_car,228
knot_gag,228
heart_cheeks,228
blue_anus,228
sand_dune,228
larva,228
felicia_(darkstalkers)_(cosplay),228
phone_on_wall,228
behelit,228
scar_across_eyes,228
tying_necktie,228
simple_fish,228
fur_armlet,228
low-tied_medium_hair,228
turks_(ff7),228
necktie_lift,228
gamecube_controller,228
holding_stomach,228
in_jar,228
tsuka-ito,228
leg_holster,228
top_of_moe_2019,228
standard_manufacturing_dp-12,228
black_bulls_(emblem),228
scar_on_head,228
washing_hands,228
kantoku_(style),228
octarian_(enemy),228
anakt_arts_high_school_uniform_(fading_youth),227
frilled_tank_top,227
cat_tree,227
m203,227
aqua_robe,227
penis_rest,227
multiple_wielding,227
four_eyes,227
dieci_association_south_uniform,227
print_fan,227
imminent_spanking,227
flower_underskirt,227
on_moped,227
dango_hair_ornament,227
print_towel,227
plaid_kimono,227
pretzel_pose,227
cutout_below_navel,227
lifted_by_balloons,227
glass_pen,227
adjusting_bow,227
tamandua_ears,227
goal,227
mismatched_irises,227
imminent_fight,227
slide_phone,227
mating_(animal),227
interactive_media,227
prisma_illya_(cosplay),227
mexican_standoff,227
minecart,227
axe_kick,227
jacket_around_neck,227
shindouji_school_uniform,227
polyhedral_dice,227
fairy_(girls'_frontline),227
shunryuu_kokubyou_senki,226
build_driver,226
multi-lane_road,226
binder_clip,226
moonlight_greatsword,226
sunagakure_symbol,226
colored_mouth,226
satin_dress,226
blood_on_stomach,226
insect_hair_ornament,226
chained_legs,226
imminent_breast_grab,226
hands_under_legs,226
tied_dress,226
unworn_earring,226
daewoo_k2,226
button_up_skirt,226
gradient_scarf,226
floral_print_thighhighs,226
round_bag,226
feather_cape,226
educational,226
hiking,226
bongo_cat_(meme),226
biting_another's_arm,226
honey_dipper,226
black_rock_shooter_(character)_(cosplay),226
lichtenberg_figure,226
m1918_bar,226
neck_bobbles,226
holding_planet,226
tachihanabishi,226
queen_of_spades_(playing_card),226
condom_on_head,226
peeing_in_cup,225
licking_another's_finger,225
slipping_on_banana_peel,225
youkan_(food),225
gem_hat_ornament,225
sports_bra_pull,225
chocolate_on_foot,225
deel,225
fake_head_wings,225
in_pocket,225
mole_on_areola,225
dial,225
cum_on_object,225
shared_coat,225
giving_flower,225
sticky,225
holding_potion,225
holographic_touchscreen,225
moose_tail,225
arrow_(jojo),225
mole_under_breast,225
sardine,225
gingham_bikini,225
bleachers,225
fen_cichlid_girls_academy_school_uniform,225
partially_bordered,225
walkway,224
flourish_(design),224
licking_another's_lips,224
ao_nhat_binh,224
labia_ring,224
age_conscious,224
heart_out_of_chest,224
axillary_tail_of_spence,224
smash_ball,224
ballet_dress,224
father's_day,224
laser_rifle,224
japanese_saw,224
myoudou_gakuen_high_school_uniform,224
pamphlet,224
between_feet,224
repeating_crossbow,224
datemaki_(food),224
roman_empire,224
landing_net,224
control_bar,224
shinjuku_(tokyo),224
reindeer_boy,223
droid,223
dropkick,223
frozen_lake,223
sword_earrings,223
java_sparrow,223
biopunk,223
ponification,223
implied_bestiality,223
hand_eye,223
kaine_(nier)_(cosplay),223
gaia_memory,223
green_eyeliner,223
reactive_armor,223
cloud_strife_(cosplay),223
dual_arm_cannons,223
shared_handcuffs,223
king_of_hearts_(playing_card),223
tank_interior,223
acubi,223
spoken_sound_effect,223
multicolored_umbrella,223
star_hairband,223
nostril_piercing,223
white_hiphighs,223
neck_piercing,223
fan_over_face,223
supportasse,223
dog_on_head,223
playstation_3,223
smiley_face_hat_ornament,223
pinky_(identity)_(project_moon),223
kaneda_shoutarou's_bike,223
phone_in_pocket,223
multicolored_vest,223
holding_snake,223
grand_servant_(fate/grand_order),223
shepherd's_crook,223
british_army,223
heart_pirates_jolly_roger,222
venus_(planet),222
thors_military_academy_branch_campus_uniform,222
studded_armlet,222
front_and_back,222
yellow_arm_warmers,222
2000,222
front_braid,222
index_ring,222
ribbed_gloves,222
magic_school_uniform_(mahou_girls_precure!),222
aqours_3rd_years,222
mighty_sailor,222
number_four_(asl),222
trypophobia,222
gessen_academy_school_uniform,222
strawpage,222
pretty_waitress_(idolmaster),222
captcha,222
severed_finger,222
torn_skin,222
shackle_piercing,222
see-through_bridal_gauntlets,222
kuromi_(cosplay),222
puckered_face,222
sexy_no_jutsu,222
sideboob_paizuri,221
holy_ring,221
leaf_skirt,221
skydive,221
pressing_button,221
single_flame,221
invincible_candy,221
gyaru_makeup,221
step-parent_and_step-child,221
stitched_hand,221
polka_dot_sleeves,221
cheek-to-breast,221
paper_cutout,221
vine_whip,221
print_neckerchief,221
men's_toilet_symbol,221
american_flag_pants,221
comically_large_ears,221
snubnosed_revolver,221
disc,221
snowflake_halo,221
aquila_(symbol),221
sheriff_(western),221
cat_helmet,221
no_tattoo,221
cum_on_tail,221
lumine_(genshin_impact)_(cosplay),221
holding_hookah,221
bandaid_on_ass,221
animal_cutout,221
taking_another's_hand,221
partially_blind,221
dumpster,220
nohrian_butler_uniform,220
shoulder_angel,220
dromas_(honkai:_star_rail),220
cavewoman,220
long_necktie,220
noble_phantasm_(fate),220
purple_male_underwear,220
>3<,220
snow_white_(disney)_(cosplay),220
polka_dot_umbrella,220
panty_bulge,220
tactical_playboy_bunny,220
red_prison_magic_school_uniform,220
ship_deck,220
looking_at_watch,220
petal_on_head,220
swimsuit_costume,220
backbend,220
are_you_my_master,220
building_snowman,220
leggings_pull,220
da_training_wear_(lycoris_recoil),220
mdd_threesome,220
on_mecha,220
stanchion,220
person_on_shoulder,220
implied_cheating_(relationship),220
youkai_watch_(object),220
stare_down,220
argyle_cape,220
crossbone_vanguard,219
hair_half_over_shoulder,219
fukutaichou_badge,219
make_a_contract,219
dewlap,219
white_day_(love_live!),219
purple_aura,219
kitchen_hood,219
sleep_talking,219
hydra_splatling_(splatoon),219
fishing_lure,219
detached_legs,219
bug_bite,219
splatter_print,219
snorkel_in_mouth,219
rock_cannon,219
pendulum_clock,219
although_she_hurriedly_put_on_clothes_(meme),219
telepathic_sex,219
holding_limb,219
siscon,219
aqua_bodysuit,219
headpatting_viewer,219
pilot_chair,218
cropped_cardigan,218
nameplate,218
crown_necklace,218
sex_battle,218
frog_on_head,218
1999,218
at_knifepoint,218
the_magician_(tarot),218
can't_show_this_(meme),218
ro-500_(kancolle)_(cosplay),218
sandwich_board,218
jitte,218
scene_cut,218
benelli_m4,218
censored_violence,218
flower_hairtie,218
humpty_lock_(shugo_chara!),218
three_of_diamonds,218
holding_thermos,218
twinmyniad_(fate),218
ball_bra,218
ciao_churu,218
aqua_sweater_vest,218
chariot,218
black_chemise,218
spanish_flag,218
garderobe_uniform,218
rickenbacker_4001,218
kirigaoka_girls'_academy_school_uniform,218
bread_eating_race,218
paladin,218
bulge_lift,218
green_liquid,218
fur-trimmed_tube_top,218
3rd_live_tour_try_tri_unity!!!,218
battlecruiser_(eve_online),217
possessive,217
roasted_marshmallow,217
thermometer_in_mouth,217
alzano_school_uniform,217
agemasen!_(meme),217
staccato_2011,217
golden_generation_(umamusume),217
transom_window,217
black_loincloth,217
aircraft_catapult,217
justina_follower_(blue_archive)_(cosplay),217
holding_wheat,217
suspension_bridge,217
standing_on_another's_head,217
geometry,217
pepperoni_pizza,217
unworn_cloak,217
st._louis_(azur_lane)_(cosplay),217
dentist,217
radiator,217
trilby,217
guilty_challenge_(meme),217
hyena,217
high-waist_dress,217
kissuisou_uniform,217
pizza_delivery,217
satori_day,217
rotting,217
escudo_sword_(rayearth),217
border_collie,217
@_(symbol),217
koa_(phrase),217
scratching_chin,217
chest_cannon,217
brown_leg_warmers,216
duck_boy,216
corinthian_helmet,216
golem_(d.gray-man),216
flatbread,216
measuring_cup,216
paris,216
blue_unitard,216
sea_spray,216
magnetism,216
speech_bubble_censor,216
anal_prolapse,216
mona_(genshin_impact)_(cosplay),216
shoebill,216
arondight_(fate),216
monarch_butterfly,216
blush_spirals,216
wryyyyyyyyyyyyyyyyyyyy,216
origami_family's_elite_guard_uniform,216
kettenkrad,216
ak-15,216
samue,216
akira_movie_poster,216
zeknova,216
hooded_jumpsuit,216
tokyo_skytree,216
lace-trimmed_nightgown,216
capybara_girl,215
paw_up,215
polka_dot_trim,215
oversized_plant,215
jeogori_(clothes),215
looking_through_window,215
licking_leg,215
hong_meiling_(cosplay),215
cat_on_person,215
umbrella_stand,215
double_dakimakura_(medium),215
smith_&_wesson,215
6_9,215
steel-toe_boots,215
matcha_parfait,215
bag_bow,215
leather_choker,215
rupee_(zelda),215
tensa_zangetsu_(bankai),215
body_tube,215
shock_collar,215
toy_robot,215
rope_necklace,215
muscular_child,215
ios_(os),215
veiny_crotch,215
plant_wings,215
kimetsu_gakuen_school_uniform,215
finger_on_eyewear,215
microphone_wand,215
malasada,215
animal_on_leg,215
deadpan,214
polka_dot_pants,214
apple_peel,214
fur_sweater,214
compass_rose,214
extended_range_bass_guitar,214
hime_gyaru,214
eggshell_hat,214
nipple_sleeves,214
weapon_background,214
other_with_other,214
zui_zui_dance,214
tongue_scarf,214
holding_gag,214
double_middle_w,214
glue,214
lap_pov,214
jenga,214
zener_card,214
achievement_unlocked,214
taekwondo,214
bandaid_on_ear,214
lotus_root_slice,214
donut_hair_ornament,214
patchouli_knowledge_(cosplay),214
group_profile,214
bougu,214
flower_thigh_strap,214
hands_on_own_arms,214
butterfly_background,214
junkyard,214
model_ship,214
see-through_bodystocking,213
leaf_ornament,213
lipstick_mark_on_shoulder,213
bite_mark_on_leg,213
collage_background,213
gnome,213
covering_one_nipple,213
before_feminization,213
urn,213
hydra,213
dogfight,213
blue_liquid,213
standing_on_chair,213
planet_diving_suit_(7th)_(stellar_blade),213
weapon_charm,213
may,213
lapel_chain,213
occult_ball,213
chanel,213
shroud_(sailing),213
war_banner,213
dezombification,213
holding_moon,213
animal_on_chest,213
em_wave_change_(mega_man),213
skort,213
fishnet_cutout,213
kirameki_high_school_uniform,213
simulated_bukkake,213
crosscounter,213
lungs,213
eclair_(food),213
high-heeled_mechanical_legs,213
too_many_weapons,213
auction,213
baby_carrier,213
holding_belt,213
bit_(gundam),212
removing_hat,212
f-22_raptor,212
clutching_head,212
keikyoku_no_machi_wa_doko_e_(project_sekai),212
polaroid_camera,212
tickling_breasts,212
mondstadt_city,212
hand_cursor,212
imminent_fingering,212
nameless_axe-sword_(fate),212
untying_hair,212
evo_grim,212
pinstripe_pantyhose,212
tomato_(sword),212
photo_shoot,212
777_(nikke),212
order_of_the_black_knights_uniform,212
character_badge,212
cord_pull,212
pink_scales,212
let's_make_touhou_kids,212
pantyshot_through_reflection,212
triangle_hands,212
raptor,211
pussy_juice_drip,211
bodyguard,211
areadbhar_(fire_emblem),211
traffic_bollard,211
checkered_panties,211
http_status_code,211
flying_squirrel,211
utility_vest,211
frigate_(eve_online),211
purple_turban,211
shapes,211
dragon_radar,211
bowling_pin,211
edging_underwear,211
intangible,211
cure_white_(cosplay),211
fatui_logo,211
blowing_on_food,211
pushpin,211
toyota_supra,211
pom_pom_footwear,211
colombian_clothes,211
boiling,211
xbox_controller,211
regloss_(hololive),211
tokkoufuku,211
three-toned_background,211
bloomers_around_one_leg,211
aa-12,210
green_leg_warmers,210
advanced_ship_(eve_online),210
heart_ring_top,210
holding_water,210
grey_armband,210
multicolored_feathers,210
female_on_futa,210
leather_leotard,210
holding_figure,210
curling_iron,210
cornflower,210
seal_script,210
tenkyuu_chimata_pose,210
spider_web_tattoo,210
weaponized_instrument,210
scarf_choker,210
datehyogo,210
bedside,210
bell_tower,210
milkor_mgl,210
bell_jar,210
project_fairy_(idolmaster),210
air_current,210
top_of_moe_2021,210
lava_lamp,210
rainbow_wings,210
dormer,210
polka_dot_border,210
shocker_(kamen_rider),210
resurreccion,210
hawaiian_clothes,210
takemoto_izumi_(style),210
nozomi_(blue_archive)_(cosplay),210
hand_in_bikini,210
shinjuku_(fate/grand_order),210
star_button,210
chipped_tooth,210
locked_slide,209
hood_basket,209
bikini_ribbon,209
feather_sleeves,209
japan_air_self-defense_force,209
butterfly_over_eye,209
hair_straightener,209
too_many_bandaids,209
fish_hook_earrings,209
punishment_sex,209
kiwi_(bird),209
holding_finger,209
the_star_(tarot),209
sakura_five,209
npc_jail,209
nintendo_64,209
menacing,209
hand_on_chair,209
wet_and_messy,209
bat_brooch,209
cellulite,209
floating_city,209
pink_tunic,209
duck_girl,209
fish_costume,209
character_pin,209
japanese_white-eye,209
crib,209
festival_jinbei,209
rhinoceros_girl,209
shiba_koen_middle_school_uniform,209
my_first_star_(idolmaster),209
tomato_juice,209
pink_male_underwear,209
cum_on_bed,209
united_states_air_force,209
string_lights,208
silver_gloves,208
x-shaped_eyewear,208
two-tone_umbrella,208
wing_tattoo,208
lollipop_hair_ornament,208
arabic_text,208
slam_dunk_(basketball),208
futou,208
umbrella_tassel,208
gold_embroidery,208
forehead_writing,208
military_goth,208
baseball_base,208
unworn_sarong,208
psychic_type_theme_(pokemon),208
racing_colors,208
smelling_feet,208
tenshi_day,208
dragonborn_(d&d),208
fishnet_kneehighs,208
no_neckwear,208
finishing_move,208
shirt_aside,208
supported_shooting,208
green_lightsaber,208
calling_card,208
naked_ascot,208
o-ring_belly_chain,208
yamato_(uchuu_senkan_yamato),208
zhuang_hat,208
speedo_(company),208
cover_bikini_girl_(gta_vi)_(cosplay),207
gold_bell,207
broken_handcuffs,207
official_alternate_hair_ornament,207
orange_scales,207
hammerhead_shark,207
sea_cucumber,207
dutch_braided_ponytail,207
deku_shield,207
pink_light,207
rope_around_waist,207
shouryuuken,207
unworn_headband,207
looking_at_bulge,207
katagiri_senior_high_school_uniform,207
nintendo_64_controller,207
z3_max_schultz_(kancolle)_(cosplay),207
mountaintop,207
ears_up,207
fawn,207
wall_mirror,207
ishikawa_prefecture,207
chocolate_lady_no_karasawagi,207
humagear_headphones,207
bois_de_justice,207
purple_pansy,207
war_flag,207
holding_boombox,207
prism_tower,207
rocket_punch,207
tamagotchi_(creature),206
plant_clothing,206
shoulder_devil,206
snowflake_hat_ornament,206
assassin,206
black_roots,206
hyrule_castle,206
snowflake_choker,206
serval_(kemono_friends)_(cosplay),206
against_desk,206
range_finder,206
x_mark,206
dogpile,206
hand_on_headset,206
red_loincloth,206
ukrainian_ground_forces,206
bandage_on_neck,206
bt-42,206
heaven,206
serving_cart,206
armored_trooper,206
navy_cross,206
jewelry_box,206
star_and_crescent,206
nest_ball,206
compass_(instrument),206
sapporo_beer,206
huge_clitoris,206
octo_shot_(splatoon),206
broken_door,206
radar_chart,206
photographer,206
gn_drive,206
orange_dougi,205
aymr_(fire_emblem),205
shishimai,205
shichiten_shichitou,205
game_boy_advance_sp,205
shiroko_(blue_archive)_(cosplay),205
aneros,205
image_warping,205
abhaya_mudra,205
hokkaido_prefecture,205
stretch_marks,205
safe_(container),205
jinki-style_restrained,205
militaria_(nikke),205
grey_gem,205
boku_wa_sonzai_shiteinakatta,205
sliced_cheese,205
bandaged_horn,205
pepper_(spice),205
goshoguruma,205
weapon_energy,205
ear_cuffs,205
nipple_flick,205
sighting,205
waist_brooch,205
green_slingshot_swimsuit,204
mismatched_shoes,204
blood_on_mask,204
self_bondage,204
grocery_store,204
mold,204
gotoh_hitori_(cosplay),204
false_limb,204
cotton_ball,204
vietnam,204
wing_clan_(breath_of_fire),204
wraparound_tape_gag,204
floodlights,204
jukebox,204
alternate_uniform,204
back_fin,204
leaning_on_animal,204
cereal_box,204
snow_on_headwear,204
moorish_idol,204
1998,204
monster_(monster_farm),204
expedition_uniform,204
lavafall,204
golf_ball,204
fighting_type_theme_(pokemon),204
kitsune_udon,204
aramasa,204
witcher_medallion,204
silver_sandals,204
brown_headscarf,204
judo,204
alternate_eyewear,204
zeus_(inazuma_eleven),204
bandaged_waist,204
drawing_on_own_face,204
underwear_around_one_leg,204
udder,203
on_ship,203
kissing_foot,203
open_drawer,203
mizuki_yukikaze_(cosplay),203
quilt,203
denim_dress,203
griddle,203
riding_motorcycle,203
diagonal-striped_bikini,203
extended_range_guitar,203
moose_antlers,203
white_eyeshadow,203
sword_hilt,203
mushroom_hair_ornament,203
dragon_type_theme_(pokemon),203
trumpet_creeper,203
pinky_to_mouth,203
diving_mask_around_neck,203
star_of_lakshmi,203
super_chat,203
yukikaze_(kancolle)_(cosplay),203
matchbox,203
cat_feet,203
united_states_marine_corps,203
banister,203
podium,203
seiou_gakuen_school_uniform,203
arrow_through_apple,203
bad_apple!!,203
wrist_wings,202
cleric,202
intestine_clothing,202
lotus_hair_ornament,202
consent_sticker,202
mclaren,202
love_train,202
holding_another's_finger,202
scorpion_tattoo,202
cracked_face,202
pink_garter_belt,202
wiping_nose,202
leather_wrist_straps,202
white_dougi,202
sternritter,202
d'orsay_heels,202
castanets,202
zebra_tail,202
withered,202
reflex_sight,202
nautilus_(animal),202
under_fire,202
holding_shawl,202
episode_title,202
half-timbered,202
hitchhiking,202
kinoko_no_yama,202
fuck-me_clothes,202
pimp,202
pigeon_pose,202
naranja_academy_(emblem),202
grabbing_own_pectoral,202
smeared_blood,202
fox_shadow_puppet_kiss,202
pikapikapop_(idolmaster),202
matching_shanghai,202
tights_day,202
4th_live_dream_~bloom_the_dream_believers~,202
flare,202
sparkle_earrings,201
recreational_vehicle,201
panty_gag,201
hollow_mouth,201
florist,201
rabbit_charm,201
pink_headdress,201
holding_back,201
jika-tabi,201
drop_trap,201
yamaha_trb,201
gawr_gura_(cosplay),201
eridian,201
decorating,201
ash_ketchum_(cosplay),201
nursing_fingering,201
booby_trap,201
headache,201
argyle_jacket,201
torn_umbrella,201
eating_flower,201
triple_vertical_stripe,201
nakayama_tooru_(style),201
plunger,201
playing_other_gachas,201
lamprey,201
frilled_sweater,201
shimiko_(blue_archive)_(cosplay),201
lion_hair,201
fubuki_(kancolle)_(cosplay),201
patting_back,201
bougainvillea_(flower),201
audi,201
mandalorian_helmet,201
thumb_in_beltline,201
hakka_no_togame_(bankai),201
armored_corset,200
karuta_(card_game),200
hand_on_mask,200
scary_sex,200
pantyhose_under_pants,200
plum,200
information_sheet,200
gold_mask,200
shibuya_109,200
orange_male_swimwear,200
yellow_tube_top,200
cherub,200
somersault,200
climbing_tree,200
freezer,200
pinstripe_bow,200
american_flag_neckwear,200
dodododo,200
sour_(taste),200
jaguar,200
donbei_kitsune_udon,200
gradient_coat,200
graphics_card,200
holding_eyepatch,200
sex_doll,200
character_background,200
snake_hood,200
holding_lid,200
bisexual_flag,200
glowing_heart,200
iwatobi_high_school_uniform,200
ferrofluid,200
giant_skeleton,199
looking_at_crotch,199
east_germany,199
cow_print_jacket,199
empty_bottle,199
actor_connection,199
bandaged_knees,199
coelacanth,199
e=mc2_(equation),199
hug_invitation,199
alice_margatroid_(cosplay),199
string_choker,199
ultra_beam,199
spiral_fingerprint,199
whip_the_wimp_girl!!_(project_sekai),199
modakawa_dress,199
headband_around_neck,199
storage_room,199
two_of_diamonds,199
film_strip_border,199
republic_of_china_flag,199
a_certain_high_school_gym_uniform,199
ice_pick,199
bracelet_girls,199
object_in_swimsuit,199
kalar_(race),199
fiery_aura,199
hand_on_goggles,199
dorsiflexion_(wrist),199
fruit_sandwich,199
strawberry_syrup,199
indonesian_clothes,198
farming,198
energy_tail,198
5-string_bass_guitar,198
inflatable_flamingo,198
stomach_(organ),198
arch_bridge,198
shaving_beard,198
heart_bracelet,198
padded_gloves,198
surgical_scissors,198
cruiser_(eve_online),198
glass_teacup,198
orange_buruma,198
v_buckle,198
strawberry_plant,198
wash_cloth,198
ribbon-trimmed_vest,198
wet_pants,198
jack-o'-lantern_head,198
blood_on_teeth,198
private_misaki_high_school_uniform,198
henohenomoheji,198
napolitan,198
domain_expansion_(jujutsu_kaisen),198
top_of_moe_2015,198
chocolate_on_clothes,198
pink_negligee,198
strawberry_print_bra,198
tickling_nipples,198
cavalry,198
shameimaru_aya_(cosplay),198
cup_on_head,198
bauxite,198
core_drill,198
sallet,197
takenoko_no_sato,197
broken_horns,197
parental_advisory,197
leg_cast,197
multicolored_scrunchie,197
spider_boy,197
grabbing_another's_skirt,197
fourragere,197
butterfly_print_haori,197
cup_hilt,197
sub_for_couple,197
conveyor_belt_sushi,197
clockshow,197
misplaced_genitals,197
lace-trimmed_shorts,197
baumkuchen,197
beretta_ar70/90,197
dentures,197
dragoon,197
fishnet_shrug,197
hara_tetsuo_(style),197
dab_(dance),197
maple_leaf_hair_ornament,197
pet_cone,197
gangsta_hold,197
lumiose_city,197
shack,197
biretta,197
sandwich_cookie,197
orange_tree,197
zinogre_(armor),197
three_of_clubs,197
quinzhee,197
rasengan,197
potion_(pokemon),197
liella!_first_generation,197
ford_mustang,197
concept_gyarus_(idolmaster),196
fade_(haircut),196
aqua_pajamas,196
seesaw,196
wooden_bathtub,196
foot_blush,196
spoken_money,196
sea_anemone,196
comb_over,196
strawberry_background,196
kirigakure_symbol,196
tapestry,196
endfield_industries_logo,196
heart_attack,196
hidden_blade_(assassin's_creed),196
contempt_awe_(e.g.o),196
ten_of_spades,196
breast_sucking_through_clothes,196
x-cross_(bdsm),196
toilet_seat,196
fake_text,196
butterfly_swords,196
celestial_globe,196
gradient_flower,196
holding_own_ankles,196
close_game/offline_(project_sekai),196
kriegsmarine,196
see-through_bow,196
pinstripe_one-piece_swimsuit,196
segment_display,196
lat_model_(mikumikudance),196
top_of_moe_2018,196
leather_dress,196
sideless_shorts,195
partially_invisible,195
incoming_letter,195
blue_garter_belt,195
red_leaf,195
black_nipples,195
smelling_pussy,195
norwegian_flag,195
shaving_crotch,195
pure_onepiece_(idolmaster),195
tennis_skirt,195
grey_mittens,195
feet_on_another's_face,195
space_shuttle,195
side-tie_one-piece_swimsuit,195
adaptation_comparison,195
7-string_guitar,195
stitching,195
discord_logo,195
bag_on_lap,195
french_army,195
aqua_shawl,195
shortcake,195
green_mittens,195
fortress,195
oda_eiichirou_(style),195
iguana,195
open_leotard,195
takuan,195
aiming_up,195
derringer,195
bead_armlet,195
snake_head_tail,195
kino_makoto's_school_uniform,195
emiya_family_(fate),195
pony_express_uniform,195
place_name,195
long_toes,195
bonito_flakes,195
glowing_muzzle,195
yin_yang_earrings,195
viltrumite_clothes,195
retronia_(fate),195
camouflage_paint,195
osafune_girls_academy_school_uniform,195
shoulder_support,195
anya_(spy_x_family)_(cosplay),195
collared_robe,194
stepping_on_object,194
spitting_on_another,194
hissing,194
breathing_tube,194
blood_sucking,194
elbow_on_another's_shoulder,194
propeller_hat,194
australian_flag,194
ninomae_ina'nis_(cosplay),194
vending_cart,194
mimikyu_(cosplay),194
senpai_kinshi!_(love_live!),194
food_on_legs,194
chui_(weapon),194
record_jacket,194
protractor,194
leash_in_mouth,194
full-body_blush,194
impossible_vest,194
lotus_pedestal,194
floating_castle,194
honeycomb_print,194
vistamp,194
denki_anma,194
boxer,194
komeiji_koishi_(cosplay),194
tetrapod,194
insect_on_finger,194
adjusting_sleeves,194
cruxis_wings_(tales),194
two-tone_wrist_cuffs,194
pure_white_memories_(idolmaster),194
holding_picnic_basket,193
strangulation_mark,193
lying_on_animal,193
tiger_panties,193
nasa,193
flower_button,193
grey_wrist_cuffs,193
cradling_head,193
gold_cloth_(saint_seiya),193
see-through_tank_top,193
yellow_corset,193
bad_face,193
cleaning_windows,193
manba_gyaru,193
purple_light,193
gold_blood,193
regal_blue_tang,193
sky_surfing,193
sailor_moon_pose,193
innertube_with_ears,193
flyswatter,193
m3_lee/grant,193
collision,193
great_knife,193
ambulance,193
mega_milk,193
gold_piercing,193
face_in_hands,193
fox_statue,193
kimi_to_boku_no_mirai,193
boku_no_ashiato_kimi_no_yukusaki_(project_sekai),193
lipstick_mark_on_arm,192
see-through_socks,192
absolute_cinema_(meme),192
broken_tooth,192
chameleon_boy,192
snowflake_necklace,192
sitting_on_drum,192
inhaling,192
yamaha_vino,192
unworn_male_underwear,192
brown_armband,192
ganyu_(genshin_impact)_(cosplay),192
mixed_holding,192
convenient_hand,192
beizi_(clothing),192
white_buruma,192
aqua_camisole,192
holding_knife_behind_back,192
kalina_ann_(weapon),192
heal_ball,192
message_in_a_bottle,192
famicom_controller,192
overhead_swing,192
carnival,192
fallen_tree,192
molten_metal,192
lilac,192
turtleneck_under_shirt,192
hand_in_mouth,192
yuri_(object),192
broken_umbrella,192
pussy_juice_in_mouth,192
fim-92_stinger,192
square_eyes,192
spiked_shirt,192
siamese_fighting_fish,192
steeple,191
multicolored_suit,191
heart_locket,191
cat_ear-shaped_hair,191
vibrator_over_clothes,191
no_genitals,191
backless_kimono,191
kaitou_shinshi_no_harahara!?_white_day_(project_sekai),191
towing,191
raiden_shogun_(cosplay),191
time_travel,191
movie_camera,191
half-soles,191
earthworm,191
cyber_sigilism,191
marisa_day,191
holding_cum,191
print_male_swimwear,191
hinadan,191
ear_fondling,191
kv-2,191
ninjutsu_research_club_(blue_archive),191
energy_spear,191
mugen_gakuen_school_uniform,191
temperature,191
tiger_ear_hairband,191
jack-in-the-box,191
yakimochi,191
hand_on_cane,191
crown_ornament,191
sitting_on_book,191
matador,191
sky_mirage,191
skull_and_crossed_swords,191
tail_around_another's_arm,191
pink_car,191
guard,191
dropped_object,191
narutomaki_hair_ornament,190
badger_ears,190
frilled_cloak,190
mailbag,190
bun_(food),190
implied_object_insertion,190
sliced,190
too_many_balloons,190
shendyt,190
ootori_gakuen_school_uniform,190
toe_claws,190
chameleon_girl,190
collapsed,190
gold_medal,190
wet_dream,190
spider_web_background,190
gameplay_ability,190
innovators_(gundam_00),190
patchouli_day,190
on_top_of_pole,190
nagant_m1895,190
two-tone_collar,190
diamond_choker,190
awataguchi_family_(touken_ranbu),190
canoe,190
ijimeka_(meme),190
little_lyrical,190
snow_on_body,190
monokini,190
mg34,190
structure,190
unworn_armband,190
girly_running,190
side-tie_shorts,189
gold_flower,189
layered_swimsuit,189
four_pack,189
disembowelment,189
flower_skirt,189
proud,189
car_trunk,189
thigh_peek,189
under_bridge,189
torn_flag,189
l'antica_(idolmaster),189
punched,189
wire_fence,189
osaka_(city),189
teardrop-shaped_gem,189
clamp_(circle)_(style),189
butterfly_girl,189
le_mans_prototype,189
maggot,189
predation,189
vertical-striped_bodysuit,189
9s_(nier:automata)_(cosplay),189
zangetsu_(shikai),189
skeptical,189
fretless_instrument,189
z-move_trainer_pose,189
sprue,189
kcco_(girls'_frontline),189
armadillo_ears,189
pile_of_money,189
hair_clipper,189
umbrella_flower,189
qinghua_(porcelain),189
afterglow_(bang_dream!),189
favonius_sword_(genshin_impact),189
trust_me_(durarara!!),189
steamroller,189
youkai_academy_school_uniform,189
blood_angels,189
not_present,189
ipod_nano_4g,189
seia_(blue_archive)_(cosplay),189
photokinesis,189
himedanshi,189
latex_top,189
signing,189
korea,189
atsuko's_grin_(meme),189
animal-themed_footwear,189
reze_(chainsaw_man)_(cosplay),189
polka_dot_jacket,189
floral_print_pantyhose,189
sword_of_kusanagi,188
broken_leg,188
mekakushi_dan_(kagerou_project),188
poses,188
taser,188
frilled_veil,188
llama,188
scroll_tube,188
elden_ring_(object),188
stealth_bondage,188
lace-trimmed_blindfold,188
diamond_brooch,188
on_piano,188
porcelain,188
cafe_maid_(love_live!),188
the_empress_(tarot),188
aqua_haori,188
tied_hoodie_strings,188
glove_nails,188
noble_academy_school_uniform,188
cinderella_(fairy_tale_character)_(cosplay),188
suppository,188
sonobeno_high_school_uniform,188
urban_legend,188
rathalos_(armor),188
blindfold_slip,188
black_smoke,188
closing_eyes,188
holding_feet,188
trickstar_(ensemble_stars!),188
sandbox,188
renpu_girls_school_uniform,188
doppel_(madoka_magica),188
plague_doctor,188
anthurium,188
genius_invokation_tcg_(style),188
battlement,188
rectangular_cage,188
purple_lightning,188
stomach_ache,188
dominator_(gun),188
red-eye_effect,187
sig_sauer_p320,187
polishing,187
bow_bloomers,187
workshop,187
armored_animal,187
single_empty_eye,187
pride_month,187
monolith_(stella_sora),187
unownglyphics,187
field_ration,187
adjusting_strap,187
paradise_lost_(e.g.o),187
banbi,187
limp_wrist,187
pushcart,187
grapefruit,187
multiple_style_parody,187
highleg_buruma,187
elephant_tail,187
hot_dog_bun,187
kyubey_(cosplay),187
goat_legs,187
christmas_ornaments_in_hair,187
yakult,187
outseal,187
blue_tulip,187
shell_brooch,187
melodica,187
void_(guilty_crown),187
rhinoceros,187
black_garter,187
ichigo_daifuku,187
long_belt,187
chain_whip,187
thighhigh_gaiters,187
hanging_on,187
princess_zelda_(cosplay),187
diamond-shaped_brooch,187
vertical-striped_sports_bra,187
o_x,187
spread_nipple,187
bead_belt,187
yebisu,187
dummy,187
robe_lift,187
rapping,187
triple_horizontal_stripe,187
mexican_dress,186
audio_visualizer,186
green_poncho,186
dark_rhongomyniad_(fate),186
oboe,186
shirt_ribbon,186
fur-trimmed_panties,186
holding_beaker,186
hanging_on_arm,186
holding_blood_bag,186
kettle_helm,186
blazefire_saber,186
remington_arms,186
padisarah_flower,186
raccoon_tails_(hairstyle),186
pen_to_mouth,186
character_figure,186
alternate_tail,186
shikairo_days_dance_(meme),186
bite_mark_on_hand,186
page_tear,186
glowing_fist,186
mutsuki_face_(azur_lane),186
interlocked_venus_symbols,186
long_torso,186
abacus,186
drying_body,186
frenulum_piercing,186
6th_live_dream_~bloom_garden_party~,186
gasterblaster,186
healing_animal,186
clothes_dryer,186
high-cut_armor_(persona),185
foot_kabedon,185
jackal,185
bag_on_head,185
field_radio,185
graviton_beam_emitter,185
storm_drain,185
arawi_keiichi_(style),185
naval_working_uniform,185
pet_rock,185
nanyou_academy_uniform,185
ursus_logo,185
assisted_masturbation,185
dog_hat,185
nintendo_switch_pro_controller,185
indonesia,185
winford_academy_uniform,185
palette_suit,185
grabbing_own_flat_chest,185
stickam,185
hanamiya_nina_(style),185
crystal_star_(sailor_moon),185
universe,185
angled_foregrip,185
mustache_print,185
solarpunk,185
sailor_mars_(cosplay),185
the_high_priestess_(tarot),185
dark_type_theme_(pokemon),185
kongou_(kancolle)_(cosplay),185
holding_belly,185
four_of_clubs,185
purple_pussy,185
united_states_medal_of_honor,185
vogue_(magazine),185
adjusting_sock,184
1960s_fashion,184
cutie_(umamusume),184
chinese_knot_border,184
pactio,184
multiple_pov,184
diverdiva,184
wireless_microphone,184
honda_motocompo,184
battle_effectiveness_award,184
ribbed_camisole,184
pectoral_pillow,184
onigiri_hair_ornament,184
hooded_top,184
amatsukaze_(kancolle)_(cosplay),184
meat_day,184
gazelle_horns,184
caramel,184
chiester_sisters,184
eat_me,184
type_100_smg,184
woman_yelling_at_cat_(meme),184
inverse_spirit_(date_a_live),184
car_keys,184
dream_academy_school_uniform,184
sega_mega_drive,184
nissan_skyline_r34,184
seascape,184
penis_in_glove,184
mini_snowman,184
glowing_crystal,184
agnes_tachyon_(umamusume)_(cosplay),184
holding_tentacle,184
family_portrait,184
axolotl_ears,184
puffing_up,184
necklace_in_mouth,184
print_shrug,184
holding_harp,184
cum_on_crotch,184
print_collar,183
striped_male_underwear,183
vajra_(object),183
finger_ribbon,183
doll_hair_ornament,183
three-finger_handjob,183
fuuma_shuriken,183
pink_carnation,183
too_many_papers,183
deviruchi_hat,183
nose_pinch,183
stealth_handjob,183
almond,183
pinching_gesture,183
rock_balancing,183
zipper_panties,183
ntw-20,183
karambit,183
chest_on_pillow,183
unconventional_guitar,183
mascara_wand,183
night_raven_college_gym_uniform,183
megurine_luka_(cosplay),183
spare_tire,183
flower_as_hat,183
antler_ribbon,183
sauropod,183
jack_of_spades,183
erdrick's_sword,183
powder_puff,183
baku_(creature),183
rabbit_on_shoulder,183
frilled_eyepatch,183
twitter_strip_game_parody,183
five_of_spades,183
o'neill_cylinder,183
wand_in_head,183
latex_bra,183
aris_(blue_archive)_(cosplay),183
cookbook,183
gigantic_ass,183
single_fishnet_armwear,183
spoken_flower,183
eye_twitch,183
stump_cover,182
sword-swallowing_fellatio,182
cleaning_weapon,182
elbow_on_arm,182
diamond_on_cheek,182
wet_floor_sign,182
bead_curtain,182
in_washing_machine,182
faint_aroma_(e.g.o),182
tadpole_tail,182
object_insertion_from_behind,182
adjusting_shorts,182
ghost_earrings,182
holding_flyer,182
no_penis,182
pottery,182
invisible_table,182
tape_censor,182
two-tone_belt,182
two-tone_bag,182
king_saw,182
honda_civic,182
guardian_chara,182
lace-trimmed_leotard,182
blue_santa_costume,182
fireworks_print,182
hare_hare_yukai,182
aim-9_sidewinder,182
hagun_academy_school_uniform,182
rebecca_sugar_(style),182
bakushin_o_armpit_gif_(meme),182
ginyu_force_pose,182
saigyouji_yuyuko_(cosplay),182
steel_type_theme_(pokemon),182
torn_mask,182
pelican,182
pumpkin_mask,182
shinji_in_a_chair_(meme),181
multiple_forms,181
bent,181
crown_hat_ornament,181
flamel_symbol,181
disappearing,181
mirko_(cosplay),181
mismatched_arm_warmers,181
liquid_weapon,181
steaming_clothes,181
blood_sword,181
mechanical_head,181
human_crutch,181
fiat_500,181
souvenir_doll_(blue_archive),181
carrot_in_pocket,181
dunhuang_style,181
the_moon_(tarot),181
lotus_position,181
l'avenir_academy_school_uniform,181
pregnancy_mark,181
horse_pose,181
type_89_i-gou,181
purah_pad,181
nipples_out_of_frame,181
lariat_(necklace),181
starter_five_(kancolle),181
taxidermy,181
shapes_background,181
cathead,181
mismatched_eyes,181
gold_wrist_cuffs,181
windbreaker,181
me!me!me!_dance_(meme),181
shouryouuma,181
graphia_academy_school_uniform,181
hug_carry,180
leg_bow,180
feather-trimmed_coat,180
ear_focus,180
frilled_bandeau,180
mask_on_hat,180
creature_on_lap,180
whole_note,180
argyle_kimono,180
implied_after_masturbation,180
air-to-air_missile,180
belted_leg_warmers,180
queen_of_hearts_(alice_in_wonderland)_(cosplay),180
undone_ascot,180
st._odessa_girls'_school_uniform,180
landsknecht,180
hat_bobbles,180
nagato_yuki_(cosplay),180
eyestalks,180
genkai_made_pom_pon!!,180
creator_and_creation,180
burning_paper,180
planking,180
box_on_head,180
spoken_www,180
clam_shell_ornament,180
print_tabard,180
hecate's_staff_(fate),180
against_locker,180
sleeve_pull,180
ribbed_pantyhose,179
cold_war,179
aqua-tinted_eyewear,179
implied_cannibalism,179
cargo_net,179
choco_girl,179
dental_gag,179
checkered_cape,179
reverse_penetration,179
aiming_at_another,179
butterfly_on_face,179
mayan_clothes,179
placemat,179
thank_you_chainsaw_man_(meme),179
blue_bloomers,179
tibetan_clothes,179
clay,179
score,179
trailblazer's_hat_(honkai:_star_rail),179
chocolate_milk,179
jagdpanzer_38(t),179
hyacinth,179
mangekyou_sharingan,179
three_of_spades,179
bernese_mountain_dog,179
planted_arrow,179
good_boy_(phrase),179
my_melody_(cosplay),179
statuette,179
black_bodice,179
colt_9mm_smg,179
trimmed_tail,179
crusader_(tank),179
extended_upskirt,179
blood_on_tongue,179
f6_(osomatsu-san),179
o-ring_bra,179
grey_sarong,179
glowing_veins,179
elephant_girl,178
hummingbird,178
opening_another's_clothes,178
fn_fnc,178
studded_hairband,178
chocolate_print,178
flapping_ears,178
recipe,178
hoshino_ruby_dance,178
laddered_thighhighs,178
transparent_hand,178
two-sided_ribbon,178
i_think_we're_gonna_have_to_kill_this_guy_steven_(meme),178
card_holster,178
mixed_martial_arts,178
peas,178
cartoon_wings,178
snowflake_pendant,178
penis_in_unworn_legwear,178
living_armor,178
sliced_meat,178
petal_in_mouth,178
gold_jacket,178
yamato_(battleship),178
asuna_(blue_archive)_(cosplay),178
scarab,178
thigh_cutting,178
eye_drops,178
clasp,178
extra_tongue,178
eyewear_switch,178
pelvic_thrust,178
rabbit_pajamas,178
gurokawa,178
gradient_sarong,178
buried_in_sculpted_sand,178
torn_hakama,178
chinchilla_tail,178
poke_puff,178
spilled_drink,178
goodbye,178
the_monkey_(dance),178
hand_in_pantyhose,178
eevee_tail,178
lock_necklace,178
short_cape,178
asahigaoka_school_uniform,178
striped_haori,178
neck_focus,178
reimu_day,178
ueda_masashi_(style),178
flashlight_beam,177
graph_paper,177
orange_headscarf,177
four_of_hearts,177
double_entendre,177
poland,177
chest_blush,177
print_robe,177
fn_scar_16,177
tap_me_(meme),177
nijihub_(meme),177
shirahana_school_uniform,177
character_single,177
bong,177
ship's_wheel_ornament,177
engineering_department_(blue_archive),177
star_rail_special_pass_(honkai:_star_rail),177
offering_collar,177
dotted_quarter_note,177
hip_gear,177
leaf_on_liquid,177
dinosaur_skeleton,177
osmanthus_blade,177
mikumikudance,177
teto_day,177
myers-briggs_type_indicator,177
futakuchi-onna,177
heart_pin,177
striped_bike_shorts,177
http_404,177
reverse_forced_oral,177
twee_fashion,177
mutsuki_face_(blue_archive),177
basketball_shorts,177
gingerbread_house,177
holding_cube,177
rpk-16,176
triangle-shaped_hair,176
star_block,176
navel_fingering,176
pubic_cutout,176
liquid_from_eyes,176
boston_terrier,176
eye_slugger,176
o-ring_garter_belt,176
8-ball,176
plaid_ascot,176
cross_cutout,176
stone_skirt,176
frilled_armlet,176
plaid_thighhighs,176
kangaroo,176
kokiri_sword,176
totem,176
massage_table,176
bichen_sword,176
winged_hair_tie,176
taped_arms,176
sound_of_a_star_(e.g.o),176
bladed_tonfa,176
latex_hiphighs,176
audio_cable,176
thai_school_uniform,176
spaghetti_and_meatballs,176
shooting_gallery,176
multicolored_gem,176
hasu_no_sora_gym_uniform,176
collarbone_peek,176
yakumo_ran_(cosplay),176
kimisaki_school_uniform,176
bunny_headphones,176
multicolored_border,176
boom_microphone,176
vspo!_showdown,176
prelati's_spellbook,176
tiramisu,176
adzuki_bean,176
loincloth_lift,176
surgery,176
nero_claudius_(bride)_(fate)_(cosplay),176
sega_saturn,176
two-tone_feathers,176
kanji_focus,175
camel_ears,175
soot,175
body_onahole,175
strainer,175
sprite_sheet,175
bandeau_lift,175
geometric_pattern,175
fruit_focus,175
scorecard,175
trinity_general_school_sportswear,175
mfd_threesome,175
wing_earrings,175
sweater_under_dress,175
primrose_field_illusion,175
duck_print,175
loincloth_aside,175
no_fingers,175
platypus,175
flower_swing,175
plaid_sweater_vest,175
kawashiro_nitori_(cosplay),175
dual_sights,175
ame_no_kisaki_academy_school_uniform,175
unworn_sleeves,175
winged_sword,175
asparagus,175
s.m.s.,175
terrarium,175
holding_napkin,175
squash,175
sekibanki_day,175
multicolor-tinted_eyewear,175
after_anilingus,174
crop_top_lift,174
great_trichiliocosm_(e.g.o),174
konohagakure_anbu_uniform,174
pipe_wrench,174
cataracts,174
english_flag,174
chima_(clothes),174
micro_uzi,174
parsee_day,174
reading_together,174
pantyhose_under_buruma,174
kite_flying,174
nintendo_switch_lite,174
seven_of_hearts,174
animal_couple,174
united_nations,174
holding_hands_is_lewd,174
poking_own_breast,174
xiezhi_guan,174
plasma,174
blanket_veil,174
large_feet,174
candy_cigarette,174
in_sack,174
fidget_spinner,174
bakeneko_(mythology),174
frilled_hakama,174
garmentmaker_(honkai:_star_rail),174
lego_minifig,174
slosher_(splatoon),174
rosa_(pokemon)_(cosplay),174
too_many_knives,174
interrogation,174
adapted_hairstyle,174
keikenchi_(style),174
takarazaki_school_uniform,174
zookeeper,174
holding_power_drill,174
s4_uniform,173
snake_armband,173
devil_trigger,173
death_(tarot),173
ikari_shinji_(cosplay),173
x-uniform,173
ah_eto..._bleh_(meme),173
removing_pantyhose,173
goku_and_vegeta_in_the_rain_(meme),173
gold_gauntlets,173
hair_weapon,173
furina_(genshin_impact)_(cosplay),173
imminent_pocky_kiss,173
tragus_piercing,173
hand_size_difference,173
wolf_mask,173
against_pillar,173
plaid_scrunchie,173
falconry,173
shell_(company),173
sonic_the_hedgehog_(cosplay),173
carrot_hamburger_steak,173
tsuka_(handle),173
chuo_academy_school_uniform,173
radio_controller,173
hand_sonic,173
chinese_food,173
hairstyles_of_my_wonderful_wife,173
tempura_costume,173
adjusting_skirt,173
sword_between_thighs,173
buttercup_redraw_challenge_(meme),173
gravure_swimsuit_(idolmaster),173
barioth_(armor),173
camouflage_tank_top,173
grey_facial_hair,173
esp_guitars,173
gourmet_research_society_(blue_archive),173
umesato_middle_school_uniform,173
accessory_tan,173
keisanchuu_new_costume,173
axolotl_girl,173
pendleton_ward_(style),173
three_monkeys,173
string_tie,173
panther_(tank),173
eruption,173
water_drop_hair_ornament,173
distracted,173
inkblot,173
dia_de_muertos,172
psycho_power,172
inverted_cross_necklace,172
time_machine,172
heart_hands_over_eye,172
shaved_body,172
arm_piercing,172
poison_type_theme_(pokemon),172
egosearching,172
mechanical_penis,172
luna_blaster_(splatoon),172
girdle,172
assisted_carrying,172
onion_rings,172
triclops,172
lion_cub,172
mitsuketa_keshiki_tazusaete,172
pink_blanket,172
dog_mask,172
kill_markings,172
weapon_personification,172
paw_print_palms,172
mortar_(weapon),172
holding_detached_hair,172
gynecology_chair,172
mizuno_(brand),172
kei_car,172
floral_print_sarong,172
china_dress_(love_live!),172
b.a.b.e.l._uniform,172
drawn_halo,172
colt_1851_navy,172
canada,172
chocolate_icing,172
seggs_(meme),172
bird_of_paradise_flower,172
hair_on_penis,172
scout_uniform,172
red_lining,172
ta_girls_school_uniform,172
vertical-striped_suit,171
belted_jacket,171
lineart_zoom_layer,171
unzipping_another's_clothes,171
magic_bullet_(e.g.o),171
fiery_clothing,171
slur_(profanity),171
unicycle,171
footjob_under_table,171
nipple_hair,171
peephole,171
wangji_guqin,171
leg_on_another's_shoulder,171
kasane_teto_(cosplay),171
holding_chair,171
blood_on_back,171
yoshi_egg,171
single_slipper,171
cracked_phone,171
happy_white_day,171
dice_necklace,171
purring,171
life_at_the_hakurei_shrine_(touhou),171
overshirt,171
on_banana,171
maruchan_akai_kitsune_udon,171
slapping_with_penis,171
buttjob_under_clothes,171
convenient_breasts,171
minor_arcana_(tarot),171
hezi,171
plaid_pantyhose,171
picture_book,171
cd_walkman,171
holding_together,171
nissin_cup_noodle_seafood,171
fireman's_carry,171
intertwined_fate_(genshin_impact),171
st._hilde_academy_of_magic_uniform,171
multiple-barrel_gun,171
death_flag,171
forced_hug,171
team_31a_(heaven_burns_red),171
gumball_machine,170
massage_chair,170
half_chest_guard,170
aqours_1st_years,170
free_hugs,170
referee,170
accidental_kiss,170
white_gown,170
dao,170
sheathing,170
condom_pull,170
peach_ornament,170
soejima_shigenori_(style),170
grenade_pin_in_mouth,170
skull_ring,170
catwalk_(walkway),170
skirt_in_mouth,170
yotsuboshi_academy_school_uniform,170
katori_squad's_uniform,170
see-through_kimono,170
500_dollar_four_foot_tall_mareep_(meme),170
bf_109,170
umbrella_riding,170
twiddling_fingers,170
makima_(chainsaw_man)_(cosplay),170
numbered_flag,170
bonfire_(dark_souls),170
cabbit,170
landsknecht_hat,170
spoken_scene,170
growing_out_of_body,170
lifted_by_cursor,170
dragon_dildo,170
poodle,170
sparkle_facial_mark,170
pomefiore_dorm_uniform,170
small_hands,170
forced_title_drop,170
awakening_(toaru),170
yakudo_trio,170
stretcher,170
puma_(brand),170
ski_gear,170
capybara_ears,169
syringe_hair_ornament,169
manaita_obi,169
cow_print_hairband,169
shuttlecock,169
shachihoko,169
art_gallery,169
good_girl_(phrase),169
launching,169
holding_blade,169
sode_no_shirayuki_(shikai),169
snowflake_pupils,169
bug_spray,169
super_smash_bros._logo,169
moe_(phrase),169
wedding_cake,169
fbi,169
umapyoi_(phrase),169
pop-up_book,169
candy_gore,169
h&k_mg5,169
riding_vacuum_cleaner,169
zhongguo_hua,169
prattkeeping_(meme),169
platform_truck,169
akabeko,169
renault,169
pumpkin_print,169
wrist_extended,169
yazawa_nico_(cosplay),169
kinniku_buster,169
sheaf,169
metronome,169
tamamo_no_mae_(fate)_(cosplay),169
umbrella_ribbon,169
refrigerator_magnet,169
twitch_username,169
wooden_beam,169
ecstasy,168
penis_on_shoulder,168
shikairo_days,168
lemur,168
butterfly_ring,168
bindle,168
purple_jumpsuit,168
pilot_uniform,168
yukadon_on_viewer,168
removing_thighhigh,168
footstool,168
cum_on_skirt,168
playing_violin,168
multiple_penis_fellatio,168
pussy_grip,168
sports_bra_peek,168
lunar_invader_trio_(touhou),168
snorkel_mask,168
moose_girl,168
enkephalin_(project_moon),168
large_cross,168
flare_gun,168
crumbling,168
dress_straps,168
dragon_on_shoulder,168
eientei,168
crocodile_hair_ornament,168
yellow_light,168
horse_costume,168
animal-themed_umbrella,168
horizontal_navel,168
neck_brace,168
star_map,168
twilight_(spy_x_family)_(cosplay),168
two-tone_bandeau,168
orange_bandeau,168
mold_camelot,168
tail_strap,168
tenjou_utena_(cosplay),168
heraldry,168
fluffy_hands,168
acid,168
heartless_(kingdom_hearts),168
yokohama,168
thorn_print,168
shorts_lift,168
pink_haori,168
candy_jar,168
perfume_(cosmetics),168
pov_adoring,168
seishou_middle_school_uniform,168
top_of_moe_2017,168
frilled_garter_belt,168
cutting_mat,167
impressed,167
circumcision_scar,167
bandage_in_mouth,167
faux_3d,167
neps_badge_(zenless_zone_zero),167
jewelpet_(creature),167
split_head,167
iron_maiden,167
finger_in_own_ear,167
candy_print,167
the_hanged_man_(tarot),167
wada_arco_(style),167
sandstorm,167
samba,167
school_festival,167
cum_on_sheets,167
licking_own_nipple,167
two-tone_leg_warmers,167
feather_fingers,167
playstation_vr,167
moon_gate,167
boko_(girls_und_panzer)_(cosplay),167
blunderbuss,167
open_poke_ball,167
necktie_on_head,167
tears_facial_mark,167
chemicals,167
sekai_wo_kakumei_suru_chikara_wo,167
stylized_blood,167
badminton,167
affirmation,167
tamandua_tail,167
smack,166
stellaron_hunters_(honkai:_star_rail),166
bound_puppy_pose,166
living_shadow,166
flower_anklet,166
hollow_(bleach),166
attempted_suicide,166
the_hermit_(tarot),166
sailor_jacket,166
crimes_against_food,166
double_insertion,166
fairy_(precure),166
the_sun_(tarot),166
balisong,166
fishnet_veil,166
hexagonal_eyewear,166
overeating,166
diasomnia_dorm_uniform,166
cooking_oil,166
conservatory,166
f6f_hellcat,166
shinkansen,166
phalanx_ciws,166
death_momoi_(meme),166
white_fire,166
plaid_pajamas,166
wolf_hat,166
spiked_hat,166
wire_manipulation,166
tanning_oil,166
houkago_climax_girls_(idolmaster),166
self-propelled_artillery,166
standing_in_rain,166
closed_lab_coat,166
spear_of_cassius,166
hunting,166
fairey_swordfish,166
coat_stash,166
taut_shorts,166
gold_crown_academy_school_uniform,166
standing_restraints,166
flame_tattoo,166
holding_harpoon,166
black_swim_trunks,165
thai_clothes,165
crushing_food,165
casting_couch,165
neopet_(creature),165
holding_hourglass,165
navel_stimulation,165
maintenance,165
text_hair_ornament,165
putting_on_jacket,165
sun_wukong_(cosplay),165
horse_anus,165
love_potion,165
double_popsicle,165
heishou_pack-wei_branch_(identity)_(project_moon),165
polish_flag,165
sv-001_(metal_slug),165
spiral_print,165
safety_pin_hair_ornament,165
rabbit_pin,165
pointing_spider-man_(meme),165
wrestling_boots,165
two-tone_sash,165
multicolored_leggings,165
good_morning,165
beaver,165
holding_chaos_emerald,165
itano_circus,165
m16a4,165
1996,165
too_many_lipstick_marks,165
implied_hetero,165
possum_ears,165
cocked_hammer,165
fur_bra,165
kwon_eun-bi_waterbomb_performance_(meme),165
palace_of_dragon_(idolmaster),165
la_squadra_esecuzioni,165
ruan,165
saturn_symbol,165
floating_screen,165
support_ship_(eve_online),165
sailor_mercury_(cosplay),165
gloves_over_bodysuit,165
top_of_moe_2016,165
hide_and_seek,165
finish_line,165
sleeve_pouch,165
brown_poncho,165
bell_bow,165
dachshund,165
massaging_device,165
roman_armor,165
libeccio_(kancolle)_(cosplay),165
heron,165
search_bar,165
twitching_womb,165
hair_tie_on_wrist,165
backdrop,165
red_happi,165
excalibolg,164
sports_bottle,164
finger_to_another's_nose,164
two-tone_suit,164
crotchless_bodysuit,164
wheel_of_dharma,164
unmanned_aerial_vehicle,164
saru_(style),164
yuunagi_middle_school_uniform,164
kissing_leg,164
mechanical_neck,164
five_of_diamonds,164
aerith_gainsborough_(cosplay),164
dial_television,164
licking_thigh,164
photo_bashing,164
unbirthing,164
epee,164
escoffion,164
colored_text_highlight,164
touhou_18th_popularity_poll,164
sushi_geta,164
liquid_dress,164
feast,164
frilled_negligee,164
blu-ray_logo,164
scar_on_sternum,164
on_liquid,164
model_tank,164
colonnade,164
cape_grab,164
pet_bed,164
cat_ear_bikini,164
aqua_armband,164
sheep_hood,164
leotard_tug,164
moth_boy,164
spoken_venus_symbol,164
planted_gun,163
manji,163
tengu_pose,163
crane_print,163
surf,163
hand_over_another's_eyes,163
cookie_cutter,163
yellow_veil,163
h&k_g36c,163
mutilation,163
colt_commando,163
big_onis_of_gensokyo_(touhou),163
laterano_school_uniform,163
nausea,163
stop_(gesture),163
postmark,163
minibike,163
poking_with_penis,163
kakera,163
brown_wrist_cuffs,163
rocket_boots,163
swimsuit_over_clothes,163
bcy_username,163
the_sword_sharpened_with_tears_(e.g.o),163
chocolate_strawberry,163
braided_tail,163
rhinestone,163
yeti_(creature),163
airsoft,163
colored_shoe_interior,163
gothic_princess_(idolmaster),163
black_moon_clan,163
pringle_duck,163
brown_scales,163
smoke_heart,163
tearing_paper,163
string_around_neck,163
wheeled_leg(s),163
volkswagen_type_2,163
monohoshizao_(fate),163
power_armor_(fallout),163
tri_drills,163
himitsucalibur_(fate),163
cosmic_&_funny_(idolmaster),163
red_leather,163
ethyria,163
greece,163
habataki_academy_school_uniform,163
horseback_archery,163
bear_cub,163
betrayal,163
new_balance,163
detached_eyes,163
shun_goku_satsu,163
khan_van,163
licking_another's_hand,163
capricorn_(zodiac),162
external_fuel_tank,162
mika_swiss_roll_(meme),162
neptune_(planet),162
pearl_hairband,162
f-35_lightning_ii,162
top/bottom_dynamic_annotated,162
black_lace_trim,162
m320,162
race_fetishism_parody,162
green_cat,162
philippines,162
musical_note_background,162
kneeling_on_liquid,162
dangling_eye,162
announcement,162
sewing_kit,162
hallucination,162
dalmatian,162
kinktober,162
caladbolg_(fate),162
thumbs_up_emoji,162
wooden_bowl,162
salmon_(fish),162
snowfield_police_uniform,162
saliva_pool,162
star_bit,162
finland,162
ricocheting,162
mat_play,162
wyrm,162
grey_wolf,162
feature_scout_2_(ensemble_stars!),162
luxiem,162
bb_dubai_(fate)_(cosplay),162
riot_police,162
gemini_(zodiac),162
aquarius_(zodiac),162
bonbori_(lighting),162
kamchatka_lily,162
toaster_oven,162
phonecard_(medium),162
stug_iii,162
r-301_carbine,162
riding_roller_coaster,162
themis_legal_academy_school_uniform,162
splash-o-matic_(splatoon),162
fishnet_bridal_gauntlets,162
left-handed_pitcher,161
mp-443_grach,161
aqua_butterfly,161
b-komachi_(new),161
veritas_(blue_archive),161
kitkat,161
heart-shift_bracelets,161
pentagram_necklace,161
figma,161
offering_leash,161
spoken_thumbs_up,161
flower_collar,161
white_armpit_hair,161
wheel_of_fortune_(tarot),161
un_uniform_(muv-luv),161
excavator,161
ma5,161
hylian_(language),161
wheat_print,161
red_pepper,161
aqua_sandals,161
back_slit,161
tail_removed,161
heart_hairband,161
mifune_takashi_(style),161
artoria_pendragon_(lancer)_(fate)_(cosplay),161
tug_of_war,161
slapping_breasts,161
brown_umbrella,161
fish_skeleton_print,161
swedish_text,161
weapon_across_shoulders,161
safeguard_(blame!),161
open_wetsuit,161
miao_clothes,161
painting_toenails,161
actor,161
dive,161
arts_shirt_(fate),161
pinstripe_camisole,161
print_pasties,161
eye_injury,161
multiple_fusions,161
ofuro,161
elcan_scope,161
mane_ax_(deltarune),161
normal_type_theme_(pokemon),161
strawberry_tart,161
komaniya_express_(genshin_impact),161
mouthful_mode,161
vsk-94,161
blue_raincoat,161
cicada_block_(meme),161
slam,161
chevrolet_corvette,161
blue_rose_sword,161
parade,161
love_high_school_uniform,161
switchblade,161
strappado,160
foxtail,160
bow_shorts,160
button_hair_ornament,160
edo_tensei,160
two-sided_horns,160
kosei_high_school_uniform,160
glowing_penis,160
st._bernard,160
nomura_tetsuya_(style),160
infinity_gauntlet,160
hair_bondage,160
amber_(gemstone),160
rocks_glass,160
holding_chisel,160
missing_finger,160
soldering_iron,160
penis_on_cheek,160
ukrainian_clothes,160
starting_gate,160
fishnet_hiphighs,160
froth,160
poke_ball_insertion,160
biting_another's_lip,160
whisking,160
spoken_letter,160
chicken_wing,160
scar_on_ass,160
holding_organ,160
cross_patty,160
feather_print,160
ritual,160
hong_kong,160
balmung_(fate),160
internet,160
mouse_costume,160
misskey.io_username,160
double-sided_polearm,160
holding_mascot_head,160
taguel,160
clippers,160
virtuous_treaty,160
torn_footwear,160
orange_wrist_cuffs,160
chi-hatan_(emblem),160
parrot_boy,160
high_schoolmate_(idolmaster),160
dark_cure_(precure),159
kissing_thigh,159
clutter,159
bird_skull,159
iterator_(rain_world),159
head_on_knee,159
troll,159
playing_chess,159
time_patrol_(dragon_ball),159
lyra_(constellation),159
neapolitan_palette,159
unworn_lanyard,159
oak_cake_roll_(honkai:_star_rail),159
fishnet_dress,159
under_bed,159
chouchin-obake,159
cyberspace,159
newhalf_with_newhalf,159
miko_embrace,159
wet_socks,159
bullying_viewer,159
imminent_orgasm,159
pineapple_on_pizza,159
pharaoh,159
kilt,159
rabbit_head,159
may_(pokemon)_(cosplay),159
bullet_in_mouth,159
blood_censor,159
juuban_elementary_school_uniform,159
dice_earrings,159
muscle_envy,159
finger_to_own_nose,159
capital_ship_(eve_online),159
juuban_high_school_uniform,159
aperture_science_handheld_portal_device,159
pixie_(ff14),159
passport,159
argyle_necktie,159
clone_trooper,159
doukyo's,159
cockatoo,159
northern_ocean_princess_(cosplay),159
burger_malfunction,159
spreading_another's_legs,159
humboldt_penguin,159
saucepan,159
yukkuri_abuse,159
gold_pendant,159
durumagi,159
kokorowatari,159
granulated_sugar,159
armor_under_clothes,159
pk_academy_school_uniform,159
magic_circle_background,158
orbited,158
taskbar,158
stuffed_turtle,158
folded_wings,158
magician's_wand,158
meat_armor,158
water_masturbation,158
heart-shaped_innertube,158
holding_badge,158
chicken_girl,158
desperation,158
okawaii_koto,158
aqua_hanfu,158
dirtbike,158
sea_angel,158
disembodied_torso,158
mawashi,158
hood_over_eyes,158
the_emperor_(tarot),158
momozono_junior_high_school_uniform,158
cheetah,158
as_val,158
wishcore,158
frilled_shrug,158
impersonation,158
striped_border,158
himitsu_no_valentine_daisakusen!_(project_sekai),158
pumpkin_skirt,158
iono_(pokemon)_(cosplay),158
polka_dot_hoodie,158
shorts_rolled_up,158
house_of_cards,158
adjusting_hair_ornament,158
yatagarasu,158
reddit_username,158
testicles_touching,158
magic_carpet,158
holding_own_ears,158
frilled_underwear,158
wisteria_print,158
neptune_symbol,158
type_97_chi-ha,158
zaisu,158
shoe_print,158
water_censor,158
dvd_(object),158
letter_balloon,158
mandalorian_armor,158
pk_machine_gun,158
panty_spread,158
neumann_ku_100,158
brown_bonnet,157
red_bird,157
armadillo,157
iranian_clothes,157
kick_scooter,157
double_footjob,157
leaf_censor,157
padded_jacket,157
insulting_viewer,157
roselia_(bang_dream!),157
montage,157
bench_press,157
boosty_username,157
fingers_between_toes,157
succulent_plant,157
opal_(gemstone),157
oasis,157
orange_mittens,157
rapture_(nikke),157
denial,157
shaman,157
syringe_gun,157
rock_type_theme_(pokemon),157
paru_paru,157
gyaru_w,157
chitin,157
snow_white_(fairy_tale_character)_(cosplay),157
mooning,157
silver_sword_(genshin_impact),157
fuuka_school_uniform_(hara_hara!!),157
galaxy_background,157
muchourin,157
boar_hood,157
pastels,157
howa_type_64,157
miiverse_yeah!_(meme),157
collared_socks,157
spoken_impregnation,157
uva_academy_(emblem),157
flower_wrapper,157
turn_cuff_socks,157
shikoro,157
sjms_school_uniform,157
chinese_hat,157
dragon_(arms),157
negative,156
getting_up,156
claymore_(mine),156
cotton_(plant),156
maximal,156
erection_under_towel,156
snowquill_set_(zelda),156
hollow_mask,156
beaded_penis,156
claw_bra,156
castration,156
holding_tambourine,156
kanagawa_prefecture,156
chaldea_boys_collection,156
yusuf_dikec_(meme),156
papillon_(dog),156
hand_on_own_opposite_hip,156
thumbtack,156
matsu_symbol,156
meltryllis_(fate)_(cosplay),156
da_capo_(e.g.o),156
dimple,156
kuudere,156
eye_in_mouth,156
haigure_pose,156
millennium_ring,156
shimousa_(fate/grand_order),156
jeanne_d'arc_(fate)_(cosplay),156
t-34-85,156
raining_blood,156
scarabia_dorm_uniform,156
barber_pole,156
face_hug,156
dot-matrix,156
sitting_on_hand,156
swept_hilt,156
two-tone_tunic,156
terminator_armor,156
morning_wood,156
blinking_inside_eyes,156
ohananomitsu_middle_school_uniform,156
lightning_bolt-shaped_pupils,155
grills,155
icing_trim,155
white_java_sparrow,155
floating_ribbon,155
twin-lens_reflex_camera,155
beam_gun,155
glider,155
flamberge,155
walnut,155
republic_of_korea_army,155
homeless,155
biting_own_tongue,155
masturbating_while_penetrated,155
+_-,155
stoned,155
green_arm,155
string_in_mouth,155
medicine_box,155
kyoudaidon,155
checkered_shorts,155
butler_bowing,155
two-tone_tube_top,155
natural_sign,155
tan_tan_pou,155
red_pillow,155
twitter_rabbit_ears_(meme),155
commercial,155
offering_hand_to_another,155
ipod_nano_3g,155
long_finger,155
swallowtail_butterfly,155
tentacle_in_ear,155
gloria_(pokemon)_(cosplay),155
gem_(azur_lane),155
poking_penis,155
cat_breakdancing_(meme),155
palm_leaf_fan,155
poet_shirt,155
adrenaline!!!,155
side_horns,155
tractor,155
hakama_pull,155
umbrella_hair_ornament,155
cross_brooch,155
unworn_blazer,155
list,155
sperm_circle_tattoo,154
wheelie,154
glowing_hat,154
partial_transformation,154
icha_icha_(naruto),154
paint_in_hair,154
powdered_sugar,154
morse_code,154
decay,154
fur-trimmed_arm_warmers,154
standing_on_box,154
food_on_penis,154
klee_(genshin_impact)_(cosplay),154
bridal_swimsuit,154
shoe_box,154
shopping_district,154
covering_another's_crotch,154
sensory_deprivation,154
gun_between_breasts,154
broken_vase,154
obelisk,154
plant_boy,154
syringe_holster,154
implied_pornography,154
sybian,154
.52_gal_(splatoon),154
item_(toaru),154
snowdrop_(flower),154
azov_battalion,154
mime,154
fig,154
gunbai,154
nissin_cup_noodle_curry,154
ghost_in_the_shell_lineup,154
sony_mdr-series_headphones,154
yellow_hakama,154
public_morals,154
kiss_from_behind,154
dog_ear_hairband,154
jouin_high_school_uniform,154
box_body,154
paint_on_fingers,154
broken_fence,154
licking_ass,154
grizzly_win_mag,154
hand_tail,154
holding_head_wreath,154
motion_slit,154
hikikomori,154
lantern_earrings,154
colombia_pose_(meme),154
fairy_tale_(love_live!),154
fate_testarossa_(cosplay),154
frilled_hood,153
crackling_energy,153
omegaverse,153
eurodance,153
argentinian_flag_print,153
colt_python,153
garden_chair,153
tamagokake_gohan,153
pyrefly,153
k.o.,153
aramis_high_school_uniform,153
peach_print,153
hugging_with_one_arm,153
mousse_(food),153
golf_course,153
fish_head,153
shirt_over_head,153
mobius_strip,153
you_died,153
misty_(pokemon)_(cosplay),153
hangover,153
striped_wall,153
stadiometer,153
octobrush_(splatoon),153
laurel_tattoo,153
black_chaps,153
calflet,153
international_precure,153
tango,153
gradient_fur,153
holding_dustpan,153
waist_tassel,153
nutcracker,153
himura_kiseki_(style),153
sparse_ass_hair,153
motivator_(meme),153
purple_penis,153
holding_ocarina,153
too_many_chicks,153
kurokw_(style),153
nonstop_nut_november,153
grabbing_another's_wing,152
bevor,152
lemur_tail,152
lemur_ears,152
napkin_holder,152
otomad,152
thousand_yard_stare,152
high-speed_train,152
mephistopheles_(project_moon),152
covering_body,152
uzumaki_symbol,152
hanamaru,152
clothes_on_shoulders,152
grey_nipples,152
tail_around_own_waist,152
lego_brick,152
holding_dog_tags,152
nue,152
puttees,152
tanling_ruqun,152
freudian_slip,152
bokutachi_no_seizon_tousou_(project_sekai),152
padded_cloak,152
polka_dot_gloves,152
cleaning_eyewear,152
head_rub,152
object_in_panties,152
justice_(tarot),152
nekoma_volleyball_uniform,152
detergent,152
bifurcated_jaw,152
tentacle_tongue,152
deep_aqua_mirror,152
tharja_(fire_emblem)_(cosplay),152
karst,152
headphones_for_animal_ears,152
honggaitou,152
shooting_range,152
seven_of_diamonds,152
five_of_clubs,152
bird_hood,152
head_arms,152
dilation_belt,152
monolith_(object),152
browning_m1919,152
chocopuni,152
pop-up_pirate,152
uniform_vest,152
tied_nipples,152
rappelling,152
genjiguruma,152
crab_girl,152
quick_shirt_(fate),152
hero_shot_(splatoon_1),152
bangs_blown_up,152
escape_room,152
running_on_liquid,152
playboy_bunny_vest,151
typhoon_(kamen_rider),151
touhou_22nd_popularity_poll,151
orihime_(tanabata)_(cosplay),151
clitoris_peek,151
object_belt,151
wavy_background,151
water_elemental,151
plant_print,151
hair_dye,151
externally_piloted_mecha,151
first_class_mage_uniform,151
bamboo_leaf,151
planted_axe,151
evidence_board,151
holding_ski_pole,151
camera_feed,151
glowing_liquid,151
fire_hair_ornament,151
unworn_bracelet,151
character_cookie,151
holding_digimon,151
bite_mark_on_chest,151
yubi_yubi_(inugami_korone),151
shi_association_south_(identity)_(project_moon),151
fed_by_viewer,151
gem-studded_nails,151
kanazawa_(city),151
grey-tinted_eyewear,151
hair_in_another's_mouth,151
sea_monster,151
penis_chart,151
lapwing_face_tracking_redraws,151
upright_ahoge,151
drinking_from_condom,151
proboscis,151
tickling_navel,151
american_flag_tattoo,151
morichika_rinnosuke_(cosplay),151
goslingposting_(meme),151
de_lisle_carbine,151
ball_pit,151
bibi_(love_live!),151
denim_bikini,151
plaid_armband,151
armored_collar,151
feathered_dinosaur,151
woven_hatching,151
foam_mustache,151
armband_grab,151
hair_net,151
trainer_wants_to_battle,151
polka_dot_footwear,151
sailor_moon_narikiri_bra_set,151
mechanical_hips,151
holding_record,151
multicolored_shrug,150
giorno_giovanna's_pose,150
pitcher_plant,150
duffel_jacket,150
mega_evolution,150
chugging,150
tears_of_the_tarnished_blood_(e.g.o),150
lay's_(potato_chips),150
taped_note,150
sentry,150
deku's_photos_leak,150
apu_spills_his_tendies_(meme),150
penguin_ornament,150
disassembly,150
clitoris_bar,150
firework_background,150
instrument_on_back,150
purple_headscarf,150
standing_on_swing,150
sarcophagus,150
submission,150
utx_school_uniform,150
print_one-piece_swimsuit,150
erection_in_panties,150
little_devil_(love_live!),150
candy_corn,150
measuring_stick,150
in_hourglass,150
yellow_pansy,150
hockey_stick,150
eight_of_hearts,150
bean_sprout,150
gacha_suffering,150
from_hat_trick,150
shiny_leotard,150
aries_(zodiac),150
individuals_(idolmaster),150
relief_(expression),150
test_card,150
beast_ball,150
jikan_sokougun,150
foot_on_weapon,150
caved_(touhou),150
lasgun,150
cradle,150
gingerbread_cookie,150
sardegna_empire_(emblem),150
overwatch_logo,150
partial_bodysuit,150
holohoneygaoka_high_school_uniform,150
donut_print,150
american_flag_skirt,150
suiten_nikkou_amaterasu_yanoshisu_ishi,150
floating_paper,149
penis_face,149
mosaic_pattern,149
nipple_injection,149
candle_on_head,149
nationale_volksarmee,149
self-pornography,149
hands_on_another's_thigh,149
bascinet,149
energy_(pokemon_tcg),149
the_hierophant_(tarot),149
unworn_leotard,149
kasugayama_high_school_uniform,149
heart-shaped_bandaid,149
tied_to_stake,149
remote_control_vehicle,149
shot_down,149
perching,149
panty_roll,149
stuffed_food,149
snagharpoon_(e.g.o),149
foot_on_another's_back,149
eremite_(faction),149
pinstripe_shorts,149
arms_around_self,149
yellow_dog,149
glowing_arrow,149
eye_glitter,149
inconvenient_tail,149
horn_speaker,149
print_leggings,149
sports_court,149
caduceus,149
slingback_heels,149
namusanbou,149
missile_trail,149
eye_chart,149
fliegerhammer,149
bugle,149
beyond_the_bluesky_(idolmaster),149
dogwood_(flower),149
tail_fondling,149
scruffing,149
armbar,149
pocky_strawberry,149
head_tail,148
orange_hanfu,148
implied_footjob,148
red_cross_armband,148
sennin_mode,148
aquarium_tunnel,148
latex_thigh_boots,148
merchant,148
australia,148
animal_earmuffs,148
magitek_armor,148
cooperative_nipple_licking,148
ags_(last_origin),148
windows_logo,148
medici_collar,148
exploration_team_badge,148
chrysos_heirs_school_uniform,148
cross-laced_armwear,148
game_show,148
everlasting_(e.g.o),148
mechanical_foot,148
acrobatics,148
k_corp._(identity)_(project_moon),148
level_up,148
ratline,148
side_handle_teapot,148
butterfly_on_shoulder,148
filler_text,148
aura_sphere_(pokemon),148
plaque,148
shibafu_(glock23)_(style),148
battlesuit,148
bugles_(food),148
eyes_of_horus_(warhammer_40k),148
mindflayer,148
ladder_slit,148
single_greave,148
engraved,148
quarian,148
ice_shaver,148
multiple_anklets,148
battroid,148
table_of_contents,148
nimono,148
anmitsu_(dessert),148
smithing,148
fur_shirt,148
joui,148
beagle,148
vital_sunflower_(idolmaster),148
otonokizaka_track_jacket,147
good_morning_my_brother!_(meme),147
cherry_print_panties,147
h&k_mark_23,147
camel_girl,147
slip-on_shoes,147
implied_bondage,147
gag_chinstrap,147
reaction_inset,147
wiggling,147
dead_plants,147
1997,147
anteater,147
cat_symbol,147
fai_chun,147
hand_in_another's_pocket,147
nyan_nyan_nyan_fair_in_gamers,147
bound_wings,147
single_mechanical_glove,147
foot_against_wall,147
orange_shawl,147
moose,147
outfit_connection,147
flower-shaped_eyewear,147
ofuda_on_leg,147
mamimi_(mamamimi)_(style),147
interface_censor,147
seppuku,147
uterus_pose,147
remilia_day,147
gunlance,147
shared_sense,147
smile_(e.g.o),147
digimon_day,147
crayfish,147
scathach_(fate)_(cosplay),147
immersed,147
bending_backward,147
mistsplitter_reforged_(genshin_impact),147
ox_guard,147
zanscare,147
wet_bra,147
scratching_stomach,147
siddham,147
union_jack_bikini,147
northern_parliament_(emblem),147
clitoris_chain,147
stuffed_squid,147
cancer_(zodiac),147
e-liter_3k_(splatoon),147
large_shoes,147
horn_(e.g.o),147
strength_(tarot),147
weasel_boy,147
serendia_academy_school_uniform,147
pushing_cart,147
hachimitsu_academy_school_uniform,147
thunderseal,147
reverse_forced_cunnilingus,147
renaissance_clothes,147
matchlock,146
lofter_logo,146
saddlebags,146
artillery_shell,146
holding_halo,146
yellow_rope,146
tweedia,146
watching_movie,146
ducati,146
clock_necklace,146
breast_massage,146
argyle_vest,146
ibaraki_kasen_(cosplay),146
layered_capelet,146
lacrosse_stick,146
licking_dildo,146
ipod_ad,146
cross_punisher,146
penis_hug,146
contact_lens,146
half-split_chopsticks,146
pierced_hat,146
slicing,146
cure_black_pose,146
panorama,146
seven_of_clubs,146
no_toes,146
holding_curling_iron,146
print_cloak,146
holding_flame,146
pillow_bite,146
guilty_gear_strive_x_tower_records,146
desert_tech_mdr,146
burning_vehicle,146
moriya_suwako_(cosplay),146
two-tone_pajamas,146
single_blank_eye,146
wotagei,146
dragonfly_hair_ornament,146
shepherd,145
sword_in_mouth,145
mackerel_(fish),145
thatched_roof,145
fur_hairband,145
catcher_stance,145
takeoff,145
orange_light,145
firefly_(honkai:_star_rail)_(cosplay),145
flower_in_drink,145
kokona's_stamp_(blue_archive),145
monitor_head,145
bowgun,145
lying_upside-down,145
block_(mario),145
mucus,145
cat_necklace,145
usui_yoshito_(style),145
excalibur_galatine_(fate),145
egg_carton,145
forehead_blush,145
leaf_bra,145
crane_stance,145
wings_through_clothes,145
mossberg_590,145
schale_logo,145
two_of_clubs,145
shamrock,145
green_leggings,145
folded_chair,145
ground_type_theme_(pokemon),145
joint_lock,145
guzheng,145
blood_from_neck,145
subaru_impreza,145
9a-91,145
cbt_press,145
narwhal,145
barnacle,145
beak_hold,145
devil_fruit,145
angel's_swimsuit_(idolmaster),145
ototachibana_academy_school_uniform,145
shirakami_fubuki_(cosplay),145
augma,145
pudding_a_la_mode,145
dutch_flag,145
puka_puka,145
holding_vacuum_cleaner,145
ke-ta_(style),145
open_window_shutter,144
turtleneck_capelet,144
myouren_temple,144
genderswap_aware,144
brown_bird,144
bowling_alley,144
static_electricity,144
camera_pov,144
lopunny_(cosplay),144
character_memorial,144
mini_party_hat,144
leather_collar,144
white_visor_cap,144
jack_the_ripper_(fate/apocrypha)_(cosplay),144
ragequit,144
multicolored_choker,144
logo_hair_ornament,144
waveform,144
skinsuit,144
shaving_another,144
sawed-off_shotgun,144
skull-shaped_pupils,144
dynamax_ball,144
transform_(pokemon),144
vibrator_bulge,144
in_cauldron,144
babydoll_hold,144
kimoi_girls_(meme),144
unbuttoned_dress,144
signal_bar,144
ship_in_a_bottle,144
red_sheet_(e.g.o),144
horikoshi_kouhei_(style),144
battle_chatelaine,144
naked_poncho,144
chin_guard,144
number_candle,144
musketeer,144
green_leaf,144
lace-up_thighhighs,144
pom_pom_drawstring,144
tentacle_between_breasts,144
himematsu_school_uniform,144
nontraditional_poke_ball,143
wild_hunt_academy_of_arts_logo,143
white_bodystocking,143
grey_bandeau,143
glowing_windows,143
orca_boy,143
print_dickey,143
b&t_mp9,143
o-ring_suspenders,143
wet_lens,143
money_fan,143
frogging,143
pilder,143
rococo_movement,143
gas_pump,143
flying_animal,143
ganbaruzoi,143
presenting_penis,143
spade_facial_mark,143
assisted_paizuri,143
blitzball,143
track_marks,143
cubism,143
fujin_yumi_(fire_emblem),143
holding_cloak,143
kissing_breast,143
print_background,143
urethral_fingering,143
nahui_mictlan_(fate/grand_order),143
hand_wave,143
heart_ribbon,143
chase_my_ideal_idol!_(project_sekai),143
shining_needle_castle,143
potato_wedges,143
pointing_at_mouth,143
t.t._star_(nikke),143
blanket_grab,143
bomb_item_(touhou),143
dock_(tail),143
extreme_engrish,143
coordinated_clothes_writing,143
stethoscope_between_breasts,143
black_tailcoat,143
asanagi_(style),143
phantometal_(paradox_live),143
stuffed_reindeer,143
character_ball,143
banjo,143
burst_bomb_(splatoon),143
holding_ear,143
glorious_azure_costume_(umamusume),143
aedd_(e.g.o),143
cum_in_eye,143
yokosuka_girls_marine_high_school_swimsuit,143
spiral_power,143
alfa_romeo,142
feathered_cape,142
laser_cannon,142
pool_party_(league),142
dazzle_paint,142
good_couple_day,142
back_pain,142
decadriver,142
character_chart,142
ironmouse_outfit_art_contest,142
tomato_mask,142
spade_vine_tattoo,142
neck_tuft,142
starfish_bikini,142
attitude_derriere,142
spiky_speech_bubble,142
dragon_fruit,142
pandemonium_society_(blue_archive),142
chijo,142
tumbler_glass,142
rubbing_nose,142
stuffed_monkey,142
triangular_anus,142
multiple_costumes,142
marnie_(pokemon)_(cosplay),142
holding_cushion,142
arms_on_another's_shoulder,142
nuka-cola,142
in-ear_earphones,142
form_change,142
wringing,142
primrose_(flower),142
grey_headscarf,142
red_button,142
gilgamesh_(fate)_(cosplay),142
fn_f2000,142
nissan_gt-r,142
nikke's_shooting_pose_(meme),142
space_sword,142
character_costume,142
frolicking_fairies_of_gensokyo_(touhou),142
unworn_ring,142
floral_print_pants,142
latex_shorts,142
playstation_symbols,142
tabasco,142
facejob,142
blood_in_water,142
green_highlights,142
photo_booth,142
recorder_case,142
double_soul_(mega_man),142
takahashi_rumiko_(style),142
boyfriend's_shirt_(tokimeki_no_mirai_chizu),142
lime_hair_ornament,142
seio_girls'_academy_school_uniform,142
rabbit_brooch,142
fu_manchu_(mustache),142
headbanging,142
gamer_driver,142
it's_just_not_right!,142
motorized_unicycle,142
artoria_pendragon_(swimsuit_ruler)_(fate)_(cosplay),142
ibispaint,142
fur_dress,142
spinning_bird_kick,142
yule_log_(cake),142
kawakami_academy_school_uniform,142
dark_matter_(kakine_teitoku),142
shuriken_print,142
tipsy,142
ganbare!_nakamura-kun!!_cover_parody,141
twins_at_the_carousel_(meme),141
fairy_tail_logo,141
ddd_threesome,141
stitched_forehead,141
eyed_tentacle,141
amazake_(drink),141
tree_costume,141
water_cooler,141
polka_dot_hat,141
fur-trimmed_wrist_cuffs,141
sequential_piercings,141
assisted_peeing,141
rectangular_eyes,141
myoukou_pose_(meme),141
cropped_wetsuit,141
heart_hands_trio,141
padded_walls,141
stadium_lights,141
print_sports_bra,141
social_media_composition,141
kongou_pose,141
teddy_(lingerie),141
green_raincoat,141
arcle_(kuuga),141
mammoth,141
qingming_sword,141
tsuki_ga_kirei_desu_ne_(phrase),141
bait,141
mixed_limbs,141
magpie,141
wii_u,141
pirelli,141
dorothea_arnault_(cosplay),141
luminous_(madoka_magica),141
libra_(zodiac),141
ceremonial_sword_(manosaba),141
cheese_wheel,141
kazusa_(blue_archive)_(cosplay),141
fur-trimmed_poncho,141
mitsubishi_lancer_evolution,141
centurion_(tank),141
priest_(dq3)_(cosplay),141
cz_scorpion_evo_3,141
black_armlet,141
kwon_eun-bi_(cosplay),141
celestica_flute,141
bandaid_on_eye,141
crab_hair_ornament,141
yoba_academy_school_uniform,141
telepathy,141
tsum-tsum,141
kirino_ranmaru_(mixi_max_jeanne_d'arc),141
aqua_scales,140
leather_bag,140
tactical_swimsuit,140
uranus_(planet),140
warrior_(dq3)_(cosplay),140
rugby_ball,140
crimson_moon's_semblance_(genshin_impact),140
fur-trimmed_shawl,140
matching_accessory,140
cow_print_shrug,140
sleeves_tied_together,140
wisdom_cube_(azur_lane),140
telepole_(e.g.o),140
the_chariot_(tarot),140
amano_yoshitaka_(style),140
garrote,140
idle_animation,140
money_between_breasts,140
phone_light,140
holding_pants,140
torn_veil,140
ice_crown_(adventure_time),140
saber_alter_(swimsuit_rider)_(second_ascension)_(cosplay),140
too_much_fluff,140
beyblade_(object),140
fungi,140
choker_pull,140
underwater_city,140
droneboat_(eve_online),140
leo_(zodiac),140
rock_garden,140
dirty_footwear,140
granblue_fantasy_(style),140
hostage,140
yiga_clan,140
barricade,140
on_train,140
paper_balloon,140
holding_hoe,140
lamp_(e.g.o),140
holding_business_card,140
holding_pitcher,140
dead_heat_summer_race!,140
strapless_romper,140
heineken,140
seyana_(meme),140
hair_around_horn,140
hand_on_another's_nape,140
denim_shirt,140
old-fashioned_donut,140
blueberry_hair_ornament,140
cum_on_mask,140
ratite,140
fansub,140
caressing_cheek,140
m1_abrams,140
fourth_position_of_the_arms,139
power_cord,139
wooden_porch,139
sideless_swimsuit,139
ceremonial_blade_(honkai:_star_rail),139
lower_lip_only,139
rabbit_youkai_group_(touhou),139
snare_drum,139
heart_bra,139
clear_insertion,139
video_game_case,139
f-4_phantom_ii,139
gear_hat_ornament,139
great_rune_(elden_ring),139
team_rainbow_rocket,139
poking_nose,139
nectar,139
hay_fever,139
blowing_nose,139
cuckoo_clock,139
boho-chic,139
good_thighhighs_day,139
gradient_outline,139
orange-shaped_earrings,139
removing_helmet,139
hentai_foundry_username,139
fringe-trimmed_cape,139
harley_quinn_(cosplay),139
tied_skirt,139
doll_house,139
rotisserie,139
stocking_(psg)_(cosplay),139
pikachu_costume,139
uranus_symbol,139
bobbles,139
nah_i'd_win_(meme),139
canned_fish,139
arm_freckles,139
mirror_image,139
arthropod_tail,139
train_attendant,139
fairy_sword_arondight,139
donburi,139
checkered_footwear,139
oak_leaf,139
clip_(weapon),139
bell_pepper_slice,139
rice_planting,139
metabole_piglets,139
lce_(identity)_(project_moon),139
takamachi_nanoha_(cosplay),139
venus_bikini,139
throwing_food,139
engineer,139
chupacabra,139
nagashi_soumen,139
dried_blood,139
azure_(armor),139
strip_mahjong,139
pkp_pecheneg,139
brynhild_romantia,139
defensive_wall,139
orange_car,139
tiger_tattoo,139
haraegushi,139
kanohi_(bionicle),139
leaf_belt,138
advent_deck,138
scoundrel_team_(len'en),138
crooked_teeth,138
w_over_head,138
imminent_peeing,138
mismatched_pasties,138
whirlpool,138
insect_pin,138
minus_sign,138
syngup!_(idolmaster),138
implied_self-harm,138
oh?_you're_approaching_me?_(meme),138
celestella_unison_(idolmaster),138
clown_makeup,138
burning_as_one_(umamusume),138
candle_no_kaori_wa_omoide_to_tomo_ni_(project_sekai),138
sisterhood_(blue_archive),138
checkered_tank_top,138
ink_stain,138
beluga_whale,138
sumeru_rose_(genshin_impact),138
nevermore_academy_school_uniform,138
armet,138
compass_uniform,138
chimerism,138
airplane_hair_ornament,138
sad_cat_dance_(meme),138
cover_them_up_slut_(meme),138
imminent_wardrobe_malfunction,138
slasher_route_(hundred_line),138
hollyhock,138
shigure_(kancolle)_(cosplay),138
elizabeth_bathory_(brave)_(fate)_(cosplay),138
holoro,138
dragon_boat_festival,138
running_blades,138
space_marine,138
black_changpao,138
kraken,138
two-tone_apron,138
uh-60_blackhawk,138
reflective_weapon,138
stargazy_pie,138
furaffinity_username,138
yamaboshi_private_high_school_uniform,138
agni_gandiva,138
monkey_d._luffy_(cosplay),138
implied_after_fight,137
red_facial_hair,137
kanji_tattoo,137
fullbottle,137
affection_meter,137
huge_ears,137
station_wagon,137
hand_saw,137
standing_on_branch,137
grabbing_tentacle,137
bubble_print,137
harpoon_gun,137
white_bathrobe,137
the_world_(tarot),137
bond_level_(fate/grand_order),137
yellow_buruma,137
thumb_hole_sleeves,137
clutching_clothes,137
glowing_mushroom,137
mixer_(cooking),137
frilled_bodysuit,137
ordinal_scale_uniform_(sao),137
rockabilly,137
imminent_masturbation,137
second_wangan_school_uniform,137
pisces_(zodiac),137
cappuccino,137
axis_(gundam),137
paw_ornament,137
juice_carton,137
multicolored_bandeau,137
robot_cat,137
scar_on_ear,137
foot_on_table,137
null_bulge,137
canari_plush_(pokemon),137
bird_on_leg,137
writing_on_ass,137
eye_pov,137
snake_costume,137
purple_track_suit,137
cats_love_being_spanked,137
blur_layer,137
keshin_(inazuma_eleven),137
people's_liberation_army_air_force,137
char_aznable_(cosplay),137
alternate_wing_color,137
mismatched_armpit_hair,137
compilation,137
f-16_fighting_falcon,137
trap_door,137
bad_singing,137
huge_hair_bun,137
revice_driver,137
colophon,137
ugg_boots,137
team_aqua_uniform,137
dearly_stars_(idolmaster),137
hat_chain,137
undone_duijin,137
splattershot_pro_(splatoon),137
parchment,136
iwagakure_symbol,136
sword_fight,136
rawst_berry,136
vertical_anus,136
moon_reflection,136
musical_note_necklace,136
reverse_amazon_position,136
illyasviel_von_einzbern_(beast_style)_(cosplay),136
orange_leg_warmers,136
resisting,136
disappearance_outline,136
open_car_hood,136
heartbreak_(futsuu_no_keion-bu),136
panther_print,136
panties_under_leotard,136
kintsugi,136
american_flag_background,136
double_inward_v,136
sua_(alien_stage)_(cosplay),136
yukimi_daifuku_(food),136
natsuki_subaru_(cosplay),136
judgement_(tarot),136
octopus_tattoo,136
kuja_pirates_jolly_roger,136
linked_gag,136
personality_excrement,136
triple_bun,136
open_can,136
strawberry_pop_moon_(idolmaster),136
six_of_hearts,136
frilled_chemise,136
grater,136
carrot_on_stick,136
chain_blades,136
cow_skull,136
1995,136
turtleneck_bikini_top,136
grey_bandana,136
sleeping_with_eyes_open,136
radio_booth,136
foaming_waves,136
sweet_pea,136
black_culottes,136
four-leaf_clover_necklace,136
namori_(style),136
pipe_bomb,136
yellow_bloomers,136
alphabet,136
robot_sex,136
sherlock_holmes_(cosplay),136
carro_armato_p40,136
gazelle_tail,136
chocolate_clothes,136
the_north_face,136
instruction_manual,136
taurus_(zodiac),136
area_15,136
silver_thighlet,136
crown_hat,136
srw_battle_screen,136
sakana~_(meme),136
white_garter,136
misono_gakuen_school_uniform,136
servant_summer_festival!_2018,136
nantaimori,136
glitch_censor,136
frilled_robe,136
umpire,136
masturbation_day,136
nymph,136
skinned,136
chajinbou,136
bite_mark_on_stomach,135
pointy_chin,135
raised_curb,135
mogeko_(species),135
horned_tiara,135
shroud_of_martin,135
dazzling_pearl_(nikke),135
norway,135
thunder_stone,135
locked_legs,135
achilles_tendon,135
sukiyaki,135
bouquet_toss,135
tomoeda_high_school_uniform,135
egret_orchid,135
foil,135
argyle_pants,135
spider_gag,135
blue_string,135
straight_razor,135
lambda_symbol,135
relax_teatime_(project_sekai),135
umamusume_tanuki,135
bad_math,135
shared_veil,135
horn_cover,135
bat_necklace,135
ufo_hair_ornament,135
in_trunk,135
contract,135
canon_(company),135
sulong_form,135
road_bicycle,135
animal_pussy,135
honda_nsx,135
panties_under_swimsuit,135
chesto_(phrase),135
aks-74,135
faewish_sprite,135
cherry_hat_ornament,135
nerd_emoji,135
constellation_hair_ornament,135
sagittarius_(zodiac),135
doting_parent,135
aspear_berry,135
cinder_block,135
goggles_around_breasts,135
panties_around_one_finger,135
umbrella_bow,135
shiranui_kensetsu,135
siegrunen,135
5th_live_tour_~4pair_power_spread!!!!~,135
liquid_gold,135
tomato_costume,135
prince_albert,135
moon_ball,135
maruchan_midori_no_tanuki_tensoba,135
book_strap,134
disembodied_arm,134
orange_tube_top,134
layered_ascot,134
bone_armor,134
sword_to_throat,134
quad_hair_rings,134
finger_puppet,134
gas_pump_nozzle,134
saliva_on_hand,134
mochi_mochi_dance,134
wedding_suit,134
blowing_candle,134
decoden,134
after_birth,134
glass_shard,134
adjusting_earrings,134
volume_symbol,134
face_squeeze,134
crime_scene,134
yellow_eyeliner,134
ribbon_of_saint_george,134
a-line_dress,134
grabbing_own_tail,134
single_bracelet,134
bubble_filter,134
ribbed_hat,134
spring_onion_hair_ornament,134
mute,134
acorn_pendant,134
inner_ego,134
four_of_diamonds,134
hello_happy_world!,134
english_bond,134
purple_moon,134
they're_not_panties,134
sword_cane,134
detached_ears,134
grape_vine,134
death_guard,134
disco,134
fingers_to_cheek,134
toyota_86,134
people's_liberation_army_ground_force,134
impossible_storage,134
fantia_username,134
water_dress,134
energy_bullet,134
bulge_peek,134
donut_stamp,134
flamestrider_(genshin_impact),134
apollo_chocolate,134
fukujinzuke,134
donkey_girl,134
bandaid_on_wrist,134
perversion_of_games,134
looking_for_glasses,134
alto_saxophone,134
pi_(math),134
snake_box_sneak,134
tetromino,134
gun_in_own_mouth,134
soumen,134
hiccup,134
snowman_print,134
cropped_rash_guard,134
cradling,134
black_petals,134
curtain_call_challenge_(meme),134
reflective_eyewear,134
yellow_tang,133
holding_clock,133
stitched_tongue,133
flight_stick,133
tennis_dress,133
recruitment_bag_(arknights),133
scrotum_piercing,133
eotech_exps3,133
rabbit_balloon,133
aston_martin,133
rare_candy,133
frilled_bustier,133
blue_flag,133
implied_vaginal,133
competitive_sex,133
materializing,133
penguin_earrings,133
town_square,133
vergil's_chair_(meme),133
69_(meme),133
red_panda_boy,133
hipster,133
garnet_til_alexandros_xvii_(cosplay),133
lynx,133
tracen_ondo_outfit_(umamusume),133
rakuyo_high_school_uniform,133
budgerigar_(bird),133
okapi_ears,133
wing_flapping,133
holding_kickboard,133
horse_head,133
rolled-up_newspaper,133
clothes_blanket,133
power_ring_(green_lantern),133
hand_under_dress,133
torn_bandages,133
zooming_out,133
simple_bat,133
surrounded_by_feet,133
courtyard,133
the_devil_(tarot),133
spoken_paw_print,133
ice_block,133
charro,133
tokoyami_towa_(cosplay),133
anon_tokyo_(bang_dream!),133
oyama_mahiro_(cosplay),133
head_flag,133
cake-shaped_hat,133
scorpio_(zodiac),133
butterfly_in_eye,133
wireframe,133
pussy_squeeze,133
studded_thigh_strap,133
heart_border,133
villain_pose,133
jonathan_joestar's_pose,133
holding_net,133
orel_cruise,133
webclap,133
fish_grill,133
zashiki-warashi,133
ilya_kuvshinov_(style),133
robbery,132
heart_bikini,132
mask_on_belt,132
clock_print,132
tail_on_face,132
hokage,132
reversi,132
sashimono,132
holding_trombone,132
heart-shaped_blush_stickers,132
planetarium,132
transparent_weapon,132
green_pussy,132
round_shield,132
mazepynka,132
looking_at_doll,132
broken_statue,132
fundoshi_pull,132
staff_of_the_scarlet_sands_(genshin_impact),132
broken_bone,132
princess_rosa_costume,132
pie_chart,132
vehicle_chase,132
stechkin_aps,132
hacking,132
too_many_dolls,132
trad_goth,132
alternate_horns,132
licking_paw,132
omanko_mark,132
holding_sarong,132
whammy_bar,132
maze,132
misaka_mikoto_(cosplay),132
cum_on_lips,132
dappled_moonlight,132
beer_crate,132
black_chastity_cage,132
sucking_both_nipples,132
introduction,132
through_mirror,132
fish_earrings,132
gari_gari-kun,132
animal_realm_yakuza_(touhou),132
gold_pasties,132
virgo_(zodiac),132
military_police,132
presenting_tanlines,132
power_tool,132
kirima_syaro_(cosplay),132
toothbrush_mustache,132
military_lolita,132
body_soaping,132
tracen_ondo_(song),132
cometik_(idolmaster),132
medusa_(rider)_(fate)_(cosplay),132
kirigami,132
nurse_joy_(cosplay),132
waving_flag,132
arima_kinen,132
gopnik,132
discord_username,132
para_para,132
hand_towel,132
hand_in_another's_pants,132
d.va_(overwatch)_(cosplay),132
rafflesia_(flower),132
presentation,132
clear_card,132
noble_heart_(grimms_notes),132
foot_hair,132
tsukkomi,132
torn_curtains,132
partially_opaque_sunglasses,132
american_flag_print_panties,131
114514_(meme),131
grid_border,131
pants_around_ankles,131
heishou_pack-wu_branch_(identity)_(project_moon),131
jagarico,131
jeanne_d'arc_alter_(fate)_(cosplay),131
metal_band_text,131
cross_in_eye,131
liquid_wings,131
planted_shovel,131
hand_on_book,131
eyepatch_pull,131
zawa_(onomatopoeia),131
inconvenient_ass,131
gold_ship_(umamusume)_(cosplay),131
sunna_(zenless_zone_zero)_(cosplay),131
drive-thru,131
mask_bikini,131
humvee,131
knolling,131
chocolate_fountain,131
nightborne_(warcraft),131
gladius,131
tail_pussy,131
eel_girl,131
night_clothes,131
sailor_venus_(cosplay),131
terada_tera_(style),131
server,131
eyewear_pull,131
hairline,131
pyra_(xenoblade)_(cosplay),131
crescent_tattoo,131
babyls_school_uniform,131
nambu_pistol,131
microphone_cord,131
lunging,131
vichya_dominion_(emblem),131
wandenreich,131
delorean,131
unequal_popsicle_division,131
world_map,131
cutting_clothes,131
egypt,130
borzoi,130
holding_acorn,130
momotalk_(blue_archive),130
selfcest_without_self,130
polish_text,130
marquee_lights,130
frilled_bloomers,130
shared_jacket,130
hood_pull,130
nipple_object_insertion,130
kissing_eye,130
ribbon-trimmed_bloomers,130
tilted_border,130
hev_suit,130
cartoon_logic,130
deer_skull,130
holding_crutch,130
guided_hand_on_cheek,130
stack_bond,130
asymmetrical_bikini,130
upright_69,130
harpe_(fate/grand_order),130
mazda_mx-5_na,130
vitiligo,130
g'ie_(hundred_line),130
plaid_sweater,130
spin-spin_(site),130
night_raven_college_ceremonial_robes,130
ursa_minor_(constellation),130
nipple_stimulation_through_clothes,130
oval,130
offering_food,130
candy_store,130
hilda_(pokemon)_(cosplay),130
meme_combination,130
happuri,130
observatory,130
brazier,130
improvised_vase,130
tyrfing_(fire_emblem),130
grey_male_swimwear,130
leaf_pile,130
taoism,130
fishnet_bra,130
golden_deer_(fire_emblem),130
shared_improvised_umbrella,130
eye_poke,130
yjsnpi_interview_(meme),130
ultimate_madoka_(cosplay),130
colored_cum,130
hand_on_own_back,130
aimpoint,130
lunch,130
cross-laced_panties,130
marmyadose_(fate),130
yamamura_sadako_(cosplay),130
kaga_(kancolle)_(cosplay),130
boardwalk,130
smog,130
vermilion_city_school_uniform,130
dio_brando's_pose,130
hand_on_another's_hat,130
happy_meal,130
elbow_gauntlets,130
obon,130
tape_recorder,129
orchestra,129
spider_web_hair_ornament,129
cumdrip_through_panties,129
checkered_print,129
startorch_academy_school_uniform,129
towel_slip,129
melting_eyes,129
yacht,129
electric_eyes,129
chastity_bra,129
lucina_(fire_emblem)_(cosplay),129
spider_web_pattern,129
allergy,129
fell_bullet_(e.g.o),129
mizi_(alien_stage)_(cosplay),129
lorem_ipsum,129
yoru_(sword),129
queen_of_diamonds,129
sothis_(fire_emblem)_(cosplay),129
solar_term,129
dodgeball_(sport),129
type_99_cannon,129
anomalocaris,129
kagemitsu_g4,129
dorothea_arnault_(plegian)_(cosplay),129
cow_print_apron,129
thailand,129
cutesexyrobutts_(style),129
millennium_necklace,129
arquebus,129
carat_(umamusume),129
vivosaur,129
friendship_club_(princess_connect!),129
food_dildo,129
forge,129
brown_hanfu,129
fur-trimmed_hoodie,129
wii_u_gamepad,129
stilts,129
browning_hi-power,129
star_harmony_academy_school_uniform,129
multiple_wristbands,129
fruit_on_liquid,129
the_children_(zettai_karen_children),129
usb_cable,129
gift_between_breasts,129
red_thong,129
two-tone_helmet,128
team_plasma_uniform,128
forehead_ui,128
rabbit_tattoo,128
cruise_ship,128
medium_sidelocks,128
glove_ribbon,128
ottoman_(furniture),128
red_swim_trunks,128
lifting_object,128
marciana_(nikke)_(cosplay),128
hand_wings,128
purple_claws,128
character_doll_in_itabag,128
body_bag,128
tall_crown,128
ankha_zone_(meme),128
green_snake,128
multicolored_tunic,128
chalk_outline,128
facing_animal,128
condom_between_breasts,128
chick_print,128
nine_of_hearts,128
seven-branched_sword,128
air_guitar,128
dispersion_(optics),128
adaptive_combat_rifle,128
two-tone_arm_warmers,128
wormhole,128
viltrumite_group_shot_(meme),128
cage_interior,128
leaning_on_self,128
bulldog,128
leech,128
grilled_corn,128
hay_bale,128
high_heel_sneakers,128
eight_of_diamonds_(playing_card),128
fengguan,128
paper_towel,128
bmw_3_series,128
charisma_establishment,128
movie_poster_(object),128
tiered_skirt,128
birdhouse,128
speedpaint,128
against_bookshelf,128
gauna,128
oath_of_judah,128
liquid-in-glass_thermometer,128
xiaohongshu_watermark,128
stealth_set_(zelda),128
bismarck_(coat_of_arms),128
four_of_spades,128
naked_hood,128
green_water,128
shiny_trinity_(idolmaster),128
jerboa,128
niconico_id,128
yamato_(kancolle)_(cosplay),128
two-sided_bow,128
x-ray_phone,128
toe_socks,128
pulling_arm,128
pimple,128
satin_underwear,128
mouth_submerged,128
possum_tail,127
see-through_scarf,127
torn_sports_bra,127
veiny_belly,127
bite_mark_on_pectorals,127
partial_squatting,127
syringe_earrings,127
rest_in_peace_(phrase),127
vertical-striped_sash,127
flushed_face_emoji_shirt_(meme),127
peeing_on_penis,127
chocolate_on_ass,127
licking_self,127
patio_umbrella,127
orange_slippers,127
magia_baiser_(cosplay),127
sucking_on_multiple_breasts,127
tech_2_ship_(eve_online),127
amenomurakumo-no-tsurugi_(fate),127
organic_weapon,127
drum_bath,127
finnish_army,127
motor_oil,127
touhou_17th_popularity_poll,127
beats_by_dr._dre,127
glowing_chest,127
poppin'party,127
animal_on_face,127
rope_ladder,127
fish_bottle,127
frilled_leg_warmers,127
monkey_costume,127
forbidden_pants,127
nipple_guessing_game_(meme),127
ptrd-41,127
pig_snout,127
pen_holder,127
figure_stage,127
sash_bow,127
macuahuitl,127
opaque_monocle,127
pokemon_gym,127
emergency_exit,127
sageo,127
hometown_(deltarune),127
rickshaw,127
grid_shawl,127
guess_who,127
too_many_stickers,127
jupiter_(idolmaster),127
paratrooper,127
fishnet_panties,127
programming_(topic),127
skull_cup,127
supermarine_spitfire,127
habanero_pepper,127
goddess_(nikke),127
two-tone_eyewear,127
akademeia_uniform,127
greek_painting_style,127
bone_in_mouth,126
ignite_module,126
tabletop_troupe_(genshin_impact),126
hanging_from_tree,126
crab_print,126
imminent_murder,126
green_crown,126
underworld,126
buchi_holes,126
chi_xiao_(arknights),126
insect_on_head,126
cork_gun,126
walrus,126
goggles_on_eyes,126
no_freckles,126
eyebrows_visible_through_mask,126
chimera_ant,126
subway_(company),126
phallic_tattoo,126
heart_ring_strap,126
ice_cream_stand,126
breaking_through_wall,126
makinami_mari_illustrious_(cosplay),126
water_dragon,126
plaid_footwear,126
smith_&_wesson_360,126
terrier_(dog),126
tonari_ni_tatsu_yasashii_anata_e_(project_sekai),126
clock_hair_ornament,126
juliet_capulet_(cosplay),126
mosaic_art,126
cape_clasp,126
panty_(psg)_(cosplay),126
checkered_socks,126
three-legged_race,126
adjusting_headset,126
revealing_swimsuit_(dq),126
ichigo_ichie_na_hyakki_yagyou!?_(project_sekai),126
yellow_leggings,126
edie_crop_hoodie,126
broly_culo_(meme),126
striped_shawl,126
rattle_drum,126
uriko_(baseball),126
skull_fucking,126
vehicalization,126
heart_bubbles,126
nissan_skyline_r32,126
side-seamed_gloves,126
touhou_19th_popularity_poll,126
titan_shifter_scars,126
vigilante_crew_(blue_archive),126
possum_girl,126
physics,126
hibikino_high_school_uniform,126
son_goku_(cosplay),126
spanking_self,126
skin-colored_pantyhose,126
lip_balm,126
sirius_(azur_lane)_(cosplay),126
chen_(cosplay),126
sailor_jupiter_(cosplay),126
razz_berry,125
highlander_railway_academy_logo,125
alexandria,125
holding_bug,125
see-through_ribbon,125
messy_eater,125
japanese_flag_print,125
belly_riding,125
1930s_(style),125
disembodied_mouth,125
multicolored_belt,125
pig_costume,125
pikarigaoka_middle_school_uniform,125
multicolored_pubic_hair,125
save_the_queen,125
adjusting_dress,125
ushi_no_koku_mairi,125
johnston_(kancolle)_(cosplay),125
smudge,125
sylveon_(cosplay),125
dapple_dualies_(splatoon),125
shigure_ui_(vtuber)_(cosplay),125
triangle_cutout,125
snowflake_brooch,125
netherlands,125
void_cube,125
women's_toilet_symbol,125
cable_car,125
golden_gun,125
exasperation,125
adjusting_shirt,125
religious_offering,125
jack_of_hearts,125
red_cat,125
gear_shift,125
ladybug/beauty_(love_live!),125
in_hat,125
tsuganoki_second_junior_high_school_uniform,125
gotland_(kancolle)_(cosplay),125
hu_tao_(genshin_impact)_(cosplay),125
jindai_high_school_uniform,125
hair_behind_eyewear,125
zig-zag_part,125
bent_spoon,125
skirt_pocket,125
hamayumi_(genshin_impact),125
holding_grass,125
sitting_on_liquid,125
erection_under_blanket,125
purple_crown,125
google_maps,125
yuuka_(blue_archive)_(cosplay),125
finger_writing,125
type_91_armor-piercing_shell,125
after_gangbang,125
green_flag,125
balance_scale_print,125
standing_on_shoulder,125
cospussy,125
kalina_(girls'_frontline)_(cosplay),125
ga_rune_pose,125
see-through_cutout,125
diyap_(style),124
mining,124
stitched_wrist,124
feather_(magia_record),124
blood_on_snow,124
children's_book,124
seven_deadly_sins,124
red_water,124
tristar_vision_(idolmaster),124
black_saliva,124
hyakkaryouran_(blue_archive),124
clothes_iron,124
suzumebachi_(shikai),124
flamingo_raft,124
type-moon_heroines,124
ishtar_(fate)_(cosplay),124
forte_(symbol),124
esports,124
gojou's_imaginary_technique,124
nearly_naked_coat,124
stuffed_snake,124
seven_of_spades,124
4th_match_flame_(e.g.o),124
serena_(pokemon)_(cosplay),124
afghan_hound,124
shin_ramyun,124
leather_coat,124
meister_otome_uniform,124
barn_owl,124
sumimi_(bang_dream!),124
veiny_tentacles,124
phone_stand,124
bear_slippers,124
aran_legwear,124
exercise_bike,124
lily_servant,124
grabbing_another's_nose,124
paku_paku_desuwa,124
metal_gear_(robot),124
sunflower_petals,124
spirit_(super_smash_bros.),124
ultra_recon_squad_uniform,124
forniphilia,124
checkered_trim,124
finger_twirl,124
crewmate_(among_us)_(cosplay),124
cracking_egg,124
hips_in_air,124
head_hold,124
eye_piercing,124
relay_race,124
stuffed_raccoon,124
top_of_moe_2020,124
removing_bandaid,124
censored_feet,124
orange_moon,124
pepperbox_revolver,124
praise_the_sun,124
r.b._(identity)_(project_moon),124
kono_matsuri_ni_yuuyami_iro_mo_(project_sekai),124
pencil_sharpener,124
whitebeard_pirates_jolly_roger,123
tsunako_(style),123
spiked_sleeves,123
bruise_on_knee,123
sleevejob,123
dark_repulser,123
double_bladed_lightsaber,123
single_breast,123
floral_print_shorts,123
hair_sprinkles,123
iphone_11_pro,123
multicolored_sports_bra,123
crotchless_shorts,123
help_(phrase),123
sun_behind_head,123
striped_underwear,123
cats_are_scared_of_cucumbers,123
paperclip_hair_ornament,123
seatbelt_between_breasts,123
checkered_armband,123
green_babydoll,123
camellya_mascot_(meme),123
off-shoulder_capelet,123
playing_with_another's_ears,123
wooden_stairs,123
brown_tabard,123
diamond_(minecraft),123
winged_weapon,123
santa_leotard,123
calavera,123
hebijo_academy_school_uniform_(new_link),123
foot_tattoo,123
crab_on_shoulder,123
flexing_pectorals,123
standing_on_sword,123
closed_curtains,123
cadpat,123
swinging_on_rope,123
mihono_bourbon_(umamusume)_(cosplay),123
bang_(gesture),123
fur_anklet,123
thanksgiving,123
thinner_than_canon,123
orangette,123
abs_cutout,123
jelleton,123
nilou_(genshin_impact)_(cosplay),123
blue_visor,123
hamster_wheel,123
red_eyes_(e.g.o),123
parrying,123
woren,123
carrot_earrings,123
unworn_scrunchie,123
tamato_berry,123
lcd,123
gold_chastity_cage,123
astolfo_monster_cosplay_(meme),123
penis_growth,123
cake_on_head,123
fou_(fate)_(cosplay),123
lychee,123
frog_raincoat,123
odradek,123
sopheria_flower_(tales),123
yukianesa,123
puff_and_slash_shorts,123
bound_fingers,122
white_cane,122
beating,122
holding_kite,122
temperance_(tarot),122
spanish_clothes,122
slave_visor_(tsmg_nao!),122
bagpipes,122
holding_detonator,122
petal_censor,122
title_screen,122
illicium,122
felching,122
panties_over_leggings,122
holding_board,122
climbing_wall,122
parking_garage,122
cookie_jar,122
holding_binder,122
black_arm_garter,122
gold_lips,122
glowing_bodysuit,122
flattened,122
menstrual_blood,122
kikyo_private_academy_school_uniform,122
cum_bucket,122
savanaclaw_dorm,122
cropped_kimono,122
headstand,122
year_connection,122
unworn_buruma,122
inkstone,122
finger_pointer,122
wire_cutters,122
glowing_jewelry,122
removing_necktie,122
pullups,122
lycoris_challenge_(meme),122
space_elevator,122
six_of_diamonds,122
sorashido_academy_school_uniform,122
floating_gun,122
article,122
whirlwind,122
suzuya_(kancolle)_(cosplay),122
gif_caption_(meme),122
cure_white_pose,122
ending,122
unconventional_broom,122
flower_hands,122
stone_torii,122
chin_on_palm_challenge,122
anglerfish_boy,122
hat_over_hat,122
imminent_tickling,122
dog_shadow_puppet,122
gracidea,122
nose_tape,122
storm_attacker,122
ultra_instinct_sign,122
female_protagonist_(pokemon_go)_(cosplay),122
2_fuel_4_ammo_11_steel,122
x-drive_(symphogear),122
police_motorcycle,121
bow_babydoll,121
matrix_of_leadership,121
vivienne_westwood,121
canned_tuna,121
bitten,121
on_mushroom,121
areola_measuring,121
kirara_jump,121
fur_thighhighs,121
leaf_shirt,121
panties_around_toe,121
ophanim_halo,121
gold_eyeshadow,121
jackalope_girl,121
rouge_the_bat_(cosplay),121
cleft_anus,121
tail_around_neck,121
colossus,121
marble_sculpture,121
covered_horns,121
pegasus_(constellation),121
transparent_butterfly,121
clear_file_(medium),121
rabbit_puppet,121
usb_tail,121
dodo_(bird),121
multiple_moles_under_one_eye,121
porridge,121
sloth_(animal),121
nemlei_(style),121
velcro_footwear,121
bar_counter,121
ray_of_grace,121
seventh_holy_scripture,121
short_unitard,121
narrative_formation,121
mythra_(xenoblade)_(cosplay),121
touhou_16th_popularity_poll,121
harvest,121
breast_reduction,121
melting_ice_cream,121
tokimeki_poporon,121
chocolate_statue,121
rave_party,121
own_cum_in_mouth,121
snow_camouflage,121
wet_kimono,121
leon_s._kennedy_(cosplay),121
z-crystal,121
dio_brando_(cosplay),121
idiot_sandwich_(meme),121
comedy_and_tragedy_masks,121
cloche_hat,121
pale_eye,121
realified,120
two-tone_jumpsuit,120
tsukinaga_academy_school_uniform,120
implied_breast_milk,120
monowire,120
leaf_bracelet,120
long_fangs,120
beehive,120
frilled_hiphighs,120
powerful_penis,120
xylophone,120
thumbs_down_heart_hands,120
anaheim_electronics,120
pumpkin_head,120
excessive_saliva,120
bottle_opener,120
hose_between_breasts,120
at_field,120
jacket_over_head,120
open_roof_top,120
penis_tattoo,120
tassel-trimmed_capelet,120
orange_suit,120
cunt_punt,120
autocunnilingus,120
character_tattoo,120
one_way_sign,120
paper_doll_chain,120
draw_me_like_one_of_your_french_girls_(meme),120
spot_the_differences,120
melon_hair_ornament,120
empty_bathtub,120
production_note,120
banging,120
sessyoin_kiara_(cosplay),120
joker_(dc)_(cosplay),120
goddess_of_war_(fate),120
map_(medium),120
pogchamp_(meme),120
koharu_(blue_archive)_(cosplay),120
highleg_springsuit,120
raise_buckle,120
single_mitten,120
cat's_tongue,120
shredded_cabbage,120
maclone,120
mejiro_family_(umamusume),120
desk_slam,120
rock_climbing,120
red_(pokemon)_(cosplay),120
sengoku_driver,120
dslr,120
pixiv_bottle_(meme),120
welcome_mat,120
level_5_(toaru),120
himemiya_anthy_(cosplay),120
noodle_stopper,120
pennywise_in_the_sewer_(meme),120
mamezara,120
iaidou,120
tasouken,120
cat_hat_ornament,120
sunset_nostalgie_(idolmaster),120
mixed_harem,120
bamboo_pole,119
geissele_urg-i,119
two-tone_shrug,119
halo_ornament,119
cross-laced_vest,119
long_shadow,119
arwing,119
fist_shaking,119
robot_fish,119
unworn_mittens,119
boku_no_hero_academia_7th_popularity_poll,119
print_wrist_cuffs,119
riding_scooter,119
beretta_px4,119
brown_sarong,119
moth_hair_ornament,119
red_overskirt,119
fake_play_button,119
sage_(dq3)_(cosplay),119
juumonji_yari,119
praise,119
lazy,119
deer_cracker,119
sugar_song_and_bitter_step,119
peacoat,119
orange_hakama,119
cumdrip_through_clothes,119
print_hood,119
celtic,119
sexy_guilty_(idolmaster),119
mini_eyewear,119
straight_flush_(poker),119
ultra_ego_(dragon_ball),119
la_chancla,119
public_address_system,119
vss_vintorez,119
removing_wig,119
spiked_arm,119
torn_hood,119
banana_print,119
splatana_stamper_(splatoon),119
implied_orgasm,119
labia_slip,119
outstretched_foot,119
moon_in_daylight,119
camelot_(fate/grand_order),119
sparkling_daydream,119
wooden_deck,119
extra_nipples,119
scapular,119
bonple_military_uniform,119
in_refrigerator,119
sitting_on_hair,119
fat_animal,119
roto_(dq3)_(cosplay),119
one-finger_caress,119
rider_gashat,119
kamina_pose,119
glove_cuffs,119
ankh_earrings,119
ipod_classic,119
fujimaru_ritsuka_(male)_(cosplay),119
vibrator_under_swimsuit,119
pkm,119
seed_uniform_(ff8),119
hat_ring,119
paw_socks,119
is-2,119
yellow_claws,119
takahashi_kazuki_(style),119
i'm_this_clingy_(meme),119
border_operator_uniform_(world_trigger),119
gold_creator_award,119
sploosh-o-matic_(splatoon),119
prologue_rouge_(idolmaster),119
thick_ass_hair,119
stitched_chest,119
drink_pouch,119
bladeless_fan,119
komeiji_satori_(cosplay),119
holding_on,119
book_to_mouth,119
gingham_pillow,119
starting_brighty_(idolmaster),119
fuck-me_pasties,119
babydoll_t-shirt,119
earthquake,119
okosama_lunch,119
dianthus,119
yellow_aura,119
inflating,119
mercury_(planet),118
pseudo_scat,118
nine_ball_maid_uniform,118
pajamas_lift,118
heart_emoji,118
open_suitcase,118
louis_vuitton_(brand),118
mole_on_foot,118
smoke_grenade_launcher,118
boqta,118
shoe_strap,118
nijisanji_fes_t-shirt,118
aquila_(constellation),118
legs_on_another's_shoulders,118
cow_print_pasties,118
drawing_board,118
location_name,118
public_service_announcement,118
tail_mouth,118
simulated_handjob,118
fur-trimmed_bandeau,118
signet_of_ego,118
mouse_hat,118
girl_scout,118
jill_valentine_(cosplay),118
brown_headdress,118
mcbling,118
six_of_spades,118
toki_(blue_archive)_(cosplay),118
shrinking,118
rpk,118
french_toast,118
bone_weapon,118
night_lords,118
hiden_zero-one_driver,118
okinawa_prefecture,118
maritime_port,118
chicken_boy,118
flying_spittle,118
batman_(cosplay),118
flamingo_innertube,118
exiting_vehicle,118
holoh3roes,118
white_ensign,118
sheeeh!,118
long_veil,118
jeweled_hat,118
basement,118
zwei_association_south_uniform,118
stoat_girl,118
hagane_vocaloid,118
kenmyouren_(fate),118
dark_mage_(fire_emblem_awakening),118
mesoamerican_architecture,118
eight_of_clubs,118
st._spica_school_uniform,118
lacrosse,118
skeleton_costume,118
imperial_fists,118
papyrokinesis,118
striped_umbrella,118
tiger_pelt,118
predacon,118
majorette,118
bulge_to_face,118
collared_tunic,117
frog_print_panties,117
chest_(furniture),117
instant_pack_noodles,117
stuffed_crocodile,117
wa_bunny,117
forbidden_list_(yu-gi-oh!),117
bandaid_on_tail,117
mini_tiara,117
pastel_palettes_(bang_dream!),117
flower_bra,117
ribbed_leg_warmers,117
nose_jewel,117
citroen,117
mega_pokemon_(other),117
letter_print,117
paizuri_gesture,117
flower_wings,117
unconventional_weapon,117
ellen_joe_(cosplay),117
fire_stone,117
mickey_mouse_(cosplay),117
multiple_head_bumps,117
bruise_on_shoulder,117
taut_jacket,117
d20_(die),117
molar_boatworks_(identity)_(project_moon),117
impossible_shorts,117
merfolk_with_merfolk,117
xiaohongshu_logo,117
stuffed_owl,117
nigekiri_sisters_(umamusume),117
hoplite,117
broom_guitar,117
desert_voe_set_(zelda),117
training_wear_(fire_emblem_engage),117
human_tug_of_war,117
underbite,117
christmas_tree_print,117
holding_poker_chip,117
lamborghini_countach,117
wriggle_day,117
aigis_(fate),117
casteliacone,117
vertical-striped_leggings,117
ronin,117
soju,117
panty_dangle,117
o_medal,117
floral_print_apron,117
swarm,117
qing_dynasty,117
gravel,117
autodefenestration,117
african_clothes,117
class_card_(prisma_illya),117
awesome_face,117
mecha_danshi,117
amanogawa_high_school_uniform,117
nine_of_spades,117
shiny_forehead,117
pumpkin-shaped_pants,117
tenryuu_(kancolle)_(cosplay),117
miku_miku_beaaaam!!_(meme),117
caloriemate,117
snickers_(brand),117
take_the_best_shot!_(project_sekai),116
teddy_bear_sex,116
agemaki_knot,116
lace-trimmed_wrist_cuffs,116
hand_in_own_pantyhose,116
unicorn_boy,116
mocking,116
hello_kitty_print,116
dithered_background,116
glass_jar,116
sack_behind_back,116
unconventional_merfolk,116
grid_skirt,116
gun_in_another's_mouth,116
vertical-striped_footwear,116
tying_headband,116
nissan_silvia_s15,116
wonderhorror~!?_na_kimodameshi!_(project_sekai),116
flushed_face_emoji,116
taut_pants,116
liquid_from_mouth,116
object_on_lap,116
shared_cape,116
m79,116
crow's_feet,116
leaf_hat,116
goodyear,116
barbed_tongue,116
mi-24,116
kitchen_scale,116
necktie_overhang,116
reverse_palettes,116
pollen,116
mutual_cheek_pinching,116
layered_hair,116
model_building,116
neck_armor,116
mimiga,116
nishikigi_chisato_(cosplay),116
^3^,116
intersection,116
kite_shield,116
mole_on_ear,116
sugar_lyric,116
h&k_g41,116
tengu_family_of_gensokyo_(touhou),116
tamamo_cat_(fate)_(cosplay),116
ass-to-mouth,116
rokushaku_fundoshi,116
crying_kasumi_(blue_archive),116
buri_hamachi,116
range_blaster_(splatoon),116
bad_ass,116
superman_exposure,116
pulley,116
paper_crown,116
moai_(koseki_bijou),116
horn_lance,116
yobai,116
shumai_(food),116
glowing_object,116
starfleet_uniform,116
alternate_neckwear,116
sideless_bangs,116
prehistoric,116
half-track,116
stroking_beard,116
spade_cutout,116
holding_floatie,116
arc_de_triomphe,116
yomorio_lingerie,116
tatsuki_(irodori)_(style),116
rickenbacker,116
requiem_(gun),115
gravity_suit_(metroid),115
100kg_(meme),115
fencing,115
double-decker_bus,115
spiral_heart_moon_rod,115
spiked_cuffs,115
bead_hairband,115
glowing_nipples,115
drawn_star,115
the_nameless_(honkai:_star_rail),115
cow_print_panties,115
tapping_finger,115
royal_flush,115
strawberry_hat_ornament,115
licking_shoulder,115
criss-crossed_composition,115
jagged_sword,115
pinstripe_sleeves,115
brown_rabbit,115
shrimp_tail,115
plucking_petals,115
holding_canteen,115
putting_on_earrings,115
tasukete_eirin,115
lace_lappet,115
mother_and_son_threesome,115
bow_on_wing,115
yae_miko_(cosplay),115
custard,115
cake_print,115
phone_number,115
sakuya's_pads_(meme),115
ursa_major_(constellation),115
wrist_bobbles,115
spiral_horn,115
wanwan_wonderful_(idolmaster),115
antique_car,115
crazy_laugh,115
phone_between_breasts,115
double_l,115
steyr_iws_2000,115
chest_stand,115
ink_splatter,115
bomb_hair_ornament,115
veiny_pectorals,115
curved_penis,115
bridal_chest_(fate),115
tsukimi_burger,115
squiffer_(splatoon),115
extension_cord,115
sokutai,115
koge_donbo_(style),115
yd_dancer_outfit,115
bright_me_up!!_(ensemble_stars!),115
attribute_slider,115
holofive,115
dendrobium_schema,115
jaws,115
toy_mouse,115
pedestrian_crossing_sign,115
vacuum_bed,115
folded_stock,115
ass_expansion,115
fake_scan,115
unworn_chastity_cage,115
marehoshi_academy_school_uniform,115
urushihara_satoshi_(style),115
arms_bound_above_head,115
site_of_grace,115
mouth_out_of_frame,115
pants_around_thighs,115
simon_shades,115
chocolate_on_penis,115
castella_(food),115
red_panda_costume,115
aihara_academy_school_uniform,115
israel,115
mark_of_the_doom_slayer,115
bird_pin,115
satire,115
mosquito_girl,115
shimekazari,115
black_hole-shaped_pupils,114
stroking,114
lifting_animal,114
scar_on_horns,114
tv_camera,114
holding_apron,114
underwater_shot,114
snow_angel,114
takamaki_ann_(cosplay),114
m21,114
model_airplane,114
orange_visor_cap,114
new_moon,114
scottish_fold,114
emperor's_children,114
front_bow,114
pantyhose_under_leotard,114
two-sided_robe,114
shirt_straps,114
sleeveless_robe,114
green_aura,114
claymore_(sword),114
demon_core,114
picnic_table,114
character_transformation,114
studio_lights,114
dream_world_(touhou),114
ork_(warhammer),114
check_my_note_(idolmaster),114
hula,114
single-shoulder_bikini,114
the_process_of_affection_level_upgrades_(meme),114
nightgown_lift,114
contrast_suspenders,114
orange_blossoms,114
lace-up_legwear,114
character-themed_onahole,114
nijigasaki_track_jacket,114
spiked_necklace,114
kneading_dough,114
boss_coffee,114
olympus_(fate/grand_order),114
greek_armor,114
nue_day,114
power_crashes_kobeni's_car_(meme),114
umakoshi_yoshihiko_(style),114
fubumicomet_(hololive),114
operating_table,114
mitsu_uroko,114
punkish_gothic_(idolmaster),114
floppy_sleeves,114
axolotl_tail,114
hameru-type_asacoco,114
shoving,114
domestic_violence,114
iris_libre_(emblem),114
leopon_(animal),114
carbon_roller_(splatoon),114
blood_on_eyewear,114
hat_over_hood,114
burning_love_(phrase),114
phosphophyllite_(gemstone),114
shijuuhatte,114
necktie_aside,114
plasma_cutter,114
comic_panel_inset,114
shrimp_girl,114
koakuma_(cosplay),114
samurai_jacket_(cyberpunk),113
scuffed,113
pink_tabard,113
penis_in_another's_thighhigh,113
amamiya_ren_(cosplay),113
aqua_overalls,113
kiddie_ride,113
tent_dress,113
convoy,113
nearly_naked_shirt,113
hounskull,113
tie_fighter,113
haregi,113
cross_background,113
blue_cross_tie,113
suspicious_egg_dish,113
buoy,113
hoshimachi_suisei_(cosplay),113
breaking_through_window,113
spoken_notice_lines,113
soles_together,113
brown_tube_top,113
austrian_flag,113
astolfo_(fate)_(cosplay),113
boarded_windows,113
hand_on_bed,113
vulture,113
e-kid_fashion,113
namek,113
swirl_on_cheek,113
z1_leberecht_maass_(kancolle)_(cosplay),113
pantyhose_cutout,113
digimon_crest,113
condensed_milk,113
napoleonic_wars,113
fish_skeleton_earrings,113
barber,113
deer_head,113
binding_shield_(fire_emblem),113
gucci,113
mad_scientist,113
saber_lily_(cosplay),113
shuuchikan_academy_school_uniform,113
hoshino_crunchy_(meme),113
dualie_squelchers_(splatoon),113
coin_sword,113
tsunokakushi,113
clover_background,113
nine_years_in_a_coma_(meme),113
hair_length_switch,113
leaving,113
clothed_female_underwear_female,113
orange_fire,113
devyat'_association_north_uniform,113
secret_of_pedigree_(fate),113
brownie_(food),113
shaped_cloud,113
prairie_dog,113
undersized_pokemon,113
fretless_guitar,113
houjou_high_school_uniform,113
nipple_weights,113
belgian_flag,113
streaking,113
hamster_hood,112
flaming_arrow,112
broken_necklace,112
open-chest_straitjacket,112
ipod_touch,112
traffic_cone_on_head,112
fur_vest,112
blue_facial_hair,112
slamming_door,112
muscle_awe,112
turtleneck_shrug,112
torture_instruments,112
mayu-tan_no_kung_fu_(meme),112
status_bar,112
concentric_circles,112
shield_hair_ornament,112
bandaged_stomach,112
antenna_mast,112
eustoma,112
arm_cast,112
cannonball,112
cloak_lift,112
monolids,112
janitor,112
notched_neckline,112
tomato_sauce,112
deer_costume,112
thighband_hiphighs,112
purple_happi,112
german_flag_print,112
dildo_under_mask,112
miyafuji_yoshika_(cosplay),112
splatana_wiper_(splatoon),112
footsies,112
roubai_academy_school_uniform_(new),112
apron_aside,112
coronation,112
holding_snowboard,112
zither,112
choir,112
laserdisc_cover,112
black_vinegar_middle_school_uniform,112
okita_souji_(koha-ace)_(cosplay),112
horned_headphones,112
wooden_house,112
fujiwara_no_mokou_(cosplay),112
crotchless_bloomers,112
wrist_chain,112
wrinkled_frown_(detective_pikachu),112
silver_boots,112
benishouga,112
renault_ft,112
expression_35,112
toy_boat,112
flower_tact,112
dual_drum_magazine,112
partially_feathered_tail,112
inconvenient_horns,112
scrapbook,112
mage_masher,112
uncanny_valley,112
mexico_ufo_alien_bodies_hearing_(meme),112
pushing_stroller,112
playground_equipment_(kemono_friends_pavilion),112
cure_arcana_shadow_(cosplay),112
wo-class_aircraft_carrier_(cosplay),112
ladybug_girl,111
object_in_bra,111
latex_corset,111
ice_cream_sandwich,111
lion's_roar_(genshin_impact),111
cylinder,111
even_though_you_lost_your_virginity_to_me_(meme),111
spitting_in_another's_mouth,111
window_shopping,111
pig_mask,111
shiny_rod_(little_witch_academia),111
imminent_forced_dressing,111
hood_grab,111
mortar_headd,111
wing-shaped_bow,111
coat_around_waist,111
eye_brooch,111
red_nightgown,111
tangyuan,111
glowing_ears,111
frieren_lap_pillow_(meme),111
n_corp._e.g.o_(identity)_(project_moon),111
landship,111
lotion_play,111
niedersachsen_military_uniform,111
gustav_klimt_(style),111
mythological_creature,111
water_boiler,111
ice_fishing,111
alstroemeria_(flower),111
webley_revolver,111
tourniquet,111
two-sided_scarf,111
maid_one-piece_swimsuit,111
junko_day,111
no_skin,111
too_many_dogs,111
alternate_kanji_reading,111
holding_handlebar,111
purple_electricity,111
turbine,111
power_level,111
holding_lightning_bolt,111
two-tone_border,111
trapper_hat,111
fortified_suit_(kagami_sumika),111
enveloped,111
crux_(constellation),111
land_striker,111
bofors_40_mm_gun,111
impossible_skirt,111
trophy_head,111
ridewatch,111
white_mage_(final_fantasy)_(cosplay),111
huge_claws,111
organic,111
single_ankle_boot,111
folding_table,111
love_live!_series_asia_tour_2024,111
censored_thought,111
checkered_wristband,111
portable_barricade,111
boot_straps,111
irken,111
atago_(azur_lane)_(cosplay),111
hair_mustache,111
bugles_on_fingers,111
takanashi_kiara_(cosplay),111
shantae_(cosplay),111
zukyuun,111
multicolored_leg_warmers,111
rafters,111
gasoline,111
kafuu_chino_(cosplay),111
torn_stuffed_toy,111
sten_gun,111
frosted_glass,111
hayabusa_(spacecraft),111
inquisition_(warhammer),111
ah-64_apache,111
whimstar_(infinity_nikki),111
floating_ball,111
sun_hat_ornament,111
punk_lolita,111
projector_screen,111
1920s_fashion,110
side_chest_pose,110
belt_ribbon,110
flower_armlet,110
holding_straw,110
lor_starcutter,110
red_bustier,110
kanji_hair_ornament,110
playing_tabletop_game,110
skid_mark,110
vega_(star),110
diesel_locomotive,110
imminent_double_penetration,110
freaky_satono_diamond_(meme),110
cat_penis,110
bound_penis,110
opera_glasses,110
body_piercings,110
gold_armband,110
spiking,110
tarantula,110
paralysis,110
nikke_promo_parody,110
debt,110
tanuki_costume,110
holding_unworn_boot,110
atlantis_(fate/grand_order),110
striped_bandana,110
brown_haori,110
backwards_text,110
finger_piercing,110
konbumaki,110
senjougahara_hitagi_skirt_lift_pose,110
budweiser,110
smiley_face_hair_ornament,110
favonius_greatsword_(genshin_impact),110
bowsette_(cosplay),110
opening_curtains,110
hiking_pole,110
torn_ascot,110
improvised_sex_toy,110
the_tower_(tarot),110
sword_of_exorcism,110
hannya_(arknights),110
throat_grab,110
japanese_macaque,110
female_fertilization,110
holographic_keyboard,110
uwagi,110
tulaytullah's_remembrance_(genshin_impact),110
chidori_(naruto),110
fur-trimmed_jumpsuit,110
akita_inu,110
octoling_(swim_form),110
vessel_of_sin,110
necklace_pull,110
reflective_table,110
towel_around_breasts,110
against_bed,110
overalls_pull,110
junior_high_schoolmate_(idolmaster),110
sv-98,110
rubber_chicken,110
bellows_camera,110
rope_train,110
peeing_in_bottle,110
abigail_williams_(fate)_(cosplay),110
operation_crossroads,109
leaning_in,109
zwei_association_west_uniform,109
clitoris_torture,109
black_helm,109
coupon,109
split_image,109
w_over_mouth,109
panties_on_breasts,109
tapping_shoulder,109
bone_tail,109
flower-shaped_food,109
cardiogram_print,109
solid_eye,109
na'vi,109
team_guy_(naruto),109
fish_background,109
dark_angels,109
multicolored_cat,109
rukkhadevata_(genshin_impact)_(cosplay),109
book_stand,109
holding_beam_saber,109
unwrapping,109
ayafubumi_(hololive),109
ziku-driver,109
stress,109
beaded_eyelashes,109
mini_person_on_shoulder,109
mirialan,109
crosshair_halo,109
hydrangea_print,109
floating_stairs,109
blacksmith_tongs,109
pecking,109
brough_superior,109
m3_submachine_gun,109
self-borrowed_hairstyle,109
anal_object_extraction,109
inaba_tewi_(cosplay),109
simon_(ttgl)_(cosplay),109
glowing_nails,109
suburb,109
poke_ball_hair_ornament,109
holding_pokedex,109
vtol,109
jet_boots,109
meeting,109
pike_(weapon),109
koyukkuri,109
shih_tzu,109
ramp,109
royal_ease,109
matis_(nikke),109
king_of_clubs,109
archery_dojo,109
nightmare_blood_(idolmaster),109
china_tracksuit,109
sitting_on_another's_back,109
giant_leaf,109
acid_trip,109
blue_lock_bodysuit,109
naruko_(instrument),109
bitter_melon,109
two-sided_shirt,109
miracreation/elegance,109
untucked,109
personal_terminal,109
akari_(pokemon)_(cosplay),109
hex_grid,109
rice_shower_(umamusume)_(cosplay),109
capoeira,109
two-tone_sandals,109
mismatched_facial_hair,109
r-99_smg,109
suigintou_(cosplay),109
garden_eel,109
flight_attendant_hat,108
mechanical_broom,108
nude_beach,108
cross-laced_hairband,108
ribbed_jacket,108
roller_shoes,108
royal_kale_juice_(umamusume),108
folding_clothes,108
shaved_mark,108
exceeds_uniform,108
unmanned_ground_vehicle,108
plaid_one-piece_swimsuit,108
torn_bandeau,108
ice_cream_scoop_(utensil),108
kel-tec_rfb,108
dominoes,108
hanging_flower,108
plaid_belt,108
palm_tree_print,108
see-through_robe,108
pool_float,108
cinnamoroll_(cosplay),108
spinning_wheel,108
romani,108
thirteen_flame-chasers_(honkai_impact),108
gold_vambraces,108
bruise_on_ass,108
poop_on_a_stick,108
fusion_suit,108
sleepsack,108
voyager_golden_record,108
lint_roller,108
holding_dart,108
lace_ribbon,108
xiangyun_print,108
facing_object,108
rod_of_asclepius,108
giant_insect,108
dragon_ornament,108
breast_missiles,108
fast_forward_button,108
herbarium,108
foil_(fencing),108
mechanical_pussy,108
the_vivid_old_tale_(project_sekai),108
holding_slingshot,108
frayed_clothes,108
patio,108
bandeau_pull,108
akasha_terminal,108
artificial_wings,108
world_eaters,108
astromech_droid,108
kaleidomoon_scope,108
master_up,108
forest_of_magic,108
broken_chopsticks,108
super_leaf_(transformation),108
hoshinomiya_girls'_high_school_uniform,108
wind_glider,108
upside-down_text,108
pygmy_hippopotamus,108
puzzle_piece_hair_ornament,108
audio-technica,108
sword_school_reunion_(touken_ranbu),108
stuffed_elephant,108
sexual_dimorphism,108
heaven_(kanji),108
percentage,108
alondite,108
naked_vest,108
kris_(weapon),108
bundeswehr,108
holding_rosary,108
tube_top_pull,108
camouflage_panties,108
figure_stand,108
stigmata,108
electric_toothbrush,108
green_rope,108
qinglong_yanyue_dao,108
marriage_certificate,108
inside_pocket,108
neck_lift,108
medium_tank,108
intercom,108
jack-o'-lantern_brooch,108
project_krone_(idolmaster),108
mouth_mask_under_chin,107
black_lightning,107
mod_fashion,107
batarang,107
shadow_ball_(pokemon),107
wiping_another's_face,107
torn_sack,107
nipa~,107
tabard_lift,107
holding_frog,107
mane_six_(my_little_pony),107
oval_background,107
renketsuen_(e.g.o),107
white_tailcoat,107
pillar_of_light,107
chili_dog,107
biting_sheet,107
flickering,107
transparent_sword,107
wolf_cub,107
argyle_hairband,107
okapi_tail,107
summer_maid_coord,107
football_goal,107
f4u_corsair,107
dark_eldar,107
tiger_lily,107
multicolored_headband,107
kei_(keigarou)_(style),107
snake_bite,107
pig_penis,107
unworn_fake_animal_ears,107
diving_board,107
hybrid_weapon_(eve_online),107
fern_(sousou_no_frieren)_(cosplay),107
ribbed_skirt,107
food_on_foot,107
chinese_trumpet_vine,107
you_are_my_hero!!_(project_sekai),107
opening_can,107
gothic_&_horror_hatsune_miku_design_contest,107
cat-shaped_eyewear,107
wings_over_eyes,107
blurry_vision,107
imminent_uno_loss_(meme),107
gomusin,107
forehead_piercing,107
pentagram_hair_ornament,107
palm-fist_tap,107
human-drawn_vehicle,107
you_can_just_give_this_kind_of_thing_to_men_and_they_will_be_thrilled_(meme),107
excalibur_academy_school_uniform,107
nijigasaki_1st_years,107
nautilus_(splatoon),107
people's_liberation_army_navy,107
pink_water,107
holding_iv_stand,107
print_cup,107
kitsune_dance,107
khopesh,107
damselfish,107
sks,107
fire_truck,107
chain_weapon,107
fujiwara_takumi's_toyota_trueno_ae86,107
red_penis,107
bribery,107
tiger_mask_(object),107
f-18_hornet,107
skousers,107
ashford_academy_swimsuit,107
jidaigeki,107
menma,107
obsydia_(nijisanji),107
finger_in_glove,107
gotcha_driver,107
frostbite_set_(zelda),107
checkered_sweater,107
angel's_trumpet_(flower),107
sazae-san_food_gag_(meme),107
sakata_gintoki_(cosplay),107
boxing_headgear,107
blue_hiphighs,107
haruna_(kancolle)_(cosplay),107
lsd,107
ear_wings,106
meandros_trim,106
circle_censor,106
winged_gloves,106
multiple_knives,106
shark_head,106
7_colored_flowers_(deltarune),106
lum_berry,106
black_visor_cap,106
sakura_card,106
remington_model_700,106
muscular_other,106
striped_ascot,106
neuron_activation_(meme),106
zidane_tribal_(cosplay),106
vyshyvanka,106
long_table,106
single_unworn_boot,106
covering_nose,106
mirror_twins,106
star_piercing,106
bloody_footprints,106
drawing_arrow,106
backpacking_stove,106
twin_blades,106
helicopter_hair,106
lace-trimmed_umbrella,106
azuna_(love_live!),106
shell_to_ear,106
dao_fu,106
time_bomb,106
hercules_beetle,106
grim_reaper_(cosplay),106
raccoon_costume,106
neck_hold,106
windwheel_aster_(genshin_impact),106
cardigan_pull,106
diagonal-striped_hat,106
feather_in_mouth,106
piyo_piyo_apron,106
skirt_tied_over_head,106
game_link_cable,106
kubrick_stare,106
hand_in_bra,106
star_color_pen,106
military_base,106
holding_wind_chime,106
upside-down_book,106
etna_(disgaea)_(cosplay),106
paintbrush_rack,106
ako_(blue_archive)_(cosplay),106
taoist_robe,106
mismagius_(cosplay),106
skirt_aside,106
rule_breaker_(fate),106
bridget_(guilty_gear)_(cosplay),106
big_mouth,106
yellow_babydoll,106
wonderful_pact,106
beer_keg,106
sanzu_river,106
h8k,106
nail_gun,106
vincent_van_gogh_(style),106
chipped_sword,106
aqua_umbrella,106
m87_black_hole,106
ayanokouji_martial_arts_school_uniform,106
transparent_flower,106
kitami_hokuryo_high_school_uniform,106
yggdrasil_(sao),106
square_tattoo,106
endless_knot,106
lotus_(brand),106
loud,106
librarian,106
riding_machine,106
ornamental_weight,106
katsuragi_misato_(cosplay),106
female_armpit_hair,106
lilistia,106
arthropod,106
shiritori,106
atago_(kancolle)_(cosplay),106
penis_slip,106
good_thighs_day,106
lost_child,106
italian_brainrot_ai_animals_(meme),105
realization,105
umafication,105
katsu_curry,105
long_breast_curtain,105
lauren_phillips_lifting_alice_merchesi_(meme),105
comforter,105
rise_as_one!_(project_sekai),105
implied_anilingus,105
pirate_faction_(eve_online),105
stained_bra,105
pizza_cutter,105
blue_loincloth,105
gouged_eye,105
bump_(volleyball),105
ghost_ornament,105
cyber-elf_(mega_man),105
brocon,105
wink_heart,105
rio_(blue_archive)_(cosplay),105
emblem_ring,105
8-bit,105
linked_sausages,105
olympic_rings,105
d-wheel,105
waterfall_shower,105
procuration_(e.g.o),105
judy_hopps_(cosplay),105
phalaenopsis,105
ishowspeed_trying_not_to_laugh_(meme),105
footwear_ornament,105
white_poncho,105
chawan,105
intertwined_hair,105
diamond_ring,105
food_as_ears,105
babysitter,105
frilled_overskirt,105
bear_charm,105
touhou_20th_popularity_poll,105
practicing,105
brown_garter_straps,105
wind_waker_(object),105
basil_leaf,105
close-quarters_combat,105
gradient_neck_ribbon,105
planet_popstar,105
clogs,105
rex_genome,105
aerospray_(splatoon),105
eyepatch_slingshot_swimsuit,105
floating_tears,105
vans,105
nimble_fabric,105
catalyst_scimitar,105
servo-skull,105
master_emerald,105
musical_note-shaped_pupils,105
hoshino_(blue_archive)_(cosplay),105
gardenia_(flower),105
mari_(blue_archive)_(cosplay),105
m._bison_(cosplay),105
hibachi_(object),105
plant_growth,105
\(^o^)/,105
drip_(meme),105
kaban_(kemono_friends)_(cosplay),105
surgical_light,105
enamel_leather_dark_nurse,105
panzer_ii,105
slingshot_swimsuit_pull,105
fruit_popsicle,105
type_effectiveness,105
sage_outfit_(fire_emblem_engage),105
arm_slave_(mecha),105
checkered_belt,105
static_cling,105
vkontakte_username,105
pokemon_ranger_uniform,105
amazons_quartet,105
tart_slice,105
blue_blush,105
kneading_(behavior),105
military_police_brigade_(emblem),105
cased_tape_measure,105
turquoise_(gemstone),105
rudolph_the_red_nosed_reindeer_(cosplay),104
temari_print,104
ovulation,104
thigh_cuffs,104
floating_mask,104
door_chain,104
atmospheric_reentry,104
print_armband,104
against_vehicle,104
mojibake_text,104
wing_ribbon,104
see-through_tail,104
flying_train,104
holding_bolter,104
utensil_rack,104
wood_blade_(deltarune),104
heart_ring_bottom,104
absolution_(genshin_impact),104
gums,104
cross-laced_sweater,104
four-leaf_clover_print,104
control_stick,104
electric_panel,104
dress_slip,104
hakuho_high_school_uniform,104
tightrope,104
black_wings_of_corrosion,104
canopy_(shelter),104
balmung_kriemhild_(fate),104
lily_white_(love_live!),104
tiro_finale,104
dsr-50,104
pasties_removed,104
hamburger_hat,104
devil_bringer,104
extended_magazine,104
heart_wings,104
.96_gal_(splatoon),104
mutual_breast_sucking,104
kazakh_clothes,104
cum_in_nipple,104
bear_mask,104
acceptor,104
earphones_on_animal_ears,104
imperial_russian_army,104
qujupao,104
blue_hijab,104
musical_note_hat_ornament,104
dipper,104
tomahawk,104
fortune_teller,104
paw_cutout,104
reveal,104
bijia,104
thai_flag,104
amabie,104
frilled_bridal_gauntlets,104
statue_of_the_seven_(cosplay),104
multiple_panties,104
multicolored_helmet,104
soldier's_set_(zelda),104
timeline,104
asymmetrical_eyelashes,104
blue_spider_lily,104
dante_(devil_may_cry)_(cosplay),104
gun_gun_cut,104
wipers,104
prism,104
octagon,104
leather_shirt,104
recipe_(object),104
dingir_(fate),104
pareo_swimsuit_(fire_emblem_engage),104
torn_bowtie,104
digitama,104
point_item_(touhou),104
aether_(genshin_impact)_(cosplay),104
i'm_such_a_fool,104
bands,104
osawa_rurino's_cardboard_box,104
holding_shorts,104
haiku,104
star_guardian_pet,104
waist_hold,104
colored_lights,104
hogwarts,104
helmet_over_one_eye,104
powerpuff_girls_(style),104
condom_on_ass,104
orange_mask,103
silver_jewelry,103
padlocked_choker,103
booth_babe,103
no_hood,103
vgen_username,103
terrace,103
keaton_mask,103
fuzzy_handcuffs,103
bandaged_weapon,103
pedal_board,103
lipstick_writing,103
choking_on_object,103
coyote_boy,103
leg_brace,103
looking_at_map,103
holding_glass_shard,103
powerful_ass,103
h&k_hk33,103
scoring_(sports),103
heart_butt_plug,103
ruined_orgasm,103
holding_to_chest,103
diamond_dust_(girls_band_cry),103
chiappa_rhino,103
blue_dougi,103
sun_with_face,103
double_fingering,103
knotted_dildo,103
wrapping_paper,103
bakatare_(hololive),103
night_sky_sword,103
leopard_2,103
tail_slapping,103
transgender_flag_print,103
holding_own_ankle,103
racist_momoi_(meme),103
ooarai_(ibaraki),103
king_of_diamonds,103
rokurokubi,103
macbook,103
wake_(wave),103
filigree,103
fetal_movement,103
cranberry,103
covered_knees,103
holding_skeleton,103
covering_forehead,103
adjusting_apron,103
multiple_caterpillar_tracks,103
white_blood,103
blue_happi,103
tezuka_osamu_(style),103
denji_(chainsaw_man)_(cosplay),103
huge_antenna_hair,103
black_whip_(boku_no_hero_academia),103
hello_kitty_(character)_(cosplay),103
pope,103
itch.io_logo,103
imminent_grope,103
double_barrels,103
smoke_from_mouth,103
ambush,103
no_undershirt,103
iris_print,103
marumage,103
anarchy_symbol,103
badger_tail,103
pinch_grip,103
imi_negev,103
gigbag,103
kagome_(pattern),103
butcher,103
lillie_(pokemon)_(cosplay),103
crocus_(flower),103
yellow_pillow,103
crypters_(fate/grand_order),103
scarlet_macaw,103
snowman_costume,103
chain_print,103
tokonoma,103
crescent_wand,103
tsubame_nishi_high_school_uniform,103
hobble_skirt,103
white_tongue,103
shielding_another_from_rain,103
love_guitar_rod,103
ghoul_(fallout),103
teddy_bear_ornament,103
invisible_shoes,103
disfigured,103
baltimore_(azur_lane)_(cosplay),103
floating_liquid,103
no_image,103
tuxedo_jacket,103
bellyjob,103
hakuren,103
less_than_chest_height,102
green_shell_(mario),102
destroyer_(eve_online),102
star-shaped_buckle,102
bite_mark_on_face,102
bling,102
chesto_berry,102
core_medal,102
holy_night_dress_(idolmaster),102
final_chapter_(fate/grand_order),102
holding_blindfold,102
nerv_uniform,102
2nd_generation_(hololive),102
picking_fruit,102
foot_on_another's_breast,102
square_hair_ornament,102
centipede_tattoo,102
standing_fellatio,102
2024_attempted_assassination_of_donald_trump,102
tower_shield,102
spider-gwen_(cosplay),102
wide-leg_pants,102
seraph_wings,102
highlighter_(makeup),102
oversized_footwear,102
houraisan_kaguya_(cosplay),102
nail_file,102
white_dragon,102
absolute_(nikke),102
silver_bow_(kid_icarus),102
reze's_eye_twitch_(chainsaw_man),102
holding_puzzle_piece,102
shark_tooth,102
ribbon-trimmed_choker,102
grind_fiction,102
notification,102
buffalo,102
moon_with_face,102
nipple_ribbon,102
haunted_house_(attraction),102
dejiko_(cosplay),102
orange_leaf,102
single_feather,102
top_of_moe_2022,102
ghostbusters_uniform,102
multiple_tongues,102
disguised_pyra_(xenoblade),102
blaster_(splatoon),102
suction_bomb_(splatoon),102
hokkamuri,102
animal_on_weapon,102
sbd_dauntless,102
dimension_shredder_(e.g.o),102
fight_cloud,102
animal_in_mouth,102
venus_love_me_chain,102
captain_america_(cosplay),102
lockseed,102
lexus,102
multi-strapped_swimsuit,102
death_star,102
group_(toaru),102
satin_clothes,102
stacked_clothes_dryer,102
shibuya_scramble_crossing,102
lagombi_(armor),102
sephiroth_(cosplay),102
kazami_yuuka_(cosplay),102
jacket_on_arm,102
glass_footwear,102
pink_overskirt,102
holding_tenbou,102
virus,101
qbz-191,101
long_claws,101
object_riding,101
ruined_(league),101
wet_ground,101
one-armed_hug,101
saliva_bubble,101
web_shooter,101
m1_carbine,101
battle_academia_(league),101
god_tier_(homestuck),101
jasmine_(flower),101
print_choker,101
pavise,101
necron,101
yellow_liquid,101
golden_bough_(project_moon),101
minotsuki_academy_school_uniform,101
excessive_lactation,101
bloody_stream,101
elevated_highway,101
plap_plap_plap_get_pregnant_(meme),101
thermostat,101
star_o-ring,101
surrendering,101
fondue,101
under-stirrup_footjob,101
han_juri_(cosplay),101
tatenashi_high_school_uniform,101
south_korea,101
folding_bicycle,101
green_nightgown,101
air_pump,101
daemon_prince,101
marmot_ears,101
stand-up_comedy,101
sweater_partially_tucked_in,101
paint_gun,101
strawbell_bell,101
liver,101
nike_air_force_1,101
dobok,101
covering_navel,101
spiral_notebook,101
armadillo_tail,101
covering_anus,101
animal_insertion,101
sagittal_plane_cutting,101
sly,101
floating_food,101
leg_blade,101
panties_over_clothes,101
parsley,101
wolf_head,101
apparition,101
executioner's_sword,101
alcina_dimitrescu_(cosplay),101
camouflage_gloves,101
ishikawa_ken_(style),101
spring_onion_print,101
arona_(blue_archive)_(cosplay),101
hippie,101
alto_mare,101
packing_peanuts,101
thistle,101
ai_drawing_anime_characters_eating_ramen_(meme),101
ohagi_(food),101
easy_breezy,101
pipe_organ,101
head_between_knees,101
stencil_lettering,101
genkou_youshi,101
osandon,101
medium_support_(meme),101
landolt_c,101
cracked_helmet,101
orbital_frame_(zone_of_the_enders),101
pioneer_movement,101
strip_poker,101
toilet_paper_tube,101
ironclad,101
pinstripe_ascot,101
clitoris_clamp,101
drill_polearm,101
yukata_lift,101
sledding,101
loose_panties,101
koala_forest_military_uniform,101
miserable_fate,101
eisei_sankyou_(umamusume),101
noodle_strainer,101
ada_wong_(cosplay),101
book_on_breasts,101
mikuru_beam,101
beauty_swimsuit_(idolmaster),101
floating_weapon_behind_back,101
scorch_mark,101
chair_tipping,101
constellation_(love_live!),101
porthole,101
failnaught_(fate),101
push_down,101
among_us_eyes_(meme),101
kneehighs_pull,101
concept_maihime_(idolmaster),100
sitting_on_leg,100
tail_in_ass,100
bikini_top_peek,100
original_terror_(blue_archive),100
top!_clover_(idolmaster),100
blind_eye,100
french_flag_print,100
for_the_better_right?_(meme),100
walk_cycle,100
kizu_darake_no_te_de_watashi-tachi_wa_(project_sekai),100
decal,100
weapon_on_wall,100
piecey,100
blocked_senses,100
never_give_up_cooking!_(project_sekai),100
burger_king_crown,100
lungmen_logo,100
trapeze_dress,100
helicopter_tail,100
mallet_(instrument),100
angel_leotard,100
zabaniya_(fate),100
friend_ball,100
lace-trimmed_jacket,100
crychic_(bang_dream!),100
fried_food,100
kobe,100
spiked_legwear,100
triple_anal,100
keypad,100
shining_finger,100
amnesia,100
liliel_(2.5_jigen_no_ririsa)_(cosplay),100
code,100
astrolabe,100
chasen,100
feeding_animal,100
yasuhiko_yoshikazu_(style),100
sketchbook_full_colors's_school_uniform,100
bound_tail,100
pastel_goth,100
mandarin_orange_slice,100
soshite_ima_ribbon_wo_musunde_(project_sekai),100
rubbing_hands_together,100
applying_lotion,100
noogie,100
it's_all_a_matter_of_angle_(meme),100
imadake_dabuchi_tabemi_(cosplay),100
incoming_object,100
holding_portrait,100
guanjin,100
party_whistle,100
tutor,100
c4,100
gigachad_(meme),100
standing_footjob,100
ame-no-sakahoko_(fate),100
biting_ass,100
class_number,100
pussy_on_glass,100
dashed_border,100
smoke_ring,100
suspended_cage,100
kamakura_(city),100
dunmer,100
2nd_live_tour_~blooming_with_ooo~,100
dp-27,100
progrisekey,100
pangolin_ears,100
golden_shrimp_balls_(genshin_impact),100
soapy,100
goku_day,100
tetra_dualies_(splatoon),100
takao_(kancolle)_(cosplay),100
ivy_cudgel_(pokemon),100
uwasa_(madoka_magica),100
binding_blade_(weapon),100
clover_ornament,100
paper_in_mouth,100
cammy_stretch_(meme),100
tank_gun,100
lemur_girl,100
checkered_shoes,100
head_fuse,100
crank,100
emilia_(re:zero)_(cosplay),100
dolls_kissing,100
holding_makeup_palette,100
doe-foot_applicator,100
diagonal-striped_thighhighs,99
vertical-striped_ribbon,99
after_peeing,99
spirits,99
see-through_chemise,99
feather_capelet,99
bunny_hood_(zelda),99
fan_print,99
magic_healing,99
blood_vessels,99
bookshelf_pov,99
drawn_flower,99
walther_p99,99
cracked_armor,99
ribbon-trimmed_coat,99
rose_window,99
hat_veil,99
cats_are_liquid,99
clitoris_leash,99
taiyou_gakuen_uniform,99
multi-strapped_dress,99
iphone_x,99
blue_hanbok,99
mini_hair_bow,99
bite_mark_on_back,99
spoken_dollar_sign,99
urban_camouflage,99
yellow_pepper,99
tapping_foot,99
beaver_girl,99
mole_on_hand,99
mask_around_one_ear,99
ryoujoku_school_uniform,99
higashikata_josuke's_pose,99
moray_eel,99
torn_choker,99
holding_compass,99
bayonetta_(cosplay),99
liberty's_tail_(nikke),99
gold_scales,99
ravine,99
think_mark_think!_(meme),99
purple_male_swimwear,99
monument,99
legs_on_another's_lap,99
hololive_friends_(plush),99
henshin_belt_gavv,99
mt._silver,99
fushimi_inari_taisha,99
white_lotus,99
crossed_weapons,99
shure_55sh,99
sculpting,99
white_blanket,99
twisted_breasts,99
nodowa_(gorget),99
nixie_tube,99
coreflame_(honkai:_star_rail),99
yuntouxie,99
pulling_tongue,99
indigo_academy_school_uniform,99
standing_on_torii,99
leash_between_breasts,99
tail_scrunchie,99
gundam_aerial_slap_(meme),99
orange_loincloth,99
hypnoshades_(splatoon),99
mongolia,99
genki_dama,99
simple_flower,99
type_95_ha-gou,99
fraid,99
colored_saliva,99
shiki_eiki_(cosplay),99
locking,99
one_man_army,99
yellow_sponge,99
asahina_mikuru_(cosplay),99
hyadain_no_kakakata_kataomoi_-_c,99
mechanical_cyclops_eye,99
nazi_flag,99
pteruges,99
fingers_to_head,99
leg_support,99
rumia_(cosplay),99
asymmetrical_coat,99
two-legged_horse_(kanji),99
x-wing,99
light_bulb_above_head,99
imaishi_hiroyuki_(style),99
murakumo_(kancolle)_(cosplay),99
mihoshi_academy_school_uniform,99
videocassette_recorder,99
tissue_in_nose,99
marmot_girl,99
nice_boat_(meme),99
three-finger_salute,99
gamilas,99
butterfly_on_hair,99
gigandal_federation,99
naka_(kancolle)_(cosplay),99
laughing_man_(gits),99
blood_on_object,99
sitting_against_vehicle,99
imperial_war_flag,99
flower-trimmed_bra,99
black_eagles_(fire_emblem),99
unbuckled,99
i-beam,98
curse_seal,98
kaito_(vocaloid)_(cosplay),98
yellow_nipples,98
german_national_soccer_team_uniform,98
brand_of_sacrifice,98
grey_butterfly,98
sea_bunny,98
scratching_neck,98
bow_headband,98
donkey_tail,98
eyes_visible_through_headwear,98
fanlight_window,98
alternate_art_style,98
yellow_bonnet,98
multicolored_robe,98
marie_rose_(cosplay),98
tamagoyaki_pan,98
green_hill_zone,98
rizu-kyun_(cosplay),98
hakutaku,98
spy,98
backless_sweater,98
testicle_tattoo,98
surgeon,98
holding_pan,98
hunter_(bloodborne)_(cosplay),98
fogged_glasses,98
single_hand,98
holding_radio,98
philippine_flag,98
penalty_card,98
paopu_fruit,98
single_unworn_shoe,98
shipyard,98
licking_back,98
velvet_room,98
mechanix_wear,98
lion_print,98
what's_in_my_bag,98
stomacher,98
sprite_(drink),98
hennin,98
shootout,98
golden_butterfly,98
urinary_drainage_bag,98
canele,98
dam,98
legionnaire,98
paisley,98
drawstring_pull,98
water_stone,98
very_long_cape,98
bmw_m3,98
philtrum,98
mogura_(nichijou),98
golden_eater,98
bygone_days_(e.g.o),98
ibuki_suika_(cosplay),98
dream_eater_(kingdom_hearts),98
watson_amelia_(cosplay),98
wringing_dress,98
pantyhose_lift,98
plaid_camisole,98
jeep_(company),98
breast_size_switch,98
fried_rice_prank_(meme),98
foot_on_another's_chest,98
bloblobber_(splatoon),98
elevator_operator,98
f4f_wildcat,98
holding_stake,98
vat,98
black_thighlet,98
phantom_thief_erichika,98
mordred_(fate)_(cosplay),98
twitter_suki,98
stuffed_squirrel,98
layered_armor,98
bizarre_rain,98
whoop_catsuit,98
lube_on_breasts,98
uzumaki_naruto_(cosplay),98
banana_hair_ornament,98
ionioi_hetairoi_(fate),98
broken_arrow,98
superimposition,98
disproportionate_retribution,98
nozzle,98
spade_brooch,97
dolphin_penis,97
leaf_in_hair,97
two-tone_pubic_hair,97
chinese_paper-cut,97
snake_mouth,97
joke,97
dolphin_print,97
reisalin_stout_(cosplay),97
green_swim_trunks,97
checking_watch,97
cafe_cuties_(league),97
hat_flaps,97
grey_overskirt,97
polish_clothes,97
phoenix_wings,97
nakaue_shigehisa_(style),97
mooring_bollard,97
holding_pliers,97
saab,97
rewind_button,97
eternal_tiare,97
stegosaurus,97
sos,97
hebrew_text,97
break_action,97
grape_stomping,97
clinic,97
gong,97
fake_pregnancy,97
ten_of_diamonds,97
cat_brooch,97
striped_sarong,97
vectors,97
dvddvd_(meme),97
^v^,97
raijinto_(fire_emblem),97
whimsy_twee,97
a-10_thunderbolt_ii,97
takarazuka_kinen,97
dark_mage_(fire_emblem_fates),97
marble_floor,97
how_to_talk_to_short_people_(meme),97
north_korea,97
winnie_the_pooh_reading_(meme),97
ichigo_junior_high_uniform,97
calculus,97
combo_counter,97
drawing_on_dirt,97
scribble_background,97
fringe-trimmed_capelet,97
skullcap,97
ring_pop,97
through_sunroof,97
checkered_bra,97
secret_distance_(project_sekai),97
official_alternate_horns,97
group_costume_switch,97
equal_sign,97
adjusting_another's_eyewear,97
mutual_handjob,97
swordstaff,97
lemon_tree,97
drive-by,97
heavy_ball,97
qixi_festival,97
flash_drive,97
animasa_model_(mikumikudance),97
holding_game_cartridge,97
ice_dragon,97
chain_gun,97
doner_kebab,97
non-binary_flag,97
irken_uniform,97
matoi,97
kashima_high_school_uniform,97
smile_lines,97
poker_face_failure,97
booba_(meme),97
tiger_hair_ornament,97
majesty_palm,97
tiger_hat,97
attic,97
sticker_on_hair,97
tape_dispenser,97
across_the_stars_(idolmaster),97
vibrator_under_pantyhose,97
table_tennis_net,97
team_ascella,97
howl_(howl_no_ugoku_shiro)_(cosplay),97
tassel_necklace,97
nyantcha_(style),97
energy_orb,97
necktie_over_shoulder,97
six_of_clubs,97
elder_spear,97
shocked_black_guy_(meme),97
nick_wilde_(cosplay),97
deaf,97
sennheiser,97
en'enra,97
barbarian_set_(zelda),97
multiple_pregnancy,96
escrima_sticks,96
yellow_snake,96
faiz_driver,96
high-waist_bikini,96
art_deco,96
bluk_berry,96
holding_hood,96
chisato_and_takina_kicking_each_other's_butt_(meme),96
tortoiseshell_cat,96
runway_fashion,96
covenant_halo_(girls'_frontline_2),96
triangle_o-ring,96
energy_scythe,96
torn_cloth,96
ribbon_hair,96
nagato_(kancolle)_(cosplay),96
hole_in_hand,96
thors_military_academy_school_uniform,96
tentacle_masturbation,96
glowing_staff,96
tattoo_between_breasts,96
tuning_fork,96
hasshaku-sama_(cosplay),96
o-ring_legwear_garter,96
paint_on_hands,96
vdv,96
personality_core,96
heart_ahoge_duo,96
sumo_sticker_(chaos;child),96
riding_dinosaur,96
watchtower,96
see-through_(psg),96
holding_pacifier,96
tool_kit,96
gable_roof,96
lottery,96
wooden_plate,96
grey_bird,96
kobold,96
imperial_german_flag,96
single_floppy_ear,96
nethermare,96
lace_skirt,96
green_stem_(e.g.o),96
ooo_driver,96
magazine_ejection,96
spoken_smile,96
mismatched_arms,96
leekspin_(meme),96
non-cat_lingerie,96
side-tie_costume,96
leaf_panties,96
malaysian_secondary_school_uniform,96
torn_bag,96
bubble_gun,96
jumpsuit_pull,96
italian_senate_porn_livestream_(meme),96
cat_covering_ears_(meme),96
pinap_berry,96
lupin_dive,96
cicada_hug,96
oozora_subaru_(cosplay),96
reebok,96
arson,96
japari_coin,96
qbz-97,96
mechanical_skirt,96
doufang,96
huh?_cat_(meme),96
studio_ghibli_(style),96
tri-slosher_(splatoon),96
horse_pussy,96
nami_(one_piece)_(cosplay),96
youkai_mountain,96
armor_skirt,96
blu-ray,96
israeli_flag,96
sweet_flower,96
haro_button_badge,96
oguri_oguri_(meme),96
dianzi,96
argyle_bowtie,96
hermitaur_(armor),96
moon_(symbol),96
clover_pin,96
thighhigh_dangle,96
cure_marine_(cosplay),96
candle_on_headwear,96
1985,96
isbn,96
tequila,96
heaven_condition,96
sitting_on_robot,96
mofumofuen_(idolmaster),96
porcupine_ears,96
andromeda_(constellation),95
mg3,95
cinq_association_west_uniform,95
grey_buruma,95
black_dickey,95
obscured,95
hand_on_another's_headwear,95
nightsoul_blessing_state,95
standing_on_roof,95
counting_money,95
slovenly,95
grey_haori,95
flower_on_face,95
mmd_threesome,95
make_america_great_again,95
shark_nose_art,95
thoracalgia_(e.g.o),95
blue_lions_(fire_emblem),95
steam_deck,95
3dio,95
defibrillator,95
implied_after_paizuri,95
diable_jambe,95
silver_leotard,95
flapper_girl,95
glowing_animal,95
mask_on_shoulder,95
holding_earrings,95
straight-arm_salute,95
various_blushing_faces,95
servant_summer_festival!_2023,95
impossible_pants,95
just_monika_(meme),95
gumball,95
beer_tap,95
edelweiss_(flower),95
matou_family_(fate),95
heziqun,95
zombie_costume,95
taste_of_a_liar_(meme),95
banana_costume,95
glowing_scar,95
fantia_logo,95
pen_spinning,95
shared_pocket,95
stomach_piercing,95
traveler's_original_sword_(genshin_impact),95
animal_crossing_(style),95
blue_jay,95
nuclear_explosion,95
handjob_under_clothes,95
regeneration,95
dotted_half_note,95
collared_bikini,95
pelisse,95
yumizuki_imperial_high_school_uniform,95
hand_on_handle,95
kebaya,95
crosshair_pov,95
come_at_me_bro,95
pheasant,95
nissan_silvia_s13,95
antelope,95
perverted_excuse,95
holding_hoodie,95
object_on_pectorals,95
bat_background,95
kiryu_kazuma_(cosplay),95
entrenching_tool,95
food_with_face,95
boxbinder,95
scotch_(cookie)_(style),95
unlimited_shining,95
akatsuhara_empire,95
healer_u_(armor),95
danish_flag,95
portmanteau,95
mesa,95
hands_on_another's_hands,95
orange_bridal_gauntlets,95
slave_crown_(ff6),94
chain_necktie,94
holding_paint_roller,94
socket_wrench,94
multicolored_tiara,94
earphones_around_neck,94
elementary_schoolmate_(idolmaster),94
kuroe_shizuku_(cosplay),94
hands_on_bed,94
implied_lactation,94
scratching_back,94
pentagram_earrings,94
plaid_leg_warmers,94
divine_entity,94
albino_animal,94
circus_tent,94
plasma_pistol,94
nekoken_technique,94
diagonal-striped_neckerchief,94
quilted_headwear,94
marching_band_(idolmaster),94
fishnet_leggings,94
old_nail_(hollow_knight),94
neck_feathers,94
mygo!!!!!_logo_(bang_dream!),94
holding_blister_pack,94
markings_on_cheeks,94
beam_shield,94
popularity_contest,94
hibiki_(blue_archive)_(cosplay),94
book_skirt,94
nintendo_ds_lite,94
fantasy_racism,94
imminent_throw,94
ithaca_m37,94
partisan_(weapon),94
spinning_teacup,94
fish_ornament,94
jack_of_diamonds,94
oota_kuniyoshi_face_(meme),94
username,94
daiwa_scarlet_(umamusume)_(cosplay),94
my_little_pogchamp_(meme),94
padded_vest,94
hanako_(blue_archive)_(cosplay),94
morpho_paresia_(idolmaster),94
k9_(dog),94
oenothera_(flower),94
v.w.p_(kamitsubaki_studio),94
red_teeth,94
two-tone_slingshot_swimsuit,94
apron_basket,94
funnel_(tool),94
z-move,94
daewoo_k1,94
baby_hippopotamus,94
glowing_snowflake,94
stork,94
paw_print_panties,94
magpul,94
ugly_sweater,94
spice,94
antithetical_couplet,94
snowbell_(flower),94
amiibo,94
leather_(palico_armor),94
spade_pendant,94
a5m,94
beam_magnum_(gundam),94
true_velocity_rm338,94
regulator_(ff14),94
tatsumaki_(cosplay),94
tiger_(p),94
god_knows...,94
sheep_hat,94
multiple_seasonal_school_uniforms,94
dahlia_academy_boarding_school_uniform,94
bycocket,94
forklift,94
southern_cross_academy_school_uniform,94
ryukishi07_(style),94
floro_(7th_dragon),94
hat_on_chest,94
footwear_bell,94
sea_bream,94
nissan_180sx,94
ancient_dark,94
vergil_(devil_may_cry)_(cosplay),94
charizard_pose,94
jeanne_d'arc_alter_santa_lily_(fate)_(cosplay),94
fake_scrollbar,94
wharf,93
striped_nails,93
see-through_hat,93
sig_p228/p229,93
bar_chart,93
holding_medal,93
starfruit,93
padded_room,93
salad_bowl,93
miyu_edelfelt_(magical_girl)_(cosplay),93
somehow_has_time-traveled_(meme),93
welding,93
spine_sword,93
traffic_officer,93
teardrop_necklace,93
inverted_umbrella,93
peeing_on_viewer,93
holding_tweezers,93
odogaron_(armor),93
beetle_horn,93
ski_boots,93
wizardriver,93
eyelash_curler,93
chin_spike,93
rgb_lights,93
lancia_(brand),93
imminent_eating,93
plaid_male_underwear,93
tenseiga_(sword),93
grey_alien,93
otter_boy,93
instrument_hair_ornament,93
fellatio_through_clothes,93
pumpkin_pie,93
letter_banner,93
amaryllis_(flower),93
ice_sculpture,93
plaid_bag,93
holding_pendant,93
putting_on_condom,93
thick_back_hair,93
knot_print,93
too_many_condoms,93
nanami_chiaki_(cosplay),93
team_flare_uniform,93
ipod_nano_5g,93
rabbit-shaped_eyewear,93
freefall,93
gibberish_text,93
rainbow_choker,93
lace-up_heels,93
holding_tree,93
breast_pull,93
camouflage_bag,93
on_jet_ski,93
metroid_suit,93
zaft_(gundam),93
draco_(constellation),93
yuigaoka_music_program_school_uniform,93
horn_bell,93
okina_mask,93
chengdu_j-20,93
leotard_peel,93
card_pendant,93
kagiyama_hina_(cosplay),93
table_flip,93
combat_shirt,93
dragon_hat,93
ryuko_redraw_(meme),93
man_levitating_pizza_(meme),93
sloshing_machine_(splatoon),93
trompe_l'oeil,93
mirage_pen,93
grooming,93
bee_boy,93
onono_imoko_(style),93
ribbon_cable,93
purple_ears,93
gear_fourth,93
faded_halo,93
dr._ratio's_book_(honkai:_star_rail),93
in_hot_air_balloon,93
broken_finger,93
gem_belt,92
gradient_leotard,92
between_testicles,92
minamoto_no_raikou_(fate)_(cosplay),92
cactus_girl,92
coyote,92
aventail,92
antique_seraphim_(blue_archive),92
ice_cream_print,92
excuse_me_he_asked_for_no_pickles_(meme),92
vest_pouch,92
type_74_(tank),92
lop_rabbit,92
star-shaped_cookie,92
scramble_fan_festa!_(project_sekai),92
spa_headband,92
checkout_(shopping),92
head_between_legs,92
number_background,92
strip_club,92
entity_(lethal_company),92
yoshida_akihiko_(style),92
sarkany_csont_landzsa,92
baked_potato,92
floating_staff,92
umbrella_corporation_logo,92
footjob_with_sandals,92
warts,92
queen_of_clubs,92
duck_hood,92
pearl_belt,92
toy_dinosaur,92
holding_bars,92
bird_feeding,92
ankle_tattoo,92
new_star_guild_(stella_sora),92
helltaker_dance,92
cotton_boll,92
pommel,92
hair_knot,92
black_knife_(elden_ring),92
funeral_kimono,92
broken_phone,92
mejiro_mcqueen_(umamusume)_(cosplay),92
dog_lead,92
tea_ceremony,92
anatomy_of_a_gamer_(meme),92
headwear_through_crown,92
localized_gravity,92
poke_flute,92
grey_garter_straps,92
ass_mousepad,92
pikaclones,92
print_bandeau,92
bucket_spill,92
baozi_hair_ornament,92
saddle_shoes,92
draw_an_original_girl_with_all_the_traits_that_your_followers_like,92
tactical_witch,92
tied_from_afar,92
bra_tug,92
mouse_hood,92
40mm_grenade,92
haskap,92
pluto_symbol,92
kosho_academy_school_uniform,92
santa_bra,92
nintendo_dsi,92
las_plagas,92
crescent_pendant,92
camouflage_dress,92
usada_hikaru_(cosplay),92
log_cabin,92
clownpiece_(cosplay),92
seitetsu_academy_school_uniform,92
yagokoro_eirin_(cosplay),92
severed_tail,92
chikage_(bloodborne),92
tsuyu_sauce,92
crystal_carillon,92
on_ice,92
no_reflection,92
overblot,92
star-shaped_hair,92
ei_ei_okotta?_(meme),92
millennium_rod,92
2d_dating,92
comp_(megami_tensei),92
brotherhood_(ff10),92
egyptian_trend_(meme),92
thumbs_in_pockets,92
torn_underwear,92
angels_of_delusion_kfc_bag,91
pelvis,91
white_dickey,91
applying_another's_manicure,91
crested_ibis,91
school_wear_(idolmaster),91
spanish_national_soccer_team_uniform,91
panties_around_feet,91
frilled_suspenders,91
orientation_play,91
foot_on_another's_thigh,91
headband_over_one_eye,91
swinging_object,91
dirty_legwear,91
statue_of_her_excellency_(genshin_impact),91
short_apron,91
proton_pack,91
penis_to_navel,91
ragdoll_(cat),91
key_coffee_(meme),91
necktie_in_pocket,91
veiny_legs,91
octopus_print,91
swan_boat,91
o-ring_necktie,91
fuzzy_clothes,91
striped_jumpsuit,91
balancing_on_finger,91
burning_hair,91
rabbit_cutout,91
aoshidan_(emblem),91
burnt_hair,91
clitoral_circular_saw,91
cat_pajamas,91
wrap_towel,91
black_teeth,91
red_bloomers,91
ehho_ehho_(meme),91
caterpillar_girl,91
too_many_hearts,91
kuho_girls_academy_school_uniform,91
art_vs_artist,91
bowser_logo,91
blood_on_hat,91
aoyama_goushou_(style),91
orange_bloomers,91
akagi_(kancolle)_(cosplay),91
mossberg_500,91
hellomegu!,91
cute_x_subculture_hatsune_miku_design_contest,91
checkered_gloves,91
limousine,91
angel_day,91
ugoitenai_no_ni_atsui_yo_(meme),91
hot_tub,91
future_gadget_lab,91
holding_christmas_tree,91
anthias_(fish),91
recollection_(blue_archive),91
object_to_mouth,91
leg_on_another's_leg,91
electronic_warfare_ship_(eve_online),91
post_orgasm_torture,91
harmony_(e.g.o),91
aquamarine_(gemstone),91
venus_symbol_earrings,91
stamen,91
gian_punch_(meme),91
too_many_pikachu,91
candy_apple_hair_ornament,91
greenery_day,91
combination_wrench,91
manzai,91
nissan_silvia_s14,91
concept_police_(idolmaster),91
white_santa_costume,91
mankanshoku_mako_(cosplay),91
too_many_fish,91
actress,91
huge_ass_lying_on_couch_pose_(meme),91
sheryl_nome_(cosplay),91
full_cowling_(boku_no_hero_academia),91
panzer_iii,91
hsien-ko_(cosplay),91
tube_(container),91
two-tone_ascot,91
honeycomb_(object),91
sangheili,91
part_time_job,91
rome_(city),91
marimo,91
mysterious_heroine_xx_(fate)_(cosplay),90
holding_boomerang,90
gold_claws,90
ravenous_suit,90
swinging_(relationship),90
ventriloquism,90
abs_peek,90
kitten_heels,90
counting_sheep,90
lawnmower,90
flower_panties,90
holding_rolling_pin,90
panchang_knot,90
datsun,90
secretary_settings_(arknights),90
halo_removed,90
touhou_21st_popularity_poll,90
sand_bucket,90
fairy_lights,90
ice_floe,90
character_name_tattoo,90
originite_prime_(arknights),90
dino_buckler,90
lobster_girl,90
sadamoto_yoshiyuki_(style),90
welding_goggles,90
high_jump,90
dream-space_occult_class_(touhou),90
cradle_position,90
flogger,90
old_tales_(nikke),90
miclone,90
freikugel_(fire_emblem),90
furball,90
kamura_(palico_armor),90
automatic_door,90
net_ball,90
holding_own_horns,90
mizutsune_(armor),90
artoria_caster_(fate)_(cosplay),90
femme_fatale,90
elysia_(honkai_impact)_(cosplay),90
amate_yuzuriha_(cosplay),90
multiple_reverse_traps,90
ohtori_academy_school_uniform,90
yoshida_yuuko_(cosplay),90
silver_legwear,90
h.s.c.t._(love_live!),90
super_nintendo,90
touching_another's_back,90
hard_drive,90
rainforest,90
blue_pillow,90
soviet_navy,90
assembling,90
hundred-footed_death_maggot_(e.g.o),90
kibasen,90
sasumata,90
immiscible_discord_(project_sekai),90
esrb,90
ju_87,90
holding_painting,90
green_lining,90
traditional_harpy,90
towel_pull,90
potty,90
zuikaku_(kancolle)_(cosplay),90
ran_ran_ru,90
ryu_(street_fighter)_(cosplay),90
type_10_(tank),90
tsukishima_general_high_school_uniform,90
shell_jacket,90
hey_i_could_have_died_(meme),90
disposable_camera,90
metal_sand,90
blade_catching,90
liberator_(exs-tia),90
cramp,90
floating_jacket,90
geoduck,90
sploot,90
turian,90
godzilla_(cosplay),90
shinkawa_youji_(style),90
iron_man_(cosplay),90
minato_aqua_(cosplay),90
seisen_school_uniform,90
stronghold_protocol_(arknights),90
muji_body_fitting_sofa,90
durandal_(fire_emblem),90
tidal_wave,90
monster!_devil_(idolmaster),90
card_with_aura,90
metal_wire,90
birthday_jacket_(twisted_wonderland),90
inubashiri_momiji_(cosplay),90
instagram_story,90
musashi_(kancolle)_(cosplay),90
sitting_on_mushroom,90
animal_shoes,90
lockpick,90
holding_stapler,90
sans_(undertale)_(cosplay),90
gingham_bowtie,90
kotonohatoh_uniform,89
imminent_ejaculation,89
moccasins,89
bell_ringing,89
photocopying_self,89
hair_color_switch,89
santa_cape,89
nurse_dress,89
holding_own_leg_back,89
celery,89
potential_unleashed,89
black_bike_shorts,89
pumpkin_ornament,89
slime_on_head,89
robin_(bird),89
amegakure_symbol,89
grand_star_(mario),89
milk_mustache,89
holding_cotton_swab,89
chile,89
vspo!_matching_outfit,89
solid_snake_(cosplay),89
dinosaur_print,89
ending_celebration,89
type-1_energy_sword,89
qbu-88,89
dutch_text,89
glow-in-the-dark,89
electric_screaming_(e.g.o),89
chest_mouth,89
whistle_in_mouth,89
cadillac,89
covering_another's_eye,89
creature_on_hand,89
squirting_dildo,89
mute_speaker_sign,89
oyster_pail,89
this_is_fine_(meme),89
sigma_symbol,89
removing_headwear,89
holding_macaron,89
shotel,89
blood_on_sleeves,89
pp-19_bizon,89
grabbing_another's_pectorals,89
bent_w,89
akatsuki_(ensemble_stars!),89
kingfisher,89
stuffed_koala,89
shoulderstand,89
paradise_private_academy_school_uniform,89
in_nest,89
fake_penis_shadow,89
green_garter_belt,89
hatsuboshi_gakuen_gym_uniform,89
divine_markings,89
almond_tofu_(genshin_impact),89
aqueduct,89
meer_campbell_(cosplay),89
arrow_earrings,89
multicolored_sailor_collar,89
nail_hair_ornament,89
camera_hold_pose_(han-0v0),89
hyadain_no_joujou_yuujou,89
tourmaline,89
green_santa_costume,89
surgical_scar,89
washing_face,89
stuffed_otter,89
bandaged_wings,89
old-fashioned_swimsuit,89
blush_visible_through_hands,89
bellwall_school_uniform,89
gauze_on_thigh,89
hercules_(constellation),89
tail_bondage,89
sword_surfing,89
nes,89
pinstripe_socks,89
doctor_(arknights)_(cosplay),89
cigarette_burn,89
cleaning_gun,89
smelly_pussy,89
stuffed_tomato,89
hinanawi_tenshi_(cosplay),89
art_room,89
grabbing_another's_dress,89
pillion,89
monster_arm,89
shoulder_bow,89
fukurodani_volleyball_uniform,89
blob_(google),89
royal_magic_wand_(svtfoe),89
clenched_butt,89
ignihyde_dorm_uniform,89
blacked_male,89
shiny_cats_pact,89
money-shaped_pupils,89
enoshima_electric_railway,89
tongue_suck,89
raijuu,89
spiked_shield,89
toyota_supra_mk_v,89
duo_chromatic,89
traum_(fate/grand_order),89
kogetsukan_satsujin_jiken,89
hand_in_clothes,89
bulb_pump,88
stuffed_giraffe,88
on_leaf,88
bow_necklace,88
cocaine,88
number_earrings,88
ink_on_breast,88
sex_invitation,88
director's_chair,88
blood_on_mirror,88
pop_art,88
hoof_gloves,88
holding_bubble,88
chain_hairband,88
knee_boobs,88
star-shaped_bag,88
freight_train,88
thousand_sons,88
pear_blossoms,88
ornate_chastity_cage,88
single_pasty,88
carrot_cake,88
lightning_bolt_necklace,88
sorganeil,88
champagne_coupe,88
true_zangetsu_(shikai),88
holding_ice_cream_scoop_(utensil),88
weather,88
family_tree,88
aoba_johsai_volleyball_uniform,88
lace-trimmed_shirt_collar,88
radome,88
riot_helmet,88
mini_piano,88
arrow_symbol_hair_ornament,88
pepe_punch_(meme),88
georgia_max_coffee,88
nine_of_diamonds,88
sex_through_torn_clothes,88
punishment_game,88
miracreation_(original),88
st._lulim_school_uniform,88
red_queen_(sword),88
torn_blindfold,88
duet,88
too_many_umbrellas,88
brown_male_swimwear,88
gutter,88
triangle_button,88
yurodiviye_(identity)_(project_moon),88
viltrumite,88
eight_of_spades,88
papillon_mark_(idolmaster_million_live!),88
uchiha_sasuke_(cosplay),88
drama_cd,88
rabbit_paws,88
cherry_stem_knot,88
full_face_makeup,88
peanut_butter,88
pull,88
lying_on_clothes,88
beer_glass,88
night_raven_college_labwear,88
chevrolet_camaro,88
green_bridal_gauntlets,88
magatama_print,88
two-tone_armband,88
brown_buruma,88
holographic_horns,88
frayed_skirt,88
flesh_storage_bulbs,88
ku_korose!,88
kanazawaben,88
spoken_clothes,88
grazing_(livestock),88
webpage,88
depth_charge_projector,88
maxillary_rictus,88
mondragon_rifle,88
camouflage_trim,88
makankousappou,88
glowing_glasses,88
when_mama_isn't_home_(meme),88
pumpkin_brooch,88
cz_805_bren,88
smokey_eyeshadow,88
onion_slice,88
orthodox_cross,87
catwalk_(modeling),87
two-tone_headband,87
orange_arm_warmers,87
wrists_bound_apart,87
mickey_mouse_(symbol),87
tail_armor,87
brazilian_flag_bikini,87
one_arm_push-ups,87
fifa_world_cup_trophy,87
large_head_wings,87
vision_test,87
hockey_sweater,87
multicolored_butterfly,87
chocolate_hair_ornament,87
penguin_print,87
spiral_cheeks,87
two-sided_poncho,87
chouzetsusaikawa_tenshi-chan_(cosplay),87
question_mark_ahoge,87
yellow_bridal_gauntlets,87
fetch,87
rope_bridge,87
imminent_stabbing,87
armpit_onigiri,87
heart-shaped_hole,87
optical_camouflage,87
purple_assault_visor,87
laser_hallway,87
princess_peach's_castle,87
crescent-shaped_pupils,87
autopenetration,87
round_nose,87
alchemist,87
cross-laced_bra,87
sagging_pants,87
flower_bush,87
floral_print_gloves,87
torn_belt,87
print_belt,87
frilled_cardigan,87
cheese_hair_ornament,87
black_turban,87
anastasia_(lostbelt)_(fate/grand_order),87
lapis_lazuli_(gemstone),87
feather-trimmed_cape,87
mixed_wings,87
se.ra.ph_(fate/grand_order),87
winged_sandals,87
checkered_ceiling,87
snowflake_liliput_(idolmaster),87
awake,87
songkran,87
orchid_mantis,87
anzio_ironworks_20mm_rifle,87
cargo_pallet,87
cr-unit_(date_a_live),87
fragarach_(fate),87
frilled_scarf,87
wringing_hair,87
rotating_light,87
ninomiya_squad's_uniform,87
snowy_owl,87
food_in_pocket,87
macaron_background,87
panties_over_bodysuit,87
guilty_kiss_(love_live!),87
newsprint_background,87
team_rainbow_rocket_uniform,87
san_francisco,87
milo_and_akouo,87
toyota_supra_mk_iv,87
zone_(energy_drink),87
maginot_military_uniform,87
don't_you_ever_stop_(meme),87
ahnenerbe_shop_uniform,87
meruru_(oreimo)_(cosplay),87
kel-tec_ksg,87
taking_notes,87
fantasy_seal,87
cum_milking,87
djinn_equip,87
no_hairclip,87
black_moon,87
ikamusume_(cosplay),87
yellow_tabard,87
stealth_fingering,87
imac,87
wraith_(apex_legends)_(cosplay),87
sleeve_pushed_up,87
ducking,87
rosenburg_engel_(idolmaster),87
mad_burnish,87
new_wave_(idolmaster),87
dragon_empery_(emblem),87
mess_kit,87
tanker_jacket,87
enoshima,87
altering_(agito),86
winged_skull,86
cyber_world_(deltarune),86
holding_tube,86
bird_on_lap,86
sorry_for_being_sexy_yuni,86
altair_(star),86
lunar_eclipse,86
lure,86
shorter_than_canon,86
knighting,86
imminent_hit,86
pink_donut,86
holding_shogi_piece,86
shedding_skin,86
standing_front_split,86
energy_whip,86
holding_nose,86
shadowed,86
creature_on_arm,86
cero,86
apron_grab,86
lipstick_mark_on_forehead,86
charo_(meme),86
holding_pouch,86
animal_scarf,86
pretz,86
fist_bumping_viewer,86
hardsuit,86
soda_(e.g.o),86
aerobics,86
pineapple_hair_ornament,86
bilibili_watermark,86
timer_ball,86
flaming_horns,86
siegfried_(fire_emblem),86
blue_shell_(mario),86
roadblock,86
guided_crotch_grab,86
upward_dog,86
maribel_hearn_(cosplay),86
asymmetrical_pigeon-toed,86
inward_flipped_hair,86
pokedance_(meme),86
lipstick_mark_on_pussy,86
hamon_(jojo),86
lobster_claw,86
holonatsu_paradise,86
biting_another's_clothes,86
cut-away,86
dog_treat,86
french_clothes,86
stuffed_crab,86
pasties_under_clothes,86
shell_print,86
hashihime,86
print_bed_sheet,86
hamedori_template_(meme),86
gingham_sleeves,86
bean_bag,86
ryuujou_(kancolle)_(cosplay),86
aquila_favonia_(genshin_impact),86
artifact_(genshin_impact),86
harley_davidson,86
bikini_jeans,86
platelet_(hataraku_saibou)_(cosplay),86
typhoon,86
leucochloridium_paradoxum,86
google_street_view,86
oppai_oppai,86
seijou_academy_school_uniform,86
birthday_glasses,86
kirarigaoka_middle_school_uniform,86
amenoma_kageuchi_(genshin_impact),86
maigo_no_te_wo_hiku_sono_saki_wa_(project_sekai),86
webbing,86
animal_earrings,86
blue_journey_(hololive),86
fire_light,86
pitcher's_mound,86
aria_(zenless_zone_zero)_(cosplay),86
ak-105,86
wonder_magical_showtime!_(project_sekai),86
headhunting_permit_(arknights),86
longevity_peach_bun,86
makai_(touhou),86
naval_battle,86
esseling_(infinity_nikki),86
aqua_wrist_cuffs,86
wiping_pussy,86
inside_another's_fur,86
power_sword,86
poison_apple,86
numbers_above_head,86
touhou_12th_popularity_poll,86
nonexistent_memories_(jujutsu_kaisen),86
tagalog_text,86
huddle,86
gun_decal,86
rhine_lab_family_(arknights),86
kitagawa_marin_(cosplay),86
plaid_border,86
blazblue_insignia,86
spiked_hood,86
holding_hair_straightener,86
wasp_girl,86
ammonite,86
pulque,86
lace-trimmed_bowtie,86
chilla_(arms),86
masa_ni_(meme),86
cryptid,86
hair_chart,86
black_poncho,86
ribbed_pants,85
gothic_plate_armor,85
sprinkling,85
leg_markings,85
empty_sleeve,85
chapter_cover,85
purple_headdress,85
icosahedron,85
asterisk_(symbol),85
bonesaw,85
gradient_hoodie,85
clitoral_suction_vibrator,85
venus_symbol_hair_ornament,85
fish_hat_ornament,85
unworn_bloomers,85
mig-29,85
inoue_takina_(cosplay),85
voltaction,85
fur-trimmed_scarf,85
ultraman_suit_(hero's_comics),85
mogador_(azur_lane)_(cosplay),85
tanga_panties,85
duel_(yu-gi-oh!),85
stippling_(texture),85
cotton_panties,85
chinese_track_school_uniform,85
tidal_elegy_(e.g.o),85
penis_ornament,85
rainbow_feather_(pokemon),85
shopping_basket_cart,85
trashcan_lid,85
arm_vines,85
divine_being,85
animal-themed_vehicle,85
string_bowtie,85
peach_slice,85
lon_lon_milk,85
hibiki_(kancolle)_(cosplay),85
inconsistent_censoring,85
indian_flag,85
playing_card_print,85
12_billion_yen_incident,85
crying_cat_(meme),85
child_abuse,85
oridigi,85
torn_straps,85
at4,85
shoulder_necklace,85
training_tap,85
hex_tails,85
asymmetrical_mask,85
crash_landing,85
kurumada_masami_(style),85
rebel_alliance_(star_wars),85
implied_peeing,85
eye_color_connection,85
tuxedo_kamen_(cosplay),85
crown_of_insight,85
fur-trimmed_veil,85
sankyoin_academy_school_uniform,85
black_hijab,85
austria,85
servant,85
angewomon_(cosplay),85
cascade_badge,85
cinderella_dream_(idolmaster),85
doom_cover_parody,85
blush_visible_through_clothes,85
pen_in_mouth,85
a-rise,85
stola,85
falconry_glove,85
electric_locomotive,85
sr-25,85
igeta_(pattern),85
hair_petal,85
dark_foreground,85
team_sonic_(sonic),85
vertical-striped_collar,85
inn,85
hijiri_byakuren_(cosplay),85
marlin_(fish),85
down_boy!!_(meme),85
cometik_note_(idolmaster),85
obvious_statement,85
jack_(fish),85
kune-kune,85
ak-alfa,85
event_follow-up,85
red_telephone_box_(british),85
heavy_spear_(evangelion),85
shelving_book,85
miao_hat,85
ether_aria_(love_live!),85
groin_attack,85
pokemon_wings,85
d3a,85
taurus_curve,84
drawn_nose,84
samus's_gunship,84
hylian_(ocarina_of_time),84
deku_(zelda),84
neck_corset,84
high-waist_panties,84
broken_shield,84
red_nipples,84
norwegian_flag_print,84
eye_over_eye,84
lace-trimmed_sailor_collar,84
watching_pornography,84
blurry_text,84
implied_stepping,84
wrist_bell,84
aqua_suit,84
strapless_jumpsuit,84
inverted_cross_print,84
boobs?_wanna_touch_boobs?_(meme),84
alternate_bottom_wear,84
ankh_print,84
dried_flower,84
collarbone_tattoo,84
deneb_(star),84
yellow_fire,84
sleepwalking,84
dragon_hood,84
taihou_(azur_lane)_(cosplay),84
gagging,84
uproar_(holostars),84
fan_between_breasts,84
showgirl,84
hina_(blue_archive)_(cosplay),84
journal,84
fudanshi,84
heishou_pack-you_branch_(identity)_(project_moon),84
grateful_blue_(idolmaster),84
gashadokuro,84
beatrice_(umineko)_(cosplay),84
on-model_vs_in_your_style_challenge,84
dick_in_a_box,84
ring_light,84
holding_hula_hoop,84
jaguar_(car),84
brown_veil,84
yuanbao,84
kyaraben,84
super_leaf,84
neuralyzer,84
height_envy,84
green_petals,84
stuffed_hedgehog,84
kanchuumimai,84
chocolate_on_pectorals,84
hoodie_tug,84
marilyn_monroe_(cosplay),84
candy_cane_hair_ornament,84
water_pump,84
ming_dynasty,84
black_leash,84
fake_eyelashes,84
poking_head,84
kozaki_yuusuke_(style),84
black_sheep,84
priticket,84
wet_tail,84
stock_market,84
komedawara,84
pangolin_tail,84
nerunerunerune,84
red_shell_(mario),84
a_flat_chest_is_a_status_symbol,84
camouflage_hoodie,84
shelter,84
how_to_hold_x_(meme),84
salamanders_(warhammer),84
no_seek_no_find_(project_sekai),84
argyle_bikini,84
maus_(tank),84
ghillie_suit,84
triple_vaginal,84
iron_warriors,84
generator,84
feather_skirt,84
bandaid_on_hip,84
google_play,84
doguu,84
basilisk,84
estus_flask,84
silicon_creature_(blame!),84
silver_wolf_(honkai:_star_rail)_(cosplay),84
ijigen_fes_idolmaster_love_live!_utagassen,84
shimushu_pose,84
toy_horse,84
strawberry_jam,84
dry_suit,84
throat,84
takao_(azur_lane)_(cosplay),84
ishukone_corporation_(eve_online),84
map_pin,84
elephant_boy,84
scratching_ass,84
cure_sunshine_(cosplay),84
soaking_hands,84
hoshi_no_sanzang-chan_tenjiku_ni_iku,84
bucket_of_milk,84
maihama_minami_high_school_uniform,84
money_in_mouth,84
powder,84
spiked_cock_ring,84
trout,84
meme_inset,83
holding_sweater,83
ancient_egyptian_architecture,83
sizzler_plate,83
handjob_gesture_(not_ok),83
friction_ridges,83
lobotomy_corporation_logo,83
lying_on_ball,83
auditorium,83
opaque_sunglasses,83
licking_another's_pussy_juice,83
lipstick_mark_on_anus,83
carrot_background,83
paper_flower,83
swinging_on_web,83
standing_at_attention,83
embroidered_legwear,83
star-shaped_gem,83
badger,83
red_bodice,83
handjob_with_legwear,83
double_thumbs_down,83
miyamoto_musashi_(fate)_(cosplay),83
feather_choker,83
lawn,83
too_many_memes,83
hydrangea_hair_ornament,83
poptepipic_pose,83
dragon_mask,83
floral_print_bow,83
lightning_elemental,83
lawyer,83
satisfied,83
funsai_seyo!_unvalentine_no_fukushuu_(project_sekai),83
mario_hat,83
spoken_broken_heart,83
rabbit_pasties,83
wan_squad_of_gensokyo_(touhou),83
gomen_yuuka,83
glowing_body_fluid,83
silence_suzuka_(umamusume)_(cosplay),83
shinsengumi_swords_(touken_ranbu),83
pantaloons,83
space_wolves,83
grassrunner,83
entrance_ceremony,83
linked_bikini,83
kojitsunagi_(pattern),83
gibson_sg_(bass),83
asuna_(sao)_(cosplay),83
unsure,83
lying_on_branch,83
ringing_artifacts,83
inflatable_chair,83
insect_collection,83
tumbler,83
socks_over_pants,83
tetrahedron,83
halberd_(airship),83
string_play_spider_baby_(meme),83
embroidery_hoop,83
saint_snow,83
stellar_jade,83
blonde_armpit_hair,83
torn_overalls,83
propane_tank,83
gauze_on_neck,83
0th_generation_(hololive),83
imminent_facesitting,83
haystack,83
shrimp_tie,83
multicolored_squares_background,83
crescent_brooch,83
cat_pendant,83
outstretched_stomach,83
stacked_hats,83
ribbon-trimmed_footwear,83
blanket_cape,83
work_boots,83
soshite_hari_wa_ugokidasu_(project_sekai),83
maxim_gun,83
cape_tug,83
bead_sex_machine,83
blade_of_mercy,83
leaf_dress,83
smelly_penis,83
combined_attack,83
mofuji,83
ram_(re:zero)_(cosplay),83
slow_motion,83
larkspur_(flower),83
aqua_(konosuba)_(cosplay),83
holding_cassette,83
ryuuguu_komachi_(idolmaster),83
strawberry_brooch,83
breast_pile,83
like_an_ero-doujin,83
hero_charger_(splatoon),83
chaldea_summer_memory,83
vuvuzela,83
one_bar_prison,83
card_background,83
how_to_make_sushi_(meme),83
asashio_kai_ni_(kancolle)_(cosplay),83
hallelujah_essaim,83
takoyaki_pan,83
left_out,83
food_on_pectorals,83
aviator_glasses,83
inspecting,83
manly_tears,83
destroid,83
levin_sword,83
mall_link_suit,83
bismarck_(kancolle)_(cosplay),83
celestial_being,82
step_stool,82
alice_gear,82
excalibur_(fate/strange_fake),82
liquid_metal,82
sakihata_rimi's_d-sword,82
amigasa,82
cum_on_wall,82
uh-1_iroquois,82
hokora_(shrine),82
skeleton_horse,82
unworn_robe,82
star_maebari,82
tiltrotor,82
early_modern_english_text,82
pioneer_(nikke),82
silk_flower_(genshin_impact),82
shared_straw,82
applying_bandaid,82
matsumoto_leiji_(style),82
hololive_christmas_outfit,82
graphic_equalizer,82
reiuji_utsuho_(cosplay),82
yabuki_joe_in_a_chair_(meme),82
naked_kappougi,82
wing_umbrella,82
licking_object,82
777,82
pumpkin_shorts,82
veil_scene_14_redraw_(meme),82
butt_crush,82
chimpanzee,82
ten_of_clubs,82
gibson_les_paul_custom,82
pride_flag_question_mark_(meme),82
rice_porridge,82
twinkle_star_(idolmaster),82
crackling_box_(reverse:1999),82
leotard_over_bodysuit,82
pumpkin_earrings,82
rainbow_halo,82
rose_of_sharon,82
unplugged,82
blackish_961sp_(idolmaster),82
jervis_(kancolle)_(cosplay),82
drill_horn,82
rope_braid,82
exposed_fat,82
glowing_bird,82
yoke_(bdsm),82
taut_camisole,82
swastika_tattoo,82
monocular,82
skull_pauldron,82
great_helm,82
werehog,82
maltese_cross,82
mihoyo_icon_parody,82
blowgun,82
turkish_flag,82
double_facepalm,82
shared_hat,82
wet_leotard,82
affliction_(darkest_dungeon),82
holding_tape_measure,82
tohru_(maidragon)_(cosplay),82
frogman,82
wrap_skirt,82
toyota_hiace,82
watashi_kininarimasu,82
mouse_print,82
hand_in_another's_pantyhose,82
angel_french,82
hirasawa_yui's_middle_school_uniform,82
chicken_sandwich,82
c.c._(cosplay),82
shrine_team_(len'en),82
komakasugite_tsutawaranai_monomane_senshuken,82
on_ceiling,82
stealth_footjob,82
amaurot,82
plasma_sword,82
fire_escape,82
lemon_blossoms,82
v_formation,82
tang_jin_(headwear),82
ribbon-trimmed_jacket,82
bromide,82
lace-up_gloves,82
sam_porter_bridges_(cosplay),82
open_gift,82
lace_veil,82
holding_relay_baton,82
playboy_pokemon,82
shoulder_hair,82
swimsuit_under_swimsuit,82
kame_house,82
mochizuki_kei_(style),82
piledriver_(wrestling),82
yuzuki_yukari_(cosplay),82
steam_from_nose,82
dawn_office_(identity)_(project_moon),82
absorbing,82
deku_mask,82
alcohol_enema,82
konjiki_no_yami_(cosplay),82
candy_heart,82
tenebrism,82
flow_glow_(hololive),82
camouflage_legwear,82
bidet,82
neko_nabe,82
labrador_retriever,82
sakamoto_clan_(emblem),82
head_on_another's_back,82
double-parted_hair,82
fenix_uniform,82
the_kogado_(idolmaster),82
motherboard,82
buster_bros!!!,82
adjusting_belt,82
lock_earrings,82
tileable,82
maya_(culture),82
japanese_tankery_league_judge_uniform,82
cybertron,82
fishnet_shorts,82
satin_sheets,82
sonic_adventure_pose,82
tape_blindfold,81
box_braids,81
holding_lute,81
basket_hilt,81
regret_(e.g.o),81
hoshino_ai_(cosplay),81
dream_ball,81
shimizu_hinako_(cosplay),81
evidence_markers,81
italian_flag_bikini,81
roundhouse_kick,81
stelle_(honkai:_star_rail)_(cosplay),81
head_wreath_removed,81
washing_clothes,81
arm_between_another's_legs,81
boeing_747,81
spoken_no_symbol,81
fake_whiskers,81
kimi_ni_matsuwaru_mystery,81
pursuance_(e.g.o),81
mom_and_her_daughter_(meme),81
sig_sg550,81
mori_calliope_(cosplay),81
bottle_between_thighs,81
monk_shoes,81
shanghai,81
detached_tail,81
striped_hood,81
exploration_ship_(eve_online),81
new_emperor_team_(len'en),81
grabber_tool,81
cum_on_neck,81
notice,81
front_sitting_split,81
flower_pendant,81
gunbelt,81
female_corrin_(fire_emblem)_(cosplay),81
pussy_tentacle,81
led,81
ziploc_bag,81
kafka_(honkai:_star_rail)_(cosplay),81
kasumi_(kancolle)_(cosplay),81
sign_of_khorne,81
unconventional_bouquet,81
orrery,81
finger_on_forehead,81
freudian_switch,81
against_object,81
ruqun,81
banana_in_mouth,81
fishnet_swimsuit,81
nessa_(pokemon)_(cosplay),81
women_want_me_fish_fear_me_(meme),81
super_full_power_saiyan_4_limit_breaker,81
b5n,81
arm_snake,81
tachikawa_squad's_uniform,81
date_clan_blades_(touken_ranbu),81
biting_coin,81
james_(pokemon)_(cosplay),81
no_(gesture),81
soul,81
selene_(pokemon)_(cosplay),81
green_facial_hair,81
legjob,81
kirby's_house,81
renaissance,81
striped_male_swimwear,81
holding_with_tongue,81
spinning_gun,81
mixed_horns,81
toy_soldier,81
hands_on_another's_wrists,81
argyle_cloak,81
shared_weapon,81
clover_earrings,81
o_arms,81
inner_discipline_club_(blue_archive),81
fling_posse,81
irken_pak,81
cryostasis_pod,81
tails_touching,81
loser_kings,81
serpens_(constellation),81
mab_pa-15,81
four-finger_handjob,81
yuudachi_kai_ni_(kancolle)_(cosplay),81
nashi_pear,81
channel_ppp,81
phantasm_rod,81
jacket_over_jacket,81
liquid_insides,81
type_56_assault_rifle,81
qingtuan,81
poking_self,81
bouncing_bulge,81
gem_on_head,81
whac-a-mole,81
novelty_codpiece,81
ar-10,81
i'll_go_fer_scissors._how_'bout_you?_(e.g.o),81
zero_(code_geass)_(cosplay),81
huntrix,81
cat-shaped_pupils,81
cutie_moon_rod,81
kidokawa_seishuu,81
sex_hair,81
rentarou_family,81
lace_bridal_gauntlets,81
public_yotsuba_middle_school_uniform,81
familia_uniform,81
guitar_stand,81
kamina_(ttgl)_(cosplay),81
testicles_cross-section,81
mashed_potatoes,81
cooking_together,81
retweet_chicks,81
diarrhea,81
protest,81
birthday_boy_(twisted_wonderland),81
ice_cream_tub,81
bastard_munchen_soccer_uniform,80
nose_horn,80
stealth_cunnilingus,80
choice_scarf,80
kazuya_guy_(meme),80
batik,80
mason_jar,80
lensless_glasses,80
spinal_cord,80
animal_on_ass,80
peacock_print,80
crystal_eye,80
xinzhongshi,80
biting_foreskin,80
tree_hollow,80
holoarmis,80
telegram_username,80
vi-o-la_suit,80
print_tube_top,80
flower_balloon,80
appletrend,80
sconce,80
game_controller_nipples_(meme),80
valknut_(symbol),80
egyptian_toe,80
multicolored_eyeshadow,80
checkered_coat,80
person_on_back,80
invisible_object,80
back_piercing,80
mk_14_ebr,80
chengdu_j-10,80
vaulted_ceiling,80
peugeot,80
edelgard_von_hresvelg_(cosplay),80
radiant_light,80
gingham_necktie,80
tank_truck,80
vertical_text,80
technology,80
alpine_(carmaker),80
hiburi_(kancolle)_(cosplay),80
lecturing,80
argyle_gloves,80
ring_sidelocks,80
deflect,80
quicksand,80
chairlift,80
instrument_connection,80
cat_on_chest,80
creamer_packet,80
ribbed_shorts,80
nanab_berry,80
goblin_mask,80
brown_bustier,80
nipple_zipper,80
gotterdammerung_(fate/grand_order),80
clacker,80
framed_cleavage,80
mercedes-benz_amg_gt,80
alternate_eyebrow_color,80
mark_iv_tank,80
feather-trimmed_leotard,80
halftone_dot_(medium),80
touhou_11th_popularity_poll,80
hummer,80
face_in_armpit,80
kaiouken,80
fireseal,80
sailor_fundoshi,80
tartarus,80
cuff_title,80
tda_model_(mikumikudance),80
rider_card,80
liberation_(fire_emblem),80
deodorant,80
hair_elastic,80
monokuma_(cosplay),80
branding_iron,80
dimension_mirror,80
zura_(phrase),80
too_many_in_mouth,80
donut-shaped_pillow,80
yasaka_kanako_(cosplay),80
heart_guitar,80
toramaru_shou_(cosplay),80
double-headed_eagle,80
ginger_root,80
writing_on_hand,80
checkered_leg_warmers,80
nexus_casual_(idolmaster),80
g_corp._(identity)_(project_moon),80
pile_of_trash,80
censored_ears,80
kitauji_quartet,80
rabbit_ears_antenna,80
illusion_cake,80
brown_hands,79
o-ring_leotard,79
antler_ring,79
cargo_ship,79
filolial,79
gulping,79
bra_aside,79
bee_print,79
imminent_vomiting,79
blown_away,79
yatteyan'yo,79
shoulder_pouch,79
aspis,79
geranium,79
aqua_sports_bra,79
sticker_on_stomach,79
g-suit,79
romeo_montague_(cosplay),79
note_(gatchaman_crowds),79
fur-trimmed_leg_warmers,79
cupping_ears,79
club_facial_mark,79
gradient_hat,79
mismatched_nipple_piercing,79
east_japan_railway_company,79
support_servant_(fate),79
fingering_gesture,79
will_smith_slapping_chris_rock_(meme),79
ram_(computer),79
flower_wand,79
kurumibashi_school_uniform,79
nameplay,79
recoil,79
cat_eye-framed_eyewear,79
elbow_cuffs,79
dog_on_lap,79
word_bearers,79
haidate,79
overhead_lights,79
layered_panties,79
holding_spice_shaker,79
ice_hair,79
route_66,79
first_ken,79
arc_phone,79
blue_leaf,79
tied_tank_top,79
dental_chair,79
coffee_filter,79
war_paint,79
person_on_hand,79
map_background,79
ancient_dragon_(elden_ring),79
twirling_phone_cord,79
morito_(sidonia_no_kishi),79
dohyo,79
slapping_with_breasts,79
high_heel_bodysuit,79
t_corp._(identity)_(project_moon),79
synchronized_swimming,79
sumeru_city,79
medical_monitor,79
victory_club_(umamusume),79
cutlet,79
drawing_mannequin,79
funeral_veil,79
imperial_german_army,79
belle_(zenless_zone_zero)_(cosplay),79
fur-trimmed_shrug,79
knights_(ensemble_stars!),79
holding_alarm_clock,79
accidental_touch,79
shine_arcana_rod,79
class_change,79
dive_bomber,79
pontiac,79
makise_kurisu_(cosplay),79
sun_ornament,79
troll_(warcraft),79
aim-120_amraam,79
surstromming,79
lotus_earrings,79
m6a_seiran,79
bound_thumbs,79
rosespanner_workshop_(identity)_(project_moon),79
eyeball_hat_ornament,79
new_stars_rose_(umamusume),79
pointed_bangs,79
apple_earrings,79
time_tunnel_(madoka_magica),79
b-52_stratofortress,79
p-51_mustang,79
cable_insertion,79
durindana_(fate),79
dashboard,79
limbo,79
ballpoint_splatling_(splatoon),79
teeth_print_mask,79
princess_toadstool_redraw_(meme),79
burning_at_the_stake,79
warming,79
hair_salon,79
pill_print,79
416_day,79
mecha_on_girl,79
nazrin_(cosplay),79
caliper,79
exposed_teeth,79
center_axis_relock_stance,79
hornjob,79
aoku_haruka/flower,79
sour_model_(mikumikudance),79
reflector_(ookami),79
chipmunk_costume,79
himukai_yuuji_(style),79
un_tan,79
rocking_school_(idolmaster),79
kaga_cape,79
cockade,79
removing_earbuds,79
hair_jewelry,78
plasma_rifle,78
fretless_bass_guitar,78
hussar,78
imminent_cheating_(relationship),78
trionda,78
pentakill_(league),78
figure_four_standing,78
blood_moon_(league),78
aac_honey_badger,78
panties_around_knees,78
finger_counting_duo,78
tenga_suit,78
hamster_boy,78
leaning_on_broom,78
puppeteering,78
fencing_suit,78
lewis_gun,78
garapon,78
dragon_install,78
fish_cake,78
notched_ears,78
leaf_tattoo,78
metal_pasties,78
checklist,78
suzuki_jimny,78
holiday_(e.g.o),78
compensated_molestation,78
slums,78
siren_(mythology),78
blurry_eyes,78
pink_chemise,78
wd-40,78
dice_pendant,78
popping,78
minazuki_(bankai),78
too_much_burger,78
bow_ring,78
rubbing_ears,78
cortisol_level_(meme),78
no_headband,78
pager,78
unicorns_hunter_uniform,78
p_corp_uniform,78
beacon_of_the_reed_sea_(genshin_impact),78
catherine_cover_parody,78
roof_rack,78
laetitia_(e.g.o),78
blue_poncho,78
penis_in_swimsuit,78
kanmarisa_(meme),78
wah,78
breast_band,78
oppai_hoodie,78
sometimes_like_this/also_like_that_(meme),78
bb_(swimsuit_mooncancer)_(second_ascension)_(fate)_(cosplay),78
schecter_guitar,78
super_capital_ship_(eve_online),78
voodoo,78
neru_(blue_archive)_(cosplay),78
brown_bear,78
brown_garter_belt,78
rotating_view,78
jackets,78
aqua_hood,78
gradient_hiphighs,78
purple_lightsaber,78
ship_interior,78
sol_badguy_(cosplay),78
rhine_lab_(arknights),78
hello_mem_world!_(honkai:_star_rail),78
holding_razor_blade,78
digimon_on_head,78
cafe_mew_mew_uniform,78
ikoma_squad's_uniform,78
kobeni's_car_(chainsaw_man),78
awakening_beat_(project_sekai),78
akms,78
double_neck_guitar,78
drink_me,78
kama_(fate)_(cosplay),78
curry_udon,78
imi_galil,78
pedestrians_only_sign,78
critical_hit,78
unworn_bandana,78
islam,78
type_96_aa_gun,78
wet_fur,78
green_pillow,78
penis_bow,78
beoseon,78
tawawa_group,78
parker-hale_idw,78
grey_bloomers,78
lesbians_doing_makeup_(meme),78
booklet,78
akiyama_mio_(cosplay),78
daga_kotowaru,78
ax_bass,78
tail_blade,78
tentacle_legs,78
void_elf_(warcraft),78
fake_pointy_ears,78
absolut_vodka,78
elsa_(frozen)_(cosplay),78
plesiosaur,78
far_side_backboob,78
half-nightmare,78
crucible_(doom),78
ripple_star,78
j7w_shinden,78
on_mini_planet,78
yamashita_ikuto_(style),78
pepsi_nex,78
puffer_fish_vomiting_water_(meme),78
psychogun,78
bat_genome,78
shouten_pegasus_mix_mori,78
ensis_exorcizans,78
mistletoe_hair_ornament,77
otamatone,77
crucifix,77
ghost_driver,77
looking_through_magnifying_glass,77
toyota_celica,77
boar_tail,77
layout_plan,77
fur_arm_warmers,77
aozora_ni_negau_your_happiness!_(project_sekai),77
eating_contest,77
kaalakiota_corporation_(eve_online),77
star_destroyer,77
energy_axe,77
interlocked_mars_symbols,77
see-through_wrist_cuffs,77
grey_assault_visor,77
large_arm,77
isuzu_motors,77
sheep_print,77
thighband_bodystocking,77
prts_logo_(arknights),77
pink_hiphighs,77
torn_camisole,77
shouwa,77
multiple_ovum,77
job_application_form_(meme),77
wingbeat_(e.g.o),77
roof_shingles,77
poke_ball_background,77
halo_around_horn,77
implied_after_kiss,77
emiya_shirou_(cosplay),77
two-tone_wristband,77
vertical-striped_corset,77
ryuseitai_(ensemble_stars!),77
char_b1,77
tbf_avenger,77
igawa_asagi_(cosplay),77
touhou_14th_popularity_poll,77
samonji_family_(touken_ranbu),77
smug_inori_(meme),77
hawaiian_pizza,77
bowser_(cosplay),77
street_gutter,77
volvo,77
pj_bass,77
blue_pansy,77
cum_in_gloves,77
monster_sexualization,77
summon_ticket_(fate),77
failnaught_(fire_emblem),77
scrambled_egg,77
power_(chainsaw_man)_(cosplay),77
fur-trimmed_overskirt,77
mitsubishi_f-2,77
tickling_arms,77
hand_in_underwear,77
blue_claws,77
azoth_knife,77
morion,77
azumanga_daioh's_gym_uniform,77
schorl_(path_to_nowhere),77
hypnosis_earrings,77
erdrick's_shield,77
gessen_academy_school_uniform_(new_link),77
vertical-striped_pillow,77
galka,77
luck_and_pluck,77
asashio_(kancolle)_(cosplay),77
;i,77
breasts_in_a_box,77
father-son_kamehameha,77
touhou_costume_examination_(meme),77
chiss,77
holding_soap,77
disclaimer,77
taihou_(kancolle)_(cosplay),77
stage_of_magic_(idolmaster),77
holding_another's_legs_back,77
liella!_(year_3),77
grapefruit_slice,77
studded_footwear,77
kawaii_kaiwai,77
purple_bloomers,77
pokemon_ribbon,77
broken_goggles,77
hiraikotsu,77
on_van,77
inflatable_duck,77
holding_rake,77
homophobia,77
siegfeld_institute_of_music_school_uniform,77
qute_x_qualm_(idolmaster),77
tomato_hair_ornament,77
aqua_buruma,77
covered_kneepits,77
soap_shoes,77
yamabushi_tengu,77
annihilation_(nikke),77
nazi_party_pin,77
purple_car,77
karada,77
badger_girl,77
bullet_scar,77
shure_sm58,77
joseph_joestar_(young)_(cosplay),77
panda_ornament,77
lifetime_stew_(e.g.o),77
nouvelle_tricolor_(idolmaster),77
yoitomake_(food),77
asymmetrical_ears,77
yugakshetra_(fate/grand_order),77
skeb_username,76
supplicant_mask,76
too_many_wings,76
precum_pool,76
streaked_beard,76
spider_hair_ornament,76
dance_pad,76
breasts_on_shoulders,76
white_hands,76
korean_fire_noodles,76
hand_glasses,76
free_sex_sign,76
1970s_fashion,76
showdown,76
single_detached_legging,76
film_cartridge,76
anti-magic_mask_(tensura),76
tales_of_festival,76
itch.io_username,76
holes,76
m1_bazooka,76
le_malin_(azur_lane)_(cosplay),76
energy_hair,76
odst,76
gear_second,76
manatee,76
mole_on_testicles,76
corn_field,76
cunny_(meme),76
oversized_spider,76
ribbed_collar,76
straw_cape,76
m202_flash,76
overpowering,76
swiss_army_knife,76
summer_highschool_(idolmaster),76
see-through_frills,76
feeling_muscles,76
mazda_rx-7_fc,76
orange_rope,76
mutual_foot_licking,76
burger_skater_(idolmaster),76
enten_(sword),76
ribbed_bandeau,76
tomato_plant,76
eternal_moon_article,76
sexy_beautiful_(idolmaster),76
criss-cross_suspenders,76
multicolored_apron,76
holding_headband,76
saiga-12,76
vandalism,76
great_pyramid_of_giza,76
bound_hair,76
six_pointed_star,76
wet_buruma,76
matching_earrings,76
kanna_(blue_archive)_(cosplay),76
subarashii_pose,76
fried_fish,76
naked_tape,76
tokiame_(style),76
holding_detached_steering_wheel,76
female_byleth_(fire_emblem)_(cosplay),76
ar-57,76
surfboard_(wrestling),76
looking_at_panties,76
chaldea's_stalker_trio,76
adoration_(e.g.o),76
mutual_skirt_lift,76
imprinted_skin,76
umbreon_(cosplay),76
irori_(hearth),76
floating_drapes,76
eishin_flash_(umamusume)_(cosplay),76
ch-47_chinook,76
zushiri_(nijisanji),76
frilled_bag,76
xbox_(original),76
honda_integra,76
minaminagi_liberty_academy_school_uniform,76
wolfsbane_(flower),76
turnip_(mario),76
heart-shaped_speech_bubble,76
peppermint,76
one_year_artist_progress_record,76
zentai,76
nipple_leash,76
on_finger,76
bicycle_seat,76
kokushi_musou,76
white_freckles,76
diamond_plate,76
rabbit_bow,76
certificate,76
nekomata_okayu_(cosplay),76
ford_crown_victoria,76
nervous_tama-chan_pose,76
tint_me_(idolmaster),76
santoku_knife,76
calico_m950,76
elegg_(nikke)_(cosplay),76
finger_marks,76
ranka_lee_(cosplay),76
black_scapular,76
breast_slider,76
footrest,76
bass_drum,76
kangaroo_girl,76
belfast_(azur_lane)_(cosplay),76
re-class_battleship_(cosplay),76
yugoslavia,76
nyannyan_cat's_eye_(idolmaster),76
bohegao,76
horizontal_comic,76
flower_head,76
lyra_(pokemon)_(cosplay),76
rabbit_o-ring,75
hands_in_another's_pockets,75
grey_beard,75
leaf_leotard,75
holding_sash,75
sticker_on_clothes,75
mariachi,75
plant_sex,75
deez_nuts_(meme),75
dreadnought_(warhammer_40k),75
inazuma_city,75
bubble_wrap,75
bouncing_flat_chest,75
checkerboard_cookie_hair_ornament,75
ballroom_dancing,75
tm_(pokemon),75
unajuu_(food),75
shielding,75
illyasviel_von_einzbern_(cosplay),75
removing_pants,75
mortar_shell,75
makoto_mirai_academy_middle_school_uniform,75
etoile_brilliant_(idolmaster),75
fifth_position_of_the_arms,75
fur-trimmed_bracer,75
hanzou_academy_school_uniform_(new_link),75
mille-feuille,75
long_face,75
march_hare_(alice_in_wonderland)_(cosplay),75
stubbing_toe,75
condiment_packet,75
pink_hijab,75
censored_testicles,75
hole_in_ears,75
oversized_eyewear,75
snow_on_clothes,75
rhinoceros_tail,75
mihoshi_middle_school_uniform,75
laddered_bodystocking,75
ouija,75
chest_spike,75
gps,75
holding_shaved_ice,75
muay_thai,75
sabertooth_cat,75
oversplit,75
carcinization,75
flower_sticker,75
turkey_(bird),75
peru,75
shitajiki_(medium),75
tourbox,75
multiple_faces,75
gyokuto_high_school_uniform,75
flower_umbrella,75
golden_axe_(weapon),75
wolf_brooch,75
marine_angelfish,75
surgeon_cuffs,75
dance_floor,75
fake_game_cover,75
snake_tongue_(polearm),75
plugging_ears,75
polka_dot_babydoll,75
petronas,75
su-57,75
slaanesh_(symbol),75
jetty,75
heat_stroke_photoshoot_(meme),75
fine_art,75
male_futanari,75
belt_slit,75
severed_ear,75
techpriest,75
alcohol_burner,75
flip_smartphone,75
shenhe_(genshin_impact)_(cosplay),75
alienposting_(meme),75
nissan_skyline_r33,75
shibuya_rin_(cosplay),75
fallen_angel_ero_maid_costume,75
fender_jaguar,75
dragon_on_head,75
ruger_lcr,75
pansexual_flag,75
senkou_high_school_uniform,75
sandevistan,75
not_afraid_anymore,75
dassault_rafale,75
lenny_face,75
stitched_clothes,75
shell_pasties,75
smc-gumi_(nijisanji),75
tatsuta_(kancolle)_(cosplay),75
golden_egg,75
torn_tabard,75
occluder,75
stay_fresh_(pose),75
sakura_miko_(cosplay),75
butler_(fire_emblem:_three_houses),75
dragonfly_print,75
azamaru_(fate),75
precure_netorare_(meme),75
night_and_day_amcg_(idolmaster),75
suzu_head,75
no_harness,75
torii_earrings,75
kishimoto_masashi_(style),75
beit_(idolmaster),75
chin-chin,75
fox_mousing,75
brick_oven,75
gn_sword,75
height_switch,75
eight-pointed_star,75
cure_blossom_(cosplay),75
royal_greatsword_(elden_ring),75
multiple_arm_straps,74
wing_covers,74
tumbleweed,74
checkered_bracelet,74
nikon_(company),74
yearbook,74
vertical-striped_capelet,74
multicrack_office_(identity)_(project_moon),74
high-ended_braid,74
bakunetsu_god_finger,74
dead_rabbits_(identity)_(project_moon),74
twitching_testicles,74
minna_de_enjoy!_spojoy_park_(project_sekai),74
minifridge,74
saigo_no_getsuga_tenshou,74
melting_tail,74
mouse_on_shoulder,74
waterfall_(undertale),74
aerosol,74
cpr,74
yuuki_makoto_(persona_3)_(cosplay),74
viola_(instrument),74
scalp_massager,74
hole_in_ceiling,74
seidoukan_academy_school_uniform,74
unworn_camisole,74
yellow_nightgown,74
callie_(splatoon)_(cosplay),74
federation_navy_(eve_online),74
backstab,74
mouse_hair_ornament,74
proposing_to_viewer,74
scamp_(kancolle)_(cosplay),74
imminent_object_insertion,74
sparring,74
light_gun,74
cool_s,74
barber_chair,74
another_ship_dynamic_i_enjoy_(meme),74
sitting_on_piano,74
action_camera,74
mini_person_on_head,74
coughing_flowers,74
torn_sarong,74
lace_bow,74
mika_(blue_archive)_(cosplay),74
babydoll_tug,74
folded_ear,74
vampire_bite,74
animatech_(league),74
striped_sweater_vest,74
raincloud,74
kamado_nezuko_(cosplay),74
standing_on_rock,74
arashiyama_squad's_uniform,74
bassoon,74
crossed_knees,74
otonashi_kotori_(cosplay),74
maru-yu_(kancolle)_(cosplay),74
adjusting_neck_ribbon,74
knee_sleeve,74
hypnosis_microphone,74
canopy_(forest),74
you_are_already_dead,74
ghost_mask,74
kyurumaru,74
glorious_success,74
doll_on_shoulder,74
single_antler,74
watermelon_between_thighs,74
miike_tenta_mitsuyo_(fate),74
towel_tug,74
pollution,74
moonbeam,74
wet_pavement,74
hamster_on_shoulder,74
crafting_table_(minecraft),74
noctyx,74
dodge_viper,74
frog_mask,74
rinne_sharingan,74
cat_zipper,74
group_masturbation,74
chick_hair_ornament,74
liella!_second_generation,74
doomguy_(cosplay),74
heart-shaped_charm,74
snap_my_choker_(phrase),74
naan_bread,74
bat_signal,74
tongue_clamp,74
great_grail,74
bodyboard,74
etherlite,74
sweating_speech_bubble,74
kero_(cardcaptor_sakura)_(cosplay),74
partition,74
whale_ornament,74
mikimoto_haruhiko_(style),74
card_in_hat,74
tattooing,74
thighhigh_removed,74
record_store,74
death_box_(apex_legends),74
lace-trimmed_swimsuit,74
hungarian_flag,74
ujikintoki,74
suicide_bomb,74
heart_cushion,74
holding_javelin,74
kamishirasawa_keine_(cosplay),74
sake_barrel,74
s.e.m_(idolmaster),74
backbreaker,74
future_fish,74
minidisc,74
madoromi_no_yakusoku,74
cetus_(constellation),74
oerlikon_20mm_gun,74
fluid_sac_(e.g.o),74
parting_water,74
crystal_night_party_(idolmaster),74
stuffed_shrimp,74
pink_moon_stick,74
healing_wand,74
katano_sukune's_bottle_opener,74
stalk,74
frown_lines,74
akatsuki_(kancolle)_(cosplay),74
suuankou,74
implied_drugging,74
aincrad,74
single-shoulder_one-piece_swimsuit,74
gloria_the_scot,74
irisviel_von_einzbern_(cosplay),74
witches_5,74
grepa_berry,73
checkered_border,73
frilled_tankini,73
good_twins_day,73
kickboxing,73
empty_bowl,73
hunchback,73
casull_(hellsing),73
lavender_melon_(genshin_impact),73
hanging_from_ceiling,73
bicep_curl,73
green_visor_cap,73
spinosaurus,73
autism,73
riding_tricycle,73
diagonal-striped_border,73
deception,73
the_genesis,73
yoshizaki_mine_(style),73
soul_eater_moon,73
nipple_suction_cups,73
orgasm_beam,73
berserker_rage,73
anis_face_(nikke),73
russian_civil_war,73
i_am_l,73
fgm-148_javelin,73
s.t.a.r.s._uniform,73
newgrounds_username,73
doodle_background,73
ribbon_shoes,73
ice_axe,73
character_ornament,73
vertical-striped_overalls,73
lace_thigh_strap,73
ponytail_with_hair_base,73
raccoon_hat,73
contract_monster,73
tail_stimulation,73
piss_bottle,73
sons_of_horus,73
fourze_driver,73
ribs_(food),73
brown_butterfly,73
forked_hair,73
order_dualies_(splatoon),73
arowana,73
breaking_news,73
kanazawa_station,73
peking_opera,73
marble_phantasm,73
coat_on_head,73
washing_animal,73
hololive_3rd_generation_live_outfit,73
pink_leotard_(dq),73
topiary,73
idios,73
funamusea_(style),73
guided_fingering,73
trinity_metatronius_(fate/grand_order),73
holding_single_shoe,73
chiyoda_(tokyo),73
pink_bird,73
kaenbyou_rin_(cosplay),73
shinju-kan_school_uniform,73
temple_gate,73
holding_holly,73
weapon_rack,73
hajimete_no_otsukai,73
yada_yada,73
future_signature_(idolmaster),73
pizza_box_computer,73
shoveling,73
flamenco,73
holding_earbud,73
leather_footwear,73
footprint_on_body,73
bamboozler_14_(splatoon),73
front-tie_shorts,73
barbara_(genshin_impact)_(cosplay),73
grado_labs,73
purple_hiphighs,73
grim_reaper_(weapon)_(fate),73
heart_sutra,73
boku_ga_motteru_mono_nara,73
stellar_linchpin,73
pornstar,73
subaru_wrx,73
ribbon-trimmed_pants,73
you_should_kill_yourself_now_(meme),73
weathergirl,73
gungnir_(toaru),73
plurk_username,73
unconventional_police_vehicle,73
cheetah_boy,73
st._liliana's_academy_school_uniform,73
sloppy_blowjob_devil_(meme),73
sacrificial_sword_(genshin_impact),73
navel_poke,73
triumph_(expression),73
burrito,73
usada_kensetsu,73
multicolored_sandals,73
omedetou!_(meme),73
light_bow_shekinah,73
positive_passion_(idolmaster),73
multicolored_tank_top,73
honey_strap,73
zonai_device,73
veiny_feet,73
four_beasts_(nikke),73
acorn_(palico_armor),73
mouthwash,73
triple_domain_expansion_(meme),73
violetgrass,73
single_mechanical_wing,73
bunker,73
vacation,73
leg_fur,72
cat_tattoo,72
seimei_high_school_uniform,72
gloriosa_(flower),72
cuck_chair_(meme),72
stingray_girl,72
animal_skull_ornament,72
holding_unworn_slippers,72
fingerprint_mark,72
campaign_hat,72
splat_brella_(splatoon),72
navigator,72
justice_task_force_member_(blue_archive)_(cosplay),72
flemish_bond,72
two-tone_scrunchie,72
tied_jumpsuit,72
gold_thong,72
pompompurin_(cosplay),72
fletcher_(kancolle)_(cosplay),72
antarctica,72
uekawa_yuji_(style),72
squirrel_costume,72
clawed_wings,72
sos_brigade_logo,72
floral_bow,72
ryuuguu_rena_(cosplay),72
kuomintang,72
planting,72
royal_air_force,72
sarashi_pull,72
multicolored_male_swimwear,72
selfie_prank,72
tapestry_(medium),72
sisters-in-law,72
glowing_tongue,72
impossible_armor,72
cherish_ball,72
grape_hyacinth,72
penis_on_tongue,72
brace,72
camouflage_bra,72
hasu_no_shoushihenkei,72
kokatsu_academy_school_uniform,72
skirt_ruff,72
go_do_a_crime_(meme),72
smiley_face_print,72
nested_mouths,72
standing_on_animal,72
heather_(flower),72
wireless_game_controller,72
standing_up,72
ring_toss,72
heart_floating_above_hand,72
basket_on_head,72
fur-lined_gloves,72
shiso_(plant),72
hamakaze_(kancolle)_(cosplay),72
mystery_box,72
shot_lancer,72
africa,72
han'ei_no_chocolate_gardens_of_valentine,72
journey_in_the_auspicious_snow_(girls'_frontline),72
two-sided_tailcoat,72
pubic_hair_pull,72
heavy_bolter,72
ojigi_(bowing),72
barley_tea,72
star-shaped_pubic_hair,72
hifumi_(blue_archive)_(cosplay),72
cum_on_horns,72
sputnik,72
giant_squid,72
no_leotard,72
lupinus_(flower),72
breast_implants,72
bursting,72
cube_earrings,72
azurelight_(genshin_impact),72
holding_neckerchief,72
dodge_charger,72
kendo_mask,72
moonlight_butterfly_(gundam),72
meowth_(cosplay),72
nazrin_day,72
heart_headband,72
ronso,72
comfy,72
pink_hanbok,72
frilled_hoodie,72
wood-burning_stove,72
sock_puppet,72
energy_blast,72
awakened_being_(claymore),72
simple_butterfly,72
quiz,72
abortion_mark,72
bible_black's_school_uniform,72
prehensile_toes,72
koi_(koisan)_(style),72
mitasarenai_pale_color_(project_sekai),72
hedge_trimmer,72
papaya,72
vine_boom_(meme),72
hearthian,72
tv_world_(deltarune),72
ooku_(fate/grand_order),72
musical_note_brooch,72
trap_of_argalia,72
buttercup_(flower),72
iroha_(samurai_spirits)_(cosplay),72
death_devil_(k-on!),72
breathing_ice,72
pink_male_swimwear,72
petals_in_mouth,72
lion_hood,72
weighing_breasts,72
multicolored_pajamas,72
pouring_onto_pussy,72
scout_car,72
sin_devil_trigger,72
fur-trimmed_waist_cape,72
gradient_ascot,72
coat_hold,72
kashikoma!,72
confetti_ball,72
ranger_uniform_(amphibia),72
grape_juice,72
trailblazer_bash!_(umamusume),72
aqua_helmet,72
nijigasaki_7th_live!_new_tokimeki_land,72
meiji_milk_chocolate,72
muscle_cuirass,72
smersh,72
new_california_republic,72
loose_kimono,72
princess_melody_(idolmaster),72
happy_happy_happy_cat_(meme),72
catapult,72
ooarai_marine_tower,72
shoe_buckle,72
seven_dwarves_zero_(nikke),72
elephant_hat,72
radioactive,72
harmful_spikes,71
blackout_poetry,71
viziam_(eve_online),71
latex_sleeves,71
howl_and_sophie_airwalking,71
planted_shield,71
loose_wires,71
nangong_yu_(cosplay),71
man_watching_tv_(meme),71
tournament_bracket,71
robot_horse,71
tre_kronor,71
horse_legs,71
licking_own_tail,71
floral_print_veil,71
pita_(food),71
tail_legs,71
hogtie_carry,71
director,71
hashire!_taiikumatsuri!_~jikkou_iin_wa_ooisogashi~_(project_sekai),71
super_famicom_cartridge,71
kirare_idol_uniform,71
astronomical_clock,71
belted_coat,71
stabbed_heart,71
too_many_clones,71
happy_mother's_day,71
forest_for_the_flames_(e.g.o),71
h&k_hk417,71
walkman_e_series,71
collared_apron,71
cossack,71
multiple_penetration,71
serrated_blade,71
intentional_jpeg_artifacts,71
wax_seal_hair_ornament,71
biting_own_hand,71
jack-o'-lantern_cutout,71
currency_strap,71
swatting,71
jackal_(hellsing),71
rose_(blackpink)_(cosplay),71
saberface,71
aurebesh,71
smash_is_for_good_boys_and_girls,71
henna,71
toad_armor_(amphibia),71
bird_youkai_group_(touhou),71
ora_ora_get_pregnant_(meme),71
shinku_(cosplay),71
sharpening,71
column_lineup_background,71
raven_suit_(stellar_blade),71
sr-3mp,71
torn_shoes,71
jellyfish_earrings,71
hanging_wedgie,71
striped_overalls,71
church_bell,71
handstop,71
women's_day,71
hand_in_another's_shirt,71
dog_slippers,71
battle_chip,71
gold_rush_(e.g.o),71
zesty_sonic_(meme),71
other_pov,71
1st_generation_(hololive),71
scabiosa_(flower),71
petals_on_ground,71
compressed_breasts,71
menuki,71
yuubari_(kancolle)_(cosplay),71
holding_waist,71
tokai_teio_(umamusume)_(cosplay),71
washboard,71
dimple_piercing,71
cutting_onions,71
no_tsuba,71
mountain_climbing,71
houjuu_nue_(cosplay),71
tokyo_racecourse,71
king_penguin,71
meltryllis_(swimsuit_lancer)_(fate)_(cosplay),71
501st_joint_fighter_wing_(emblem),71
torii_hair_ornament,71
matilda_(tank),71
surrounded_by_breasts,71
nicorinpana_(love_live!),71
hair_fruit,71
tokimeki_fes_tenshi_to_akuma_kara_no_shoutaijou,71
autoscorer,71
vegeta_(cosplay),71
ayachi_nene_(cosplay),71
moon_behind_head,71
fisherman,71
helix_fossil,71
dusting,71
sitting_on_weapon,71
holding_clothes_iron,71
wireless_mouse,71
ass_zipper,71
deredere,71
barre_chord,71
cavorite_ball,71
cossack_dance,71
high_x_joker_(idolmaster),71
fangtian_ji,71
artificial_insemination,71
splendor_of_onyx_(umamusume),71
darth_vader_(cosplay),71
scissor_doors,71
clean,71
gordius_wheel_(fate),71
boulder_badge,71
defecating_self,71
saint_mary's_academy_school_uniform,71
saotome_academy_school_uniform,71
pikachu_tail_(female),71
negi_suppository,71
royale_style_(idolmaster),71
black_bracer,70
pet_carrier,70
wooden_cup,70
true_damage_(league),70
if_happiness_is_a_circle_(meme),70
moon_tattoo,70
string_around_wrist,70
heart_frame,70
flower_in_hat,70
versatile_slime_penetration,70
cow_print_bra,70
spiked_thighhighs,70
o-ring_garter_straps,70
orange_slingshot_swimsuit,70
cum_on_picture,70
power_gloves,70
anglerfish_girl,70
cross-laced_headwear,70
cu_chulainn_(lancer)_(fate)_(cosplay),70
death_korps_of_krieg,70
no_ribbon,70
great_dane,70
licking_another's_hair,70
production_line,70
smile_of_dreamer_(project_sekai),70
black_singlet,70
rat_boy,70
jevilstail,70
leaf_(pokemon)_(cosplay),70
kiana_kaslana_(cosplay),70
candied_ajilenakh_nut_(genshin_impact),70
feathered_helmet,70
japanese_castle,70
cougar,70
fruit_hat,70
plaid_headscarf,70
amiya_(arknights)_(cosplay),70
newman,70
blackjack_table,70
carthum_conglomerate_(eve_online),70
shiny_gloves,70
oculus_headset,70
colonel_sanders_(cosplay),70
two-tone_eyebrows,70
skirt_partially_removed,70
moogle_(cosplay),70
strawberry_hat,70
devil_sword_dante,70
star_hands,70
hoyolab_username,70
serving_tray_(bdsm),70
presenting_stomach,70
reverse_bikini_armor,70
white_string,70
sprawled,70
german_empire,70
v_over_crotch,70
holding_prayer_beads,70
kemurikusa_(object),70
glass_door_refrigerator,70
lovebird,70
republic_of_china_school_uniform,70
lariat,70
cure_melody_(cosplay),70
touching_another's_crotch,70
trans-am,70
shinsoo_(tower_of_god),70
leap_frog,70
palestine,70
saboten_pose,70
sukoyaka_middle_school_uniform,70
storyboard,70
single_animal_ear,70
nazi_war_ensign,70
ford_mustang_(1st_generation),70
hifu,70
mini_splatling_(splatoon),70
yuna_(ff10)_(cosplay),70
novelty_maebari,70
beer_hat,70
grey_bonnet,70
tentacle_hair_ornament,70
dhyana_mudra,70
straight-laced_footwear,70
rope_fence,70
exciting_animal_(love_live!),70
money_bath,70
kizuna_ai_(cosplay),70
windfish's_egg,70
nagato_(battleship),70
ram_skull,70
symbol_ricochet,70
india,70
joyeuse_ordre_(fate),70
severed_tongue,70
hood_over_one_eye,70
murasa_minamitsu_(cosplay),70
fabarm_sat-8,70
exploded_head,70
hoto_cocoa_(cosplay),70
gravy,70
creeper_(cosplay),70
nokotan_entering_a_classroom_(meme),70
kaioushin,70
gryphon_(one_piece),70
gn_particles,70
no_necktie,70
party_parrot_(meme),70
beast_spear,70
exploded_cosmetics,70
panjandrum,70
vine_on_leg,70
shared_shirt,70
rhythm_game,70
riding_boar,70
honda_s2000,70
vine_tentacle,70
jelly_drink,70
imagine_breaker,70
satellite_cannon,70
queen_of_hearts_symbol,70
valgiris,70
lure_ball,70
kamoi_(kancolle)_(cosplay),70
red_changpao,70
saori_(blue_archive)_(cosplay),70
turtleneck_lift,70
bra_in_mouth,70
uchiko,70
play_of_the_game,70
triptych_(art),70
arm_spikes,70
prinz_eugen_(kancolle)_(cosplay),70
miniskirt_day,70
holding_grater,70
summer_junior_highschool_(idolmaster),69
penis_doodle,69
crimson_scar_(e.g.o),69
study_(room),69
high_chair,69
ride-on_toy_car,69
kris_hair_ornament,69
pink_leash,69
going_to_colombia_for_the_food_and_culture_(meme),69
height_growth,69
hololive_super_expo_2026_outfit,69
saddle_blanket,69
hylian_set_(zelda),69
tendrils_from_back,69
face_on_another's_chest,69
eimi_(blue_archive)_(cosplay),69
pixelated_background,69
condom_in_ass,69
mega_man_day,69
exs-slave,69
chin_rub,69
orange_amps,69
servants_holding_aphrodite's_breasts_(meme),69
imminent_headpat,69
big_mac,69
zig-zag_pattern,69
weapon_riding,69
penis_head,69
strip_tease,69
raven_(dc)_(cosplay),69
heart_image,69
alternate_skirt_length,69
blue-and-yellow_macaw,69
virtual_boy,69
hose_reel,69
emoji_hair_ornament,69
ronald_mcdonald_(cosplay),69
silver_collar,69
oathkeeper,69
vertical-striped_hat,69
meringue,69
deuman,69
mbcc_insignia_(path_to_nowhere),69
x_hat_ornament,69
black_dougi,69
bungee_jumping,69
high_ceiling,69
presenting_legs,69
kirakira_patisserie_uniform,69
>:p,69
land_of_illusion_(e.g.o),69
polka_dot_bodysuit,69
the_game_awards,69
glowing_necklace,69
sh-60_seahawk,69
pentagram_cutout,69
gear_background,69
feet_in_food,69
holding_ice,69
n7_armor,69
touhou_10th_popularity_poll,69
odaiba_middle_school_uniform,69
ladybug_(original)_(love_live!),69
turkey_(country),69
sponge_cake,69
junkyard_dog_mk_iii,69
holding_by_the_ears,69
sports_drink,69
yodaka_(ado),69
chocolate_chip,69
frieren's_three-day_tantrum,69
toecuffs,69
octopus_(food),69
school_bus,69
short_braided_ponytail,69
quad_buns,69
ishidaki,69
tekoki_karaoke,69
plait,69
wind_chime_focus,69
canis_major_(constellation),69
trishula_shakti_(fate),69
musical_note_tattoo,69
sea_angel_girl,69
various_styles_challenge,69
animal_on_finger,69
orange_corset,69
final_smash,69
printemps_(love_live!),69
offering_umbrella,69
argonauts_(fate),69
duel_academy_uniform_(yu-gi-oh!_5d's),69
cow_mask,69
reze_dance,69
orange_veil,69
v-22_osprey,69
plaid_wrist_cuffs,69
formidable_(azur_lane)_(cosplay),69
dystopia,69
lancer_(gears_of_war),69
beast_mode_(evangelion),69
embryo,69
gay_male_pride_flag,69
iroha_karuta,69
bone_earrings,69
torn_sarashi,69
jacket_bow,69
shirai_kuroko_(cosplay),69
paizuri_while_penetrated,69
grapple,69
monday,69
maya_(kancolle)_(cosplay),69
malaysia,69
polka_dot_sarong,69
toeprint,69
toyosatomimi_no_miko_(cosplay),69
overhead_door,69
kataphrakt_(aldnoah.zero),69
magnum_buckle,69
shinjou_akane_(cosplay),69
hat_launch,69
komaru_(himouto!_umaru-chan)_(cosplay),69
academy_city,69
trapeze,69
horseshoe_tattoo,69
off-color_cum,69
shuriken_earrings,68
black_materia,68
league_club_uniform,68
cheek_injury,68
brigandine_(armor),68
broken_high_heel,68
good_luck_knot,68
ice_cream_cone_on_head,68
multicolored_jumpsuit,68
breast_shake,68
cuteness_heart_attack_(meme),68
bandage_on_chest,68
biting_another's_tongue,68
unconventional_vibrator,68
latex_shirt,68
white_carnation,68
kasumi_(doa)_(cosplay),68
aisle,68
pokemon_on_leg,68
suibian_sword,68
checkered_tablecloth,68
blowtorch,68
cracked_background,68
cargo_skirt,68
raiden_punching_armstrong_(meme),68
dragon_li_cat,68
raidian's_summons_(arknights),68
scratched,68
cartwheel,68
upswept_hair,68
cat_charm,68
fur_hair_tie,68
lightning_hair,68
pillow_straddling,68
three_ramen_musketeers,68
exposed_heart,68
zeztz_driver,68
rubbing_head,68
striped_hakama,68
riding_digimon,68
animal_on_stomach,68
zero_two_(darling_in_the_franxx)_(cosplay),68
no_toilet_paper,68
greek_helmet,68
ubel_(sousou_no_frieren)_(cosplay),68
jack_of_clubs_(playing_card),68
jane_doe_(zenless_zone_zero)_(cosplay),68
skunk_boy,68
collapsing,68
jaxa,68
torso_only,68
ultra_sword,68
treant,68
twists,68
rabbits_(ensemble_stars!),68
crazy_b_(ensemble_stars!),68
usami_renko_(cosplay),68
stuffed_deer,68
meiling_day,68
checkered_pantyhose,68
femboy_hooters_(meme),68
sparkle_censor,68
backscratcher,68
stuffed_goat,68
licking_another's_arm,68
olive_branch,68
where's_the_cat?_(meme),68
kouno_marika's_silence_suzuka_drawing_(meme),68
fundoshi_day,68
taito_four_seasons_figure_(vocaloid),68
insecticide,68
blindfold_pull,68
passionlip_(fate)_(cosplay),68
cable-stayed_bridge,68
trumpet_boy_(meme),68
castle_town_(deltarune),68
mankai,68
samurai_condenser,68
rooster_tail,68
fresh_china_(idolmaster),68
breast_crush,68
twitter_verified_checkmark,68
clitoral_injection,68
group_battle,68
mikagura_uniform,68
italia_mondial,68
weeping_cherry_blossoms,68
nine_of_clubs,68
diamond_hands,68
fish_on_head,68
cat_testicles,68
takarada_rikka_(cosplay),68
lamborghini_aventador,68
wife_and_wife_and_wife,68
summary,68
sweet_madame_(genshin_impact),68
reflector_(photography),68
tsubakigaoka_metropolitan_high_school_uniform,68
kazunoko_(food),68
cauliflower,68
shibarikini,68
nopal,68
cheshire_(azur_lane)_(cosplay),68
heat_haze,68
pomni_(the_amazing_digital_circus)_(cosplay),68
mochidoru_(plush),68
realdoll,68
duel_avatar,68
implied_strap-on,68
slime_girls_(omori),68
gauze_on_hand,68
dark_signer_uniform,68
glyph,68
ayase_eli_(cosplay),68
salmiakki,68
implied_threesome,68
expressive_wings,68
licking_tears,68
pendant_removed,68
spider_tank,68
magnolia_eclair_ii,68
aqua_armor,68
sitting_on_creature,68
shared_sweater,68
manhattan_cafe_holding_a_fish_(meme),68
bnahabra_(armor),68
raspberry_hair_ornament,68
silhouette_target,68
emperor_penguin_(kemono_friends)_(cosplay),68
shiny_tambourine_(heartcatch_precure!),68
demonic_creature,68
pubic_feathers,68
aqua_leg_warmers,67
projectile_weapon_(eve_online),67
lunacy_(limbus_company),67
wing_armor,67
donut_bracelet,67
tight_bottoms,67
polka_dot_shadow,67
bellhop_uniform,67
bruise_on_hand,67
licking_another's_chest,67
wheel_earring,67
leaf_wreath,67
oversized_gloves,67
floral_embroidery,67
kakyoin_noriaki's_pose,67
pussy_juice_in_container,67
p30_device_(resident_evil),67
taokaka_(cosplay),67
have_to_poop,67
number_glasses,67
reimei_school_uniform,67
alien_print,67
golden_cross_(elden_ring),67
red_tiara,67
mouth_visible_through_hair,67
all-terrain_vehicle,67
pig_print,67
bicycles_only_sign,67
raise_a_suilen,67
ground_pound,67
centered_hair_bow,67
blood_from_vagina,67
star_wars_day,67
0w0,67
mentos,67
coin_stack,67
manya_(dq4)_(cosplay),67
durian,67
leather_chair,67
motorhome,67
flower_clothes,67
doom_wings,67
tech_3_ship_(eve_online),67
untied_swimsuit,67
great_white_shark,67
pectorals_on_glass,67
remedial_knights_(blue_archive),67
pilgrim_symbol_(nikke),67
acorn_hair_ornament,67
tea_party_militant_outfit_(blue_archive),67
flashing_light,67
camel_clutch,67
instance_domination,67
enoki_mushroom,67
butterfly_hat,67
under_the_table_(arknights),67
energy_field,67
ribbon_border,67
see-through_hoodie,67
gigantamax_(other),67
heartless_emblem,67
leafy_seadragon,67
applying_mascara,67
spiegel_replica,67
blooming,67
gem_eyes,67
belarusian_flag,67
kurikinton_(food),67
choco_fashion,67
mika_pikazo_(style),67
clipping_toenails,67
yuruyuri's_starting,67
tail_pillow,67
shrimp_costume,67
synthwave,67
posterized,67
sitting_on_mecha,67
cynthia_(pokemon)_(cosplay),67
solomon_(singularity)_(fate/grand_order),67
long_fall_boots_(portal),67
posture_collar,67
kid_taped_to_wall_(meme),67
knee_to_face,67
tail_garter,67
ethan_(pokemon)_(cosplay),67
grabbing_another's_testicles,67
holding_lanyard,67
red_facepaint,67
love_live!_victory_flag,67
vanilla,67
imagawayaki,67
hutou_hat,67
fish_and_chips,67
lace-trimmed_tank_top,67
hole_in_sock,67
kabuto_zecter,67
suzume's_chair,67
djeeta_(granblue_fantasy)_(cosplay),67
quality_cabbage_(meme),67
honda_civic_type_r,67
body_fins,67
chilean_flag,67
hand_drill,67
parkour,67
atm,67
kaleidostick_(zwei_form),67
ness_(mother_2)_(cosplay),67
plaid_hoodie,67
shearing,67
curry_bread,67
yellow_lightsaber,67
unworn_kneehighs,67
junpaku_no_anata_e_chikai_no_uta_wo!_(project_sekai),67
bird_tattoo,67
duck_costume,67
"i'm_not_calling_you_""good_boy""_(meme)",67
novelty_sex_toy,67
inflatable_wings,67
pocket_tissue,67
awafuji_school_uniform,67
surrounded_by_guns,67
tres_bien_maid_uniform,67
floral_dissolve,67
tangle,67
endless_eight,67
white_whale,67
tickling_face,67
fanning_breasts,67
poltergust_3000,67
mamool_ja,67
freddy_krueger_(cosplay),67
talking_animal,67
pedal,67
no_symbol_tattoo,67
seigetsu_academy_school_uniform,67
touching_self_through_portal,67
disembodied_foot,66
human_ashtray,66
too_many_cigarettes,66
cherry_necklace,66
rugby,66
holding_ball_and_chain_(weapon),66
hair_on_tail,66
pokemon_adventures_anime_(meme),66
mole_on_hip,66
assassination,66
licking_another,66
benelli_m3,66
cat_under_faucet_(meme),66
dark_territory_(sao),66
implied_male_pregnancy,66
resurrection,66
iwi_jericho_941,66
ringer_t-shirt,66
feet_up_heels_up,66
hornet_(e.g.o),66
oyoufuku_akachan,66
imminent_kick,66
blabla_(nikke),66
frilled_neckerchief,66
land_rover_(company),66
dull_blade_(genshin_impact),66
i_hate_kids_with_good_instincts_like_you_(meme),66
nero_claudius_(swimsuit_caster)_(fate)_(cosplay),66
horned_armor,66
pinstripe_ribbon,66
razor_blade_earrings,66
f-lags_(idolmaster),66
severed_penis,66
licking_panties,66
mask_of_truth,66
aqua_nipples,66
tentacle_with_mouth,66
kaburagi_t._kotetsu_(cosplay),66
alternate_tattoo,66
finger_between_breasts,66
surplice,66
gojo_satoru_(cosplay),66
arachne_boy,66
stabbing_viewer,66
papyrus_(font),66
touhou_user_interface,66
ribbon-trimmed_sweater,66
poffin,66
knit_scarf,66
fluid_on_breasts,66
stuffed_spring_onion,66
youtube_shorts,66
bolt_pistol,66
emerald_splash,66
horse_racing,66
vertical-striped_bowtie,66
manhattan_cafe_(umamusume)_(cosplay),66
purple_pillow,66
matou_sakura_(cosplay),66
internet_cafe,66
georgian_era,66
ayanami_barrage_(meme),66
frame_(idolmaster),66
guitar_little_sister_(hitomi_o)_(cosplay),66
fuji_kiseki_(umamusume)_(cosplay),66
cunt_busting,66
onahole_job_invitation,66
ford_crown_victoria_(2nd_generation),66
balancing_ball,66
quiet_(metal_gear)_(cosplay),66
type_3_chi-nu,66
red_romper,66
penis_under_breasts,66
penis_earrings,66
curling,66
breasts_on_thighs,66
ookami_mio_(cosplay),66
rewind_(nikke),66
gunship,66
holding_bookmark,66
koshirae,66
sailor_leotard,66
kagurabachi_pose_(meme),66
prime_(warframe),66
shinshun!_shishimai_robo_no_oshougatsu_show!_(project_sekai),66
princess_daisy_(cosplay),66
checkered_ascot,66
hypericum_berry,66
blushing_girls_are_cute_(template),66
clitoris_pull,66
animal_sticker,66
bootes_(constellation),66
gas_lantern,66
liftoff,66
ribbed_bikini,66
stethoscope_on_nipple,66
neckbeard,66
personal_digital_assistant,66
black_tape_project,66
road_of_radiance_(umamusume),66
kelpie,66
tampon,66
iowa_(kancolle)_(cosplay),66
knights_templar,66
vegetable_juice,66
ophiuchus_(constellation),66
treasure_map,66
too_many_arms,66
date_connection,66
fishing_gear,66
m240,66
fur-trimmed_hairband,66
peacock_hair,66
turkey_leg,66
mushi_(mushishi),66
dancing_pallbearers_(meme),66
zero_(inazuma_eleven),66
too_many_bats,66
aragami,66
judo_throw,66
kazakhstan,66
p2020_(pistol),66
fur_footwear,66
hachikuji_mayoi_(cosplay),66
wheat_bundle,66
dark_pit_staff_(kid_icarus),66
sorceress_(dragon's_crown)_(cosplay),66
samidare_(kancolle)_(cosplay),66
uchiwa_(medium),66
poryphone,66
telekinetic_stimulation,66
boston_crab,66
spike_(stagecraft),66
back_alley_alliance,66
energon,66
pocketbook,66
lupine_scarlet_(arknights),66
gadabout_(dq3)_(cosplay),66
radio_telescope,66
a_grim_reminder,66
zora_set_(zelda),66
dixies_uniform,66
icing_on_face,66
prosthetic_sword,66
squatting_on_person,66
crescent_wing_ornament,65
korean_national_police_agency,65
synergetic_suit,65
kouryoukan_academy_school_uniform,65
oufi_association_south_uniform,65
tiger_print_thighhighs,65
film_set,65
two-barred_cross,65
chain_pull,65
hoeh_(meme),65
ink_on_clothes,65
bay,65
world_trade_center,65
ribbon_censor,65
high_denomination_banknote,65
torn_hiphighs,65
pumpkin_hat_ornament,65
dark_fountain_(deltarune),65
french_national_soccer_team_uniform,65
holding_hockey_stick,65
obata_takeshi_(style),65
fish_hood,65
print_veil,65
jeep_wrangler,65
leaf_necklace,65
hands_on_another's_ears,65
irish_flag,65
ahoge_grab,65
locked,65
perseus_(constellation),65
gorilla_boy,65
knowing_the_unseen_(project_sekai),65
bow_background,65
naze?_nazo?!_answer,65
alternate_piercings,65
saihate_e_to_tobu_kimi_e_(project_sekai),65
cellphone_display,65
kiosk,65
unworn_ascot,65
small_module_(eve_online),65
gliding,65
carrier_(eve_online),65
bremerton_(azur_lane)_(cosplay),65
zinnia,65
white_jersey,65
omoi_wo_nosete!_dream_stage_(project_sekai),65
camouflage_background,65
shirogane_noel_(cosplay),65
murasaki_shion_(cosplay),65
borrowing_race,65
puchisshu,65
print_curtains,65
duster_coat,65
shiratsuyu-type_underwear,65
superman_(cosplay),65
holding_television,65
too_many_piercings,65
himalayan_poppy_(flower),65
nutella,65
sousaphone,65
male_byleth_(fire_emblem)_(cosplay),65
puzzle_piece_print,65
terrorist,65
bryan_lee_o'malley_(style),65
handkerchief_biting,65
sad_banana_cat_(meme),65
mutual_feeding,65
decayed_master_sword,65
plaid_gloves,65
dog_day,65
rosalina_(cosplay),65
half-coat,65
shishi_odoshi,65
shorts_tug,65
heart's_egg_(shugo_chara!),65
dent,65
trigonometry,65
sparse_back_hair,65
but_you_can't_prove_it_(meme),65
infinity_gems,65
under_armour,65
condom_on_tongue,65
face_stretching,65
weight_bench,65
golden_gate_bridge,65
cross-laced_apron,65
hellfire_gala,65
gold_background,65
bison,65
string_of_photos,65
carrot_juice,65
haran_geppaku_futsu_(genshin_impact),65
spiked_legwear_garter,65
shizuoka_prefecture,65
mago_berry,65
diploma_folder,65
zashono_academy_school_uniform,65
m43_field_cap,65
frosted_border,65
alphabet_blocks,65
elphelt_valentine_(cosplay),65
beloved_zofia,65
maternity_dress,65
mashin,65
aek-971,65
ikebana,65
holding_hairpin,65
rocker-chic,65
extended_upshirt,65
glasses_case,65
fairy_sword_galatine,65
hat_over_one_ear,65
crafting,65
amane_kanata_(cosplay),65
bad_multiple_views,65
distant,65
licking_lemon,65
bruno_mars_(cosplay),65
gas_mask_canister,65
wet_hat,65
moonflower_(flower),65
necromorph,65
santa_panties,65
neonlight_romancer_(idolmaster),65
pogo_stick,65
asexual_flag,65
cure_peace_(cosplay),65
sheep_head,65
super_affection,65
poke_bean,65
surf_(pokemon),65
horse_earrings,65
kite_string,65
twitching_pussy,65
spotted_skin,65
soviet_air_force,65
monkey_bars,65
completionist_cape_(runescape),65
frilled_curtains,65
adonis_(flower),65
thumb,65
rensouhou-chan_(cosplay),65
shoulder_ribbon,65
tree_bark,65
tail_lock,65
angel_(kof)_(cosplay),65
life_points,65
stratagem_(helldivers),65
urameshiya,65
onozuka_komachi_(cosplay),65
get_over_it._(project_sekai),65
heart-shaped_bonnet,64
forceps,64
blood_on_paper,64
stuffed_narwhal,64
tail_between_breasts,64
grey_dog,64
bound_calves,64
ruger_mini-14,64
plaid_hood,64
t-72,64
beyond_(umamusume),64
gardevoir_(cosplay),64
howa_type_20,64
elbow_on_leg,64
fenrir_(vehicle),64
spiked_kneepads,64
omari_(omori),64
dolphin_earrings,64
down_vest,64
ranking,64
bat_hat_ornament,64
holding_rubber_duck,64
dokuzuhonsha,64
sticker_on_chest,64
red_plume,64
face_hold,64
breast_punch,64
yakusoku_no_passerelle_(project_sekai),64
majiwaru_senritsu_tomoru_nukumori_(project_sekai),64
tessaiga,64
petunia_(flower),64
trance_(music),64
paypal_me_$30000_(meme),64
hand_in_another's_glove,64
pasteur_pipette,64
perlica's_peeled_apple_(meme),64
see-through_overskirt,64
yellow_leaf,64
rsh-12,64
pinyin_text,64
chasenmage,64
hermitage_(ensemble_stars!),64
skunk,64
karana_mudra,64
chaldea_summer_adventure!,64
hand_warmer,64
hololive_gamers_fes_outfit,64
american_flag_swimsuit,64
common_kingfisher,64
charcoal,64
khajiit,64
cherry_background,64
footjob_through_footwear,64
israel-hamas_war,64
aqua_male_swimwear,64
sea_otter,64
water_on_glass,64
insertion_threshold_(meme),64
wilt_and_blush,64
banquet,64
overalls_removed,64
gradient_bodysuit,64
shell_hat_ornament,64
cricket,64
pumpkin_dance_(meme),64
okina's_natural_hair_color,64
crossdraw_holster,64
spiked_dress,64
jack-o'-lantern_hat,64
manta_ray_girl,64
pikachu_hood,64
wrapped_hair,64
ebiblue_(style),64
dieselpunk,64
over_the_collar_(idolmaster),64
scarf_tying,64
woof,64
eyebrows_visible_through_headband,64
oblivion_(keyblade),64
time_signature,64
rainbow_trail,64
transforming_weapon,64
charlotte_(madoka_magica)_(cosplay),64
no_apron,64
wonder_ride_book,64
ashigaru_(foot_soldier),64
betting_ticket,64
vertical-striped_cape,64
koyanskaya_(fate)_(cosplay),64
kusanagi_motoko_(cosplay),64
space_phantas-moon_another_christmas,64
hazard_trigger,64
goo_goo_babies_(meme),64
collared_kimono,64
naruto_run,64
mallard,64
promotions_(meme),64
bolt_hair_ornament,64
bok_choy,64
finger_frame_duo,64
9/11,64
cepheus_(constellation),64
loss_(meme),64
kamisama_datte_kimerarenai,64
strawberry_ornament,64
auriga_(constellation),64
fresh_fruits_parlor_(love_live!),64
framed_crotch,64
vacuum_tube,64
let's_draw_pretty_girls_challenge,64
neptune_(neptunia)_(cosplay),64
blacksteel_worldwide_(arknights),64
torn_jumpsuit,64
pomf,64
the_nether_(minecraft),64
connect_(madoka_magica),64
chicken_mask,64
fish-shaped_pillow,64
inu-hariko,64
see-through_hood,64
tetramand,64
rabbit-shaped_pillow,64
shield_wall,64
lily_white_(cosplay),64
futaba_anzu_(cosplay),64
balamb_garden_uniform_(ff8),64
gp-25,64
uta-garuta,64
mood_swing,64
hand_on_shield,64
black_iron_great_sword,64
bear_claws,64
marmot_tail,64
anchovy_(girls_und_panzer)_(cosplay),64
controller_hair_ornament,64
ragdoll,64
ina's_back_(meme),64
repeat_ball,64
imomochi,64
silver_(metal),64
daijoubu_da_mondai_nai,64
number-shaped_hands,64
it's_j.j._style!,64
labia_clamps,64
that's_your_girlfriend_(meme),64
brazuca,64
roningasa,63
singapore,63
hooded_overalls,63
capote_(e.g.o),63
fur_socks,63
shroomling_(infinity_nikki),63
hikoboshi_(cosplay),63
sanguine_desire_(e.g.o),63
paw_pendant,63
print_shawl,63
penis_in_another's_panties,63
foot_on_another's_ass,63
military_patch,63
forced_dressing,63
aozora_no_saki_kagayaki_wo_oikakete_(project_sekai),63
dump_truck,63
smearing,63
green_dougi,63
call_bell,63
hands_on_own_thigh,63
lucy_(cyberpunk)_(cosplay),63
apricorn,63
poco_grande_glass,63
sailor_chibi_moon_(cosplay),63
fragile_symbol,63
avocado_academy_school_uniform,63
concrete_wall,63
kitsune_no_mado,63
plaid_towel,63
closing_book,63
heart_pockets,63
itagaki_keisuke_(style),63
travel,63
cargo_aircraft,63
plastic_spoon,63
gatotsu_stance,63
lava_bath,63
quadruplets,63
cook,63
ipod_shuffle,63
venom_snake_(cosplay),63
stuffed_avocado,63
skull_background,63
bag_behind_back,63
crescent_cutout,63
run_over,63
hot_dog_costume,63
no_prosthetic_leg,63
full-leg_boots,63
arctic_fox,63
bodysuit_aside,63
argyle_cardigan,63
royal_wonder_academy_school_uniform,63
happy_enjoy_music!_(project_sekai),63
malay_text,63
jumpscare,63
on_mat,63
blue_bustier,63
sekiba_girls'_high_school_uniform,63
pawoo_username,63
moscow,63
portugal,63
bass_(fish),63
share_crystal_(neptunia),63
notes_of_grandeur_(umamusume),63
defenestration,63
yas_bitch_slay_(meme),63
back_double_bow,63
butt_bump,63
petri_dish,63
1994,63
sarong_hold,63
holding_statuette,63
fw_190,63
kanaria_wa_kyuukyou_ni_utau_(project_sekai),63
holding_leotard,63
olympus_(apex_legends),63
naval_mine,63
dog_head,63
turtleneck_coat,63
holding_butt_plug,63
crossguard_lightsaber,63
model_train,63
magnum_shooter_40x,63
sweet_berries_(minecraft),63
gatkkeun,63
lashers,63
brushguard,63
sovyonok_pioneer_camp_uniform,63
santa_lily,63
pyromania,63
running_ganger_(meme),63
lace_bikini,63
spoken_panties,63
wuxia,63
green_gakuran,63
fake_magazine_scan,63
korg_rk-100,63
prone_masturbation,63
san_(mononoke_hime)_(cosplay),63
madeleine,63
animal_holding_leash,63
surprise_deepthroat,63
coffee_milk,63
waders,63
unworn_veil,63
touching_toes,63
magus_(synduality),63
scam,63
mashutarou_(style),63
dropship,63
two_sidriver,63
afrika_korps,63
frilled_square_(idolmaster),63
yuugumo_(kancolle)_(cosplay),63
soyombo,63
flotation_belt,63
shishio_makoto_(cosplay),63
against_windowsill,63
cure_berry_(cosplay),63
touching_another's_chastity_cage,63
undershirt_peek,63
sakura_futaba_(cosplay),63
autogyro,63
car_part,63
chipi_chipi_chapa_chapa_(meme),63
srw_cover,63
rainbow_ribbon,63
daidouji_tomoyo_(cosplay),63
stereogram,63
beastlord_(sword),63
shining_resonance_collection_of_visual_materials,63
pulling_back,63
cempoalxochitl,62
minecraft_axe,62
magazine_rack,62
jacket_tucked_in,62
ribbon-trimmed_babydoll,62
crossbow_bolt,62
necronomicon,62
beretta_93r,62
hollow_(e.g.o),62
fg204,62
fledglings_class_(blue_archive),62
sticker_sheet_(medium),62
find_the_dream_view_(project_sekai),62
ipod_nano_2g,62
dragon_skull,62
octopus_earrings,62
datsun_240z,62
checkered_cloak,62
on_log,62
wanderer_(genshin_impact)_(cosplay),62
night_city_(cyberpunk),62
daiguren_hyourinmaru_(bankai),62
tie-dye,62
otome_camellia,62
miniapron,62
fanghunt_office_(identity)_(project_moon),62
e_pluribus_unum_(fate/grand_order),62
iron_hands_(warhammer),62
pussy_onahole,62
f/a-18e_super_hornet,62
distortion_world,62
fur-trimmed_belt,62
jusenkyou_guide_(cosplay),62
hat_on_tail,62
grass_block,62
hardcore_heart,62
pussy_out_of_frame,62
single_extra_arm,62
taur_exoskeleton,62
a2_(nier:automata)_(cosplay),62
holding_headgear,62
kiss_22_title,62
cloth_glansjob,62
ladder_cutout,62
reimu's_growing_gohei_(meme),62
glowing_crown,62
brown_bracelet,62
ackchyually_(meme),62
marie_(splatoon)_(cosplay),62
face_chain,62
spring_roll,62
road_closed_to_vehicles_sign,62
zenithian_sword,62
level_difference,62
fragrant_olive_sword,62
sitting_on_pokemon,62
eye_banner_(trend),62
hasn't_kissed_anyone_ever_vs_expecting_a_kiss_with_tongue_(meme),62
ecdysis,62
o_(symbol),62
dragoon_(kirby),62
dress_under_skirt,62
french_braided_ponytail,62
lada_(car),62
guided_kiss,62
shigure_kai_san_(kancolle)_(cosplay),62
cpu,62
precure_baton_pass,62
sarayashiki_junior_high_school_uniform,62
wrist_computer,62
it's_not_you._sit_down,62
over_rad_squad!!_(project_sekai),62
peel_(tool),62
dress-up,62
ten_no_hate_no_phoenix_e_(project_sekai),62
hamster_on_head,62
navel_penetration,62
diet_coke_and_mentos_(meme),62
inugami_korone_(cosplay),62
licking_eye,62
sensei_haruki_suetsugu_(style),62
frost_shard_(e.g.o),62
poll,62
makai_family_(touhou),62
castrol,62
hofmann_knot,62
sechi_(sechihyeo)_(style),62
head_swap,62
hunting_horn,62
see-through_cardigan,62
cake_decoration,62
tuning_instrument,62
kosaka_honoka_(cosplay),62
goryoukan_academy_uniform,62
ho-kago_tea_time_t-shirt,62
wet_male_swimwear,62
koi_koi_cafe_(ensemble_stars!),62
capelet_lift,62
overflowing_bath,62
panties_under_bloomers,62
shake_shake_fries,62
broken_skull,62
onikiri_yasutsuna_(fate),62
sixteenth_rest,62
horseshoe_crab,62
h&k_g28,62
digimon_(virtual_pet),62
hand_in_thighhighs,62
caplock,62
wolfhook_(genshin_impact),62
multicolored_wristband,62
creepy_chin_joey_wheeler_(meme),62
latex_jacket,62
wrap_(food),62
glowing_finger,62
fluffy_white_puppy_expressions_(meme),62
midgar_academy_school_uniform,62
chari_de_kita_(meme),62
milking_cow,62
blue_carpet,62
hoodie_pull,62
pulled_by_cursor,62
human_pyramid,62
red_garter,62
tracer_(overwatch)_(cosplay),62
hair_edges,62
hepatica_(flower),62
pc_engine,62
annihilate_ray,62
genocide_cutter,62
heart_crown,62
uniform_number,62
stitched_tail,62
lace-trimmed_ascot,62
blueberry_academy_(emblem),62
black_beard,62
aircraft_turret,62
virus_(mega_man),62
chemistry_set,62
fatass_teto_(meme),62
slushie,62
cat_bra,62
no_goggles,62
mini_4wd,62
cutie_honey_(character)_(cosplay),62
related,62
kageura_squad's_uniform,62
toy_box,62
spiked_ring,62
su-37,62
megawatt_(arms),62
makoto_nanaya_(cosplay),62
code:escape_(idolmaster),62
it's_ok_to_touch,62
tin_(container),62
mounted_dildo,62
shudder,62
pill_ring,62
camouflage_cloak,62
hands_on_another's_crotch,62
universal_federation_army_uniform,62
rocket_engine,62
gear_earrings,62
la_black_luna,62
pencil_to_face,61
broken_cable,61
remielle_dan_(cosplay),61
outer_ring_excavations_(eve_online),61
white_bodice,61
sword_necklace,61
viet_lolita,61
cat_refusing_to_be_petted_(meme),61
diagonal-striped_legwear,61
heart_arms_trio,61
famicom_cartridge,61
figures_taking_selfie_(meme),61
continue,61
gravy_boat,61
bicorn_(creature),61
hash_browns,61
glove_belt,61
see-through_sleeve_layer,61
highwind,61
hourglass_print,61
ahoge_removed,61
darkin_(league),61
amused,61
gradient_sweater,61
overturned_car,61
knife_in_chest,61
see-through_breast_curtains,61
mysterious_heroine_x_(fate)_(cosplay),61
art_supplies,61
landing_strip_pubic_hair,61
mega_man_(character)_(cosplay),61
dragon_hair_ornament,61
broken_neck,61
green_moon,61
brooklyn_sweater,61
muscle_growth,61
keqing_(genshin_impact)_(cosplay),61
otaru_(hokkaido),61
nahida_(genshin_impact)_(cosplay),61
jungle_style,61
royal_travel_attire_(zelda),61
gradient_bowtie,61
cat_on_keyboard,61
burning_photo,61
mechanical_heart,61
neapolitan_ice_cream,61
fur-trimmed_cardigan,61
asobi_asobase's_school_uniform,61
string_on_pinky,61
ribbon-trimmed_swimsuit,61
blue_fundoshi,61
diagonal-striped_headwear,61
female_robin_(fire_emblem)_(cosplay),61
mizuki_nana_(cosplay),61
circle_hands,61
decagrammatonization,61
vepr-12,61
plain_doll_(cosplay),61
throwing_weapon,61
implied_transformation,61
burial_blade,61
shinsen_middle_school_uniform,61
backpack_on_one_shoulder,61
veil_over_one_eye,61
welding_torch,61
melee_weapon_(warframe),61
pentagram_pendant,61
cherry_pie,61
viola_tricolor,61
durex,61
cat_face_sticker,61
great_sphinx_of_giza,61
sleeper_hold,61
holding_ladder,61
fuyuki_(fate/grand_order),61
wig_on_non-human,61
covering_another's_ears,61
ride_booker,61
mechanical_dress,61
chisato_carrying_takina_(lycoris_recoil),61
how_to_draw_an_owl_(meme),61
urasawa_naoki_(style),61
arcueid_brunestud_(cosplay),61
nissan_350z,61
blue_teeth,61
shadow_the_hedgehog_(cosplay),61
saitama_(one-punch_man)_(cosplay),61
phone_sex,61
american_flag_bandana,61
weapon_switch,61
alternate_(the_mandela_catalogue),61
nagae_iku_(cosplay),61
panzer_38(t),61
grey_hiphighs,61
japan_cup,61
delivery_robot,61
caracal,61
wireless_headphones,61
on_pumpkin,61
zelretch_sword,61
kaiser_pmc_corruption,61
noah_hat_(ragnarok_online),61
picky_eater,61
leatherclub_scene_(meme),61
gram_(fate),61
patisserie_chuchu_uniform,61
creature_inside,61
elmo_training_outfit,61
hobby_horse,61
tickling_back,61
bear_head,61
fast_ball,61
borrowed_inset,61
squid_print,61
the_best_schoolmate_(idolmaster),61
manchu_clothes,61
brick_phone,61
kagura_(gintama)_(cosplay),61
brush_holder,61
kamiha_magica_idol_costume,61
eliwood_(fire_emblem)_(cosplay),61
camouflage_coat,61
hero_shot_(splatoon_2),61
star_power_stick,61
maetenkan,61
lucky_oasis_(stella_sora),61
stone_building,61
shooting_through_heart,61
r3birth_(love_live!),61
kongou_(battleship),61
uso_da,61
ninjutsu,61
dancing_flower,61
leaning_tower_of_pisa,61
manspreading,61
xingchen_(cosplay),61
pajama_pants,61
climbing_set_(zelda),61
kitchen_range,61
ooyodo_(kancolle)_(cosplay),61
prosthetic_fingers,61
vibrator_on_soles,61
cool_your_head,61
baker_at_bat,61
fence_post,61
bellwall_military_uniform,61
a7m_reppuu,61
striped_robe,61
magnhild,61
flag_nails,61
araizumi_rui_(style),61
carnival_mask,61
on_creature,61
miyako_yoshika_(cosplay),61
snowdin_(undertale),61
m1904_mastiff,61
spade_ornament,61
noel_vermillion_(cosplay),61
luna_wolves,61
glans,60
doujinshi_cover_trope_(trend),60
vgen_logo,60
nes_controller,60
bath_brush,60
host,60
no_lips,60
elemental_animal,60
ribbon-trimmed_wrist_cuffs,60
pp-19-01_vityaz,60
shared_onahole,60
scar_on_foot,60
smile_emoji,60
covered_shoulder_blades,60
opening_window,60
nagamaki,60
rakugo,60
let's_draw_short-haired_hinanawi_tenshi,60
morph_ball,60
tying_bikini,60
russian_air_force,60
holding_unworn_chastity_cage,60
tundra,60
floating_gem,60
hand_in_own_bra,60
two-tone_corset,60
torn_photo,60
scattered_paper,60
choso_giving_toudou_a_haircut_(meme),60
mouse_mask,60
burnt_tongue,60
single_couter,60
webcounter,60
live_tucker_reaction_(meme),60
highball_glass,60
butcher's_nails,60
m110_sass,60
gameplay_glitch,60
speedometer,60
person_and_furrification,60
ofuda_over_one_eye,60
staff_of_armadyl_(runescape),60
puffin,60
flab,60
apricot_blossom,60
heart_container,60
mazda_mx-5_nd,60
swimsuit_around_one_leg,60
lace_wrist_cuffs,60
michael_jackson_(cosplay),60
diasomnia_dorm,60
bridgestone,60
mao_suit,60
marcille_donato_(cosplay),60
jumbotron,60
dolman_(jacket),60
double_beam_cannon,60
boost_buckle,60
kickstand,60
self_fisting,60
millennium_castle_(tsukihime),60
leg_behind_shoulder,60
heel_stretch,60
sitar,60
caviar,60
red_ginger_(flower),60
spinach,60
ohhoai,60
vollstandig,60
tsutenkaku,60
shiratsuyu-class_swimsuit,60
caren_hortensia_(cosplay),60
hk416_(girls'_frontline)_(cosplay),60
taped_legs,60
mysterious_mask_(fate),60
male_thong,60
ouro_kronii_(cosplay),60
daihatsu_(landing_craft),60
pinata,60
james_day,60
michiyuki,60
ranni_the_witch_(cosplay),60
lepus_(constellation),60
15-nin_no_richiteki_na_megane-tachi,60
clear_marine_calm_(idolmaster),60
anima_(honkai:_nexus_anima),60
multicolored_sarong,60
demon_hood,60
player_palico_(cosplay),60
tail_sex,60
skadi_(arknights)_(cosplay),60
serbu_super-shorty,60
tesla_(company),60
announcer,60
stone_bridge,60
vaping,60
camouflage_footwear,60
orange_bird,60
cleaning_rod,60
futa_with_newhalf,60
sekiha_love-love_tenkyoken,60
sophie_hatter_(howl_no_ugoku_shiro)_(cosplay),60
pop_tab,60
licking_own_foot,60
shirow_masamune_(style),60
hand_in_jacket,60
waving_another's_arm,60
etorofu_(kancolle)_(cosplay),60
blue_garter,60
race_queen_two-piece,60
isekai_truck,60
nikujaga_(food),60
jelly_cube,60
champagne_tower,60
onomichi_(city),60
naked_pumpkin,60
sonic_surrounded_by_amy_plush_dolls_(meme),60
medi_gun,60
manuscript_paper,60
s.o.n.g._uniform,60
panties_under_bodysuit,60
the_loud_house_(style),60
minebea_pm-9,60
glowing_knife,60
special_week_(umamusume)_(cosplay),60
blacktober,60
candy_stick,60
canadian_flag_print,60
leech_girl,60
possibility_of_puberty_(sword),60
heian-kyou_(fate/grand_order),60
super_sass,60
doll_panty_check,60
lombax,60
throwing_money,60
tetra_(fish),60
strawberry_bag,60
polka_dot_bloomers,60
marsh_badge,60
rainbow_badge,60
minnie_mouse_(cosplay),60
contrast_trim_panties,60
vaio,60
another_rider_(zi-o),60
buffet,60
pink_leaf,60
kiso_(kancolle)_(cosplay),60
turtleneck_jumpsuit,60
ucc_coffee,60
from_ground,60
ittan_momen,60
paduka,60
kaisendon,60
sticks,60
lasagne,60
taut_bikini,60
leggings_under_skirt,60
covered_wagon,60
wolf_print,60
netherworld_(disgaea),60
lass_(pokemon)_(cosplay),60
destiny's_embrace_(kingdom_hearts),60
butterfly_on_mouth,60
faceless_hood,60
neck_pouch,59
glowing_neckwear,59
ironing_board,59
hip_piercing,59
koukyou_suru_machi_no_katasumi_de_(project_sekai),59
nandeyanen,59
space_colony_ark,59
looking_at_cup,59
evol_driver,59
peekaboo,59
kitasan_black_(umamusume)_(cosplay),59
spetsnaz,59
zankuro_(style),59
redaction,59
tortico_cat,59
blacksteel_worldwide_logo,59
symphony_no._765_(idolmaster),59
worm_girl,59
blade_of_grass,59
you_know_other_men?_(meme),59
ntr_character_sheet,59
glowing_gun_barrel,59
psyche_(project_tokyo_dolls),59
holding_tank_shell,59
self_hypnosis,59
feet_burger_(meme),59
fluffy_sweet_(idolmaster),59
akiman_pose,59
ash_baby_(meme),59
food-themed_choker,59
backyard,59
lucky_channel,59
historical_american_flag,59
glowing_feet,59
underwear_locked,59
slingshot_dress,59
bible_verse,59
e-ming_scimitar,59
ass_clap,59
getter_rays,59
dior,59
mikagura_private_academy_school_uniform,59
broken_staff,59
arm_holster,59
crouch_start,59
glooga_dualies_(splatoon),59
upside-down_world,59
we_can_do_it!,59
off-shoulder_bandeau,59
glowing_tree,59
alexander_anderson's_pose,59
faded_memories_(e.g.o),59
slit_throat_(gesture),59
denim_apron,59
monowheel,59
raven_guard,59
alternate_tail_color,59
heart_day,59
sphere_body,59
terminal,59
green_lantern_corps,59
red_yarn,59
fbi_badge,59
cross_pin,59
saab_gripen,59
belle_(disney)_(cosplay),59
triadic_colors,59
preschool_team_(len'en),59
horseshoe_necklace,59
glowing_pussy,59
shower_cap,59
holding_butterfly,59
zastava_m21,59
blue_spine,59
glowing_antlers,59
avatar_state,59
yotsuwari-bishi,59
atlanta_(kancolle)_(cosplay),59
male_robin_(fire_emblem)_(cosplay),59
animal_ear_footwear,59
print_ascot,59
accurate_ballet,59
festering_desire_(genshin_impact),59
carpet_beater,59
street_fighter_6_new_challenger_art_contest,59
koe_naki_sakana,59
aircraft_marshaller,59
paper_plate,59
catnip,59
castle_dedede,59
covering_stomach,59
tardis,59
zebesian,59
spores,59
stun_baton,59
snake_penis,59
kono_dio_da_(meme),59
ooze,59
judaism,59
kazami_uniform,59
power_rack,59
dish_rack,59
jet_squelcher_(splatoon),59
komino_masahiko_(style),59
atmospheric_layer,59
fortune_bikini,59
flirting_10_image_response,59
vietnamese_flag,59
awacs,59
hexapod,59
blood_from_ears,59
bowl_boat,59
sakimichan_(style),59
toe_grab,59
kettlebell,59
saloon,59
egg_tart,59
tapir_print,59
veterinarian,59
crested_hair,59
yugakure_symbol,59
shirt_belt,59
zi-o_ridewatch,59
color_picker,59
after_tribadism,59
kaenken_rekka,59
timpani,59
b-25_mitchell,59
lactic_acid_bacteria,59
pencil_in_hair,59
at-at,59
hip_strap,59
no_magazine_(weapon),59
sideless_sweater,59
vk-47_flatline,59
unicorn_print,59
slouch_hat,59
chicken-mushroom_skewer_(genshin_impact),59
zabrak,59
removable_censorship,59
dramatic_stars_(idolmaster),59
shark_hat,59
wave_motion_gun,59
apron_pocket,59
giant_salamander,59
hexafusion,59
lion_(macross_frontier),59
chinese_border,59
poke_ball_mug,59
autocycle,59
dot_triangle,59
tirol_chocolate,59
king_gainer_over!,59
fish-flavored_toast_(genshin_impact),59
holding_unworn_thighhighs,58
white_fence,58
paintball,58
trampoline,58
monomi_(danganronpa)_(cosplay),58
mouse_hole,58
matt_groening_(style),58
egg_print,58
rosemary_(herb),58
archetype_inception_(fate/grand_order),58
sega_game_gear,58
rabbit_ear_hat,58
breeches,58
comic_background,58
pleasing_parfait_(umamusume),58
orange_blood,58
fierce_deity_mask_(zelda),58
reflective_clothes,58
palestinian_flag,58
czech_flag,58
colored_blush,58
double_luo_ji,58
throw_pillow,58
ahri_(league)_(cosplay),58
butterfly_cutout,58
attack_points,58
bodybuilder,58
bulldozer,58
contingency_contract_(arknights),58
pink_raincoat,58
half_lotus_position,58
hands_on_own_back,58
za_warudo,58
demon_king_academy_school_uniform,58
inhaler,58
implied_egg_laying,58
nagisa_kaworu_(cosplay),58
clipping_fingernails,58
mexican_flag_print,58
braided_scarf,58
frog_hat_ornament,58
guy_fawkes_mask,58
cartesian_chart,58
large_module_(eve_online),58
planet_necklace,58
load-bearing_piercing,58
you_are_an_idiot_(virus),58
hyundai,58
half-sleeves,58
kill_me_dance,58
delphinus_(constellation),58
kunchim2_cat_transformation_template_(meme),58
new_york_city_police_department,58
nursing_paizuri,58
are_you_a_virgin?_(meme),58
occult_studies_club_(blue_archive),58
no_bitches?_(meme),58
imminent_bukkake,58
piranha,58
schedule,58
ventilation_fan,58
triangle_hair_bun_with_corners_toward_head,58
against_chair,58
pop_in_my_heart!!_(project_sekai),58
eclipse_scythe,58
food_fight,58
shark_bag,58
urethral_penetration,58
ballerino,58
penrose_triangle,58
brachiosaurus,58
burger_costume,58
burnt_paper,58
mandolin,58
presenting_pectorals,58
lace-trimmed_boots,58
lace-up_pants,58
skirt_around_one_ankle,58
holostars_idol_uniform_(1st_act),58
expressive_object,58
lace_arm_warmers,58
empire_state_building,58
coat_grab,58
edogawa_conan_(cosplay),58
short_messy_bangs,58
gun_between_thighs,58
airfield,58
lightning_claw,58
shiratsuyu_(kancolle)_(cosplay),58
shampoo_challenge,58
fg42,58
special_type_2_launch_ka-mi,58
type_90_(tank),58
mage_(dq3)_(cosplay),58
snow_animal,58
white_wine,58
meerkat_boy,58
print_bandaid,58
spidersona,58
paladins_of_charlemagne_(fate),58
ass_rubbing,58
interlocked_toes,58
ring_of_fire,58
mine_(place),58
ksvk_12.7,58
sol_emerald,58
torn_buruma,58
ultraman_(cosplay),58
summoned_swords,58
spam_(food),58
bouncing_belly,58
hauling_ship_(eve_online),58
shanzha_(fruit),58
illegible_text,58
cracked_skull,58
atre_akihabara,58
raw_egg,58
coil_(dimension_w),58
multicolored_bag,58
leather_bra,58
oscilloscope,58
coin_slot,58
den-o_belt,58
swedish_clothes,58
eggplant_costume,58
earth_elemental,58
kissing_ass,58
kana_(bunny_garden)_(cosplay),58
akuma_homura_(cosplay),58
beach_city,58
null_focus,58
king_game,58
constellation_crystal_(ff14),58
north_korean_flag,58
goosebumps,58
fingers_on_another's_face,58
folding,58
reddit_logo,58
danish_pastry,58
miko_day,58
cow_hair_ornament,58
diaper_changing,58
long_sword_(sao),58
dragon_dance,58
rowdyruff_boys,58
swedish_flag_print,58
soyombo_earrings,58
marui_(company),58
bearskin_cap,58
zun_hat,58
inflatable_torpedo,58
spoken_sun,58
bamboo_branch,58
winter_daphne,58
druid,58
longinus_(weapon)_(fate),58
trolley_problem,58
umezu_kazuo_(style),58
sleeveless_bodystocking,58
cryptocurrency,58
tongue_wrap,58
walrus_boy,58
puppet_show,58
fn_minimi,58
flower_on_shoulder,58
kamado_tanjirou_(cosplay),58
moon_background,58
lounge,58
kitakami_(kancolle)_(cosplay),58
skull_and_crossbones_tattoo,58
la_liga,58
folding_paizuri,58
hot_plate,58
tennomifune_academy_school_uniform,58
hat_branch,58
onion_(pikmin),58
ringer_box,58
headdesk,58
checkered_bandana,58
leotard_under_pants,58
miracle_belltier,58
stardust_breaker,58
mystia_lorelei_(cosplay),58
spoon_bending,58
nibelheim,58
dodge_challenger,58
tripod_(laboratory),58
alpaca_hair_ornament,58
fall_guy_(cosplay),58
police_box,58
parquet_floor,58
triple_tiara_(umamusume),58
sawai_yoshio_(style),58
bell_piercing,58
aps_rifle,57
musical_note-themed_food,57
ear_picking,57
tooth_hair_ornament,57
brazilian_national_soccer_team_uniform,57
montsuki,57
standing_on_desk,57
holding_sheep,57
diana_(pragmata)_(cosplay),57
finger_in_navel,57
shashka,57
on_raft,57
curse,57
arm_behind_leg,57
earth_badge,57
eden_gross_cooking_reaction_(meme),57
amy_rose_(cosplay),57
special_present_for_you!_(project_sekai),57
penis-shaped_jewelry,57
potters_wheel,57
j.k._(style),57
pole_vault,57
oriens_(nijisanji),57
spoken_hand,57
stretched_neck,57
cake_slicer,57
silicone_chainsaw_(sex_tool),57
blue_romper,57
hook_office_(identity)_(project_moon),57
warbonnet,57
columbina_(genshin_impact)_(cosplay),57
finger_painting,57
nia_colle_fashion_design,57
hasu_no_sora_pop_up_shop_china_collection,57
o_scanner,57
fur-trimmed_pajamas,57
rof-mao,57
slingshot_tan,57
sig_san_511,57
holographic_wings,57
rapi_(nikke)_(cosplay),57
swan_lake_headpiece,57
on_airplane,57
breast_piercing,57
jalapeno_pepper,57
frilled_pantyhose,57
multiple_armlets,57
helix,57
sphynx_cat,57
pov_hair,57
nagai_gou_(style),57
electric_shock_(nikke),57
riding_shark,57
sweety_(zenless_zone_zero)_(cosplay),57
tanbi_kei,57
gundam_age-1_titus_(cosplay),57
holding_perfume,57
dandruff,57
1950s_(style),57
shishiro_botan_(cosplay),57
x-ray_electrocution,57
cyaron!_(love_live!),57
holding_paw,57
gratin,57
holding_bracelet,57
swiping,57
bubble_head_nurse_(cosplay),57
apprentice_chef_(twisted_wonderland),57
microphone_between_breasts,57
alpha_legion,57
i'm_stuff_(meme),57
saizeriya,57
tortoiseshell-framed_eyewear,57
leaning_on_ball,57
yelan_(genshin_impact)_(cosplay),57
tomakanote_(love_live!),57
star-shaped_bikini,57
scorpion_pose,57
tears_of_joy_emoji,57
malaysian_clothes,57
hs2000,57
eve_(stellar_blade)_(cosplay),57
red_snapper,57
b-29_superfortress,57
suzume_no_oyado_no_katsudou_nisshi,57
uma_stars_(umamusume),57
maritozzo,57
undone_cross_tie,57
transparent_bow,57
corpus_spongiosum,57
putting_in_contact_lens,57
pokeblock,57
ointment,57
cleavage_cutout_tug,57
nismo,57
braided_mustache,57
holostars_idol_uniform_(2nd_act),57
convenient_tentacle,57
argyle_ribbon,57
imminent_licking,57
twinhook_pirates_(identity)_(project_moon),57
yukuni_academy_school_uniform,57
tsubakisakuhana_school_uniform,57
takizakura_school_uniform,57
pound_cake,57
echo_flower,57
muleta,57
comically_sharp_chin,57
burying,57
quanxi's_group_(chainsaw_man),57
secretarybird,57
beelstarmon_(cosplay),57
double-decker_hamburger_bun,57
mafia_(holostars),57
raihan_(pokemon)_(cosplay),57
aether_foundation_employee_(cosplay),57
hand_on_own_tentacles,57
t-back_spats,57
b-2_spirit,57
miyamoto_musashi_(swimsuit_berserker)_(fate)_(cosplay),57
jasmine_(disney)_(cosplay),57
kouryou_academy_school_uniform,57
penis_envy,57
finger_wrap,57
caning,57
dalmatian_print,57
butterfly_print_sash,57
print_ball,57
battle_scarred,57
tea_stalk,57
tatara_kogasa_(cosplay),57
pooka_(odin_sphere),57
headwear_pull,57
minami_kotori_(cosplay),57
togepi_egg,57
height_lineup,57
holding_bulb,57
implied_urethral_insertion,57
tomato_print,57
collateral_damage,57
thunder_badge,57
tairyou-bata,57
koala_ears,57
theodolite,57
bug_print,57
tiger_dojo,57
mercy_(overwatch)_(cosplay),57
soldering,57
pudding_hair_ornament,57
nuanmao,57
the_wild_strawberry_(idolmaster),57
toni_kensa_(splatoon),57
alaskan_klee_kai,57
us_navy_(emblem),57
pure_nail_(hollow_knight),57
egg_earrings,57
departure_board,57
ankle_holster,57
steel_ingot,57
pink_carpet,56
mega_lopunny_(cosplay),56
pipis_(deltarune),56
sunroof,56
fur-trimmed_bow,56
green_blanket,56
makeover,56
broken_bridge,56
grady_sisters_(the_shining)_(cosplay),56
zipper_legwear,56
no_piercings,56
aqua_visor_cap,56
holding_cassette_player,56
aiscream_(love_live!),56
radiation_symbol-shaped_pupils,56
dvd_player,56
polka_dot_bag,56
h&k_vp70,56
nachos,56
air_max,56
ecchuu_fundoshi,56
ochazuke_(food),56
bee_hair_ornament,56
portcullis,56
tama_kanzashi,56
wonder_woman_(cosplay),56
model_clipping,56
mikuma_(kancolle)_(cosplay),56
gauze_on_forehead,56
biting_testicles,56
molar_office_(identity)_(project_moon),56
rainbow_sticker,56
astral_dress,56
super_stamina_drink_(gakuen_idolmaster),56
studded_armor,56
dotabata_cafe_rec!!_(project_sekai),56
toothache,56
golf_bag,56
roden_shipyards_(eve_online),56
occult,56
koopalings,56
lipstick_mark_on_hand,56
multiple_aircraft,56
g-clef_(precure),56
nipple_rub_through_clothes,56
touching_forehead,56
imminent_threesome,56
blood_wings,56
flash_cards,56
silo,56
holding_another's_feet,56
drive_driver,56
grey_tabard,56
jade_pendant,56
red_dougi,56
kingstone,56
head_on_ground,56
coffee_siphon,56
control_tower,56
wig_stand,56
cow_print_wrist_cuffs,56
water_stream,56
tenor_saxophone,56
nagano_(grayparka)_(style),56
awooo,56
grabbing_another's_necktie,56
gibson_es-335,56
rapunzel_(disney)_(cosplay),56
blue_grass,56
ashen_wolves_(fire_emblem),56
gallows,56
festoon_(necklace),56
kiritsusei_juuji_academy_school_uniform,56
stilt_house,56
through_bars,56
rubber_duck_hair_ornament,56
napa_cabbage,56
persim_berry,56
holding_ghost,56
kraken_regiment,56
raiden_mei_(cosplay),56
khorne_(symbol),56
i_really_like_wearing_sunglasses_(meme),56
junko_(touhou)_(cosplay),56
meerkat,56
korean_armor,56
penguin_boy,56
bronze,56
kumorizora_no_mukou_wa_hareteiru,56
march_7th_(honkai:_star_rail)_(cosplay),56
ichigozaka_middle_school_uniform,56
nijisanji_gamers,56
chloe_von_einzbern_(archer_install)_(cosplay),56
air_hockey,56
hair_over_ass,56
human_shield,56
kv-1,56
pp-2000,56
armory,56
velcro,56
tail_stand,56
shooing,56
tip_jar,56
anti-aircraft_missile,56
zenryoku_cheerleader_(idolmaster),56
youkai_pad,56
pomegranate_flower,56
umbrella_sword,56
loquat,56
peperuto_pollon,56
shiisaa,56
lattice_mast,56
penitence_(e.g.o),56
chinese_restaurant,56
guided_pectoral_grab,56
white_scars,56
yakisoba_spill,56
puffy_collar,56
spathiphyllum,56
kyouwa_school_uniform,56
desu,56
kirin_(company),56
goldeen_(cosplay),56
majima_everywhere,56
cum_on_shoe,56
perimeter_wall,56
american_civil_war,56
a_baoa_qu,56
shedding_fur,56
mahou_shoujo_kikou_~prisma_codes~,56
balenciaga,56
nijiura_7_(meme),56
carrying_pole,56
smok_(hololive),56
evolved_virgin_killer_sweater,56
ankle_fins,56
galette_(food),56
dell,56
rainbow-tinted_eyewear,56
bone_ornament,56
diddle_diddle,56
pinball,56
serrated_knife,56
zombie_(bleach),56
drillhorn_sword,56
naver_username,56
petal_on_nose,56
white_singlet,56
holotori,56
stuffed_pegasus,56
dyson_(company),56
survey_corps,56
coil,56
white_lightsaber,56
grandma,56
she_holds_my_weakness_(meme),56
drawing_on_snow,56
sailor_uranus_(cosplay),56
paifang,56
wall_cross-section,56
animal_band_panties,56
drivesuit_(pacific_rim),56
itunes_card,56
gull-wing_doors,56
grey_headdress,56
goggles_around_arm,56
kasugano_sakura_(cosplay),56
kotatsnail,56
arakumo_gakuen,56
shaving_armpit,56
panther_pink_(precure),56
matching_pose,55
shine_sprite,55
fluffy_collar,55
feigning_hypnosis,55
takenaga_hairtie,55
clock_hat_ornament,55
transverse_plane_cutting,55
floating_blood,55
metal_jaw,55
kamisato_ayaka_(cosplay),55
cosplay_photo_inset,55
print_overalls,55
sonic_boom_(speed),55
demonica,55
hand_under_pillow,55
joya_no_kane,55
fin_piercing,55
futhark,55
gradient_shoes,55
blood_on_scissors,55
tackle_box,55
color_filter,55
hungary,55
chain_axe,55
hinduism,55
yellow_tiara,55
hand_in_another's_bra,55
white_army,55
brynhildr_(fire_emblem),55
gudok,55
into_the_new_light_(project_sekai),55
cross-laced_collar,55
pipeline,55
smelling_pantyhose,55
dytica_(nijisanji),55
cooperative_naizuri,55
camelopardalis_(constellation),55
aqua_eyeliner,55
dirty_arm,55
catwoman_(cosplay),55
food-themed_brooch,55
nike_dunk,55
removing_gag,55
tenno_sho,55
yellow_blanket,55
sun_halo,55
aqua_shrug,55
jazz_for_your_soul_(meme),55
creodron_(eve_online),55
creative_signature,55
tbh_creature_(meme),55
fn_mk_20_ssr,55
red_tailcoat,55
bitter,55
beamed_thirty-second_notes,55
kazoo,55
hello_good_day!_(project_sekai),55
green_headdress,55
kayoko_(blue_archive)_(cosplay),55
removing_bikini_top,55
sloshing_(e.g.o),55
stone_mask,55
nasu_squad's_uniform,55
after_time_valentine_2026,55
holding_hair_clipper,55
open_hat,55
lipstick_mark_tattoo,55
overdrawn_eyeliner,55
backpack_vacuum_cleaner,55
lightning_farron_(cosplay),55
floating_lights,55
nipple_push,55
jagged_sclera,55
instant_transmission,55
throwing_petals,55
art_styles_image_response,55
scout_(tf2)_(cosplay),55
seele_(evangelion),55
suiseiseki_(cosplay),55
keep_calm_and_carry_on,55
hewlett-packard,55
glowing_cracks,55
margarita,55
licking_tentacle,55
very_long_veil,55
poisoned,55
holding_globus_cruciger,55
momoi_(blue_archive)_(cosplay),55
guts_(berserk)_(cosplay),55
broken_hypnosis,55
pentagram_tattoo,55
shinobi_alliance_symbol_(naruto),55
qr_code_tattoo,55
mismatched_boots,55
capotain,55
the_dazzlings_(my_little_pony),55
paw_earrings,55
dryad_fruit_(dungeon_meshi),55
izumi_sagiri_(cosplay),55
clothed_male_underwear_male,55
same-hada,55
spinning_cat_(meme),55
liebe_girls_academy_school_uniform,55
turkish_clothes,55
helipad,55
uchigatana,55
beam_weapon,55
zuo_wang_dao,55
ki-43_hayabusa,55
choice_specs,55
splashtag_(splatoon),55
cockatrice,55
setsubun_shuen_emaki,55
breastless_ghost_costume,55
photo_stand-in,55
cracking_ground,55
himaruya_hidekazu_(style),55
gunkata,55
arsene_lupin_iii_(cosplay),55
head_removed,55
you_dress_weird_(meme),55
head_cage,55
only_my_railgun,55
rectangular_coffin,55
aestus_domus_aurea,55
toortsog,55
island_turtle,55
escape_ad,55
voices_&_letters_collection!,55
holding_bamboo_shoot,55
goldion_hammer,55
purple_overskirt,55
charge_blade,55
hirasawa_yui_(cosplay),55
eyed_shadow,55
bleeding_heart_(flower),55
vagina_dentata,55
iron_sting_(genshin_impact),55
star_in_mouth,55
giraffe_boy,55
loose_skirt,55
labraunda_(fire_emblem),55
rain_mikamura_(cosplay),55
last_shooting,55
underwear_on_head,55
hat_on_horn,55
cure_happy_(cosplay),55
pantyhose_around_legs,55
dreamcast_controller,55
unworn_blouse,55
wing_star,55
nia_teppelin_(cosplay),55
yuiazu_(unit),55
asymmetrical_one-piece_swimsuit,55
ff_gradient,55
airbrush,55
lifting_vehicle,55
letter_pose,55
being_late,55
brochure,55
recliner,55
blanket_burrito,55
coronavirus,55
monorail,55
sd_card,55
imaginary_scramble,55
warspite_(kancolle)_(cosplay),55
ushiwakamaru_(fate)_(cosplay),55
pointillism,55
asymmetry,55
humidifier,55
armor_girls_project,55
blanket_over_legs,55
mouth_bubble,55
sock_tan,55
gondola_lift,55
tickling_ass,55
gossip,55
omikuji-bako,55
animal_hairband,55
bow_of_light,55
nico_robin_(cosplay),55
flayed_skin,55
mutual_tsundere,55
stained_glass_print,54
garage_door,54
akali_(league)_(cosplay),54
new_year's_eve,54
computer_fan,54
cream_on_hands,54
skeletal_body,54
lesbian_flag_print,54
holding_with_tentacle,54
powdered_wig,54
substitution_technique,54
holding_first_aid_kit,54
patterned_skin,54
mushoku_toumeisai,54
night_awls_(identity)_(project_moon),54
eri_(blue_archive)_(cosplay),54
hands_under_chin,54
archaic_japanese_text,54
butterfly_facial_mark,54
neck_snap,54
crow's_eye_view_(e.g.o),54
short-sleeved_coat,54
gradient_shadow,54
cooperative_testicle_sucking,54
california,54
glowing_book,54
wand_lighter,54
geyser,54
majima_goro_(cosplay),54
eyebrow_razor,54
arm_on_another's_leg,54
bling-bang-bang-born_(creepy_nuts),54
overlapped_images,54
dash_store_touhou_collaboration,54
hanegasaki_academy_school_uniform,54
longship,54
grabbing_another's_stomach_bulge,54
miasma,54
buster_rifle,54
chest_binder,54
tohno_tengu_shinobi_group_uniform,54
magic_circle_floating_ahead_hand,54
you_and_i!_(idolmaster),54
pig_hair_ornament,54
smelling_shoe,54
finger_on_another's_head,54
byzantine_empire,54
sea_stars,54
league_card,54
removing_maebari,54
grunge_(fashion),54
bound_testicles,54
aegis_(nikke),54
horizontal-striped_belt,54
aerial_hoop,54
galaxy_rangers_(honkai:_star_rail),54
flehmen_response,54
winged_cat,54
math_lady_(meme),54
maginot_school_uniform,54
white_tree,54
10mm_pistol,54
aqua_petals,54
torn_tunic,54
silver_skirt,54
fur_sleeve_cuffs,54
polehammer,54
chopper_crying_(meme),54
wings_as_eyes,54
after_exercise,54
boku_wa_konya_deteiku,54
hiking_backpack,54
s'more,54
eden-gumi,54
lonely_lonely_dance_(meme),54
autobomb_(splatoon),54
sig_sg552,54
ah-1_cobra,54
fractal,54
nude_guy_wrapped_in_ribbons_standing_(meme),54
eyes_over_blush,54
flower_costume,54
hitler_youth,54
bodysuit_only,54
harness_belt,54
very_long_robe,54
bullet_wound,54
shoulder_pads_(fashion),54
jackhammer,54
revy_(black_lagoon)_(cosplay),54
half-leotard,54
clothes_on_chair,54
:v,54
switch_(ensemble_stars!),54
fake_pincers,54
mikagura_uniform_(new_link),54
two-tone_bandana,54
covering_pecs,54
witch_(fire_emblem_fates)_(cosplay),54
advent_card,54
double_shaka_sign,54
archer_summoning_day,54
allagan_tomestone,54
roundtable_hold_(elden_ring),54
bowed_wings,54
fan_meeting,54
eyewear_visible_through_hair,54
protocol._(futsuu_no_keion-bu),54
star_color_pendant,54
paramedic,54
indonesian_elementary_school_uniform,54
elevated_railway,54
icelandic_flag,54
elf_hat,54
holding_button,54
pen_behind_ear,54
passion_flower,54
sailor_saturn_(cosplay),54
smashing_guitar,54
shinzou_(ado),54
in_cart,54
takoyaki_pick,54
pearl_bikini,54
watermelon_innertube,54
kamihama_future_academy_school_uniform,54
sonoda_umi_(cosplay),54
beta_pollux,54
kaiou_baseball_uniform,54
nejikirio_(style),54
transparent_ribbon,54
blindfold_down,54
nai_ga_(style),54
hand_on_umbrella,54
holding_pasteur_pipette,54
life-size_gardevoir_plush,54
passion!!!!!!_(love_live!),54
imijikarishi_valentine,54
unusually_limbed,54
threaded_cane,54
mouth_tube,54
gudaguda_meiji_ishin,54
terra_branford_(cosplay),54
vanan'ice,54
highleg_shorts,54
banana_split,54
weichang,54
coiled_cord,54
wide_belt,54
i-401_(kancolle)_(cosplay),54
chives,54
daddycool's_tan'yao_(meme),54
spitting_seed,54
daitouren_(fate),54
rakko-nabe,54
star_hair_bun,54
fax_machine,54
toad_(mario)_(cosplay),54
robe_slip,54
frostmourne,54
ots-12_tiss,54
colombia,54
circle_print,54
argonian,54
carbon_fiber,54
tandem_bicycle,54
pride_trooper_uniform,54
su----per_cute,54
meiko_(vocaloid)_(cosplay),54
glass_floor,54
tire_swing,54
nut_hair_ornament,54
white_pelvic_curtain,54
side-tie_legwear,54
pink_dog,54
cooling_tower,54
qiqi_(genshin_impact)_(cosplay),54
su-47_berkut,54
horoscope,54
duel_academy_uniform_(yu-gi-oh!_arc-v),54
qawsedrftgyhujikolp,54
nachiya,54
edward_elric_(cosplay),54
lopsided_border,54
etwahl,54
cum_in_ear,54
tsuioku_marionette_(ensemble_stars!),54
faux_text,54
it's_super_effective,54
progress_pride_flag,54
walfas,54
tiki_(young)_(fire_emblem)_(cosplay),54
triangle-shaped_pubic_hair,54
amemiya_taiyou_(mixi_max_zhuge_kongming),54
focus_(horizon),54
smoked_cheese,54
serratus_anterior,53
aqua_pussy,53
energy_claws,53
triangle_bra,53
aloe_(plant),53
sherbet_glass,53
chaldea_nankai_dai_kessen,53
lightning_crotch_(meme),53
dental_filling,53
seahorse_girl,53
supergirl_(cosplay),53
storybook,53
suspender_corset,53
imperial_russian_flag,53
perineum_piercing,53
laser_musket,53
plate_on_head,53
brown_car,53
sequential_exposures,53
leash_on_penis,53
quartz_(gemstone),53
fountain_of_dreams,53
calligraphy_scroll,53
roasted_bottle_(mahou_shoujo_no_majo_saiban),53
trinity_(nijisanji),53
yellow_track_suit,53
maliketh's_black_blade_(elden_ring),53
shibari_marks,53
uss_iowa_(bb-61),53
laterano_logo,53
poking_ass,53
mouth_tentacles,53
super_earth_salute_(helldivers),53
tentacle_with_hand,53
gyaru_garter_lingerie_set,53
pop_cat_(meme),53
502nd_joint_fighter_wing,53
b&t_apc,53
gradient_cloak,53
reindeer_hair_ornament,53
shiratorizawa_volleyball_uniform,53
crest_of_flames,53
sputnik_and_pogrom,53
columbine_(flower),53
legendary_spear_(tate_no_yuusha_no_nariagari),53
zekkyou!?_ookami_no_mori_e_youkoso!_(project_sekai),53
pocky_box,53
blutgang_(fire_emblem),53
green_anus,53
food-themed_weapon,53
rafiki_holding_simba_(meme),53
phoenix_wright_(cosplay),53
thirty-second_note,53
rigby_the_cat_(meme),53
h&k_mp5sd,53
licking_own_arm,53
till_(alien_stage)_(cosplay),53
plaid_cardigan,53
kawaranu_atatakasa_no_tonari_de_(project_sekai),53
stille_(sousou_no_frieren),53
pink_thong,53
tattoo_choker,53
whipping_hair,53
riding_moped,53
evil_container_(meme),53
showing_baby_to_a_supermarket_camera_(meme),53
heishou_pack-si_branch_(identity)_(project_moon),53
patting_belly,53
cheese_print,53
bad_eyesight,53
plaid_corset,53
interlocked_legs,53
hydraulic_press,53
brothers-in-law,53
aris_dance_(meme),53
shide_hair_ornament,53
folding_stool,53
pin_legs,53
driving_license,53
gauze_on_shoulder,53
bolt_cutters,53
la_sangre_de_sancho_(e.g.o),53
rainbow_bow,53
vocaloid_editor,53
twin_blades_of_levianta,53
movie_projector,53
ankh_tattoo,53
study_distraction,53
police_siren,53
pallas's_cat,53
cracked_shell,53
bun_with_hair_base,53
no_veil,53
onion_dome,53
twirling_mustache,53
clothes_over_shoulder,53
kono_hito_hari_ni_omoi_wo_komeru_(project_sekai),53
pan_flute,53
irisviel_von_einzbern_(halloween_princess)_(cosplay),53
canari_(pokemon)_(cosplay),53
assless_skirt,53
kunai_hair_ornament,53
black_bear,53
armpit_hold,53
head_on_own_shoulder,53
star_bra,53
murasame_(kancolle)_(cosplay),53
kazama_squad's_uniform,53
chaos_undivided_(symbol),53
racer's_high_(stellar_blade),53
white_knight_(nikke),53
options_(shmup),53
holding_weapon_with_feet,53
no_stopping_sign,53
squeezer_(splatoon),53
mussel,53
meat_hook,53
ramekin,53
extra_pussies,53
minmatar_logo_(eve_online),53
somua_s35,53
bottle_cap_challenge,53
see-through_underwear,53
t-90,53
chocolate_truffle,53
newt,53
throwing_hat,53
theresa_apocalypse_(cosplay),53
allium_(flower),53
bad_vehicle_anatomy,53
mash_kyrielight_(enma-tei_uniform)_(cosplay),53
skeleton_snake,53
mlg,53
subachocolunatan_(hololive),53
maya_kai_ni_(kancolle)_(cosplay),53
tying_panties,53
mastercard,53
press_conference,53
pink_garter,53
walking_backwards,53
ear-to-ear,53
swinging_on_vine,53
torn_headband,53
chagama_(pot),53
camel_tail,53
landing_craft,53
exorcism,53
toy_tank,53
scottish_flag,53
xiangqi,53
trench_knife,53
divine_water_(fate),53
canary,53
patio_swing,53
mclaren_p1,53
morozoff,53
wintersweet,53
hawker_harrier,53
tone_(kancolle)_(cosplay),53
ocelot_print,53
gradient_socks,53
shimizu_takako_(style),53
adrian_helmet,53
takecopter,53
a_katakana_sign_(sarazanmai),53
black_swan_(bird),53
nidaime_wa_alter-chan,53
maru_ni_juumonji_(crest),53
against_chalkboard,53
ceremony,53
matching_ring,53
tail_rape,53
elbow_drop,53
curry_roux,53
russian_roulette,53
sunsettia_(genshin_impact),53
bugatti,53
prosthetic_ear,53
dry_grass,53
sengoku_nadeko_(cosplay),53
multicolored_headscarf,53
undine,53
void_hunters_(zenless_zone_zero),53
seijou_baseball_uniform,53
curren_chan_(umamusume)_(cosplay),53
n1k,53
fur-trimmed_slippers,53
tsurikichi_obasan,53
re_prologue_x_(idolmaster),53
object_on_bulge,53
angela_balzac_(cosplay),53
ikari_gendou_(cosplay),53
cum_on_goggles,53
inconspicuous_sex_toy,53
shirasaya,53
ibm_(ajin),53
diving_block,53
mcm_(brand),53
hf_murasama,53
s_i_n_(fate/grand_order),53
royal_officer_academy_school_uniform,53
waterskiing_(meme),53
sachertorte_(food),53
bridal_sleeves,52
censored_clitoris,52
cross_shinjuku_vision,52
character_cake,52
oversized_coat,52
komaeda_nagito_(cosplay),52
poet_sleeves,52
bolkki,52
print_paper_fan,52
maltese,52
purple_dougi,52
training_wheels,52
red_paint,52
waist_jewel,52
silver_week,52
reisa_(magical)_(blue_archive)_(cosplay),52
grey_garter_belt,52
cupless_swimsuit,52
implied_injury,52
mexican_national_soccer_team_uniform,52
gorka_suit,52
zucchini_(vegetable),52
time_progression,52
cross_bracelet,52
pole_between_breasts,52
jessica_rabbit_(cosplay),52
finger_on_nipple,52
inconvenient_hair,52
ryegrass_for_haru_urara,52
jeanne_d'arc_alter_(swimsuit_berserker)_(fate)_(cosplay),52
baking_my_long_distance_bf_into_a_cookie_because_i_miss_him_(meme),52
hasumi_(blue_archive)_(cosplay),52
cow_print_bowtie,52
riviere_(necklace),52
on_barrel,52
hirano_kouta_(style),52
dshk,52
broken_furniture,52
hooded_poncho,52
inteyvat_flower_(genshin_impact),52
ayase_momo_(cosplay),52
sniping,52
torn_tube_top,52
assassin_(fate/zero)_(cosplay),52
d-ark,52
jizaikagi,52
nervous_system,52
ramen_stand,52
dog_dildo,52
asura_(mythology),52
open_cylinder_(revolver),52
implied_after_fingering,52
whisky_glass,52
parabolic_antenna,52
guided_handjob,52
tendon_(food),52
red_arrow_and_circle_(meme),52
revolcane,52
saint_patrick's_day,52
apricot_(fruit),52
pachinko_ball,52
parka_girls_(touhou),52
samehada_(naruto),52
thigh_bands,52
subaru_brz,52
anti-tank_missile,52
badger_boy,52
no_u-turn_sign,52
blobfish,52
shinnen_kotohogu_inori_no_mai_(project_sekai),52
red_tongue,52
falling_rock,52
holding_pineapple,52
egg_mobile,52
futatsuiwa_mamizou_(cosplay),52
electric_razor,52
orange_haori,52
after_female_ejaculation,52
filipino_text,52
strapless_dildo,52
gold_weapon,52
nugget_(pokemon),52
frilled_sarong,52
softball_(sport),52
giant_of_light,52
heart-shaped_mirror,52
plaid_cape,52
head_blush,52
duvolle_laboratories_(eve_online),52
floral_print_leotard,52
h&k_xm8,52
wingdings,52
thousand-men_pin,52
finger_to_eyewear,52
1990,52
c.c._day,52
fake_television_screen,52
dotted_eighth_note,52
loft_bed,52
big_boss_(cosplay),52
long_body,52
times_square,52
nanakusa-no-sekku,52
body_cam,52
reverse_leg_lock,52
toilet_brush,52
teheperinko_(heaven_burns_red),52
kickflip,52
shift_car,52
drooling_blood,52
dromedary_camel,52
box_lottery_(fate/grand_order),52
rectangular_6koma,52
bobblehead,52
enter_enter_mission!,52
chernobyl,52
tea_leaves,52
xbox_logo,52
leopard_pelt,52
gantz_sword,52
cbj-ms,52
stuffed_hamster,52
glowing_fish,52
hidden_weapon,52
jamaican_flag,52
yuffie_kisaragi_(cosplay),52
qbz-03,52
hiroshima_prefecture,52
volumetric_flask,52
agnes_digital_(umamusume)_(cosplay),52
giga_drill_break,52
kagerou_(kancolle)_(cosplay),52
snow_white's_queen_(fairy_tale_character)_(cosplay),52
oddly_specific_shirts_(meme),52
monofin,52
fn_mag,52
venus_chain_(sailor_moon),52
t-800_(cosplay),52
floating_character,52
boundless_creation_(eve_online),52
living_fish_tank,52
chinpo_ni_wa_katenakatta_yo,52
rubbing_neck,52
jerky,52
blackcliff_slasher_(genshin_impact),52
omanjuu_mascot,52
hiki_furisode,52
alternate_print,52
hata_no_kokoro_(cosplay),52
black_tulip,52
barrel_shroud,52
rapid_blaster_(splatoon),52
mononobe_no_futo_(cosplay),52
hand_on_helmet,52
protect_gear,52
meat_hair_ornament,52
teikoku,52
ribbon_print,52
human_sacrifice,52
helena_blavatsky_(fate)_(cosplay),52
locker_foot_kabedon_(meme),52
nudge,52
italian_army,52
pokestop,52
usuzan_school_uniform,52
imminent_pegging,52
blue_sword,52
divine_bustier_(dq),52
grape_earrings,52
chippendales,52
mejiro_palmer_(umamusume)_(cosplay),52
sa-3_mozambique,52
song_dynasty,52
nijigasaki_3rd_years,52
sierpinski_triangle,52
soul_edge_(weapon),52
periscope,52
switzerland,52
mini_christmas_tree,52
starfish_print,52
amusphere,52
belly_press,52
disposable_spoon,52
kojiri,52
ak_5,52
tennis_serve,52
karaoke_hasu_no_sora,52
cum_in_headwear,52
yui_(princess_connect!)_(cosplay),52
ideon_gauge,52
custodian_helmet,52
kefir,52
clipping_another's_nails,52
quidditch,52
peeler,52
mario_day,52
cooperative_breast_smother,52
ueda_hajime_(style),52
live_for_venus_(idolmaster),52
wish_(ado),52
heat_stroke,52
kurobara_girls_high_school_uniform,52
holding_tiara,52
towel_lift,52
two-page_spread,52
stuffed_bat,52
miwa_squad's_uniform,52
mirakurun_(cosplay),52
valkyrie_skirt,52
gunjou_gakuen_school_uniform,52
tomorrow_(konosuba),52
glowing_claws,52
print_chaps,51
firefist_office_(identity)_(project_moon),51
stonks_(meme),51
checkered_swimsuit,51
cheek_sucking,51
bug_hunting,51
mehve,51
improvised_instrument,51
sailor_crest,51
mococo_abyssgard_(cosplay),51
bandage_on_forehead,51
on_wheelchair,51
king_of_pearl_360_(idolmaster),51
plaid_arm_warmers,51
through_page,51
thick_testicle_hair,51
vaporeon_(cosplay),51
deadpool_(cosplay),51
beetle_boy,51
holepunch_cutout_trend,51
egg_sandwich,51
white_snow's_merry_xmas_(ensemble_stars!),51
horse_ear_hairband,51
stapled_face,51
lower_leg_strap,51
dilation_insertion,51
hand_grabbing_both_breasts,51
fur_thigh_strap,51
haru_urara_(umamusume)_(cosplay),51
kochou_shinobu_(cosplay),51
bamboo_hair_ornament,51
toyota_crown,51
it_runs_doom_(meme),51
detachable_thumb,51
snow_duck,51
cursor_hair_ornament,51
killer_queen's_pose,51
did_you_want_to_talk?_(meme),51
moving_background,51
polish_army,51
king's_rock,51
sexy_spy_(idolmaster),51
subway_map,51
purple_negligee,51
sex_toy_replacing_penis,51
stud_piercings,51
cape_umbrella,51
letter_earrings,51
pink_sword,51
arzuros_(armor),51
vhs-d2,51
rpk-74,51
mars_symbol_hair_ornament,51
snake_wrapped_around_leg,51
gynecomastia,51
ptrs-41,51
two-tone_sailor_collar,51
swinging_golf_club,51
blender_(software),51
skullgirls_1st_dlc_character_poll,51
sparkle_(honkai:_star_rail)_(cosplay),51
deer_print,51
super_creek_(umamusume)_(cosplay),51
mushroom_earrings,51
girlfriend_booty_(meme),51
glowing_organ,51
kujo_jolyne_(cosplay),51
haruno_sakura_(cosplay),51
br55,51
hugging_ass,51
imageboard,51
stollen,51
green_bean,51
colony_interior,51
symbol-shaped_eyes,51
purple_bodystocking,51
mutual_penetration,51
green_lightning,51
toraware_no_marionette_(project_sekai),51
licking_pectoral,51
tokyo_yushun,51
roland_(company),51
dutch_clothes,51
neodecadriver,51
armatus_(tales),51
drawing_gun,51
plaid_umbrella,51
cum_on_fourth_wall,51
plateau,51
ruins_(undertale),51
yu_mei-ren_(fate)_(cosplay),51
geode,51
purple_tiara,51
ar-18,51
polka_dot_blanket,51
porsche_930,51
furred_dragon,51
hero_roller_(splatoon),51
animal_puppet,51
carddass,51
shoulder_tilt,51
ebon_dagger,51
framed_pectorals,51
shiranui_(kancolle)_(cosplay),51
mutual_impregnation,51
chocoboo,51
h&k_vp9,51
sherman_firefly,51
minecraft_shield,51
holding_table,51
handgun_stock,51
okra,51
kure_(city),51
centipede_print,51
inkblot_test,51
oshino_shinobu_(cosplay),51
animal_band,51
cat_cafe,51
earbuds_charging_case,51
mazda_rx-8,51
what_i_watched_what_i_expected_what_i_got_(meme),51
shooting_star_hat_ornament,51
orirock_(arknights),51
bird_on_weapon,51
shigure_kai_ni_(kancolle)_(cosplay),51
cottage_(building),51
turtle_button,51
hakos_baelz_(cosplay),51
lala_satalin_deviluke_(cosplay),51
pizza_print,51
british_shorthair,51
birthday_bloom,51
st._basil's_cathedral,51
oyakodon_(food),51
lineart_background,51
flowjob,51
leon_(pokemon)_(cosplay),51
dance_on_the_galaxy_(idolmaster),51
holding_dragon_ball,51
chocolate_river_no_sono_saki_ni,51
garden_of_thorns_(e.g.o),51
nissan_300zx,51
millennium_falcon,51
head_on_back,51
boat_interior,51
arrow_in_mouth,51
qixie,51
barrel_replica_(type-moon),51
snowman_earrings,51
camelot_academy_of_chivalry_school_uniform,51
usami_sumireko_(cosplay),51
how_to_draw_manga_redraw_challenge_(meme),51
rolls-royce,51
hull_shoes,51
faceswap,51
obi_spin,51
fist_fight,51
nowhere_(signalis),51
holding_stone_tablet,51
birthday_card,51
p416,51
imaizumi_kagerou_(cosplay),51
stringer,51
shadow_star,51
mew_ichigo_(cosplay),51
red_visor,51
resistance_costume_(amphibia),51
spiked_mask,51
penenko,51
parrot_girl,51
duck_on_head,51
staring_contest,51
doraemon_(character)_(cosplay),51
mumumuridesu_zettai!_(meme),51
half_rest,51
fur_rug,51
corkscrew,51
arisugawa_academy_school_uniform,51
mini_bowtie,51
beacon,51
dragon_fist_(dragon_ball),51
vorpal_bunny,51
pussy_steam,51
midori_(kemurikusa),51
memorial_on_desk,51
greek_flag,51
through_door,51
stele,51
shichi-go-san,51
wicker_furniture,51
scratched_paint,51
deer_hood,51
sumaki_(action),51
lunar_surface,51
stretch_action,51
hakama_removed,51
sakigei_municipal_academy_school_uniform,51
wiping_hands,51
school_connection,51
valz,51
toyota_prius,51
batten_japari_dan,51
leaf_tail,51
korg,51
engineer_(tf2)_(cosplay),51
philippine_flag_print,51
lunamoon_(style),51
aprob_(meme),51
hell_(chainsaw_man),51
circle_k_sunkus,51
mizuhashi_parsee_(cosplay),51
resistance_japan,51
bandage_on_finger,50
glowing_legs,50
papercutting,50
asteroid_field,50
izayoi_arisa_(cosplay),50
mugendai_mewtype,50
blue_snake,50
wrestling_trunks,50
blood_on_tool,50
faun,50
artzy_tyrannical_(arknights),50
maruzensky_(umamusume)_(cosplay),50
green_overskirt,50
winch,50
magicite,50
x_ornament,50
succubus_cheerleader_costume,50
las_vegas,50
gold_petals,50
marika's_hammer_(elden_ring),50
cephalopod,50
olive_oil,50
aki_sandwich_(meme),50
white_changpao,50
animal_pov,50
muzzle_gag,50
shading_face,50
haru_desu_yo,50
miles_edgeworth_(cosplay),50
wiping_breasts,50
vine_bondage,50
cropped_coat,50
shirt_stay,50
pleated_kimono,50
melting_heart,50
softball_uniform,50
holding_receipt,50
collared_one-piece_swimsuit,50
saotome_ranma_(cosplay),50
reefslider_(splatoon),50
level_ball,50
tail-shaped_hair,50
side-tie_vest,50
character_puppet,50
disembodied_finger,50
holding_computer_keyboard,50
magicaldraw,50
wii_balance_board,50
meshers_(nijisanji),50
holding_by_leg,50
borchardt_c-93,50
super_phenomenon_task_force_(blue_archive),50
donald_duck_sailor_hat,50
stuffed_star,50
gradient_swimsuit,50
neo_akasha_terminal,50
oda_nobunaga_(fate)_(cosplay),50
flounder,50
halo_ahoge,50
silverash_family_(arknights),50
fire_poker,50
koikoi_love_cafe_(ensemble_stars!),50
cup_holder,50
fallschirmhelm,50
large_bag,50
berrypheasant_skewer_(honkai:_star_rail),50
throwing_confetti,50
houndstooth_background,50
half-shirt,50
torn_unitard,50
umbrella_on_arm,50
handheld_metal_detector,50
glowing_trim,50
feather-trimmed_capelet,50
astolfo_(sailor_paladin)_(fate)_(cosplay),50
pieris_(butterfly),50
nails_visible_through_gloves,50
licking_screen,50
brotherhood_of_steel,50
powered_suit_(toaru),50
taut_bodystocking,50
falin_touden_(chimera)_(cosplay),50
roast_beef,50
espresso_machine,50
hiiragi_utena's_school_uniform,50
syringe_necklace,50
wishing_cairn_(e.g.o),50
melon_print,50
lats,50
semovente_75/18,50
divine_spirit_mausoleum,50
backless_bikini_bottom,50
ram_(animal),50
su-27,50
safety_pin_earring,50
battlecruiser,50
the_gate_(fma),50
trapezius,50
ogura_toast_(food),50
mildly_muscular_women_think_they're_gods_(meme),50
sanjou_school_swords_(touken_ranbu),50
kazikli_bey_(fate/apocrypha),50
tentacle_dildo,50
invasion_of_normandy,50
broom_ribbon,50
core_(girls'_frontline),50
doner_wrap,50
inkan,50
reflective_wall,50
da_qian_lu,50
sakurako_(blue_archive)_(cosplay),50
trade_offer_(meme),50
assless_swimsuit,50
eula_(genshin_impact)_(cosplay),50
spine_bumps,50
star_charm,50
chiffon_cake,50
holding_plunger,50
captured_alien_(meme),50
one-shoulder_tunic,50
see-through_china_babydoll,50
female_admiral_(kancolle)_(cosplay),50
thor_(marvel)_(cosplay),50
grated_daikon,50
fine_(ensemble_stars!),50
war_in_afghanistan,50
oncidium,50
jigen_daisuke_(cosplay),50
heliconia,50
assume_the_position_(meme),50
blay_buckle,50
nonstop_story,50
ningen_mukotsu_(fate),50
rattlesnake,50
monogram,50
super_saiyan_blue_evolved,50
headphones_on_animal_ears,50
syringe_in_head,50
scotland,50
princess_of_the_crystal_(cosplay),50
lighting_practice,50
ringworld,50
faberge_egg,50
t-65_x-wing,50
doukyuusei_2_school_uniform,50
anatomical_model,50
burnice_white_(cosplay),50
router,50
woodpecker,50
balus,50
head_bowed,50
palm_strike,50
royal_flare,50
sagisawa_fumika_(cosplay),50
husbant_(meme),50
avatar_base,50
clock_face,50
father_and_son_threesome,50
casserole,50
ice_hockey,50
bruce_timm_(style),50
holding_headdress,50
d4y_suisei,50
dizzy_(guilty_gear)_(cosplay),50
family_burger_(chainsaw_man),50
donbei_tempura_soba,50
food_on_floor,50
raiden_(metal_gear)_(cosplay),50
divided_highway,50
nyanpassu~,50
leaf_flute,50
leverless_arcade_stick,50
spoken_lightning_bolt,50
2024_niconico_cyberattack,50
waha~_(meme),50
tied_breast,50
g7_scout,50
digital_rain,50
black_forest_cake,50
sky_face,50
seidouzan,50
morgan_le_fay_(fate)_(cosplay),50
holding_mixing_bowl,50
pyonpyon_rabbit_(idolmaster),50
serie_a,50
minibow,50
notepad_(windows),50
flat_tire,50
cure_fleuret,50
diatrekhon_aster_lonkhe,50
futaba_riho_(cosplay),50
tridecagram,50
orphnoch_(555),50
wax_stamp,50
behemoth,50
ikazuchi_(kancolle)_(cosplay),50
oikawa_shizuku_(cosplay),50
had_a_dream_everyone_was_drawing_lesbian_ships_like_this_(meme),50
hat_on_lap,50
cinemagraph,50
chocolate_drip,50
