yokozuwari,8658
dairi,8281
hammer_(sunset_beach),4626
ruu_(tksymkw),3837
rebecca_(keinelove),3705
mizuki_hitoshi,3211
naga_u,3104
onikobe_rin,3005
seseren,2993
itomugi-kun,2964
bkub,2956
kouji_(campus_life),2955
tani_takeshi,2939
ebifurya,2675
kanon_(kurogane_knights),2585
ixy,2509
hankuri,2362
kirisawa_juuzou,2354
clamp,2228
hamu_koutarou,2182
chihuri,2144
ojipon,2143
iesupa,2132
drawfag,2125
haruyama_kazunori,2051
minaba_hideo,1999
ichimi,1945
avogado6,1932
sofra,1918
namori,1912
warugaki_(sk-ii),1820
kantoku,1758
kotorai,1746
rokugou_daisuke,1728
diva_(hyxpk),1724
yuuhagi_(amaretto-no-natsu),1723
banned_artist,1722
tsunako,1716
matsunaga_kouyou,1713
ido_(teketeke),1702
milkpanda,1649
futa4192,1641
yohane,1640
kouu_hiyoyo,1609
nikorashi-ka,1603
yamamoto_souichirou,1590
rariatto_(ganguri),1581
ayu_(mog),1571
minami_(colorful_palette),1569
carnelian,1568
kaamin_(mariarose753),1567
toosaka_asagi,1561
yukie_(kusaka_shi),1556
shino_(ponjiyuusu),1533
mizuhara_aki,1528
beni_shake,1525
taisa_(kari),1504
gomashio_(goma_feet),1482
ueyama_michirou,1477
yua_(checkmate),1440
ilya_kuvshinov,1429
tonda,1419
kame_(kamepan44231),1406
takeuchi_takashi,1394
hizaka,1383
ini_(inunabe00),1379
sekina,1374
zounose,1359
suzuhira_hiro,1356
kaigen_1025,1355
creayus,1348
hana_kazari,1339
blade_(galaxist),1316
mizuki_makoto,1297
mattaku_mousuke,1288
anti_(untea9),1284
shirosato,1268
nagisa_kurousagi,1261
mizumoto_tadashi,1253
katahira_masashi,1245
shimazaki_kazumi,1242
yuureidoushi_(yuurei6214),1241
kujou_karasuma,1238
ha_akabouzu,1232
kashikaze,1232
kanikama,1228
eromame,1226
cato_(monocatienus),1220
kawashina_(momen_silicon),1218
kou_hiyoyo,1214
dei_shirou,1213
mishima_kurone,1195
niwatazumi,1193
kamille_(vcx68),1186
meyoco,1176
nanao_naru,1176
sheya,1175
peko,1173
itou_noiji,1171
huke,1165
yokochou,1164
bb_(baalbuddy),1159
hotathino,1155
hisahiko,1154
karaagetarou,1145
izumi_tsubasu,1140
e.o.,1132
kurukurumagical,1123
chanta_(ayatakaoisii),1122
tk8d32,1121
otoufu,1114
yaegashi_nan,1111
nishimata_aoi,1108
noai_nioshi,1108
yuichirou,1105
unya,1104
makuwauri,1102
isshiki_(ffmania7),1086
nanase_nao,1082
rotte_(1109),1066
koyama_shigeru,1063
fujima_takuya,1059
pote_(ptkan),1058
a1,1054
ishiyumi,1054
engiyoshi,1049
agahari,1043
kukie-nyan,1041
meito_(maze),1039
fkey,1037
pentagon_(railgun_ky1206),1037
gaoo_(frpjx283),1034
pageratta,1008
rokuwata_tomoe,1003
kuromiya,1000
qqqrinkappp,995
nishi_koutarou,992
annin_musou,990
shiseki_hirame,988
kanduki_kamibukuro,987
tima,985
blacknirrow,983
kuro_kosyou,978
aoki_(fumomo),975
kishida_mel,972
kei-suwabe,968
hisona_(suaritesumi),965
harada_takehito,964
matsuryuu,964
chan_co,957
dd_(ijigendd),952
pokemoa,948
masao,946
shiromanta,946
ikeuchi_tanuma,944
colonel_aki,939
bow_(bhp),929
goma_(yoku_yatta_hou_jane),929
hanamura_mai,928
sakurazawa_izumi,928
setz,928
houtengeki,927
gomennasai,924
maruki_(punchiki),924
hidefu_kitayan,922
gonzarez,911
yume_shokunin,911
gofu,910
wakabayashi_toshiya,910
koto_inari,908
masukuza_j,906
morino_hon,902
miyo_(ranthath),900
youko-shima,899
mikage_takashi,898
do_m_kaeru,897
yuki00yo,897
ringetsumon,896
yamashita_shun'ya,896
himura_kiseki,892
swd3e2,891
kanzakietc,889
sakazaki_freddy,889
sugimori_ken,889
mauve,888
bbb_(friskuser),887
phantom_ix_row,885
sakino_shingetsu,884
zunusama,883
echo_(circa),882
mitsumoto_jouji,882
menma_(enaic31),879
nagian,877
satou_kibi,877
eiri_(eirri),875
kasumi_(skchkko),875
lack,869
rui_(sugar3),869
yuuji_(yukimimi),868
misaki_kurehito,864
tanaka_kusao,864
sayori,862
zandra,859
dokomon,849
sakura_oriko,840
shimada_fumikane,840
ninahachi,839
akkijin,836
hoshi_san_3,835
taka_tony,832
momoko_(momopoco),831
ryuuichi_(f_dragon),826
tsukudani_(coke-buta),826
imu_sanjo,825
seo_tatsuya,825
ikari_manatsu,824
gurande_(g-size),822
karukan_(monjya),819
mikeou,819
criis-chan,816
na-ga,816
gomasamune,812
kamelie,811
niiko_(gonnzou),807
yuuji_(and),807
rino_cnc,805
zen,805
mitsumi_misato,801
ucmm,798
yamato_nadeshiko,797
ragho_no_erika,796
omachi_(slabco),795
gotoh510,793
kazenokaze,793
sakiyamama,793
nardack,791
komaku_juushoku,789
piromizu,789
riyo_(lyomsnpmp),786
tenmaso,785
hiroki_(yyqw7151),783
mitya,783
tomose_shunsaku,777
tanaka_takayuki,775
ma_rukan,774
takeuchi_ryousuke,774
donguri_suzume,771
ominaeshi_(takenoko),771
kanpa_(campagne_9),769
imizu_(nitro_unknown),767
hiro_(hirohiro31),765
asaya_minoru,763
satou_yuuki,763
rappa_(rappaya),762
non_(z-art),761
i.u.y,760
ishii_hisao,760
hemogurobin_a1c,759
pas_(paxiti),759
gogiga_gagagigo,755
odawara_hakone,755
hizuki_yayoi,752
umigarasu_(kitsune1963),752
six_(fnrptal1010),750
ittokyu,745
pop,744
sakuraba_yuuki,743
aoshima,742
goto_p,742
boushi-ya,741
kuroboshi_kouhaku,737
mota,737
shangguan_feiying,736
hoshizuki_(seigetsu),735
quancy,735
chengongzi123,734
mozukuzu_(manukedori),734
ogami_kazuki,734
yomu_(sgt_epper),734
yt_(wai-tei),730
diesel-turbo,728
ama_mitsuki,727
kazuki_yone,727
meremero,727
misumi_(macaroni),727
horiguchi_yukiko,725
mossacannibalis,723
socha,722
shinapuu,721
ririko_(zhuoyandesailaer),719
tonee,718
yoshizaki_mine,718
ito_noizi,717
riichu,713
utano,709
watanabe_akio,709
xinzoruo,708
arinu,707
kyouda_suzuka,706
yunamaro,704
caffein,698
xingzhi_lv,697
inaba_shiki,696
usashiro_mani,695
tanabe_(fueisei),688
kemachiku,685
lpip,685
rozenweapon,685
aenobas,683
jako_(jakoo21),683
space_jin,683
akairiot,682
jin_(mugenjin),681
suyasuyabi,681
abe_kanari,680
mika_pikazo,680
torinone,679
mefomefo,677
erubo,674
tsukiyo_(skymint),671
jazz_jack,667
kamikiririp,667
miclot,667
mosho,667
chita_(ketchup),665
nii_manabu,665
aoi_(annbi),664
sasaki_mutsumi,664
no-kan,663
muuran,660
orenji_zerii,660
hikawa_shou,659
kaga3chi,659
bai_lao_shu,658
tsukumo,658
yuzuna99,655
yano_toshinori,654
e20,651
kapatarou,650
starshadowmagician,650
ichikawa_feesu,649
kfr,649
ohisashiburi,649
urin,648
nanaroku_(fortress76),642
nori_tamago,642
ususa70,642
kabocha_torute,640
nogi_takayoshi,640
kamizono_(spookyhouse),636
colorful_palette,635
soejima_shigenori,635
coffee-kizoku,634
yume_no_owari,634
ushi,633
qp:flapper,632
woodonly,632
deadnooodles,631
hitsukuya,630
saru,630
kisetsu,629
mei_(maysroom),628
yagisaka_seto,628
blew_andwhite,627
nagare,626
souji,625
kuena,623
yamabukiiro,623
furukawa_(yomawari),621
shiratama_(hockey),618
uranaishi_(miraura),618
kuro_suto_sukii,617
neki_(wakiko),617
cool-kyou_shinja,616
tsuruse,616
waka_(wk4444),616
wata_do_chinkuru,616
bekkankou,614
chamaji,614
negom,614
hetza_(hellshock),612
reverse_(bluefencer),612
wool_(miwol),612
kiku_hitomoji,611
yukichi_(eikichi),611
kotoba_noriaki,610
shiba_murashouji,610
silence_girl,610
kiri_futoshi,609
momiji_mao,609
kara_(color),608
yopparai_oni,608
ideolo,605
mattari_yufi,605
poronegi,605
sukocchi,605
herada_mitsuru,602
maboroshi_mochi,602
marshmallow_mille,602
natsu_(anta_tte_hitoha),601
kou_mashiro,600
suzuki_toto,600
akagashi_hagane,598
boa_(brianoa),598
mery_(yangmalgage),598
wanta_(futoshi),597
kopaka_(karda_nui),596
capriccio,595
kan_(aaaaari35),595
gashi-gashi,594
kuji-in,594
ko_ru_ri,593
felutiahime,592
minato_hitori,591
sakimiya_(inschool),589
shinoasa,589
nekotoufu,588
piyokichi,588
swordsouls,588
sorimachi-doufu,587
y.ssanoha,587
guweiz,586
murata_renji,586
mutsuki_(moonknives),586
mayo_riyo,585
paru_rari,585
7010,582
matsuda_(matsukichi),581
umekichi,581
ameyama_denshin,580
sadamoto_yoshiyuki,580
michii_yuuki,579
ibuki_notsu,578
murakami_suigun,578
sorani_(kaeru0768),577
ergot,576
hyuuga_azuri,574
osashin_(osada),574
culter,573
sky_(freedom),573
coroha,572
welt_(kinsei_koutenkyoku),572
jetto_komusou,571
kouno_hikaru,571
momose_(oqo),571
natsuya_(kuttuki),570
sazanami_mio,570
toutenkou,570
syuri22,569
morikura_en,568
pochimaru_(marumaru_wanwan),568
re_ghotion,568
shimmer,568
ame.,566
ikegami_akane,565
kikuyoshi_(tracco),565
unasaka_ryou,564
hounori,563
doitsuken,561
jeno,561
chigusa_minori,559
rifyu,559
sugano_manami,559
gensoukoumuten,558
hanzou,558
heripantomorrow,558
minamura_haruki,558
yoshitomi_akihito,557
hatano_kiyoshi,555
kagematsuri,555
aki_(neyuki41028),554
amazon_(taitaitaira),554
fjsmu,553
mae_(maesanpicture),553
porforever,553
uni_mate,553
nadegata,552
haimura_kiyotaka,551
yukataro,549
hanabusaoekaki,548
mimimi_(mimimim9999),548
kishida_shiki,547
kotoyama,547
ryosios,547
sawasawa,547
chiimako,544
koyorin,544
shone,544
harano,543
rinotuna,543
nonco,542
yang-do,541
arnest,538
maco22,538
shope,537
harusame_(unmei_no_ikasumi),536
kobuichi,536
lansane,536
tsukiman,536
eichi_yuu,535
rento_(rukeai),535
kokudou_juunigou,534
tsuki_wani,534
futatsuki_hisame,533
mawaru_(mawaru),533
ishikkoro,532
eretto,531
range_murata,531
60mai,530
namauni,530
mitha,529
rapattu,529
weee_(raemz),529
bullfalk,528
haruyama,528
namie-kun,528
redlhzz,528
shuri_(84k),528
koruri,527
pigeon666,527
ruukii_drift,527
konishi_(koconatu),526
mikazuki_neko,526
yajirushi_(chanoma),526
jun_(seojh1029),525
nagishiro_mito,525
youmu-kun,525
nakabayashi_zun,523
peroponesosu.,522
uu_uu_zan,522
aikawa_ryou,521
aono3,521
koi_(koisan),521
fuuma_nagi,520
siirakannu,520
t2r,520
bellhenge,519
mamuru,519
tsubobot,519
genzoman,518
kuya_(hey36253625),518
nishihara_isao,518
fu-ta,517
yuzu_momo,517
hinghoi,516
moneti_(daifuku),516
chikuwa.,514
mo_(kireinamo),514
pink_x,514
seki_(red_shine),514
nanase_aoi,513
pairan,513
you_(noanoamoemoe),513
eda,512
haru_(nakajou-28),512
ica,512
miwa_shirou,512
nanami_(nunnun_0410),512
makuran,511
tokuura,511
kozaki_yuusuke,510
manino_(mofuritaionaka),510
shibafu_(glock23),510
clearite,509
kamishima_kanon,509
kotatsu_(g-rough),509
midorikawa_you,509
pixiv_id_4825799,509
sousouman,509
watarui,509
yabuki_kentarou,509
amezawa_koma,508
goma_(gomasamune),508
hayashiya_zankurou,508
ramudia_(lamyun),507
ayakura_juu,505
cluseller,505
cream_(nipakupa),505
fun_bo,505
giselebon,505
no+bi=,505
op_na_yarou,503
anmi,502
asutora,502
jokanhiyou,502
natsuki_teru,502
s-syogo,502
yoshioka_yoshiko,502
ichiba_youichi,501
sakimori_(hououbds),501
hainchu,500
inu_(aerodog),500
yasuyuki,500
kyon_(fuuran),499
korie_riko,498
tamtamdi,498
komi_zumiko,496
juurouta,495
ejami,493
kotobuki_(momoko_factory),492
mashima_hiro,492
puma_(hyuma1219),492
fuji_choko,491
hidari_(left_side),491
nakkar,491
40hara,489
chino_machiko,489
hanekoto,489
kanmiya_shinobu,489
kuroi_(liar-player),489
misteor,489
yamanashi_taiki,489
nyaru_(nyaru_4126),488
raptor7,488
rioshi,488
artsy-rc,487
fathom,487
sankuma,487
misu_kasumi,486
takato_kurosuke,486
yadokari_genpachirou,486
yanagi_(artist),486
akinbo_(hyouka_fuyou),485
ueda_ryou,485
zuwai_kani,485
kawayabug,483
rakugaki-biyori,483
ukata,483
catstudio_(artist),482
shirabi_(life-is-free),482
baba_(baba_seimaijo),481
hitec,481
miri_(ago550421),481
yasaikakiage,481
chado,480
niina_ryou,480
trefle_r,480
darjeeling_(reley),479
tokumi_yuiko,478
torako_(toramaru),478
kashu_(hizake),477
agawa_ryou,476
kirero,476
yuugen,476
enami_katsumi,475
jill_07km,475
k-suwabe,474
kita_senri,474
komatsu_eiji,474
tenshin_amaguri_(inobeeto),474
daizu_(melon-lemon),473
frapowa,473
katagiri_hachigou,473
kinona,473
kyouya_(mukuro238),473
parari_(parari000),473
sako_(bosscoffee),473
shiratama_(shiratamaco),473
tatekawa_mako,473
makacoon,472
nekoguruma,472
neon-tetora,472
tsukishiro_saika,472
dishwasher1910,471
kakizaki_(chou_neji),471
ssalbulre,471
zannen_na_hito,471
dora_e,470
sazanami_konami,470
hinata_yuu,469
kawata_hisashi,469
nagasioo,469
redrop,469
robert_porter,469
tsurui,469
kouda_suzu,468
sapphire_(nine),468
suke_(singekijyosei),468
yuki_arare,468
ne_kuro,467
stanley_lau,467
flipper,466
redjuice,466
rei_(tonbo0430),466
tasaka_shinnosuke,466
gazacy_(dai),465
ryusei_hashida,464
ume_(plumblossom),464
kuroi_moyamoya,463
yuuki_tatsuya,463
bison_cangshu,462
satsumapotato,462
fuukadia_(narcolepsy),461
core_(mayomayo),460
hakusai_(tiahszld),460
l_hakase,460
saraki,460
yumaru_(marumarumaru),460
302,459
oyari_ashito,459
ree_(re-19),459
shuga_(soranote),459
takiki,459
bococho,458
h2so4,458
takana_shinno,458
lp_(hamasa00),457
shirabi,457
tandohark,457
kilye_kairi,456
mokufuu,456
hijiri_ruka,455
kutsuki_kai,455
sido_(slipknot),455
tamago_(yotsumi_works),455
inoue_sora,454
ryuki_(ryukisukune),454
keuma,453
minust,453
mikan_(chipstar182),452
miyase_mahiro,452
cis_(carcharias),451
niwarhythm,451
tachitsu_teto,451
kamezaemon,450
rin_falcon,450
takitarou,450
yutuki_ame,450
itou_(onsoku_tassha),449
moyazou_(kitaguni_moyashi_seizoujo),449
newo_(shinra-p),449
takamichi,449
saku_(osake_love),448
eu03,447
natsume_eri,447
atdan,446
toukaairab,446
yetworldview_kaze,446
deco_(geigeki_honey),445
ewa_(seraphhuiyu),445
gia,445
kadeart,445
yoru_nai,445
toujou_sakana,444
capura_lin,443
demizu_posuka,443
efukei,443
onija_tarou,443
wa_(genryusui),443
dolustoy,442
konshin,442
yumesato_makura,442
meecosme,441
zenon_(for_achieve),441
amagi_(amagi626),440
fuuen_(akagaminanoka),440
iroyopon,440
kakone,440
kitahara_tomoe_(kitahara_koubou),440
misumi_(niku-kyu),440
non_(kumakawayusu),440
sakuragi_ren,440
jason_(kaiten_kussaku_kikou),439
takanashi_ringo,439
yachima_tana,439
ayanepuna,438
errant,438
tyako_089,438
amano_kouki,437
gonnzou,437
kerorira,437
ogipote,437
shin_(new),437
nobita,436
narumi_arata,435
biyon,434
m.m,434
miicha,434
tokoroten_(hmmuk),433
yonu_(yonurime),433
achiki,432
moyoron,432
muririn,432
rei_(sanbonzakura),432
suzushiro_kurumi,432
tsukui_kachou,432
kuroi_mimei,431
momoshiki_tsubaki,431
neko_majin,431
boshi_(a-ieba),430
choufu_shimin,430
kobayashi_chisato,430
shinoba,430
anbe_yoshirou,429
infinote,429
klaius,429
mafuyu_(chibi21),429
minarai,429
syhan,429
ayakashi_(monkeypanch),428
porurin_(do-desho),428
aozora_market,427
kawachi_koorogi,427
pikaole,427
ramchi,427
c-button,426
mochizuki_kei,426
matsuri_uta,425
takayaki,425
92m,424
iwasi_29,424
ji_no,424
disco_brando,423
myama,423
ninimo_nimo,423
nuu_(nu-nyu),422
shakemi_(sake_mgmgmg),422
untsue,422
774_(nanashi),421
akashio_(loli_ace),421
kayabakoro,421
asuteroid,420
gomi_(gomitin),420
z-epto_(chat-noir86),420
amonitto,419
masayo_(gin_no_ame),419
ahenn,418
rex_k,418
ryogo,418
awa,417
baffu,417
hijiri_(resetter),417
lm7_(op-center),417
massala,417
ouno_(nounai_disintegration),417
saishosaisekojo,417
infukun,416
inuno_rakugaki,416
ka_(marukogedago),416
otosama,416
yukia_(firstaid0),416
nabeshima_tetsuhiro,415
yuu_(higashi_no_penguin),415
kanzaki_hiro,414
naru_(wish_field),414
omaru_gyuunyuu,414
sumiyao_(amam),414
tobi_(one),414
hibiki_zerocodo,413
iizuki_tasuku,413
kilye_4421,413
kurot,413
nanashiro_gorou,413
rinechun,413
azuma_aya,412
chipika,412
kazutake_hazano,412
tetsu_(kimuchi),412
luke_(dydansgur),411
okota_mikan,411
umanosuke,411
kazuma_muramasa,410
kishiyo,410
mizuki_(flowerlanguage),410
nekobaka,410
silverxp,410
y2,410
yamashiki_(orca_buteo),410
yuuki_hagure,410
deyui,409
fujikawa,409
mashiro_yukiya,409
murata_tefu,409
tokunou_shoutarou,409
hirano_katsuyuki,408
kawacy,408
mu46016419,408
kamiyoshi_rika,407
usoneko,407
papajay_(jennygin2),406
shino_(eefy),406
yuasan,406
gouta_(nagishiro6624),405
kuro_yuzu,405
maturiuta_sorato,405
moekibara_fumitake,405
nyama,405
tenjin_hidetaka,405
azuki_osamitsu,404
mikkii,404
mitsumomo_mamu,404
nannacy7,404
tukiwani,404
naoto_(tulip),403
shiba_itsuki,403
amashiro_natsuki,402
karory,402
kitahama_(siroimakeinu831),402
mery_(apfl0515),402
mossi,402
shirogane_usagi,402
tsukemon,402
fukai_ryousuke,401
kazuharu_kina,401
moribuden,401
kabuyama_kaigi,400
nanaya_(daaijianglin),400
hews_hack,399
moonknives,399
ootsuki_wataru,399
sam_yang,399
eroe,398
kei_(keigarou),398
sempon_(doppio_note),398
shuzi,398
azumi_kazuki,397
cait,397
hitoto,397
medu_(rubish),397
miyako_hito,397
tsukudani_norio,397
yukimoto_shuuji_(gurigura),397
aogisa,396
aoki_ume,396
celebi_ryousangata,396
hachiko_(hati12),396
senomoto_hisashi,396
tomobe_kinuko,396
yanagi_(nurikoboshi),396
akai_sashimi,395
murata_yuusuke,395
nakahira_guy,395
yudepii,395
chocolat_(momoiro_piano),394
kuresento,394
pako_(pakosun),394
rella,394
bai_yemeng,393
masara,393
oso_(toolate),393
s_tanly,393
yuuyu_(777),393
kuroyuki,392
mikimoto_haruhiko,392
namaniku_atk,392
saki_chisuzu,392
dsmile,391
maccha_(mochancc),391
abara_heiki,390
kazenoko,390
ken_(koala),390
liz_(piyoko_piyop),390
walzrj,390
wasabi60,390
akitetsu,389
chinomaron,389
gabiran,389
kurotofu,389
nanashii_(soregasisan),389
nishieda,389
puchiman,389
pallad,388
tony_taka,388
udon_(shiratama),388
chocomiru,387
molu_stranger,387
ddolbang,386
futa_(nabezoko),386
himegi,386
kiira,386
kurimomo,386
marumoru,385
mochizuki_shiina,385
sukemyon,385
at2.,384
hayama_eishi,384
lemon89h,384
tim_loechner,384
zawameki,384
anato_finnstark,383
hinoue_itaru,383
kuboken_(kukukubobota),383
kuronuko_neero,383
lzh,383
ryuun_(stiil),383
shamakho,383
takahero,383
arano_oki,382
kippu,382
oryou,382
sukja,382
sun_iiinu,382
takatora,382
6u_(eternal_land),381
abandon_ranka,381
aile_(crossroads),381
fuantei,381
ina_(gokihoihoi),381
jjune,381
kurione_(zassou),381
cis05,380
harukon_(halcon),380
hyde_(tabakko),380
jigatei_(omijin),380
karamoneeze,380
kimizuka_aoi,380
lielos,380
mizunashi_(second_run),380
shigatake,380
shinshin,380
shizuma_yoshinori,380
yuzuki_gao,380
haniwa_(leaf_garden),379
hong_(white_spider),379
inunoko.,379
shiratama,379
manji_(tenketsu),378
nekoume,378
potg_(piotegu),378
uccow,378
doradorakingyo,377
lotosu,377
nekominase,377
sugue_tettou,377
karuha,376
yutazou,376
amazuyu_tatsuki,375
asiri_senpai,375
kokka_han,375
sachito,375
yamabuki_(yusuraume),375
gunp,374
kumadano,374
kurahana_chinatsu,374
mizuki_(koko_lost),374
regular_mow,374
ryou-san,374
ulrich_(tagaragakuin),374
yaza,374
oota_yuuichi,373
suou,373
wataame27,373
horikou,372
kiritto,372
shikito,372
teshima_nari,372
tom_(drpow),372
judo_fuu,371
kazu_(muchuukai),371
qosic,371
sonson_(eleven),371
t_k_g,371
yuano,371
chai,370
hayashi_kewi,370
hibioes,370
kokaki_mumose,370
remsrar,370
tokiame,370
ama-tou,369
meth_(emethmeth),369
mofu_namako,369
saiste,369
caidychen,368
chai_(drawingchisanne),368
hideko_(l33l3b),368
kimishima_ao,368
koflif,368
nigo,368
tsuji_santa,368
utsurogi_angu,368
cierra_(ra-bit),367
eho_(icbm),367
harimoji,367
hashimoto_takashi,367
k_hiro,367
tinkle,367
kl,366
monori_rogue,366
rosuuri,366
seramikku,366
jaku_sono,365
kakeru_(dbskakeru),365
kugelschreiber,365
nanaponi,365
ooyari_ashito,365
ougi_hina,365
robaco,365
kazetto,364
rei_(rei's_room),364
sen_(astronomy),364
tiv,364
totatokeke,364
chameleon_(ryokucha_combo),363
cheer_(cheerkitty14),363
dyson_(edaokunnsaikouya),363
hanada_hyou,363
kousaki_rui,363
garnet,362
hayabusa,362
kuzuryuu_kennosuke,362
okuda_yasuhiro,362
somechime_(sometime1209),362
tokyogenso,362
fifiruu,361
konnyaku_(kk-monmon),361
rock_heart,361
yamaarashi,361
abazu-red,360
efe,360
gearous,360
minashirazu,360
nibi,360
sunyup,360
teruui,360
tsurukou_(tksymkw),360
yoshio_(55level),360
yuri_kyanon,360
bengus,359
juugoya_(zyugoya),359
noco_(adamas),359
beifeng_han,358
koutaro,358
maromi_(am97),358
nagineko,358
deel_(rkeg),357
gebyy-terar,357
isa_(peien516),357
matsuda_yuusuke,357
otokamu,357
shiraha_maru,357
yan'yo_(yan'yan'yo),357
koyubi_(littlefinger1988),356
nanashi_(nlo),356
zepher_(makegumi_club),356
bowwow_(hamju94),355
echj,355
erica_(naze1940),355
kyo_(kuroichigo),355
matsui_hiroaki,355
saitou_naoki,355
takatsuki_nato,355
vent_arbre,355
wataboku,355
ashiomi_masato,354
hyanna-natsu,354
langbazi,354
nekozuki_yuki,354
toriyama_akira,354
tsukimori_usako,354
fuuzasa,353
huyandere,353
kimuchi,353
meow_(nekodenki),353
nameo_(judgemasterkou),353
roke_(taikodon),353
rtil,353
shimo_(s_kaminaka),353
shirushiki,353
ainy77,352
bukimi_isan,352
ebizome,352
f7(eiki),352
kinta_(distortion),352
kutone_shirika,352
maki_(seventh_heaven_maxion),352
mattaku_mosuke,352
mocha_(cotton),352
ooranokohaku,352
paragasu_(parags112),352
poaro,352
ryuusei_(mark_ii),352
sazaki_ichiri,352
so-bin,352
yoon_cook,352
and,351
ayasugi_tsubaki,350
ech,350
kibisake,350
masakichi_(crossroad),350
saku_anna,350
shinanoya_(satanicad),350
aikei_ake,349
asa_(coco),349
batta_(ijigen_debris),349
fuzichoco,349
inuinui,349
kuroemon,349
liang_xing,349
oofushi_ao,349
terada_tera,349
tsukigi,349
chaesu,348
nanana_(nanana_iz),348
tokiomi_tsubasa,348
yamamomo_(plank),348
akasaai,347
aoi_ogata,347
atoki,347
hatsuzuki_527,347
komone_ushio,347
kuro_chairo_no_neko,347
nilitsu,347
sayshownen,347
yasume_yukito,347
jinguu_(4839ms),346
nokuhashi,346
suiso_(owp),346
synecdoche,346
wenqing_yan,346
arsenixc,345
fujishima_shinnosuke,345
ikurauni,345
kumo_(atm),345
melon22,345
miura-n315,345
mosako,345
sasamori_tomoe,345
yomosaka,345
alex_ahad,344
eko,344
sheep_nun_(diva),344
shironeko_yuuki,344
takeshima_(nia),344
tbd11,344
adsouto,343
amino_(tn7135),343
kotteri,343
kyouno,343
muromaki,343
seiran_(mousouchiku),343
shigure_ui,343
takemori_shintarou,343
119,342
dyolf,342
gotou_hisashi,342
kankan33333,342
kasuga_yukihito,342
ume_(noraneko),342
yamashita_shunya,342
kusanagi_tonbo,341
monrooru,341
segami_daisuke,341
toi8,341
yamada_rei_(rou),341
zono_(inokura_syuzo029),341
fukahire_sanba,340
kimura_takahiro,340
komori_kuzuyu,340
luicent,340
matsushita_yuu,340
oda_takayuki,340
pochi_(pochi-goya),340
pop_kyun,340
seren_(staphy),340
yepnean,340
hedge,339
hillly_(maiwetea),339
kansou_samehada,339
mashiro_aa,339
remsor076,339
tp_p_pt,339
yuusuke-kun,339
a-ka,338
ina_(1813576),338
kousei_(public_planet),338
masa_masa,338
nagami_yuu,338
nakatani,338
sekira_ame,338
takafumi,338
tama_(songe),338
yukiwo,338
comah,337
hanato_(seonoaiko),337
jiroo,337
mikazuchi_zeus,337
neit_ni_sei,337
shirogane_hina,337
sw,337
tonbi,337
9law,336
amasawa_natsuhisa,336
fushitasu,336
mayo_(becky2006),336
nunucco,336
purin_jiisan,336
rakugakiraid,336
shirotsumekusa,336
tkgsize,336
yu-ta,336
alabaster_(artist),335
elf_(stroll_in_the_woods),335
kem_kem,335
kojima_takeshi,335
nekopuchi,335
sakaki_imasato,335
sakura_hiyori,335
gochou_(atemonai_heya),334
minosu,334
shamo_(koumakantv),334
akou_roushi,333
baram,333
dandon_fuga,333
urushihara_satoshi,333
amagai_tarou,332
engo_(aquawatery),332
kujou_ichiso,332
less,332
mikage_kishi,332
rucchiifu,332
sumisu_(mondo),332
wada_kazu,332
wlop,332
abubu,331
pixiv_id_11338758,331
takoyaki_(roast),331
abe_yoshitoshi,330
hoppege,330
hori_(hori_no_su),330
karakure_(kamo-nanban),330
masanaga_(tsukasa),330
mutsu_(layergreen),330
umishima_senbon,330
yutsu,330
azusa_(hws),329
chagen_kokimu,329
kodamari,329
mimikaki_(men_bow),329
nagi_ryou,329
onsoku_maru,329
bibi,328
habsida_(habsida_hpy),328
kankitsunabe_(citrus),328
kurona,328
pan_(mimi),328
raine_(acke2445),328
akaneko_(redakanekocat),327
asamura_hiori,327
barbariank,327
berabou,327
edobox,327
imaikuy0,327
koyashaka,327
onineko,327
shikihara_mitabi,327
maruma_(maruma_gic),326
naomi_(sekai_no_hate_no_kissaten),326
okitsugu,326
sei_(kaien_kien),326
sou_(soutennkouchi),326
apple_caramel,325
baileys_(tranquillity650),325
sakakiba_misogi,325
sh_(562835932),325
shirokitsune,325
aka_tawashi,324
akakura,324
darumoon,324
fukuda_tomonori,324
kagerou_(kers),324
maru_(marg0613),324
s-a-murai,324
sisikuku,324
tomoyohi,324
twumi,324
ushiyama_ame,324
weno,324
jonsun,323
kiriya_(552260),323
ko~cha,323
mataichi_matarou,323
mayogii,323
mikagami_hiyori,323
miyama-zero,323
nakamura_takeshi,323
necomi,323
sakiyo_cake,323
shitacemayo,323
shunsuke,323
zunkome,323
hitomiz,322
irua,322
kagami_hirotaka,322
kotatsu_(kotatsu358),322
o_(rakkasei),322
sakura_chiyo_(konachi000),322
ichihaya,321
katayama_kei,321
kvlen,321
lyy,321
sasaame,321
arisaka_ako,320
goekawa,320
gorilla_(bun0615),320
kentaurosu,320
narue,320
nassukun,320
raika9,320
ruhika,320
sakurame,320
shibacha,320
torii_sumi,320
cozy,319
fujiwara_akina,319
guchico,319
hiranko,319
kenkou_cross,319
man_arihred,319
missile228,319
noya_makoto,319
blazpu,318
gin'ichi_(akacia),318
hiyori_(rindou66),318
iwasi-r,318
mcgunngu,318
michairu,318
ransusan,318
rioka_(southern_blue_sky),318
apfl0515,317
banishment,317
berry_jou,317
forestss,317
guin_guin,317
satou_atsuki,317
yokoshima_(euphoria),317
akino_shuu,316
anzu_(o6v6o),316
krudears,316
matsurika_youko,316
minami_saki,316
shima_(wansyon144),316
amazuki_jou,315
gengorou,315
hase_yu,315
ikeda_yuuki,315
mashayuki,315
rinndouk,315
ryota_(ry_o_ta),315
sandragh,315
tomo_(sjim),315
yamika,315
chibirisu,314
deetamu,314
dino_(dinoartforame),314
ferret-san,314
gakky,314
ichizen_(o_tori),314
iroha_(iroha_matsurika),314
izumi_sai,314
neruzou,314
siraha,314
taneda_yuuta,314
wong_ying_chee,314
yajuu,314
mikazuki_akira!,313
norman_maggot,313
chiaki_rakutarou,312
kaisen,312
karasusou_nano,312
kurashima_tomoyasu,312
kuroi_susumu,312
mayura2002,312
noeyebrow_(mauve),312
zozozoshion,312
zuta,312
daimaou_ruaeru,311
enjaku_izuku,311
inuyama_nanami,311
kanade_(kanade_3344),311
mel_(melty_pot),311
nagomi_(mokatitk),311
ninomae,311
berutasu,310
byeontae_jagga,310
chiharu_(9654784),310
iumi_urura,310
kisaragi_yuu_(fallen_sky),310
komeshiro_kasu,310
mikeran_(mikelan),310
nigou,310
ryuu.,310
alpha_(yukai_na_nakamatachi),309
ask_(askzy),309
doushimasho,309
kazeno,309
kieed,309
mtu_(orewamuzituda),309
shinmon_akika,309
yu_65026,309
gan_(shanimuni),308
hazuki_(sutasuta),308
sesield,308
shiitake_nabe_tsukami,308
soramuko,308
takatsuki_ichi,308
yun_cao_bing,308
arudehido,307
atobesakunolove,307
muu_(mumumer),307
pan!ies,307
sakai_kyuuta,307
tsukumizu_yuu,307
yuuzii,307
hita_(hitapita),306
kurasuke,306
meis_(terameisu),306
mura_karuki,306
rabochicken,306
sakuyu,306
tonari_no_kai_keruberosu,306
weidashming,306
youzaiyouzai112,306
zinno,306
gocoli,305
ikeshita_moyuko,305
wattaro,305
yasuda_akira,305
akky_(akimi1127),304
nekomamire,304
tamagogayu1998,304
honchu,303
itou_yuuji,303
kasu_(return),303
kuga_tsukasa,303
marimo_danshaku,303
mogumo,303
munakata_(sekimizu_kazuki),303
shipu_(gassyumaron),303
tokkyu,303
dd_(artist),302
dise,302
excel_(shena),302
hiiringu,302
okitakung,302
ouhara_lolong,302
potato_pot,302
suenari_(peace),302
taira_yuuki,302
taurine_8000mg,302
xia_(ryugo),302
yujup,302
buzz,301
egawa_satsuki,301
enami_hakase,301
haruhisky,301
hazuki_ruu,301
homare_(fool's_art),301
kloah,301
kusaka_souji,301
massakasama,301
miwa_shirow,301
moe_(hamhamham),301
murakami_hisashi,301
pepekekeko,301
ryoutan,301
sumeragi_kohaku,301
suzuho_hotaru,301
taiki_(6240taiki),301
tekehiro,301
yae_(artist),301
cuboon,300
duoyuanjun,300
haoro,300
himeyamato,300
inugami_kira,300
okama,300
pun2,300
shimadoriru,300
shimatani_azu,300
shinekalta,300
tansuke,300
yuto_(dialique),300
atsushi_(aaa-bbb),299
catstudioinc_(punepuni),299
idaten93,299
kurogarasu,299
nemoto_yuuma,299
nuriko-kun,299
reku,299
unagi_(kobucha_blaster),299
ataru_(cha2batake),298
bifidus,298
bunbun,298
drew_(drew213g),298
edoya_inuhachi,298
eric_muentes,298
hospital_king,298
kanoe_soushi,298
kkopoli,298
liduke,298
mashuu_(neko_no_oyashiro),298
meiji_ken,298
mitsumoto,298
myusha,298
nakayama_miyuki,298
osakana_(denpa_yun'yun),298
tetsurou_(fe+),298
tidsean,298
yuyu_(00365676),298
anarogumaaa,297
asameshi,297
fujimiya_yuu,297
kawai_makoto,297
masaru.jp,297
poco_(asahi_age),297
shihou_(g-o-s),297
usatsuka_eiji,297
yatsu_(sasuraino),297
ichiren_namiro,296
kinfuji,296
kosshii_(masa2243),296
matilda_fiship,296
miyasu_risa,296
ryuuzaki_ichi,296
sasucchi95,296
shingyouji_tatsuya,296
suito,296
tab_head,296
taketora_suzume,296
tonami_kanji,296
akayama_yukihe,295
caramell0501,295
indesign,295
maruyo,295
punchiki,295
toka_(marchlizard),295
yasuda_suzuhito,295
abo_(hechouchou),294
asanagi,294
birii,294
hebitsukai-san,294
jikuno,294
mieharu,294
ndtwofives,294
sabamen,294
achan_(blue_semi),293
cross_(crossryou),293
e_volution,293
kamo_kamen,293
kitsuneno_denpachi,293
komakoma_(magicaltale),293
kuro_(kuronell),293
pako,293
refeia,293
rinto_(rint_rnt),293
sakayama_shinta,293
shikei_(jigglypuff),293
tan_(tangent),293
tsukushi_akihito,293
yoako,293
zuizi,293
akagi_(fmttps),292
benitama,292
hiememiko,292
jaco,292
kanapy,292
koyama_hirokazu,292
nishizawa,292
piripun,292
u_yuz_xx,292
wokada,292
kelvin-trainerk,291
konbu_wakame,291
sasa_kichi,291
sen_(sen0910),291
tadano_magu,291
urutsu_sahari,291
watanore,291
citron_82,290
comiching,290
fujishiro_emyu,290
kadose_ara,290
koshika_rina,290
meeko,290
oshiruko_(uminekotei),290
terrajin,290
yatsuhashi_kyouto,290
yuihira_asu,290
zhibuji_loom,290
ast,289
bob_(biyonbiyon),289
daito,289
ebimomo,289
kozou_(soumuden),289
raw_egg_lent,289
rohitsuka,289
aerodog,288
fyuo,288
goguma_wagamja,288
hajime_(hajime-ill-1st),288
hirasaka_makoto,288
ishida_akira,288
kaiza_(rider000),288
mibu_natsuki,288
migihidari_(puwako),288
nnyara,288
omar_dogan,288
ram_hachimin,288
shiwa_(siwaa0419),288
cougar_(cougar1404),287
h-new,287
hightguy,287
kazari_tayu,287
kuroneko1911a1,287
kuwashima_rein,287
mimoto_(aszxdfcv),287
monsieur,287
ranf,287
tama_(seiga46239239),287
tatsumi_rei,287
yoshiki,287
akashieru,286
fuumi_(radial_engine),286
hane_yuki,286
hanomido,286
magion02,286
mashima_shima,286
piyodera_mucha,286
rakurakutei_ramen,286
akabane_(zebrasmise),285
kakao_(noise-111),285
katagiri_hinata,285
katiko,285
kodachi_(kuroyuri_shoukougun),285
love_cacao,285
oukawa_yuu,285
r-king,285
sazamiso_rx,285
tarachine,285
tsukamoto_minori,285
yoshi_tama,285
yuuka_nonoko,285
547th_sy,284
ar_(rikuesuto),284
body_mahattaya_ginga,284
daniel_macgregor,284
haneru,284
hitofutarai,284
huan_li,284
kashiwamochi_yomogi,284
naruse_chisato,284
nathaniel_pennel,284
ogitsune_(ankakecya-han),284
shake-o,284
silver_(chenwen),284
tanemura_arina,284
tori_(minamopa),284
xiu_jiayihuizi,284
yoshito,284
akira_(natsumemo),283
elfenlied22,283
fusu_(a95101221),283
gaiko_kujin,283
koissa,283
lieass,283
nyaa_(nnekoron),283
pekeko_(pepekekeko),283
raikoart,283
saitou_(lynx-shrike),283
tsukino_(nakajimaseiki),283
ugume,283
accho_(macchonburike),282
fenyon,282
katsuwo_(cr66g),282
kikumaru_bunta,282
milka_(milk4ppl),282
taisho_(gumiyuki),282
47agdragon,281
clipe,281
dosugon,281
makai_no_juumin,281
naso4,281
nyifu,281
banpai_akira,280
cuteg,280
fumio_(ura_fmo),280
gayarou,280
hana_mori,280
kawagoe_pochi,280
kitano_(kitanosnowwhite),280
maruti_bitamin,280
nyori,280
winn,280
xiacheng_tatsuya,280
colis,279
feiyu30903448,279
haik,279
keenh,279
pupps,279
saku_(kudrove),279
watarai_keiji,279
yoekosukii,279
eto,278
kanna_(plum),278
maho_moco,278
ryouka_(suzuya),278
shirase_(shirose),278
tsukioka_tsukiho,278
buriki,277
hyurasan,277
maiku,277
matsutani,277
mitsuyo_(mituyo324),277
miyakure,277
neko_(yanshoujie),277
nishimura_kinu,277
noba,277
shiro_(reptil),277
sougetsu_(yosinoya35),277
suwaneko,277
tsukimirin,277
window1228,277
zanntetu,277
13_(spice!!),276
atie1225,276
bacius,276
fujitaka_nasu,276
kusakabe_(kusakabeworks),276
lemontea,276
mabing,276
mashu_003,276
meitei,276
miwabe_sakura,276
nakano_maru,276
rin_yuu,276
soukou_makura,276
sugina_miki,276
tamayan,276
tinker_bell,276
yuuta_(monochrome),276
asakawa_(outeq),275
happoubi_jin,275
ikeda_kazumi,275
inari_(flandoll-scarlet-devil),275
kaisen_chuui,275
karimei,275
kingin,275
kyougoku_touya,275
maekawa_suu,275
michibata_65,275
nightcat,275
ningen_mame,275
nomura_ryouji,275
pot-de,275
sofy,275
sp0i0ppp,275
yanagida_fumita,275
yutamaro,275
blade_(lovewn),274
cura,274
konoe_ototsugu,274
kotobuki_(tiny_life),274
mitsunara,274
pokimari,274
ran'ou_(tamago_no_kimi),274
soutsuki_hisame,274
hairu,273
hong,273
kuzuvine,273
neku_(neku_draw),273
nichika_(nitikapo),273
nora_wanko,273
satomi,273
twrlare,273
yukie_(peach_candy),273
han_(jackpot),272
kagoya1219,272
sakamoto_mineji,272
shiina_kuro,272
suzushiro_(suzushiro333),272
urara_(ckt),272
43_pon,271
kakkii,271
lain,271
roll_okashi,271
sayakata_katsumi,271
shabana_may,271
shiina_yuu,271
sin-poi,271
sinsihukunokonaka,271
teita,271
tekodeteko,271
top-exerou,271
ugatsu_matsuki,271
usamata,271
vento,271
asuku_(69-1-31),270
ayamy,270
cotono_(nazekun),270
hatsunatsu,270
hoshino_ouka,270
jiino,270
kaname_aomame,270
mifuru,270
mukiki,270
nome_(nnoommee),270
risui_(suzu_rks),270
rito453,270
sakeharasu,270
youkan,270
amibazh,269
ariga_hitoshi,269
ayase08,269
hagioshi,269
ling_s,269
matarou_(genkai_toppa),269
negresco,269
nyanya,269
saito_katuo,269
sakurato_ototo_shizuku,269
sasahara_wakaba,269
satomi_yoshitaka,269
tachibana_roku,269
araki495,268
greenteaneko,268
isedaichi_ken,268
p19,268
riv,268
rom_(20),268
shisei_(kyuushoku_banchou),268
slugbox,268
stu_dts,268
ushiki_yoshitaka,268
yapo_(croquis_side),268
bluekomadori,267
booota,267
daidai_ookami,267
dantewontdie,267
fud,267
gin_(shioyude),267
iahfy,267
kiraki,267
kolshica,267
makimura_shunsuke,267
morii_shizuki,267
nyantcha,267
shunichi,267
taishi_(moriverine),267
tajima_yuuki,267
technoheart,267
yuza,267
chonorin,266
ebiblue,266
fami_(yellow_skies),266
hagiwara_rin,266
lutherniel,266
matataku,266
oimo,266
ress,266
ruru_(rurumagi),266
suien,266
vice_(kuronekohadokoheiku),266
aikir_(jml5160),265
aki_chimaki,265
bou_nin,265
hao_(patinnko),265
kamikita_futago,265
kasuka_(kusuki),265
kasuya_baian,265
kirishima_satoshi,265
kuavera,265
nahaki,265
tj-type1,265
alchera,264
at_classics,264
chups,264
ebifly,264
fagi_(kakikaki),264
go-1,264
hitsuki_rei,264
igakusei,264
jun_(aousa0328),264
kichihachi,264
kokomi_(aniesuakkaman),264
kousetsu,264
mameeekueya,264
min_(myna8247),264
mitsugu,264
mocacoffee_1001,264
neco,264
ray-k,264
rouka_(akatyann),264
sakura_ani,264
sakuya_tsuitachi,264
tonpuu,264
yuuki_kira,264
coreytaiyo,263
fukutarou_(enji127),263
gintarou_(kurousagi108),263
gorua_(youce01),263
hanokage,263
harada_miyuki,263
ikeda_jun_(mizutamari),263
kogatarou,263
koohee,263
masara_(masalucky2010),263
minakata_sunao,263
mizushima_(p201112),263
sushio,263
toire_komoru,263
yuihiko,263
zucchini,263
amania_orz,262
chihiro_(kemonomichi),262
cosmic_(crownclowncosmic),262
curse_(023),262
easy_(aqk7bdqt),262
gibuchoko,262
hashi,262
ikari_(aor3507),262
kikuchi_milo,262
momo_(higanbana_and_girl),262
pinkgermy,262
pumpkinpan,262
saiba_(henrietta),262
shiroshi_(denpa_eshidan),262
suetake_(kinrui),262
takahashi_tetsuya,262
umino_mokuzu_(shizumisou),262
chueog,261
gyouza_(mhea5724),261
haoni,261
jagabutter,261
ji_dao_ji,261
junpaku_karen,261
kikoka_(mizuumi),261
koge_donbo,261
lr_hijikata,261
mikagami_mamizu,261
mokuzou_(moku_ssbu),261
morishita_naochika,261
nanase_miori,261
pako_(pousse-cafe),261
pon_yui,261
ru_zhai,261
sen'yuu_yuuji,261
sheita,261
sunhyun,261
yan_(nicknikg),261
yu_yu,261
hokuto_(scichil),260
kornod,260
kusano_(torisukerabasu),260
lefthand,260
mazeran,260
moshimoshibe,260
nam_(valckiry),260
pjrmhm_coa,260
sasa_onigiri,260
sookmo,260
tetsujin_momoko,260
tomozero,260
tuteurfars_shin,260
yurume_atsushi,260
aisutabetao,259
ana_(rznuscrf),259
ayanero_taicho,259
cocomayo29_(tomato),259
cottontailtokki,259
ddal,259
huanxiang_heitu,259
kue,259
kuroda_bb,259
meitoro,259
meiya_neon,259
meto31,259
miyuki_ruria,259
ogros,259
satori_(aosky9077),259
yamakaze_ran,259
yuizaki_kazuya,259
finalcake,258
kiato,258
maze_(gochama_ze_gohan),258
niiya,258
nosuku,258
wada_aruko,258
55level,257
chorimokki,257
dede_(qwea_00000),257
flx,257
hwansang,257
ichiyou_moka,257
itatatata,257
itsuka_neru,257
kirigaya_yuuji,257
kuren,257
miso_katsu,257
miya_(tsumazukanai),257
mochiya_marosuke,257
nagayama_yuunon,257
namamo_nanase,257
noriuma,257
shikino_yuki,257
splashbrush,257
stoic_seraphim,257
uenomigi,257
71,256
boyano,256
emily_(pure_dream),256
hirasato,256
komusun,256
koruse,256
kure_masahiro,256
lunacle,256
miroku_san-ju,256
mr.romance,256
nagu,256
rafaelaaa,256
riru,256
sanamaru_(sana79261827),256
tantan_men_(dragon),256
uni,256
aoki_shizumi,255
dainamitee,255
david_revoy,255
fal_maro,255
gemi,255
hsin,255
jiru_(jirufun),255
kannatsuki_noboru,255
mani,255
uneg,255
yamasaki_wataru,255
yuzuki_karu,255
ban,254
ekao,254
interitio,254
kawano_takuji,254
kawatsu_yuuki,254
kirigakure_(kirigakure_tantei_jimusho),254
kukka,254
oro_(sumakaita),254
uyama_hajime,254
yano_mitsuki,254
yuuna_minato,254
1jumangoku,253
haruhata_mutsuki,253
hayakawa_harui,253
heebee,253
hiroya_juuren,253
masaki_itsuki,253
muchi_maro,253
nishimura_eri,253
pisuke,253
ryuhey,253
sunameri_oishii,253
umakatsuhai,253
ya_mari_6363,253
yamu_(reverse_noise),253
yana_(nekoarashi),253
youta,253
yuya_(night_lily),253
abe_suke,252
ai_takurou,252
akisome_hatsuka,252
aldehyde,252
chitosezaka_suzu,252
delusion_empire,252
esureki,252
fumitsuki_(minaduki_6),252
gazing_eye,252
hisha_(kan_moko),252
kakage,252
kiman,252
liya,252
miruto_netsuki,252
nian,252
okayparium,252
ryouma_(galley),252
sasaki_akira_(ugc),252
shiwasu_horio,252
skeptycally,252
tabigarasu,252
torichamaru,252
uguisu_mochi_(ykss35),252
abenattou,251
alphonse_(white_datura),251
butcha-u,251
chaki_(teasets),251
csyday,251
feesu_(rinc7600),251
fukahire_(ruinon),251
kamiya_tomoe,251
kotatsu_kaya,251
kurono_yuu,251
nironiro,251
ohitashi_netsurou,251
renshu_usodayo,251
the_golden_smurf,251
hoshi_(snacherubi),250
inekome,250
jenevan,250
komori_kei,250
madjian,250
ormille,250
rotix,250
seeker,250
tsubaki_(tatajd),250
akino_sora,249
ark_kan,249
berusuke_(beru_no_su),249
dakusuta,249
kikugetsu,249
misha_(hoongju),249
mokerou,249
re_(re_09),249
tomokichi,249
uta_(kuroneko),249
akni,248
baku_taso,248
boyaking,248
jan_azure,248
kibushi,248
kitsune_tsuki,248
naoki_(2rzmcaizerails6),248
nejime,248
salt_(salty),248
sokura_(mochichitose),248
wasabi_(sekai),248
bailingxiao_jiu,247
handsome_wataru,247
ment,247
pila-pela,247
rindou_(p41neko),247
shikei,247
shinmai_(kyata),247
shirofox,247
shugao,247
taishi_(picchiridou),247
tenhiro_naoto,247
terajin,247
asterisk_kome,246
captain_yue,246
g_(desukingu),246
gochou_(comedia80),246
hagiwara_daisuke,246
ham_(points),246
hinami047,246
juz,246
kasuga_haruhi,246
mikage_sekizai,246
mizuki_eiru_(akagi_kurage),246
nagatsukiariake,246
nibiiro_shizuka,246
retorillo,246
souta_(karasu_no_ouchi),246
syooooyoooo,246
tam_(cuq),246
tesshii_(riza4828),246
tiemu_(man190),246
abo_(kawatasyunnnosukesabu),245
arikawa_satoru,245
happa_(cloverppd),245
kakuzatou_(koruneriusu),245
murakami_yuichi,245
mvv,245
nzeneee,245
super_zombie,245
totoki86,245
tsurusaki_yuu,245
unapoppo,245
urushi,245
akane_souichi,244
fushigi_ebi,244
gatau,244
goshiki_suzu,244
green_dew,244
hasu_(hk_works),244
hina_hina,244
kimura_shiki,244
kinosuke_(sositeimanoga),244
kiyomin,244
kujira_naoto,244
nanashina,244
ranma_(kamenrideroz),244
ridy_(ri_sui),244
soto,244
tomasu,244
yoshida_hideyuki,244
clear_glass_(mildmild1311),243
doomfest,243
fixro2n,243
gegeron,243
harunatsu_akito,243
nineo,243
quasarcake,243
sen1986,243
shan,243
tako_(plastic_protein),243
an2a,242
asahikawa_hiyori,242
cercis,242
ddari,242
doyouwantto,242
gustav_(telomere_na),242
hagino_kouta,242
hijikawa_arashi,242
ino_(tellu0120),242
jas,242
kanmoku-san,242
kougi_hiroshi,242
kuzumosu,242
makino_(ukiuo),242
nitako,242
poprication,242
uchuuneko,242
waka_(shark_waka),242
be_(o-hoho),241
bloom2425,241
buttoniris,241
hinomoto_madoka,241
imigimuru,241
jouhou,241
keiki8296,241
muji_(uimss),241
ribonzu,241
rimuu,241
tanihara_natsuki,241
tcb,241
tina_fate,241
tyson_tan,241
5240mosu,240
ayumaru_(art_of_life),240
catbell,240
gacha-m,240
hinahino,240
horikoshi_kouhei,240
huyumitsu,240
inishie,240
jiiwara,240
junkpuyo,240
nanin,240
paopao,240
plan_(planhaplalan),240
rosette_(roze-ko),240
senzzang,240
sincity2100,240
smile_(qd4nsvik),240
tis_(shan0x0shan),240
torigoe_takumi,240
torino_akua,240
tsukigami_runa,240
yuura,240
amane_kurumi,239
chamupei,239
chocokin,239
dasdokter,239
inishie_kumo,239
iris_anemone,239
kei_(soundcross),239
oekakizuki,239
pomodorosa,239
sagemaru-br,239
senano-yu,239
tsurukame,239
benizuwai,238
bukkuri,238
chomoran,238
cloba,238
haruyuki_(yukichasoba),238
kaede_(mmkeyy),238
kyuuri_(miyako),238
misaki_juri,238
mizoguchi_keiji,238
sixten,238
yasaka_shuu,238
akinashi_yuu,237
anonamos,237
chipa_(arutana),237
fuyuno_haruaki,237
ichiei,237
ikkyuu,237
jan_(lightdragoon),237
jingai_modoki,237
kannazuki_hato,237
magowasabi,237
mizuga,237
mizutame_tori,237
pokachu,237
ri_(qrcode),237
takuzui,237
tyone,237
yumiya,237
amano_kozue,236
geppewi,236
hirokiku,236
ibsukionsen,236
ishimu,236
kairakuen_umenoka,236
kurisu_sai,236
mitsuki_yuuya,236
omoomomo,236
purplekecleon,236
airisubaka,235
akiyoshi_(tama-pete),235
amedamacon,235
choco_(chocovix112),235
eredhen,235
igashiko,235
ko_yu,235
mizala,235
nakamura_hinato,235
notora,235
ohara_hiroki,235
pikomarie,235
ringozaka_mariko,235
seungju_lee,235
yamada_ako,235
abec,234
aka_ringo,234
fatkewell,234
fukuro_(maruaru00),234
heikala,234
hinami_(hinatamizu),234
ikuyoan,234
jj_(ssspulse),234
kyogoku-uru,234
meola,234
mokeo,234
sabaku_chitai,234
shinonome_sakura,234
bonkara_(sokuseki_maou),233
cccpo,233
dango_mushi,233
higa423,233
ichikawa_masahiro,233
iwatobi_hiro,233
kabaji,233
kaenuco,233
kiri_(2htkz),233
kitayama_miuki,233
negahami,233
sibyl,233
takeya_yuuki,233
tetuw,233
toritora,233
yasuhiko_yoshikazu,233
ycco_(estrella),233
amanojaku,232
fuusuke_(fusuke208),232
honjou_raita,232
jilu,232
jirou_(chekoro),232
kim_eb,232
kobone,232
konkito,232
kushida_you,232
megido72,232
melanbread,232
misawa_hiroshi,232
papi_(papiron100),232
suurin_(ksyaro),232
thin_(suzuneya),232
agung_syaeful_anwar,231
ai-wa,231
cherico,231
deadpool_yuchan,231
fumio_(rsqkr),231
hinata_nonoka,231
ichi,231
madcore,231
sora_no_amagumo,231
sts,231
tsubasa_tsubasa,231
zetsumame,231
ao_usagi,230
blueberry_(5959),230
boshinote,230
fuchi_(nightmare),230
givuchoko,230
ironlily,230
k_mugura,230
kannari,230
mizukikushou,230
monorus,230
rebecca_(naononakukoroni),230
suichuu_hanabi,230
usuba_kagerou,230
angelo_(gomahangetsu),229
chocho_(homelessfox),229
heavens_thunder_(byakuya-part2),229
iroha_(shiki),229
kitazinger,229
kumagai_haito,229
mazume,229
miwasiba,229
mizu_asato,229
pixiv_id_5280825,229
ukyo_rst,229
anna_(drw01),228
arikanrobo,228
aruka_(alka_p1),228
coldcat.,228
daye_bie_qia_lian,228
fc_(efushii),228
gokuu_(acoloredpencil),228
hai_to_hickory,228
hamao,228
haribote_(tarao),228
hasebe_yuusaku,228
kazu,228
kofunami_nana,228
lee_hyeseung,228
mirai_(sugar),228
mojacookie,228
motomiya_mitsuki,228
rihito_(usazukin),228
sensen,228
tapioka_(oekakitapioka),228
tenko_(gintenko),228
tsuedzu,228
tusia,228
yuujin_(yuzinn333),228
akira_(kadokawa),227
amisu,227
changye,227
earasensha,227
haruyuki_(gffewuoutgblubh),227
hijiri_rei,227
honotai,227
juugonichi_(wheeliex2),227
mikazuki_sara,227
mochigome_(ununquadium),227
moemoe3345,227
moto_murabito,227
piku,227
poligon_(046),227
shijiu_(adamhutt),227
shiosoda,227
shirahane_nao,227
sugi,227
sui_(camellia),227
tenobe,227
torotei,227
yokota_mamoru,227
yonedatomo_mizu,227
49s-aragon,226
cnm,226
inaba_sunimi,226
kasuga_sunao,226
khyle.,226
kurata_rine,226
linterteatime,226
mobu,226
mocollie,226
popopoka,226
suzune_rena,226
takumi_(scya),226
tenken_(gotannda),226
wantan-orz,226
watanohara,226
akaneya,225
anyan_(jooho),225
darkkanan,225
haruichi,225
inkerton-kun,225
kagawa_yuusaku,225
kazaana,225
kim_yura_(goddess_mechanic),225
nou,225
petenshi_(dr._vermilion),225
puuakachan,225
shounen_(hogehoge),225
sigama,225
tsurugi_hagane,225
yumekaranigeruna,225
chamaruku,224
ebi_puri_(ebi-ebi),224
haruka_natsuki,224
harusawa,224
ichinose_yukino,224
ikeda_shouko,224
isamu-ki_(yuuki),224
keiko_(mitakarawa),224
kirisato_itsuki,224
magatsumagic,224
nishida_asako,224
ryohka,224
s-now,224
shigetake_(buroira),224
tsuyadashi_shuuji,224
yae_(mono110),224
ameto_yuki,223
aryuma772,223
danann,223
darkside,223
enpe,223
gyozanuko,223
hachi_(8bit_canvas),223
jeanex,223
kase_daiki,223
mizutamako,223
mori_toshiaki,223
nababa,223
peach-pit,223
pensuke,223
sasairebun,223
shida_kazuhiro,223
shikushiku_(amamori_weekly),223
spawnfoxy,223
sumi_keiichi,223
usagi_nui,223
vinhnyu,223
waterkuma,223
byourou,222
fangxiang_cuoluan,222
fuussu_(21-kazin),222
guuchama,222
hamsterfragment,222
kagiana,222
lamb-oic029,222
naitou_ryuu,222
nemu_mohu,222
nozomi_tsubame,222
okiru,222
otsumami_(bu-bu-heaven),222
reinama,222
rin2010,222
ryuuka_sane,222
saiku_(zvlku),222
sakiryo_kanna,222
samidare_(hoshi),222
siy_(shengxiu760722),222
tsukikage_oyama,222
yappen,222
yohan1754,222
akaki_aoki,221
angeltype,221
bei_mochi,221
gilse,221
hakusai_ponzu,221
harmonia,221
kakiko210,221
komame_(st_beans),221
mizuamememe,221
oshio_(dayo),221
rozen5,221
sakai_(motomei),221
shirono,221
4b-enpitsu,220
74,220
baocaizi,220
gzei,220
hajike_akira,220
hiro_(chumo),220
icesherbet,220
jiji,220
madogawa,220
mim_(mimya0600),220
murayama_ryouta,220
pinakes,220
rikugo,220
rune_xiao,220
shichimenchou,220
shikimi_(yurakuru),220
shirataki_kaiseki,220
tokyo_(great_akuta),220
tsuzuya_(knt31),220
tuxedo_de_cat,220
yukichi_(sukiyaki39),220
aoi_tete,219
ashiroku_(miracle_hinacle),219
chameleon_man_(three),219
chisumi,219
colon_br,219
futami_yayoi,219
himeko_(nico6v6pachi),219
kobashi_daku,219
kure~pu,219
mattari_illust,219
matyinging,219
merry_(168cm),219
munmu-san,219
nukomasu,219
onija_taro,219
puracotte,219
qixia,219
rei,219
sogabe_toshinori,219
tarbo_(exxxpiation),219
tsuda_nanafushi,219
warashi,219
yadapot,219
yuki_(popopo),219
yukian,219
0725akaba,218
ayasaka,218
fuwamoko_momen_toufu,218
harumiya,218
hiiragi_fuyuki,218
himuhino,218
in-hyuk_lee,218
jacy,218
james_turner,218
karunabaru,218
kieta,218
kiguchiko,218
kitsune_(kazenouta),218
moudoku_(decopon3rd),218
ngetyan,218
north_abyssor,218
nyoro_(nyoronyoro000),218
ruchi,218
shishigami_(sunagimo),218
tanasuke,218
tenten_(chan4545),218
unowen,218
zakusi,218
zangemiya,218
delsaber,217
doraeshi,217
ecru,217
eudetenis,217
freng,217
hebitsukai,217
ibara_riato,217
kagachi_saku,217
kurochiroko,217
kyou_039,217
maruino,217
masami_chie,217
michael,217
nenobi_(nenorium),217
ningen_(ningen96),217
reitou_mikan,217
takahirokun,217
tao_(kadoya),217
toho10min,217
uemukai_dai,217
villyane,217
yamasuta,217
anabone,216
chiyo_(rotsurechiriha),216
eidenjyou1997,216
eus_ing,216
ise_(0425),216
katou_haruaki,216
kazami_karasu,216
kyougoku_shin,216
mitsuba_choco,216
miyabino_(miyabi1616),216
nakajima_yuka,216
natori_youkai,216
nedia_(nedia_region),216
pizaya,216
reddizen,216
saipaco,216
sakieko,216
shio_(futatsumami),216
yuuki_akira,216
zaxwu,216
fujieda_miyabi,215
galibo,215
garasuno,215
himajin_noizu,215
kona_(canaria),215
leon_7,215
niwatori_kokezou,215
onnaski,215
ootomo_takuji,215
phamoz,215
shinjitsu,215
sisenshyo,215
subachi,215
suna_(sunaipu),215
suzume_miku,215
takorice,215
tottoto_tomekichi,215
tsuchibayashi_makoto,215
tsukinami_kousuke,215
usotsukiya,215
asterozoa,214
citron80citron,214
dangmill,214
dreadtie,214
furahata_gen,214
gryebooks,214
komatsuzaki_rui,214
kozakura_(dictionary),214
kuri_giepi,214
maeya_susumu,214
maguro_(mawaru_sushi),214
matsuo_yukihiro,214
mogamiya_honu,214
oshiaki,214
pomu,214
pori_(kmt_pori),214
rnuyvm,214
san-pon,214
sekiya_asami,214
shiontaso,214
shira_(sirairo116),214
u-non_(annon'an),214
yaco_(nuitnotte),214
203wolves,213
armadillo-tokage,213
barashiya,213
emily_kim,213
ichimura_kanata,213
matsuda_hikari,213
merlusa,213
mile_(off8mile),213
misaki_nonaka,213
nana_(raiupika),213
nanashino,213
nikki_kyousuke,213
sak_(lemondisk),213
sharumon,213
sogawa,213
tao,213
tea_(nakenashi),213
teriyaki,213
tsuyomaru,213
amaduyu_tatsuki,212
box_(hotpppink),212
cbgb,212
fbc,212
gurageida,212
kojima_saya,212
mad_(hazukiken),212
masukudo_(hamamoto_hikaru),212
mozukun43,212
oyatsu_(mk2),212
sa-ya2,212
taikyokuturugi,212
temmasa22,212
wada_arco,212
amano_chiharu,211
aomushi_(mushamusha),211
fuji_fujino,211
green322,211
hirai_yuzuki,211
jiang-ge,211
kanniiepan,211
kinocopro,211
kobamiso_(kobalt),211
koshiro_itsuki,211
miyai_max,211
nagayori,211
nikoo,211
nuno_(pppompon),211
roh_nam_kyung,211
sakura_neko,211
sanpatisiki,211
sorolp,211
vofan,211
wangphing,211
abua,210
auko,210
az_toride,210
chikafumikou,210
eiwa,210
gomashi_(goma),210
hiroe_rei,210
mi_(pic52pic),210
nakayama_tooru,210
omutatsu,210
sheepd,210
shiburingaru,210
sunanuko_(ramuneko),210
toy-black,210
yoneyama_mai,210
yuuki_(irodo_rhythm),210
4suke,209
amo,209
capera,209
gedou_(ge_ge_gedou),209
hamayuu_(litore),209
haruki_(colorful_macaron),209
kafun,209
kagura_tohru,209
kanda_done,209
kayako_(tdxxxk),209
kaze-hime,209
lee_(dragon_garou),209
nikame,209
okuba,209
omuretsu,209
oso,209
shisoneri,209
suruga_kanade,209
tsugutoku,209
westxost_(68monkey),209
zero-theme,209
ariverkao,208
athenawyrm,208
ayagi_daifuku,208
eiku,208
holy_pumpkin,208
ino,208
isuka,208
juna,208
kapuchii,208
kazune_(baumkuchen),208
meng_ziya,208
morinaga_(harumori),208
plum_(arch),208
reo_(mmocc123),208
rin2008,208
sano_toshihide,208
suimya,208
sukage,208
uona_telepin,208
viva!!,208
zuo_daoxing,208
a9b_(louis814),207
chinikuniku,207
go_robots,207
godees,207
goomrrat,207
hoojiro,207
katsumi5o,207
kinkymation,207
miyao_ryuu,207
nanimonothing,207
noya,207
spark621,207
tokiti,207
tomari_(veryberry00),207
ume_(pickled_plum),207
xanax025,207
yamakawa,207
54hao,206
alison_(alison_air_lines),206
bell_(oppore_coppore),206
black_cola,206
fleur-de-lis,206
fruit_punch,206
fujimoto_hideaki,206
geetsu,206
george_man,206
h_kasei,206
hinagi_(fox_priest),206
kamukamu_(ars),206
kotanuki_329,206
kouzuki_kei,206
mana_(gooney),206
mechuragi,206
meguru_(megurunn),206
monosenbei,206
mullmull02,206
natsu_no_koucha,206
primsla,206
senji_(tegone_spike),206
uenoryoma,206
umiroku,206
werkbau,206
wiriam07,206
witoi_(roa),206
yamaguchi_yuu,206
yuchi_(salmon-1000),206
allenes,205
betchan,205
gengetsu_chihiro,205
humio,205
kazuaki,205
kei_(artist),205
kugui_kiyunemu,205
metata,205
muonrei00,205
ooyun,205
reia,205
setu_kurokawa,205
shi_chimi,205
takenoko_no_you,205
tama_(soon32281),205
tenneko_yuuri,205
toriny,205
arizuka_(catacombe),204
ashiwara_yuu,204
creek_(moon-sky),204
daifukumochi_(akaaokiiwo),204
ddak5843,204
deyuuku,204
do_(4-rt),204
em,204
fujishima_kousuke,204
garimpeiro,204
hiroki_ree,204
hiten_goane_ryu,204
ikuchan_kaoru,204
kazawa_(tonzura-d),204
kikuchi_seiji,204
kuroonehalf,204
meipoi,204
mochi.f,204
pottsness,204
sch,204
shigaraki_(strobe_blue),204
shukusuri,204
tamamon,204
tosura-ayato,204
ueauwa,204
vertigris,204
wabi_(wbsk),204
xi_yuu,204
akagi_shun,203
amaa_(chou_dennou_jidai),203
chawan_(yultutari),203
doremi,203
hiro_(dismaless),203
izumi_(stardustalone),203
janne_cherry,203
key_(gaigaigai123),203
ko_kita,203
konanbo,203
kuromame_(8gou),203
microa,203
monicanc,203
murasaki_iro,203
muroku_(aimichiyo0526),203
nekolina,203
nollety,203
saeki_hokuto,203
shigureru,203
tenmu_shinryuusai,203
tomoe_himuro,203
5altybitter5,202
aki663,202
atoshi,202
chata_maru_(irori_sabou),202
danbo_(rock_clime),202
hachi_(chihagura),202
hamayumiba_sou,202
hirune_(konekonelkk),202
homo_1121,202
iwamoto_james,202
joman,202
mk,202
nyamo,202
owa_(ishtail),202
pasutel,202
puppeteer7777,202
sasabunecafe,202
takaharu,202
terimayo,202
bbbb_fex,201
beleven,201
chikuwa_savi,201
csyko,201
denaseey,201
fuupu,201
hagane_soushi,201
ichihina,201
illumi999,201
katari,201
kinoko_(benitengudake),201
kuresuku_(lessons),201
makai,201
mitsudoue,201
nagimiso,201
nanahamu,201
onineko-chan,201
oniyama831,201
sa-dui,201
siw0n,201
sokusekimaou,201
ssambatea,201
suka,201
tetsuo,201
hakua_ugetsu,200
hanny_(uirusu_chan),200
hota,200
huangdanlan,200
kabayaki_unagi,200
kagekichirou,200
kaiga,200
kusanagi_kaoru,200
mashuu_masaki,200
masuishi_kinoto,200
mezashi_(mezamashi_set),200
minazuki_randoseru,200
moyori,200
nagato123,200
nakamura_sumikage,200
nipi27,200
otokuyou,200
riho,200
risutaru,200
rizu_(rizunm),200
shirasu_youichi,200
suan_ringo,200
yutohiroya,200
zhanzhangzlw,200
0-den,199
charin,199
kai_(akamekogeme),199
kisumi_rei,199
kotatu_(akaki01aoki00),199
kurenai_karasu,199
megahiyo,199
mikakami1e,199
mitsuki_meiya,199
mizuno_(okn66),199
mogu_(au1127),199
moonstone,199
nanotsuki,199
nimura_yuuji,199
saitou_masatsugu,199
sanotsuki,199
shika_miso,199
shin'en_(gyokuro_company),199
sho-n-d,199
tosyeo,199
yan_pai,199
alexmaster,198
baretto_(karasi07),198
caryo,198
charamells,198
chikado,198
dog-san,198
emerane,198
fukuoka_katsumi,198
funi_mu9,198
gengoroumaru_(ambidextrous),198
haruken,198
ichi_makoto,198
ippers,198
iroiro_yaru_hito,198
jiekuijiangshadaonijiamenkou,198
kabayaki_(kabayaki_eel),198
karasu_(naoshow357),198
kedamono_kangoku-tou,198
kieyza,198
konohoshi,198
kousaka_0v0,198
l_(matador),198
marimo_(yousei_ranbu),198
mesushirindaa,198
midori_(misuriru8),198
reiga_(act000),198
wasabi_(legemd),198
yamasan,198
zakki,198
dra,197
endou_okito,197
hato_haru,197
hazuki_(nyorosuke),197
hjl,197
kaetzchen,197
katou_(osoraku),197
kengorou_saemon_ii_sei,197
kero_sweet,197
kisaragi_yuri,197
kito_(sorahate),197
mame1645,197
minami_seira,197
momoniku_(taretare-13),197
nakaaki_masashi,197
napo,197
oobari_masami,197
poco_(backboa),197
shikitani_asuka,197
sukoyaka_(100hituzi),197
sumeragi_hamao,197
takesinobu,197
teramoto_kaoru,197
tocky,197
tsukikusa,197
yokai,197
yorukun,197
drpow,196
gaketsu,196
hiro_(pqtks113),196
houhou_(black_lack),196
inagoinaire,196
io_(sinking=carousel),196
kasai_shin,196
kei_kei,196
kilart,196
mameshiba,196
minato_(ojitan_gozaru),196
nokishita,196
nyanmaru,196
pcmaniac88,196
rolua,196
spacezin,196
takishima_asaka,196
tamutamu-t,196
wagashi928,196
zifletts,196
alfred_cullado,195
choborau_nyopomi,195
futaba_hazuki,195
hara_yui,195
haru_(haruxxe),195
huanxiang_huifeng,195
ichige_yoru,195
ikomochi,195
ima_(lm_ew),195
k10k,195
kagami_chihiro,195
kanitama_(putyourhead),195
kisaragi_kiriha,195
kohaku.,195
kouda_tomohiro,195
kyuri,195
magai_akashi,195
mayachi_(amuriya),195
mebaru,195
moyui_(myi_005),195
nakajima_atsuko,195
skade,195
sora_to_umi,195
take_(shokumu-taiman),195
tomioka_jirou,195
yurichtofen,195
zaso,195
aconitea,194
artpatient,194
dan_(kumadan),194
don_(29219),194
ebira,194
eluthel,194
fractalmagnolia,194
hamaguri_(hamaguri1234),194
heirou,194
kamiya_maneki,194
kana_(kanna_runa0620),194
katwo,194
ledjoker07,194
maeshima_shigeki,194
minahamu,194
mzh,194
oosaka_kanagawa,194
qin_(7833198),194
reiesu_(reis),194
shiro_kuma_shake,194
shuuichi,194
sino_(sionori),194
sohin,194
tennohi,194
yurikuta_tsukumi,194
acchii_(akina),193
asa_no_ha,193
ayase_hazuki,193
binsen,193
bokota_(bokobokota),193
branch_(blackrabbits),193
cozyquilt,193
douji,193
fuente,193
hoshizaki_reita,193
izumo_neru,193
jianmo_sl,193
kokoro_no_koibito,193
kuroba_rapid,193
kuzu_kow,193
kyaku_tasu,193
kyanos_(b_0000ff),193
matsubara_hidenori,193
minimaru,193
pon,193
qtian,193
sat-c,193
savan,193
shin_(hetaling),193
shina_shina,193
shirocha_tei,193
toshifumi,193
ugif,193
uousa,193
usume_shirou,193
astg,192
gucchiann,192
hanpetos,192
katsuoboshi,192
kitayuki_kajika,192
kuma_(crimsonvanilla),192
mishima_hiroji,192
raigou,192
senmu,192
t0kiwa,192
tamahana,192
tantaka,192
tobi_(nekomata_homara),192
yude,192
yumaomi,192
zoff_(daria),192
aislan,191
blade_(artist),191
buru-dai,191
carina_(xiaowoo),191
emyu,191
henriiku_(ahemaru),191
hijikini,191
himukai_yuuji,191
hizagawa_rau,191
hoshiringo0902,191
ibarashiro_natou,191
ichiju,191
icylove,191
inoshishi_(ikatomo),191
kabocha,191
karabako,191
kirusu,191
kuzumomo,191
kyoo-kyon_(kyo-kyon),191
maekakekamen,191
maru_(maruttona),191
mouyi,191
popon_ta,191
rukinya_(nyanko_mogumogu),191
sinzan,191
superpig,191
suzune_hapinesu,191
tachikawa_mushimaro,191
touon,191
unagiman,191
zeco,191
acryl,190
akatsuki_hijiri,190
applekun,190
cervus,190
cube85,190
dowman_sayman,190
hana,190
katou_shinobu,190
kisairo_kaede,190
kokura_masashi,190
kuma_(bloodycolor),190
nagato-chan,190
nigo_(aozoragarou),190
rkp,190
ryoku_sui,190
shouji_2,190
teoi_(good_chaos),190
tetsukuzu_tetsuko,190
tomato_(lsj44867),190
tyata-maru,190
yoshida_akihiko,190
4_(nakajima4423),189
amemiya_ruki,189
appleq,189
ashita_(2010),189
capriccyo,189
chima_q,189
g_ieep,189
gogatsu_fukuin,189
ichiyan,189
izawa_koushi,189
karutamo,189
kedama_milk,189
kosai_takayuki,189
kumu_zaisheng,189
maya_g,189
miu_(miuuu_721),189
mivit,189
muku_(muku-coffee),189
nakadori_(movgnsk),189
nozaki_tsubata,189
oouso,189
ougiikun,189
pantsu-ripper,189
pito_(sh02327),189
s@ki_kilisawa,189
sakusyo,189
snale,189
sola7764,189
syatey,189
tai_(nazutai),189
takanae_kyourin,189
tro,189
waisshu_(sougyokyuu),189
y_(036_yng),189
yahako,189
yoplait,189
azusa,188
cui_(jidanhaidaitang),188
egawa_akira,188
jittsu,188
kokotetsu,188
kuromayu,188
leon_(mikiri_hassha),188
maki_chitose,188
matsuo_(matuonoie),188
murabito_c,188
nin_(female),188
nudtawut_thongmai,188
starlight_express,188
takayama_toshiaki,188
takeshima_eku,188
akino_coto,187
buuwa,187
gin_(oyoyo),187
ha-ru,187
haun,187
kanau,187
kisamu_(ksmz),187
kiyuu,187
ksk_(semicha_keisuke),187
miko_fly,187
miyata_(lhr),187
mokokiyo_(asaddr),187
na_tarapisu153,187
nuka_(nvkka),187
omochi_(omotimotittona3),187
rumie,187
sencha_(senta_10),187
shian_(my_lonly_life.),187
snatti,187
wangchuan_de_quanyan,187
xephonia,187
yukishiro_(hitsuji),187
zaofeng,187
arceonn,186
automatic_giraffe,186
azuki_yui,186
ciloranko,186
elliemaplefox,186
hyakuhachi_(over3),186
i-pan,186
kangetsu_(fhalei),186
kibadori_rue,186
kurihara_sakura,186
lena_(zoal),186
lkari_shi,186
matayoshi,186
moorina,186
nishii_(nitroplus),186
nu-nyu,186
ogino_atsuki,186
osamu_(jagabata),186
sagamiso,186
shinia,186
shiratama_dango,186
takahata_yuki,186
touya_(the-moon),186
wada_sachiko,186
zizi_(zz22),186
araido_kagiri,185
boke-chan,185
gakubuchi_aiko,185
gyaheung,185
haku_(sabosoda),185
hikawa79,185
hitode,185
junsuina_fujunbutsu,185
jyt,185
kairi,185
kaninn,185
kawakami_rokkaku,185
kion-kun,185
kitazume_hiroyuki,185
kurono_yuzuko,185
miata_(pixiv),185
mikoto_(oi_plus),185
miuku_(marine_sapphire),185
moke_ro,185
pipi_(m1x_mix),185
puyo,185
reammara,185
shiodome_oji,185
shouu-kun,185
sutokame,185
tenkuu_sphere,185
toto_nemigi,185
utopia,185
watage_modoki,185
yodare_(3yami8),185
yoshimon,185
yuya090602,185
yuyaiyaui,185
z.o.b,185
(ysy)s,184
abmayo,184
akamatsu_ken,184
akara_kai,184
apt,184
gotou_keiji,184
hanabana_tsubomi,184
hikobae,184
hyakuen_raitaa,184
kashuu_(b-q),184
kazana_(sakuto),184
kishibe,184
kousaku,184
kuziaaizuk,184
m-da_s-tarou,184
mckeee,184
mitsu_king,184
miyako_(xxxbibit),184
muku-coffee,184
nishiuri_warito,184
noa_(nagareboshi),184
nyororiso_(muyaa),184
oharu-chan,184
rasahan,184
same_anko,184
sincos,184
somehira_katsu,184
takeuchi_naoko,184
yuuri_nayuta,184
atsumi_yoshioka,183
azuki_(azuki-taste),183
buntaichou,183
dav-19,183
ebanoniwa,183
eromkk,183
fishine,183
gozz,183
gurasion_(gurasion),183
houzuki_(hotondo),183
ichinomiya_(blantte),183
ikuhana_niiro,183
izuka_daisuke,183
kanabun,183
kinoshita_sakura,183
kyjsogom,183
longmei_er_de_tuzi,183
majamari,183
matilda_vin,183
mokku,183
mushroom_(osh320),183
namiki_itsuki,183
noel_(noel-gunso),183
noyu_(noyu23386566),183
ska.harumi,183
spirytus_tarou,183
taowu_(20809),183
ticcy,183
topia,183
vyragami,183
aspara,182
ayase_midori,182
bigdead93,182
eunos,182
fukusuke_hachi-gou,182
higa_yukari,182
hiiragi_souren,182
inoshira,182
kintaro,182
ladic,182
max_melon_teitoku,182
mimofu_(fullhighkick),182
nikaidou_kou,182
otonoha_aika,182
reimei_(r758120518),182
sapphire_(sapphire25252),182
satomachi,182
shifumame,182
shika_(s1ka),182
shima_(shima_je),182
shundou_heishirou,182
tenjou_ryuka,182
tsunamayo,182
wara_(warapro),182
yuhi_(hssh_6),182
4shi,181
aano_(10bit),181
char,181
enokuma_u-ta,181
erica_june_lahaie,181
haniwa,181
haru_(hiyori-kohal),181
iro_(mywife_sunny),181
itamochi,181
kurikara,181
maki_keigo,181
matokechi,181
miwano_ragu,181
mokoiscat,181
nanpou_(nanpou0021),181
nyoronyoro,181
petagon,181
ringo_sui,181
salmon88,181
sama,181
sciamano240,181
shinzui_(fantasysky7),181
shiroi_karasu,181
shukinuko,181
takashi_(huzakenna),181
tamaran,181
unya_(unya-unya),181
yashiro_seika,181
yukimi_unagi,181
yuran_(kuen-hien),181
akata_itsuki,180
ame_(metorui),180
azuma_kiyohiko,180
basa_rutan,180
dasuto,180
deras,180
didloaded,180
fuurin_(omaemona),180
hikanyan,180
inuzuka_bouru,180
jurge,180
kamotama,180
kuroganeruto,180
manyako_(mohumohu),180
oouso_(usotsukiya),180
phandit_thirathon,180
poyo_(hellmayuge),180
razalor,180
sawayaka_samehada,180
shin_(highest1192),180
shohei_(piranha5hk),180
wabi_tsubaki,180
yagami_(mukage),180
yana_mori,180
yoshinari_you,180
3_(sanyako1),179
akizone,179
chunpai,179
ekm,179
fakkuma,179
findoworld,179
g-tetsu,179
hakuishi_aoi,179
herunin,179
hetaling,179
hikari_niji,179
ibuki_satsuki,179
kamu_(geeenius),179
kuroi,179
mahcdai,179
melaton,179
miyoshino,179
moyan,179
osiimi,179
sakurai_makoto_(custom_size),179
saya_(mychristian2),179
sesena_yau,179
shingo_(missing_link),179
shirako_miso,179
sugimura_tomokazu,179
suisai,179
suterii,179
tamu_(mad_works),179
tsukineko,179
vania600,179
xration,179
yasumo_(kuusouorbital),179
yoshinaga_p,179
amasora_taichi,178
amu_(m_aa),178
ankea_(a-ramo-do),178
anno88888,178
azuma_yuki,178
azuuru_(azure0608),178
bankoku_ayuya,178
bucchake_(asami),178
capura.l,178
chaba_(hortensia),178
cong1991,178
ehrrr,178
el-zheng,178
fujisaki_hikari,178
ginji_(sakaki_summer),178
himuro_(dobu_no_hotori),178
irori,178
jiei_son,178
kamo_(kamonabe_44),178
kawanobe,178
kiba_satoshi,178
koike3582,178
kokoroko,178
kumamoto_(bbtonhk2),178
kurogane_gin,178
kuroihato,178
mamimu_(ko_cha_22),178
michihasu,178
mikoyan,178
mushi024,178
nanaheibei_3,178
natsu_(natume0504),178
nishiuri,178
nomura_tetsuya,178
nura_(oaaaaaa),178
oka_(bananashoe),178
oyu_(sijimisizimi),178
rsef,178
sinaooo,178
soranagi,178
takase_kanan,178
tama_(tama-s),178
taniguchi_jun'ichirou,178
tokita_monta,178
umarutsufuri,178
welchino,178
yamato_koara,178
abekawa,177
anbe_masahiro,177
ayame_(0419),177
chize,177
crazy_developers,177
dalc_rose,177
emon-yu,177
fukumitsu_(kirarirorustar),177
fuuna,177
hakuda_tofu,177
hangaku,177
hikawayunn,177
hisayuki_hirokazu,177
izu_lemon,177
junjun_(kimi-la),177
kamioka_shun'ya,177
kicdon,177
modare,177
nanahara_fuyuki,177
ootsuki_momiji,177
orz_(kagewaka),177
pkpokopoko3,177
saberiii,177
sakana_(ryuusui-tei),177
supon,177
suzune_yuuji,177
tamura_hiro,177
tanaka_io_(craftstudio),177
u35,177
14_(vision5032),176
ayamisiro,176
bukurote,176
cocozasa,176
darkmaya,176
dokan_(dkn),176
emg_(christain),176
fujisaki_yuu,176
gen_(enji),176
gin00,176
hater_(hatater),176
horokusa_(korai),176
ikeda_jun,176
kutan,176
megumiya,176
narumiya_(empty_cafe),176
natsumekinoko,176
popman3580,176
rangu,176
ririkuto,176
saki_pokeoekaki,176
shouji_ayumu,176
suzunosuke_(sagula),176
taiga_hiroyuki,176
usotsuki_penta,176
yasai_(getsu),176
0yukiya0,175
beancurd,175
beize_(garbage),175
bien_(djpwjd1),175
blancpig_yryr,175
chikichi,175
clown_222,175
folks_(nabokof),175
haguhagu_(rinjuu_circus),175
hekicha,175
horosuke_(toot08),175
kawaku,175
kaya_rio,175
keemu_(occhoko-cho),175
kekemotsu,175
mel/a,175
mousou_(mousou_temporary),175
murota_yuuhei,175
narynn,175
pechika,175
rejean_dubois,175
shirogane_(platinum),175
sibanoue,175
suntail,175
suwa_yasai,175
tsuno_no_hito,175
u_u_(mooooooou),175
xox_xxxxxx,175
araizumi_rui,174
ayo_(ayosanri009),174
chikage_(kinokodou),174
chutohampa,174
clockwork-cadaver,174
dan_(orange_train),174
hanenbo,174
ichinose777,174
jin_young-in,174
johan_(johan13),174
ken_(coffee_michikusa),174
kirito_(tundereyuina),174
masamuuu,174
mikurou_(nayuta),174
mitchi,174
morizono_shiki,174
murata_range,174
nicetack,174
nima_(niru54),174
noi_mine,174
non_(nobu),174
ogino_(oginogino),174
pettan_p,174
pine,174
poncho_49,174
rinnrinn,174
sakkan,174
segamark,174
shouna_mitsuishi,174
shunsei_(muratou),174
takayama_kisai,174
tengxiang_lingnai,174
tomidoron,174
vanilla_(miotanntann),174
yurano_(upao),174
yuzuki_kei,174
04sora40,173
aa_(sin2324),173
asdf1211950,173
baisi_shaonian,173
chachi_(azuzu),173
colo_(nagrolaz),173
cynical_(llcbluckg_c004),173
elise_(piclic),173
fukuroumori,173
geneva_bowers,173
hinomaru_(futagun),173
hujikok,173
kaede_(003591163),173
kikyou-0423,173
komasawa_(fmn-ppp),173
kozue_akari,173
kureha_(ironika),173
kurokoori,173
matsui_yasutsugu,173
matsuri_(matsuike),173
memento_vivi,173
mizukoshi_(marumi),173
mudou_eichi,173
nanakaku,173
nao,173
noki_(affabile),173
nozomi_fuuten,173
ohasi,173
ookami_maito,173
sad_fuka,173
shirou_masamune,173
yakob_labo,173
yonema,173
yuutarou_(fukiiincho),173
bettle_(b_s_a_n),172
deaver,172
j.k.,172
kamameshi_gougoumaru,172
kane-neko,172
kikurage_(crayon_arts),172
komuzuka,172
mao_(expuella),172
mappaninatta,172
mian_lang,172
nanamomo_rio,172
naru_(andante),172
neropaso,172
nirap,172
nyagakiya,172
obo,172
oshiki_hitoshi,172
ousaka_nozomi,172
p!nta,172
rateratte,172
sema_(vivaviva_02),172
shichinose,172
shijima_(sjmr02),172
sumapan,172
uchiu_kazuma,172
udppagen,172
akira_(been0328),171
amatari_sukuzakki,171
arakawa_tarou,171
caisena,171
evandragon,171
fue_(rhomphair),171
ikeda_(cpt),171
kaguyuzu,171
kaneaki_mukku,171
karlwolf,171
kimura_(ykimu),171
kotobuki_tsukasa,171
kurokuro,171
mashiro_(rikuya),171
minitesu,171
miyukiyo,171
mku,171
moiko,171
mokyutan,171
murai_shinobu,171
panzer,171
rnehrdyd1212,171
sako_(user_ndpz5754),171
sasanomesi,171
suisen,171
sumeragi_seisuke,171
sunakumo,171
tahya,171
tom-neko_(zamudo_akiyuki),171
ttomm,171
uisu_(noguchipint),171
walluka,171
yusano,171
alzi_xiaomi,170
ayano_yuu_(sonma_1426),170
chinchongcha,170
chitetan,170
edel_(edelcat),170
enoo,170
himehachi_(hime8manga),170
itefu,170
iwawa,170
kei_t_sr,170
kogane_(staygold),170
kumamoto_nomii-kun,170
kumiko_(aleron),170
macaronk,170
maruchi,170
minazuki_tsuyuha,170
mio_(mgr300),170
misoni_comi,170
muse_(rainforest),170
nekobayashi,170
oiun,170
parororo,170
ptkan,170
raiou,170
rimukoro,170
santa_matsuri,170
satogo,170
shinkiro,170
tegar32,170
tenjou_nanaki,170
utm,170
yuuki_keisuke,170
yuzuyomogi,170
zihacheol,170
daiishori,169
g_yuusuke,169
gumichoco,169
hime_takeo,169
himetsuki_luna,169
hinata_momo,169
hinayuki_usa,169
ichika_(ichika87),169
inoino,169
kirisaki_seeker,169
matsu-sensei,169
mawaifu,169
mochacot,169
narumi_yuu,169
nkymyura,169
realmbw,169
rexlent,169
rod_(rod4817),169
shimatori_(sanyyyy),169
shuri_yasuyuki,169
soukuu_kizuna,169
tadashi,169
taku1122,169
tsuuhan,169
yoshida_seiji,169
aoblue,168
as109,168
ataruman,168
gan2,168
haraya_manawari,168
hasekura_chiaki,168
hoshino_kagari,168
itou_nanami,168
kaginoni,168
kirishima_riona,168
lily_(artist),168
marota,168
matsuki_(mikipingpong),168
mochii,168
nac000,168
nanabuluku,168
nishino_(waero),168
nobusawa_osamu,168
ooji,168
rokudena-shi,168
satou_(3366_s),168
sodapop_(iemaki),168
sumaki_shungo,168
tokomichi,168
toridamono,168
urabi_(tomatohouse),168
yukiyuki_441,168
yuno385,168
zhainan_s-jun,168
arthur_ko,167
azasuke,167
bacheally,167
bai_qi-qsr,167
cocoballking,167
da-cart,167
dodai_shouji,167
eruru_(erl),167
gensou_kuro_usagi,167
ginhaha,167
haegiwa,167
ishihara_masumi,167
kentan_(kingtaiki),167
kgt_(pixiv12957613),167
kitasaya_ai,167
kousuke0912,167
kuroneko_(kuroneko_works),167
kuroneko_douji,167
kusakanmuri,167
kuzumiya_yuyu,167
kws,167
kyoutsuugengo,167
marimo_jh,167
masayu,167
michiru_(amphibian),167
mugi_(banban53),167
muryou,167
nasuna,167
ootori_(kyoya-ohtori),167
prime,167
qian_wu_atai,167
rayvon,167
shuri_(syurigame),167
sima_naoteng,167
suicchonsuisui,167
sukabu,167
suke_(momijigari),167
t-okada,167
tanaka_kaori,167
tsuji_kazuho,167
vilor,167
yakota_(usuk-yako),167
yoichi_(umagoya),167
zicai_tang,167
akakokko_(niro_azarashi),166
aoi_tobira,166
aotan_nishimoto,166
ario,166
azuumori,166
ekoru,166
emia_wang,166
esukee,166
fujinoki_(horonabe-ken),166
futaba_miwa,166
gacchahero,166
gumoyu,166
haida_katsuretsu,166
hajin,166
hibanar,166
higa-tsubasa,166
hinot,166
hirayama_kanna,166
hug_(artist),166
ichikai,166
inaeda_kei,166
junior27016,166
kanipanda,166
kenoka,166
kenuu_(kenny),166
kiryuu_makoto,166
kobaji,166
kureha_mitsushige,166
kyoko_(akakikyoko),166
lilylion26,166
masaki_(msk064),166
mia_(gute-nacht-07),166
mike_nesbitt,166
morioka_itari,166
nat_the_lich,166
nikkunemu,166
oopartz_yang,166
pocche-ex,166
ram_(ramlabo),166
sanbasou,166
shibasaki_shouji,166
shiratama_akane,166
side_b,166
sody,166
suna_(s73d),166
taruya,166
tsukuda0310,166
wadante,166
wakagi_repa,166
yaoshi_jun,166
yuki_maccha_(yukimattya10),166
yukiharu,166
yuuji,166
akasata,165
big_wednesday,165
enokuma_uuta,165
feguimel,165
fusenryo,165
gibagiba,165
hashiro,165
hi-ho-,165
hikage_eiji,165
inazakura00,165
itsumizu,165
junwool,165
kanno_takanori,165
karei,165
kawai_ritsu_(rits_meg),165
kohakope,165
kuroneko_no_toorimichi,165
madyy,165
maromichan,165
mino_tarou,165
morifumi,165
noconol,165
s_gentian,165
satoupote,165
simosi,165
sora_freebird,165
susagane,165
tokki,165
tsukumiya_amane,165
uraki_(tetsu420),165
wingheart,165
yuugo_(atmosphere),165
yuuki_rika,165
7ife,164
ajishio,164
aruya_(flosrota),164
aya_shachou,164
choko_egg,164
con_potata,164
dearmybrothers,164
dqn_(dqnww),164
eip_(pepai),164
erako9,164
ginta,164
hatafuta,164
hero45439083942,164
hinoe_(right-hnxx03),164
hrd,164
hyudora,164
ikune_juugo,164
iwasaki_takashi,164
konno_takashi_(frontier_pub),164
kouga_yun,164
kowai_(iamkowai),164
lemonail,164
mikoto_akemi,164
nueco,164
nyong_nyong,164
oota_youjo,164
paseri,164
red_(artist),164
rei_(rei_rr),164
ryo,164
ryuinu,164
sakazakinchan,164
sami_(object_dump),164
tugumi0w0,164
ukami,164
yoshino_ryou,164
10eki_(tenchou),163
ashiyu_(ashu-ashu),163
asyde,163
ebora,163
eencya,163
eringi_(rmrafrn),163
es_(eisis),163
hachi105,163
hachiya_shohei,163
hirosato,163
hosoo,163
jack_hamster,163
kasugai_(de-tteiu),163
kidachi,163
kishimoto_masashi,163
kogame,163
kokukyukeo,163
kurasawa_moko,163
manarou,163
megateru,163
ninomae_ina'nis_(artist),163
ogura_eisuke,163
phdpigeon,163
shiwo_(siwosi),163
sorai_shin'ya,163
soul_(tamashii),163
usagi_koushaku,163
yukizuki_chikuba,163
zankuro,163
zephid,163
anbutter_siruko,162
attsun_(atsushi_jb),162
chiba_sadoru,162
danjou_sora,162
enelis,162
fateline_alpha,162
garuku,162
hanarito,162
keibleh,162
kichi8,162
mechanist08,162
minarai_zouhyou,162
mirin_(coene65),162
mochizuki_ado,162
nogisaka_kushio,162
okazaki_takeshi,162
organ_derwald,162
pandea_work,162
sakura_(medilore),162
samip,162
satou_toshiyuki,162
shun_(rokudena-shi),162
soragane_(banisinngurei),162
sub-res,162
suzuno_naru,162
t-ray,162
taka_(tsmix),162
tanaka_shoutarou,162
yoropa,162
yuko_(uc_yuk),162
zipsunz,162
ancesra,161
aosora_kamiya,161
brat,161
chatamaru_(irori_sabou),161
chikotam,161
cibo_(killy),161
coria,161
curry_gohan,161
domotolain,161
faubynet,161
glastonbury1966,161
hohehohe,161
inanaki_shiki,161
izumi_masashi,161
kasa_list,161
kezune_(i-_-i),161
ki_(adotadot),161
kitsune_maru,161
kodama_(wa-ka-me),161
kojiro337,161
koru_koruno,161
lavelis,161
mamimumemo,161
maou_alba,161
maru_ccy,161
mygiorni,161
nanoha-h,161
nito_(nshtntr),161
nmaaaaa,161
ommmyoh,161
oniku-chan,161
ooba_kagerou,161
oze_(xyz_go_go11),161
r0g0b0,161
roki_(hirokix),161
sakura_sora,161
shiromako,161
shousan_(hno3syo),161
toobane,161
tyouseki,161
udon_entertainment,161
uppi,161
uzuki_aki,161
xiaobanbei_milk,161
y_naf,161
yogisya,161
yutsumoe,161
a-nya,160
asahi_rise,160
bob_(you-u-kai),160
bomhat,160
david_liu,160
goroo_(eneosu),160
harano_kaguyama,160
haru_(nature_life),160
hone_(honehone083),160
horibe_hiderou,160
kagemusha,160
kannon_ouji,160
kanokoga,160
kisaragi_ryou_(sougetsu-tei),160
kitsunerider,160
kyousaru,160
littlebluemuffin,160
lulu-chan92,160
magister_(bigbakunyuu),160
matangom,160
momio,160
naze,160
nishiya_futoshi,160
oborotsuki_kakeru,160
onoco,160
oono_tsutomu,160
popoin,160
satomura_kyou,160
satsuma_age,160
shiki_(shikki46),160
shoochiku_bai,160
sirataki_umauma,160
suzumeko,160
takara_akihito,160
takeda_aranobu,160
tariah_furlow,160
temachii,160
tori@gununu,160
tyuga,160
yorktown_cv-5,160
you_(shimizu),160
yst,160
yupiteru,160
00kashian00,159
3mm,159
akitaka_mika,159
asagao_minoru,159
bachera,159
barasui,159
chronozbergh,159
daidou_(demitasse),159
dos_(artist),159
fermium.ice,159
gecchu,159
gyari_(imagesdawn),159
hai_ookami,159
kayama_kenji,159
ke-ta,159
kichiroku,159
knt31,159
koizumi_arata,159
mari_audio,159
matatabi_maru,159
miz_01,159
moon_ldl,159
moti_coi,159
niita,159
onigunsou,159
onsen_tamago_(hs_egg),159
piro_(artist),159
piroshiki123,159
ponkan_8,159
psd,159
ruuto_(sorufu),159
saemon_(tonpura),159
sawarakajin,159
steed_(steed_enterprise),159
tokira_nozumi,159
trg-_(sain),159
uro,159
wulie_errr,159
xin_yu_hua_yin,159
xkl3001,159
yamase,159
yu-ves,159
yug,159
yukimitsuki,159
yuuki_eishi,159
akihiyo,158
azuma_yukihiko,158
enjoy_mix,158
furukawa_wanosuke,158
gyoubu_ippei,158
hyogonosuke,158
kana_(maple926),158
koruta_(nekoimo),158
mamel_27,158
mercy_rabbit,158
miata_(miata8674),158
miko_92,158
monoku,158
moru_(monaka),158
nagareboshi,158
natsuki_(silent_selena),158
nobile1031,158
nonono_(mino),158
ohagi1010,158
pen-zin,158
quan_(kurisu_tina),158
relio_db318,158
sandwich_(artist),158
senbei_(senbe_i),158
shibuki_kamone,158
shimizu_pem,158
suzutsuki_kurara,158
tks_(chikuwa),158
yurumawari,158
yuzu-aki,158
amane_(7783),157
arlizi,157
borumete,157
carlo_montie,157
chobi_(penguin_paradise),157
drie,157
east_sha2,157
exe_(xe),157
futatsuki_eru,157
hanya_(hanya_yashiki),157
haruta_(806060),157
hibun_tsukasa,157
homura_subaru,157
ixima,157
izumi_makoto,157
joniko1110,157
kandanchi,157
kasa,157
kureta_(nikogori),157
kuromari_(runia),157
kuune_rin,157
lunarisaileron,157
mike_inel,157
mks,157
motobi_(mtb_umk),157
mutou_kurihito,157
neko_ni_chikyuu,157
neopure,157
oyama_yoihaya,157
pin.s,157
rasukaru,157
spacecolonie,157
subaru_(yachika),157
substance20,157
suda_ayaka,157
ulogbe,157
vivo_(vivo_sun_0222),157
x&x&x,157
amatsuji,156
awara_kayu,156
emlan,156
falcoon,156
gomi_chiri,156
gram_9,156
greatmosu,156
hanasaka_houcha,156
hue_oo,156
i.takashi,156
iku_(ikuchan_kaoru),156
imai_kazunari,156
izumi_mahiru,156
kaedena_akino,156
kayanogura,156
kinoshita_ichi,156
kisaragiya,156
komomo_(ptkrx),156
kurosususu,156
mirco_cabbia,156
nao_(qqqbb),156
nekomata_naomi,156
okuto,156
pf,156
ritsu_(roboroboro),156
sasasi,156
shigunyan,156
shiguru,156
st.kuma,156
suzushiro_yukari,156
tensugi_takashi,156
yamato_(muchuu_paradigm),156
yukke,156
agonasubi,155
annindoufu_(oicon),155
asgykk,155
bakuya,155
chon_(chon33v),155
domo1220,155
donuttypd,155
ekira_nieto,155
fizintine,155
gamryous,155
gleision_adain,155
hakamii,155
hariyaa,155
houden_eizou,155
i.f.s.f,155
k+,155
kaosu_(kaosu0905),155
katatsuka_kouji,155
kirie_kairi,155
kurobuta_gekkan,155
lam_(ramdayo),155
li04r,155
libiadan,155
loundraw,155
miho_(mi),155
momae_makku,155
nakaichi_(ridil),155
natsuki_(ukiwakudasai),155
nel-c,155
ochinsama,155
odayan,155
oneroom-disco,155
p-nekor,155
pei_(sumurai),155
pika_(kai9464),155
pikurusu,155
pizzasi,155
rojiko,155
ry,155
savi_(byakushimc),155
shishinon,155
sonoda_ken'ichi,155
suisen-21,155
suzaku_(zaku6584),155
torriet,155
unacchi_(nyusankin),155
wanyan_aguda,155
yono_neie,155
yunimaru,155
acubi_tomaranai,154
bekotarou,154
byulzzimon,154
chankodining_waka,154
fukurou_(owl222),154
fuuga_(perv_rsity),154
geogeo,154
gofelem,154
gum_(gmng),154
hacko,154
hibiki_mio,154
hida_tatsuo,154
iwashi_(iwashi008),154
kawai,154
keg,154
kirisame_mia,154
malino_(dream_maker),154
mikan_tabetai,154
mizuiro123,154
mosta_(lo1777789),154
nekosuke_(oxo),154
nogoodlife,154
ogawa_shou,154
oshiruko_(tsume),154
sakutake_(ue3sayu),154
satsumi,154
shimana_(cs-ts-az),154
shiomizu_(swat),154
shuugetsu_karasu,154
songjikyo,154
sou_(kanade_3344),154
takomeshi,154
tuda6,154
tun,154
whoru,154
zukki_(suzukio),154
zzzii0,154
akeyama_kitsune,153
damda,153
empew,153
enuni,153
gou_lianlian_dogface,153
hariyama_(toubou_tengoku),153
jack_(slaintheva),153
k00s,153
kamiyoshi,153
kiritoma,153
kokonoka,153
koma_neko,153
kubocha,153
leonmandala,153
mimizubare,153
mishiro_(andante),153
ok-ray,153
opi,153
rusky,153
sakuro,153
sayoyonsayoyo,153
seero,153
syroh,153
taedu,153
takashiru,153
tsurusaki_takahiro,153
tunapon01,153
wusagi2,153
yamanakaume,153
yayoi_(egoistic_realism),153
10mo,152
aguy,152
ataru_(ataru-littlebird),152
dekosuke,152
gegegekman,152
hiwatari_rin,152
kagura_chitose,152
kanzaki_kureha,152
katari_(ropiropi),152
kikuchi_mataha,152
matcha_kingyo,152
mugetsu2501,152
nav,152
neme,152
non_(wednesday-classic),152
noumen,152
nuezou,152
peroncho,152
red_star_(toranecomet),152
saeki_touma,152
saitoyu00,152
sato-pon,152
shigemitsu_jun,152
shiruzu_(sk10102194),152
spaghe,152
takase_muu,152
uki_atsuya,152
wanke,152
weiyinji_xsk,152
whistle_frog,152
xenonstriker,152
yilx,152
218,151
fon-due_(fonfon),151
fuuna_(conclusion),151
govurin,151
hariken,151
holeecrab,151
hoshino_souichirou,151
hyouju_issei,151
ifuji_shinsen,151
iseki_(kuroshura_no_tabiji),151
jonya,151
koryuu_(gackter10),151
lloule,151
mirai_denki,151
mofuaki,151
natsupa,151
project.c.k.,151
pungson_mori,151
rindou_(awoshakushi),151
ryuuga_shou,151
sakura_ran,151
shellvi,151
shino_(syllable),151
shouma_keito,151
shu-z,151
sowel_(sk3),151
suzuki_rika,151
takanashi_shin,151
tianel_ent,151
umitonakai,151
uwded_207,151
wenny02,151
yakka,151
yomiya_sateko,151
youmou_usagi,151
yukiu_kon,151
yun_(dust-i1),151
zinbei,151
any_(lucky_denver_mint),150
baron_(x5qgeh),150
beritabo,150
bf._(sogogiching),150
bwell,150
chiyoko_(oman1229),150
dresstrip,150
esuyuki,150
feral_lemma,150
fujii_masahiro,150
gogono_pan'ya,150
haru_(kyou),150
harukaze_unipo,150
heco_(mama),150
hitomaru,150
hk_(nt),150
hosizora_mikoto,150
ikeno_daigo,150
ishikawa_hideki,150
jadenkaiba,150
kakao_rantan,150
kamereon,150
kaname_nagi,150
kazuma_kaneko,150
keenbiscuit,150
kujou_mikuru,150
kuro_abamu,150
muyue_mitsudou,150
nanonin,150
okada_(hoooojicha),150
onigiri_(ginseitou),150
peg,150
runamonet,150
shachoo.,150
tokoi,150
torino_sasami,150
yamamoto_kazue,150
yuena_setsu,150
yukimaru217,150
yunar,150
zpolice,150
zuzuhashi,150
alp,149
aruterra,149
ayami_(annahibi),149
cha_goma,149
clouble,149
creamyghost,149
deep_(deep4946),149
dr.p,149
e-fa-dorn,149
enishi_(menkura-rin10),149
gambe,149
hemorina,149
isse,149
ittla,149
izumi_kirifu,149
kagome_f,149
kameyan,149
kataro,149
kmnm_1403,149
kosuzume,149
ks,149
kusano_shinta,149
kyano_(kyanora3141),149
kyou_(ningiou),149
lasterk,149
lix_(iroiro3843),149
maki_(natoriumu),149
matty_(zuwzi),149
merumeru626,149
minoru,149
mitsubachi_koucha,149
mokopuru,149
naginami,149
nekono_rin,149
nemu_(nebusokugimi),149
nemuri_nemu,149
neve,149
nina_(pastime),149
nomalandnomal,149
nyonn24,149
ookuma_(nitroplus),149
paintrfiend,149
rednian,149
renka_(sutegoma25),149
sakipsakip,149
sala_mander,149
sayori_(neko_works),149
sinlaire,149
soborou,149
spencer_sais,149
tenkuu_nozora,149
toscana20460423,149
tsukikage_nemu,149
yamaori_(yamaorimon),149
youmicitrustea,149
ageha,148
aluce,148
ametaro_(ixxxzu),148
asuka_(junerabitts),148
bojue_(hakus_1128),148
catsizuru,148
discharge_cycle,148
earth_ekami,148
funuyu,148
hakika,148
hata_kenjirou,148
hayashiya_zangourou,148
heartbreak_juan,148
iwashi_dorobou_-r-,148
kawanabe,148
kelvin_hiu,148
kometubu0712,148
kou1,148
kubyou_azami,148
less_end,148
masaki_(machisora),148
mochinu,148
mofu,148
namaru_(summer_dandy),148
note_(aoiro_clip),148
nyonyonba_tarou,148
ojay_tkym,148
plum0o0,148
porupurucha,148
retsumaru,148
saki_(hxaxcxk),148
samoore,148
sora_(sky_s04),148
sudachips,148
takeuchi_kou,148
yoko.u,148
yuri_(pixiv_76483886),148
zyugoya,148
aki_maki_yuu,147
aoi_suzu,147
asuna_(doruru-mon),147
berryverrine,147
chiune_(yachi),147
ebata_risa,147
gogeyama,147
hama_chon,147
hamamoto_ryuusuke,147
hana_(mew),147
hen-tie,147
hisakata_souji,147
ibaraki_natou,147
ikaasi,147
ikuchi_osutega,147
kanola_u,147
kgeroua,147
kinagi_yuu,147
kiyama_satoshi,147
kohinata_hoshimi,147
lyra-kotto,147
maccha,147
maco_spl,147
masirosu,147
meipu_hm,147
mistrail,147
mugichoko_(mugi_no_choko),147
naka_akira,147
nedia_r,147
nekoze_(s22834712),147
nine_(liuyuhao1992),147
ruka_(piyopiyopu),147
satchely,147
shikido_(khf),147
shintani_tsushiya,147
siro,147
so-taro,147
soranamae,147
sutorora,147
t.m_(aqua6233),147
takamura,147
tapioka_chaso,147
transistor,147
unxi,147
valefal_coneri,147
yd_(orange_maru),147
yo_na,147
abe_ranzu,146
agata_(agatha),146
alexandra_mae,146
ametama_(runarunaruta5656),146
aohashi_ame,146
atsumi_jun,146
batta_(kanzume_quality),146
binato_lulu,146
blackcat_(pixiv),146
cafe_(chuu_no_ouchi),146
dev,146
futaba969649,146
hanamiya_natsuka,146
hanauna,146
hanavbara,146
henet_hene,146
jan_(artist),146
kanekiyo_miwa,146
kinbakuman,146
kitano_yuusuke,146
koume_keito,146
kurou_(bcrow),146
maka_(morphine),146
march-bunny,146
maru_usagi,146
matsunaga_(haku),146
mikan-uji,146
miya_(artist),146
miyasaka_miyu,146
moribe_(rabumanyo),146
mr.lime,146
natsu_(rodysanp),146
naturalton,146
nauribon,146
noise,146
red_(girllove),146
ribero,146
risa_hibiki,146
suzunone_rena,146
syokuuuuuuuuumura,146
tanuma_(tyny),146
tebi_(tbd11),146
temmie_chang,146
tetsu_(teppei),146
thupoppo,146
uraichishi,146
yukizen,146
yuu_(kfc),146
22kolink,145
501092-taka,145
bailan1130,145
beniko_(ymdbnk),145
bluez,145
dai-xt,145
danaka,145
duji_amo,145
eihi,145
fe_(tetsu),145
hiiragi_tomoka,145
hippo_(hirople),145
hood_(james_x),145
ikuhashi_muiko,145
izumi_akane,145
joseph_lee,145
jourd4n,145
kanzaki_maguro,145
kashiwada_kiiho,145
kauto,145
kawagishi_keitarou,145
kiimorisame,145
kikivi,145
kin_mokusei,145
kirikirimai_(kkm),145
knifedragon,145
kuroda_(kuro_yyy),145
kuroduki_(pieat),145
kurokarasu,145
kuroya_shinobu,145
lysander_z,145
machi_(ritovoyage),145
mebae,145
miiko_(drops7),145
mika_pika_zo,145
mirimo,145
mokorei,145
musouzuki,145
nekoyama,145
norasuko,145
noshimurin,145
ooide_chousuke,145
rariemonn,145
rasenkiryuu,145
ririmon,145
ryuushou,145
saitom,145
sakura_koharu,145
sengoku_chidori,145
shadowsinking,145
shii_(kairi-t-k0317),145
shinooji,145
sin_(sin52y),145
sorakuu,145
suidengetsu,145
suzuragi_karin,145
takenashi_eri,145
vickie_(cryingrobot),145
yami_(m31),145
yatomi,145
yoban,145
yunuki_uta,145
yuuki_mix,145
zattape,145
akiteru98,144
alto2019,144
aoba_(smartbeat),144
bencao_gangmu,144
dain,144
daive,144
dead-robot,144
emapippi,144
evuoaniramu,144
fi-san,144
fujy,144
fuu_fuu,144
haganef,144
hatsuko,144
hazakura_satsuki,144
holiday-jin,144
hori_shin,144
isaki_tanaka,144
itamidome,144
janis_(hainegom),144
ka2,144
kanan,144
kaneko_(novram58),144
kotobuki_(stealth_sendan),144
kuchibashi_(9180),144
makishima_azusa,144
mamedenkyuu_(berun),144
mayo_(miyusa),144
mickeysmith,144
mikami_komata,144
monaka_(siromona),144
moyu_marginal,144
mullpull,144
nami_nami_(belphegor-5812),144
ohzv,144
ookawara_kunio,144
oomori_(kswmr),144
otsudou,144
oza_watto,144
piyodesu,144
rama_(yu-light8),144
ritao_kamo,144
sahuyaiya,144
sakana_(saka11205),144
shirane_koitsu,144
shiromiso,144
soya_(torga),144
take_(illustrator),144
tera,144
yasohachi_ryou,144
0_(znanimo),143
adarin,143
akagaminanoka,143
arc_draws,143
arito_arayuru,143
astarone,143
cat_princess,143
chalseu,143
dabadhi,143
dodome-iro_mayonnaise,143
ekra,143
funa_(sakana),143
hareno_chiame,143
hazumi_otoya,143
hnk,143
hotate_rayan,143
io_naomichi,143
itou_shin'ichi,143
jack_(wkm74959),143
kikuchi_tsutomu,143
kyouichi,143
maaru_(akira428),143
mabo-udon,143
mgk968,143
miiii,143
mochiyuki,143
mozuwaka,143
noeru,143
omochishiki,143
oshinomiya,143
pinb,143
pmchell_04,143
randou,143
rezi,143
saisarisu,143
sendrawz,143
shigure_ryuunosuke,143
shin'ya_(nanp),143
shinozuka_atsuto,143
slyvia,143
sui_(suizilla),143
takawoyu,143
takeda_yuuko,143
tatsunokosso,143
tatsuya_(guild_plus),143
tsuttsu,143
vins-mousseux,143
wakatsuki_you,143
yuku_(kiollion),143
@est@,142
akujiki59,142
awa_toka,142
bubukka,142
byuub,142
caleb_thomas,142
chimunge,142
cutesexyrobutts,142
dhiea,142
eijima_moko,142
halu-ca,142
hukahire0313,142
ichirino_minagi,142
jyuru,142
kaoru_(gensou_yuugen-an),142
kawauchi_kirigirisu,142
koto_(colorcube),142
kurosuke_(nora),142
leftporygon,142
lufi_ays,142
magicians_(zhkahogigzkh),142
marion-ville,142
matsuo_yuusuke,142
mizuki_riko,142
mochiki,142
mof,142
momoko_(palemon),142
mosuko,142
nanaroba_hana,142
nishiki_koi,142
niyane,142
nns146,142
norazura,142
norizc,142
norizou_type-r,142
obata_takeshi,142
okumari,142
rrr_(reason),142
ryota_tentei,142
sakaki_(noi-gren),142
salanchu,142
sbs,142
shiroma_(mamiko),142
shiwasu_takashi,142
snozaki,142
suruga_dbh,142
t-asama,142
tm_(hanamakisan),142
tomotsuka_haruomi,142
trevo_(trevoshere),142
xiujia_yihuizi,142
yasu,142
yurigera_8959,142
yusake_san,142
zan_(harukahime),142
zenkou,142
amagi_shino,141
aosaki_yukina,141
ariga_tou,141
batsu,141
black_dog,141
buran_(kure),141
cheken,141
ewokakukaede,141
fumio,141
garakuta,141
gatling_santouhei,141
hazumi_miruku,141
hinasumire,141
hiraga_matsuri,141
hiryuu_(kana_h),141
hooreng,141
jing_hu,141
kageharu,141
kamata_yuuya,141
kanikou,141
kawasemi27,141
kiikii_(kitsukedokoro),141
kuramoto_takato,141
langley1000,141
luse_maonang,141
majima_yuki,141
manabebebe,141
minagiku,141
minarai_shachou,141
moru,141
murakami_senami,141
nagisa_moa,141
nakaba_reimei,141
nakamura_tatsunori,141
narumi_nanami,141
nazonazo_(nazonazot),141
nishiyama_(whatsoy),141
nokanok,141
nori_senbei,141
odaya,141
omocat,141
raythalosm,141
rby,141
sozan,141
sudachi_(calendar),141
tian_(my_dear),141
tyouya,141
uewtsol,141
uraharukon,141
yoshikawa_kazunori,141
yuimari,141
yyb,141
abe_(kumayu),140
aida_takanobu,140
arin_(fanfan013),140
b.c.n.y.,140
bon_(rump),140
chirigami-san,140
die_(artist),140
digiral,140
dollar,140
endori,140
favfavver2,140
foxvulpine,140
fukaiton,140
gouda_nagi,140
hangleing,140
harukawa_moe,140
hazuki_haru,140
hidehukitayan,140
hollomaru,140
ibara_dance,140
kasuga_yuuki,140
kino_(kino_konomi),140
kurau_kii,140
kuro_oolong,140
laofuzi_dai_bansho,140
makita_maki,140
mzet,140
namatyoco,140
nekoboshi_sakko,140
nobicco,140
nonono,140
porurin,140
rokugatsu_t,140
ruten_(onakasukusuku),140
ryuki@maguro-ex,140
seigetu,140
shoken_narai,140
shouhou-san_daisuki_teitoku,140
sunagimo_(nagimo),140
sutei_(giru),140
taka_(takahirokun),140
takehana_note,140
tamaoki_benkyou,140
tdnd-96,140
teffish,140
torimaru,140
toufu_mentaru_zabuton,140
touyama_soboro,140
ura_(05131),140
urara_(sumairuclover),140
vilde_loh_hocen,140
xero,140
yamai,140
yangsion,140
yokoyari_mengo,140
yoo_(tabi_no_shiori),140
yuihico,140
yumiyumo3o,140
zoza,140
anibache,139
aosora_(mizore),139
arai_togami,139
azumi_akitake,139
cirenk,139
citemer,139
doran_(doran7280),139
ege_(597100016),139
gomamiso_sti,139
gou_(ga673899),139
gusutafu,139
hirai_yukio,139
hitotsuki_nebura,139
ice_(ice_aptx),139
indozou,139
is_ii,139
itou_korosuke,139
kanacho,139
kashiwa_kiseri,139
kazenemuri,139
kittona,139
kokone_(coconeeeco),139
kouhara_yuyu,139
kuroba,139
lococo:p,139
majiang,139
moonlight_0423,139
mpien,139
mush820823,139
nebu_soku,139
nobuyoshi-zamurai,139
noeru_(noellemonade),139
olys,139
oomasa_teikoku,139
ooshima_tomo,139
otton,139
rakuni,139
rio_(rio773),139
rooru_kyaabetsu,139
sazanami_shione,139
sdmaiden,139
sheska_xue,139
shin_osada,139
suishougensou,139
tokunaga_akimasa,139
umeboshitora,139
usui_harusame,139
vane,139
wadakazu,139
wamu_(chartreuse),139
yappa_muri,139
yuriko_(kkk9),139
yutarou,139
yuu_(yuyukaikan),139
32zzz,138
adumi_tohru,138
agetama,138
anoko_(darenokoanoko),138
arch_(artist),138
arnold-s,138
catball1994,138
cherrypin,138
chimachi,138
choco,138
d.y.x.,138
denjyou23,138
dokuro_deluxe,138
elan_ouo,138
furorina,138
gin_moku,138
goe_(g-o-e),138
hanaon,138
hatakenaka_(kamagabuchi),138
huei_nazuki,138
jingo,138
kariya_(mizore),138
kazeharu,138
kiduta_cielo,138
kuragari,138
lma,138
marisasu_(marisa0904),138
mato_(mozu_hayanie),138
mento,138
mignon,138
milk_tea,138
minami_koyogi,138
minatsuki_randoseru,138
miyabi_(037),138
mono_land,138
monobe_tsukuri,138
morino_bambi,138
mugen_ouka,138
mutou_mato,138
natsumi_akira,138
negimiso1989,138
nr_(cmnrr),138
oweee,138
persocon93,138
rinarisa,138
riuichi,138
rueken,138
sasai_saji,138
sasakura34,138
shennai_misha,138
shigehiro_(artist),138
sho_(runatic_moon),138
shu-mai,138
superappleman,138
sushimaro,138
takatmaorange,138
tata_(tataice),138
terumii,138
toma_(shinozaki),138
yu-ri,138
yuzuki_(artist),138
3four,137
ajiriko,137
akieda,137
akitsuki_itsuki,137
amiami,137
baku_ph,137
chris4708,137
cyawa,137
dasoku_sentarou,137
fujita_(condor),137
hono1212,137
hyou_(hyouga617),137
hyou_(pixiv3677917),137
inou_shin,137
kabutoyama,137
kame^^,137
kaneko_tsukasa,137
koh_(minagi_kou),137
komowata_haruka,137
koretsuki_aduma,137
la-na,137
loli_bushi,137
lolicept,137
lynchis,137
mimulishizi,137
mityubi,137
mono_(moiky),137
mori_(unknown.),137
nao_(nao_eg),137
ne_an_ito,137
obui,137
optionaltypo,137
panzuban,137
quro_(black_river),137
redcomet,137
sasoura,137
shimotsuki_eight,137
shushio,137
tea_(artist),137
tinybiard,137
tipii,137
tokumaro,137
tony_guisado,137
wakaba,137
yatosaki_haru,137
yoruhachi,137
yumesaki_nana,137
zetsuyo_chimayo,137
bow_(artist),136
deca_purio,136
denden,136
doyora,136
furumiya_haiji,136
gdn0522,136
harau,136
hichiko,136
hiyo_kiki,136
inumoto,136
inyucchi,136
iwbitu-sa,136
jonylaser,136
jq,136
juanmao,136
kakaobataa,136
kamiya_yuu,136
kyokutou_hentai_samurai,136
lunamoon,136
milcho,136
minoa_(lastswallow),136
mismi,136
miyo_(miyomiyo01),136
nakatani_nio,136
negi_(ulog'be),136
novcel,136
nyuu_(manekin-eko),136
oyatsu_(jzs_137),136
primamiya,136
rabbit_(tukenitian),136
rain_lan,136
ray-akila,136
sky_cappuccino,136
stigma1101,136
tafuto,136
takano_yuki_(allegro_mistic),136
takepon1123,136
tamachi_kuwa,136
tonmoh,136
yamanokami_eaka,136
yaso_shigeru,136
yoshimizu_kagami,136
yukimi_dango,136
yuna_(yukiyuna),136
yuta_agc,136
amai_nekuta,135
arai_nobu,135
bunji,135
chanil_(muexlku),135
chiyingzai,135
d.k,135
etou_(cherry7),135
fuugetsu_oreha_ikiru,135
gigamessy,135
gurifu,135
hiiragi_yashiro,135
hino_ryutaro,135
hirase_yuu,135
im_(badmasa),135
jiro_(ninetysix),135
kanijiru,135
kashiwadokoro,135
kei_jiei,135
kibamigohann,135
kimino_tomonari,135
kouji_(kari),135
maruneko,135
miya9,135
montemasa,135
nagomi_no_ame,135
nanahime_(aoi),135
nixeu,135
noah_(tettsui-sole),135
noto_(soranoto),135
okera,135
opagi,135
remi_(mozzaremi),135
retsuna,135
saadiya74,135
sag_(karehabase),135
sally_(luna-arts),135
shizuki_michiru,135
sirakaro,135
siting_zeng,135
sumeragi1101,135
tasora,135
touki_matsuri,135
toy_box-r,135
umibouzu_(niito),135
unadare,135
watarubou,135
yakihebi,135
yashu,135
zihad,135
1672,134
888myrrh888,134
aida_(aidacamelia0516),134
aikura_(twilight_dusk),134
alex_(alexandoria),134
aoi_tsunami,134
apoloniodraws,134
ayaki,134
ayyk92,134
francisco_fonseca,134
ginmu,134
greenwood,134
hage_tashuumi,134
harukatron,134
hassan_(sink916),134
hasu_(velicia),134
hirowa_nagi,134
hitowa,134
horang4628,134
hoyon,134
kachayori,134
kasukabe_akira,134
kisaragi_miyu,134
ko-on_(ningen_zoo),134
kurageso,134
kuramoto_kaya,134
lilywhite_lilyblack,134
maiii_(smaii_i),134
mamemochi,134
maru_(sara_duke),134
maxa',134
mearian,134
mephist-pheles,134
mitsuki,134
mokemoke_chan,134
morisawa_haruyuki,134
nekosugiayana,134
nigou_(aozoragarou),134
oosaki_shin'ya,134
osamada_meika,134
purinko,134
ranko_no_ane,134
rauto,134
rizzl,134
sakaya313,134
scottie_(phantom2),134
seo_kouji,134
servachok,134
shift_(0808),134
shikidouji,134
shimofuri_kaeru,134
shiron_(e1na1e2lu2ne3ru3),134
shuuzo3,134
st05254,134
tanaka_rikimaru,134
tomoyuki_kotani,134
tougall,134
vi3r6ein,134
yamadori_yoshitomo,134
yawaraka_black,134
yui_ko,134
zassyoku_dd,134
zi_se,134
adam700403,133
akke,133
anzu_(onelelee),133
aruco_co,133
azumi_(myameco),133
bonno_sasu,133
emanon123,133
haruka_akito,133
hazuki_natsu,133
hym9594,133
kanade_(kanadeya),133
katsu_(katsupainter),133
kishida-shiki,133
kurarin,133
lee_(colt),133
lif,133
maniacpaint,133
maromi_(artist),133
mi8pq,133
miko_machi,133
miri,133
mocha_(naturefour),133
nanami_sano,133
nksk,133
oda_eiichirou,133
robographer,133
rourou_ill,133
shiino_sera,133
shintarou,133
shirosuzu,133
solokov_(okb-999),133
takasugi_heppu,133
takekono,133
tanakara,133
urami0310,133
yadokugaeru,133
yahiro_(epicopeiidae),133
yushika,133
yuuma_(skirthike),133
7_calpis_7,132
acesrulez,132
amagi_(volfuji),132
amahara_subaru,132
amamiya_chiharu,132
aoi_manabu,132
aomon_(yuuji7604),132
bikkusama,132
bitchcraft123,132
caribun,132
curcumin,132
die_(die0118),132
feng_you,132
fue,132
hagetapo,132
hasunokaeru,132
hoshino_katsura,132
i-la,132
inoue_takehiko,132
kadoseara,132
kagari6496,132
keiran_(ryo170),132
keishin,132
komachi_pochi,132
kouta.,132
koyoi_mitsuki,132
krenz,132
lozelia,132
maniani,132
mikeco,132
miko_(artist),132
moi1416,132
namuko,132
necono_(nyu6poko),132
nightea,132
nishigori_atsushi,132
null_(nyanpyoun),132
onimaru_gonpei,132
playjoe2005,132
rcs_4,132
rido_(ridograph),132
ryu_(artist),132
sakakidani,132
satsuyo,132
sishenfan,132
st62svnexilf2p9,132
suisogenshi,132
sunday31,132
sweetroad,132
toriyoshi,132
typo_(requiemdusk),132
umagenzin,132
unsomnus,132
uroko_(mnr),132
visket53,132
yuki_shuuka,132
yukifuri_tsuyu,132
yuzuruka_(bougainvillea),132
.com_(cu_105),131
adomi,131
agekichi_(heart_shape),131
amakusa_(hidorozoa),131
aoi_thomas,131
aora,131
boyogo,131
coffee_maker,131
doroidsan,131
ekakibito,131
freeze-ex,131
fuju,131
fuyuichi,131
hagimorijia,131
haura_akitoshi,131
hidebo,131
hiroyuki,131
isaacchief300,131
jonasan,131
juria0801,131
kakifly,131
katoryu_gotoku,131
kenken,131
kiana_mai,131
kinsenka,131
koko_ne_(user_fpm6842),131
kuro_(kuroneko_no_kanzume),131
laser-lance,131
luna_lia,131
makadamixa,131
mike156,131
miki_purasu,131
minazuki_noumu,131
miri_(cherryjelly),131
mizuki_kotora,131
mizuki_sei,131
mizunomoto,131
morita_kazuaki,131
mumyoudou,131
nakamura_kanko,131
nanase_meruchi,131
natsushi,131
nello_(luminous_darkness),131
onibi_(foxhound4185),131
pinoko_(pnk623),131
rugo,131
satsuki_(miicat),131
skullchimes,131
ten-chan_(eternal_s),131
thomasz,131
tomozo_kaoru,131
touzai_(poppin_phl95),131
ukumo_uichi,131
yamaada,131
yasaka_minato,131
yuuma_(u-ma),131
zawawa_(satoukibi1108),131
zhixie_jiaobu,131
zuizou,131
987645321o,130
amimi,130
asya,130
blackrabbitsoul,130
brenni_murasaki,130
eiji_(eiji),130
ezu_(e104mjd),130
flasso,130
formicid,130
genso,130
gomano_rio,130
gum_(vivid_garden),130
hirakawa,130
igarashi_kyouhei,130
inomata_mutsumi,130
izumi_minami,130
kinakomoti,130
kokuryuugan,130
kurono,130
kuronohana,130
kusaba,130
lino-lin,130
m0ti,130
m_m_pb,130
mao,130
maso_(ascii_art),130
mizuno_mumomo,130
nananeko,130
natsuk,130
nazuka_(mikkamisaki),130
neko-san_(dim.dream),130
ngayope,130
pepoyo,130
roonhee,130
ryota-h,130
sakura_hanpen,130
sakuraihum,130
sama_samasa,130
sate_(ryu_ryu_1212m),130
shinonoko,130
sunga2usagi,130
surumeri_(baneiro),130
sutoroa,130
takani_yoshiyuki,130
tanaka_kunihiko,130
tobisawa,130
tsukinon,130
uon_taraku,130
yaman_(yamanta_lov),130
yuto,130
yutukicom,130
zekkyon,130
aki_(akikaze_asparagus),129
ao_(flowerclasse),129
beachepisode,129
bondson,129
catowjeemson,129
clea,129
danby_merong,129
eruthika,129
funky-harem,129
gb_(doubleleaf),129
hide_(hideout),129
himaneko.,129
izuoku,129
jinkoika,129
kagesaki_yuna,129
kakinouchi_narumi,129
kame_(3t),129
kisaragi_mizu,129
koretsuki_azuma,129
lunar_tear,129
m_k,129
maeda_risou,129
majunjuu,129
maosame,129
michimaru_(michi),129
midorino_eni,129
mikagami_sou,129
miru_(mill_36),129
misao_(kami_no_misoshiru),129
mizuki_ame,129
momiji_oroshi,129
moreshan,129
motokonut,129
nagase_haruhito,129
naguru_(cyoroama),129
nako_(nonrain),129
nattororo,129
nia_(nia4294),129
norakura_(nr_kura),129
nuqura,129
ohyo,129
pataniito,129
qooo003,129
reina_(black_spider),129
saine,129
sanpachishiki_(gyokusai-jima),129
smgold,129
tarmo,129
tatami_to_hinoki,129
tk31,129
totte,129
u2_(5798239),129
xiao_chichi,129
yamada_koutarou,129
yone,129
yoshida_nobuyoshi,129
yuubararin,129
zizi_niisan,129
111132daiti,128
12_graka,128
barkhorn0331,128
clarinet_(natsumi3230),128
cocoon_(loveririn),128
dongsheng,128
futomashio,128
gominami,128
goriate,128
hidulume,128
hinata_sora,128
hiropon_(tasogare_no_puu),128
hisenkaede,128
k2isu,128
kageshio_(276006),128
key_kun,128
kido5899,128
kitagawa_mikio,128
koma_midori,128
kouba,128
kurosujuu,128
lumo_1121,128
map_(blue_catty),128
minamiya_mia,128
nae_(rno),128
nakayama_yukiji,128
namonashi,128
naoko_(naonocoto),128
neki-t,128
ogami_ren,128
okbnkn,128
patipat_asavasena,128
retsu_maru,128
rias-coast,128
ryou@ryou,128
ryunnu,128
scarlet_(studioscr),128
serino_itsuki,128
shimashima08123,128
shion_(mirudakemann),128
su_xiao_jei,128
teletelo,128
the-sinner,128
totaku_(musha_prune),128
tsukko_(3ki2ne10),128
uchisaki_himari,128
uno_ryoku,128
xavier_houssin,128
yosi135,128
216,127
acea4,127
akaza,127
aurahack,127
ayuma_sayu,127
briska,127
darkavey,127
eerr,127
elizabeth_(tomas21),127
essual_(layer_world),127
falconet_dragon,127
fast-runner-2024,127
favilia,127
geike,127
gensou_aporo,127
gudon_(iukhzl),127
gurukousu,127
hama2224,127
hanagata,127
haruka_(reborn),127
hijiri,127
hitomin_(ksws7544),127
hitsuji_bako,127
hoshibuchi,127
ida_(idalol490),127
inuarashi,127
j@ck,127
kanden_suki,127
kashiwagi_chisame,127
kazuboh,127
km_yama,127
koko_shiguma,127
koutamii,127
kuri_(animejpholic),127
kuriyuzu_kuryuu,127
kurodeko,127
ladymarta,127
m_ko_(maxft2),127
mikomiko_(mikomikosu),127
mizuryuu_kei,127
mochimochi_(xseynao),127
morihito,127
n-mix,127
nanatsu,127
nao_tsukiji,127
natsuhiko,127
nu_(plastic_eraser),127
nyakelap,127
observerz,127
ora_(oraora_oekaki),127
otoki_raku,127
perepere-kun,127
ran_system,127
raybar,127
rozu_ki,127
ryuusei_(ryuuseiseikou),127
sato_imo,127
sevi_(seviyummy),127
shimure_(460),127
shuu-0208,127
soraao0322,127
sugimoto_gang,127
sunny_(20597521),127
taka_(vert_320),127
takeyuu,127
thxzmgn,127
tomoo_(tomo),127
tutsucha_illust,127
uwasewau,127
watsuki_ayamo,127
youhei_(testament),127
yun_(dl2n5c7kbh8ihcx),127
zzyzzyy,127
1brad,126
akama_zenta,126
amayadori-tei,126
anz,126
apios,126
bomber_grape,126
chiba_toshirou,126
dddoochi1,126
fujisaka_kimihiko,126
fujiwara_gacho,126
fukujima_kiwi,126
fuyuki_(neigedhiver),126
gggg,126
hatasuke,126
hisame_genta,126
hono,126
irono_yoita,126
ishida_sui,126
k.syo.e+,126
kantaka,126
kawazu,126
kinugasa_yuuichi,126
koto_(shiberia39),126
kotone11152,126
miyu_(matsunohara),126
mizushina_minato,126
moku_(muooku),126
monoka,126
nanatsuta,126
ninomoto,126
nonohachi,126
philomelalilium,126
rei_(tdn_ng),126
riku_(wana),126
sape_(saperon_black),126
satou_kuuki,126
sharari,126
shintaro,126
shio_(shia-ushio),126
sho_(sumika),126
shouji_nigou,126
so_shina,126
sougishi_ego,126
sumoffu,126
takanashi-a,126
togekk0,126
tokihama_jirou,126
u_(the_unko),126
ukai_saki,126
usagino_suzu,126
uso_(ameuzaki),126
vader_(n.r.t.a.),126
veryberry00,126
yukimiya_(parupunta),126
yupo_0322,126
akishima_kei,125
athrun1120,125
deg_(deguana),125
din_(flypaper),125
gemu555,125
gogo_(detteiu_de),125
hal,125
hinata_(user_rjkt4745),125
iriehana,125
irone_(miyamiya38),125
isou_nagi,125
jimmy,125
katsukare,125
kazama_raita,125
kin_niku,125
kirikuchi_riku,125
koin_(foxmark),125
konabetate,125
level-00,125
liang_cun_rakuna,125
link_(aa30),125
min-naraken,125
miyabi_akino,125
moxue_qianxi,125
mushi_gyouza,125
nazo_no_diaboro,125
pao_(otomogohan),125
pippi_(pixiv_1922055),125
pomon_illust,125
rami_rz,125
repi987,125
rikatan,125
rio_(rio0v0o),125
sakura_szm,125
sakurea,125
saruno_(eyesonly712),125
sayousuke,125
shionty,125
shiramori_yuse,125
smile_(rz),125
suou_sakura,125
sushi_pizza_rrr,125
suzki00,125
takano_natsuki,125
takeya_y0615,125
terras,125
toro_(konirio),125
tri,125
tucana,125
uraki,125
vinny_(dingitydingus),125
yamamoto_keiji,125
yuuno_(yukioka),125
zuro,125
amasaki_yusuke,124
arsh_(thestarwish),124
chocoan,124
coojisan,124
dacchi,124
erechan,124
foreign_blue,124
hajikkoneko,124
heiwa_(murasiho),124
hentaki,124
hi_iro,124
hiiragi_yuuichi,124
hijiri_tsukasa,124
hijirino_yuuta,124
hisin,124
hitsujigoods,124
itachi_kanade,124
jamir,124
johnny_funamushi,124
kagome_(traumatize),124
kanora,124
kansousamehada,124
kinzaibatsu91,124
kiriu,124
kozu_(bloomme1_me),124
kudou_(ooabareteng),124
kuroimori,124
kuromu_(underporno),124
matasabuyarou,124
mathias_leth,124
nagano_mamoru,124
nerotarou@seven,124
noonvincent,124
oka_(artist),124
onomekaman,124
porqueloin,124
potaaju,124
rakugakiyarou,124
rkrk,124
roura,124
rowya,124
saisoku_no_yukkuri,124
saiwo_(saiwoproject),124
sakura_yuki_(clochette),124
sankaku,124
shiro9jira,124
sorano_eika,124
sugapi,124
suikakitsu_shiro,124
taiki_(luster),124
tajima_yukie,124
takana,124
takenaka,124
tsuyuka_(sunny_spot),124
umiu_geso,124
uzaki_(jiro),124
youqiniang,124
yuriyuri_(ccc),124
yzj21333,124
arudebido,123
azuma_minatsu,123
bisonbison,123
blue21,123
bowieknife,123
buchi0122,123
chuzenji,123
cream_(artist),123
gijang,123
gyaza,123
hane_(azelye),123
higemu,123
humuyun,123
iuew,123
kamuraaa_615,123
kanisawa_yuuki,123
kingchenxi,123
kinosaki,123
kita_(7kita),123
kokonobi,123
kouzuki_hajime,123
kubo_tite,123
kusagami_style,123
mappe_(778exceed),123
matsunaga777,123
micho,123
monolith_(suibou_souko),123
nanoningen_(anapoko),123
nona,123
ohhhhhhtsu,123
pikazo,123
pinocchio-p,123
profitshame,123
puti_devil,123
renka_(cloudsaikou),123
rice_(rice8p),123
saito_piyoko,123
satoimo_chika,123
seinen,123
shikuro_(iorimiyakiyo),123
sirills,123
someyaya,123
sukepmonster,123
taira_tsukune,123
takumi_(rozen_garten),123
tama,123
tappa_(esperanza),123
throtem,123
tomycase,123
yamiya,123
yanmian_(printemps-noir),123
yoshizuki_kumichi,123
yoye_(pastel_white),123
yrjxp065,123
aboude_art,122
aizen_(syoshiyuki),122
akame_(akamiru),122
aruti,122
asami_asami,122
asimo953,122
baku-p,122
baniran_dorosu,122
cheunes,122
chigasaki_y,122
chris_re5,122
cypress,122
daiaru,122
dolce_(dolsuke),122
ek_masato,122
fred04142,122
gaou,122
hanataro_(sruvhqkehy1zied),122
haryuu_(poetto),122
husagin,122
jun_project,122
kamaboko_red,122
kannagi_rei,122
kantarou_(8kan),122
kayura_yuka,122
king_of_unlucky,122
kinketsu,122
kmitty,122
koenza_botoke,122
kokono_coco,122
kurkoboltsi,122
kyo,122
leria_v,122
maeda_hiroyuki,122
manle,122
matatabi_(2ccp),122
minato_fumi,122
mineta_naoki,122
mins_(minevi),122
muuba,122
myuton,122
neko_danshaku,122
nin_nakajima,122
noyama_takenoko,122
null_suke,122
roang,122
routo,122
ryuuzaki_itsu,122
sameya,122
sana_(37pisana),122
satoukibi,122
serizawa_mutsuki,122
shoutarou_(shoutarotttt),122
silly_(marinkomoe),122
tanaka_ryou,122
tatutaniyuuto,122
tere_douga,122
theamazingspino,122
toku_(ke7416613),122
torinoko_(miiko_draw),122
tsunemoku,122
usagihime,122
vergolophus,122
yonoisan,122
yuki_to_hana,122
yuki_usagi_(mofurafu),122
angel31424,121
ayuman,121
azuma_seiji,121
bambi2000line,121
ban_hada,121
bangqiao_yan,121
beeru_(veil8801),121
catgirl0926,121
chikiso,121
code-aa,121
ellie_niunai_zhuyi_zhe,121
ferdy's_lab,121
giraffe_(ilconte),121
hinata_(echoloveloli),121
hiya_gohan,121
homeless_mk_ii,121
ichinose_(sorario),121
iro_marimo,121
kaburagi_yasutaka,121
kajaneko,121
kaya8,121
khanshin,121
kujou_danbo,121
kumaori_jun,121
kuuro_kuro,121
latenight,121
mariwai_(marireroy),121
mikami,121
nanaran,121
nekonyan,121
nurikabe_(mictlan-tecuhtli),121
ohoho,121
omucchan_(omutyuan),121
paintedmike,121
pontasu,121
reiei_8,121
rena_(renasight),121
rin_(royal),121
ruku_(alicecreation),121
sakekuzu_no_ame,121
sasetsu,121
shadeofshinon,121
shio_tou,121
sonjow4,121
soubi,121
tatsuya_(atelier_road),121
terupancake,121
tuhut,121
uniunimikan,121
uzu_(uzusio55),121
weri,121
yuu_(amadoki),121
yuuki_sonisuke,121
yuukichi,121
yuumei,121
akaoni_(zumt3548),120
amana_(pocketkey),120
aruma_jiki,120
beeyan,120
cancell,120
daifuku_mame_(kageroudt33),120
dango_remi,120
esaka,120
geroro,120
ha_(hura76752775),120
haruki_5050,120
herokick,120
hxxg,120
inui_nagi,120
izumi_(nagashi),120
jazztaki,120
jnt,120
joy_ride,120
kaho_okashii,120
kiichi,120
kouga_(mutsumi),120
kousa_(black_tea),120
kuria_(clear_trip_second),120
litsvn,120
luimiart,120
meron_nouka,120
mia0309,120
minatosaiga,120
mito_(go!go!king!),120
mitsuki_tayura,120
moko_(moko/moko),120
mtyy,120
muro,120
nekomasu,120
nenchi,120
nikka_(cryptomeria),120
omelet_tomato,120
orikanekoi,120
pinki_(shounenkakuseiya),120
raijin-bh,120
raki_(kuroe),120
ranka224,120
ritateo,120
robodumpling,120
sara_(kurome1127),120
sasaoka_gungu,120
shin_yandamushi,120
shinonoko_(tubamecider),120
tam-u,120
tamakaga,120
taro_(ultrataro),120
tateha_(artist),120
thkani,120
tnr_(horiko1525),120
tugo,120
umiko_(munemiu),120
yamadori_ofuu,120
yamato_damashi,120
yasukura_(shibu11),120
yoyokkun,120
yuccoshi,120
yuya,120
zasshu,120
zigzagdb,120
723/nanahumi,119
a.hebmuller,119
aaru_(tenrake_chaya),119
ai_dongdong,119
akisha,119
akiyoku,119
alchemaniac,119
doran7280,119
e_sky_rugo,119
eisuto,119
fangdan_runiu,119
fechirin,119
fenrir_(fenlil0316),119
gahaku,119
hitotose_rin,119
honda_takaharu,119
ikazu401,119
jungetsu_hoko,119
kana_(okitasougo222),119
kaoru_(alicemakoto),119
kira_(kira_dra),119
kumonji_aruto,119
kuro293939_(rasberry),119
kurokawa_makoto,119
kurou_(quadruple_zero),119
kyata,119
libbyframe,119
marin_(myuy_3),119
matsuzaki_miyuki,119
miike_(992058),119
minowa_sukyaru,119
momoiro,119
morina_nao,119
murani,119
nagisa3710,119
nahu,119
nameless_(rynono09),119
ng_(kimjae737),119
noaharbre,119
pipi,119
ratsuku_kinoko,119
rondo_bell,119
rukako,119
sakaki_(utigi),119
sakikumo_(sakumo),119
samuimu,119
spacelongcat,119
tadano_kagekichi,119
takamiya_ren,119
tamiya_akito,119
toki_(toki_ship8),119
tooru_(jux),119
toranosuke,119
tsubsa_syaoin,119
yagi_(ningen),119
yumenouchi_chiharu,119
yumibakama_meme,119
zbura,119
akisa_(12023648),118
ao-shiba,118
arablue,118
arai_harumaki,118
bd_ayknn,118
coula_cat,118
d.a,118
d_omm,118
doku_corne,118
emperpep,118
eva_16-gouki,118
flask_(pandora),118
fuji_tarawi,118
fuuka_(fukasheu),118
gamuo,118
genmaipudding,118
hamafugu,118
han-0v0,118
haru_akira,118
hinata_mutsuki,118
holmemee,118
hplay,118
ikatomo,118
imaishi_hiroyuki,118
jane_mere,118
jimmy_madomagi,118
kaafi,118
kamemaru,118
karasuma_kuraha,118
kirisaki_akihito,118
kisei2,118
kobutanori,118
kuri_dora,118
kuroki_(ma-na-tu),118
larugo0513,118
luke_(kyeftss),118
magu_(mugsfc),118
manekineko5319,118
marionette_(excle),118
marugoshi_(54burger),118
master_(4th),118
mitsu_yomogi,118
mizzterbii,118
mura_kuroe,118
na_(sodium),118
nadare-san_(nadare3nwm),118
nakamura_kusata,118
naomi_(fantasia),118
naruko_hanaharu,118
nazal,118
papa,118
prin_dog,118
quuni,118
repikinoko,118
rff_(3_percent),118
ribi,118
roshiakouji-chan,118
rupinesu,118
shinonome_asu,118
sugar,118
tadokoro_teppei,118
tarabagani,118
tessaku_ro,118
tondamanuke,118
wnb_mark,118
yusa,118
yutapon,118
77gl,117
abiko_yuuji,117
amano-g,117
amemasu79,117
bekkourico,117
camel_(dansen),117
chaigidhiell,117
daenarys,117
dancho_no_mori,117
dekasudachin,117
dior-zi,117
enmiria,117
evan_yang,117
fuji_tsugu,117
gohpot,117
googles,117
greem_bang,117
guttary,117
hiko_(scape),117
hiroshi_(hunter-of-kct),117
ikarin,117
inuzumi_masaki,117
irouha,117
iyakun,117
k.y_ko,117
kakushiaji,117
kari_(kakko_k),117
katoroku,117
kinoko,117
kinoshita_neko,117
kojiki-life,117
kotaka,117
mateus_upd,117
mhk_(mechamania),117
mi_no_take,117
mister_(black_and_white),117
mocchi,117
mog,117
mogeko_(okegom),117
muhi11234,117
nikka,117
nozz177,117
pochi_(poti1990),117
riyo_(riyontoko),117
ro635_(dinergate),117
ruri_rarako,117
ryuuki_(hydrangea),117
sae_(revirth),117
sakiika0513,117
seiun_(hoshigumo_72),117
senshiya,117
seoji,117
shiron_(shiro_n),117
sogabe_shuuji,117
sukima_(crie),117
takasuma_hiro,117
takigawa_yuu,117
takorin,117
tamarashi,117
tp_(kido_94),117
u_rin,117
waira,117
xretakex,117
yatsuka_(846),117
yostxxx,117
yukihama,117
yuuhi_(arcadia),117
1nupool,116
adyisu,116
aiwatan,116
aken,116
ao_oni_(onioni-aoi),116
atha_(leejuiping),116
atsumisu,116
bayashiko,116
betabetamaru,116
cdash817,116
chii-kun_(seedyoulater),116
cp9a,116
eguchi_saan,116
emurin,116
fakepucco,116
hana20000920,116
hayakawa_akari,116
hoshi_(star-name2000),116
ina_(inadahime),116
irohasu,116
jabara921,116
jcm2,116
junes,116
kaida_michi,116
kaidou_zx,116
kakao,116
kinokohime,116
kojocho05,116
kumiko_shiba,116
kuronyan,116
li_sakura,116
machily,116
machinosuke,116
marco_albiero,116
meaomao,116
miya_(pixiv15283026),116
monaka_ooji,116
murasame_nohito,116
muryotaro,116
naitou_kouse,116
nakatokung,116
natsuki_coco,116
nig_18,116
nippori_honsha,116
potatomochii,116
ramble,116
ros,116
ruisento,116
ryoji_(nomura_ryouji),116
sakon04,116
sakuraba_hikaru_(artist),116
sakuramochi1003,116
sao_(0060),116
shepherd0821,116
shimo_(depthbomb),116
shirota69,116
shoukaki_(earthean),116
shuuichi_(gothics),116
soon,116
suta_furachina,116
tamagogogo,116
u-joe,116
uni_(nico02),116
yoshida_on,116
yoshitoshi_abe,116
zoo_(oukakumaku),116
51_(akiduki),115
9474s0ul,115
a_k_o,115
akaga_hirotaka,115
akihare,115
amamine,115
ameyame,115
as-special,115
cheese_kang,115
chiri_(atlanta),115
chiri_(ch!),115
chiwa_(chiwa0617),115
deneb_(noble324),115
en@rain,115
furai,115
glasses_enthusiast,115
grimmelsdathird,115
gyosone,115
haori_iori,115
haru_(toyst),115
hinakano_h,115
hiroyama_hiroshi,115
iga_tamaki,115
ilo,115
joypyonn,115
kaeru314,115
karaage_(xxxmido02),115
kitsunen_(kitune_n),115
kofucchi,115
koku,115
kome,115
konkichi_(flowercabbage),115
kopa_nishikida,115
koutetu_yarou,115
koyuri,115
kusa,115
lunacats,115
m_(226mmy),115
maku_ro,115
mikami_(mkm0v0),115
min_(120716),115
minapo,115
miyahara_takuya,115
nakano_haito,115
nakukoroni,115
nanameda_kei,115
nemo_ringo,115
obiwan,115
okuragon,115
osusitan,115
pos,115
rice_(okome_no_naru_ki),115
rikudou_inuhiko,115
ryosuketarou,115
sbel02,115
spareribs,115
stellarspin,115
suda_(yuunagi_enikki),115
sui_(petit_comet),115
suna,115
takecha,115
tora_jun,115
toro,115
touwa_nikuman,115
tsukana_(saba_mizore),115
tsuta_no_ha,115
tunamayochan,115
vient,115
whoisshe,115
yusa_(yusa0751),115
zero_(miraichizu),115
aikawa_ruru,114
aixioo,114
amano_jaku_(kyabosean),114
arkatopia,114
asakura_noi,114
barry_nah,114
boro,114
bunny_shake,114
cero_(last2stage),114
chariko,114
cr72,114
datcravat,114
denki,114
earlgrey,114
erkaz,114
fukumaaya,114
hakkasame,114
hazuki_rui,114
houji_tea_latte,114
ichifuji_nitaka,114
itogari,114
itou_(mogura),114
izuru_(timbermetal),114
jyon,114
kamekoya_sato,114
kamia_(not_found),114
kaoru,114
kenron_toqueen,114
kinntarou,114
konoe_yuba,114
kosame_daizu,114
kumaartsu,114
kunitori,114
kurebayashi_noe,114
kurono_kito,114
kyuutou_(kyuutouryuu),114
makun_dx,114
meago,114
mendou_saya,114
meowwniz,114
migiha,114
najuco_(naju0517),114
namikawa_kuroha,114
natsume_(menthol),114
neonbeat,114
nijiirosekai,114
nira_(vira),114
ochiai_miyabi,114
ohara_tometa,114
onion_(artist),114
oshiri_seijin,114
patorishia,114
pertex_777,114
pisoshi,114
redol,114
rensei,114
ryuun_the_return,114
sakurato_tsuguhi,114
sankakusui,114
sarashina_kau,114
sasha_gladysh,114
saya_(sayaya),114
shiden-raiden,114
shigureteki,114
shiraki_shiori,114
shunin,114
silver15,114
sowon,114
sugi_214,114
takatun223,114
taker,114
tanaji,114
tashiro_tetsuya,114
tatuhiro,114
tousen,114
tsukikanade,114
tsukimi_(ryouiki_ridatsu),114
utu_(ldnsft),114
windforcelan,114
yohane_shimizu,114
yonerinoko_(banberabu),114
zb,114
zuzu_(ywpd8853),114
aco_peda,113
akanesanzou,113
ayyh,113
boruhis,113
buna_shimeji_(keymush),113
cheong_ha,113
crimson_shake,113
dango_(uni_520),113
domu_(hamadura),113
erere,113
feiton,113
fule,113
furim,113
fusazakura,113
g-room_honten,113
gerotan,113
guutara,113
gwayo,113
hakkentai_pokedan,113
hinoe_(dd_works),113
hiyopuko,113
hoshi_umi,113
iizuka_haruko,113
izumi_rei,113
kc-rk_sl,113
ke-su,113
khn_(kihana),113
kisaragi_kaya,113
kkuem,113
kobanzame,113
kugi_ta_hori_taira,113
matsunoki_(unknown_751),113
matsusaka_gyuu,113
mayutsuba_mono,113
migu_(migmig),113
minidraco,113
mitake_eil,113
mizu_(lzzrwi603),113
mizunoe_kotaru,113
mkm_(mkm_storage),113
nakasawa_kei,113
natsu_(sinker8c),113
nekoita,113
nyamota_(noraneko_koubou),113
ochakai_shinya,113
okyou,113
ooba_wakako,113
otogi_kyouka,113
piro_(iiiiiiiiii),113
plover,113
purunyara,113
radiostarkiller,113
radu,113
renshiu,113
scruffyturtles,113
shamisen_(syami_sen),113
shinya_(nanpp),113
shiratamama,113
spike_wible,113
supernew,113
takeuchi_aya,113
teddy_(khanshin),113
tsukimoto_aoi,113
uni_(melm),113
v-mag,113
viperxtr,113
weasel_(close-to-the-edge),113
yusao,113
zenma_trang,113
acrylicstroke,112
ai5108,112
akabashi,112
akahito,112
arowana2111,112
asanaya,112
bosshi,112
bouen,112
busujima_(kusahana),112
chiba_tsuru,112
eroquis,112
fish.boy,112
fukai_ryosuke,112
funyariko,112
goma_(11zihisin),112
grgrton,112
hm_(hmongt),112
ifuji_sakura,112
inui_(jt1116),112
iromeki_overdrive,112
jenson_tw,112
k_kanehira,112
kaizeru,112
kanmuri_(hanyifan30338),112
kaohom503,112
kasaneko,112
kawai_rou,112
kilabo,112
kobayashi_yuuji,112
kokoyashi,112
kokujuuji,112
konata_gazel,112
koriarredondo,112
kou_(haijindeath),112
kurihara_kenshirou,112
kuronosu_(yamada1230),112
kyou_zip,112
maro_(lij512),112
mimi_(mimi_puru),112
minamon_(vittel221),112
mizutani_megumi,112
morizo_(morizoshop),112
muramasa_mikado,112
nagomi,112
ochazuke,112
oyatu_potage,112
p-suke,112
pearl7,112
potekite,112
r3dfive,112
sasakura,112
seicoh,112
shimoguchi_tomohiro,112
shiranagi,112
sugiyuu,112
sumisaki_yuzuna,112
supertie,112
tairi,112
takada_akemi,112
takamura_kazuhiro,112
tamase_tama,112
ten_(tenchan_man),112
touyarokii,112
uka_(color_noise),112
willfin,112
yasukuni_kazumasa,112
yoshizoe_eiko,112
yui_(niikyouzou),112
zerocastle,112
9twoeight,111
ac_(eshi),111
akamtvahosi,111
amayu,111
azit_(down),111
bano_akira,111
bou,111
byte_(grunty-hag1),111
c_(neta),111
camel000,111
chabaneko,111
chahashiraozen,111
coh,111
cross_akiha,111
ereka,111
fabri,111
gobera,111
haku_le,111
hakura_kusa,111
hinata_mizuiro,111
hoshi_usagi,111
hys-d,111
i.t.o_daynamics,111
ibuo_(ibukht1015),111
inuyama_konan,111
isshi_pyuma,111
itsumi_(itumiyuo),111
jmg,111
joakim_sandberg,111
jong_tu,111
kamiyama_aya,111
kimidake,111
kinako_(marubotan),111
lalala222,111
mamemena,111
mechrailgun,111
minori_748,111
misaki_takahiro,111
miyan_(oceanmaiden),111
mogudan,111
mono_(mono60),111
murasaki_saki,111
nana_mikoto,111
nasaniliu,111
ninonuko,111
noe_(mabue),111
nonosaki,111
norita,111
oninamako,111
ot-nm,111
ototobe,111
oyaji_kusa,111
pzkpfwi,111
racer_(magnet),111
rand_(artist),111
rem_sora410,111
rie_(reverie),111
robaato,111
sakic43899,111
satoshi_(peso727),111
satou_yasu,111
scorpion5050,111
sekisei_(superego51),111
seneto,111
shinama,111
shinburu,111
shirubaburu,111
shogo_(4274732),111
sidarim,111
sinko,111
soushou_nin,111
sushi_(sashimise),111
takanitsuki,111
takeuma,111
tanaka_hirotaka,111
tokkyu_(user_mwwe3558),111
tpi_ri,111
uruha_(yw1109),111
wallace_pires,111
wengwengchim,111
xiaosan_ye,111
youxuemingdie,111
yuugiri,111
aer_(tengqiu),110
akizuki_ritchan,110
alice360,110
amefre,110
aosora2823,110
budgiepon,110
byte_(allbyte),110
danhu,110
donnpati,110
dx_(dekusu),110
fukunoki_tokuwa,110
fumi_(fumifumi3axl),110
girutea,110
gmot,110
greetload,110
herunia_kokuoji,110
hettsuaa,110
hiki_niito,110
hikimaru,110
hirako,110
ichidai_taisa,110
inyuppo,110
irohasu_(sasagarasu),110
itohana,110
itsuki_sayaka,110
iwai_ryou,110
john_su,110
kazekawa_nagi,110
keki_chogyegi,110
kibihimi,110
kitano_tomotoshi,110
kock_k,110
kongari_tokei,110
kyapinetzu,110
laco_soregashi,110
lanxjourney,110
linjie,110
magical_ondine,110
masha,110
metindone,110
mikan_(ama_no_hakoniwa),110
minikon,110
miyazaki_byou,110
moisture_(chichi),110
moso_(expect66),110
nablange,110
nana_g,110
niikura_kaori,110
nitamako_(sakamalh),110
nyazui,110
oba-min,110
okkobc,110
paco,110
poco24,110
ponkotsu_(ayarosu),110
ponpo,110
quasimodox,110
rbfnrbf_(mandarin),110
ryu_(ryu's_former_site),110
sakofu,110
shin,110
solllolll,110
souryu,110
sunafuki_tabito,110
sune_(mugendai),110
tailam,110
takanashie,110
take_shinobu,110
tanjiu,110
tasuku_(otomebotan),110
terragin,110
teru_(kazanawa),110
tetora_(oudonoishiize),110
tewarusa,110
toraneko,110
tribute,110
tsunekichi,110
umihotaru_harumare,110
uramakaron,110
visualart,110
wapokichi,110
won_(az_hybrid),110
xi_luo_an_ya,110
yada_(xxxadaman),110
ysk!,110
yukiguni_yuu,110
zero-go,110
ai_shou,109
alkemanubis,109
ame_sagari,109
bakushi_(smys2017),109
bokkun_(doyagaobyo),109
byakuya_reki,109
carchet,109
chaamii,109
chiyoshi_(sevendw),109
chrisandita,109
cink-knic,109
crote,109
denpa_rasaito,109
dotera-otoko,109
fajyobore,109
fuyuno_yuuki,109
getsuyoubi,109
goma_(u_p),109
gulim,109
h_(eitilog),109
iincho_(airi8751),109
inoitoh,109
jpc,109
kakinoki_mikan_(kari),109
kaminary,109
kayama_benio,109
kerorokjy,109
kettle21,109
kobayashi_chizuru,109
kobuta,109
kuroda_asaki,109
leaphere,109
lolimate,109
magako,109
mamemo_(daifuku_mame),109
maremay0513,109
maruto!,109
mepo_(raven0),109
mikapoe,109
miyamae_porin,109
miyashita_miki,109
miyukiko,109
moroyan,109
natsushiro,109
nazo_(mystery),109
nochita_shin,109
noyomidx,109
nyan_(reinyan_007),109
nyorotono,109
oota_jun'ya,109
oro_(zetsubou_girl),109
paprika_shikiso,109
poch4n,109
red_cucumber,109
roku_(suzusuzu65972012),109
ryo_(tg290),109
sag,109
satsuki_mayuri,109
satsuki_neko,109
shenanimation,109
shize_(coletti),109
sho_(shoichi-kokubun),109
sonech,109
sooru0720,109
sugiyama_ichirou,109
suzumori_uina,109
takaku_toshihiko,109
taro-k,109
tomosuke,109
ura_(hamburg_oniku),109
urim_(paintur),109
xe-cox,109
yan_wan,109
yeneny,109
yoshiheihe,109
yuemanhuaikong,109
yuki_usagi,109
yuuta_(yuuta0312),109
yuuuuu,109
bm94199,108
chonkyorca,108
cwind,108
ebibi_chiriri,108
edoya_pochi,108
enosan,108
fancybetty,108
fanta_(the_banana_pistols),108
fly_333,108
fujiwara_minaho,108
fumiko_(miruyuana),108
ginopi,108
gla,108
go-lurk,108
goli_matsumoto,108
haganemaru_kennosuke,108
hakkai,108
hamahara_yoshio,108
harukaruha,108
henken,108
hiki_yuichi,108
hosaka_dx,108
hoshino_madoka,108
hotaru_iori,108
itoh_ben,108
izumiyuhina,108
kannagi_kaname,108
kanosawa,108
karuta_(karuta01),108
kekel,108
kochoko,108
kotaro-nosuke,108
kuo_(kuo114514),108
kurobikari,108
merunyaa,108
mihatarou,108
mizuki_gyokuran,108
moketto,108
n2midori,108
natsumi_(ragtime),108
nightmare77zx,108
niku-name,108
noroma02,108
nukoyarou,108
nyanmilla,108
okiura,108
once_11h,108
ozaki_(tsukiko3),108
pingo,108
pudgeruffian,108
rassie_s,108
ray83222,108
regition,108
rikuwo,108
ruan_chen_yue,108
ryuuno6,108
sandara,108
sanwari_(aruji_yume),108
sekimo,108
seto_(asils),108
sexy44,108
shima_noji_(dash_plus),108
shimazaki1152,108
shirogane_(cufsser),108
siun,108
sizma,108
sonokare,108
sora_(men0105),108
sylphine,108
takatoo_kurosuke,108
tamanegiinyo,108
tera_dash,108
ti_owo,108
toadgashi,108
tomiwo,108
tomohiro_kai,108
umenodo,108
ushas,108
vfenster,108
vivivoovoo,108
wakanagi_eku,108
wogura,108
yoshioka_mitsuko,108
yukin_(es),108
yuria_(kittyluv),108
7001,107
akechi_(826988799),107
aki_(akisora_hiyori),107
amano_(els573),107
ancolatte_(onikuanco),107
anglediana,107
antyobi0720,107
aruva,107
ayakumo,107
azu_(kirara310),107
bee_doushi,107
border0715,107
cassandra_(seishun_katsu_sando),107
chamumi_(mochiumee),107
coco7,107
cola_(gotouryouta),107
d@i,107
des,107
enj!,107
exion_(neon),107
fhang,107
fov_ps,107
fukunaga_kazuhiro,107
gesugesu_ahoaho,107
ginichi,107
graysheartart,107
hanyae,107
hari611,107
higashiyama_kazuko,107
hiiro_yuki,107
hopepe,107
ico_(green_bullet),107
ikura_nagisa,107
inika,107
kanna_asuke,107
katou_yuuki,107
kesoshirou,107
kilva_lollop,107
las91214,107
lowlight_kirilenko,107
lvl_(sentrythe2310),107
mararu,107
marimo_kei,107
marmalade_(elfless_vanilla),107
masaki_(celesta),107
menea,107
mirino,107
miyuzu,107
moegi0926,107
moekon,107
monomi,107
muraicchi_(momocchi),107
naoto_(yandereheaven),107
neichiru,107
nicoby,107
noise-111,107
noraring,107
pico_(picollector79),107
raku_pix,107
renta_(deja-vu),107
rome_romedo,107
s_makoto,107
sakuramori_sumomo,107
senta_(ysk_0218),107
sewenan,107
siino,107
solokitsune,107
tohoku_kiwi,107
tonchinkan,107
tsurugi_hikaru,107
umyonge_(lkakeu),107
unagi_sango,107
usa_(dai9c_carnival),107
utsugi_(skydream),107
yoicha,107
yoshiwo,107
yucca-612,107
yuki_kaori,107
yutsuki_warabi,107
zakuma,107
1225ka,106
ajimita,106
akita_hika,106
akiyasu,106
aliceblue,106
alma01,106
aticsanir,106
bccp,106
cheli_(kso1564),106
cioccolatodorima,106
danemaru,106
danna_(karatekikku),106
ebz,106
gensuke_(ryun),106
hanami_haru,106
hanao_(kuma-tan_flash!),106
hane_(hanegoya),106
haseneko,106
herohero_(higashi_no_dou),106
hi_ye,106
hirosuke,106
hoyashi_rebirth,106
hyonee,106
jh,106
jiao_mao,106
jonasan_(bad-t),106
jurakin,106
kabocha_usagi,106
kankito,106
kari_kenji,106
kinutaku,106
kobayashi_kabura,106
kokuchuutei,106
ktsis,106
kuro_wa_shinoru,106
marblewars,106
mimi_n,106
mitake_eiru,106
moai_(aoh),106
moeki_yuuta,106
motyo1964,106
n.g.,106
neko_sakana,106
niko_p,106
ninoude_(ninoude44),106
nip_to_chip,106
nobamo_pieruda,106
noizu_(noi_hr),106
oimo_(imoyoukan),106
opopowa,106
picube525528,106
psyche3313,106
rakugaki_shitagari-ya,106
ran_(pixiv2957827),106
rimo,106
riokasen,106
rion_(glayjirobass),106
rokumaru_(artist),106
rumine_(yoshi1234567),106
ruroo,106
sahau228,106
saijou_yukina,106
sen_kagura,106
shift_(waage),106
shiratakiseaice,106
sousui_hani,106
spade-m,106
sunege_(hp0715),106
teru_(renkyu),106
torinitea,106
toro_(nightlord),106
tousaki_shiina,106
tovio_rogers,106
tsukimi_50,106
unknown_(artist),106
utakata_(azaka00),106
yasu_(pixiv),106
yooki_(winter_cakes),106
yoshino_(q_sci),106
yugaa,106
yuiga_satoru,106
z.i,106
zen_o,106
akira_hou,105
altronage,105
amakusa_setoka,105
bakutendou,105
baozishark,105
chabi_(amedama),105
chiyoko_(tykchiyo),105
citrus_(place),105
comet_(teamon),105
cremanata,105
desaku,105
do_(taka),105
dr_rex,105
funnyfunny,105
gedoooo,105
haccan,105
halphelt,105
himiya_jouzu,105
ikawa_waki,105
jettoburikku,105
kankurou,105
kash-phia,105
katami_shinta,105
kirby_d_a,105
kisaichi_jin,105
kt2,105
kyon_(zmwh8222),105
kyundoo,105
leng_wa_guo,105
lin+,105
lucie,105
mana_kakkowarai,105
milli_little,105
miruki,105
miy@,105
n_kamui,105
natsume_suzuri,105
nayuhi_(yukimuu14),105
netamaru,105
nico-neko,105
ninniku_(ninnniku105),105
nobuchi,105
noeru_(gt17854),105
nogami_takeshi,105
po0000000000,105
pyonsuke_(pyon2_mfg),105
rakeem_garcia-cueto,105
rean_(r_ean),105
reio_reio,105
sainohikari,105
sarfata,105
shinohara_shinome,105
shirokuma_a,105
sigm@,105
sonsoso,105
soramu,105
sugiyama_nobuhiro,105
takanashi_akihito,105
teroru,105
tiankong_yiji,105
tokoya_(ex-hetare),105
tooi_aoiro,105
tsuchifumazu,105
uumaru1869,105
yon_(letter),105
you06,105
you2,105
yue_(shemika98425261),105
yueko_(jiayue_wu),105
yumi_yumi,105
30-06,104
aa2233a,104
agnamore,104
aida_yuu,104
akasia,104
amakura_(am_as),104
ameya_nihachi,104
anmita_(rarutos),104
aoiyui,104
aria.,104
avamone,104
bobokuboboku,104
boss_(artist),104
callan_(callancoe),104
chico152,104
dancho_(dancyo),104
dizi930,104
dtvisu,104
etogami_kazuya,104
fukidashi_cotton,104
giuniu,104
gobou_1000,104
hahifuhe,104
hamaru_(s5625t),104
hanasaki_mahiru,104
haruhina_purple,104
hizuki_miya,104
houdukixx,104
ichiki_1,104
jikatarou,104
kaishaku,104
kakeami,104
kawaguchi_youhei,104
kelinch1,104
kenji_t1710,104
kenko_(a143016),104
kentairui,104
kernel_killer,104
kimi_tsuru,104
kiritani_(marginal),104
kiyu,104
kokouno_oyazi,104
korokor59513559,104
kurabayashi,104
kurabayashi_aya,104
kurohara_yuu,104
kyousaku,104
macco,104
mago,104
miya_(hooooo),104
miyako_draw,104
mokoppe,104
morry,104
mousoup,104
mutsumi_masato,104
nakikot_t,104
nanamura,104
nancou_(nankou),104
naruse_hirofumi,104
noiz,104
novelance,104
novemdecuple,104
profnote,104
pump_(artist),104
raid_slash,104
rascal,104
sao_satoru,104
sasorigatame,104
sd,104
shemika98425261,104
shiira,104
shirasumato,104
spider_apple,104
tai0201,104
tasutekete,104
tdk,104
teketeke_(tasutekete),104
tetopetesone,104
tougetsu_gou,104
toyoi_yuuta,104
umi_(srtm07),104
uzuki_tsukuyo,104
verta_(verlaine),104
yasehattagi,104
yazawa_happyaro,104
yoiti,104
yoshikita_popuri,104
yoshitani_motoka,104
yuki_touko,104
yukomeow,104
yuyu_no_suke,104
a-shacho,103
a_(aaaaaaaaaaw),103
ajino_(sakanahen),103
akaiha_(akaihagusk),103
amaguchi_chiyoko,103
amamitsu_kousuke,103
ame_yamori,103
ao_iro,103
aokura_shou,103
ardenlolo,103
auer,103
batabiru,103
bebe_pp,103
butter-t,103
chocolate_(jitong),103
dennryuurai,103
dreamcatcher,103
duca,103
elina_kuroe_no_daarin,103
eri_(erikiri),103
fua_yuu,103
fukazaki,103
haine,103
hamada_yoshikazu,103
hanoyuta,103
hidori_(hibi_toridori),103
hirano_toshihiro,103
hk_(hk),103
honda_tamanosuke,103
ia_(ias1010),103
isa,103
ivan_wang,103
jon_taira,103
jonathan_hamilton,103
kaisenpurin,103
kani_biimu,103
kanju,103
kazuki_seihou,103
kikimifukuri,103
kurohal,103
kusukusu,103
kyoeiki,103
legomaru,103
luzi,103
madara_inosuke,103
madotsuki_ren,103
maho_(yakimorokoshi),103
maki_soutoki,103
mameyanagi,103
marina_(mrn9),103
minato_(robin),103
mini_mamu,103
nakamura_eight,103
nekokun,103
nemo_(leafnight),103
nightmaremk2,103
nimirom,103
niwako,103
noccu,103
okitafuji,103
osaragi_mitama,103
papillon10,103
pota_(bluegutty),103
ramiya_ryou,103
renatus.z,103
rj_(lingshih10),103
ruisuke,103
rum_raisin_(chihiromakita19),103
sakichi_suzu,103
sasakure_(mogunonbi),103
shigurio,103
shoumaru_(gadget_box),103
tadeno,103
takanaga_kouhei,103
takoongyi,103
taku_(aywakutakuay),103
teo_(teorekka),103
tomatika,103
tomoe_(tomoe_200),103
torajimaneko,103
toromera,103
train_90,103
uiroutsuji_yumihiko,103
unel,103
urata_asao,103
yudaoshan,103
yutsuka_(amyucca),103
yuyupo,103
zephyr164,103
zumi_(neronero126),103
b_suke,102
balladeluce,102
bud_(korovsme),102
cglas,102
cuivre,102
cuon_(kuon),102
d-style_wed,102
dani-ikapi,102
dododo_dadada,102
eichi_turnr,102
eichisu,102
emu_(toran),102
endou_(zettai_bluenoid),102
gaman,102
garrett_hanna,102
giga,102
gunjima_souichirou,102
hakui_ami,102
hakuseki,102
heri,102
hinoru_saikusa,102
hitogome,102
hobak,102
hoshina_satoya,102
hua_ming_wink,102
ice_s_s_z,102
ikiyouz,102
iku2727,102
itsuki_kuro,102
kagome,102
kaho_0102,102
kalak_39,102
kamatoyu,102
kaminagi-tei,102
kao_ru05,102
kasuga39,102
kenii,102
ketopon,102
kofi-mo,102
kotarou_(rakugaki_shirushi),102
kumamoto_aichi,102
kurisu_tina,102
kuromitsu_(9633_kmfr),102
kutsuno,102
matsuba_mattsu,102
merufena,102
meta_meta,102
mike_(mikeneko),102
minase_(mmakina),102
mirei,102
mittsu,102
momoko_(momoko14),102
murakami_yuzu,102
nagi_(artist),102
neo-masterpeacer,102
nezuko,102
nijimaarc,102
oboro_keisuke,102
paperfinger,102
pg_(pgouwoderen),102
rakkidei,102
red-eyes_macadamiachoco,102
redbaron,102
renjian_shilian,102
ryou_(shirotsumesou),102
saino,102
shenaidi,102
shichouson,102
shinnasuka025,102
shira-nyoro,102
sizucomaru,102
souno_kazuki,102
srpzk,102
ssberit,102
sunny_spot,102
sunnysideup,102
takatsukasa_yue,102
tamaru_tokihiko,102
tamomoko,102
terai_(teraimorimori),102
tsuti,102
yamaguchi_homupe,102
yanagi_wakana,102
yayoi_maka,102
yottacc,102
yukiiti,102
yuli_(yulipo),102
yuuichi_(reductionblack),102
yuusa,102
3kuma,101
akabane_hibame,101
akabashi_yuusuke,101
akihitohappy,101
alien1452,101
aningay,101
araki_(qbthgry),101
aramachi,101
asu_tora,101
ayatoki-1,101
batatata77,101
bonkiru,101
cancer_(zjcconan),101
chokoan_(tyokoa4649),101
ellipsis_(mitei),101
emyo,101
flanvia,101
fukuda_shuushi,101
gaou_(umaiyo_puyoman),101
gejigejier,101
gotou_nao,101
grune,101
hellshock,101
hima_(mizu_ni_tsuyoi),101
hissiu,101
huyusilver,101
itunohika,101
juugoya_neko,101
kage_houshi,101
kaiware-san,101
kajiki,101
kaoming,101
karasumi_(aiseec),101
kasagarasu,101
kawaanago,101
kawakami_masaki,101
kirin_(suzoke_1),101
kirisita,101
koizumi_amane,101
kou512a,101
kurokin,101
kyogoku_shin,101
makise_medaka,101
maryquant,101
mitoko_(kuma),101
mocha,101
muju,101
nagidango,101
nama_shirasu,101
natsumii_chan,101
nekomu,101
nemusuke,101
ohse,101
oomura_yuusuke,101
orange_(bibiko),101
papercider,101
pienahenggou,101
ponzu_rui,101
rowtan,101
rsk_(tbhono),101
sadamatsu_ryuuichi,101
sakana,101
sashima,101
shinryou_rei,101
shiokonbu,101
shiomi_(lowrise),101
shira_yu_ki,101
stup-jam,101
suzumaru,101
suzuno_(bookshelf),101
tentsuu_(tentwo),101
tokiya,101
toshi_(1-147),101
tousaki_umiko,101
tozawa,101
tsukimi_(xiaohuasan),101
uhouhogorigori,101
uki_(room_405),101
vetina,101
waneella,101
wani_(mezo),101
yamada_kei,101
yukari_(rihenara_doll),101
yuki_hime_haruka,101
0930erina,100
369minmin,100
3d_rod!,100
778-go,100
adeshi_(adeshi0693119),100
akikazu_mizuno,100
amazou,100
anju_(meipurusanchi),100
aobahosino,100
aoneco,100
aria_pkmn,100
ashiya_hiro,100
atu,100
ayukko_(forest_village),100
batrobin_k,100
chaa_(korone-ze),100
colis_(regunm772),100
dan_ball,100
dcwj,100
fori,100
fugota6509,100
fujimaru_mamenosuke,100
fukuro_ko_(greentea),100
fumiko_(mesushi),100
ganari_ryuu,100
girotin_ginza,100
gogono_panya,100
hagiko,100
hayama_kazusa,100
hiiro_(kikokico),100
hozumi_rino,100
idk-kun,100
ieiieiiei,100
ikeda_masateru,100
ikura_hato,100
inuneko,100
isegawa_yasutaka,100
jesse_(pixiv34586727),100
junjunforever,100
kakutasu,100
kamo_(yokaze),100
kawaty,100
ketaru,100
kirisaki_byakko,100
kishi_nisen,100
km_(artist),100
kohaku_muro,100
koru_pera,100
kounoike_tsuyoshi,100
kyuuso_inukami,100
kz_nagomiya,100
manji_taba,100
matsusatoru_kouji,100
miche,100
minase_kaya,100
monsuu_(hoffman),100
mu-pyon,100
mugicha0929,100
nagata_nagato,100
nagumo_(nagumon),100
nagy,100
nakasone_haiji,100
nakura_hakuto,100
natsukawa_sarasa,100
nevakuma_(fanfanas),100
nichiru,100
nicoq_(koikoihaihai),100
noppo,100
osamu,100
pochadon,100
ran_(9ens2000),100
remotaro,100
rono_(lethys),100
rrrpct,100
ryuu,100
shiimai,100
shimeko,100
shimofuri,100
shirayuki_towa,100
shouhei,100
shouzu_choukou,100
shycocoa,100
sindri,100
stick_jitb,100
sue_(bg-bros),100
sugiyama_genshou,100
sukebewe,100
sukekiyo56,100
suta_(clusta),100
suzunashi,100
taishi_(artist),100
takoyaki_neko-san,100
tayako,100
tibimimi,100
toi_(number8),100
tooya,100
tsukino_omame,100
umiru,100
wanko_(takohati8),100
wowoguni,100
xx_tk9,100
yk_(pixiv43531291),100
youri19,100
yukitarou_(awamori),100
zipang,100
zoolpal,100
ayato,99
chachie,99
chiyonekoko,99
ehimedaisuki,99
fujikawa_daichi,99
g.haruka,99
gaze_(thompon),99
guri_otoko,99
hizukiryou,99
honlo,99
infi,99
inoue_haruka_(haruharu210),99
ion_(on01e),99
jason_kim,99
junekun,99
kagura_kurosaki,99
kaisenn,99
kamoto_tatsuya,99
kasuka108,99
kiliko-san,99
kisa_(k_isa),99
koujisako,99
kujira_lorant,99
kuramochi_kyouryuu,99
kurokoshou_(emuburemu123),99
kyokucho,99
l9525,99
lliissaawwuu2,99
macken,99
makumaxu,99
mamaloni,99
mao_(6r),99
miitara,99
misuta710,99
mouri,99
natto_soup,99
neekosiah,99
neko_yume,99
nonono_(basasi21),99
orval,99
ouse_kohime,99
p-40_(tukinosita-de),99
p0ckylo,99
pepepe,99
peperon_(peperou),99
ponpon,99
robot_cat,99
ryuu_(multitask),99
saeki_shun,99
sand-rain,99
sanshita,99
schreibe_shura,99
sei_8220,99
setmen,99
shimizu_akina,99
soranagi_yuki,99
spikewible,99
sugamo_(rainysnowy108),99
tajima_ryoushi,99
takano_itsuki,99
take_tonbo,99
takuyarawr,99
toboso_yana,99
uni8,99
white-brown,99
yaki_mayu,99
yato,99
zol,99
6tnut9,98
abaratani_kurou,98
adachi_shingo,98
advos,98
ah_yoshimizu,98
aho,98
aicedrop,98
ajirui,98
akemaru,98
akitsu_taira,98
akiyama_cz4a,98
alto_seneka,98
amakaze,98
aono_meri,98
asako_(itiba),98
beru,98
caesar_et_cleopatra,98
chuu,98
coo,98
cradle_(artist),98
damenaito,98
dr.,98
eitopondo,98
evan_stanley,98
fou_(ssqseeker),98
hachimi,98
hikuma,98
hinata_hibari,98
hoe_satsuki,98
hoshihuri,98
ichijou_(kr_neru0),98
iro_(sekaixiro),98
iu,98
izumiyamisono,98
jianren,98
kanameyura,98
karin_bluez3,98
kawachi_rin,98
kazuoki,98
kin-san_(sasuraiga),98
kirikan,98
kobushi,98
kowiru,98
kurage,98
kuri_(shibimame),98
kurinton,98
lanubis,98
leogust,98
mac_naut,98
mayuzaki_yuu,98
memeo_(candy_house),98
miemia,98
mog_(artist),98
moonbell,98
morinaga_miki,98
naka,98
nan_(jyomyon),98
narita_rumi,98
ne-on,98
ninjin_nouka,98
noixen,98
ohland,98
popup,98
red_(red-sight),98
rika-tan_(rikatantan),98
sakamuke,98
sakurai_unan,98
sawaya_(mizukazu),98
scr.e,98
seapall,98
senya_fuurin,98
shaka_(staito0515),98
sjw_kazuya,98
sumomo_(peach-breath),98
sy0610,98
takeu,98
tanaka_(tanakya123),98
tera_zip,98
touma_rui,98
tsubameyado,98
waterdog,98
yaruku,98
yoshiki360,98
zanzi,98
zarutsu,98
zueka27,98
abusoru,97
ahma,97
aimobake,97
akaneyu_akiiro,97
aki_poi,97
amane_ruri,97
ao_no_neko,97
ayuayu_(shouyu_no_sato),97
ayya_saparniyazova,97
azmodan,97
beliatan,97
btraphen,97
cha_kuro_(limo),97
cheonyeon-hi,97
daigoman,97
daylightallure,97
decoy00xx,97
dodo_(yatotoyatoto),97
doyachii,97
dyun,97
edpan,97
ein_lee,97
fujibejifu,97
fujiwara_warawara,97
funikurikurara,97
furorida,97
gau_(n00_shi),97
hagiya_kaoru,97
hal_(goshujinomocha),97
haru_aki,97
harutarou_(orion_3boshi),97
hirooka_masaki,97
hisashi_(nekoman),97
hotechige,97
hwaryeok,97
ichi_hachi_rei_rei,97
igarashi_(nogiheta),97
jason_robinson,97
joka_(night_gate),97
juu_(juuzi),97
kabewski,97
kagerou_(shadowmage),97
kaito_(kaixm),97
keikesu,97
kim_hyung_tae,97
kirino_souya,97
kirishima_sou,97
kiryuu_suruga,97
kou_(garakuta_teikoku),97
kurokawa_karasu,97
kuuchuu_yousai,97
kyouka_hatori,97
lf,97
lilithbloody,97
lor968,97
masabodo,97
mataro,97
matsuda_juukou,97
mig_(36th_underground),97
mikan_(5555),97
miniru,97
mito_(calcomer),97
miyuki_(miyuki0529),97
mizuki_yuuma,97
momiji_(lucario),97
moro_precure,97
morogami_ryou,97
mukunoki_nanatsu,97
ninonini,97
nosada,97
otowa_(otoha4634),97
piliheros2000,97
punto,97
remimim,97
rindoriko,97
ryu_shou,97
sa-fu_(sfmk39),97
sasasasa,97
senba_chidori,97
shibusun,97
shiitake_taishi,97
shimesaba_kohada,97
shiohachi,97
shokkin,97
sky_kiki,97
su_guryu,97
suzuka_sario,97
takeshisu,97
tami,97
tommer,97
tsunashima_shirou,97
ttk_(kirinottk),97
twoframe,97
uminokaisen,97
usape0kyun,97
walfas,97
wonoco0916,97
wsman,97
yakumo_nanahara,97
yamaioni_(sasakama),97
ymd_(holudoun),97
yorurokujuu,97
yoshida_iyo,97
zenyu,97
5health,96
abaraya,96
afukuro,96
akyuun,96
alcot,96
aloe_(kenkou3733),96
alto-00,96
azto_dio,96
azuki_akizuki,96
bi-nyo,96
casino_(casinoep),96
cccacademia,96
cslucaris,96
doromizu,96
dr_mice,96
emia_(castilla),96
fu_yukari,96
fumei_(mugendai),96
garutaisa,96
hakuto_(28syuku),96
harryych,96
hirokazu,96
hisayoshi_(hisa),96
inuhasiru,96
issa_(sorako45),96
itsukia,96
itsumo_nokoru,96
junny,96
kaedeko_(kaedelic),96
kakitama,96
kamatama,96
karen_le_cao,96
kizuki_miki,96
kouyafu,96
kurifuto,96
kuroshiro_(ms-2420),96
kusumoto_shizuru,96
ky_(kurokky709),96
lol,96
marimo_moka,96
mian_(3zandora),96
miazi,96
minami_(minami373916),96
mugimugigo,96
mushisotisis,96
myowa,96
nagisa_(cxcx5235),96
naruse_mamoru,96
nihei_tsutomu,96
ninamo,96
non_(hey_you!),96
nyansky,96
nyoijizai,96
op-center,96
p2_(uxjzz),96
pegashi,96
pekopokox,96
pfalz,96
plastick,96
pokan_(xz1128),96
projecttiger,96
rakusuke,96
ramochi_(auti),96
ratatatat74,96
reirou_(chokoonnpu),96
ria,96
richou_(zerozero1101),96
ritsuki,96
rokushaku_neko,96
saiga_tokihito,96
saiko_dagashi,96
sanari_(quarter_iceshop),96
sayama_yoshiki,96
sea_scorpion_(umisasori),96
segami,96
sekihan,96
shimakoma,96
shiro_tsugumi,96
shiroaisa,96
siya_ho,96
skyrail,96
takasaka_donten,96
takayama_mizuki,96
taracod,96
task_owner,96
tayuya1130,96
torisan,96
toruglose,96
urita_(vivivinicol),96
yagaminoue,96
yamada_ranga,96
yarawi,96
yoohi,96
youhei_64d,96
yuuhi_alpha,96
aiyan,95
aizawa_sachi,95
amasaka_takashi,95
antinese,95
apollo_(hu_maple),95
bespin,95
bleedman,95
chen_bin,95
cocopalm,95
conto,95
donar0217,95
edwin_(cyberdark_impacts),95
fataaa,95
flan_(harry_mackenzie),95
fpminnie1,95
frs2,95
haga_yui,95
hakano_shinshi,95
halorane,95
happyundergate,95
hataya,95
hews,95
hima,95
homing_(areya),95
kanekiru,95
karumayu,95
kawarajima_kou,95
komiru,95
konboi-eg,95
kotomuke_fuurin,95
kubota_masaki,95
kuma_x,95
kurogin,95
kuroi_enpitsu,95
leafwow,95
marsen,95
mayohi_neko,95
minami_(apricot_tea),95
mino_taro,95
misonou_hirokichi,95
mizuki_(mizuki_ame),95
mizumizu_(phoenix),95
mizune_(winter),95
mknown,95
mono_(recall),95
nagana_sayui,95
nanika_(nnkgh),95
naruwe,95
neko_daruma,95
nibo_(att_130),95
niwasane_(saneatsu03),95
nns_(sobchan),95
nullken,95
o-nashi_neko,95
otoneha,95
oyuyu,95
pipidan,95
rodney,95
sachico66,95
sakura_(lilak_a),95
samidare,95
sen_(daydream_53),95
shanyao_jiang_tororo,95
sharlorc,95
shimomoto,95
shino-o,95
shipii_(jigglypuff),95
shouningyou,95
sleepyowl_(jobkung15),95
studio_sdt,95
sutora_binsuke,95
suzuri,95
swami,95
tamago_tomato,95
teranekosu,95
tsuka,95
twinpoo,95
ty_1865,95
uncle_rabbit_ii,95
valhalla0707,95
vmat,95
wadapen,95
wakino_keibun,95
yamaguchi_takashi,95
yuki_(sangeki5806),95
yumesaki,95
yuuhi_aruha,95
yuuryuu_nagare,95
yuzhi,95
zumi_(zumidraws),95
2c=galore,94
765_nanami,94
akihara_nakuru,94
ameyu,94
antaria,94
ara_ta,94
arita_mitsuhiro,94
baiguiyu,94
barufoa,94
blueorca,94
bluethebone,94
chig_(mizusaki),94
cojimama,94
cosmikaizer,94
dongho_kang,94
el_joey,94
eu_(euspia),94
fujisawa_takashi,94
futoumeido,94
gaston18,94
gojarun,94
handsomen,94
harigane_shinshi,94
hasegawa_keita,94
horoyuki_(gumizoku),94
ice_(aitsugai),94
ikmg,94
imaichi,94
inhye,94
jacknavy,94
k_(sktchblg),94
kawanakajima,94
kayu,94
kirarin369,94
kona,94
kotonoman,94
kyuukon_(qkonsan),94
madara,94
maguta,94
maiko_(setllon),94
marushin_(denwa0214),94
milk_puppy,94
mistermagnolia,94
mitarashi_kousei,94
mo_(pixiv9929995),94
morokoshi_(tekku),94
mugi_(iccomae),94
mutsutake,94
nanotaro,94
nicole,94
nisino2222,94
noshima,94
npcpepper,94
numako,94
nyantiu,94
oburaato,94
okanoyuno,94
oshishio,94
paravene,94
pasdar,94
pekoni_(peconi),94
ponpon_(ponpon62126),94
potto_(minntochan),94
r.aka.,94
rizu033,94
ronisuke,94
rounin_(amuza),94
saban,94
saeki_nao,94
sasaki_(glass1138),94
satoi,94
satou_saya,94
shihage,94
shinkuukan_(tetsuo3),94
shiroi_tansu,94
sho_(sho_lwlw),94
shuushokuna_ekus,94
silve,94
skn_1027,94
sogaya,94
tatsuno_ryou,94
tenyo0819,94
toba_hiyoko,94
todee,94
togatsuko,94
tokiwa_midori_(kyokutou_funamushi),94
tokyo,94
tororo_ten,94
touryou,94
truejekart,94
tsukimochikuriko_(tsukimochi_k),94
ttnoooo,94
tuskryo,94
ukokkei,94
uu-tan_(hushigi10),94
xiaji,94
yoyohachi,94
yukimura_tsubame,94
yukinagi,94
yukiri_(l_ii),94
yuuki_nobuteru,94
zhuxiao517,94
40_(0f0urw),93
agaki_anko,93
akizuki_hakuto,93
alisia0812,93
andrian_gilang,93
angry_num,93
arashiya,93
arawi_keiichi,93
bag_(chrko_bag),93
beluo77,93
big.g,93
byuey,93
byulzzi,93
chiri_(o9o9),93
chiyo_(miichiyochin),93
choroli_(chorolin),93
chuno,93
cpu_(hexivision),93
dabi_(dabibubi),93
don_michael,93
ebi_193,93
enkichi_totan,93
enomoto_hina,93
etan14,93
fukkatsu_no_maya,93
furutachirikonbu,93
fuyuno_taka,93
guilty,93
hazime,93
hirabaru_kenji,93
hirano_masanori,93
hiro1984,93
honnomusi323,93
hosomitimiti,93
hou_(ppo),93
huqu,93
inon,93
inumori_sayaka,93
iren_lovel,93
iroha_(akei0710),93
isshoku_(shiki),93
iyutani,93
juexing_(moemoe3345),93
kago_no_tori,93
kamizaki_hibana,93
kanaria_(artist),93
katorinuko,93
kiragera,93
kuki_panda_(wkdwnsgk13),93
kuro-kun_(nablack),93
kurono_nekomaru,93
liuruoyu8888,93
liyart,93
loveycloud,93
maitora,93
makiya_1919,93
maro_nie,93
maruco,93
matsumoto_noriyuki,93
miiyon,93
minamoto_hisanari,93
mirei_(miirei),93
miri_illust,93
misnon_the_great,93
miyanami_3,93
mokyuko,93
monq,93
moriyama_shijimi,93
namacha,93
natsumiya_yuzu,93
nishiumi_yuuta,93
nitoya_00630a,93
noir_(ibaraki),93
normaland,93
orlek,93
ouse_(otussger),93
pija_(pianiishimo),93
pillosopi,93
poko,93
ponita,93
rooseputo_02,93
ryara_vivi,93
s.hasegawa,93
saikawa_yusa,93
sakuma_sanosuke,93
sakuragi_rian,93
salpin,93
sasami_(shiroi_fuwafuwa),93
sd_bigpie,93
serizawa_serizane,93
sgk,93
shacchi,93
shingetsu_takehito,93
sky-freedom,93
sophie_(693432),93
sukuna136,93
syerii,93
takotsu,93
takubon,93
tamagawa_yukimaru,93
tegakifuni,93
terabyte_(rook777),93
tksymkw,93
wang-xi,93
wntame,93
yoshinaga_masahiro,93
zhongye_yu,93
zinnkousai3850,93
11kkr,92
aegis_(nerocc),92
anzu_(01010611),92
aoi_kumiko,92
archlich,92
asa_(swallowtail),92
ayuayu,92
azumaya_toushirou,92
azutarou,92
badcompzero,92
bendedede,92
blue_vert,92
bukiko,92
carol0905,92
chongzhen_085,92
chuuou_higashiguchi,92
dana_(ocana_dana),92
datemegane,92
evilgun,92
fal,92
fictional_sister,92
fujii_eishun,92
fujii_rino,92
fumafu,92
furisuku,92
gmgt_(gggggg3),92
goomyloid,92
himaruya_hidekazu,92
honda_naoki,92
ikaikakka,92
ikeda_hazuki,92
imaizumi_teruhiko,92
itaco,92
jakoujika,92
jeminl,92
jet_yowatari,92
jikasei,92
kanya_pyi,92
karo-chan,92
kawakami_shuuichi,92
kazabana_fuuka,92
kazo,92
kida_yu,92
kitunen,92
koba,92
kon_(kin219),92
kuga_zankurou,92
kuma_piv,92
kyou_o,92
labombardier!,92
lalazyt,92
lili,92
mashiro_kta,92
merry_(diameri),92
mgong520,92
mikazuki_akira,92
mikuroron,92
mille,92
mina_m,92
mirror_(xilu4),92
misakura_nankotsu,92
mitsunari_miyako,92
moekyon,92
mozu_(peth),92
mudo_(saji),92
mugicha_(zoro1132),92
mutsuki_riichi,92
nabe_puyo,92
nabenko,92
nagaoka,92
nagasawa_shin,92
name_(oiuio),92
natsu_hotaru,92
niji_(nijioki),92
noes,92
nori_(norimakigumo),92
nuka,92
nyaasechan,92
ororooops,92
otsumami_(otsu-mugi),92
panqlao,92
pokopi,92
poo,92
popokuri,92
run_p_(aveton),92
rustle,92
saba_miso,92
saipin,92
sakanahen,92
sanbonzakura,92
shigemiya_kyouhei,92
shinkawa_youji,92
sinobali,92
sk-ii,92
spark_(sandro),92
spicy_moo,92
sui_(tsuruhibiki),92
sumi_(gfgf_045),92
takamachiya,92
takatsuki_kahiro,92
tama_(tmfy5),92
tarou2,92
the_cold,92
tobi0728,92
triple-q,92
tsuutenkaaku,92
u-eruto,92
uno_yuuji,92
uonuma_yuu,92
urabe_michiru,92
usaki,92
xiao_qiang_(overseas),92
xiling,92
yagimiwa,92
yokohachi,92
yoshiwo_(kanikama),92
yui_(tamagohan),92
yukaa,92
yuzuyunagi,92
zero,92
@@@,91
agenasu,91
akane_yuki,91
aonogura,91
bitikara,91
borushichi,91
bubuzuke,91
buri_(retty9349),91
chiroron,91
confeito000_333,91
drunkoak,91
dywx_poison,91
flan_(seeyouflan),91
fuku_(fuku12290574),91
fukushima_masayasu,91
fuu_(fuore),91
hageshii_nakano,91
hanji_(hansi),91
hector_enrique_sevilla_lujan,91
hizu,91
hutaba_haru,91
hyakunin_momoko,91
hybridmink,91
ikeda_jun_(aquaqua),91
j_adsen,91
janyhero,91
juke,91
kaitan,91
key747h,91
kikimi,91
kobayashi_hiyoko,91
kurasawa_kyoushou,91
kuroda_(nanchara_flight),91
kuroten,91
manimani_(mani_ma),91
marble-v,91
mikanniro,91
minami_juujisei,91
minarai_tenna,91
minato_(shouno),91
misocha,91
miya_kazutomo,91
miyo_(user_zdsp7735),91
mizuki_maya,91
mooche,91
muneneko,91
nayuta69,91
oisin,91
okawara_kunio,91
omuraisu_echizen,91
orda,91
oroshisenbei,91
paayan_(hagakinorock54),91
paul_kwon,91
pillar_buster,91
primary_stage,91
pyon-kichi,91
qihai_lunpo,91
rarami,91
reon_(saikyou),91
sarachi_yomi,91
sato,91
sb_(akagikeai),91
senryoko,91
shimokirin,91
shimura_takako,91
shingo,91
shirou_(vista),91
shungikuten,91
steve_zheng,91
straw_like,91
t7senzo,91
takara_joney,91
tetto_(onnoveltet),91
tooru,91
unity_(ekvmsp02),91
wowishi,91
yolanda,91
yoshida_inuhito,91
yuasa_makoto,91
ac130,90
akaikitsune,90
akanagi_youto,90
akisaka_yamoka,90
amagaeru_(hylathewet),90
andrea_cofrancesco,90
aubz,90
azumaya_hironaru,90
benitsuki_tsubasa,90
bikuseno,90
bryanth,90
bug_(artist),90
buntan,90
decoponmagi,90
eien_no_sai_tori,90
eyokiki,90
fuku_kitsune_(fuku_fox),90
fuyouchu,90
gio_(maroon0924),90
h.i.t_(59-18-45),90
hajime_(caramel_toone),90
haruba_negi,90
hasuga_sea,90
heru_(goldprin),90
hikari_(komitiookami),90
hinooka_shuuji,90
honyang,90
inoichi,90
inu3,90
itsutsu,90
itto_(mentaiko),90
ivory_(25680nico),90
izuna_nie,90
jiyu2,90
k_katora,90
kagami_toufu,90
kagura_yuuki,90
kamaniki,90
kamishiro_(rsg10679),90
kamogawa_tanuki,90
kanase_(mcbrwn18),90
karanashi_mari,90
karasu-san_(syh3iua83),90
katase_minami,90
kiyuzuki_satoko,90
kky,90
kogaku_kazuya,90
kozomezuki,90
kuriiro_benishi,90
kusada_souta,90
link163353,90
lolita_majin,90
makako,90
marisu,90
marugoshi_teppei,90
mirage_(rairudiseu),90
misuke_(gyouran),90
mitsuki_mitsuno,90
mokoke,90
muzuki_uruu,90
nagiko_(mangalove1111),90
nanao,90
nanatsuhane,90
nesume,90
nikotamu,90
nishi_juuji,90
orange-pengin,90
ori_(momonimo),90
oshage_(user_kpsn5534),90
oskar_vega,90
osterei,90
ozawa_akifumi,90
palow,90
rd_chet,90
regurusu_(nagarevosi),90
rekka,90
rheez,90
riko_(sorube),90
rin_(fuwarin),90
rxjx,90
saemon,90
sakuraba_hikaru_(loveindog),90
sanma_(tabet_),90
save_scene_a,90
seafh,90
settyaro,90
subakeye,90
sugimoto_isao,90
suzuki24,90
sysen,90
teoshiguruma,90
teruya_(6w6y),90
tkhs_(artist),90
toda_kazuki,90
toku_kekakewanko,90
tom_q_(tomtoq),90
tomato_omurice_melon,90
tomusooya,90
u_5ham0,90
unyon,90
usagi_(786113654),90
wolfina,90
yamano_(yamanoh),90
yanagimachi,90
yaosera,90
yayoichi_(yoruyoru108),90
yazakc,90
yukityasoba,90
yunagi_amane,90
yuugen_no_tei,90
yuuri_(fukuroudou),90
221_(tsutsuichi),89
alice4127,89
ashu,89
bifrst,89
cbow,89
chibi_(shimon),89
cona_kinaco,89
crimo,89
dai_(touhou_handdrawn),89
dean,89
dl,89
e-kingdom,89
edayan,89
elena_ivlyushkina,89
emilion,89
extreme_yuri_buta,89
faker_ktd,89
fujimaru_(green_sparrow),89
futaba_(anti_clockwise),89
george_kamitani,89
ginzuki_ringo,89
goroo,89
grimjin,89
hijiri-ssh,89
hirame_sa,89
hyaku_(momongamomomo),89
iria_(yumeirokingyo),89
ishimari,89
itou_ikuko,89
jampen,89
jinnouchi_akira,89
k_ryo,89
kadoi_aya,89
kamisa,89
kan_(rainconan),89
kanzaki_karuna,89
keikenchi,89
keita_naruzawa,89
kina_(446964),89
kopperion,89
kozy,89
kuinji_51go,89
kunieda,89
kurione_(pixiv),89
kuroda_kazuya,89
kurokaze_no_sora,89
maitou,89
maria_(syake-uni),89
marirero_a,89
maru-pen,89
maru_(memoriatechnica),89
mary_cagle,89
mayuzumi,89
mecco,89
metadio,89
mikripkm,89
mikuni_(open-ranka),89
mizutama,89
mmrailgun,89
moke_(gaton),89
na_in-sung,89
nabi_(uz02),89
nakagawa_waka,89
nonaka,89
nuruponnu,89
okaka,89
onigirikun,89
ox_(baallore),89
paburisiyasu,89
perfect_han,89
petite-emi,89
phenne,89
reimu9,89
ruei_(chicking),89
rui_(rei_leyi),89
sa9no,89
sasuke_(sasuke_no_sato),89
sengoku_aky,89
shaa,89
shirogane,89
shizuka_(deatennsi),89
shuucream_(syuichi),89
sk02,89
sorato_(astllatte),89
suihi,89
suzuka_(rekkyo),89
synchroman,89
taicho128,89
tajima_yoshikazu,89
taka_t,89
tan_(inka),89
tansan_daisuki,89
tanyatonya,89
tefutene,89
the_only_shoe,89
tiahszld,89
tiler_(tiler00),89
tirofinire,89
tori_(10ri),89
touboku,89
toudori,89
unabara_misumi,89
urayamashiro_(artist),89
wataichi_meko,89
watari_taichi,89
wisespeak,89
wisgarus,89
xkirara39x,89
yaman,89
yanagida_shita,89
yoshizawa_hikoto,89
yukaxcat,89
yuki_kawachi,89
yukia_(yukia_777),89
yukimiyuki,89
yukina_(black0312),89
yumeichigo_alice,89
yunekoko,89
108_(toowa),88
a-ktoo,88
akiakane,88
akuma,88
alpaca_carlesi,88
ari_(bleum),88
ashiyama_yoshinori,88
asoka,88
atg_(wttoo0202),88
b.ren,88
black_rabbit,88
chicken99,88
dan_mora,88
dende_(dndn222),88
e-bushi,88
et.m,88
eto_(nistavilo2),88
fukase_ayaka,88
ganto,88
geetgeet,88
gonoike_biwa,88
gorgeous_mushroom,88
gori_matsu,88
hanaseto,88
hattori_masaki,88
hayashi_naoharu,88
hikosan,88
hizuki_akira,88
humi_humi,88
huyukaaki,88
ireading,88
iwatnc,88
jorori,88
jtveemo,88
justin_leyva_(steamy_tomato),88
kaminagi_(kaminagi-tei),88
kayune_niu,88
kcme,88
kikiriri,88
kimarin,88
kinom_(sculpturesky),88
kujiran,88
kyuu_umi,88
lacosoregashi,88
lazuri7,88
loalo,88
loika,88
loped,88
luna_(mi-chanman),88
makoto_ono,88
meet_neet,88
miyamoto_ryuuichi,88
moeki_(moeki0329),88
moge-hera,88
mool_yueguang,88
morigami_(morigami_no_yashiro),88
nekomura_otako,88
neru_(neruneruru),88
nora_higuma,88
ns.x,88
okayashi,88
orizen,88
ougi_(ihayasaka),88
parka_(summersketch),88
peron_(niki2ki884),88
pickieeeee,88
rain_(tonight_862),88
rl,88
rokuichi,88
rr_(suisse200),88
saejin_oh,88
sai-go,88
santa_(sunflower),88
satosute,88
satsuki_mei_(sakuramochi),88
semham,88
shain_roki,88
shibano_kaito,88
shintyoi2,88
sin11111,88
sorairo_porin,88
sunatoshi,88
suoni_(deeperocean),88
takahashi_mugi,88
tamago,88
tem10,88
tomo-graphy,88
toneko,88
tsukimori_hiro,88
ttanuu.,88
umi02,88
wakaki_tamiki,88
wasabi_shoujo,88
xiaoguimist,88
yaguo,88
yakan_7,88
yuiyuimoe,88
yutakasan-love,88
zen_(jirakun),88
anbj,87
anmitsu_(magenta),87
aoba_(akibajun),87
arestear0701,87
azuma_syoujuan,87
chocoblood,87
cosaten,87
daimaou_k,87
dk.senie,87
dotentity,87
garan_co,87
gavrof,87
gond,87
halodark,87
hatihamu,87
hazakura_chikori,87
hepari,87
hikichi_sakuya,87
hina_(pico),87
hoshino_lily,87
iori_yakatabako,87
ishihara_saika,87
jako_(toyprn),87
kagehito,87
kakitsubata_zero,87
kanimaru,87
kanon_(rsl),87
kara_age,87
kase_(ks_lys),87
kink,87
kubong,87
kuri_(kurigohan),87
kuroi-tsuki,87
kyaku_tatsu,87
liu_lan,87
lushuao,87
maki_maki_(makimakipoipoi),87
makura_(user_jpmm5733),87
mami,87
materclaws,87
matsuoka_michihiro,87
mawiko,87
mayena,87
mikan_(bananoha),87
minatoasu,87
minawa,87
minuo,87
moai_(more_e_4km),87
mochizuki_jun,87
mogutofuoes,87
momo_no_kanzume,87
momomo_(m0_3),87
mukuroi,87
musashiya_chougenbou,87
na_young_lee,87
nagakura_(seven_walkers),87
namako_(namacotan),87
namo,87
nao_(ritsancrossover),87
nekojarashi_(yuuga),87
okahi,87
om_(nk2007),87
picter,87
qingxin_gua_yu,87
qontamblue,87
r-ex,87
refine,87
rin_(rin_niji),87
robinexile,87
roco_(katsuya1011),87
rocomani,87
rokkotsu,87
ryuusui_arumo,87
sakura_(doors),87
sakusakusakurai,87
sebu_illust,87
shiguri,87
shinomiya_shino_(sinosino141),87
shiori_(xxxsi),87
shou_shishi,87
silverchariotx,87
skyloop19,87
tanziya_(codlxcold),87
tef,87
teltelhousi,87
tomo5656ky,87
tona_bnkz,87
torinomaruyaki,87
touge_(kubiwa_tsuki),87
tukimi,87
ugeppa,87
v8,87
versapro,87
vienri,87
wanko_sora,87
watanabe_yoshihiro,87
yamanoskk,87
yasato,87
yewang19,87
yoshizane_akihiro,87
yotsumi_shiro,87
yuniiho,87
yuu_(isis7796),87
yuu_(sunlight_canvas),87
yuuki_(yuyuki000),87
yuyuzuki_(yume_usagi),87
zefa_(neoaltemice),87
zennosuke,87
acidear,86
aioi_aoi,86
aki_inu,86
al_mican,86
amagaeru_(amapippi052525),86
anemone_noa,86
aoin,86
aotori,86
ayami_chiha,86
bail,86
bakusai,86
chef_no_kimagure_salad,86
chihiro_(khorosho),86
chinyan,86
chobi_(sakuyasakuhana),86
chyoling,86
cojibou,86
da_huang,86
daidai_jamu,86
dokshuri,86
eriimyon,86
esphy,86
fen_renlei,86
fmu,86
g138,86
gabe_(seelunto),86
gobanme_no_mayoi_neko,86
gufu6,86
h2_(h20000000),86
han_sama,86
hasegawa_(rarairairai),86
hatagaya,86
heiwari_kanade,86
hera_(hara0742),86
hide448,86
huujyu,86
ichigo_usuhana,86
inue_shinsuke,86
jin_rikuri,86
kagura_soushi,86
kaleka,86
kamihara_mizuki,86
kashiwa_(3920kashiwa),86
kawai_(purplrpouni),86
kevn,86
kinty,86
kitazawa_(embers),86
kotone_a,86
ksenolog,86
kurakumo_nue,86
kushami_deso,86
maam._(summemixi),86
maggi,86
midoriiro_no_shinzou,86
mingou91,86
minori_(faddy),86
misonikomiii,86
monikano,86
munakata_(hisahige),86
musubi_(livnehe),86
mutsuki_(tsugaidanuki),86
nair,86
newey,86
nodata,86
oda_non,86
oishii_sasa,86
orange_(orangelv20),86
owafu,86
parfaitlate,86
ratryu,86
ruto830,86
ryouki_tamashii,86
saitou_kouki,86
selenoring,86
shao_(newton),86
shibi,86
shichi,86
shirihime,86
shirotsuki_kouta,86
sho_bu_1116,86
sok_(mr14_c),86
sonoda_kenichi,86
sora_(efr),86
soukai_(lemonmaiden),86
soulkiller,86
sumishi_(sumisi_3),86
suzushi,86
suzushiro_seri,86
syope,86
tabby_chan,86
tasuketemama,86
tatsumi3,86
tofuvi,86
toyota_saori,86
tsukino_neru,86
tsukira_(amayadori),86
tsushi,86
usumy,86
verjuice,86
wakura_(gcdan),86
wewe,86
xes_(xes_5377),86
xiaoyin_li,86
yaya_chan,86
yazwo,86
yopan_danshaku,86
yumeno_(rubbercup),86
yuri_shoutu,86
yuzu_shio,86
zanshi,86
zxpfer,86
7aka_ne11,85
a-king,85
ao+beni,85
aosora_neko,85
atat250,85
chiachun0621,85
chichi_band,85
chichibu_(chichichibu),85
chuhaibane,85
coma_(macaron),85
dakkusu,85
denpa_(denpae29),85
donacoo,85
dougan_calpis_con,85
ebi_(eeotoko),85
franz_(217franz),85
fuguno,85
fujino_(unajisaiko),85
goto_nao,85
goya_(xalbino),85
gung,85
guriin,85
hamasan,85
haru_blanc0316,85
harusame_nuko,85
hase_neet,85
hattori_(junoct2000),85
hayashi_(l8poushou),85
hebino_rai,85
henreader,85
himukai_kyousuke,85
hoshimiya_mashiro,85
hrt_(fujita_hiro),85
idemitsu,85
iga_tomoteru,85
iikoao,85
ikuya_koimori,85
inaririn,85
kahiika,85
kaimuari,85
kamenozoki_momomo,85
kamiki_uutarou,85
karei_(hirameme),85
katanakko_daisuki,85
kazami_ruku,85
keroro7,85
kikugawa_roku,85
kk-sk-ray,85
koketsu_(koketsu-ya),85
komachi_naruta,85
koushi_rokushiro,85
kusano_houki,85
lip-mil,85
marueri,85
masako_(sabotage-mode),85
matsukura_nemu,85
meiji_(charisma_serve),85
mejiro,85
metalhanzo,85
micon,85
mike_luckas,85
misa_(kaeruhitode),85
misyune,85
mo_(mocopo),85
mochi_(mochi444420),85
moyashi_seizoujo,85
mugcup,85
myung-jin_lee,85
nametake,85
nashigaya_koyomi,85
neko_(hansinn),85
nekoyanaginekoko,85
nene,85
nino_(shira),85
niwa,85
niwatori_panda,85
nomoc,85
nonono_nagata,85
nuko_(mikupantu),85
oyaji-sou,85
poshi_(ginmokusei),85
raijuu_(bakanara),85
rato,85
rei's_room,85
ry-spirit,85
ryaru_ryaru,85
ryou_(fallxalice),85
sasaki_fumi,85
sen_(77nuvola),85
seuga,85
shadches72,85
shati,85
shingo_(picturepuzzle),85
shirako_sei,85
shiro_negi,85
shishio,85
shoe-ji,85
shuini_xiaomao,85
shunzou,85
sotogawa_max,85
suzuki_puramo,85
takeda_mika,85
takita_(takita3411),85
tanaka_yuuichi,85
telaform,85
tilt-shift,85
tona_(nekotte),85
tsengyun,85
tsuchikure_(3105mitoko),85
u_rei_3,85
uehara_yukihiko,85
uganda,85
ukke,85
urimono,85
uzuta,85
venomrobo,85
virus_(obsession),85
wadani_hitonori,85
wataru_(nextlevel),85
xiaosamiao,85
yamauchi_noriyasu,85
yumekui,85
yuzuyu_(hyui),85
3o_c,84
a-kiraa_(whisper),84
aidumi,84
akikaze_tsumuji,84
alpha,84
arutana,84
awa_yume,84
bacun,84
bib_(bibboss39),84
bigrbear,84
cangchen,84
choko_(sweetpocket),84
choumi_wuti_(xueye_fanmang_zhong),84
cofepig,84
degarashi_(ponkotsu),84
eclosion,84
edamame_(buruburu),84
emne,84
fajyobore323,84
frostcyco,84
ganmaganmo,84
ginji74,84
haijin,84
hamamo,84
hanasakichu,84
handot_(d_yot_),84
haruse_hiroki,84
hayashi_(kanzume),84
hirose_madoka,84
hjm,84
hourai_ninjin,84
huacai,84
ichi_(ichikai),84
igarashi_youhei,84
imagawa_akira,84
inutose,84
itaru_souga,84
iwashi_(ankh),84
jam_(nandade),84
jname,84
jungyun99,84
kagoubutsu,84
kahasina,84
kehukoete,84
keionism,84
koin,84
kotobuki_toro,84
kurokeisin,84
kuroyume_(dark495),84
kuzuyu,84
kyoukyan,84
kyoung_hwan_kim,84
m&m,84
mapi,84
midori_foo,84
mikippa,84
mirin_pengin,84
miyama-san,84
momotarouooi,84
msp_sammy,84
munashichi,84
nagi_(nagito),84
nanao_(mahaya),84
natsunagi_takaki,84
nico_(nico_alice),84
nirako_mona,84
niwashi_(yuyu),84
nodori710,84
norada,84
numae_kaeru,84
oborogumo_takamitsu,84
okome_(kome_kuma),84
ono_misao,84
oogure_ito,84
oreki_genya,84
otsukemono,84
painteen,84
puu_(kari---ume),84
qiongsheng,84
rewolf,84
rikkido,84
riyo,84
sakura_yuzuna,84
sana423,84
satou_memeko,84
sayu030b,84
senju_(snz0),84
seraphwia,84
shibakame,84
shinon_(tokage_shuryou),84
shironekoban,84
shirotaka_(shirotaka),84
shokugyo,84
snowball22,84
somemiya_suzume,84
suzuko_(star8383),84
suzume_inui,84
t8909,84
takasegawa_yui,84
takeashiro,84
terayamaden,84
tilde_(ice_cube),84
tokoya,84
uedrk_yamato,84
unique_(pixiv12704744),84
uzukinoko,84
whoopsatro,84
yamato_tachibana,84
yuksi,84
yunagi_(arukumaruta),84
yuui_hutabakirage,84
yuuki_chima,84
yuuki_nao_(pixiv10696483),84
zan,84
zimajiang,84
zuttokodomo,84
1010_mumumu,83
aam09212,83
akechi_shizuku,83
akitsuchi_shien,83
amakara_surume,83
andou_chikanori,83
arimura_yuu,83
auru_t,83
bnelsey,83
boca,83
chahei,83
chame_(myyo04),83
cougar1404,83
daibajoujisan,83
debutya_aki,83
diepod,83
fujii_jun,83
fushimi_asuha,83
fuugetsu_makoto,83
gabrieltenma77,83
garamgum,83
gasuto_(kamikami),83
go-it,83
hamu_(plot_sy),83
hata4564,83
hiro_yoshinaka,83
hiroaki_(kof),83
hiryuu_(kugelcruor),83
hmx99_elf,83
honoboooono,83
ichi-jirushi,83
inayama,83
irusu,83
itotin,83
jenmin12,83
jiman,83
kaatsu_katsurou,83
kaerunoko,83
kakitsubata_waka,83
kamonari_ahiru,83
kamui_(kamuikaoru),83
kan_lee,83
kaori,83
karu,83
karu_(qqqtyann),83
kawamura_toshie,83
kemi_neko,83
koi_drake,83
kojima_ayami,83
kou_(artist),83
kuko,83
kuriyama,83
kuroij,83
leochan1202,83
lyodi,83
m75255831,83
maneki-neko_(fujifuji),83
mansu,83
marin,83
marumi,83
mito_tsubaki,83
moja_(gibson),83
nagi_itsuki,83
nai_gai_hongcha,83
namaata,83
natsume_hinako,83
nekokotei,83
nekoneko,83
nguyen_uy_vu,83
nik_ibi,83
nuda,83
nuenue,83
onsoku_inu,83
otani_(kota12ro08),83
pinzu,83
purea,83
pururun_z,83
rascal_(feuille),83
razy_(skuroko),83
ringonotane,83
ro-a,83
rokki_hero,83
rondo_umigame,83
sabamu,83
saebashi,83
satellitedragon,83
sellel,83
shinkai_makoto,83
skj,83
soji_777,83
sumire_1046,83
sunako_(veera),83
surume_aburi,83
suu,83
syrup_san,83
takahashi_umori,83
tako,83
tjk,83
tsliuyixin,83
ug_(nekonekodou),83
urako,83
uxco0,83
uyu_(keyakinoki),83
xxxx_saki,83
yucblossom,83
yui_tooru,83
yuukiarisu,83
yykuaixian,83
0417nao,82
23_(candy_chapus),82
aaoshigatoutoi,82
akagi_asahito,82
araki_kanao,82
asakura_masatoki,82
asato_(fadeless),82
ayame_iro_(toumei_dolce),82
bioroid_hei,82
bouno_satoshi,82
bowalia,82
branch_(artist),82
btoor,82
cac_itinose,82
chibinon,82
clay_(clayjun),82
dansa,82
demi_co,82
denchuubou,82
don3,82
drawloverlala,82
ekuesu,82
esther,82
free_style_(yohan1754),82
g_scream,82
gayprince,82
hagiya_masakage,82
harihisa,82
haruka_(kokuteizyo),82
hiragi_rin,82
hitotsuki_nanoka,82
hoplitx,82
inui_sekihiko,82
ishida_atsuko,82
issign,82
iwasaki_masakazu,82
jilpoong17,82
john_hathway,82
junjam,82
junjonta,82
kageng,82
kaibootsu,82
kamitsuki_shion,82
kanzen_bouon,82
koi_han,82
kokemushi_(kuru_fox),82
komase_(jkp423),82
kueru,82
kujira_gunsou,82
kumeta_kouji,82
kurun_(kurun777),82
kutsuwada_on,82
lim_jaejin,82
lrk,82
ma2,82
maru_rx,82
mayo_(mayomr29),82
meru,82
minamike1991,82
mino_(udonge),82
miyako_(naotsugu),82
mizushirazu,82
morisoban,82
motoi_ayumu,82
mu_acrt,82
nagi_(exsit00),82
nagitoki,82
nagomurasan,82
nakamura_tetsuya,82
naotan,82
nawo_(peace),82
nayu,82
niimura_(csnel),82
niking,82
nomiya_(no_38),82
nurearare,82
nyztsune,82
oga_raito,82
okawa_friend,82
onaji_(sokudo_seigen),82
osumoto1,82
pepper_fever,82
pilokey,82
ponkotsu,82
poruhi,82
puton,82
rias-shiki_kawaii,82
ryokucha_manma,82
samansa_ex,82
sano_sanoko,82
sasahara_yuuki,82
saya_(sayamendo),82
shiina_aya,82
shikkoku_neko,82
shirako_love,82
shiromi_(ringo),82
shirosame,82
shirow_masamune,82
shishou,82
shisui,82
signo_aaa,82
sora_yoshitake_yuda,82
suta0822,82
suzuki_jirou,82
teikoku_shounen,82
tel-o,82
tetsua_rei,82
tom_(artist),82
tonarikeru,82
totsuki_tooka,82
umakuchi_shouyu,82
ura_(ura-tennislove),82
uru_uzuki,82
utomo,82
wachi_(hati1186),82
wally99,82
wet.elephant,82
xxxceller,82
yai_(hachihito),82
yasaka_syu,82
yogukasu,82
yubari,82
yukinokoe,82
yushima,82
yuya_(minus-k),82
zaki_(zaki_btw),82
15_(tooka),81
3ok,81
8000,81
afnroll,81
ahodemoaru,81
aimi_(aimia492),81
aki99,81
alphes,81
aoha_(twintail),81
arai_seiryuu,81
asakawa_remon,81
asasow,81
azu_torako,81
b_(kana0816),81
bitter_crown,81
caburi,81
catzz,81
chiruku,81
chisa,81
clona,81
dadadanoda,81
dekopin08,81
dr_poapo,81
em_s,81
esu_(transc),81
gochou_(kedama),81
gouguru,81
grandia_lee,81
greave_(artist),81
hachachi,81
haiiro_gundan,81
haje,81
harris_hero,81
harrymiao,81
hasisisissy,81
hato_rami,81
hayosena,81
hiiragisouren,81
hinamatsuri_touko,81
hinata_(ryohinata),81
hironox,81
houten_(dre_a_mer),81
hyohls2_(hamao3o),81
i_(kaiyou),81
ikue_fuuji,81
isobee,81
jabara_tornado,81
jing84672940,81
jino,81
jitsu_hidari,81
joker_(tomakin524),81
kaatoso,81
kareya,81
kawasaki_kazuhiko,81
kibayashi_kimori,81
kisa_(kisa-kisa5900),81
kisugi_akira,81
kiya_hajime,81
komine,81
kopianget,81
kozou_(rifa),81
kuro_(be_ok),81
kurumitsu,81
lch,81
leeannpippisum,81
meru_(mer_milky77),81
mikebosi,81
mimengfeixue,81
miyai_haruki,81
mokunami,81
monbetsu_kuniharu,81
morinaga_kobato,81
moruga,81
mosuke,81
myuto_(advent_retribution),81
nakashino_setsu,81
nanao_futaba,81
natsuki_marina,81
noeomi,81
nononon,81
ogry_ching,81
okina_sai,81
okuri_banto,81
onose1213,81
pierorabu,81
pikat,81
planeptune,81
plastic_eraser,81
plus2sf,81
po-ju,81
ponnetsu,81
qy73,81
ren_kon,81
rib:y(uhki),81
robo8,81
rokunen,81
ronindude,81
rosel-d,81
sakaki_maki,81
sakuraba_hinano,81
sanamisa,81
sangsoo_jeong,81
satsuya,81
seita,81
shei99,81
shinori,81
siva_(executor),81
soc_nau,81
souin_kuhou,81
tanabe_kyou,81
tanakaoften,81
tearfish,81
thrux,81
toinana,81
toon_(noin),81
trianon,81
tsukino_wagamo,81
twarda8,81
ubizo,81
ue,81
ueno_tsuki,81
ugaaaa1,81
ukan_muri,81
vox,81
weshika,81
xayux,81
xialu_zajin,81
yaku_(ziroken),81
yamada_akihiro,81
yang_fan,81
yuanagae,81
yuni_(irohasuiroiro),81
yuuichi_(bobobo),81
yuuki_(yukigeshou_hyouka),81
zakirsiz,81
zatou_(kirsakizato),81
zubatto,81
aer7o,80
akabino,80
alphy,80
ammonio,80
arutarika_(ri_kaoekaki),80
ayuanlv,80
azuhira,80
bebeneko,80
bellavoirr,80
binayu,80
blue_door,80
cariboy,80
ceda_(dace),80
chikuwa_savy,80
cosmicmind,80
eita_789,80
epitaph_(1122),80
ez6,80
fina_(sa47rin5),80
fujieda_uzuki,80
fukurou,80
go-m,80
goose_h,80
gredell_elle,80
gujira,80
haimerejzero,80
hatsumi_nekuta,80
henoopd,80
hisasi,80
holysnow,80
hoshikuzu,80
hoshimiya_nazuna,80
ika,80
inbagzlzl,80
ine_(zx_o4),80
inugami_mokekiyo,80
irohakaede,80
ishimori_sakana,80
ivan_(ffxazq),80
iwahana,80
iwanori,80
jd_(bibirijd),80
jovejun,80
kanameya,80
kanose,80
kawahito_yasutake,80
kazuka,80
kisaragi_koushi,80
kobayashi_yoshitaka,80
kochi_michikaze,80
kohakugin,80
konoshige_(ryuun),80
kotsu,80
koyuri_shouyu,80
kumo_(pixiv),80
kuroha_uma,80
kurokimoko,80
lo_(rogu_ryouiki),80
magui3,80
mana_(10221125),80
maruno,80
masin0201,80
masupa_kiriu,80
matra_milan,80
matsuno_canel,80
meiji_(meizi493),80
mi_(27782900),80
mikami_saka,80
minazoi_kuina,80
miu_(angelo_whitechoc),80
mmu,80
mori_toshimichi,80
moriki_takeshi,80
moutama,80
mu_(artist),80
myonde,80
myoya,80
nanairo_fuuka,80
naonao77,80
nekoshoko,80
nexas,80
niiyan,80
noako,80
noeru_(putty),80
nota_sayaka,80
notsugimi,80
nyaou,80
occhan_(artist),80
orry,80
pasikon,80
pkk,80
ranka_(tonbo),80
sabamori,80
shanghmely,80
shenqi_de_(9),80
shiina_takashi,80
shiitake_urimo,80
shromann,80
shuu_(mniarnoakou),80
shuukenyuu,80
siqi_(miharuu),80
snowcanvas,80
snowmi,80
stardrop,80
sugisaki_yukiru,80
suzuka_g,80
temari_(deae),80
tennouji_masamichi,80
tmt,80
tojo_(strit2p),80
tooku_nomura_(artist),80
tsubasa19900920,80
tsukiori_sasa,80
ub1mo,80
uemura_shun,80
uzutanco,80
vegas_(akg),80
vetania,80
waero,80
wedo,80
xlii_idk,80
y.i._(lave2217),80
yagami_hiroki,80
yassy,80
yaye,80
yonemura_kouichirou,80
yukinami_(paru26i),80
yutsuka,80
yuuki._(limit),80
zhuowang233,80
6maker,79
adachi_yousuke,79
akimoto_dai,79
aleo,79
amano_yoshitaka,79
amlichan,79
anco_(melon85),79
ankai_(rappelzankai),79
aosa_(momikin),79
apple_brk,79
arlmuffin,79
ashino_moto,79
chikuwabu,79
coto_notte,79
crashtv,79
d_myo,79
dabuki,79
dashi_(minzoku_gb),79
denny626,79
domirine,79
dr._cryptoso,79
ebi_pri_shrimp,79
eriyama_(user_csua4255),79
fcc,79
fhalei,79
fou_zi,79
fuyube_gin_(huyube),79
gamiani_zero,79
gendo0033,79
getiao,79
gigokku,79
gisyo,79
hacco_mayu,79
hakou_(barasensou),79
haruko_(chikadoh),79
harunoibuki,79
hihachi,79
himiya_ramune,79
hinabu,79
hiromaster_sinta_jh,79
hotate-chan,79
ian_olympia,79
ico_(pekoguest),79
icym,79
igunuk,79
inoue_kousei,79
ishida_baru,79
iwashi_80,79
izumi_yukiru,79
jikan_hakushaku,79
jont,79
jousanrou,79
jun_(noiji_guren_0220),79
k3rd,79
kagio_(muinyakurumi),79
kakizato,79
karanak,79
kasuga_ayumu_(artist),79
katsura_masakazu,79
katzeh,79
kei-co,79
kinatsu_souju,79
kiriman_(souldeep),79
kiruto_(artar_12),79
kisaragiyuu,79
kokonoe_miya,79
kotonoha_zaja,79
kouji_oota,79
krin,79
kujo_awenn,79
kunimura_hakushi,79
kuroshio_maki,79
kyouna,79
m.tokotsu,79
maimai251,79
maitake_(kinokonabe_hinanjo),79
manaka_toyomu,79
mato_tsuyoi,79
mayonaka_taruho,79
merpperoni,79
minasenagi,79
mitarashi_(5333069),79
mittwoch,79
miyai_sen,79
mizuumi_(bb),79
moai_(moai_world),79
morugen,79
murata_taichi,79
nabe-box,79
nakahara_(mu_tation),79
nekoremon,79
nikku_(ra),79
nikusenpai,79
niukou_kouzi,79
niθ,79
noco,79
noda_shuha,79
nogi_(acclima),79
oimo_(14sainobba),79
olga_narhova,79
openvl,79
otabe_sakura,79
otoutogimi,79
pokka,79
putimaxi,79
qqqne,79
red_hayao,79
rei_kun,79
reon_(pixiv),79
riccae,79
rikku04,79
ringpearl,79
rumo,79
rururu_(pyrk8855),79
s.h.v,79
sabu,79
sakaki_youma,79
sasahiro,79
saucer_(saucer752),79
sawati,79
shaojiang,79
shaun_(fallenicons),79
shiba_yuuki,79
shibakou,79
shilin,79
shino_megumi,79
shinozuki_takumi,79
shitou,79
shiyun,79
shizu_(9394marimo),79
shouin,79
shun_soku,79
soppos,79
st_parasu,79
sunameri_(pixiv3564245),79
sunaya_yanokura,79
suncle,79
syurimp,79
takeda_kanryuusai,79
tatsuno_newo,79
terebi_(shimizu1996),79
test_score,79
testame,79
tete_a,79
tkoknmy0321,79
tobitori,79
tofumang,79
touma_kisa,79
uotapo,79
usa37107692,79
usuki_(usukine1go),79
watanabe_yasuaki,79
waterring,79
white_s,79
windart,79
wooni,79
wushier,79
yamada_(onigori105),79
yamaguchi_satoshi,79
yanagi_joe,79
yomo_(ym),79
yonggi,79
yoon_(yoon_lovelive),79
yukino_tsubu,79
yutaka7,79
yuzumiya_mono,79
zaki_(narashigeo),79
zubora_na_kintoki,79
3m_0l,78
akutaa,78
amamiya_minato,78
amogan,78
asukaziye,78
azu,78
benauxi,78
bon_(bonbon315),78
broiler,78
bunchou_(bunchou3103),78
caibao,78
child_(isoliya),78
choco_chip,78
daluto_(hitomi555),78
deathalice,78
domoge,78
easonx,78
edwin_huang,78
einheadt,78
five-seven,78
fukuda935,78
gachon_jirou,78
garoudo_(kadouhan'i),78
gedou_(shigure_seishin),78
goku_(acoloredpencil),78
gurepyon,78
haiiro,78
haiteku,78
hantoumei_namako,78
hare_(tetterutei),78
haruruhaharur,78
hashigo,78
hashiko_(neleven),78
hayashi_sakura,78
hiramedousa,78
hiro_(05112423),78
hoppetoonaka3,78
hoshi_(xingspresent),78
hoshiyui_tsukino,78
ika_(4801055),78
imasaki_kei,78
inabi,78
jewriel,78
jikei,78
kapiten70,78
kekekeke,78
kibou,78
kida_kuro_mu,78
kimura_tatsuki,78
kiriuzasu,78
konno_takashi,78
kotetsu_(popeethe),78
kouji_(astral_reverie),78
kudrove,78
kurukuru,78
kurumiya_hato,78
kusaremix,78
kuzugitsune_(inarikami),78
lafolie,78
li_(liras),78
liking,78
lilith_(lilithchan),78
limeblock,78
llc,78
luyue,78
m874,78
magaki_ryouta,78
magiace,78
maku-raku,78
mashiro_io,78
meimi_k,78
meitarou,78
midori_xu,78
mina_cream,78
miraisen,78
mitchell_(dynxcb25),78
miyaulait,78
moca_blanc,78
moonsorrow,78
mugitarou,78
mukunokino_isshiki,78
mumyuu,78
naarann,78
nako,78
nanakusa,78
naro0427,78
natsuiro_xx,78
natuich,78
newrein,78
ninnzinn,78
noraico,78
npn,78
ntk_(7t5),78
nuime,78
numpopo,78
oden_(odenzzi),78
ogakuru,78
oka_(a.m.),78
oka_(umanihiki),78
painpa,78
ponpoko,78
ramb_chop,78
red_flowers,78
roku_(tsua-kihuyu),78
romiy,78
roroichi,78
ryouku,78
sa'yuki,78
sahara386,78
saibi,78
saperon,78
sasaki_tatsuya,78
sasumata_jirou,78
satou_shouji,78
sblack,78
sei63,78
semikichi,78
sha_(nz2),78
shefu,78
shibainu,78
shiika_sadamasa,78
shima-shuu,78
shino_(mijinko),78
silverstar017,78
simone_mandl,78
sk,78
sonomi,78
stroma,78
suna_kiririto,78
sunshine_(1638509769),78
suzu_(minagi),78
tabun_ningen,78
takeda_yukimura,78
takeya_masami,78
tamitami,78
taniya_raku,78
tiasis,78
tiny_(tini3030),78
tob,78
torieto,78
tsuki_tokage,78
tsukimura_(d24f4z8j3t),78
urotan,78
xiu_kukkii,78
yasiro,78
yavalley,78
yukiman,78
yururi-ra,78
yuu_(arcadia),78
yuuki_kazuhito,78
zhaoyebai,78
akira_(ying),77
akiyoshi_haru,77
ameshizuku_natsuki,77
and_dokari,77
arhentol,77
arufa_(hourai-sugar),77
asimatosinosin,77
bashosho,77
bebe_0620,77
bittersweet_(dalcoms),77
carota327,77
carrot_summer,77
cats_brain,77
cezaria,77
chelly_(chellyko),77
chieezuik,77
chungu,77
clich51368861,77
doora_(dora0913),77
drsunshine,77
eshi,77
ezaki_papiko,77
fig_(lchijiku),77
finik,77
garun_wattanawessako,77
gossan,77
guard_bento_atsushi,77
gzo1206,77
hachita_(odangoya),77
hana-kagume,77
hase_nanase,77
hirasaka_(okome13),77
inga,77
inoue_yoshihisa,77
itsutsuki,77
kabocya_na,77
kamura_gimi,77
kanaoto_neiro,77
kaoru348,77
karamiti,77
karinto_yamada,77
keida_riiko,77
kerasu,77
kika,77
kikai_(akita_morgue),77
kikuichimonji,77
kimidori_(kimidoriri),77
kimitoshiin,77
kinou_no_shika,77
kio_rojine,77
kito_(kito2),77
kohinata_sora,77
konayama_kata,77
koshimizu_takayuki,77
kunishige_keiichi,77
kuon_(kwonchanji),77
kuroi_paseri,77
kuroneko_liger,77
kuroshiroduet,77
kyuchan,77
kzcjimmy,77
lanlanlap,77
leuco,77
liyou-ryon,77
logan_cure,77
maguro_(ma-glo),77
miaki_(mi_autumn39),77
minazuki_haruka,77
momiji_(103),77
mono_(bluesky),77
morerin,77
nanashiwan,77
nanostar,77
natsuzakura_yuuki,77
negi_(ulogbe),77
nekojiri,77
netarou,77
nikek96,77
niyang53,77
okamura_(okamura086),77
oku_no_shi,77
onao,77
onaya_masakazu,77
otsu_natsu,77
pillow_(nutsfool),77
pulp_piroshi,77
qingmingtongzi,77
r_(corolla),77
ramuya_(lamb),77
re_lucy,77
remana,77
repunit,77
rikoma,77
rimu_(kingyo_origin),77
rk_(rktorinegi),77
rob_ishi,77
sakai_yume,77
sakebuotoko,77
sakura_mochiko,77
same,77
sanshoku_amido,77
satou_aoi,77
sattsu,77
sekka_koyori,77
senhaku,77
shano-pirika,77
shiba_yuusuke,77
shion_(kizuro),77
silltare,77
sin-go,77
sky_of_morika,77
sonikey0_0,77
soujun7023,77
sudo_shinren,77
syslila,77
tachimi_(basue),77
takashima_hiromi,77
takeda_hinata,77
tetsuji,77
toasty_scones,77
tonari_(ichinichime_azuma),77
toropp,77
toudou_charo,77
touma_(tomatooo018),77
uru_(uru0000),77
wadatsumi_garland,77
waste_(arkaura),77
wendell,77
yabu_q,77
yapo,77
yeonwa,77
yi_er_san,77
yuki7128,77
yukichi_(tsuknak1),77
yuno_tsuitta,77
zjsstc,77
47_(479992103),76
aaniko,76
agemono,76
akane_hazuki,76
ancotaku,76
ao_ebi,76
arao,76
azu_(azusayumix),76
bisuke_(k_step2009),76
burari,76
butcherboy,76
cangkong,76
captain_freedom,76
carillus,76
chikariya,76
chikugen_shiina,76
coll_(erichankun),76
cyprus,76
dangan_neko,76
dizmathik,76
doku-chan_(dokkudokudoku),76
eat,76
egk513,76
emo_(mikan),76
erise,76
eru,76
eventh7,76
franciscoetchart,76
fumi_(butakotai),76
fumiko_(throughx2),76
gaius_(nikoniko2),76
gendo0032,76
gomibako_(gomibako_price),76
gonzaburou,76
hanatsuka,76
hario_4,76
hatori_piyoko,76
hayashi_custom,76
heichi,76
himajin_(starmine),76
himajin_tohakagiranai,76
hino_minato_(spec.c),76
hiroki_(hirokiart),76
hiyohiyo,76
hzk,76
inui_(pixiv),76
ishibashi_yosuke,76
jeffrey_cruz,76
jp06,76
juri_(nattoutomato),76
k2,76
kamdia,76
kamo_3,76
kaon_zz,76
karadborg,76
kasuga_ayumu_(haruhipo),76
kasumi_komo,76
kate_iwana,76
kgr,76
kikuchi_michitaka,76
kometsubu,76
komugikomix,76
korzynka_persykiv,76
koto2,76
kouzilow,76
kumakichi_(toshigat),76
kuro_futoshi,76
kuronomine,76
kyata_ti666,76
maachi_(fsam4547),76
maiqo,76
majima,76
matsuri6373,76
may_(2747513627),76
mayoln,76
mechari,76
midori_niku,76
midou_(grk12138),76
mikami_mika,76
minagi,76
minami_aomori,76
minase_shuu,76
misaki_(misaki86),76
mochoeru,76
momomiya_mion,76
murio,76
nabeyu,76
nakano_sora,76
natsuka_(unagi-unagi-unagi),76
nicohi,76
nukosann,76
nuku,76
okita,76
okuri_ookami,76
onion_(onion_and_pi-natto),76
orita_enpitsu,76
oruton,76
p_answer,76
panza,76
peargor,76
piisu,76
pirika,76
pon_(cielo),76
puge,76
qbthgry,76
qiao_xing,76
quezify,76
rahwia,76
ryuuri_susuki,76
saboten92,76
saeuchobab,76
sage_(mami1210),76
sakurai_haruto,76
samako,76
sasayuki,76
sayo_tanku,76
sero3eta,76
setu_(shining12),76
sgm618,76
shiime,76
shijima_(tanfn),76
shimano_natsume,76
shimashiro_itsuki,76
shiro_(octet),76
shiroma,76
shule_de_yu,76
shuutou_haruka,76
silvercandy_gum,76
siroooo,76
so_zei_tama_tama,76
songmil,76
squadra,76
srnhuyuno,76
sseopik,76
sumeragi_kou,76
takakura_aki,76
takatsu_keita,76
takunomi,76
tanaka_masayoshi,76
tazaki_hayato,76
teyuruun,76
tokoharu,76
tomifumi,76
torajirou,76
tougetsu_hajime,76
ume_(326310),76
unpale,76
uraha,76
urahara,76
ushi_(akabec0),76
utsuke,76
vima,76
waku_(ayamix),76
wumumu,76
ximsol182,76
yano_takumi,76
yasubaru,76
yoshi_(moco1),76
youshuu,76
yukarite,76
yukihiro,76
zoo_min,76
23,75
aetherion,75
aimf,75
amanone_yun,75
amg_(nwmnmllf),75
anchun_(quail0503),75
anzu_ame,75
aoi_rin_(miya1102),75
aoi_tori,75
aoki_shin,75
asgr,75
astroguy2,75
axia-chan,75
azu-taro,75
baba_(pixiv3422465),75
babycat,75
beiyi,75
bloodycat,75
bou_shaku,75
byruu,75
c-7_(assate),75
cawang,75
chika_(orange_pop),75
chinjuu_hibakichi,75
cicin,75
cosmo_(465lilia),75
curss,75
dahl-lange,75
dano,75
dobunezumi,75
dondyuruma,75
du_mogu,75
eruru_(pixiv356391),75
futase_hijiri,75
gattyo,75
gogoco,75
gomi_ichigo,75
hachimitsu_honey,75
hakuginnosora,75
hakusyokuto,75
hatoba_(hatoba_yado),75
hazuki_gean,75
hika_(cross-angel),75
hisahisahisahisa,75
hyugo,75
ichimi_renge,75
inemuri_uno,75
isumi,75
jacknife,75
janemere,75
jiuri_jiuhao,75
k_jin,75
kaatsukun,75
kaguura_(kagu),75
kaiho,75
kamekichi_(kamekiti),75
kawakami_tetsuya,75
kawanami_eito,75
kaya_(nari1-24),75
keitatsujia,75
kiku_(kicdoc),75
kinako,75
kinako_(462),75
kiunchiku,75
kiyo_(yamazoe1122),75
kiyohara_hiro,75
kochiya_(gothope),75
kokutou_nikke,75
komo_(sleepy),75
kumasawa_(dkdkr),75
kurumiya_(krmy_p),75
kusaka,75
kusakami_akira,75
lastdark,75
liar_lawyer,75
macchiromomomo,75
manoko,75
maroonabyss,75
masato_(mirai_koubou),75
matsudo_aya,75
maullarmaullar,75
mebe_(teadia_violet),75
meltyrice,75
menotama,75
mimme_(haenakk7),75
miyasaka_nako,75
mizusawa_mimori,75
momo_tomato,75
mori_kouichirou,75
morinaga_korune,75
mumumu,75
murayama_ryota,75
nagabe,75
namo_(goodbyetears),75
nanao_(aoyamahikari),75
nanatuki13,75
naoko_(juvenile),75
naoton,75
nekoyanagi_matasaburou,75
nightmare_cat,75
nikuku_(kazedesune),75
nise_nanatsura,75
noise_(tsuzuki),75
noripachi,75
nozomu144,75
py0wwk,75
raichiyo,75
rendezvous,75
restaint,75
reum,75
sai_(bankoru),75
sakai_yoshikuni,75
sakino_saku,75
satsuki_inari,75
shima_(landsuzume),75
shinsono_shiroko,75
shirako_(kirupi),75
signalviolet,75
suisai.,75
takepon,75
tame_meshi,75
tantu_(tc1995),75
toshizou_(0714),75
totokichi,75
udk,75
umi_suzume,75
watanabe_wataru,75
xkaishaku,75
yamamoto_shima,75
yanmarson,75
yes_warabi,75
yuki_(asayuki101),75
yuki_haru,75
yume_ou,75
yuzuna_hiyo,75
achyue,74
adochansukisuki,74
ai_kusunoki,74
aimai-me,74
akabane_yu,74
akamaru_saasha,74
aoi_yuki,74
arpeggio_kaga,74
asahina_hikage,74
ayano_(katou),74
azuki_(krps-hano),74
banchii,74
bba1985,74
betti_(xx_betti),74
chigo,74
chihaya_72,74
chiruru96,74
chobipero,74
chuuta_(+14),74
ckst,74
cuna_(qunya),74
cuso4_suiwabutu,74
daruia_(sabitare),74
east01_06,74
emilio_(tetsukazu_no_ao),74
fafas68,74
fanshu,74
fei_(maidoll),74
fujino_miyabi,74
fummy,74
garnet_(pixiv),74
haiiro_(immature),74
hakoniwa_tsuka,74
hakuya_(white_night),74
hekikuu_(kanaderuyume),74
hibi_tsuna,74
higashiyama_hayato,74
hina-21,74
hizuki_mai,74
hontani_kanae,74
ichitaka_(1015ichitaka),74
iwanaga_tm,74
johnnysendai,74
joyfull_(terrace),74
jun_wei,74
kachuten,74
kaejunni,74
kajikawa_yahiro,74
ken_(haresaku),74
kengo,74
kikurage_(plastic_people),74
kim_bae-eo,74
kinokosuke,74
kirimoti34,74
kiriyama,74
kodamasawa_izumi,74
koio,74
komugiko,74
kotatiyu,74
kouhiipan,74
koya,74
kubooka_toshiyuki,74
kurage_modoki,74
kuroko_(piii),74
kushidama_minaka,74
kylin,74
la-do,74
lentymet,74
lieqi_hun,74
lunia,74
magician_(china),74
makura,74
masakazu_(coccinellee),74
matsuki_ringo,74
meg,74
meirong,74
melchencanto,74
menbou_(nonnontako),74
midori_miyako,74
mirano,74
miyuli,74
moegi_nenene,74
mofu_mofu,74
motsuni_(artist),74
mou_tama_maru,74
naguri,74
najo,74
nennen,74
nerutora,74
nez-kun,74
nijimotohiro_k,74
niwa_haruki,74
nujima,74
oas,74
ohji130,74
oju_(ouka),74
onceskylark,74
onigiri_noka,74
oyu_no_kaori,74
patricia_(stylish_marunage),74
pentagon,74
phantania,74
poko_(mammypoko),74
pureji_oshou,74
qianqian,74
ragecndy,74
reroi,74
rinaka_moruchi,74
ringo_yuyu,74
roah,74
sabakuomoto,74
sasanon_(sasapoliton),74
shiba257,74
shiero.,74
shinonome_neko-tarou,74
shio,74
shokushu_ura,74
shougayaki_(kabayaki_3),74
shouhui_lang_qun,74
shrimpman,74
soburi,74
suitenjh,74
sun-3,74
sunaipu,74
szk,74
takagi_hideaki,74
takahashi_ren,74
takahashi_rumiko,74
takenaka_(takenaka1111),74
takigraphic,74
temari114,74
teti,74
tetsu_(countryside),74
tite_kubo,74
tomo_(machinemess),74
toro_(pixiv),74
to~fuya,74
tr-6,74
tripledip,74
tsumetsume_zerii,74
tuuuh,74
ucchiey,74
umino_chika,74
urec,74
usoco,74
watawata22,74
yana,74
yoru_kiri,74
yukichiro,74
yunkel_(zeijaku_mental),74
yuya_(artist),74
zeroyon_(yukkuri_remirya),74
zippo_teifujou,74
0_onibi,73
2_(artist),73
329kome,73
74_(teduka),73
allenkung1,73
aononchi,73
aoziru,73
armcho,73
ashashio,73
asle,73
aventador,73
azkn,73
bionekojita,73
black_joa,73
check_(check_book),73
chihiro_(chihiro3399),73
dashingicecream,73
diddms1999,73
difman,73
dmyo,73
doseki_udon,73
gakuon_(gakuto),73
gashin,73
giganticbuddha,73
ginka_sima,73
grimay,73
haiba_09,73
hal_(artist),73
hamedoragon,73
hanasaki_komugi,73
hattori_masahiko,73
hieumay,73
hijiki_(hijikini),73
hinasaki,73
hiuna_hayami,73
humanlynn,73
ichigai_(hayawossan),73
ichiryuu_tsumiki,73
imo_(evekelu-111),73
inasaki_shirau,73
inseki_tarou,73
jiffic,73
jobo_(isi88),73
kaina_(tsubasakuronikuru),73
kamiya_zuzu,73
katoki_hajime,73
katou_teppei,73
kaze_makase,73
kazkazkaz,73
kiki_(koikuchikinako),73
kiki_fushigi,73
kirariroru_star,73
kistina,73
kona_sleipnir,73
konka,73
kosumo,73
kso,73
kuma_(artist),73
kuroba_u,73
kuzumochi,73
kyabechi,73
lightsource,73
liong,73
liusang,73
maeda_koutarou,73
maeka_(kumaekake),73
makoushi,73
mapi_(mup1228),73
maredoro,73
maruishi,73
meimone,73
mele_ck,73
miazuma_sarin,73
minafuni,73
minato_ojitan,73
minncn,73
miryoryo9,73
mithurugi-sugar,73
mizuyoukan_(mikususannda),73
mmmakaron888,73
mokkei,73
mr_cloud,73
mt_(ringofive),73
mugon,73
nanakawa_(nanasoon),73
naz,73
nishijou_myu,73
nnyu,73
nora_(salatto),73
notori_d,73
ogami,73
ohiya,73
oimo_(oimkimn),73
omiso_(omiso),73
platin_(alios),73
pn_(wnsl216),73
pokey,73
poroi_(poro586),73
rankasei,73
ren_(endscape20),73
renren,73
rhapsode,73
rinki_oohen,73
rowdon,73
rukotaro,73
ryono,73
ryuuta_(cure_ryuuta),73
s_zenith_lee,73
saamon_(salmonkomaku),73
saizu_nitou_gunsou,73
sakuhiko,73
sakura_yayoi,73
shi-chen,73
shiina_excel,73
shiki_(psychedelic_g2),73
shiromamekei,73
shoori_(migiha),73
shovelwall,73
silentdin,73
sisterakuma,73
sobi_(dnenqkswja),73
steelleets,73
sun_trial,73
sxbzero,73
syego,73
tamaso,73
tenkey2022,73
teruru,73
tirtyturtle,73
to_ze,73
tongpoo,73
too_mizuguchi,73
tori_rui,73
tsuchiya_akira,73
ueno_(sakumogu-029),73
umirororo,73
wafalo,73
wakaba_(wata_ridley),73
wamwam,73
watosu,73
wi-z_garage,73
wolfychu_(artist),73
xyxy0707,73
yamako_(artist),73
yamaneko_(tkdrumsco),73
yamiko,73
ylceon,73
yoshizumi_kazuyuki,73
yuji,73
yuuma_(artist),73
yyo,73
zasshu_tamashii,73
zhanzheng_zi,73
+1_(yakusoku0722),72
.com,72
33_(mkiiiiii),72
87banana,72
airagency1005,72
aojiru_(shiro_to_kuro_no_mukyou),72
aoshiki,72
ari_don,72
arkray,72
aro_(charged_time_out),72
aroha_j,72
asagizuisen,72
asahi_(uwa),72
asuka_(louyun),72
atair,72
atelier_gons,72
azuma_mayumi,72
blackball,72
burbur,72
cafekun,72
chingisu,72
chirosuke,72
deretta,72
din_(artist),72
doroshii,72
dreamlight2000,72
ebinera,72
ein_(artist),72
elin,72
g9_(jiiku),72
gawain_(artist),72
gin,72
gou_(double_trigger),72
hakka0320,72
haonfest,72
hasebe_akira,72
hechima_(issindotai),72
hijiwryyyyy,72
himemurasaki,72
hinanosuke,72
hitsuji_(pixiv),72
hosoi_kouzou,72
hwaen,72
idora,72
inaka_keikou,72
inma,72
ivy_(sena0119),72
johnalay,72
jou_(jo_jjo),72
jougenmushi,72
kai_tomohisa,72
kano_(wi3028),72
kano_hito,72
kappe_reeka,72
kibana_tsuitachi,72
kinagi_(3307377),72
kino_(curry_pan),72
kishiri_toworu,72
kitaya,72
kito,72
kotojima_motoki,72
kugi_(kugi-xiv),72
kurosaki_sasori,72
kurowana,72
kyak_bamboo,72
kyashii_(a3yu9mi),72
lingerie_(aki3240),72
m_omoo,72
mai_mugi,72
makita_(vector1525),72
matu_(t_iyou8),72
memai,72
midori_(user_nsaz3272),72
miermere,72
mifuta,72
mihama_machi,72
misaki_kozue,72
miyanome,72
miyo_(13th_floor),72
miyuki_rei,72
mizunashi_kenichi,72
mudix2,72
namataro,72
nao-08,72
nazgul,72
nelta_rene,72
nidoro,72
nihimaru,72
nishiwaki_yuuri,72
niso,72
nm_shirasu,72
nozomi-y,72
nyano21,72
oasis_(magnitude711),72
onamuzi_illust,72
oollnoxlloo,72
peco,72
penya,72
pk_(mukasihasakana),72
pla4neta,72
ragau01,72
rainys_bill,72
rajawat,72
rasupekuto,72
re:i,72
riai_(onsen),72
rippajun,72
sakurano_tsuyu,72
saya26,72
sezoku,72
shain,72
shainea,72
shihou,72
shimizu_eiichi,72
shinoo0915,72
shirakaba,72
shosudo,72
shouni_(sato3),72
siruphial,72
sotto,72
soya_(sys_ygo),72
soyanrai,72
suke_(share_koube),72
supo01,72
supocon,72
tada_no_nasu,72
tadd_(tatd),72
taguchi_kenji_(omaep),72
taiyaki_(astre),72
takamoto_akisa,72
takanamushi,72
takeg05,72
tamago_gohan,72
tanutika,72
tarayama,72
taru_neko,72
tetori,72
tika_(mika4975),72
toyux2,72
ueda_katsuhito,72
unk_kyouso,72
viridiflora,72
warekara,72
waterstaring,72
wildrabbit,72
yairo_(sik_s4),72
yaise,72
yakuto007,72
yamyom,72
yorousa_(yoroiusagi),72
yoshikawa_tatsuya,72
yoshinatsu,72
yotsugi,72
you_rei_(blowback),72
yuki_(miyuki_kii),72
yukiroku,72
yumemi_(kiowa),72
yurara_(aroma42enola),72
zeroshiki_kouichi,72
104,71
92_(artist),71
ahin_vpv,71
aiu404l,71
akame_(eckesachs),71
akihira_fujinohara,71
alza,71
amelie,71
ango,71
annin_cha,71
bangosu,71
baretto,71
bean_mr12,71
beshi,71
black_cat03,71
bon_nob,71
bonjin,71
brilliantko,71
chikorita85,71
cowfee,71
craytm,71
dave_rapoza,71
denchu_(kazudentyu),71
don_(don_0608),71
edward-el,71
endou_tatsuya,71
faech,71
fueiku,71
fushirun_rung,71
futaba_jun,71
ge_xi,71
gensokigou,71
ghost-pepper,71
gumi.,71
h2so4kancel,71
hahihu1782,71
haine_(howling),71
haizome_senri,71
hamada_youho,71
hanjuku_tomato,71
harikamo,71
hawe_king,71
hazumi_rio,71
hiroichi,71
hmax,71
hollypolllyy,71
ikezaki_misa,71
ikuta41,71
imai_tetsuya,71
indo_(mdtanaka2007),71
ishiwatari_daisuke,71
izumi_rion,71
jeffr,71
kandori,71
karasu2020_8,71
kawamura_tenmei,71
kimukimu,71
kio_naoki,71
kirame_kirai,71
kisaragi_chiyuki,71
kisaragi_yuu_(re:lucks),71
koto_tsubane,71
krekk0v,71
krusier,71
kumio,71
kurokuma_(kuro_kumagaya),71
kurotea,71
kuurunaitsu,71
laio,71
leona_(pixiv),71
lilylily0601,71
lindaroze,71
lithographica,71
m-ya,71
maodouzi,71
marvin_(omarvin),71
matanonki,71
matilda,71
matryoshka_(borscht),71
mikanbako_(aitatadon3),71
mikoko1,71
minamina,71
minamito,71
mioda_69ch,71
miru,71
mji_(emucchi),71
mm_(mm_chair),71
murakami_meishi,71
n2_(yf33),71
naba_(take_tonbo),71
nachiru,71
nagayo,71
nasubi_(w.c.s),71
natsuya,71
neji_(ultramarinesunset),71
nikonikosiro,71
niliu_chahui,71
nkmr8,71
nogiguchi_kohiro,71
norio_kkk,71
nubezon,71
obushideian,71
ochanoko_(get9-sac),71
omiso,71
onlypixeeels,71
ooji_cha,71
oteruko_(wanabeee),71
papaia_(quentingqoo),71
parupin,71
paul_robertson,71
poinia,71
rahit,71
ratise,71
renka_(renkas),71
rifsom,71
rin-sin,71
rinku_(rin9),71
saku,71
sakusaku,71
sanaemaru,71
satoyasu,71
se-u-ra,71
seedflare,71
seto_(harunadragon),71
shibainu_niki,71
shiori_(moechin),71
slm,71
spitfire99,71
studiotetore,71
sugar_(artist),71
sumi_(suumiko_),71
surfing_orange,71
teiryoku_lolita,71
thomas_hewitt,71
tkhs,71
tnt_(aaaazzzz),71
to_e,71
ton_(ton39342104),71
toratora_(nanahaba),71
toshi,71
touto_seiro,71
tsumumi_(kandume103),71
tugeneko,71
ueshita,71
uichi,71
ume_(illegal_bible),71
unagi_(nakaelric),71
unu_(unucence),71
uturo,71
uzuki_kosuke,71
veebu,71
visqi,71
wei_(hoshieve),71
whitewhite_panda,71
wulazula,71
xxxsoiu1,71
y0ru73,71
yagami-all_hail_nanao,71
yakitomeito,71
yamada_maya_(yamdmay),71
yata_(yatao_zzz),71
ykmr_(haga),71
yowoshinobukarinosugata,71
yugake_(mrnmrm),71
yui_7,71
yui_toshiki,71
yuiki_(cube),71
yuishironeko,71
yukitokaze,71
yuna_(rutera),71
yupopo_(hidame),71
yuunagi_(seventh_heaven),71
z.nov,71
zenn,71
a.x.,70
abyss_of_parliament,70
alina_pegova,70
althea_(sakiya0000),70
anaroguya,70
aono_ribbon,70
aori_sora,70
aru16,70
asakurashinji,70
azelye,70
azusa_(sarie303030),70
babamba,70
bassa,70
blue_hallelujah,70
bobomaster,70
bulbonne,70
calendulamew,70
chiyo_goya,70
col_person,70
crost,70
dan_kim,70
densuke,70
din_(raiden),70
dokuganryuu,70
dongfang_shuyechu,70
drruraguchi,70
ecu8080,70
edogawakid,70
ekusiregaia,70
eshineko,70
fred0092,70
fucodoku,70
fuji_den_fujiko,70
fujita_hidetoshi,70
goron_(phde2424),70
hakoiri_nyanko,70
hal_(sakurajam),70
haru_(ririne9999rine),70
heiya,70
hinatsu,70
hisaki,70
hokuyuu,70
hoshikawa_tsukimi,70
hoshino_reiji,70
hozenkakari,70
hs_(artist),70
icarus_(632247131),70
ik18166181ik,70
ikezawa_shin,70
imamuu_(imamoon),70
innoarukugyou,70
inumine_aya,70
jiki_(gkdlfnzo1245),70
jurrig,70
kabu_(niniko2ko),70
kaguyuu,70
kakult2017,70
kaname_(melaninusa09),70
kaprice,70
kari_(karinimooreha),70
katakura_shinji,70
kemoribon,70
kichi_owo,70
kijinkutsu,70
kiran,70
kiyu_(kiyupapiko),70
komoreg,70
kou_2008,70
kubo_taito,70
kuchiba_(jret2454),70
kusiyan,70
kuwada_yuuki,70
leaf98k,70
lo_xueming,70
lumineko,70
lyn_(shunao),70
mak_(kainemaru),70
makaroll,70
makura-ko_(nacoll),70
mar10,70
masariro,70
matoki_misa,70
matsuo_hiromi,70
minase_(pixiv),70
misaka_(missa),70
misti,70
mleth,70
monota02,70
monster_rally,70
morichan,70
motsu_(selshia12),70
moura_(kenyuugetu),70
mujiha_(mlog),70
mushoku_no_hourousha,70
nakamura_sandayo,70
nakaya_106,70
nanana_(chicken_union),70
negija,70
nico_(hero300),70
niea,70
nijihashi_sora,70
nishino_hikoji,70
nkktmrrr,70
nomayo,70
o-yuki,70
obobkkp,70
ochano,70
oenothera,70
ooike_teru,70
owarine_miku,70
page,70
panmi,70
penguintake,70
phong_anh,70
psychic_parrot,70
puzzle157xxx,70
qi2341,70
razuzyamu,70
rby_(artist),70
rei_(usabiba),70
rikkii_(likito_yuzu_is),70
roshin,70
runamatu,70
ryouto,70
saitou_atsushi_(kamatamanankotu),70
sanmotogoroo,70
sasakamakue,70
sasha_chii,70
satoimoya,70
sayori_(artist),70
seleb629,70
senzoc,70
serika,70
sgwyi,70
sharpycharot,70
sherumaru_(korcht06),70
shino_(shinderera),70
shouen_kigashi,70
shue,70
shuragyoku_mami,70
sin_seishun,70
sokutenkun,70
sorethroat,70
sukiyo,70
sunyukun,70
taka-f,70
takuji_yuusaku,70
tanikake_yoku,70
tanuki_koubou,70
tessai,70
tonogai_yoshiki,70
tsugumi_(artist),70
tsuki_suigetsu,70
tutou_jiang,70
uchako,70
uni_(bom19850101),70
uouokuma,70
uraomote,70
usuaji,70
wasu,70
yaku_yojino,70
yasu_(segawahiroyasu),70
yata_masahara,70
yohan12,70
yunare,70
yunco,70
yyy246,70
zashiki_usagi,70
zassou_maruko,70
zeramu,70
zetsumu,70
2027_(submarine2027),69
akai_akasaki,69
akebisousaku,69
akito_(d30n26),69
anonymous_drawfag,69
antilous,69
asahina_yori,69
bell_(artist),69
bilibilida,69
chikafuji,69
chorohanage,69
daeho_cha,69
deerwhisky,69
domco,69
dorris,69
ebi_shamo,69
ecat,69
echosdoodle,69
eeryuu_(2004107),69
fujikura_ryuune,69
funmatu,69
fuurin_kingyou,69
getumentour,69
glider_(artist),69
grandia_(artist),69
gutter,69
hellnyaa,69
heyzan,69
hidezi,69
hina,69
ibusaki_(ivu),69
ich.,69
inko_(mini),69
inoaart,69
inugahora_an,69
ishiyuki00,69
isuna,69
jin_nai,69
joey_joey_joey,69
kaito_(sawayakasawaday),69
kakiman,69
kamo_(gafas),69
kaorin_minogue,69
kasugano_tobari,69
kinnotama_(erokosei),69
kiryuu_tsukasa_(citrocube),69
kofa_(ikyurima),69
komesan_0212,69
kotobamaru,69
koza,69
kuromaru,69
kurosuke_(hipparu),69
kushabiria,69
kuso_otoko,69
kyuusugi_toku,69
leenim,69
lkll,69
mamo_williams,69
manami_(uovoegg),69
mari-mason,69
mari0ball,69
masa07240,69
masami_(souzou_jinsei_sanka),69
masuyama_kei,69
matsura_ichirou,69
meet,69
mel_(artist),69
mella,69
miki_plus,69
mondo,69
mu-nyako,69
mugenshiki,69
muya_(uyamuya_jj),69
myero,69
naito,69
nanacy7,69
nanaku_teiru,69
nantoka_maru,69
natsume_k,69
negi_mugiya,69
nitaka_(fujikichi),69
nonomaro,69
nozumi,69
ohagi_(ymnky),69
ojitcha,69
olive_(laai),69
oniku_(oishii_oniku),69
orion_(orionproject),69
oshake,69
otosume_ruiko,69
pixiv_id_2422784,69
pizza_man,69
plus-kitsch,69
plus9,69
ragathol,69
rakshasa_(artist),69
rinmei,69
roke,69
ru2n131,69
ryochan96154,69
ryuh_(asahina_neru),69
sakizou,69
sakuyabm,69
sarcophage,69
satsuki_misuzu,69
sawan_cutman,69
seed_(artist),69
sheep_sleep,69
shidare_(youh4016),69
shierutei,69
shigen_pr,69
shijimi_kozou,69
shinoi,69
shiwasu_no_okina,69
shoutaro_saito,69
slaughter_z,69
solid&etc,69
sorairo_meronpan,69
sotsunaku,69
soyo2106,69
spadelake,69
sukkirito_(rangusan),69
tabao,69
tacshojosora,69
taiki_ken,69
taka-kun,69
takano_saki,69
takasaki_yuuki,69
tanaka_(colorcorn),69
tanaka_ahiru,69
tatara_(alnath_may),69
teratsuki,69
tirumu,69
toadstool_(natadekoko),69
tofu_thunder,69
tsukigami_chronica,69
tsukiji,69
tsuyuki_yuki,69
tugmix,69
tuqi_pix,69
ukita_uuko,69
umebitan,69
umeume_(totoya),69
veerinly,69
velinxi,69
vinne,69
xtears_kitsune,69
yagi_(sinnsyou),69
yamaguchi_yoshimi,69
yasushi,69
yokaze_japan,69
ys_(ytoskyoku-57),69
yui930,69
yukihiko_(sky_sleep),69
yukino_minato,69
yukinojou_yakan,69
yuuyuu_(yuko),69
zhaitengjingcang,69
zhu_fun,69
0202ase,68
31_pacers,68
akino_subaru,68
al_(ahr),68
aona_(kuuga19yuu),68
aruk,68
b.d,68
bidarian,68
black_(artist),68
boku,68
bossan_3310,68
cat_with_a_brush,68
coffee_cat,68
cole,68
cyaneko,68
dadachyo,68
dai_(mebae16),68
dkaki,68
dohyo123123,68
dramatica,68
edenfox,68
ekz_(drawfag),68
ells,68
emu_(losspass),68
foomi,68
fudo_shin,68
fujimoto_akio,68
gnai,68
goroku,68
h3po4_chiba,68
hani_(udauda),68
hasekura_(hachinochun),68
hatachi,68
himari_g_(sr),68
hirococo,68
hmniao,68
ichigatsu_toshikazu,68
ina_(gonsora),68
iwai_ryo,68
jun_(goodgun7),68
jyukawa,68
katou_(hyaena),68
kava,68
kaze_no_gyouja,68
kimyo,68
koga_makoto,68
koukyouji,68
kskasutera,68
kuwajima_reon,68
lab,68
laboto,68
madara_sai,68
mirui,68
miyamaki,68
miyamotokannn,68
mk_(masatusaboten),68
momochy,68
momota_pix,68
monizumi_ishikawa,68
mou_(piooooon),68
musou_yuchi,68
my_(iuogn4yu),68
myjet,68
n.a.,68
naruse_(nal1525),68
nezumi_inu,68
nijizuki_shino,68
nikayu,68
nishi_masakazu,68
nishino_miyuki,68
noeunjung93,68
notenotenote,68
oinari_(tensaizoku),68
oki_(koi0koi),68
okingjo,68
ozaneko,68
pekoneko,68
peteron,68
phiphi-au-thon,68
pietani397,68
pino_(birthdayparty),68
pirochi,68
piyo_(ppotatto),68
pizza_(artist),68
pokoruru,68
ponta_(matsuokazieg),68
puyue,68
qinnye,68
raemz,68
recare,68
riku_(rikkuru),68
riri_(illustrator),68
russel_(yumeriku),68
saki_hajime,68
sakura_kotetsu,68
sarico,68
sasago_kaze,68
serizawa_enono,68
shigatsu_shizuki,68
shimanoko,68
shimogu,68
shin01571,68
shinkun,68
shinotarou_(nagunaguex),68
shirai_tanuki,68
shirano,68
shiren_(monochrome_structure),68
shisaki_tayu,68
shiwo,68
shroedinger,68
shuvi_(shuvi1125),68
sofa_(enogunomu),68
sudach_koppe,68
susumu,68
suzuki-shi,68
suzuki_masahisa,68
takeda_hiromitsu,68
taya_oco,68
terada_ochiko,68
teranen,68
tiger_(tiger-kimu),68
tomare_(akashingou),68
twc_(p-towaco),68
uekan,68
umakuchi_shouyu_(into-rain),68
uungunover,68
velia,68
wakatsuki_sana,68
wanimaru,68
white_crow,68
yan531,68
yasiromann,68
yosakuh,68
youichi_(45_01),68
yua_(tick-tack),68
yuino_(fancy_party),68
yuka_yukiusa,68
yura_(botyurara),68
yuusei_tsukiro,68
yuusuke_(5yusuke3),68
yuzu_sato,68
zerolay,68
zinczinc_ka,68
1044kiro,67
2134twone,67
a-er_(akkij0358),67
aouma,67
aozukikawasemi,67
as'maria,67
blueman,67
bluepony,67
bongfill,67
brick_st,67
cc8nw42u15apug0,67
dada_(dolce),67
daigaga,67
darkgreyclouds,67
dena.ei,67
e-co,67
early_type,67
efmoe,67
eight_tohyama,67
erokosei,67
eugle_na,67
fortysansan,67
fujinozu,67
fuyoyo,67
gagaimo,67
gentle_sasaki,67
grizz,67
h@ll,67
hamira-ze,67
hero_(pixiv),67
hidebuu,67
hinata_(hinata-ur),67
hobbang,67
hoshimawa,67
hovering_kousin,67
hyuga_zen,67
hyung_tae_kim,67
iccoco,67
ichino,67
ike_masato,67
ikuta_takanon,67
imada_kozue,67
inuburo,67
inui_takemaru,67
inukoko,67
issindotai,67
jchoy,67
jean_(artist),67
john_doe,67
juuyon,67
k@bu,67
kaida,67
kamiiart,67
kamonegi_(meisou1998),67
kanjitomiko,67
kanzarin,67
kanzarin_(hoochikiss),67
kiga3bon,67
kinokomushi,67
kirino_kasumu,67
kivo,67
kokonoha_mikage,67
kouchou,67
kuon_yashiro,67
kurozatou_owata,67
kutata,67
lewis,67
m_ganzy,67
maccha_cocoa,67
manbou_no_ane,67
maru-kichi,67
maru54,67
mei_(adomanju),67
merukiarisu,67
mijinko_(83nabe),67
minagokoro,67
mintes,67
mitorizu_02,67
mizore_syrup,67
mohya,67
mr_pavlov,67
mucha,67
mutsumi326,67
muu_rian,67
myaaco,67
n9+,67
nakamura_naoto,67
nanateru,67
natsu_natsuna,67
neneko-n,67
neoartcore,67
nezumi_doshi,67
nopepe,67
noruren,67
numazoko_namazu,67
oluha,67
ookamisama,67
ookawa_wataru,67
peke_(xoxopeke),67
pigeoncrow,67
ponke,67
rakugaki_ningen,67
richard_suwono,67
riku_(artist),67
roaru_(gyuren),67
robina,67
rumia_(compacthuman),67
ruruepa,67
ryokushiki_(midori-ya),67
ryuu_tou,67
s_katsuo,67
sakifox,67
salt66666,67
sasaki_ryou,67
septet_(zrca_janne),67
shia,67
shibainutank,67
shiiba_nae,67
shimotsuki_keisuke,67
shiozaki_yuji,67
shiramine_(srmn09),67
shiratama_azusa,67
shirow_(crazy),67
siomi_403,67
siwasunohige,67
skull.03,67
sousakubito,67
squidsmith,67
stylishtrash,67
sui_(sui27shika),67
suizennji,67
swordwaltz,67
takebi,67
tibino,67
tk4,67
tomozu,67
tonotyama,67
tsunenorip,67
tsuzuri_(tuzuri),67
usamin_(artist),67
wasumi_kei,67
wu_lun_wujin,67
x-boy,67
yamabuki_(laysis_yama),67
yamano_uzura,67
yoko_(nz_g),67
yonchi,67
yusuki_(fukumen),67
yuzukaze_rio,67
1055,66
23_(real_xxiii),66
2580rs,66
370ml,66
50yen,66
a'j,66
abutomato,66
aebj,66
akagikou,66
akaneharu_ohkami,66
akine_(kuroyuri),66
amagami_(makise_tsubaki),66
amawa_kazuhiro,66
ameyu_(rapon),66
aonoe,66
araco,66
archvermin,66
arisugawa_bii,66
ariyoshi_gen,66
arutera,66
asaki,66
asuna_(i_luv),66
asyura7,66
band-width,66
betti_(maron),66
calpish,66
chicago-x,66
chiko_(beroro),66
chikuwa_(odennabe),66
chiro,66
circle_a,66
cocorip,66
codec007,66
couzone,66
criin_(659503),66
cyber_(cyber_knight),66
d11,66
ememtrp,66
enoki_3106,66
frontiersun,66
fujo0t4ku,66
funpjinju,66
fuya_(tempupupu),66
gachou,66
gasuri_govan,66
gohei_(aoi_yuugure),66
gumi_(gelatin),66
hakmonss,66
hamu_agaki,66
happy_birthday_(artist),66
haru_(oomr005),66
hasaya,66
hasumi_takashi,66
henshako,66
henyaan_(oreizm),66
herozu_(xxhrd),66
hiko_(lg612),66
himarisu_(hida_mari),66
hime03,66
hisako,66
hishoti_cheese,66
houru,66
imamiya_pinoko,66
inuko_(ink0425),66
izumi_bell,66
jack-barro,66
jin_(artist),66
jin_(crocus),66
k_(li),66
kabi,66
kageira,66
kaho_(ramb),66
kaiman,66
kamijou_sadame,66
kanda_aya,66
katou_akatsuki,66
keikotsu,66
kimineri,66
kino_konomi,66
kitakawayui,66
kleinlight,66
konpotsu,66
koto_(coto),66
kouki_kuu,66
kujiramaru,66
kuno_(runkunochan),66
kuroinu,66
lakilolom,66
light_(lightpicture33),66
lionet0806,66
lucidsky,66
ma2acworks,66
ma_nyan_(nyao_mao_nyao),66
madara_hato,66
makishima_rin,66
mamepon,66
maruchan.,66
masiromu,66
masn_(moxi),66
matsunaka_hiro,66
mem,66
mhunter_45,66
miko_(35nikomi),66
mikoma_sanagi,66
minase_lin,66
mine_(odasol),66
misuko_(sbelolt),66
miya_(baelfight),66
miyoshi_(triple_luck),66
mizuki_ryuu,66
mizutama_(mao11260510),66
mofun,66
momoirone,66
morizo_cs,66
musukichi,66
na53,66
nagisa_honoka,66
nekobatake,66
ni_(ippozenshin),66
niii_(memstapak),66
nomu,66
onigashira_rin,66
ototoi_(eevees813),66
pandako,66
pera,66
pikachi,66
piyoyanagi,66
piza_rokumai,66
qingfeng_canying,66
raito47,66
raneblu,66
rori_chuushin,66
sabata_yuki,66
sakiko_(gekiama),66
saklo,66
sara666,66
sawa2,66
sayuwan,66
sebunsu,66
shigeru,66
shikino_(sikinonono),66
shinabita_nasubi,66
shino_(comic_penguin_club),66
shinori_(efvbji6264),66
shiohara_shin'ichi,66
shiroe_rie,66
shokuyou_mogura,66
silverwing,66
sioneve,66
sora_(silent_square),66
stone_(shirokanipe_ranran),66
takayama_shinobu,66
tamasan,66
tanupo,66
tare_nu_(usesase),66
tataki_tuna,66
tazu,66
teko,66
tetsu_tissue,66
tk28,66
to-den_(v-rinmiku),66
tougo,66
tsukasa_jun,66
utsunomiya_tsumire,66
vldksltlah88,66
vorupi,66
wakipiiiii,66
watashiya_kaworu,66
xiaolong_(touhoufuhai),66
xiaopizi32439,66
xiayehongming,66
xxxxay,66
yabai_gorilla,66
yajiro_masaru,66
yakitori_(oni),66
yamamoto_shuuhei,66
yamoge,66
yarumi_(suina),66
yinzhai,66
yoma,66
yoshinogai,66
yoshitake,66
youamo,66
yufu_kyouko,66
yuka_(yukaaaaaaa0705),66
yukina_(masyumaro610),66
yukiusagi_(paretto),66
yuushoku,66
yuzuha_takamura,66
yuzuzukushi,66
1492egg,65
31_violence,65
702_(naotsu),65
ahn_dongshik,65
aiu_eo,65
akatsuki_(ggsy7885),65
aki_eda,65
ange_(angeban93),65
aoi_(aoisaka),65
ariekochan,65
arisawa_kuro,65
arumi_(arumi-ke),65
asagiri_kogen,65
ase_(nigesapo),65
baiken_(artist),65
bana_(stand_flower),65
black_soldier,65
camui_kamui,65
ceejles,65
centurii-chan,65
cherry_blossoms_(artist),65
chikuishi,65
chikuwa_(glossymmmk),65
chun_lanlanlan,65
collagen,65
craft-cs,65
cut_(bu-kunn),65
dadadadadaist,65
danmakuman,65
daxz240r,65
diisuke,65
ein_(long_cake),65
euforia,65
feimeixiangguji,65
formalin,65
fujimoto_satoru,65
fukuda_fukutarou,65
gen,65
gm,65
gozaemon,65
gyorui_(amezari),65
h_(hhhhhh4649),65
haniwagi_(hal),65
harunagi,65
hatsuga_(dmaigmai),65
heiya_masanori,65
heremia,65
hidari,65
himaya,65
hiokirasu,65
hiyori-o,65
honda_takeshi,65
hoshara,65
ichisaku,65
ikusotsu,65
itigekimaru,65
iwasaki_minako,65
jippe,65
kakimoto_nao,65
kamanatsu,65
karisuwaya,65
kbtmsboy,65
kerimka31328031,65
kise_(swimmt),65
kitsune23star,65
koko_(koko3),65
kokusoji,65
koto_(kotocotton),65
kotowari_(newtype_kenkyuujo),65
kura_(shironagasu02),65
kuro,65
kuronaga,65
kurume_shou,65
kyuuran,65
lan_mao_akko,65
lazy_kun,65
leex,65
lira_mist,65
mago_(gengennikoniko),65
mahito,65
maki_(huran),65
maku_(artist),65
makura_(makura0128),65
mamekosora,65
mantarou_(shiawase_no_aoi_tori),65
manya_(mohu_is-mine),65
masakichi,65
maumaujanken,65
mellific,65
migel_futoshi,65
mikan_(artist),65
mimana,65
minazuki_tooru,65
mishiro_shinza,65
mittsun,65
miyakoji_(plokmtamako),65
mizuki_mau,65
mj_(11220318),65
momiji7728,65
motiumai,65
mt.somo,65
mugishima_orie,65
mune,65
muramasa-sushi,65
mushi_mushi_ex,65
nakamu_405,65
namazuoku,65
nano,65
naruse_mai,65
narushima_kanna,65
nekoguchi,65
nichi_doriimu,65
nong_345,65
nonoworks,65
nse,65
okiraku_nikku,65
oonamazu,65
orushibu,65
pengin_guriko,65
puchimirin,65
purinnssu,65
riinu_(ir-n),65
risoumaeda,65
roman_imperial,65
rong_yi_tan,65
ryairyai,65
saaal653,65
saitou_yahu,65
sakayaki_yuuya,65
sakura_hanatsumi,65
seidou_(tukinomiyako),65
seiya_(iiseven),65
seki_(l0410706268),65
semaru,65
sena_kizahashi,65
sherman_(egnk2525),65
shibata_rai,65
shikishima_(eiri),65
shima_(sh1mamu),65
shing_(sorairo_factory),65
shinogo_no,65
shooting-star,65
shopyun,65
shouma_(bravespiritya),65
sinchi,65
sougetsu_izuki,65
studio_qube,65
sumii,65
suparu_(detteiu),65
surufuji,65
taira_momen,65
takahan,65
takanashi_haruto,65
takashi_(nekoro),65
takatsuki_tsukasa,65
tanbonota46,65
toramaru_(696anna),65
tottsuan,65
unname,65
utatane_hiroyuki,65
wakie,65
win_opz,65
yamanaka_kouji_(yanchiki2001),65
yamori_(stom),65
yaruky,65
yomoyama_(toirets),65
you-1110,65
you_haruka,65
yow,65
yu-kichi,65
yue_yue,65
yukirin,65
yuzu_modoki,65
yuzutei,65
zhenlin,65
23011620x,64
abondz,64
ai,64
aimai_(luckyfive),64
akiman,64
akisa_yositake,64
amayofuu,64
an_fyhx,64
ange,64
aogiri_sei,64
arlonn,64
asurafkmt,64
beni_(bluebluesky),64
blanco026,64
buun_ko,64
c.cu,64
cai_geng,64
chako_(chakoxxx),64
chanosuke,64
chien_zero,64
chiko_(kanhogo),64
chill_ykon,64
chiru_(sanifani),64
cici,64
cocoasabure,64
cosine,64
cosmic_comic,64
cota,64
crazyneko-reset,64
dai-erie,64
dd_tachibana,64
docoi,64
eeyasu,64
emirio_(emirio110),64
exa_(koyuru),64
fufumi,64
fujii_satoshi,64
fujiwara_cocoa,64
furui_suguri,64
garana,64
gensoukitan,64
gesogeso,64
h_kawa,64
hanaichi_(hana13),64
hano_haruka,64
hashimochi,64
hiiragi_mikoto,64
hikashou,64
hinase_haruka,64
hiruma_andon,64
hisama_kumako,64
hitokuirou,64
hitomi,64
hiyo_kotori,64
hizakozouzu,64
hscatter,64
ibaba,64
ice2002,64
ichi_ka,64
ichimatsu_shiro,64
imoichi,64
ineka_ka,64
inkune,64
ishibori_eregomos,64
ishii_takuma,64
isya,64
james_ghio,64
jema,64
jewel_(the_black_canvas),64
jiji_(381134808),64
kajin_(kajinman),64
kakkou,64
kanamura_ren,64
kaneko_naoya,64
kanibasami,64
kaori_hero,64
kasane,64
katsurai_yoshiaki,64
katuo1129,64
kawamoto_toshihiro,64
kazami_chiu,64
ken-1,64
kenntairui,64
kimagure_blue,64
kimishin,64
kiritzugu,64
konac,64
korpokkur_kne,64
koujun_(mugenzero),64
kousyoku,64
kukatsuma,64
kukicha,64
kurou_(artist),64
kutta,64
kyabe_tsuka,64
l.bou,64
lai_(pixiv1814979),64
lanjiujiu,64
linaria_(ookinahitomi),64
lingmuzi,64
littleshrimp,64
lovemaronmeru0827,64
magister_(medical_whiskey),64
malachite,64
mamita,64
mankun,64
maru_shion,64
mary_(14476764),64
memememe,64
meng_xiao_jiong,64
mil17459623,64
mimura_(nnnnnnnnmoo),64
minttchocok,64
mitsuharu_iseki,64
mochiko_(mochiko3121),64
mukkun,64
naav,64
nagahama_megumi,64
nagomi_yayado,64
nakura_haru,64
namanie,64
nanaminn,64
naoko_(9113419),64
narusegawa_riko,64
naruysae,64
natsuki_shuri,64
neko_mata,64
nishina_masato,64
niu_illuminator,64
nomura_(buroriidesu),64
noritama_(gozen),64
nozu_(thukuhuku),64
okina_sen,64
okiyumi_kase,64
oku_(okumen),64
omo_(utakatadice),64
onsen_tamago_(nurumayu_onsen),64
ori_(yellow_duckling),64
orikoshi_shino,64
orqz,64
pandaki_(aki),64
pe902,64
pepepo,64
polpol,64
qin,64
qunqing,64
r_kampfgruppe,64
rakuto_mangan,64
ricci,64
riftgarret,64
rubii,64
ruebird,64
sa_(h28085),64
sacha,64
saigi,64
saijou_haruki,64
saisho_(qpoujr),64
sakurano,64
sakuyosi,64
samantha_whitten,64
samuraig,64
samuraisamurai,64
sasakuma_kyouta,64
shan_grila,64
shinjitsu_no_kuchi,64
shino_(r_shughart),64
shiohi,64
shirahama_kamome,64
shouno_kotarou,64
shu_(loveeater),64
shutsuri,64
sin_(kami148),64
sinkai,64
skylader,64
sola_(solo0730),64
souma_mizuki,64
sugu_maigo_ninaru_umumu,64
supersugar,64
suzukawa_yui,64
sweet_miuk_tea,64
tak_(karasuki),64
takeponi,64
tama_wo,64
tonomayo,64
tukino_(panna),64
turiganesou800,64
u-min,64
usao_(313131),64
ut_(apt),64
uzu_hi,64
wankoba,64
whitesesame,64
xefy,64
yamamiya_hiroshi,64
yan_kodiac,64
yaoya_musuko,64
ygo,64
yori,64
youki_(yuyuki000),64
yuge_(mkmk),64
yukinon,64
yuu_(1969loy),64
yuzuttan,64
0p78xopwsj83779,63
147,63
16_ban,63
723_(tobi),63
7zu7,63
akai_999,63
akatsuki_(4941086),63
aleron,63
amber,63
ariko_youichi,63
banana_gyuunyuu,63
blushy-pixy,63
borockman,63
buntatta,63
buzzsaw_(6631455),63
caesty,63
chagu,63
chu_kai_man,63
cloud_palette,63
crackingtaro,63
crazypen,63
crowdance,63
depo_(typebaby505),63
domi_(hongsung0819),63
ebikawa_kanetake,63
eiyuu_(eiyuu04),63
eugenio2nd,63
fumio_(kanmi),63
furagu,63
fuyuni0307,63
gogatsu_no_renkyuu,63
guru,63
hachikuji,63
hal360,63
hamu_fukurou,63
harurie,63
hat_babo,63
hc_(razel1),63
henki_(orange),63
hiba_(p-p-purin),63
hiide,63
hino_hinako,63
hipy_(image_oubliees),63
honami_(yths4221),63
hoshino_hitsuki,63
i_b_b_e,63
ichihara2929,63
ikusy,63
inushima,63
isora,63
ivris,63
jaenbba,63
jeremy_anninos,63
jiitarou,63
junkei,63
kaio_(watagami),63
kamesys,63
kani_aruki_(bucket_crawl),63
kanini,63
karamone-ze,63
kariki_hajime,63
kazu_kakao,63
keid,63
keisuke_(0320030103200301),63
kio_shimoku,63
koji_(kohei66),63
kotatsu0803,63
kousaka_nobaku,63
kusanagi_kikoku,63
kyamu_(qqea92z9n),63
ldl_(bcw1025),63
liedein,63
maccyman,63
magokorokurage,63
maroppe,63
maruse_nisanosuke,63
masuki,63
meoyo,63
mg_(3458),63
mimiyama_kiichi,63
mis_res,63
miso_panda,63
miton15,63
mitosansan,63
miyazakit,63
mizuhoshi_taichi,63
mizuto_(o96ap),63
mok4suke,63
motoyon,63
nabana,63
nakumonaga_uma,63
namakemono_(u446644k),63
nami_(nyaa),63
namiri,63
nano_mochi,63
nanora,63
narumizg,63
naruta_iyo,63
naye,63
negy,63
nekomaru,63
nicel,63
nishi_(count2.4),63
noko_morokoshi,63
norixio,63
norman_de_mesa,63
notte,63
numachi_doromaru,63
nyakonro_(nekonro),63
odeko_yma,63
piennamekuzi,63
pikara,63
piukute062,63
piyopoyo,63
quas-quas,63
rakikoko,63
reri,63
rin_(artist),63
risuo,63
riz_(ravel_dc),63
rotomdocs,63
rutiwa,63
sakaki_(artist),63
saki_(saki_paint),63
sanso,63
satori,63
serina_ranshi,63
shijie_jianfa,63
shima_mei,63
shimizu_tomoki,63
sibelurabbi,63
sion001250,63
sohu,63
soriya,63
sou_(mgn),63
souldeep,63
spiceg,63
suvin_(mononochi),63
tarou_(you-0512),63
tatsumi_(panneko),63
temari_(artist),63
the_freakin_yui,63
tki,63
tlctm7h8wdwnthx,63
tokoshibyra,63
tonkatsu184,63
toru_k,63
toshimasa_(serialism),63
tsusshi,63
viclim-monou,63
violence_kumahina,63
xity,63
xo_(xo17800108),63
yaoyaobae,63
yellowpaint.,63
yokota_takumi,63
yuh,63
yumi_(careca398),63
yuyuyuyhz,63
yuzuha_wasa,63
yy6242,63
zero_point,63
zieru,63
2f_sq,62
7100potechi,62
a20190422,62
abekawa_mochi,62
aerlai,62
ahane_ahaneco,62
aisu_(icicleshot),62
akahige,62
akayan,62
akd,62
akiae_(hayj14),62
amii,62
angelica_(k3lly),62
anni_minto,62
ao_(aoblueao),62
aoinu,62
aokamei,62
aoyashio_rin,62
asami_yuriko,62
ayumu-k,62
azalanz,62
bianco_(mapolo),62
boba,62
breikka,62
canarinu,62
cherrylich,62
chong_feigiap,62
citolo,62
clover_(lapis_lazure),62
cocaduel,62
cpu_(artist),62
crazy02oekaki,62
cus-tom,62
daigada,62
danraz0r,62
darkers,62
deco,62
denizen_tomo,62
dishing,62
doi_masayuki,62
donburikazoku,62
dragonmaterial,62
dream_demon,62
electriccross,62
electronduck,62
eno_yukimi,62
f-tani,62
fake,62
felicia-val,62
fukukitaru,62
fuuna_thise,62
g.river,62
gabayo,62
ge_zhong_kuaile,62
giba_(out-low),62
ginko_(nico),62
gods_(1073337800),62
gozen4ji,62
grandia_bing,62
gunba,62
gupipy,62
hage_ta,62
haru_ion,62
haruharo_(haruharo_7315),62
harumaki,62
harusan,62
hayama_jun'ichi,62
heke,62
hinata,62
ibuibuyou,62
igarasy,62
inahori,62
inniyik,62
itosu200,62
iury_padilha,62
iyou,62
jintetsu,62
jmao,62
kama_iruka,62
kamabo_ko,62
kamitsurugi_ouka,62
kanpyo_(hghgkenfany),62
kansou_(kanso_1),62
karasuma_yayoi,62
kashiba_aira,62
kazakura,62
keepout,62
kijimoto_yuuhi,62
kikurage_(sugi222),62
kim_kwang_hyun,62
kirihara_izumi,62
koga_rejini,62
kouko,62
koutarou_(plusdrive),62
kriss_sison,62
kuhl-notes,62
kumoi_takashi,62
kunimitsu,62
kurekore,62
kuroe_(sugarberry),62
kyodairobo,62
kyuri_(405966795),62
lancefate,62
mabiko,62
macchoko,62
machi,62
makita_(twosidegekilove),62
makoto_jon,62
mariel_cartwright,62
masu_shu,62
matsushita_makako,62
mayachise,62
mimamui,62
mimura_zaja,62
minami_haruya,62
minari_(minari37),62
minase_(takaoka_nanase),62
mito_(mo96g),62
mito_yoshihiro,62
miyano_ururu,62
mochiko_(mocchikkoo),62
momigara_(mmgrkmnk),62
motsuni_(lxxe1120),62
mukashino,62
neyuki_rei,62
nona_drops,62
nuko_miruku,62
nullpooo,62
nylon,62
nyoron_(fudegatana),62
oggy_(oggyoggy),62
oru_2ji,62
oudanhodou,62
panikuru_yuuto,62
peachems_(gemu),62
penki,62
peptide,62
puca-rasu,62
rai_(rai_kw),62
ranou,62
ray_(pixiv9514208),62
request,62
ricegnat,62
rinka,62
rinrin_(927413),62
rizky_(strated),62
rods,62
rog_rockbe,62
ruto_(petatann),62
sae_(renkyuuake),62
saiko_(saisaka),62
sako,62
sakura_yuuya,62
sanuki_(zigzagflamberge),62
satofuji_masato,62
satou_daiji,62
sayuu_hanten,62
sekiguchi_kanami,62
senjou_no_pentsu,62
shacttainw,62
shimakaze,62
shiomachi,62
shisshou_senkoku,62
sikijou77o,62
sinko_(sinsin),62
sjuno,62
sogawa66,62
souri,62
sticky_(stickysheep),62
stratosphere_(coom1017),62
suahh,62
sunimu,62
supershiruco,62
tahra,62
takaoka_nanase,62
takeluuu,62
tea_(candyfoxx),62
tea_texiamato,62
thatpebble,62
ticktack_chicken,62
tobe_sunaho,62
toi_(toiot),62
toki/,62
tomatojam,62
topadori,62
tr_(hareru),62
truc_bui,62
try,62
tsubasaki,62
tsukii,62
tsushima_naoto,62
ueda_metawo,62
ugai_yuichi,62
umebayashi_saki,62
umitsuki,62
unexistarts,62
unohana_tsukasa,62
uououoon,62
urigarasu,62
usatarou,62
utakata_(kochou_no_yume),62
ven0305,62
viola_(seed),62
wachiroku_(masakiegawa86),62
watanuki_nao,62
wei_li,62
wemu_(ivycrown),62
worthlessvalor,62
y-chan,62
yataba,62
yofukashi,62
yokaze_(xxxdisxxx),62
yoku28,62
yokura_(yukilina),62
yui_sora,62
yumeminoideyu2,62
yurikawa,62
yuu_(oosakazaijyuu),62
yuuhi_homare,62
yuupon,62
yuyu_(spika),62
zyunya,62
15kasikaze15,61
3.14,61
7mb_yut,61
ahn,61
aka_kitsune,61
akanonasu,61
akasode_(tyaramu),61
akatsuki_ikki,61
aku_(dejigiga),61
alknasn,61
alric,61
amakawa_mayu,61
amakusa_tobari,61
amatsukiryoyu,61
ame-rain,61
aratami_isse,61
arios_(orochi_yuta),61
arutopian,61
asazuki_norito,61
ataka_takeru,61
atamonica,61
batchgooya,61
bee_(deadflow),61
blue_n,61
bone_nigi,61
bun-o,61
c-wing,61
ceasar_ian_muyuela,61
cero_(cerocero),61
chacha_(tyatya),61
chiki_yuuko,61
chiko_(mizuho),61
chkuyomi,61
chourui,61
cosmic_bear,61
dacho,61
darkmuleth,61
e10,61
enumiyan,61
eo_(artist),61
era_(traveling_bird),61
feli,61
fujikusa,61
fujimaki,61
fujishima-01,61
gao_kawa,61
gingami,61
giwa,61
guitar_(artist),61
hacosumi,61
hajime_(kinyou_club),61
hamuchosu,61
hana_(hana_mo_arashi_mo),61
hanayama_(inunekokawaii),61
haruyonoto,61
hecchi_(blanch),61
hevn,61
hichou,61
homura_(silver_blaze),61
hoshizaki_hikaru,61
huei_naduki,61
hyocorou,61
ijac_ray,61
ikeda,61
isakawa_megumi,61
itohime,61
izuminanase,61
jamrolypoly,61
jlien-,61
k-takano,61
kaai_yuu,61
kai_(link2262),61
kakumayu,61
kamoi_hayato,61
kanna,61
karashi_(tou_gara_shi),61
karasuro,61
kasuura_(cacula),61
kato-shun,61
katori_(quietude),61
katou_oswaldo,61
kazuhito_(1245ss),61
kenji_(8zidayo),61
kibashiba,61
kimura_shuuichi,61
kio_(yumekuikio),61
kirameki_haruaki,61
kishi_torajirou,61
kmnk_(kumanuko),61
knhb_tail,61
koha,61
kohane,61
kome_kuma,61
kotikomori,61
koyubi_right,61
kty_(04),61
kukurus,61
kupikuuu,61
kureha_goya,61
kuroha_ai,61
kurono_tokage,61
kurosaki,61
kutsunohito,61
kz_609,61
lechuza,61
lexis_yayoi,61
ling_yun_(amadare0803),61
loen-lapae,61
lvi,61
mad369,61
man_(man-room),61
marmoset_(marmoset0),61
marukome01,61
matsuko_(mrimri3),61
menaslg,61
meracle,61
messikid,61
metalzigzag,61
mgx0,61
michi_(iawei),61
mikazukimo,61
mikozin,61
miku_(mikururun),61
mimuni362,61
mino106,61
mitosa,61
mitumi_mira,61
mizuno_kurage,61
mo2ica,61
momoda_yasuhito,61
momoiro_tanuki,61
momopanda,61
morino_harifu,61
moso,61
mukai,61
mura_(kanojo_no_oukoku),61
murasaki_daidai_etsuo,61
na!_(na'mr),61
nanaironokabi,61
nash_(na-si),61
nehitsuji_(syatihokoga),61
netachou,61
niii,61
niku_harumaki,61
nokishita_kumoemon,61
nomio,61
okia,61
okitune-sama,61
ono_mochiko,61
orz_(orz57),61
osamu18568716,61
otakubeam,61
peach_momoko,61
pinkwaters,61
playback,61
plico_(nicoma),61
punished_pigeon,61
r-binon,61
rakuji_tarahi,61
ranan,61
renta,61
retota,61
retsuto,61
riria_(happy_strawberry),61
ryou,61
ryoumoto_ken,61
ryuga_(balius),61
ryuuta_(ipse),61
sadakofxe,61
saikachi,61
sakurai_tamako,61
sasakame_(pasteltel),61
sawa_jaaji,61
sazanka,61
season_(artist),61
senbon_tsuki,61
senpaihawkkun,61
seol,61
shano_hiyori,61
shibainu_kisetsu,61
shima_riu,61
shining_star,61
shirousa,61
sigma_(artist),61
silver_bell_(artist),61
siyer_(siyeyeyeyer),61
soumendaze,61
stari,61
sugarbeat,61
tabata_hisayuki,61
takano_saku,61
taplaos,61
techi_(techi35499),61
thomas_(iron_tom),61
tobi-mura,61
tororo,61
tsukishima_yuuko,61
tsurumura_ichiru,61
turu,61
uekura_eku,61
umeboshi_(lazy_lazy),61
uni_(gugurutan),61
ureshiijelek,61
verynezumi,61
yamada_satoshi,61
yayoimaka03,61
yomogi_komegura,61
yongsa_(ishmaelenjoyer),61
yoshiwa_tomo,61
yosik,61
yowasabimechaoc,61
yu_3,61
yukai_nao,61
yukari_yukke,61
yuko_(artist),61
yuzu_ichika,61
zanunoneko,61
zawar379,61
ze_(sawakihein),61
1000marie,60
4hands,60
a0lp,60
ae_iueo,60
aili_(aliceandoz),60
ainezu,60
aka_tonbo_(lililil),60
akabane_rin,60
akari_ryuryuwa,60
akatsuki_gomoku,60
akenoin_soumon,60
akira_(kaned_fools),60
alex_milne,60
alpharecdyt,60
aokihoshi,60
areaaaron,60
asakura_hayate,60
atom_(@tom),60
ayakase_hotaru,60
ayuto,60
azumishard,60
barikiosu,60
boku_(isizakitakasi),60
bsue,60
bushinofuji,60
carrotsprout,60
cerevevisiae,60
chemical-x,60
chitose_(usacan),60
choco_(chocolate_shop),60
collie,60
comfort_zoner,60
conomi-c5,60
cotta,60
cpqm,60
crazy_clover_club,60
cygnus_(artist),60
daro,60
delf,60
doridori,60
emuchi,60
foxlett,60
gemi_25,60
ginklaga,60
godwkgodwk,60
grape_(pixiv27523889),60
habkart,60
habuki,60
hamoto,60
hanejidyna86,60
hatch_(8cco),60
hidepoin,60
hourai_kochou,60
hozumi_kaoru,60
ibuki_hasu,60
ichikawa,60
idora_(idola),60
ikag,60
ildy,60
inari_(ambercrown),60
jacky5493,60
k-mame,60
k52,60
kaga,60
kajiji,60
kananishi,60
kaneda_eiji,60
kanna_(horntp),60
karaage3,60
kasukazu,60
kawashima_hisashi,60
kihou_no_gotoku_dmc,60
kiritani846,60
konishi_(565112307),60
koyoi_(ruka),60
krokobyaka,60
kumatoshi,60
kupala,60
kuri_youkan,60
kyaro_(kyaro54),60
laphy,60
lask,60
lastswallow,60
leiq,60
lightofheaven,60
lintanghaseo,60
luo.,60
maka_(hyougenbu),60
marcey,60
marimo_tarou,60
masumofu,60
matatabi_(nigatsu),60
matsura_(nagatosan),60
meno,60
mimori_(cotton_heart),60
minazuki_juuzou,60
mirusa,60
mizukihitoshi,60
mo,60
mochi_(k620803n),60
mokarooru,60
mokew,60
momoiro_oji,60
mon-chan,60
mototenn,60
mutsuki,60
nanahara_shie,60
naohiro,60
nashimochi_4,60
neopara,60
ni_re,60
nightmadness,60
nuko_(phylactery),60
okatsukisei,60
om_(artist),60
ominaeshi,60
onegingek,60
ono_(0_no),60
ooba,60
ookamiuo,60
oto_nagi,60
pandain,60
penyo1989,60
picnicic,60
pokio,60
pyz_(cath_x_tech),60
qiuzhi_huiyi,60
rai_(artist),60
rasen_manga,60
rayno,60
ren_(zero_second),60
renxzd,60
rffcq251,60
riku_(melty_drop),60
ripodpotato,60
rocher-hd,60
rottencrow,60
ryu_(17569823),60
sa_tsuko,60
saitama_(antitankromeo),60
sakou_yukie,60
sakumo_(karatama),60
san_(harutuki_3),60
serin199,60
sha_(isago),60
shaun_healey,60
shio_kuzumochi,60
sibata_maru,60
sinsora,60
soba_(sobaya1938),60
sorimura_youji,60
st.germain-sal,60
subaru331,60
sunsun69,60
sutaa_dasuto-kun,60
suzuki_tsuta,60
takumin_(takumi415),60
tamaki_fuyu,60
tarou,60
tazbun,60
tegaki_no_yuu,60
tiphereth,60
tofu1601,60
toki_(artist),60
toonsite,60
toshiya,60
tsujigiri,60
tsurugi_muda,60
u_(lastcrime),60
uboar,60
unomi,60
uousa-ou,60
usa_(artist),60
usaki_(ama),60
warainaku,60
wing_(wing_0319),60
xue_ezi,60
xx_asui,60
yakepu,60
yasuhito,60
yjy,60
yukari_(konekonekozou),60
yuki_no_iori,60
yukiyoshi_mamizu,60
yukizumi_remon,60
yukko,60
yuu_(alsiel),60
yuuichi_(tareme_paradise),60
zoner,60
zuizhong,60
15citron,59
a082,59
aaru_sentou_shuudan,59
aibon,59
akka,59
akuma_(akuma0907),59
amano_hagoromo,59
arai_cherry,59
araki_hirohiko,59
arisue_kanako,59
asagi_shii,59
aya_tori,59
ayatan-kiri,59
b-saku,59
bashikou,59
batten_(yukibara_7),59
buchi_maru,59
cain_(gunnermul),59
cetera,59
chi_(pixiv12989394),59
chibitan,59
chidori_(@rom),59
chiko_(d04099),59
chuor_(chuochuoi),59
curry_bowl,59
d-rex,59
dai-oki,59
daitirumoesu,59
dakunesu,59
deego_(omochi_bazooka),59
deltaa,59
dominic_ian_cabatit,59
duto,59
eikokudaisuki,59
fat_(artist),59
fom_(lifotai),59
fukano_youichi,59
furikawa_arika,59
geru,59
gurimjang,59
ha_ze,59
hamico,59
hara_kazuhiro,59
harapan-kun,59
haruhikohiko,59
haruyuki_14,59
hato_satobeni,59
hatoneko,59
hermmy,59
hhhori,59
higurashi_ryuuji,59
hihiqhi,59
himehi,59
hiro_23_kura,59
hiseki_(tknkkm),59
hold111,59
hourainingyou,59
hyuni_(hyunicat),59
ibuki_pon,59
ichigoh,59
iltusa,59
inuki_(aruurara),59
iseno_yajin,59
jeffrey10,59
jerry3912,59
jiaopiupiu,59
jinusi,59
juraki_hakuaki,59
jyaoh0731,59
kaie,59
kakiikada,59
kase_(kurimuzone_oruta),59
kashi_kosugi,59
kawase_seiki,59
kazucha,59
kazunari,59
ken123456,59
kermittend,59
kikistark,59
kmk,59
kohinata_raichi,59
konna-nani,59
kuroi-neko,59
kurosawa_tomo,59
kurumi_(recycllamo),59
kyou_(user_gpks5753),59
kyouyasai4423,59
lee1210,59
levi9452,59
lino_chang,59
mam233,59
mas_square,59
masuda_(yousaytwosin),59
matatatatabi,59
matoyama,59
mattang,59
menoko,59
mickey_dunn,59
mielang,59
mimoza_(96mimo414),59
mitsui_mana,59
mizu_(dl7613),59
mizumi_(artist),59
mizuse_ruka,59
mofumanju,59
mohumohu-san,59
moroboshi_danshaku,59
motimoti_mgmg,59
myo_ne,59
nadir,59
nagashii_kouhei,59
nagishy,59
nao_suke,59
neko-hime_(neko-hime),59
nekokan_masshigura,59
nekonyan_(inaba31415),59
nemu_(isaya),59
neonfloyd,59
nick-ian,59
nishina_hima,59
njike,59
noda_(yncoon),59
nuebako,59
ohlia,59
okii,59
okurabaakaa,59
omiza_somi,59
oohirakeisuke,59
ouma_tokiichi,59
pakotaroh,59
pentomo_(petra_gurin),59
phino,59
pukara,59
reibun_(raven1119),59
reio_(reio_reio),59
renzu_(lens_02),59
rikka006,59
ripe.c,59
rippe,59
ro_risu,59
romi,59
ross_(clumzero),59
ryouryou,59
ryuno,59
saang2cm,59
sangrde,59
sankakusui_(deltawhite),59
sato_(vintage),59
satsuki_(chaosmode),59
sen_(pixiv111638),59
sen_(sansui),59
sennen_suisei,59
seseragi_azuma,59
shimashima_nezumi,59
shing_xiang_bei,59
shinkai_no_shachi,59
shizupu,59
shosei,59
shouoto_aya,59
shovelwell,59
shunnyun,59
sirou69,59
smile_(mm-l),59
sowamame,59
stormcow,59
subaru_noji,59
suekane_kumiko,59
suzui_narumi,59
suzushiro_nazuna,59
syou_(endemic_species),59
tachibana_yuu,59
takashi_(calla),59
takayuuki,59
takeuchi_hiroshi,59
taletale,59
tano,59
tanu,59
tenyunkel,59
tigern,59
tn_(nakamatic-arsenal),59
tohoho_(hoshinoyami),59
tokeshi,59
tokita_arumi,59
tom_skender,59
tomanattsu,59
touge_hiro,59
tsuji,59
tsukasa_0913,59
tsumayouji_(dekosoko),59
tsunemi_aosa,59
tsuruko_turuta,59
ueda_yumehito,59
ultimate_asuka,59
umakoshi_yoshihiko,59
usameruti,59
usasaki_shiro,59
utsurogi_akira,59
walter,59
whitebear,59
wolf_(raidou-j),59
wu_(user_sevs2252),59
x-teal2,59
yagi_mutsuki,59
yakusa,59
yamamoto_yamato,59
yanagihara_tantoui,59
yatanuko,59
yoshida_takuma,59
youhe_hino,59
yukaran_nosuke,59
yuki_taru,59
yukinohana,59
yukiusagi1983,59
yuzuriha,59
zakuro,59
zonzgong,59
zukaketawagase,59
2t_(vmyz7342),58
84k,58
90i,58
^jj^,58
aino_yumeri,58
ajapar,58
akira-riku,58
alc_(ex2_lv),58
amami_mikihiro,58
amanoyayuki,58
amore1989,58
angeldust,58
aoi_tsuyu,58
arakawa_hiromu,58
aron_e,58
asakiri_koko,58
ashitaba_tomorou,58
ayase_yuuki_(mikan_mochi),58
azelweien,58
berukko,58
bollzzalguy,58
bon,58
bosack,58
bummerdude,58
canape_(canape0130),58
canis428,58
chi_yu,58
chocotto715,58
chun_1234567,58
ciel_arc,58
combos_&_doodles,58
dadami,58
dagashi_(daga2626),58
dakku_(ogitsune),58
deku_(pixiv26269),58
dm_(dai_miao),58
edward_montenegro,58
emimeku,58
emu_(marico_w),58
etama_quomo,58
fengmo,58
fugi_jis,58
fusui,58
ganik_(pisshine),58
ganno,58
garasuita,58
genshi,58
ginnote,58
gotyou,58
green_kaminari,58
hachizowo,58
hakoneko_(marisa19899200),58
hami_(lvct),58
haru431,58
haruna_hisui,58
hatosabure,58
hhama,58
himuro,58
hina_(hinalovesugita),58
hino_(2nd_life),58
hirose_(mokiki),58
hiyashinssu,58
hullabaloo,58
huyase,58
hyeon_sonic,58
ichi001,58
iduhara_jugo,58
io_enishi,58
ishiki_(okota),58
ishiwari,58
iwaya,58
izumi_natsuka,58
jakelian,58
jimmy_t,58
jingo_kajiki,58
joker_(stjoker),58
jr4rt,58
jufalin,58
jumping_dogeza,58
jun_(aoerm),58
kabayaki_namazu,58
kaekae,58
kamiyama_teten,58
karu_(ishiken),58
kasoku_souchi,58
katsudansou,58
kawara_yun,58
kazeha_(starrysky),58
kichin_yarou,58
kirise_mitsuru,58
kochipu,58
konataeru,58
koshianpancake,58
koto_seori,58
kuroneko_(fragrant_olive),58
kusu_(moo1225),58
kyado_(amaterasu),58
langlang,58
leica,58
lotus_(elico),58
mabera,58
mai_(t-5),58
makaron611,58
mamaito,58
mana_(418208360),58
manabe_jouji,58
manjuu_teishoku,58
maou,58
mari_(little_crown),58
maria_(maria0304),58
maru_(maru1625),58
matatabi_(karukan222),58
matsuu_(akiomoi),58
meneru,58
microspace,58
miku,58
miloku,58
minatoya_mozuku,58
mirea,58
mizoreame,58
mizuchi_(mizuchi7118),58
mochizuki_yomogi,58
mogijabgo,58
mononoke_(empty),58
mrdotd,58
munakata,58
n:go,58
nakane_nata,58
nakanoart,58
naobe009,58
nekkikamille,58
neone,58
netlk,58
nez-box,58
nobu_baka,58
noise_(hakusen),58
nori_(stak819),58
notchi,58
octosoup,58
oda_takashi,58
onomaru,58
ononotsu,58
paji,58
panamaman,58
pandarou,58
park_ongjol,58
pecchii,58
penta5,58
plainwhite,58
pmx,58
qblade,58
rai-rai,58
raina,58
ran_komomo,58
ren_san,58
rukito,58
ryuuno_stadtfeld,58
saboten,58
sakana_(packetsjp),58
sakuramochi_n,58
sekino_takehiro,58
selyg15,58
sen-jou,58
sendai_(nazonomono),58
sergei_(artist),58
shachiku,58
sharktuna,58
shimoku_reyu,58
shinonome_haru,58
sindre,58
sizuka_(takuma0),58
sobamushi_mo,58
solipsist,58
suemitsu_dicca,58
surume_(clavis),58
syanayuuji,58
taka_(taka_wo_kukuru),58
takadoya,58
takase_(takase1214),58
takashi_(onikukku),58
tam2,58
tko_(artist),58
tokitsukaze_otoha,58
toromi_chuuka,58
traumatize,58
tsuda_akira,58
twilightrain,58
un_do,58
usalxlusa,58
utakata_(0824),58
vashperado,58
veilrain,58
wacchi,58
wataame4907,58
watanabe_masafumi_(masafumi_127),58
xaxak,58
yakusuke,58
yashichii,58
yo_yuma,58
yoshio_296,58
yuta1147,58
yuurei_yashiki,58
yway1101,58
.l.l,57
1ten,57
3j_dangan,57
accio,57
adachi_(ioioi),57
aiv,57
akchu,57
alejandro_tio,57
alicezakat,57
an_yb,57
annno_ans,57
anthiea,57
aoi_mitsuru,57
apple972,57
arana_21,57
arciealbano,57
aroze,57
asagi1111,57
asakura_ryou_(artist),57
ataru_(7noise),57
autumnlll,57
banboro_(technobot),57
beegle,57
beihan,57
boris_(noborhys),57
campanula-star,57
cang_fade,57
child-box,57
coffeedog,57
crylin6,57
daible,57
dedeen,57
dh_(brink_of_memories),57
do_while02,57
dokka_no_kuni_no_kokuou,57
donaldakron,57
dorisu2,57
dura,57
dutchko,57
ecocube,57
eisuke_ogura,57
enu_(roco_roco44),57
fenris,57
flowers-imh,57
french_maid,57
fuji-k,57
fujikiti,57
fujishiro_kokoa,57
fumikiri,57
futaba_841,57
fuu_(07199382),57
gino,57
golden_pe_done,57
gomtang,57
hamashima_shigeo,57
hanno,57
haru-yua,57
haya_bs,57
heidi_(gray_all),57
hidakarumen,57
hima_(ab_gata),57
himo,57
hinata_yuu_(atelierhinata),57
hinoya,57
hirai_hisashi,57
homaredai,57
hotori_(sion),57
huazha01,57
hurin_raika,57
ichimatsu_nana,57
idashige_(walkietalkie),57
ikeda_yasuhiro,57
inukoro_(spa),57
irohaniwoedotirinuruwo,57
isaya_(pixiv4541633),57
itituki,57
izuki_(toneya),57
jjjjtaaaku,57
ju6mei,57
kagi_f,57
kairi_shimotsuki,57
kamin,57
kaminosaki,57
kamukamu,57
kanata_(mizubenisumutori),57
kanianoreki,57
kanikame,57
kanimura_ebio,57
kasumi_(pluvieux_tigre),57
kata_meguma,57
kemejiho,57
kinsatsu_(grizzled),57
kirieppa,57
kokorominton,57
kokusan_moyashi,57
komena_(shinyday312),57
konno_kengo,57
koro_(tyunnkoro0902),57
kotomi_(happy_colors),57
koyuiko,57
kuromitsu_kinako_(artist),57
kuromu,57
kururi,57
kyu,57
ladfa,57
leo-dont-want-to-be-a-painter,57
light_kiseki,57
linda,57
linda_b,57
luma8b,57
maki_(artist),57
mandrill,57
manmi,57
maou_(demonlord),57
maple_(cyakapon),57
mappo_m2,57
marihei64ds,57
mario_kaneda,57
melisaongmiqin,57
mephist,57
mhg_(hellma),57
mi_hitsuji,57
michiru,57
miiizuno_lbs,57
mikawa_miso,57
miranko,57
miruzawa_akechi,57
mishin_(mbmnk),57
mizya,57
mocha_(mokaapolka),57
moe_on_drop,57
moko_eaka,57
mossari_poteto,57
munya,57
mura_(kiyohime),57
mx2j_(nsh6394),57
myung_yi,57
nagiru,57
naname_(fossama1),57
nantoooo,57
nari,57
nbb3,57
neats,57
nicca_(kid_nicca),57
nijiiro_zakura,57
nikubanare,57
nin,57
nisego,57
nobu0,57
nuancho,57
nyaph,57
obakelope0530,57
oekakiboya,57
oge_(ogeogeoge),57
ohtagaki_yasuo,57
okakan,57
oukatihiro,57
oyaman,57
panda_(pandadesu),57
pandora_(angelfeather-heart),57
pclbang,57
picocopi,57
pinkarage,57
pixiv_id_3389939,57
plasbott,57
psuede,57
puririn,57
qbspdl,57
qiqu,57
quick_makanaha,57
rainsp,57
ruoganzhao,57
ryanpei,57
ryrmcher,57
saburou_(hgmg),57
sakauchi_waka,57
samazuka_mashiro,57
sanae_(satansanae),57
sandman_(gm4zfijcwbz3g4y),57
sano_naoi,57
sarena,57
se.a,57
senmu_(0107),57
shakeda_mamoshirou,57
shaneru,57
shide_kouri,57
shinozuka_jouji,57
shiratsuyu,57
shizuna_kaede,57
shoonear,57
sireia_round,57
sofo_soup,57
sorakura_shikiji,57
souichi,57
sterben,57
steward_b,57
supershrimpcakes,57
suzu_(kosakabe),57
suzuneko-rin,57
syertse,57
takahashi_kouta,57
take_(trude1945oneetyan),57
techno_fuyuno,57
tenkomori_(nirastrator),57
tenya,57
tobu_0w0,57
tooaya,57
tsubasansan,57
tsukishima_makoto,57
tsuyuki,57
tsuzuki_masumi,57
tuzhate,57
udukikosuke,57
ukichan12011,57
ukimukai,57
umu_(um),57
uran_(uran-factory),57
uruc,57
utamaro,57
warable,57
watashishi,57
watayuki,57
yamineko,57
yori_(y_rsy),57
you_naka,57
ys_(fall),57
yuhazu_(rhe-rhe),57
yujin-yujin,57
yukasu,57
yuki112071,57
yukisame,57
yun_(neo),57
yunodon0315,57
yuufuushi,57
zako_(arvinry),57
00tea,56
7:24,56
ajitarou_(setsu),56
ake_blood,56
akizuki_akina,56
ann606,56
antiqq,56
anyannko,56
aquariumtama,56
arigato_(rmskrtkdlqj),56
asahana_jun,56
asahina,56
ashita_wa_hitsuji,56
ayanobro,56
azuman,56
baba_kanade,56
banajune,56
baraba_baba,56
baretto_(firearms_1),56
bluekalmia,56
bokokichi_(you),56
bol_(liliymimi),56
bomi,56
cerasus,56
chariki,56
cocolo_(co_co_lo),56
cosmo_(bousoup),56
cyama_land,56
deatiose,56
dgkamikaze,56
domodesu,56
dreamusun,56
eka_eri,56
ello,56
emmikn,56
erika_(ym0311),56
eternal_phantasia,56
fuse_ryuuta,56
g.t,56
gia_kon,56
giorgio_claes,56
goiro_(doukutsuwa),56
gomibuta_kuzutarou,56
gotointhepark,56
grouse01,56
grune_(artist),56
guriko_(mossari),56
hanemikakko,56
harumi_chihiro,56
hatake_michi,56
hayato_(meromoni),56
hc2002,56
hechi_(hechi322),56
hide38,56
higa_izuru_(idsuru),56
higebu,56
hinazawa_kirie,56
hiragana_(gomasyabu),56
hiraizumi_(mugenkidousha),56
hirayama_madoka,56
hisany-spacecrayon,56
honoka_(1399871),56
hozumi_takashi,56
hyaku_chi,56
ibuki_ena,56
ichino_tomizuki,56
inaba-no-kuni-tottori,56
inaho,56
ininiro_shimuro,56
inugami_akito,56
ishikei,56
juu_satoshi,56
kadokura_(whokdkr),56
kame_(unaikodori),56
kamo_ashi,56
kamo_nari,56
kanaria_(fuusenkazura),56
karamimame,56
katsuma_rei,56
kaze_minoru_so-ru,56
kechon-san,56
keijou_(cave),56
kemu_(pixiv463430),56
kichijou_agata,56
kimagure_ringo,56
kinokoko-kino,56
kiseri_momo,56
koma_yoichi,56
konase_(non_stop!),56
konoe_(vis9191),56
koopo,56
koukoku,56
kujira_rooran,56
kujuu_shikuro,56
kuma_jet,56
kuran_(mkmrl),56
kuraryu,56
kurorichin,56
kuze,56
lambda_(kusowarota),56
leonardo_vincent,56
libert,56
lockheart,56
luft,56
m-ca,56
ma_tsukasa,56
maiq06,56
masunosushi,56
meimu_(infinity),56
meranoreuka_(naokentak),56
mgn0isi,56
midooka_(o_k_k),56
midori_kouichi,56
mikannu,56
mimelex,56
mimonel,56
mitsuba_(threeleaf),56
mitsurugi_aoi,56
mitsusaka_mitsumi,56
miyakawa106,56
mizuno_(soutaman),56
mizutan64,56
mo_(deciliter),56
moketa,56
momori,56
monorino,56
moo_(umineko),56
munehiro_(21plus),56
munuko,56
murasaki_atsushi,56
murasakigo,56
nakuru,56
nalphanne,56
naruse,56
nekoi_mie,56
nekokami,56
nemuro_nao,56
nidaime_(doronbo),56
niito,56
nito_(siccarol),56
nod,56
noda,56
nori_senbei_(norisenbei_1),56
nuka_cola06,56
nyaroon,56
oekaki-daisuki-dessu,56
okubyou_yuuki,56
oni_tengu,56
pisu_1107,56
plague_of_gripes,56
pochi-a,56
polo,56
poni_(rito),56
poseich,56
pota,56
r-type_nirvana,56
radioneet,56
rakku_(10219563),56
rakkyhappy,56
redeye_(artist),56
remon_(10112),56
ric_(fwpbox),56
riku_yama,56
rock-bomber,56
roels,56
rubi-sama,56
ruru_(lulubuu),56
rusty_soul,56
sabachiyo_land,56
safi,56
sakura_inu,56
sanbe_futoshi,56
saotome_hiyori,56
seki_(hyokosho),56
senju_(uroakono),56
sentape,56
setona_(daice),56
seu_(hutotomomo),56
shan_(ti0n),56
sharkudon,56
shijukara_(great_tit),56
shima_tokio,56
shimazaki_mari,56
shin_no,56
shino-puchihebi,56
shinshia,56
shiwashiwa_no_kinchakubukuru,56
shiying_no_yao,56
soooooook2,56
sparks_summer,56
su34ma,56
surota,56
tachi_(gutsutoma),56
tadano_kazuko,56
takerusilt,56
taku_artworks,56
tamuhi,56
tamura_satomi,56
tatsuyoshi,56
te_toga,56
teijiro,56
terry_(pixiv3274443),56
teru_sakura,56
tetz-co,56
tilm,56
tobacco_(artist),56
toho-77,56
toichi_(ik07),56
tommy830219,56
tonchan,56
torino_aqua,56
torisukerabasu,56
torokeru_none,56
totteri,56
trunkdiary,56
uki,56
uruu_gekka,56
vanilla_(nicolla),56
vic,56
wakanita,56
wamudraws,56
wani_(fadgrith),56
weon1119,56
windfeathers,56
wishbone,56
yamano_(151515),56
yanzhan,56
yi_lee,56
yohakuaki,56
yoi_(207342),56
yojio_(2188),56
yoko_juusuke,56
youshun_(naturaljuice),56
youyume-kun,56
yuiofire,56
yuyu805p,56
zasshu_nigou,56
zealmaker,56
zero_(jckz2334),56
4th,55
7fuji_06,55
aburaya_tonbi,55
aburidashi_zakuro,55
airspace,55
amanagi_seiji,55
amorthlen,55
aonik,55
archellaura,55
asada_hachi,55
aster_crowley,55
autumn_(artist),55
azuma_shoujuan,55
azzz_(7334080),55
bakanoe,55
bun150,55
butakasu,55
byulrorqual,55
cafemoka-septro,55
chameleon_(chameleon0613),55
chen_shu_fen,55
chun_(friendly_sky),55
chunrijun_(springer),55
circlek,55
cwilocky,55
cyka,55
derori,55
dichlorvos,55
dlkdhy,55
dororosso,55
doudoude_dou,55
edamame,55
edo.,55
ehart,55
evil000000s,55
fervent_idiot,55
furururu,55
fuu_takara,55
fylus,55
g_c_hori,55
gambler_club,55
gamerag,55
gao_ex_kaiser,55
gardavwar,55
gari_(apollonica),55
gentaro_(g_teall),55
girock,55
godsh0t,55
gomibox,55
hachimaru_(ediciusa),55
hanahanaken,55
harumomo_(@harumomo123456),55
harutask,55
hasai_(mekkan),55
hashiguma,55
hasu_(zatsugami),55
hatutaro,55
hazuki_shino,55
hibiki_reine,55
hiepita_(1014),55
hiiragi_kei,55
himegi_you,55
hinemosu_notari,55
hiromon,55
hmk84,55
hopper,55
hsmoji,55
ian_chase,55
ichinosenen,55
if_(asita),55
instockeee,55
isa_(chiyo-s),55
iwaki_hazuki,55
iwako_(eiken3kyuboy),55
jana_schirmer,55
jip,55
jisue10,55
k2pudding,55
kabedoru,55
kabocha_(monkey4),55
kabu_(yuyuibob),55
kageimo,55
kamaboko_(ossann0125),55
kinakomochi,55
kinokko,55
kitou_kaitai,55
kittaka_kaname,55
koeri,55
kokuzoo,55
komatsu_(sakanae),55
kuon_(nokokopopo),55
kurasaki_cosmos,55
kushidori,55
kyarahiba,55
lakestep55,55
lgw7,55
lost_elle,55
maeshimashi,55
majin_go!,55
makenevemoiine,55
makkamu,55
mameko,55
mana30row,55
manekinukotei,55
maronie.,55
mashitono_desu,55
matayoshi_(nopple_1000),55
meo,55
merumayu,55
milkuriem,55
minakami_kaori,55
miri_(bossu_osu),55
mirunai,55
mitsugetsu,55
miya-ki_(miya_key),55
mizuse_kiseki,55
mogiko,55
mogu,55
monji_(monzi328),55
mori_airi,55
mori_kotarou,55
mori_yashiro_(konkon_oyashiro),55
moriyama_daisuke,55
muhamado,55
nabeiro_kin,55
nada_haruka,55
nagato_mikasa,55
nakagomiyuki415,55
nao_(doublexdutch),55
natuna_natu,55
nekonabe_ao,55
nenenoa,55
nika_(nikasa_an),55
nito,55
noie_(neunteedelstein),55
numbers_(boars),55
nunun,55
nya_rl,55
ogarasu,55
oharu,55
okishiji_en,55
omijin,55
omuni,55
onomiya,55
osanai,55
ouka_mai,55
pengnangehao,55
peragura,55
pikiru,55
pkin_cheezpie,55
puddingx2,55
qitoli,55
qunqing123,55
rainsong1107,55
re:chaen,55
rei_(456789io),55
rico_(game00985),55
risshu,55
rou,55
rozer,55
s_kengo,55
sachi_(yumemayoi),55
sagami_rin,55
saitaniya_ryouichi,55
saitou_rokuro,55
satori_(ymoy),55
sawa_(sawasaku),55
shatou_(c-com),55
shibatenko,55
shino_(2919),55
shino_duka,55
shirayuki_mutsumi,55
shirotsume_143,55
shirubaa,55
shiso_i4,55
shrie,55
shuan_0420,55
sm318,55
soraishinya,55
soriku,55
spearmintaii,55
starpri,55
sugata_dski,55
suigetsu_koubou,55
sumeragi_tomo,55
sun_stark,55
suya000,55
suzuno_(kazahanasu),55
sxupxdxxy,55
t_jiroo_(ringofriend),55
takatsuki_akira,55
taki_(nakochan),55
takuteks,55
taroji,55
tatyaoekaki,55
tei-o,55
tendosora,55
thurim6,55
todo_(masa3373),55
tomcat,55
tomomi_sasaki,55
tomoya_(artist),55
tonayon,55
toto,55
tougarashi_hideyu,55
touyu_1210,55
tsugumi_(uzurabird),55
tsukamoto_kensuke,55
tuchinokoeffect,55
turkey_min,55
ultone_(neisiss),55
umekobushi,55
umi_(pixiv6861961),55
unory,55
urabe_(mstchan),55
utori_(tanakautori),55
vanekairi,55
wang-pac,55
wokome,55
yakochu,55
yam-potong,55
yamada_jiro,55
yamamura_umi,55
yamanaka_kotetsu,55
yamano_sachi,55
yano_(edbr1022),55
yaoto,55
yasakani_an,55
yashima_takahiro,55
yasuto_(eria151),55
yayoi,55
yennineii,55
yeshisi,55
yi_yu,55
yomi_(indigoriver),55
yonezu_kenshi,55
yuba_(pixiv),55
yucopi,55
yuizayomiya,55
yuki56,55
yukko93,55
yutsuki,55
yuuki_(yukinko-02727),55
yuxyon,55
yuzuno_nana,55
ziogon,55
96tuki,54
a.a_(aa772),54
a_meno0,54
aa44,54
aaaa,54
abe_tsukumo,54
acchi_(koiyimknp),54
adricarra,54
ahirumamire,54
aka_(pixiv),54
akishisu_(air_balance),54
amane_sou,54
ame929,54
amene_kurumi,54
antiquewhite,54
aosode,54
asaki_(asaki_vision),54
baasaku_(balasaku24),54
beek,54
begbeing,54
biseibutu,54
bk201,54
c.r.,54
chabudai,54
chiba_yuriko,54
chihiro_(artist),54
custom_(cus-tom),54
dahuang,54
daichan_mona,54
daitai_sotogawa_(futomomo),54
diaodiao,54
dummy04,54
ebiebiebio,54
ebippoid,54
endend_(shinia),54
ergouzi_echo,54
erinan,54
esoragoto,54
fare,54
feesh,54
fujima_(k114),54
fujisaki_miyabi,54
fujita_yukihisa,54
geo_siador,54
gishu,54
goma_tonbi,54
gorigo,54
gyuunyuu_nomio,54
haiperion_buzan,54
hajime_(ak-r),54
hamuhamu,54
hanshu,54
harukan_tiusu,54
hashibi_rokou,54
hayun,54
hikari_hachi,54
hikaru,54
hinomars19,54
hitsuji_takako,54
hokuto_shun,54
houjichaoic,54
hyerry,54
ibui_matsumoto,54
ichiko_oharu,54
ichinana_(dametetujin17),54
idayui,54
imo_bouya,54
inyu,54
irimo-m,54
isai_shizuka,54
isosceles_triangle_(xyzxyzxyz),54
itaco1987,54
kaddo,54
kai_ri,54
kai_yuuki,54
kamiura,54
kaneda_mitsuko,54
kanna_(chaos966),54
kashi,54
kashmir,54
katagawa_mika,54
kataokasan,54
keis_(locrian1357),54
keita_(kta0),54
kickylian,54
kiitos,54
kiki_lala,54
killerohan,54
kimochi,54
kimoko,54
kinako_(artist),54
kinniku_tarou,54
kobayashi_gen,54
kogawa,54
kokashiho,54
komazuki_(komaworks240),54
komenama,54
konoquro,54
korokoro_daigorou,54
kouhou_no_nin,54
koumei_(artist),54
kura_(xxcracy),54
kurafuji_sachi,54
kurimilove,54
kurobe_sclock,54
kurogane_daichi,54
kurojishi,54
kyo-ani_love,54
lillly,54
loiza,54
ltt_challenger,54
lumbbyz,54
luu,54
ma-hain-scarlet,54
makino_(artist),54
matsukaze_yukiji,54
medaka_h2,54
mei_(abliss),54
mii,54
minatsuki_alumi,54
minutachi,54
misuzu_(iridescence),54
mizumidori,54
mizutani_hozumi,54
monokuro_(sekahate),54
mopiwo,54
moryo,54
motituki0,54
muki_(mayuiki),54
mushi_baibai,54
nagamerin,54
nagihashi_koko,54
naokado,54
naoko_(artist),54
narutaki_shin,54
natsuneco_02,54
natsuyuki,54
nectar_(fujiya),54
nekkeau,54
nekotewi,54
nemui_(nemui),54
neneko_sleep,54
ningai_modoki,54
noamem,54
nobuya,54
noi,54
noja,54
norinco,54
northman,54
nuko-d,54
o-rui,54
ofuro_mantarou,54
on_(isk1812),54
ouhashi,54
pachi_(sugiyama0306),54
pantsu_(lootttyyyy),54
pdxen,54
pekikokko,54
penguin_caee,54
piyo,54
pomeko,54
qi_hui,54
rage_(rojiura),54
ranran_3939,54
rapt_(47256),54
rayu,54
rikose,54
rion,54
risacan6627,54
rizuriri,54
rouki_isago,54
rumic_0620,54
ryou_(kimagure),54
ryuuryuu,54
sake_(utopia_modoki),54
sakura_yuduna,54
sanntouhei,54
sasamashin,54
senno_aki,54
senzi,54
seto,54
shabomu,54
shiba_inu_(j1piwzrj8xdzywk),54
shigekikkusu,54
shin_kawasaki,54
shokkaa_(shmz61312),54
snowflyer,54
soemy,54
solvalou,54
somalisu,54
sora_from_france,54
soupchan,54
spritzer,54
ssumbi,54
stellarism,54
sumiko_(skbsu),54
supobi,54
surikogi,54
suzuharu_toufu,54
taguchi_makoto,54
taharu_kousuke,54
takei_ooki,54
taketora,54
tamakorogashi,54
tatsuwo,54
tententensan,54
tepes,54
thomas_(aoakumasan),54
toor_0111,54
toriga,54
toyoda_izumi,54
tree_13,54
tsuji_kazuo,54
tsukasa_kinako,54
tsukkon,54
tsuneaki_(dosnan),54
tsunogiri,54
type_(artist),54
umeno_(shio1205),54
un_s,54
unbalance,54
ura1011,54
utu_(artist),54
uzucake,54
vanilla_(artist),54
wakaya_hana,54
warabin_(suteki_denpun),54
wataro_(watawatawatapon),54
windyakuma,54
worvies,54
wotmyijingwuyuwuqiule,54
xiaohutu,54
xinta,54
yaten,54
yone_kinji,54
yoshida_yoshitsugi,54
yucco_kxoxc,54
yuika_(yurika712),54
yuno_ff,54
yuu13,54
yuu_(primenumber7),54
yuzukarin,54
zrae,54
zrero,54
720_72,53
ah_san,53
ai_wa_muteki,53
akanagi,53
akatsuki_hiro,53
aki_(mare_desiderii),53
akino_shin,53
akira0171,53
amafuyu,53
amaneko,53
ameyamadenshin,53
anko_kinako,53
ao666,53
aoi_(altea0923),53
apo_(rairaru20001),53
arai_teruko,53
arata_toshihira,53
ariaridoradora,53
arnold_tsang,53
asasui,53
ashino,53
augetsix,53
ayasato_karen,53
azuki_(lizzy),53
bakko,53
benimura_karu,53
billyonthestraw,53
bit_(keikou_syrup),53
black_light,53
chahanramen,53
chichizuki_(manman-ya),53
cimeri,53
cokata,53
collateral_damage_studios,53
cusui,53
d_midiror,53
dabu_(dabuchan),53
dhjs_0010,53
dokuromaru,53
dtcy,53
e-nya,53
enajii,53
eruza,53
etmc1992,53
felnemo,53
flo,53
foge,53
fre,53
fujii_maki,53
futaru_usagi,53
geta_(epicure_no12),53
goe,53
hadean92,53
hall_jion,53
hana_(apple_water),53
hanyu,53
haruto_(hirokazu1001),53
hayasaka,53
hihara_you,53
hijiki_(hijiri_st),53
hika_(hikara),53
hizaki_ryuuta,53
hokuto_(artist),53
hoshino_yami,53
hyuuga_takashi,53
ibenz009,53
ichijou_hitoshi,53
infini,53
instant_ip,53
ishitsu,53
ivuki,53
jazzjack,53
jdge,53
jeran_(ggokd),53
jet_(artist),53
jo_ro_ri,53
jonejung,53
july_(shichigatsu),53
kabane_(follabi),53
kabi_killer,53
kaboplus_ko,53
kaburagi_(pnoir087),53
kamumiya,53
kanaritu,53
kareha_aki,53
kata_rosu,53
katahara_(no_108105),53
katsura_(+araka),53
kawasaki_toiro,53
kbs,53
kikuta,53
kirin_tarou,53
kiryuu_takahisa,53
koki_(pixiv),53
komori_takahiro,53
kon_manatsu,53
konokiya,53
kotaroukuroo,53
kotetu,53
kuma_(darakehoudai),53
kumoya_yukio,53
kuro_guren,53
kuroneko_koubou,53
kusada,53
kyan-dog,53
kyoku_tou,53
m134,53
mac-kine,53
maho_(boku_no_kao_wo_otabeyo),53
mashu_(masyu_ut),53
masiro,53
masuneko,53
matsuyama_nozomu,53
mayer,53
mazjojo,53
medemoisellecu,53
michelle_(ooo-anteat),53
mimura_kaoru,53
mintchoco,53
mio-muo1206,53
miso_pan,53
mitche,53
miyamoto_issa,53
miyasumi_(jam_session),53
mizuki_(kogetsu-tei),53
mmlu_(honwa_karesu),53
mochiyuki_(gigfor1),53
molatoliamu,53
momofukki,53
monster_gogo,53
monsterheart,53
moonya,53
morinaga_hinase,53
morini_ochiteru,53
morisawa_machi,53
mos,53
mountain_pukuichi,53
mr.milk_caramel,53
muku_(pixiv3207772),53
muumuu_(sirufuruteienn),53
mytyl,53
nakada_rumi,53
namidame,53
namine0079,53
nana_(manaita_koumuten),53
nana_illust,53
nanoless,53
narinn,53
nayuko,53
nazu-na,53
nean,53
negativezero,53
nekotemari,53
nenosame_(nenosame5_),53
nifu,53
nishimura_(prism_engine),53
noe_yuuhi,53
noppi_(noppi_98),53
noumin,53
nu_ma,53
nyoriko,53
ochi_marco,53
ogata_kouji,53
okayu_(headless),53
okomeuma,53
okura_lino,53
oriharaizaya819,53
oryo_(oryo04),53
otani_(gloria),53
otimusyairoha,53
ozaki,53
phano_(125042),53
purin_(purin0),53
r,53
rampa93,53
rikaon,53
rita_ya,53
ryouzou,53
ryusei,53
ryuu_(tsukinoyuki),53
ryuuta_(msxtr),53
s90jiiqo2xf0fk5,53
saber_01,53
sakuragi_kei,53
sarhce,53
sarukomea,53
satonishi,53
satsumaimo_pai,53
sei000,53
seo_haruto,53
shanghai_bisu,53
shi_mohaji,53
shiomiya_iruka,53
shion_(mamuring),53
shion_343,53
shiro_shougun,53
shiromaru_illust,53
shisokonbu,53
shiumai,53
shoji_sakura,53
shou_mai,53
shuang_ye,53
shuuhei_(artist),53
solru,53
soshina_nohito,53
souma_(ordures),53
spirtie,53
sugi87,53
suzu_no,53
t.a.k.,53
tabibitowayo,53
tachiuo_(arines),53
taiga_mahoukan,53
takanashi,53
takanashi_minato,53
tamarinfrog,53
tawagoto_dukai_no_deshi,53
tight_(ohmygod),53
tomo_(ryo_i_so_),53
tomoeri,53
toraneko_(38),53
toshi_(tsujigiri_style),53
totsuka_(kapadaizin),53
tuku_rugk,53
two_pokemon,53
tyamaguch,53
tyuraba,53
uka,53
ultrataku,53
unjem,53
uno_makoto,53
usagihop,53
usamito,53
usuusu,53
utai_yumi,53
van-s,53
wakabayashi_makoto,53
wattsu,53
yamacchi,53
yamanushi,53
yanagi_yagiaji,53
yatsu_seisakusho,53
yeruen,53
ymr,53
youkan_(tako),53
yrk_yuriko,53
yuui1994,53
yuurinmoku,53
ziro_(daydozen),53
10r_(tulipano),52
abe_inori,52
aemono_(lemolemo_lmn),52
agetake,52
ajahweea,52
akari_seisuke,52
ame_tani,52
ame_usari,52
aokiku,52
apricot,52
aquamarine,52
armorganger,52
atori,52
awa_suna,52
awayuki_ramika,52
baka_(mh6516620),52
big-d,52
boken_fantasy,52
bzerox,52
cao_hong_anh,52
cb,52
ceramic_man,52
chashibu,52
chelle_ingham,52
chiiririn,52
chimaki.,52
chino_(ch_no),52
code49,52
coffee1223,52
comodomodo,52
copycat_(dryfood),52
cr-r,52
ctrlz77,52
czc_(deko),52
dakkalot,52
dako6995,52
darren_geers,52
deeple,52
dinikee,52
eku,52
emu_(trigger),52
en_0410,52
eneco,52
enoshima_iki,52
eunram,52
ez_1011,52
feriowind,52
fudepenbrushpen,52
fujimori_tonkatsu,52
furapechi,52
gogo/tad,52
gomibukurokarasu,52
guchagucha,52
gyuunyuu_(mashika),52
hadzuki_haru,52
haguda_tofu_(hakudatofu),52
hako_roku,52
hamada_pochiwo,52
hamioura,52
hanepochi,52
hanpen,52
hidaka0503,52
himajinsan0401,52
himishiro,52
hinata_keiichi,52
hinata_kokage,52
hirata_katsuzou,52
hirococo_(hakka),52
hitotsuki_no_yagi,52
hitotukinanoka,52
homura910210,52
hontani_toshiaki,52
hoshikawa_(hoshikawa_gusuku),52
hrtyuk,52
ilolamai,52
imtmcomics,52
ishida_kana,52
ishikiri,52
itou_life,52
iwana,52
jam_(jam0601),52
jarv,52
jee-hyung_lee,52
jinyuan712,52
johnnyyyyy,52
ju_(a793391187),52
jugatsu_junichi,52
june_mina,52
jyako_(bara-myu),52
kago1205,52
kakusei_shitauruchi,52
kapiko,52
kaptivate,52
katori_(katokichi),52
katou_tabihito,52
kawasumi_yuuto,52
kayou_(artist),52
kazura,52
kazutani_ninshi,52
ken-ji,52
keruasu0629,52
kidanieru,52
kieeyo,52
kikurage,52
kiminitokimeki,52
kimura_daisuke,52
kir_(khw66136132),52
kiriki_haruomi,52
kirimori_toya,52
kiritzuguart,52
kojima_takuro,52
kokekokko_coma,52
konatsu_karasu,52
konatsu_miyu,52
koutarou_(artist),52
kouzidaren,52
koyomiuta,52
kuro_ari_(pixiv),52
kuroda_(artist),52
kuroda_kuwa,52
kusakabe_rei,52
kyousuke_(orcein),52
lanyaojun,52
leewh1515,52
lextodrawstuff,52
lm_0063,52
lorein,52
lvlv,52
maigo_(neko),52
matsuki_akira,52
mayuri_kaichou,52
megarisu,52
midnight_(artist),52
mitsuki_mouse,52
miyakura_shiiha,52
miyama_(kannsannn),52
miyata_sou,52
mochitsuki_ado,52
morito_leaf9,52
moro_(like_the_gale!),52
mottsun,52
moyamu,52
moyasiwhite,52
mumulatte,52
murata_isshin,52
muuten,52
mykokampfwagen,52
nachoz_(nachozart),52
nakamura_yukitoshi,52
nakasaki_hydra,52
namuro,52
nasubi_illust,52
nestkeeper,52
nigiri_(ngr24),52
nitamago,52
njosau,52
noantica,52
nomura_teruya,52
nonoririn,52
nstlgie,52
nuwanko,52
o4ritarou,52
okachi,52
oo_gata_ken,52
ootsuka_mai,52
ooyama_imo,52
osakana,52
ottottouta,52
oumi_sanaka,52
ouri,52
paco_(eien_mikan),52
peppedayo_ne,52
pharamacom,52
pilky,52
pochi-t,52
por_(_por_tt),52
psychopath_idiot,52
rai32019,52
re1re133,52
red-d,52
reika_(artist),52
reimentyuru,52
rekari_(rekari628),52
reset,52
rika-tan_(artist),52
rim_(kingyoorigin),52
roku_(warrock),52
rokushou_kokuu,52
sachinyopo,52
saiko67,52
sakisato_kiriko,52
sakuragi_akira,52
sarnath,52
satomaru31000,52
satsuki_(artist),52
sawamura_hikaru,52
sawasa,52
sei_jun,52
seryu_oekaki,52
shinbasaki,52
shio_0585,52
shironeko_sanbou,52
shirosaba,52
shunrai,52
sil,52
sinomi,52
sinzire,52
skrmtl,52
slept_(re_mix),52
smi,52
snowchild,52
soba_(saz),52
sono,52
soramimi_(seiga),52
suga_leon,52
suzuno_(suzuno3110),52
t@ke-g,52
tabisora,52
taiyou,52
takenoko_(531),52
tako_seijin,52
taku10,52
tami_yagi,52
tatsuri_(forest_penguin),52
todoroki_gk2,52
tonan_leopard,52
toshi_gahara,52
ttk_(ehohmaki),52
umberblack,52
umebosibakari2,52
una,52
una_(mazinger),52
usagimarumei,52
usami_wataru,52
utarion,52
viiiper,52
yosimura,52
yozakura_retei,52
yukirar,52
yurigaoka_nayuki,52
yurizuka_(sergeant_heart),52
yuse,52
zabuton_dorobou,52
zelovel,52
zhen_long,52
3838383,51
3_ma_me,51
aaaabo,51
achikoako,51
akagawa007,51
akaiti,51
akiha_(attract),51
akira_kira,51
ame_wa_a_ga_tsutano?,51
amemura_(caramelo),51
ane,51
anko_(kirikiri),51
ariga_nao,51
aru_(arudes),51
asami_(undoundo),51
asaya-bigun,51
ashinano_hitoshi,51
ashita_yaru,51
ateka,51
ayakase_riberi,51
ayataka,51
ayo_(isy8800),51
ayul_(ayulneri_92),51
azuma_takeshi,51
ban_(ban62460424),51
bokuden,51
brll,51
chany,51
chinchickrin,51
chun_(luxtan),51
cyanomirahi,51
d_kurouri,51
daina_(encore62),51
dancho_(danch),51
dawndusk,51
eni_(yoyogieni),51
enoshito,51
erich,51
eruichi_(redphantom),51
ex-trident,51
faicha,51
faithom,51
fengtu_ad,51
finni_chang,51
fjsk,51
foo_(pixiv54892036),51
fujisaki_kaon,51
fumizuki_homura,51
futagojima,51
gedougawa,51
gen_(gen_7254),51
genkidaun,51
ging1993,51
gyup91,51
ha_neko,51
habatakuhituji,51
hage,51
hakka_(88hk88),51
haryudanto,51
hei_(tonarinohey),51
hijiri_(xxhizirixx),51
hikarusorano,51
hikyakuashibi,51
hiyoshi_hana,51
hizaki_gamma_(artist),51
hkeno,51
honya_lala,51
houjou_yutori,51
houtei9,51
ichiko,51
illustica_phantom,51
imperial_boy,51
isaraa_005,51
ishigami_kazui,51
itocoh,51
itou_takeshi,51
itto_maru,51
iyau,51
izuna_yoshitsune,51
jay_xu,51
ju-zika,51
juby,51
k_no_hito,51
k_step2009,51
ka92,51
kagachan,51
kaguya_(srx61800),51
kaien_advance,51
kamen_no_hito,51
kamo,51
kanno_fumiroku,51
kannuki_hisui,51
kantarou_(nurumayutei),51
kaomoji_(sagor00237),51
karo_karo,51
katsura_miya,51
kawamura_taku,51
kayoko_(panchlora),51
kazakami_yuu,51
keita_kg85,51
keiya,51
kensuke_creations,51
keruberosu-a,51
kimako_(kimako_8),51
kiroko96,51
kitsunekotori,51
kno1,51
konomi_(kino_konomi),51
korisei,51
korona,51
kouichi_(kouichi-129),51
kousuke102,51
ku-ba,51
kuma_yuu,51
kurokku-tokei,51
laki,51
lamian_(pixiv415608),51
lan_hallelujah,51
lee_byung_hee,51
lo_lis,51
lokman_lam,51
luen_kulo,51
madori_(sayuri5),51
mahkn,51
makuro,51
mame_usagi,51
maruto,51
masuchi,51
matagiro,51
maya_(tirolpop),51
mayuge_inu,51
mchi,51
mika_mikan,51
minami_machi,51
minamino_kanata,51
minazuki_(0038),51
miso_(mimimiso),51
miyamaru,51
mocco,51
momoyama_hinase,51
motokazu_(dontokodon),51
mueojisan,51
myk,51
mystic-san,51
myu,51
naijiaer,51
namiko817,51
nana_(artist),51
nanami_nana,51
nanatsuki_(arca-nize),51
ndgd_(bean1215),51
nefarian,51
nekou_izuru,51
nero,51
ninoko,51
nishimi_shin,51
noa_ikeda,51
nobusnow,51
nukunuku,51
ocha_(ochappie),51
onasu_(sawagani),51
onda_naoyuki,51
opiu,51
osa_(osaosa),51
ouzisamafe,51
pakuchii,51
panco,51
panpa,51
papo,51
pokeyugami,51
pokki_(sue_eus),51
pop_(electromagneticwave),51
pr0vidence,51
pupa_jiang,51
redrantem,51
richard,51
rochiko_(bgl6751010),51
rouge_(my_rouge),51
ruki_(ruki6248ta),51
sabakan_(iizuka48),51
saint_laurent_paris,51
sakasana_(kaisen_teikoku),51
sameda_koban,51
san_mamiya,51
sasahara_kaki,51
sasane,51
sayossa_(pak-front),51
sefa,51
sei_shoujo,51
sherryqq,51
shi_ecchi,51
shimeji_(4_me_ji),51
shinjiro,51
shokill,51
somnium,51
sora-bakabon,51
sosser,51
sou_ryuu,51
st.microscope,51
streamingsun,51
stupa13a,51
sugomori_tsuru_(artist),51
suikyou_(aqua_cities),51
sukehige,51
syo5,51
taigi_akira,51
takano_masayuki,51
take_no_ko_(4919400),51
takocha,51
tam-out_(datam),51
tama_(speedgrapher),51
tamamusi,51
tea_(retroz),51
tefu,51
tko_(kkk66),51
tomato_kandume,51
tomoshibi_hidekazu,51
toriko_(artist),51
toshi_hiroshi,51
tsubaki_(teatime0),51
tsuchinoko_(muni_muni),51
tsuji_yuzu,51
uhouho14,51
umeno,51
umigarasu_(artist),51
utu,51
uyuki_(ouun),51
viridian-c,51
wada_chiyon,51
wanaca,51
watase_yuu,51
xino,51
yadoso,51
yamako_(state_of_children),51
yamazaki_mitsuko,51
yasai,51
yasojima_nejiro,51
yoruniyoruyoshi,51
yoshihara_motoki,51
yoshinari_kou,51
yoss_3,51
yoyterra,51
yudetama,51
yuro,51
yuuten,51
yuya_(pixiv37335712),51
zefai,51
zy,51
zyl,51
zzz36951,51
1041_(toshikazu),50
agarwood,50
aizawa85,50
ajia_(otya3039),50
akatsuki_(pixiv23539542),50
aki_(aki_k6),50
akina422,50
ako96,50
akutsu_(yuumi),50
amakoke,50
ana_(artist),50
anco_(platanity),50
antiheld,50
araiguma,50
ashujou,50
asou_shin,50
at-yui,50
atsutoku,50
attall,50
atte7kusa,50
ayuko_(ayuco),50
azuki_(az_my),50
bamuth,50
bella_scottland,50
bianyuanqishi,50
boqboq,50
born-to-die,50
cglange,50
chauke,50
chibibro,50
chihong_de_tianshi,50
chikasatani,50
clear_echoes,50
co_botan,50
creepy_himecchi,50
doku_hebi,50
drogoth,50
dtym,50
ebi-rom,50
ecell,50
eguana,50
ekusa_takahito,50
ekusera,50
emerson_tung,50
ere_(2516325),50
etori,50
fujikei_shin,50
fujisaka_lyric,50
fukai_(yas_lions),50
fukaya_rin,50
furisuku_(gerbera),50
fuyu_mi,50
gatakigi_gama,50
gh_(chen_ghh),50
gigglepox,50
gomrang,50
goskt10trr,50
goushou,50
gurast,50
guru_(nicocco),50
gus_(clarkii),50
gyaku_tsubasa,50
ha.skr_(hasukara),50
ha_youn,50
hachiman_(douno),50
hagiwara_onsen,50
hakonekohime,50
hakuto_(artist),50
haneten_kagatsu,50
hannah_santos,50
haruna_mao,50
hasuyawn,50
hayaken,50
hazuki_(nukisasi),50
hc,50
hebata,50
himetsuba,50
himono_xeno,50
hiramatsu_tadashi,50
hitoha,50
ho-oh_(artist),50
homurabi,50
honi,50
hoshino_koucha,50
icf,50
ichi_yoshida,50
ifelt_(tamaki_zutama),50
ifpark_(ifpark.com),50
ika_(hinatu1992),50
ikanyoikanikan,50
illusionk,50
initial_f,50
inumura_(inu_noya),50
iori,50
ippongui,50
izumo_neko,50
jian_huang,50
jiliang_jiying_yumao,50
jum_(parallel_parasol),50
juniper_actias,50
kabeu_mariko,50
kaboom-chuck,50
kachima,50
kakikakilemon,50
kamuinii,50
kani_bonara,50
kankitsurui_(house_of_citrus),50
karakoro,50
karbuitt,50
kasetsu,50
kazu_(rakugakino-to),50
kazu_sanbon,50
kazuchi,50
keisan,50
kikuichi_monji,50
kirin_kakeru,50
kirisaki_shuusei,50
kittan_(cve27426),50
kiwamu,50
kkuekkue_(chifer1958),50
knoy3356,50
koikeya,50
koki_(ryoushikiha),50
koko_(oyasuminasai),50
komiyama_(user_ycnc3474),50
kong_xian,50
konomi,50
konpeto,50
kotou_(ko-tou),50
kouichirou,50
krit,50
kuga_hotaru,50
kujira-kousen,50
kukkuru,50
kumehara_chiyota,50
kutsushita,50
ky,50
kyokutsuki,50
leeis_cool,50
leoheart,50
light_(luxiao_deng),50
lilish,50
lilyglazed,50
lirseven,50
loup-garou,50
masaki_kei,50
meisa,50
memero_7272,50
michael-x,50
miiiiiiii,50
mikomu,50
mikuning,50
milk_(milk319319),50
mirakuruone,50
miton_(ton321),50
miwa_yoshikazu,50
mm_jjba,50
momokan_(mmkn100),50
monocatienus,50
morphin_e,50
mosha,50
moss_(2225028),50
mozu_suka,50
mtu,50
mugura,50
murabito,50
mushiboy,50
muyihui,50
na222222,50
nagare_hyougo,50
nagasawa_(tthnhk),50
naname_(danbooru_maker),50
nanjou_(sumeragimishiro),50
nari_otoko,50
natsuhara,50
natsuoto_rito,50
nauimusuka,50
nephila_clavata,50
nice,50
nini3piyo,50
nmnm_bbb,50
nnk,50
nshi,50
nt_26,50
nurupoga,50
nyami,50
o2_(o2mm),50
oda_ken'ichi,50
odeclea,50
odecono3,50
okemai,50
orebalgum,50
paimon_genshin7,50
peachpulsar,50
perutore,50
pikaro,50
pinkmm,50
pltrgst,50
pone,50
porocha,50
prema-ja,50
purasu_no_konbu,50
pygrenix,50
q_(ed69),50
qi7pi,50
r_pascal,50
rakuko,50
reki_(arequa),50
remotarou,50
renzhi00334233,50
rocni,50
saihate_(artist),50
sakura_ai_ke,50
sakuraboshi_sora,50
sarami_(sa_rami30),50
sayu_(mio-mosa),50
scathegrapes,50
seyo,50
shiba_nanasei,50
shibanme_tekikumo,50
shihira_tatsuya,50
shiinoyuko,50
shimetta_oshime,50
shimotsuki_iko,50
shinonome_mozuku,50
shirataki,50
shiro,50
shirosu,50
shitou_(1992116210),50
smith_hioka,50
sollyz,50
sonomura,50
suguharu86,50
suika01,50
suisen_toire_(moko924),50
sumi_otto,50
suzune_kotora,50
swon_(joy200892),50
takahashi_akira,50
takano_jiyuu,50
takashina_masato,50
tamaext,50
tasuku,50
tatami_(loop),50
tatatsu,50
tendou_itsuki,50
teu_(navy),50
tobi_(artist),50
tongzhen_ganfan,50
tottotonero,50
towne,50
tranjistor,50
tsuezu,50
tsuga,50
tsujiori,50
tsukasa-emon,50
u283,50
uehiro,50
ueno_musashi,50
umehime,50
unier,50
utaori,50
velvelumpileuspil,50
verus,50
wada_masanori,50
waki,50
wanderstillart,50
wawawa_(hisuterisisusa),50
wrt_(arpaca),50
x_x_(batttsu_404),50
xuchuan,50
xxxgraycatxxx,50
yamashita_ikuto,50
yamato-leaphere,50
yang_zheng_yu,50
yblndr,50
yodori,50
youpofen,50
yuki18r,50
yuki_shiro,50
yurichi,50
yuzuru_(xxelysionxx),50
zanku,50
zundacroquette,50
884,49
agasang,49
aikawa_touma,49
aisa_(micuma),49
aizawa_masaya,49
aka_mikan,49
aka_tonbo_(lovetow),49
akaji_(alpha0107),49
akausagi,49
akiru_(igel-flutter),49
akisyuuno,49
alcd,49
aleksi_remes,49
amanekuu,49
amedamaneko,49
ane-suisei,49
annidrw,49
anpolly,49
aoi_(buzhuen444),49
aoi_usagi,49
aoiro_arts,49
apon,49
apple_da-ze,49
aria_(harahachibunme),49
arima_keitarou,49
arugeri,49
aruha,49
asahi_(ge_nyu),49
ashisi,49
askr_(mymy),49
atomic15,49
ayakadegozans,49
b3,49
bakufu,49
balusah,49
beniho_sakura,49
blame,49
bunkyo_takemi,49
burakku-ra,49
c.c.r_(ccrgaoooo),49
cafe_au_lait_(kafeore),49
catcar0983,49
chachacha00,49
chamooi,49
channel_(caststation),49
chaostein,49
chatsune_(white_lolita),49
chiku-wa,49
chikuwa_(rinka),49
chisato_(missing_park),49
chishibuki_hiyoko,49
chiyosuke_(nosuke21),49
cho628,49
coco_maru,49
cocoa_(cocoa0191),49
confeitoo,49
dakuryuu,49
dani-dear,49
date_(artist),49
ddongu,49
dearonnus,49
deavor_lover,49
dhfz181,49
diabolism,49
diamond_dust,49
donarudo,49
drachea_rannak,49
dre,49
e=mc2,49
ebi_fly_55,49
emukami,49
emushake,49
ensinen,49
eriku_(aoi_tori),49
fubuki,49
fuji_hyorone,49
fukurou_(suga0930),49
gagamatsu,49
ganassa,49
ganida_boushoku,49
gias-ex-machella,49
gittanart,49
glassy0302,49
gokubuto_mayuge,49
hako_(pixiv267059),49
happiness_lilys,49
hara_hikaru,49
hayaken_sarena,49
hey_xander,49
hiiragi_akio,49
hina_(araburu-hinadori),49
hinata_nao,49
hisakawa_sora,49
hiyori,49
hiyualice,49
hutuumikan,49
idachi,49
igaiga,49
ikasoke_(likerm6au),49
ikkei_dou,49
imp_(sksalfl132),49
inaki_shinrou,49
instocklee,49
irotani_asuka,49
ishii_(young-moon),49
isshitaira,49
itou_ryuusei,49
jenny_(artist),49
jinichu,49
jipponwazaari,49
k-rha's,49
k-rumi,49
kabotya_to_rantan,49
kagura_yuuto,49
kaniharu,49
kanoe_youshi,49
kanro_ame_(ameko),49
karan,49
karioda,49
katagiri_atsuko,49
katsuragi_atori,49
kawa_akira,49
kawamura_raichi,49
kazeto,49
kazura_enji,49
kenkou_kurosu,49
kenpi_(hs-totyu),49
khalitzburg,49
kima,49
kkochmeli,49
knives_(knives777),49
kno_(anahita),49
kobayashi_tetsuya,49
kokkeina_budou,49
kol49,49
komugiko_(bitte_komu),49
koorimizu,49
kuranosuke,49
kurayuki0404,49
kuroki_mashiro,49
kurosho,49
kusaka_kokage,49
kutouten,49
kyou_(nekoneko),49
lasa_(lasa1116),49
lenk64,49
lia-sama,49
lilirulu,49
lillithlauda,49
lolik,49
loyalists,49
lu_hao_liang,49
m-shiganai,49
maeashi,49
maetaku,49
maico_(a218),49
maki_(maki_pei),49
makisige,49
mamo,49
mana_(artist),49
maron_(1212ama),49
marotti,49
maruhachi_(maruhachi_record),49
maskman,49
matilda_(artist),49
matsurinnu,49
mayosuke,49
mazonano,49
meiz,49
migumigu,49
mikami_hotaka,49
mikuneki,49
millgua,49
minagi_(gogogo),49
minccino7,49
mineco000,49
mintmochi_(artist),49
mio,49
mipi,49
mireisaki,49
misaki_yuu,49
mitsuya,49
miyabi_mt-b,49
miyuu,49
mizuki_toko,49
mo_cha_ri,49
mo_ying_yu,49
mofuko,49
mokyu_(kukoudesu),49
momo_uzura,49
momose_hisashi,49
monotsuki,49
moratorian,49
morita_(pixiv31883607),49
morujii,49
motoki_(hisano_motoki),49
mukka,49
mutsuki_kaya,49
n36hoko,49
nagare_yoshimi,49
naked_cat,49
nanashiba_(banntlla),49
naruko_(nalcoro),49
natsuki_yuu_(amemizu),49
nebusoku,49
nekorin,49
nekoto_maruta,49
nemurism,49
ni02_(asahi_nini),49
nike_(smaaaash),49
nikumeron,49
ninn,49
nitizyo,49
novika,49
nugaa,49
null_(chronix),49
oboro_neko,49
oca,49
okayado,49
okpriko,49
omurice_(roza4957),49
oohara_kyuutarou,49
opanchu_(pixiv259683),49
oroshipon_zu,49
otogi_(s_in_w),49
oumi_neneha,49
ouya_(maboroshimori),49
parubinko,49
pikomaro,49
pinkxxxna,49
pirano,49
pixiv_id_1551856,49
pol_winner,49
pon_(0737),49
potu_sabu,49
qixi_cui_xing,49
quro,49
rail_(silverbow),49
rakkou,49
rinkaito1231,49
riria009_(shiinoyuko),49
rody_(hayama_yuu),49
ruma_imaginary,49
ryu_(masu_nantoka-san),49
sabiirodoramu,49
saichuu_(more1208),49
sake_(kadai),49
saku_(saku1151),49
sana.c,49
satori_(transient_wind),49
satsuan0120,49
sawao,49
seitsuji,49
sentaku-bune,49
shiba_0,49
shiitake_(gensoudou),49
shijou_satori,49
shikniful,49
shino,49
shiroto_iku,49
shisui_(5830217),49
shiwasu_gatsu,49
shougo-akira,49
shoura,49
sipeiren,49
siragagaga,49
sptbird,49
stariwei,49
sui_hi_sf,49
suika_no9,49
suketoudara_(artist),49
sukireto,49
sumishuu,49
tabuchisan,49
tagawa_gengo,49
taiyakippassion,49
taka_yanagi,49
takamiya_nao,49
takenaka_koudai,49
tanshi_tanshi,49
taorotana,49
taoru_(t_kiji),49
tatsuma_daisuke,49
taue_shunsuke,49
tenpura_(artist),49
tentani,49
tezurumozuru,49
tigersaber,49
timmoo,49
timo_wei95,49
todd_l._milhouse,49
tokkyuu_mikan,49
tonbanlove,49
tsukasa_(evening-g-low),49
ultimate_magnum,49
umetsu_yasuomi,49
uryan!,49
v-room,49
vahn_yourdoom,49
waa153,49
wagomu17,49
waha_(artist),49
waichi,49
wauwa,49
womi,49
wonbin_lee,49
xi_xeong,49
xiirus,49
xoaiu,49
yamaguchi_ugou,49
yamori_shiki,49
yan-baru,49
yanagi_(tsukiakari),49
yatsunote,49
yayoi_kotoyuki,49
yeopmaesa,49
yoroi_nau,49
you_(esparda),49
yukihime_(mofumofu2225),49
yunimeito,49
yuran,49
yuu,49
yuuma_(noel),49
yuuno,49
zairen,49
zhu_xiang,49
0625a,48
108,48
108_gou,48
11114tai,48
12cat,48
3u,48
aburage_(motimotigg20),48
adaajt,48
aika_warazu,48
aina123,48
aku_(pixiv),48
amagi_nanateru,48
amano_hotaru_(hotaama),48
ameiro,48
annnna,48
aonome,48
aquanut,48
arin66,48
asazuke25,48
asazuki_kanai,48
atuuy,48
ayase_tamaki,48
ayuya_naka_no_hito,48
azuazuazu19,48
azure_luna,48
baka_neko,48
braco,48
brws,48
bu_li,48
bunbun_(midukikome),48
buti-yu,48
bxr,48
chienon,48
chikuwa_(majihima),48
chitose_rin,48
chris_(mario),48
color1087,48
ct990413,48
ctiahao,48
date_(mamanonamaebot),48
deadprince,48
delatoid,48
dobu_(moor),48
dr.k,48
e_draw_paint,48
echo_saber,48
eichi_(skskdi12z),48
endou_chihiro,48
endou_minari,48
evers,48
f.w.zholic,48
flash_tomo,48
foxyreine,48
fragran0live,48
fujimaru_arikui,48
furafura,48
fusou_(fuso0205),48
futenesira,48
futon_(kitsune_tsuki),48
giganticbrush,48
gin_(ginshari),48
goro,48
gseeddjp,48
gyan_(akenosuisei),48
h016,48
hachiya,48
hal_(haruna),48
hana_bell_forest,48
hane_segawa,48
harino646,48
haruhito_(divineshalt),48
harunohotaru,48
hazel0217,48
hikari_(mitsu_honey),48
hina_(bird_salty),48
hisana,48
hiyori_mizuki,48
hokuto_shinken,48
honokan,48
huang_li_ling,48
hullzion,48
humi,48
hutoncom,48
huyou_(awegk),48
hydeover9000,48
i-_-i_(artist),48
ichinashi,48
ichiya1115,48
idu_michito,48
ika_esu,48
inumaru_akagi,48
iroha_(unyun),48
irorigumi,48
ishimiso_(ishimura),48
ishitsu_kenzou,48
izumi_kouyou,48
jouvru,48
jun_(5455454541),48
jung_wonjo,48
k-rei,48
kagelow,48
kagetomo_midori,48
kai_aki,48
kaidou_mitsuki,48
kaisanbutsu,48
kakashichi,48
kakihito_shirazu,48
kakuno,48
kameron,48
kamisuki,48
kamome,48
kanade,48
kanzaki_muyu,48
kaos,48
karasaki,48
karesuki,48
kazami_haruki,48
kenkaizar,48
ki-51_(ampullaria),48
kiiro_(cocoa080),48
kinoji,48
kinven,48
kiske,48
kitagawa_unagi,48
kitsune_(scaz),48
kkomdastro,48
knora,48
knowa,48
kntrs_(knyrs),48
kobashi,48
kodera_ju,48
komano_shia,48
komitsu,48
kosame_koori,48
kotarou_(yukina1721),48
kurata_yumi,48
kurogomu,48
kuroinu_(sonoba_shinogi),48
kuroshiroemaki,48
kuuyuu,48
lantana0_0,48
lina_rojas,48
loki,48
lourie,48
lunarclinic,48
magatan,48
mai_(xskdizzy),48
makita_haruka,48
makoto_(dandelion),48
makoto_(roketto-massyumaro),48
manse,48
mao_(alepricos),48
mark,48
maru_(pixiv587569),48
masa_ashe,48
mashugure,48
matsuppoi,48
matsuzaka_(matsuzakagyu_29),48
matutoya,48
mayu_(airmods),48
mek,48
merryhachi,48
meso-meso,48
metalwasabi,48
mi_bait,48
miharin,48
miharu_(cgsky),48
mikan_imo,48
mikan_no_shiru,48
minamoto,48
mirre,48
miyakodori_takayuki,48
mizu_(nonbiri),48
mizuno_(suisuiw),48
mizuno_eita,48
mokaffe,48
moko_(3886397),48
molly,48
momokumo,48
mori_kaoru,48
moto_(otemoto02),48
muffin_(sirumeria),48
mugiusagi,48
mukatsukulsp,48
murasaki_heizu,48
musco,48
nagiriku912,48
namihaya,48
namyo,48
nanopai_kakumeikokonoyu,48
ndkazh,48
neg_50asu,48
neko7,48
nekoreito,48
nemu_kotatsu,48
neno_(nenorium),48
nikuji-kun,48
nishimura_nike,48
nodobotokemax,48
notoro,48
ogera_okera,48
ogi_(sham00),48
ogu,48
ojisan_rbt,48
okara,48
olecafe2,48
olmatown,48
oman_(evld),48
omchicken,48
orange_maru,48
orange_peel_(artist),48
otonashi,48
p0ke_a0210,48
packge,48
pastahands,48
pasteltel,48
pcs_shousa,48
peachifruit,48
peco_(pockleberry),48
pinoaisu,48
pippilipi,48
plastic_moon,48
pochi-goya,48
raimone26,48
rainli,48
rakujin,48
ran-neko,48
rb2,48
reignbeaux13,48
rere_(yusuke),48
rezia,48
rikosyegou,48
robert_kim,48
ryohgo_narita_(mangaka),48
sagaraise,48
sakamoto-cat,48
sakura_honoka_(srhk0623),48
same_2009,48
sanba_tsui,48
sao_(saowee),48
satou_satoru,48
satsuki_yuu_(awairo),48
seigetsu_kotaku,48
sekiguchi_miiru,48
sen_nai,48
senada37,48
sento_(artist),48
sevten_(ashkeroth),48
sharpffffff,48
shibaebi_(yasaip_game),48
shimetta_seiya,48
shinozaki_kyouko,48
shirakino,48
shirono_kuma,48
shogo_(shogo70449442),48
signomi,48
sizu,48
skywaker,48
soba_chatarou_(tita),48
soda_(sodachuxd),48
sowao.,48
spdcooler,48
start:dash!!,48
strt,48
subaru_(794829485),48
sugimura_mickey,48
suneo,48
supika,48
suzumiya_annko,48
syu45,48
taishi22,48
takada_kazuhiro,48
takahashi_keitarou,48
takamura_masaya,48
takemaru08,48
tako2_eaka,48
tenchisouha,48
tenzeru,48
thana,48
the_maa,48
tog_(shoten),48
toi1et_paper,48
tokiji,48
tomatokuroneko,48
tomcat_(moconeko),48
tomo_takino,48
tori_(ritcrover),48
toshihiro,48
tsukimiya_kamiko,48
tsumidango,48
umasanjin,48
unicron_(brous),48
uriah-oyu,48
urita_(pixiv),48
urokozuki,48
uta_(yagashiro25),48
volpecorvo,48
vt104k,48
wa-kun,48
walkalone,48
watanabe_keisuke,48
wolf6481,48
wool_(kurokrkr),48
worrisorochi,48
wumarutsufuri_(artist),48
yagi_(kyuhyun),48
yahiro_(anhnw),48
yanase_takayuki,48
yappo_(point71),48
yki,48
yo_mo,48
yodobashi_yuo,48
yomo_tsuka,48
yonago_miko,48
yoshimune,48
yotsuboshi-imai,48
yu_mochi_(kamiinu),48
yui_(kari),48
yukiyanagi,48
yuu_(derodero),48
yuucho_(cololal),48
yuukaku,48
zain,48
zen_(raspberry),48
zenseava,48
zhou_yu_(ppaaqz1995),48
zuowen,48
456,47
9ji,47
9wa,47
achunchun,47
airani_iofifteen_(artist),47
ajigo,47
akagiakemi,47
akaho_sakura,47
akatoro_(nightlord),47
akitaka_(pixiv12739753),47
amartbee,47
amaya_enaka,47
ameoto_00,47
anco8pizz,47
awakeningdog,47
ayamori_mimi,47
azibuda,47
azomo,47
azure_(capriccio),47
b_(papiopine),47
ban_(777purin),47
bbb_(fabio8552),47
beruzenefu,47
blaze_(artist),47
bodimahattayaougaki,47
bream-tan,47
buried_frog,47
ceru,47
chai_5,47
chama_kou,47
chilizi,47
chiyami,47
copycat_(homura),47
crimson_comics,47
cubehero,47
daajirin.koucha,47
degraded_ice,47
devanohundosi,47
digdug006,47
diten,47
douyougen,47
duyu,47
eeeeee,47
ekrea_jan,47
ema_yuzuru,47
enouchi_ai,47
epoxy_putty,47
eriko,47
ezoshika_gg,47
foxhound,47
frontrivers_kae,47
fudeyama_(fudeco),47
fujishiro_touma,47
fujita_(speedlimit),47
fujiyama_(yellow),47
fuu_(futian),47
fuuko_chan,47
fuyuwa_kotatsu,47
gekidan_inu_curry,47
goemon1110,47
gomasionori,47
h_sakray,47
hachi_shoku,47
hakinikui_kutsu_no_mise,47
hamada_mari,47
hapu,47
hasegawa_shin'ya,47
hasumikaoru,47
hawk_till,47
hazuki_(etcxetc),47
hibikileon,47
hichi,47
hikomaro610,47
hinauri_(nurupon),47
hiroaki_(huruhonya),47
hitaki_yuu,47
hitopm,47
hiva+,47
honnou_(kjs9504),47
ichikawa_noa,47
ina_(inadiary),47
inahara,47
ise,47
ishinarimaru_shouten,47
issei,47
itoo,47
itsuya,47
j.2,47
jaibus,47
jas_(annkoromochi),47
joeadok,47
josco,47
jowell_she,47
julioalqae,47
kabi_(zcwd8845),47
kagura_mizuki,47
kaieee,47
kakan_(amka),47
kali_lgk,47
kaminaga_mutsumi,47
kanataria,47
kaogens,47
karina,47
karina_farek,47
kasanui,47
katy_(artist),47
kepitingtiga,47
kerotsupii_deisuku,47
kinoeneko,47
kirisaki_(gin16k),47
kit,47
kobi420,47
kobo_(cobo_0609),47
kodou_mikoto,47
kohige,47
koji_(koji-a),47
komakedara,47
komeo,47
kondoru,47
kouki371,47
kozsen_810290,47
kunjuan_shala,47
kuon_itsuki,47
kuro_inu,47
kuroame_(kurinohana),47
kurobuchi_numama,47
kurokami_(kurokaminohito),47
kuroki_shigewo,47
kuromitsu_kinako,47
kuroneko-w-b,47
kurosawa_kazuto,47
kusumoto_touka,47
kuuneru,47
kuwahara_taiki,47
lari,47
light_oooo,47
loading_(vkjim0610),47
lordyanyu,47
lucky_(1045044604),47
luztapiaart,47
mafuyu_(867208837),47
makaze_(t-junction),47
manami_tatsuya,47
map_(artist),47
maren_marmulla,47
mathew_(srmmk_mce),47
megumoke,47
menghuan_tian,47
metamin_(memethah),47
midiman,47
migu_(migu_room),47
millimeter,47
miuta,47
miyatsuki_itsuka,47
mizusawa_nodoka,47
mochizuki_saku,47
moegi_(honey_122),47
momosemocha,47
monaco_(rmn02),47
moonandmist,47
mori_shin_risuku,47
moshoko_(mizuneroku),47
mot,47
mtmy,47
mubouou_aasaa,47
muranisaki,47
mya,47
n_n_(vbdpsep),47
nagamo_sakana,47
nagase_takeshi,47
nagomi_tozakura,47
nakajou_hisaya,47
namatarou,47
namekuji_(namekuzu),47
nasa_yu,47
natsume_(na_tsumen),47
nekoyanagi_reo,47
neota,47
nerio_(neri_akira),47
nfb-zmc,47
nicole_(usako),47
nobady,47
noboru_(kamine204136),47
number10_(hagakure),47
nurutya,47
o-ishi,47
oda_(101511a),47
ogenwn7,47
oshouyu_tabetai,47
otohime_(kk23maa),47
prino_hawell,47
quinny_il,47
ragnarok_iris,47
ramu_(taka1995),47
ran_(bukeranwu),47
reeya,47
regura,47
retto,47
ruku_(ruku_5050),47
rx_hts,47
saboten7,47
saichuu,47
saifu_(sisutakh),47
sakuma,47
sakuraidai,47
sasaj,47
sekiya_kuzuyu,47
sennsu,47
shikai_(iesiki_56),47
sin_(btc86amme),47
solanikieru,47
soramame1110,47
soyoking,47
strib_und_werde,47
sugisaki_yuu,47
suikamaru,47
sunaba_suzume,47
t-ihn,47
tachibana_midori,47
takasakiyama_monmon,47
takeshi_(mononohu20),47
tama_azusa_hatsu,47
tamashii_yuu,47
tamayo,47
tatsuya_ishikawa,47
teke,47
tekito03,47
tekla,47
terimayo_(sonnne_farbe),47
to-gnaniwa,47
tobari_(brokenxxx),47
tochinoko,47
tokiwa_mmm,47
tomon_(slash0410),47
torahime_(roland00),47
torinoesa,47
torisu,47
toruneko,47
tottsuman,47
toudou_(dolce),47
traveler_(artbbt),47
tsubakiya,47
tsukiaki_teriyaki,47
tsukimi_(tkm_516),47
tsukinami,47
tsuruta_saya,47
tsuuyakukan_reni,47
tyappygain,47
umiyuki_(umi_chu),47
unizama,47
unpokotan,47
urokoda,47
valentina_tavolilla,47
vegacolors,47
xianyu_liang,47
xong,47
yafu,47
yamazaki_kazu,47
yamikota,47
yang38,47
yomo_(majidon),47
yorimitsu,47
yoru_(xueyinye),47
yotsuyu,47
yukinoshita_(shaonjishi),47
yukishiro,47
yuko666,47
yumemomosaka,47
zaitsu,47
zaniaii,47
zipon,47
0x0082,46
@acchom_zatta,46
aco_gbfg,46
ailiner7060,46
akai_toshifumi,46
akeboshi_kagayo,46
akenoin,46
alice_vu,46
alle_gro,46
alpha_(artist),46
amami_amayu,46
amano_yoki,46
ame_(conronca),46
anno_masato,46
aoi_hiro,46
aonagi_ibane,46
aowltus209,46
aru_gunsou,46
as,46
asahimachi,46
asterisk_(artist),46
babynine,46
bangoul,46
bati15,46
bearluxe,46
brh,46
burenbo,46
c.seryl,46
calnarsa,46
caracorn,46
chama_(painter),46
charmal,46
chikaya,46
chimo_(utdt_game),46
chiya,46
chocolate_sable,46
chotto,46
clearfile,46
cotton,46
cst,46
curegolgom,46
daikazoku63,46
dangomushi,46
demmy,46
devildogs,46
discharge_mochi,46
djmn_c,46
domik,46
ds_(artist),46
ebibaachan,46
ede,46
edo_mond_(edoedoedomond),46
emi_star,46
emia,46
enudesuga,46
eri_na,46
fay,46
fpwrs,46
franham,46
fugetsu_taku,46
fujimaru_(bluebrand),46
fukidamari_no_peke,46
fukuko_fuku,46
gomeifuku,46
goripan,46
guruto,46
h2o_(ddks2923),46
hachimillion,46
hachini,46
harushino,46
hatoichi_reno,46
hayashi_ichirou,46
hayate-s,46
henry_bird_9,46
hiro_(udkod1ezlyi2flo),46
hiroki_(vvkagerouvvr2),46
hisagi-y4,46
homriette,46
hrdv9499,46
hs2,46
hyurisaki,46
ichikawa_ryuunosuke,46
ichiroku,46
idohj12,46
iinuma_toshinori,46
imaru_(yashiro19950425),46
inori_(xyz5568),46
inuue_kiyu,46
isizuaki,46
itimu,46
jakomurashi,46
jandare,46
jigoku_meguri,46
josh_corpuz,46
jumpei99,46
jun_(kyurisin),46
juu.,46
kagosumi,46
kai28,46
kamome_yuu,46
kcn,46
keikou_ryuudou,46
ki2ri5,46
kibou_tsubame,46
kiki_(uxoia),46
kikuyarou,46
kirudai,46
kiyomasa_ren,46
kizinori,46
kobayashi_jin,46
kobayashi_ritsu,46
kochiya_hizuki,46
kohatsuka,46
komii,46
kote-sensei,46
kotono,46
koubou_(cowbow_kun),46
kumako_(sono328),46
kura_ekaki,46
kuromaru9,46
kuronekozero,46
kyokyeo,46
lispict,46
lluisabadias,46
lololotton,46
ma-yu,46
madopen,46
mahousho,46
mai_(maika_04),46
makiemon,46
mamegohan,46
mamiya_t,46
marine_(confeitokobo),46
mast3r-rainb0w,46
meer_rowe,46
meimi,46
menma222,46
miatsushi,46
mikagami_suzuha,46
mikaze,46
minase,46
minnku,46
misumi_kouji,46
mitsuki_(mitsukitei),46
miyoshi_yun,46
mizuki_(ekakichan),46
mizuki_takehito,46
mokutan_mmmm,46
mongarit,46
mope,46
motimamire,46
mou_(mooooow),46
mstm,46
mu_tation,46
muichimon,46
mushi_kei,46
mutsuno_hekisa,46
nahori_(hotbeans),46
nameneko_(124),46
nanamomorio,46
narumi_yuu_(bunbukudou),46
nasunoko,46
natsu_yasai,46
natsuki_yuu,46
natsume_yuji,46
nemubusoku,46
nestea,46
neukkom,46
niwa_toriko,46
ntm,46
ochurucchuru,46
ogura_(sao_no),46
ohagi,46
okepi,46
okina_ika,46
omunikin,46
onaka_sukisuki,46
onitobico,46
orange541,46
pablo,46
po_ni,46
poison916,46
pon_(shind_997),46
popompon,46
qc6,46
r44,46
racket_ti1,46
raikou104,46
rakeemspoon,46
rakopepa,46
regu,46
reimin,46
rin_sin,46
rio_(rio_01),46
road_233,46
rougetsu,46
rucha_(dokkanhanabi),46
ruchiru,46
runako,46
rwael,46
ryuutetsu,46
sabet_(young_ouo),46
sagamihara_sakyou,46
sakurasawa_yukino,46
sakusakumonoka,46
sasasa_(nashi),46
sashacall,46
sawany,46
sawawse,46
sebire,46
sekiyu_(spartan),46
shichimi_(ftlvampire32),46
shika_(shika0),46
shikajima_shika,46
shingo_(artist),46
sifyro,46
sikuku,46
simesabaikka,46
skura01,46
soo,46
sorakase_sawa,46
soropippub,46
sou,46
sou_mei,46
souji_hougu,46
sowsow,46
suikka,46
suko_mugi,46
sumisu_(rinsumi),46
suo_(sndrta2n),46
suupii,46
t_k,46
takasaki_mako,46
takashima,46
takatsurt,46
takeoka_miho,46
takobe,46
takumi_namuchi,46
tama_two_(fukuya),46
tanakalma,46
tanshio,46
tecchen,46
tenk,46
teruchan,46
tftf649e,46
todoroki_sora,46
tombsakura,46
tosk_(swav-coco),46
tsubasa_(godbardtsubasa),46
tsuchii_(ramakifrau),46
tsukiyono_aroe,46
tsunono,46
tyanpon,46
uduki-shi,46
user_muet3237,46
usuda_hiro,46
vococo,46
wakakusa-e,46
warai,46
washu_junkyu,46
wataru_(zazazazazazawa),46
weavehabit,46
webslinger,46
woominwoomin5,46
yagara_(kishimen_f),46
yamamuro_tadayoshi,46
yasaka_(astray_l),46
yaya_hinata,46
yenkurl,46
yinranluo,46
yna,46
yokkora,46
yoko_(shiocolor),46
yoshii,46
yoshika_fuumi,46
yoshiki_3821,46
yotakano,46
youbou,46
yuderupii,46
yugen99,46
yuhi,46
yukinko_(yukiwork),46
yuranpo,46
yuta0115,46
yuuhei,46
yuuka_(a0240765),46
yuukyan_(ucan85),46
yuuma_(pumpkin),46
yuushiba,46
yuyumi_(yuurei),46
zain_(jiha3905),46
zxzx,46
zzzzxxx2010nian,46
abi_(abimel10),45
addy_(@vegeebs),45
afro_(kngotezo),45
after_(artist),45
ai_(ai1470),45
aiba-tsukiko,45
aisha_callaaisha,45
akizuki_maku,45
akosan,45
akym,45
alba,45
alphonse,45
alt,45
amekaze_yukinatsu,45
amripo,45
annlin,45
ao_(sodalite),45
aobe_mahito,45
aodu_fumiyoshi,45
aoiakira553,45
aona_(anagasaki),45
arad_senki,45
arnoul,45
asai_takashi,45
asuma_(hanezu),45
athyra,45
ayu_(iyokanya),45
ayumi_(830890),45
azaka_(rionrita),45
azling,45
barachan,45
baron_(varon666),45
benbe,45
bizet,45
black_fire_(peter02713),45
bnc_(bunshi),45
borokuro,45
bou_(maimoca501),45
c-da,45
caramel_(caramelmilk),45
carbonara_hontyotyo,45
chiko_(artist),45
chiri,45
chogi,45
choir_(artist),45
chushengdao,45
comizku,45
cora_stt,45
corogarucoromo,45
dakun,45
daue,45
dekitateomoti,45
delusion_overdose,45
didi_esmeralda,45
dj.adonis,45
dong_ji,45
dora_v_nu,45
doren,45
e_neko,45
easty,45
emi,45
enami_(e373),45
envyvanity,45
eric_lowery,45
eskimofox,45
fatherland2009,45
felt,45
feng_ze,45
ffmania7,45
fue_(tsuzuku),45
fujimura_(marina),45
fujisaki_kyouya,45
fujizarashi,45
fukemachi,45
garakuta_omocha,45
geister,45
gerusyu,45
glenn343434,45
goku-chan,45
gooster,45
green_tear,45
guan_tang_baozi,45
gucha_(netsu),45
gundrass,45
hakoremi,45
haruna_mahiru,45
hasegawamorito,45
hashimoto_shin,45
hayame_(m_ayame),45
hazuki_(pacco),45
hiki-wota,45
hinamayo,45
hinoyama_ena,45
hiro_hiroki,45
hiromochi_jin,45
hokkaido_(artist),45
hoshino_arika,45
ibuki_(ibukiro1003),45
ichigo_beeru,45
ichio,45
ichitaro,45
igo_miku,45
iko_(i-my-16),45
ikra_(katacoly),45
imomu,45
inusaka,45
irue,45
isi88,45
itachou,45
itou_ayachi,45
itou_youko,45
itsuki_(s2_129),45
itsuki_kousuke,45
itsuwa_(lethal-kemomimi),45
iuro,45
izuno_kenta,45
jcdr,45
jk_4140,45
jokerplaner,45
jorin,45
jump_(ah0029),45
junda,45
juri_(shiningred),45
ka1_(k4k37),45
kama_(satoyan),45
kanae_(aab),45
kanemaki_thomas,45
kanisaka_shizuku,45
kanzeon,45
kaorihero,45
karanta,45
karintou1485,45
karomura,45
kashi-k,45
kataruruni,45
katase_waka,45
kath,45
katori_(mocchidou),45
kawwa,45
kazushiki_midori,45
kekocha,45
kenkoumineral13,45
kintsuku,45
kiyomiya,45
kobayashi_(oksk0x0),45
kodama_(mmt_uf),45
kokemozuku,45
konbu_ame,45
koretsuna,45
koro_(artist),45
koshinomiti-kokiri,45
koutarosu,45
koyama_shigeto,45
kumo_zd,45
kuro_(kurojill),45
kuro_nasu,45
kuromitsu_maria,45
kurose_yuuki,45
kzom,45
lapucelle_(arasoo1210),45
linch,45
ling_(sroin),45
lio_(rumei2265874644),45
lira,45
liu_guniang,45
lowah,45
luminyu,45
lvans,45
lyxu,45
macaroni_hourensou,45
macchaume,45
macchiato_(jae-min_cho),45
machi_fuka,45
maguchimo,45
maikeru_(dk_maikel),45
makkuro,45
mamo_(fortune-mm),45
mamoru,45
mamoru_(artist),45
mao_ge,45
maruyama,45
masa_(miyabitei),45
masiroke,45
matado_(almukha),45
matsuse_daichi,45
mattsuu,45
megakura_kinshi,45
meow_nyang,45
meteoride,45
mgg_(x_arte),45
mi_(pixiv),45
michimoyo,45
midfinger,45
mikage_nao,45
milkpeachi,45
minami_kawa,45
mishima_yoshikatsu,45
mitama_mora,45
miyabi_(miyabeeya),45
miyasemao,45
mogggggge,45
momo,45
monaka_(hc_pkmn),45
morino_kiriko,45
moyon,45
mujun_atama,45
muoto,45
murasaki-neko,45
musasabiop,45
mushroom_(artist),45
nakabayashi_reimei,45
nakagawa_besu,45
nakano_tomokazu,45
nanakura_nanane,45
nano_(mianhua_maoqiu),45
narongchai_singhapand,45
narumi_hyou,45
natasha_(pommier),45
natsu_mikan_(level9),45
ndgd,45
nekoko_(nekonekonya),45
ngancurindunia,45
nigiriushi,45
niko_(silent.whitesnow),45
ninjinshiru,45
no10,45
noah_(rokoroko),45
nugi_(armenci),45
ogawa_maiko,45
okota_(artist),45
okuva,45
orga_(pixiv),45
oropi,45
pakapom,45
pan-ooh,45
peach_(momozen),45
penguu_(green528),45
piaisai,45
pine_(yellowpine112),45
piyobomu,45
pu-chin,45
pu_uq,45
ra_i,45
rabinidaddo,45
ragu_(myan_nyan),45
rainmood,45
raion_(inoueraion),45
rapama,45
ratio_(ratio-d),45
redlark_(r083),45
regain,45
reiha_(penetrate),45
reiji-rj,45
reio,45
rem_(artist),45
ripu_(lipi),45
rizento,45
rizuaki,45
robert_j_case,45
robomito,45
rocknroll,45
rokko,45
ronpaxronpa,45
roten_(rotenburo),45
rummy_73,45
ryuusama,45
sagattoru,45
saitou_chiho,45
sakamoto_atsumu,45
sakusan_yousoeki,45
samura_hiroaki,45
sanjiro_(tenshin_anman),45
satsuki_imonet,45
sea_(lordofk),45
sekiyu.,45
shell_(pixiv),45
sherry_lai,45
shideboo_(shideboh),45
shiki_(no-reply),45
shiozaki16,45
shiroyasha,45
shishamo_(masato_k),45
shiva_(executor),45
shoko_makiko,45
shu_(pjxv7485),45
sii_artatm,45
skc,45
skkc_128,45
snow_(gi66gotyo),45
softp3ach,45
sokomushi,45
soono_(rlagpfl),45
soramiruku,45
sorane_rin,45
soraruru,45
soungruan_mian_mao,45
strictly_mecha,45
sumipic,45
suuitchi,45
suzumura_kirie,45
sv,45
syno,45
takafuji_yuna,45
takagaki_eru,45
takamatsu_(yamajiai),45
takami_akio,45
takayama_dan,45
tan_(carbon),45
tanblaque,45
tani_(tanidesuyo),45
taoru,45
tarakoutibiru,45
tatwuku,45
temoshi,45
tenten_(kitty),45
teria_(teriarian),45
tes_(unpre),45
tmku,45
tnonizyou,45
tobatoinu,45
toku_sonchou,45
tombiiwa,45
tomohi,45
toujirou,45
tsuaii,45
tsuzuki_(e_ci),45
tyokoa4649,45
uasi,45
ucchii,45
ultimatemaverickx,45
ura-ch@os,45
urasanmyaku,45
utsuwa,45
vuccha,45
waiai,45
wanko_(pixiv),45
watari_masahito,45
wufaxianshi_cnd,45
xhunzei,45
xsinon,45
xude,45
ya_kexi,45
yada_ei,45
yahha,45
yan_ge,45
yanagi_yuu,45
yanagise,45
yanana_ua,45
yetecong,45
yk,45
yoruneko_(liampadolina),45
yoshio_(440),45
youichi,45
yuhito_(ablbex),45
yukiame_kon,45
yumeji_kiriko,45
yuruno,45
yuuji_(artist),45
yuuki_makoto_(radiant),45
yuuya_(yu-ya's),45
yuyi,45
yuzudaze,45
yuzuki_kaoru,45
zmore,45
zuiai_gongzhu_dianxia,45
6_(roku),44
86thunder,44
@ichigo,44
[],44
aaeru,44
aiha-deko,44
aiiro_bokujuu,44
akagishi_k,44
akatsuki,44
akihara_ryou,44
akilico,44
akira_(aky-la),44
akiyama_nenehisa,44
alcoholrang,44
aliprojectlove,44
amamiya_kabosu,44
areno,44
asada_hiroyuki,44
aubergrin,44
aurora_rokudo,44
awa_(bihidasu),44
ayano_naoto,44
azuma_kurume,44
b-man,44
b-q,44
banchengping@126,44
bangom_r,44
bettykwong,44
black_buraku,44
blupixl,44
bokkusu,44
bouzu_(bonze),44
bure_(fantasticyouth7),44
chan_(akuty_ikkot),44
chigusa,44
chikkuru,44
chinako,44
chiroru_shimai,44
chiru_(218mg),44
chiyo_maru,44
choukoukou_no_diaosi,44
chounorin,44
ciosuii,44
cokua,44
colorfag,44
conago,44
cupen,44
daiso,44
de,44
deboo,44
denshinbashira_(bashirajio!),44
diandianzai,44
drag009,44
driftingtiger,44
dusk/dawn_(artist),44
e,44
edo-sama,44
eri_(resia),44
eric_proctor,44
eriochromatic,44
eris.y_(7hai),44
ethylene_ty,44
ezume_(rosehip),44
fiodo,44
firstw1,44
fujimori_yuyukan,44
fumako,44
fuubuu,44
gapangman,44
gen_(black_factory),44
gingetsu_ringo,44
gotou_junji,44
gracile,44
hakkotsu_shitai,44
hakoniwa_shoujo,44
hanapen,44
hankachi_(okayama012),44
haru_(artist),44
hasebe_yu,44
hatemadeimym,44
hatopo_(beach7pijon),44
henohenomomiji,44
hieihirai,44
higeneko,44
hijiri-tukasa,44
himeno_kagemaru,44
hiroi09,44
hirundo_rustica,44
hissing,44
hitomi_kazuya,44
hitsujisnow,44
hokusen,44
hosato_mikine,44
hoshino_lala,44
houkiri_nemu,44
huasha,44
hyouta_(yoneya),44
iceblue,44
iceky,44
iganseijin,44
ii_ebidashi,44
inakami,44
inarou_(rakugakiproject),44
inase,44
inu_(marukome),44
irino,44
iris_yayoi,44
itaoka1,44
itaro,44
izayoi_kaname,44
jaku_denpa,44
jilllxlxl,44
joka,44
joko_jmc,44
juuden,44
juuka@100neko,44
k.ei,44
k164,44
kadonosono_megumi,44
kage_yuu,44
kaigetsudo,44
kaishinshi,44
kaisu,44
kajun,44
kamachi_kamachi-ko,44
kamemushi_(hoozuki),44
karamomo,44
kazami_ryouya,44
kazanock,44
keito4f,44
kide_koushin,44
kihaiu,44
killingrock,44
kisuke_(akutamu),44
kokechan,44
konekoneko_(indonesia),44
koraku_gekki,44
kotaken,44
kouno_ibuki,44
kty_(pixiv),44
kukku,44
kuma_(happylocation),44
kuro_neko_(artist),44
kusuke,44
kuuneru514,44
ky_kosuke,44
kyokugen_no_michi,44
kyuupura,44
kyuusui_gakari,44
leoharju,44
lilith-lily,44
loup,44
lunica,44
lynnear,44
m92fs,44
macchi,44
maekawa_yuichi,44
mafu9,44
magicky-hands,44
maiko_(yoshida308),44
maitake_(loose),44
makarori_(noah),44
makucrp,44
marisayaka,44
maron_(kagamikunn),44
masushita_ito,44
mattsu,44
merontomari,44
messier_number,44
mi_tarou0412,44
mikanmochi,44
mimizu_(tokagex),44
mimo_lm,44
minamoto80486,44
minamoto_mamechichi,44
minatsuki_kou,44
minyon,44
mirai_(artist),44
mironomeo,44
miyakouji,44
miz,44
mizame,44
mizore_akihiro,44
mizukai,44
mmm_(xbit),44
mnmktn,44
moccy,44
mochizuki_riku,44
mogami_rio,44
mogullaz,44
mon_mon,44
moseley,44
motofumi,44
moyashi_koubou,44
mr._j.w,44
mueririko,44
mushi_rags,44
mynare,44
nagomiya_(shousha),44
nanai,44
nanaka_mai,44
naoya_come,44
natsumi_hajime,44
negimapurinn,44
neko_neko_koneko,44
nekomanma_(chipstar182),44
ni_celery_pk,44
nia,44
nightmare-kck,44
nishi,44
nonana_(mikudrop),44
nora-toro,44
norunollu,44
numata_seiya,44
nyasa,44
ochappa,44
oh!_great,44
oobako,44
ookami_ciro,44
oto,44
otto,44
oujima_tamaki,44
parda_siko,44
parusu_(ehyfhugj),44
phantom2071,44
piku_(another_pikuru),44
pino_(straight),44
piroaki,44
pote,44
potechi_norisio,44
potti-p,44
pu-en,44
rafchu,44
raita,44
riko201008,44
riko_(kujira215),44
rozea,44
rudia,44
sakamoto_kazuya,44
salay,44
sangatsu_youka,44
sano_keiichi,44
sano_souichi,44
sasaki_kouhei,44
sasaki_shounen,44
satou_usuzuku,44
sca_jam,44
sdwing,44
senoo_aoi,44
sessue,44
shiitake_(mm0820),44
shijuu_hachi,44
shimekake,44
shinichi_tahara,44
shinogu_r,44
shio_butter_(obscurityonline),44
shiro_usagi,44
shirogane_(fox),44
shou_xun_bu_liang,44
shual3734,44
shuka_(taupe),44
sigina,44
sigurdhosenfeld,44
sikorsky,44
somalia,44
soraizumi,44
soramame_tomu,44
south114,44
su-suke,44
suetsuki_nagomu,44
sujiko_(125motimoti),44
sunnypoppy,44
taburakashi,44
taichi_(tomo),44
taka_shida,44
takitou,44
tako_jirou,44
takumi_(marlboro),44
tamae_(pixiv40276),44
tamaki_(diarie_inaiinaibaa),44
tamura_masafumi,44
tarou_(run),44
thegreyzen,44
toi_pngr,44
tokopi,44
tsukasawa_takamatsu,44
u-ka,44
uminchu,44
un,44
unadon,44
uruo,44
utayoi_(umakatare),44
vebonbon,44
vils,44
vovovov,44
wankosoradayo,44
warabi_mochi_(ehimedaisuki),44
watanukin_(etson122127),44
xiamianliele,44
xiaodi,44
xion32,44
xuanyuan,44
yakimi_27,44
yatsuha_kanan,44
yoruneko,44
yoruoujito-tsukinohime,44
yoshi_92,44
yoshikawa_miki,44
yoshinao_(yoshinao_0203),44
yuasa_akira,44
yuha_(yh-krm),44
yuki_tsuki_sou,44
yukikasa,44
yumari_nakura,44
yumi_(soak1111),44
yumyum,44
yuno_kaihara,44
yurax-mae,44
yuriri2001,44
yuu_zaki,44
yuuki_(silent_moon),44
yuukou,44
yuutousei,44
yuzuha,44
zeradok,44
zges,44
1st-mn,43
2gold,43
adda,43
afraco,43
aiue0,43
akatsuki_(artist),43
akeyama,43
amagumo,43
amanooni_touri,43
ami_thompson,43
aoi_(kiyokiyoaomushi),43
aokaze_(mimi_no_uchi),43
aosiro-michi,43
aoyagi_neko,43
aren_(fubuki-46),43
artelsia,43
asaba_yuu,43
asha,43
ashika_(yftcc948),43
ashishun,43
ashiya_kouhei,43
asn_s,43
awayuki_tobari,43
awesome,43
baten_(gei-vorugu),43
bazooka_oiran,43
beni_shouga,43
bluefield,43
bowa,43
cea_se,43
chariot.f,43
chenzcy,43
chiika_(cure_cherish),43
chinoru,43
chuuko_anpu,43
comcom,43
cqqz0707,43
creepyday,43
d-ryuu,43
damenano104,43
dandalian,43
dandel,43
darabuchi,43
decchi_oyabun,43
dededeteiu,43
dekooop,43
deyu_(aytms),43
dha,43
diolemonde,43
dnsdltkfkd,43
dokiyuri,43
door_to_heaven,43
eat666,43
ebisu_kana,43
eckzahn,43
elrowa,43
emje_(uncover),43
emo_(artist),43
fk_0046,43
freze,43
fujiwara_mizuki,43
fura,43
fuwayu,43
ginnoturu,43
gogo_shichi-ji,43
gumi_(fwjn7284),43
gxp,43
hamagurihime,43
hana_(tmtmrgrgtrg),43
haraya,43
harukey,43
hashimoto_kokai,43
hashimoto_takayoshi,43
hater_(artist),43
hatomugisan,43
hayabusa_koi,43
hayanpool,43
hei_jin,43
hestia_(neko_itachi),43
hh,43
higi_(pixiv),43
hikari_no,43
hinata_kanata,43
hisa_tsuki,43
hisagi_(puchimaple),43
hiyunagi,43
hokkana,43
hoshino,43
houmitsu,43
huwari_(dnwls3010),43
ichi_(pixiv2259597),43
ichimedoo,43
ichiru_(artist),43
ikunosake,43
imo_works,43
inaresi,43
indigorabbit,43
interstellar,43
invader,43
irigoma_(jikabi_baisen),43
isamu,43
itirirenn,43
itou_misei,43
izumo_ayuka,43
japa,43
ji_mag_(artist),43
jifu_(gifu_7),43
kachi,43
kaer_sasi_dianxia,43
kagutsuchi_(victoragna),43
kakeru_(kakeru),43
kame,43
kamille_areopagita,43
kamo_0707,43
kamu_(simp3),43
kamui87,43
kanno,43
kano_(coyotehunt),43
kare,43
katanako_daisuki,43
keishi,43
keypot,43
kinm,43
kinniku1234,43
kirisaki,43
kirisawa_saki,43
kisaragi_ichigo,43
kisaragi_yuki,43
kishiki_kanmitsu,43
kiyoshi_mizuumi_+,43
kmikan,43
kobone_awaki,43
kogalashi,43
kogemashita,43
kohiu,43
komimiyako,43
konchi_(63438789),43
konno_tohiro,43
koshou_shichimi,43
kottungyang,43
kthovhinao_virmi,43
kuhaha,43
kumahara,43
kurii89800727,43
kuroda_matsurika,43
kurosu_rino,43
kz_(dbz_kz),43
kztk,43
lee_soo-hyon,43
lendivere,43
lera_pi,43
littlefinger1988,43
lsr,43
luliao,43
luna_(reclaimed_land),43
lynxgriffin,43
m,43
maako_(pixiv54348),43
mac_4229,43
madcocoon,43
maenoo,43
mahan,43
maimu_(polka),43
makoji_(yomogi),43
maruttona,43
masatoki,43
masayoshi,43
masuo,43
matsuba_(idiotlantern),43
megahomu,43
megochi,43
merii,43
miaka_(artist),43
midori_(searchlight),43
mikaze_oto,43
mikel_(4hands),43
mikki_(asmp),43
minakuchi_takashi,43
mini_(pixiv6327751),43
minyo,43
misakamitoko0903,43
misaki_(kyal_001),43
mister_rhino_(wangzisama1001),43
miyahara_ruri,43
miyuika,43
momo_(fruits_box),43
morere,43
mozuya_murasaki,43
murata_(igaratara),43
myuu1995,43
na_(oagenosuke),43
nakajima_konta,43
namidako,43
nanaya777,43
natsu_(927013),43
nayuta-kanata,43
negiko,43
nekoemonn,43
nekono_osero,43
nekoyanagi_(azelsynn),43
netural,43
nikita_varb,43
nishikawa_ari,43
noirly,43
noka_(blackheart1118),43
nonji_(sayglo_halo),43
noppe,43
noush,43
nozoki_davis,43
o_o307,43
ohlala,43
okirakunikku,43
omochi_(glassheart_0u0),43
oniyan,43
orinpachu,43
oumi_(rsag),43
pandora-ex,43
panko_(drive_co),43
pantsu_majirou,43
paolo_antonio_aguasin,43
pillo,43
pomery,43
ponekusan,43
porigon,43
pt,43
quot,43
rakugakiii,43
ramune02,43
rankiryuu,43
ratana_satis,43
remedei,43
retei,43
rhine,43
rikumoto_yoshiyuki,43
rinka_(yuyutei),43
riruno,43
rudo_(rudorudo0917),43
ryman,43
ryuji_(red-truth),43
sakamoto_himemi,43
sakatsuki,43
sanctuary-of-apricot,43
sanmi_tenten,43
sarekoube,43
sasurai_susuki,43
sat,43
sato_ame,43
satou_takeshi,43
sayappa,43
sebijy,43
serjatronic,43
shiemasu,43
shijima_tohiro,43
shimaji,43
shimotsuki_aoi,43
shin9tani,43
shinonome_pinano,43
shiro_yurine,43
shirotae_moyashi,43
shisen,43
shomon,43
siguma_(13238772100),43
sinamuna,43
sleepy69,43
snj,43
spewing_mews,43
srwsrx_(gp03dsrx),43
suika,43
sumeragi_(black_rose),43
sumi_mi,43
sumirou-kun,43
suneo_(goten),43
supi_(pixiv),43
sura_(mana0703),43
syagare,43
tabe_koji,43
takamame,43
takayanagi_(artist),43
take_(office-t),43
taki_tarou,43
tanaka_kenichi,43
tanikku,43
tate_(donnguriumai),43
teeburu,43
tirano_tenchou,43
tokiniwa,43
tokusa_riko,43
toluda,43
tora_(trampjing),43
toriburi,43
toyu,43
tr,43
tsuchihara_ai,43
ttaji_(pass35),43
tyson_hesse,43
ueda_kazuyuki,43
uemuki,43
ueno_makoto,43
ueno_petarou,43
ultragruntyy,43
umino_haruka_(harukaumino6),43
umisida,43
unscpro,43
usanekorin,43
wa_sakaidera_umeko,43
wakuno_lemon,43
wakuwakusan,43
winni,43
ya_4004,43
yagami_kamiya,43
yamako777,43
yamasuke040,43
yanagiba_kiriko,43
yapo_(mess),43
yat_(artist),43
yet_you,43
yo-jin,43
yone_f15,43
yonezawa_mao,43
yora,43
yorha_2b2e,43
you_hashira,43
yua,43
yuezhuanlang,43
yukimura_kaname,43
yummy_(artist),43
yutori_(clockwork_chicken),43
z-ton,43
zaza_(x-can01),43
zero_hime,43
zerosu_(take_out),43
zhao_yifei,43
zinger_(excess_m),43
0_ebj,42
2qba,42
3000_xiao_chun,42
aduman,42
aesice,42
aizawa_kotarou,42
akashia_(akasia313),42
akina_(schism),42
akio_(89e),42
akishuon,42
akr_et,42
akure_ekuto,42
amano-sora,42
amano_sakuya,42
amau_(kosmos),42
amber389,42
ameimo,42
amy30535,42
anchors,42
anhao1224,42
aratsuka,42
aridamikannn,42
aritoki_ritsu,42
as_(ashes),42
asai_genji,42
asame21,42
asc11,42
asuda,42
autumn-sacura,42
autumn_sacura,42
awakumo,42
baicha,42
bakeneko38,42
bang-you,42
banira_(oocooocooocoo),42
bebitera,42
brekkist,42
bthx,42
caracol,42
chicachang,42
christon-clivef,42
chu_yeon,42
daniel_renard,42
date_naoto,42
dha315,42
dismaiden,42
dootmoon,42
duximeng,42
egooo,42
emdo_(norabbit),42
enk_0822,42
enne_kl,42
esperanza_(wp),42
fame_peera,42
freestyle18,42
fumotono_mikoto,42
furukawa_lemon,42
futami_kito,42
gi_(melmail),42
gime,42
gizensha,42
gochiwa,42
goyacchi,42
gracehoo,42
grandyoukan,42
gu-rahamu_omega_x,42
gugusam0,42
ha_ru,42
haiiro_purin,42
haji_(hajiko),42
hanasaki_coa,42
hasu_art,42
hebi,42
heiseikorotaisei,42
himitsu_(hi_mi_tsu_2),42
hino_(moca),42
hissatsukun,42
hisui_(kimochi),42
hohetomaru,42
homerun_ken,42
hoozuki_shia,42
humiyooo,42
hyoumon_(saihokutan),42
i_am_homeko,42
ichihashi_makoto,42
ichinose,42
icywood,42
ido_(nothing679),42
iketsuko,42
ima_(luce365),42
imazon,42
inhaestudios,42
insyu,42
inzanaki,42
ishigaki_takashi,42
ishihama_masashi,42
ishimura_(ishimura-ya),42
jinbei,42
jn3,42
johnson_ting,42
junji,42
junka-sakura,42
juralumin,42
k.ty_(amejin),42
kabocha_head,42
kainesato,42
kaku_choushi,42
kan_satomi,42
kaneru,42
kangmoro,42
kanou,42
kantori,42
katagiri_ikumi,42
kawai_(nrksrk),42
kawajuu,42
kedama_keito,42
keemoringo,42
kein_hasegawa,42
kekai_kotaki,42
killing-inthe-name,42
kinokohime_(mican02rl),42
kno,42
kojikoji,42
konatsu_hare,42
kono2noko,42
koredemoka,42
koshi_(koshi_vortex),42
kosuke_haruhito,42
kukuruyo,42
kumatani,42
kuroshio_(zung-man),42
kuroshiro_gurei,42
kurudaz,42
kuso_bba,42
kusunokinawate,42
kyapu-10,42
kyara36,42
kyoko_(zeprii4),42
leclle,42
leje39,42
lppletwo,42
mad_(artist),42
mafu,42
magamoto,42
magomago,42
maisaki,42
makabe_gorou,42
mako1124,42
makoto1009,42
mari_(milkuro),42
maririn,42
maruput,42
marutenmaruten,42
mas,42
mashimaru_(muzikluva),42
mashiro_yuu,42
matsudora124,42
mazeru_(jisjifin),42
mebachi,42
meso_(goma-meso),42
mibuki397,42
mike_doscher,42
mikisato,42
miri1120,42
miso-ha_(ukyuu),42
miyabi_(miura105),42
mmmera827,42
moka-momaka,42
moonyan,42
morimaiko,42
moritakusan,42
motto_(night_wear),42
mozukusa,42
mujib,42
mukuba,42
munmu,42
myuutau_tadakichi,42
mzrz,42
na2,42
nana_kusun,42
nanami_(artist),42
nananana_nanana,42
nanase_(ribonshitoron),42
narukami_ginryuu,42
natsukiyuu,42
natsukusa_(hacho129),42
natsumi_kei,42
natsuno_riku,42
negamaro,42
neko_pan,42
nekomo,42
nerunnn,42
nigoro,42
nipye,42
no.18,42
noname_(metaldragonfly),42
nori_gorou,42
noto_kurumi,42
np_eny,42
nuguri444,42
nyaring943,42
ofuro_(artist),42
oimari,42
ojyou,42
ok_o_o,42
okey,42
okuma_yuugo,42
onion_maru,42
orie,42
oshou_(o_shou),42
ouka_(stan),42
oyashirazu_(adochan_daisuki),42
p-f_lilac,42
peaceyj,42
peconica,42
pentacle_dark,42
pic_postcard,42
pikacchi,42
piko_han,42
pinki,42
pinyata_(pinyaland),42
pokira,42
poncho_(31103105),42
pot-palm,42
ptal,42
rachel_bouvier,42
rae,42
raiz_art_works,42
rakuhei,42
rakuraku,42
red_seiryu,42
rei_(artist),42
rekise,42
remiria100,42
ren_mizuha,42
rena_illusion,42
reverse_noise,42
rhymewithray,42
rightorisamraido3,42
rima_(rimarip),42
rin_gotarou,42
riomario,42
rotan,42
rybiokaoru,42
ryukishi07,42
sagano_aoi,42
saibashi,42
saitou_sakae,42
sakaki_soshi,42
saki_usagi,42
sakura_misaki_(sakura_densetsu),42
sakuragawa3710,42
sakurano_asahi,42
sal,42
sami_(artist),42
sanukiske,42
sarah_stone,42
sarina_(tosiyukiryousuke),42
sarmat,42
sat0_manga,42
satsuki_g,42
semidou_jun,42
sena_(mineruba),42
senaya_eru,42
sg_(suuchan),42
shanghai_man,42
shexyo,42
shichimi,42
shihou_haru,42
shiina,42
shijimi-sama,42
shima_yukiwa,42
shinoe_nun,42
shinolion,42
shinya_komi,42
shirako_mugi,42
shirayuki_shion,42
shirohebidou,42
shirotaso0818,42
shogo_(shogo),42
sigure_(drizzle),42
sleepy_cheeky,42
slumcat,42
smjim1986,42
sorono_wa_soro,42
souryuu,42
ssm_(ssm82048039),42
sugo6969,42
sumisuzu,42
superboin,42
suzusiigasuki,42
tabbo,42
tabiutaonpu,42
tadano_shiroko,42
takada_yuuzou,42
takahashi_(te6-6ba),42
tamon_ketsuyuki,42
tarai_(silica5),42
tauta_(meshia8787),42
tenkomori_(bug_kura),42
tenmaru,42
terakoya,42
tetesudeesu,42
thesale,42
tomoe_(itigo),42
tori,42
torikari,42
torio_(mocd1985),42
tosibow,42
toto_(sa-dosama),42
trente,42
tyaka,42
tyotyotyori,42
u-ichi,42
uchiyama_lammy,42
ueda_toraji,42
uo_denim,42
urolo,42
vaison,42
vesper_(pixiv3568),42
wadaka,42
wane_(ruki),42
white_water,42
whitemop_jog,42
winterfall_(artenh),42
xianggang_jizhe,42
xinuo223,42
xtango,42
xx_momomo_xx,42
yamakawa_(sato),42
yano_(404878),42
yaruse,42
yonasawa,42
yonjyuugo,42
yoshi_(crossmind),42
yoshii_kyoko,42
yoshizawa_tsubaki,42
yube_(skyhacker),42
yuki_ahiru,42
yurisuki00,42
yuuki_(yuuk_yume),42
yuuki_hb,42
yuuki_shin'ichi,42
yuzua,42
yuzuki_(rinka01),42
zengxianxin,42
zenji029,42
zeshgolden,42
0109_(artist),41
40010prototype,41
54cr,41
5tb,41
8_(yamalu),41
aa-rance,41
aak,41
ah-negitorow,41
aira_(exp),41
akabane,41
akane_miu,41
akino_irori,41
akit_(15jamjam),41
alderion-al,41
alice-whiteberry,41
ameiarts,41
aoyama_goushou,41
arakawa_(aintnoroom),41
arlly_radithia,41
aruminsuko,41
astor_alexander,41
autumn-north,41
b3b,41
basilis9,41
beniko,41
blackbad,41
blazbluefairy,41
blossom,41
bosutonii,41
caminukai,41
campbell_(pixiv),41
cat_shi,41
chaborin,41
chi_(chiwa),41
chiro_(chi-bu-ko),41
chiyo_(no3baki),41
chm,41
chorogy,41
cloudy.r,41
cocia_(kosianko),41
cofi_(eternal),41
coppelia_(futamine),41
crow_(pixiv),41
danji_(danji_bang),41
danpu,41
daru_(kumakumadon),41
diforland,41
digital001,41
ds_mairu,41
dying0414,41
ebi_no_hito,41
echizen_(hvcv),41
edamame_(barium),41
edo_tatsuki,41
elena-illustration,41
emo_(ricemo),41
enta_shiho,41
eternity_(shadeh),41
f-cla,41
fai_(zigzagflamberge),41
fooring,41
fo~do,41
fuji_minako,41
fujimo_ruru,41
fujisawa_kamiya,41
fujiwara_hisashi,41
fukushima_uichi,41
fumihiro,41
furu_(retr0e),41
fuzuki_yuu,41
g-20800,41
gabaisuito-n,41
gagaga,41
gao_(naodayo),41
garyljq,41
gatari,41
genjuu_rou,41
ghdwid,41
ginka,41
glglpanda,41
godtail,41
gomio_(bb-k),41
gorirago,41
greatpengh,41
greenmarine,41
hakuino_hakase,41
hamura_mayu,41
harada_midori,41
hariko,41
harugamitsu,41
haruyuki,41
hashiribe,41
hashiyamoto,41
haya_(karn),41
hi-fi_(fijazzy),41
hidarikata,41
hige_(com),41
hikapan,41
hina_(ohinao),41
hinahime,41
hitsuji_(hitsuji_kikaku),41
hiwakana6121,41
hiyamizu_yukie,41
honorikiti,41
hoshi_no_gen,41
idon,41
ie_(nyj1815),41
ikamagu,41
ilohasvio,41
imuraya_ayuka,41
inusurvivor,41
iorlvm,41
isaki_uta,41
ito_(silk9f),41
itsuki_(kisaragi),41
jack_(jacknoeaka),41
jida,41
jinroku,41
justinas_vitkus,41
k_(katokenrock),41
k_ototo,41
ka-no,41
kaguyahime,41
kakaaru,41
kakueki-teisha,41
kashiwamochi_(kashiwakashiwa),41
katahira_(hiyama),41
katou_techu,41
kazue_kato,41
kazumasa,41
kazuto_izumi,41
kdc_(tamaco333),41
kedo_mitsuharu,41
kento1102,41
khr,41
kiko,41
kino_hazuki,41
kinoebi,41
kiri_(lwp01_lav),41
kirihane,41
kirihara_natsuki,41
kitajima_yuuki,41
kklaji008,41
kohsan_,41
kokorin,41
konagonana,41
kotoyoshi_yumisuke,41
koya_(0okoya),41
kubo_(artist),41
kui_ryouko,41
kujiraoka,41
kunai_uri,41
kunieda_(miniaturegarden),41
kurai_masaru,41
kurohane,41
kyoujixxxx,41
lazy_orange,41
lemonice,41
leoleonardk10,41
level.21,41
limitless_skye,41
living_(pixiv5031111),41
lunch_(artist),41
m-eine,41
machico,41
maco,41
mari_(marimaripink),41
mariebell,41
mashinatsu,41
mata,41
maud0239,41
may_illust5,41
mazuka_kei,41
meily,41
mekyo_(topotopo_0_0),41
meme-tan_(bana_nan26),41
micoto,41
minamo25,41
minu,41
miso_(b7669726),41
mitora_nao,41
mitsuhachi8,41
mitsuru_(habihapi),41
miya_(ete),41
miyaoi,41
mizu_no,41
moniringo,41
monoheiya,41
moxi,41
mugikoma,41
munyumunyu,41
myon0305,41
n-mori,41
nachi,41
nagata_ozu,41
nakamura_yukihiro,41
namari_siro,41
naminamina_gi,41
nana-ine,41
nariann,41
nas_(z666ful),41
nashoki,41
nem_graphics,41
neocoill,41
ngop,41
nishida_yuu,41
nishishi,41
nobu_(25mark),41
nokoppa,41
no~ma,41
nufucha,41
nyamunekonabe,41
occult_soda,41
okai_(pixiv6333),41
omaehadareda-uso,41
onio,41
onyuuuu,41
oohara_tetsuya,41
orikuchi_hirata,41
orochi_itto,41
oruto_(ort+),41
painter-lhb,41
patoto,41
payu_(pyms11),41
pcw,41
peach_camellia,41
piano_(agneschen),41
poru_(tohopunk),41
prywinko,41
q-v_(levia),41
qinni,41
queen_qko,41
raito_(latek),41
randy_(awesomevillage),41
ransa,41
reason_(ficafe),41
reticulum,41
roe_(d-c_-b),41
rokico,41
rukiana,41
ryoto_soukyuu,41
s-yin,41
saidyiiii,41
sainker,41
saitou_kengo,41
sakishimadara,41
sakumo,41
sakuranoyukke,41
sapphire_satou,41
sasagawa_(haikaiki),41
sasaoka_tatsu,41
sekihara_umina,41
shi-ro,41
shi_er_xian,41
shijima_(agkm),41
shikuta_maru,41
shima108,41
shima_udon,41
shin'ya_(shin'yanchi),41
shino_(moment),41
shinonome,41
shirika,41
shirushiru_(saitou888),41
shizu25,41
shuai,41
shuiro_(frog-16),41
shunken_he,41
shy_(ribboneels),41
soraoyogusakana,41
sore_(whirlwind),41
soyaka,41
speedl00ver,41
sptuel,41
sstthei,41
stiky_finkaz,41
suikasen,41
sunligh_mao,41
tajyador,41
taka-chan,41
taka-michi,41
takahashi_shin,41
takio_(kani_sama),41
tamaoka_kagari,41
ten_(lu2948d),41
toiku,41
torakichi_(ebitendon),41
tore_(ksg666xxx),41
tori_(amadok79),41
torimeiro,41
toten_(artist),41
tsukiinu_(1174943116),41
tsunpun,41
tsuzutsu,41
tuzki,41
tyranu,41
u_nagi,41
ui_(majiwi),41
ukero,41
umecha_0,41
unipo,41
urue,41
usagi1923,41
ushihashiru,41
virgosdf,41
volkies,41
was775,41
washi_no_tosaka,41
watanabe_ignica,41
watchi,41
wayanfa,41
whooo-ya,41
y/n,41
yakitori_(yakitori06),41
yam2344,41
yama,41
yamaishi108,41
yamaki_suzume,41
yamaori,41
yizumi,41
yokoe_(mealtime),41
yomi_(yomi14_pyaon),41
yoshiharu,41
yotsuba,41
youka_(gensou_kyoudan),41
youzha_ligui,41
yuasa_tsugumi,41
yuge_sasatarou,41
yui_(daijun),41
yui_(rogsouko),41
yuikannon,41
yuki_(vicious),41
yukihira_makoto,41
yukinezumi,41
yukiya_(shiya),41
yunotimo,41
yurichi_(artist),41
ze_(0enmaitake),41
ze_ro_saiji,41
zekkyou_(h9s9),41
zhuzi,41
(stag),40
+5cm,40
23ichiya,40
24x24,40
45_(maruyaki45),40
akebono_kt,40
akimoto_(akimomomoto),40
amicis,40
amicis_(amisic),40
aoilio,40
aoneko,40
aonekonbu,40
apo_(apos2721),40
arabagi,40
arisaki_(cnxy7525),40
asu_(asoras),40
at,40
azumawari_(azumofu),40
azumo_momo,40
banamons,40
banderasu,40
biiji,40
bokiboki333,40
boko_(maniacpurple),40
bvucki36gzoeq1c,40
bygddd5,40
byuura_(sonofelice),40
cake_field_(artist),40
callarinc,40
camomi,40
chiigo,40
chika_(toumei_kousoku),40
choke_(amamarin),40
chouonsoku-jiisan,40
clere,40
cloel,40
cockadooodledoo,40
coco_(artist),40
cocura,40
codemofel,40
crab_man,40
crescent_(cgcrescent),40
crow_aberdeen,40
cu-rim,40
daifukumochi_(qquuiieett),40
daraz18aka,40
dnk,40
dokuta,40
draw-till-death,40
dreamingpool,40
dune_(artist),40
ebba,40
ebiura_akane,40
ebr-kii,40
echiru39,40
egophiliac,40
eliskalti,40
ernest,40
fant,40
five-fall,40
funakura,40
furisode_(pixilvina),40
gata2013,40
ge-b,40
ginjyasei,40
ginzake_(mizuumi),40
gonster,40
guardian-panda,40
guillem_dauden,40
gunbam,40
hakkatou,40
haku_(artist),40
hamigaking,40
haru_(primavera),40
haruka_shiya,40
hastune,40
hatori_kumi,40
hayashi_kasutamu,40
hazuki_mizuho,40
heisei_yutorin,40
hestia,40
hidaka_ryou,40
higashi_(azm),40
hikaru_(asteriskring),40
hinata_hirune,40
hiroya_masaharu,40
hiroyuki_takahashi,40
hisayaki_kyuu,40
hiz_(pixiv),40
horiguchi_hiroshi,40
hoshikage_wataru,40
hoshitetsu_ringo,40
hosoda_naoto,40
houkiboshi,40
hpa_(pixiv),40
hyoin,40
hys122211,40
i-nn,40
iku_ki,40
ikusan,40
imasogari,40
imo_mushi,40
inkspirate,40
ippo,40
iroha741852963,40
iroha_(nullpo),40
ironatsuki,40
isa_(ni-iro),40
iwa-saka,40
jean_bomjan,40
jerun,40
jiayu_long,40
k29,40
kagami_(galgamesion),40
kakashi,40
kaki_s,40
kalian,40
kamishiro_ryuu,40
kanoe,40
karan_koron,40
katagiri_(a1466502),40
kawaoka_(tsuchinokome),40
kei-chan_(atlas_kei),40
kentarou,40
keyaki_(mora_ll),40
khell,40
kino_(kino_buro),40
kinosaki_(green_patio),40
kirabunni,40
kiya_shii,40
kneeichigo,40
kodama_naoko,40
koikawa_minoru,40
kojimarie,40
komayama_akira,40
komecchi,40
kudou_akira,40
kumanz,40
kumita_(sumica),40
kurasaki_cority,40
kurige_horse,40
kuro_(baseball0000),40
kuro_(grf),40
kurobane,40
kurochanai,40
kuroneko_shiro,40
kuroneko_w1nter,40
kurose_nao,40
kurosu_tsugutoshi,40
kyama,40
kyer,40
kyoffie12,40
kyuri_tizu,40
kyuui,40
lanlanlancho,40
lanlanlu_(809930257),40
lee_sun_young,40
leopardtiger,40
linfa_lm,40
ling_(vivianling),40
little_thunder,40
lkakeu,40
maboroshineko,40
maco_(macoillust),40
maira_gen,40
makoto_daikichi,40
mal_poi,40
mamaprofennn,40
mame-p,40
maria_komaki,40
mattie,40
max-k,40
mayumio88,40
mazakura_senju,40
meda,40
meguri_uguisu,40
melonpan_(artist),40
mido006,40
mikoto_kei,40
minakami_(flyingman555),40
mirutu,40
misoshiru_(meridianchild312),40
mitauzo,40
miurin,40
miyabi_(miyabi),40
mocchiri_oyaji,40
mochi_(chain_csn),40
mocomoco_party,40
modern_afro,40
mokkyo_(motkyo),40
momae_mac,40
monteri,40
moric,40
morimiya_masayuki,40
morisaki_kurumi,40
mr.thunderigor,40
mri,40
msg01,40
mtomita,40
muaooooo,40
munyuu,40
muraiaria,40
musteflott419,40
nakaji_(user_snap3353),40
nakashima_(middle_earth),40
nalukikiki,40
nanami_tomorou,40
nanatsuka,40
nanboku,40
nawoki,40
nc_empire_(circle),40
nebukuro,40
neetsr,40
nerokuro,40
neuron_(exceed),40
niboshi,40
nihakusanren,40
ninochuu,40
nok_(nok_1),40
noniha,40
nono_(norabi),40
notsugi_(sasasasa_oriori),40
nukosama,40
nuumigranate,40
o_yat,40
oddman1234,40
ogadenmon,40
ohshioyou,40
ohtanian,40
okisimo,40
okotoburi,40
okutomi_fumi,40
olivia_(yh),40
omochiarts,40
ootori_mahiro,40
orioto,40
otono_fei,40
ougi_(u_to4410),40
oz_sumire,40
paintale,40
panda_inu,40
paparins,40
peninsula_(disappearedstump),40
ph.,40
phonic,40
poho,40
polorinken,40
purdoy25,40
rabienu,40
rainysnowy108,40
raizen_(jung_0000),40
ranbu_hararin,40
real_xxiii,40
rgreywind,40
rhine_(overtonerhine),40
ri-rihoo,40
rio_(9251843),40
runia,40
s_ibane,40
saano_chia,40
sagatsune,40
sai_ichirou,40
sakaura_(layer255),40
saki_(little_crown),40
san_mon,40
santa65,40
sara_manta,40
sasano_shiki,40
saturn-freak,40
sawano_akira,40
sensaki_chihiro,40
sente,40
serenade_(sinohi),40
serene_(gusarme),40
shadowgrave,40
shaonav,40
shazhiqiao,40
shell_(shell518),40
shigehiro_(hiroi_heya),40
shijimi_(taurin69),40
shimeji_nameko,40
shiratama_mochi,40
shizuku_hky,40
shougi_(116),40
shouko_(airen),40
shu_(artist),40
shun,40
shuuzen_(shu-zen),40
sin_(hankotsu_bunny),40
sll,40
somsom,40
soranomonooki,40
souto,40
sugiura,40
sui-95,40
sumustard,40
suyako_(suya93),40
t_(dyuhuhudyukusi),40
takatou_rui,40
takemoto_yasuhiro,40
tama_go,40
tamagoboro,40
tamatama_(nekokalpis),40
tamichan,40
tank_(artist),40
tenrai,40
tianya_beiming,40
tinkvov,40
tomura2maru,40
tora_tsugumi,40
tori_(otori),40
toufuu,40
tukno,40
uehara_(dormmmmir_),40
ueno_chiyoko,40
ujuju,40
umami_(sakeikura),40
ume_(ume_445),40
usakiyo,40
utako_(kuromosuki),40
velocesmells,40
vigwer,40
vkekrdhs,40
wankoo-mikami,40
watanabe_atsuko,40
wenfei_ye,40
wingtemple,40
wuduo,40
xexu,40
xiao_yeyouxi,40
xjr1250,40
yamamoto_kana,40
yasuu!,40
yiduan_zhu,40
yiyu_qing_mang,40
yona_(edenkasuga),40
yoo_tenchi,40
youei_(maiko),40
yuki_(nanao_yuki),40
yuki_hayabusa,40
yunagi_(yng_hoti),40
yunion_(sibujya),40
yupii,40
yuru-chara,40
yushi_ketsalkoatl,40
yuunagi_seshina,40
yuyanshu13,40
zero_(ray_0805),40
zis,40
zishanjiang,40
ziz_(pandora707),40
zzzearly,40
+15,39
00,39
0910popo,39
1991_(blz),39
5-en,39
81_(mellowry),39
9aki,39
9s0ykoyama117,39
abineko,39
adahcm,39
ag+_(atelieriji),39
aiba_kou,39
aihira_(aihira12),39
akakokko,39
akn92,39
alexa_pasztor,39
amano_uzura,39
amo_(yellowpink_a),39
anya,39
aoba_(kona),39
aplerichi,39
apple228,39
ara_(sora-ageha),39
aroma_sensei,39
asami_yutori,39
atea,39
ayama_yuiya,39
azolitmin,39
azumi_(tks-sd),39
azusayumi_meme,39
azzie_(az_man_studios),39
b.c,39
baariya,39
bakarott,39
bakuma,39
blueriest,39
boooo-im,39
bushidokuroi,39
chahora_(siki_dos),39
chiro_(bocchiropafe),39
chitose_kiiro,39
chokuboron_ryou,39
chunk-san,39
cielo_(zaki),39
citron9414,39
clear_moon,39
cno,39
cocoa_(cafe-hotcocoa),39
cocorosso,39
creamsea,39
cromwellb,39
curecycadura,39
cyan,39
danna_(pixiv),39
ddaomphyo,39
dew_(7302235),39
didy414,39
dokumi,39
dorianpanda,39
ebido,39
eightman,39
enotou_(enotou_moi),39
enyon_moon5,39
etsuo,39
ezoshika,39
falsehood,39
fan_ju,39
found_modori,39
fuchsia,39
fukutchi,39
fumizuki,39
futa-futa,39
fuu_kotora,39
fuurin,39
fuyukawa_motoi,39
gobou,39
gomoku,39
goodsun_sunkumi,39
goro_nyanko,39
greatm8,39
gtunver,39
gud0c,39
gurochii,39
hajida,39
hane_yoshiyumi,39
haruhashi,39
harukigenia,39
hataraki_ari,39
hattori_mitsuru,39
hayase_illusut,39
hazuki_gyokuto,39
heisa,39
hina_sasaki,39
hinemaru,39
hino_matsuri,39
hiyokko_ep,39
hoshika_ranoe,39
hossi,39
hunter.g,39
i-iv_(longman),39
ichiya_(obey),39
icon_(sugarless_yogurt),39
igarashi_kei,39
inudogsaikou,39
inushi,39
irei_yukitoshi,39
isaka_wasabi,39
isakysaku,39
itori_(artist),39
its_just_suppi,39
izumi_kikaku,39
j-dragon,39
jcstr,39
jess_(jelee),39
john_crayton,39
jougen,39
jun_(ash),39
jusc0,39
jyundee,39
kaisou_(0731waka),39
kakyoxx,39
kanna_hisashi,39
kappa_mame,39
katou_itsuwa,39
kawar1117552,39
kawati,39
kay_(utd),39
kazami_tomo,39
kazunon,39
kenchi,39
kether,39
kinakomochi_(kazuna922),39
kitou_en,39
kitou_sakeru,39
kitsuta,39
kjech,39
kohinore,39
koke_ojisan,39
komaruri,39
komoe_(hinagatu),39
komore,39
koutetsu_(fe_steel_stone),39
kuga_yoshito,39
kumatora_tatsumi,39
kumuiutabito,39
kyosuke,39
kys_(k-k2),39
lactmangan,39
lancelot_(code_geass),39
landolt_tamaki,39
ling_(cg_sky),39
lingcat,39
lizzydom,39
llq9ull,39
lovewolf5122,39
luceva,39
luna2,39
luna_(gunfire),39
mabui,39
mad_(kusakabe),39
magenta_(atyana),39
mahito_(tranjistor),39
makaze_hoihoi_chaahan_joutai,39
malice_stella,39
manukedori,39
marubotan,39
marujin,39
maruna_(maru01),39
marusan,39
masaharu,39
mashuu,39
matsu,39
mekakuri_(otacon250),39
mesou-san,39
midori_(green_tea),39
mikannsisyou,39
mikanururu,39
mikomo0106,39
mintchoco_(orange_shabette),39
misaki_(1n1m),39
miya_(tokumei),39
mizuyan,39
mochizuki_anko,39
mom_29_mom,39
mondo_pop,39
mono_(nekogoya),39
moze,39
muraji0419,39
muu1519,39
nago_celica,39
najimi_shin,39
nami_(cassette),39
nancy1209,39
nanjou_akimasa,39
naox,39
napalm_zero,39
nari_(narikashi),39
nashi_juni,39
nasi_w2,39
natsu_(hottopeppa3390),39
naui_kudan,39
ncww_rinichi,39
nedoco,39
nekodayo22,39
nekoro_(nekokabuto),39
nichimatsu_seri,39
niiyama_takashi,39
ningzzz,39
noir39,39
noizi_itou,39
non_(nonzile),39
nonaka_yuu,39
nonohara_miki,39
nt50,39
numyumy,39
nyafu_(moai_lion),39
nyxview,39
oh_(aung_ae),39
okome,39
oku_hideki,39
om_(carbohydratism),39
onion_(lemlaml),39
oro_ponzu,39
oshiyon,39
ou_(swdp),39
ozeki_miyabi,39
patori,39
pimmy,39
pocari_sweat_(artist),39
pomu_(pomu_me),39
ponimu,39
porukima,39
potacure,39
pr,39
pravin_rao_santheran,39
priyaphr,39
pydiyudie,39
qing_(sankakuosushi),39
rain_(regen),39
rakkogawa_rinro,39
rapa_(heisei_strawberry),39
raydango,39
red003,39
rei_(kinokotype),39
remil,39
ringo_ame,39
rinne_(mizunosato),39
ririvery,39
ro_(igris-geo),39
rockyroo,39
rococolove,39
rokkaku_(ajisaidenden),39
runemill,39
ruo_(cruzada),39
rururara,39
s040784,39
sakura_(superbunnys),39
sakurada_en,39
sakurai_norio,39
salvamakoto,39
sanada_ikki,39
sasaki_masakatsu,39
se_(hanahide),39
segaxtu,39
sencha_(coldcolor),39
seneo,39
senri_(nazerine),39
sgawarananto,39
shidatsu_takayuki,39
shiguko,39
shino_skk,39
shinobe,39
shinsei_(easycross1226),39
shirakawa_(whitemist),39
shiranori,39
shiruko,39
sho_(shirojiro_kuroguro),39
shunichi_(kira2afro),39
sid_(skxviii),39
signalkj,39
silversirius,39
skym_(kumei),39
skyt2,39
speh,39
sr_soba,39
ssss_ve,39
starhoshi,39
stc,39
storia,39
sugimeno,39
suika_wari,39
sukocchi_moruto,39
sunoko24,39
sunsetagain,39
surume_(su1193),39
suwaiya,39
suzune_rai,39
tachibana_amane_(amane01a),39
takamin_apaman,39
takano_ui,39
tama_._kogifu,39
tan_taka,39
tanaka_yutaka,39
tang_xinzi,39
taroimo_(00120014),39
tasselcat,39
teco_uk,39
tenkirin,39
tepengu,39
tifg39,39
tiku_(ttcwf03),39
tlman,39
tm-pika,39
toe5278,39
tokine_(maikaze),39
tokinon,39
tomochiso,39
torakichi37,39
torao_(torakmn),39
torque,39
totororo,39
tsujisaki,39
tsuki_no_i-min,39
tsunekun,39
ttc,39
turisasu,39
twh_(artist),39
ug,39
uirina,39
ultramarine,39
umasan,39
umishima_rinta,39
uni_(maru231),39
vafar7,39
vincent_graphic_art,39
vvcephei,39
wadanaka,39
wakino_yoshifumi,39
waku,39
wasabi_(artist),39
wata,39
white-aster,39
xi_chen_chen,39
xijian,39
xyronii,39
yagiushi_(sinnpatilove),39
yamabuki_(yamabuki_xxxxx),39
yamaguchi_yasushi,39
yamahoshi,39
yan-yam,39
yashigaras,39
yoneyu,39
yonezuka_ryou,39
yoshimura_masato,39
yoshizou,39
yukihiroyuki,39
yumeha_tseru,39
yumemizuki,39
yumi_(tuzisaka),39
yuragi_(nukomomo),39
yuu-yuu,39
yuu_(yu1you2iu3),39
yuugure,39
yuuki_maya,39
yuuki_tsubasa,39
yuuna_katsumi,39
yuuta_(tokoton_hirune_hiyori),39
yuyu_(yuyudesu0806),39
yuzuki_yuno,39
yuzumame,39
zedoraart,39
zeni,39
zerorespect_bot,39
zgxuke,39
zhu_mianzi,39
zibun_owl,39
2no,38
2pineapplepizza,38
8'108,38
8041mm,38
abarabone,38
abe_(f!mixture),38
ace_(hyper_otintin_time),38
akira_(mr_akira),38
akitaka_akita,38
ako_(ako0905),38
akyorapenyo,38
alpha_(eren_mfmf),38
amada,38
amana_raika,38
amano_saku,38
amatsuki_hotaru,38
amino_dopple,38
amraam120c,38
ani_(artist),38
antenna_(draconian),38
ao_no_hako_(wsj),38
aotsuki_takao,38
appi,38
arvalis,38
asou_(asabu202),38
ateoyh,38
axsen,38
bakutendo,38
banbuu_(zeromugen),38
baseu,38
bibiko,38
bon_(moegomi),38
bulge_tsuki,38
byakuya_mika,38
channel_(_caststation),38
chobonu,38
chou_saotome_kenkyuujo,38
chulain,38
chuujou_kagetsu,38
cmpovar,38
coco_(h221414),38
colorful314,38
crown_(artist),38
cryptid_creations,38
cycloneactionx,38
danfer3,38
dexp,38
diana_jakobsson,38
dk_(13855103534),38
dolcexxx,38
duany,38
dupp_akiru,38
ei_(pakirapakira),38
enje_(pixiv3289887),38
eri_muuton,38
eterno,38
exlic,38
exocet,38
eye_(mememem),38
feleven,38
fluffkaiser,38
funbolt,38
fuotchan,38
g.g.lemon,38
garmmy,38
gigi_d.g.,38
gojya,38
gotou_(pixiv37128),38
hajikaji,38
hakaimoufu,38
hanaji,38
hanakago,38
hare_(yamihuji),38
hasami_(hasami25),38
hatoya_hato,38
hayata_aya,38
heca,38
hekoningyou_(waraningyou),38
hicha_nomu,38
hiiragi_ryou,38
hime_(ohime_pkg),38
hin,38
hinoe,38
hinotama_(hinotama422),38
hirafumi,38
hiruno,38
hitomi_o,38
hitori_(htr_t),38
hoshi,38
hsuliherng,38
hyokkori_tamago,38
ibukichi,38
ikusabe_lu,38
ikuya@,38
imada_hidehito,38
inoue_yukihiro,38
inumimi-syndrome,38
irudana,38
isetta,38
ishii_akira,38
ishikawa_fumi,38
itou_ben,38
itsumi_mita,38
iwao_(pixiv258710),38
izayoi_cha,38
jang_won,38
janome_gochou,38
jhony_caballero,38
jiima_tarou,38
jimeko,38
jisoo_kim,38
john_manjirou_(love-love-happy21),38
jongmin,38
kagayan1096,38
kagelantern,38
kamekichi27,38
kamiomutsu,38
kan,38
kanbayashi_makoto,38
kariosuto21,38
kasane_(cynthia),38
kasuga_kaya,38
kasuteru,38
katou_sami,38
katou_taira,38
katsu_ryouji,38
kawamori_shouji,38
kazto_furuya,38
kei1115,38
kei_(pixiv),38
kiduki,38
kijinaka_mahiro,38
kirimatsu,38
kishiro_yukito,38
kita_senju,38
kizuki_erika,38
knck,38
knokzm,38
ko-man,38
kokoro_na,38
kokuzu,38
koma_tori,38
konata_(knt_banri),38
kondou_(acid),38
kosanmaka,38
kosuda,38
kotatsu-spirit,38
kote_(dew),38
kotohane,38
koukii,38
ku.,38
kurai_(cry),38
kuro-ekaki,38
kuroda_akimi,38
kurokage,38
kuroma_(atapi),38
kyoma_(yellowxcake),38
langlong,38
libeuo_(liveolivel),38
logical,38
lulu_season,38
maki_michaux,38
makino_(sinobusan),38
makirin,38
makora_higa,38
mamemix,38
mami_(apsaras),38
manno_(kanpi2100),38
maromaron_taitei,38
maroyan,38
marufuji_hirotaka,38
maruta_kentarou,38
masami_obari,38
master_sgt_mine,38
matoba_(ga6life),38
matsuzaki_yutaka,38
matuken1027,38
mcyu,38
mekeko,38
meriko,38
met-tha,38
mg_kurino,38
mhong,38
mif,38
mikan_(mikataaaa),38
mikimo_nezumi,38
mikuma,38
mimimi_(echonolog),38
miya_star_saa,38
miyabi_urumi,38
miyake_achi,38
miyashiro_sousuke,38
mizuki_hau,38
mizuki_miyu,38
mizuno_minato,38
mizuno_poppo,38
mochi_(circle_rin),38
mogukk,38
momiji_gari,38
momomochi,38
monmon,38
moogie,38
moriguchi_yuu,38
moriririnn,38
moyashi_(karamisouma),38
mugishima,38
munuu,38
n-bata,38
n15e,38
nadeshiko_rin,38
naga-no,38
nagaigoz,38
nagami_tami,38
nagatani_(nagata2),38
naguramu,38
nakamura_jun'ichi,38
nan,38
nanakusa_amane,38
nanashi_(soregashi),38
nanashiki,38
nano_(c175311),38
nekoinu_bamboo,38
nekomim1,38
nekomu_shi,38
nerimono_(nekokoban22),38
nettsuu,38
ni_(2shi),38
nikori,38
nil,38
ninjunker,38
nitta_hiroto,38
nolia,38
noni-nani,38
nonone_(the9thxsheep),38
noririn,38
nya_deko,38
nzwt,38
ochiai_hitomi,38
odibil,38
okannigeru,38
okari,38
okiza_yuuri,38
oofuji_wataru,38
oonaka_ito,38
oono_tetsuya,38
oota_minoru,38
oozora_itsuki,38
opengear,38
oruka_(kamituki0827),38
osaname_riku,38
oui_lion,38
ouka_(ra-raradan),38
outsuki,38
patatata,38
pc_(z_yu),38
pizanuko,38
pocopoco,38
pun-rii,38
qiumoyixing,38
r_ego999,38
rak_(kuraga),38
rapa_rachi,38
rat_riot,38
re-ka,38
red_ace,38
reimei_(1988),38
rel,38
ren_(tainca2000),38
rennkuu,38
reprilo_channel,38
rimu_(rim573),38
rina_(crystalrina),38
rinneko_art,38
riochan,38
riretsuto,38
ro-ichi,38
rojiura-cat,38
roku_(roku_0141),38
rui_li,38
rupe_paperu,38
ryukadomatsu,38
sachiko_(omame),38
sanada_nako,38
sasurai,38
satsu,38
satsuki_harunobu,38
sawara_(starligtvision),38
sazanami_hakuri,38
sei_(shinkai_parallel),38
shaliva,38
sharekoube,38
shiawase_usagi,38
shibuzoh,38
shiden,38
shikuro_(masax1107),38
shima_chiyo,38
shinki_(artist),38
shinpei_(shimpay),38
shiraishi_takashi,38
shiratan,38
shirayuki_shoushirou,38
shiro_srmsk,38
shuca_ca,38
simk,38
sonosaki_kazebayashi,38
sriokorr,38
suimame,38
suisyounohosizora,38
sukumaraku,38
sukumo_(kemutai),38
suteba_(grzjkbhgf),38
suzu,38
suzuneko_(yume_no_kyoukai),38
suzuya,38
sync_(id_12519877),38
t@kuyoa,38
tadano_myoushi,38
taharu_(papiyas),38
taka_(suigendou),38
takanoru,38
takapi_3,38
take_(draghignazzo),38
takemura_sesshuu,38
takoyaki_(takoyaki-batake),38
tama-chan_(momomomijisakura),38
tama_(tamafuku08),38
tamago-kiiroi,38
tashimo,38
tasikanakoto,38
tasu_tasuta,38
tatsunami_youtoku,38
tebukuro,38
teiraa,38
templus,38
tenryou_sena,38
teralimit,38
theta_(ponkotsu_works),38
tikuwakure,38
tipo_(tipoplaza),38
tnaym,38
tokiaki,38
tokonatu,38
tomatomagica,38
tomitayaki,38
tomo_(tomorag7),38
tonkotsu_ramen,38
toooka,38
tor_(torkrub111),38
tori_(artist),38
toryuu,38
tsuda_mikiyo,38
tsukimushi,38
tsukito_(leaf_moon82),38
tsukudato,38
tsuru,38
tsuyukina_fuzuki,38
tyke,38
u_tnmn,38
uko_(moi08),38
umapan,38
us2s,38
usaba_kagerou,38
uttsu_(yumaviviane),38
uutan_(shibainu_kakumei),38
viorie,38
wakame_mi,38
wataroux,38
watson,38
wen-m,38
wokada_(takouji),38
won_(toufunokado),38
xaiqi,38
y_xun,38
yadayada,38
yakisoba_ohmori,38
yamamoto_nori,38
yashiro_(silver_will),38
yelsh,38
yilee,38
yny,38
yongzhe_mei_hong,38
yosu,38
yosuzu,38
youmak,38
yue_(show-ei),38
yuenibushi,38
yuguru,38
yuitsuki1206,38
yuna_(deadawon),38
yuraiko,38
yuriko,38
yuuki_shishin,38
yuukyuu_ponzu,38
yuyouxing,38
yuyu_(yuyurhythm),38
yuzuki_karin,38
zap,38
zarashi,38
zen_(pixiv),38
zhanzhan_lan,38
zo_ochi2,38
zonana,38
zooya,38
zougenhyoh,38
zutta,38
1388chan,37
80yakky,37
9_vcat,37
9so_(ponchon),37
a821,37
aegisfate,37
aguri_(aguri0406-aoi),37
ahou_miya,37
aisendraw,37
aixixixixi,37
aji082,37
akagi_gishou,37
akamaru,37
akasaka_aka,37
akizuki_tsukasa,37
alt_(apou),37
am24,37
amado_(shin),37
amagai_yukino,37
amahira,37
amarisu,37
amatiz,37
amy26,37
aoharuto,37
applechoc,37
arhah,37
ariorihaberi,37
arisuuuuu.1436,37
aritsuno,37
atomix,37
atsuyu,37
av_(artist),37
ayakawa_riku,37
azuma_ezu,37
azuredawn40,37
baeming,37
bakabakasii,37
banirou,37
bear_ringer,37
bone_(stare),37
boo_(takagi),37
bunny1219,37
buta_(uhoiiotoko),37
cake_(isiofb),37
ccaw,37
chicke_iii,37
chin_(motio7201),37
chisuke,37
chito04,37
chomo_(asymmate),37
circus66,37
coelacanth_(gyotaku),37
cure_nico,37
dagappa,37
daichi,37
dance_of_eternity,37
daughter,37
dawn_(664387320),37
deimos_art,37
dio_uryyy,37
dodome_(sharon),37
don_allan_figueroa,37
donburimeshi,37
dou-t,37
dpea9,37
dr.beeeee,37
dunceneygak,37
ebi_tendon,37
efu,37
eibon,37
engawa_(rarenago),37
enka_(bcat),37
erika,37
erikku_(kata235),37
eringi_oishii,37
eskey_09,37
eureka_brider,37
fakkuma_kouroumue,37
fei_lio_mao,37
felice,37
flowerchorus,37
frea,37
fubuki_(fakemonkey0224),37
fuku_d,37
fukurau,37
furukawa_hideki,37
fuyodo,37
gabu_kichi,37
gareki_sh,37
gd_choco,37
ginji,37
gioha,37
gobaku_no_hito,37
goldenpenhd,37
gtcockroach,37
guilhermerm,37
gupaon,37
guraida,37
gurihiru,37
gyuunyuu_bin,37
h26r,37
habbitrot,37
hana_(asml30),37
hanami_dango_(zzldango),37
hanbu_hantarou,37
hanuu,37
happytreefriendspikapika,37
hasewox,37
hayapi,37
haychel,37
hcsb,37
herio,37
hidari_kagetora,37
hiiragi_shou,37
hinoryu,37
hirondo,37
hiroyuki_taiga,37
hisakahazara_(hijojo),37
hisakawa_chin,37
hisakawa_riho,37
hiyashi_mikan,37
hoerutarou,37
hole_of_yago,37
hong_yun_ji,37
hosoime,37
houshiruri,37
ichihara_kazuma,37
iiru,37
ike_(altitude_attitude),37
ikedan,37
ikkaisai,37
inumaru_(sougen_no_marogoya),37
irreligiositat,37
ise_dango,37
isu,37
itahana_toshiyuki,37
ivy60530,37
iwamoto_tatsurou,37
j_(onjj),37
jay_b_lee,37
jhc_kai,37
joanna_(mojo!),37
justminor,37
jza80,37
kagami_leo,37
kagura_ittou,37
kaima,37
kaiyi,37
kakurenbo.,37
kamimon,37
kamogawa_akira,37
kanzaki_sora,37
katagiri_chisato,37
katakura_nayuuki,37
kawahara_natsuki,37
kay_yu,37
kayahara_(kayaka),37
kazami_(kuroro),37
kchang57,37
kei_(keiclear),37
ken_makiba,37
kenny_(poe90),37
ket-c,37
kiko_(kikobooom),37
kimimaru,37
kiriya_haruhito,37
kisaragi_you,37
kisekisaki,37
kita_senri_(artist),37
kiwakiwa,37
kkuwa,37
ko-chin,37
kobayashi_ritz,37
koda,37
kon_(kdash),37
konno_akikaze,37
kono_sanorou,37
koonowen,37
korican,37
koroneko_p0w0q,37
kotera_ryou,37
kotori_(lycka),37
koujuan,37
koyuki_(2smj),37
krs_(karasu),37
ksfactory,37
kukkumann,37
kurenai_musume,37
kurenaidahlia,37
kurita_shin'ichi,37
kuromu_(kaeru),37
kurononekojyo,37
kuzuno_ha,37
ky_(ky990533),37
kz-kura,37
leaf_st,37
lightningstrikes,37
lizhilv,37
lleu,37
lotter75,37
lunchicken,37
lzd,37
madokan_suzuki,37
majo,37
manakannn,37
mangattan,37
maou_abusorun,37
marubonman,37
masateruteru,37
matokichi,37
mekameka_shii,37
mijinkouka,37
mikumo_(lpmkookm),37
minatasiro,37
misashi_(raichi821),37
mitarashi_neko_(aamr7853),37
mitsuki_yuu,37
miyama_(tokiwairo8),37
miyano_akihiro,37
miyuara,37
mn_(zig_r14),37
mo-fu,37
mochida,37
mogupon,37
moji_(mojimozis),37
momomo,37
monono,37
mont_blanca,37
mooramango,37
moriya,37
mukuo,37
muramura_hito,37
mxwbr,37
naka_(nicovideo14185763),37
nakahara_(fukufuku),37
nakatsuru_katsuyoshi,37
nanairo,37
nanairo_souga,37
nanakusa_(user_rnpt7322),37
naruki,37
nashirasauce,37
natsuki_shio,37
natsumikan,37
natural_wind,37
nayuta_(una),37
neko_nadeshiko,37
neko_zukin,37
nekoi_hikaru,37
nekokyu,37
nekotama1987,37
nekoto_rina,37
ningen_plamo,37
nino_(pixiv10550),37
nipeira,37
nippori,37
niwaka_potato,37
niyadepa,37
noein_(artist),37
nomuraumu,37
noritamako,37
ntny,37
nukaduke000,37
numeri_(pixiv),37
nuobeiyhengaoxingrenshini,37
okamori_kuo,37
okaohito1,37
oki,37
okina_(805197),37
okoge_senbei,37
onyang,37
orimoto_mimana,37
oto_taku,37
penpenhuihui,37
pesogin,37
peter_(artist),37
pikapika_hoppe,37
pimopi,37
pinkboy,37
pogeepoge,37
pongari,37
ponkan_eight,37
purpleninfy,37
qnqn_1020,37
raining_ji,37
ramfu,37
rawan,37
rchella,37
redb,37
reito6,37
rice_rabbit22,37
rikizo,37
rikudou_koushi,37
rimei,37
ringonaki,37
riry,37
rm-parfait,37
rnkgmn,37
rtari,37
ruun_(abcdeffff),37
ruuto_(ruto3),37
ryushin,37
ryuu32,37
s-goon,37
sada_noriko,37
saida,37
saitou_shunsuke,37
sakamoto_ahiru,37
sakaokasan,37
sakura_mikan_(chirizakura),37
saltlaver,37
sanada_taketo,37
sangria_(sangria69),37
sasai_saki,37
satou_(kuso-neet),37
sawamura_aoi,37
sazaki_hiyoru,37
sbql_(niaunclefan),37
seiru_(prairie),37
seminoyu,37
sena_chifuyu,37
setouchi_kurage,37
shakata_(syakatan),37
sherad,37
shie,37
shii_(cocoa),37
shii_(no-va_could),37
shimada_(simada_bu),37
shimoigusa,37
shina_000,37
shiro_kunugi,37
shirodama,37
shiwasuzuki,37
sho_(artist),37
shousetsu,37
shuffle_(songdatiankong),37
shukei,37
shuz_(dodidu),37
siloteddy,37
sk_tori,37
souhi,37
soyosoyo,37
spung,37
stealstitaniums,37
steven_mack,37
su_ggushi,37
suemizu_yuzuki,37
sumeshi_(ambivalince),37
sumomo_kpa,37
sun_(sunsun28),37
supe_(yuusyasupepen),37
taamo_yu,37
tae,37
takeshiko,37
takoyaki1116,37
taku_(fishdrive),37
tamara,37
tanaka_(cow),37
tandozzing,37
taranbo,37
tasasakiamagu,37
tatuyayosi,37
tawashi1623,37
tetra_takamine,37
thompson,37
tianyu_jifeng,37
tkd_dkt,37
tomako,37
tomo_(pixiv245623),37
total,37
toujou_mina,37
toutouhai,37
tres-iques,37
tsukiishi,37
tsurumaki_kazuya,37
umajiri_gyuunyuu,37
uncleko5,37
uno_ichi,37
vanink,37
vinyl_(vinyyl_bag),37
wakoudo,37
wkdnlwoddl,37
xiao_gen,37
xiexianglg,37
yamakawa_umi,37
yimu,37
yonago,37
yoshidaworks,37
youaresober,37
yozuki_shokora,37
ytuorvi,37
yubto_45,37
yugeoryouki,37
yuma_(zero),37
yume_keikaku,37
yumeno_mikan,37
yuri7s0,37
yutaka,37
yuu_(togishi_kanata),37
yuubi,37
yuutarou,37
yuutsuki_hina,37
yuzuru_(hayuiop123),37
zettai_22,37
zunta,37
172cm,36
382,36
57friend,36
afuro,36
aioi_u,36
akamomo,36
akiyama_(noconoco),36
akiyamabc,36
alex_chow,36
alto168,36
amagaya_(rat-tat-tat),36
ang,36
annko,36
annyui,36
aoi_nagisa_(artist),36
aono_(f_i_s),36
archienemy,36
asano_kazunari,36
atokniiro,36
azitama_atsushi_(attyuu),36
azuki-iro,36
bamboobeboo,36
bear_minstrel,36
bibyo,36
biyora,36
bk,36
blann,36
bobo_(6630978),36
bobukuro,36
bocodamondo,36
bombyxmori_ckr,36
buchu14569590,36
buttexi-onndouru,36
byako_(srktn),36
c_(rahit),36
caffeccino,36
cang_se_ye_hua,36
cete_(controllingtime),36
chamame,36
chicking,36
chigayasan,36
choco_rabbitt,36
chonbo_(artist),36
clash_kuro_neko,36
comfeer,36
coupe50,36
crimsonseed,36
cyzir_visheen,36
d-nobi,36
daiki,36
dannoura_yuuki,36
dc9spot,36
dead_line,36
def_(chronowarld),36
dioptrie,36
disney_o626,36
doboshiru,36
dododo,36
dorei_k,36
ebine_toshio,36
efyuru,36
elee0228,36
emanalc,36
endyy,36
enk,36
enpou,36
exaxuxer,36
ezusuke,36
fengya,36
flat_(joppin_karu!),36
fley3black,36
frederiq,36
fuji_q,36
fujii_tatsuya,36
fujisaki_(hjsk),36
fujisaki_rei,36
fujisee,36
fujiwara_yoshito,36
fukuzou,36
g_(genesis1556),36
gaito-san,36
ganbaru_(woainini),36
gatchan,36
gentletiger,36
gouzhiyi,36
guardias,36
gwayom,36
haiyun,36
hakobako,36
hakusairanger,36
hallch,36
hamster_(hanmster),36
han64,36
han_gong,36
hane_riu,36
harukawa_(itsuka-itsukaichi),36
hayama_yuujirou,36
henpei_saboten,36
heriyama,36
hidejiu,36
himukai_yuusuke,36
hino_shinnosuke,36
hirata_ryou,36
hiro_(hibikigaro),36
hirodango,36
hirorin,36
hise,36
hitoshise,36
hlz,36
homex,36
honzawa_yuuichirou,36
hototogisu_(hot_to_gis),36
hug_ff14,36
huumoon,36
hzw3,36
ibuki_sakura_(sgw_v07),36
ichi-be,36
igarashi_ran_(igatz),36
ilsa34660285,36
ilyfon133,36
imai_takahiro,36
itou_izumo,36
itsu_(artist),36
iyuuki,36
iza,36
izana_minagi,36
izubuchi_yutaka,36
izumi39,36
jacob_dream_world,36
jasmin_darnell,36
jenna_brown,36
jerry,36
jijii48,36
jippei,36
jokerpang,36
jyaco,36
ka-neito,36
kaburaya,36
kaede_(sayappa),36
kakeyu,36
kamehima,36
kanasaki,36
kanata,36
kasei_yukimitsu,36
katase_yuu,36
katsushika_pachi,36
kazami_mioyoru,36
kazaya,36
kegani_(kegani01),36
kemo_(pokka),36
kidhukaji,36
kikuchi,36
kimoti_omoti,36
kinako_(moment),36
kinnan,36
kinugasa_kaguya,36
kirieroido_iii,36
kisalaundry,36
kishinaito,36
knbilove,36
kogiso,36
kohaku_(csacu),36
koizumi_kazuaki_production,36
kokutou,36
komachi_narota,36
komiya_harumoto,36
konbanwa01,36
konoha,36
kotobuki_utage,36
koumori_usagi,36
kt,36
kuhnowushi,36
kuo,36
kurirou,36
kuro_mushi,36
kuroba_dam,36
kurokoge013,36
kuruuya,36
kusui_aruta,36
kuzu_(miduhana),36
kuzuya_ramurin,36
kyabakurabakufu,36
kyoji_(tmtrymetm),36
lacampanule,36
lanzhu,36
leglus,36
leomodesto,36
leslietheluna,36
ling_huanxiang,36
lip_(lih8),36
lirilias,36
littleb,36
lyrah,36
lyrical_denko,36
mabuta_(byc0yqf4mabye5z),36
machimote_taikou,36
maikaze,36
maimu_(gol-em-1226),36
makaron,36
mami_akira,36
maon,36
marimo_(artist),36
maron_(quintet_colors),36
maruta_(shummylass),36
mayafufu,36
mayata,36
maydrawfag,36
meguro_fukuzou,36
mei_mu,36
meicha_(drill-biyori),36
michigan,36
miesa,36
mifu_(b24vc1),36
mifune_yatsune,36
miji_doujing_daile,36
mikiky,36
mikoto_(mio),36
milim_nova,36
ming_(torga),36
mirakururu,36
mirisha,36
mishiyomi_kazumi,36
misooden,36
mitsuki32k,36
miyina,36
mizuno_(iori-amu),36
mochi730,36
mofuka,36
mogupuchi,36
moninora_(moninora83),36
monji_samonji,36
monjja,36
mont_blanc_(heartcatch_ayaya),36
moonexplorers,36
mosamune,36
mount_whip,36
mr2d,36
muloli,36
murasaki_kajima,36
mutsumix,36
muusu,36
mydeerwitch,36
nafuda,36
nagaro,36
nanase_(nns_6077),36
nanasumin,36
naonakamura,36
naozi,36
naru_(kts5584),36
nasubi_(fian0202),36
nasutetsu,36
natsumi_(natumi06),36
nazoko,36
ndo2,36
ne,36
neekochanii,36
nekoma_kotomitsu,36
nekotaririn,36
nekozuka_(duka_nkdk),36
nickii25,36
nihiro_(erxun11),36
nirai_kanai,36
nisui57,36
niwatoriya,36
nntn,36
no_sense_of_shame,36
nokia_(harusion),36
norun,36
nozumu,36
nyagiratwist,36
obaoba_(monkeyix),36
odamki,36
ohno_tetsuya,36
oinari_yukke,36
oka_mariko,36
olchas,36
omi_(tyx77pb_r2),36
ontama,36
ooshiro_youkou,36
oppi_(ksop28),36
osa_(osakana1217),36
osaka_kanagawa,36
p_no_hito,36
panda_(shiro_x_kuro),36
pandaun,36
parutoneru,36
peanuts_omr,36
peppe,36
petag2,36
phantasmic,36
philiera,36
pic_k,36
pira_811,36
pirihiba,36
polo_(pixiv1844541),36
pontiikii,36
printemps,36
qidai,36
qmo_(chalsoma),36
ra_suya,36
ragi_(pluie),36
rakko_(makarakko),36
ralf,36
ramutaizumu,36
reiji-sss,36
reisun001,36
ricca,36
ricochet-gou,36
rigu_(what_will_be_will_be!),36
rison,36
ru&pauda_(artist),36
rui_yuda,36
rurisakura,36
rusellunt,36
ryuuta_(akatukiryoka),36
saane,36
sada_(sadahalu),36
saitou_gabio,36
sakamoto_bin,36
sakihana,36
sakuragi_yuzuki,36
sakurai_(kage),36
sakurapochi,36
samegami,36
sanada_(teketo),36
satou_toshio_(suisuisuisui),36
saver_(artbysaver),36
sawana,36
saya6382,36
sayonaka_megumo,36
scarlet_dango,36
senguyen1011,36
sereneandsilent,36
seven_star,36
shigen,36
shino_haruto,36
shipu_(toppintetratorten),36
shirakami_fubuki_(artist),36
shirogane_rio_(artist),36
shiroi_tanuki,36
shishina,36
shizuma_(tanfn),36
silent_sakia,36
slee,36
soara,36
sobayu_(chizuwa),36
sorako_(yoshida_t),36
soumakyo,36
spirit-edge,36
sugar_sound,36
sugino_(patrassyar),36
sumiwow,36
suyu38,36
suzurino,36
t2,36
tabetai_omochi,36
tachi_(mtd),36
tadokoro_nurikabe,36
takuan_(takuan0907),36
tang_elen,36
taruk,36
tashimu,36
teina,36
tenhi_tsukitori,36
teru_suzu,36
tfqr,36
thukimidanngo,36
tian_kazuki,36
tiny_(0v0),36
tobade_(tbdfactory),36
togi9999,36
tokita,36
tomtomjm,36
tonbo_(11023),36
tonshi,36
toto_(artist),36
touko,36
toushi_ryoku,36
transpot_nonoko,36
tsubuta_hiro,36
tsugaru_(co-walker),36
tsukasa_yuuki,36
tsukasaki_aoi,36
tsukishiro_kou,36
ttusee5,36
tujisaki,36
umaguti,36
unagimaru,36
unoi,36
usagikoya,36
usaginezumi,36
uzuki_eri,36
vasiliy-plumber,36
vincent_(hiyakuen),36
vivian_(lancerhd),36
vusc,36
watase-ya,36
watashitachino_kareshi,36
weda_(artist),36
windtalker,36
wuzhihuijia,36
y0moru,36
ya-man,36
yakkun,36
yamanami_kousuke,36
yamane_masato,36
yami_nabe,36
yangyieva,36
yazawa_oke,36
yohsoro,36
yokuran,36
yomitrooper,36
yonaki,36
yoshii_dan,36
youko_(santarose),36
youzu,36
yt,36
yuanmaru,36
yue,36
yukiou,36
yulha_06,36
yumi_san0112,36
yunvshen,36
yurayura,36
yus,36
yuya_(oshidori),36
yuzuko,36
zerg309,36
zero-souma,36
zeroemon,36
3gs,35
4b,35
absent,35
abukawa_honpo,35
acky_bright,35
ahiruaoba,35
aiko_(aiko_54),35
airi_(akamichiaika),35
ajidot,35
akatsuki_(kuon),35
akatsuki_yakyou,35
akatuki_taku,35
akiki_(kiki),35
akira_b,35
akitsuki_ria,35
akizuki_buranko,35
amage_kanade,35
amearare,35
ano_(sbee),35
anshinmama,35
ao_ringo,35
aomaxuanzexuexi,35
aomoro,35
aosuke_(ayakawa_akito),35
aq_sipd,35
arai_12,35
arch_lapin,35
arisuke_(natuyan),35
arya_(artist),35
asagi_sakura,35
asahiro_(algl),35
asakou_(n_morninglight),35
ashinamaturi,35
aslindsamure,35
asprach,35
asuke_yuki,35
aya,35
aya_(star),35
az0212,35
b.tarou,35
ban_(3551702),35
bechu,35
binggong_asylum,35
bisco9skm,35
blue_(hopebiscuit),35
boa_(4chan),35
bojue_yu_yaojing_695657,35
buraninn,35
burijittou,35
cassio_yoshiyaki,35
chadolbaegi,35
chess08,35
chimaro,35
chinchira,35
chisuhuimo,35
chiwino,35
chiyaru,35
chiyu_(cotoritori),35
chocofox,35
clow,35
coffgirl,35
crim0137,35
crybringer,35
cu-sith,35
dagasi,35
dagasitotaiyou,35
damao_yu,35
date_hajime,35
day_mello,35
dekappara_futoriusu,35
depe,35
diegodoodles,35
diohazard,35
disuto,35
dougaku_(passionpit777),35
dragonith,35
e-0057,35
ebisu_senri,35
eboda-x,35
ebura_din,35
edowan,35
endou_hiroto,35
eric_(tianqijiang),35
esuto,35
eternal,35
eymbee,35
fal_(falketto),35
fanfad,35
finaltakenoko,35
follen_(639594),35
food_fighter_441,35
fujimon,35
fumimaru,35
funamori,35
fuyuno_(kiddyland),35
g3pen,35
geckolion,35
gekato,35
general_orumutsu,35
genn_00o,35
genocide_kitten,35
glycyrrhizae,35
godharo1,35
goke_shike_(altamira05),35
goldfishu,35
goushen0309,35
h@ruichi,35
hachi_(gaoo),35
hainegom,35
haitaka,35
hana_azuki,35
hanahubuki1991,35
hanamaru-s,35
hanazawa,35
hanzaki_jirou,35
harikona,35
harry_(namayake),35
haruya_(lajoon),35
hato_moa,35
hatsuka_(exsilver),35
hatyo,35
hawawani,35
hayashi_tsugumi,35
hazuki_touya,35
hecha_(swy1996228),35
highvoltage,35
hino_hikaru,35
hinokami_sakura,35
hironoshousei,35
hiroshi_(jasinloki),35
hisame_(nekousatan),35
hiyoyogi,35
ho-cki,35
homocacti,35
hu_sea,35
hybrid_cat,35
ian_samson,35
ichi_kawa_ichi,35
ichiko_milk_tei,35
ihiro,35
innovator123,35
inobesion,35
inuboe,35
iori_(cpeilad),35
iroenpitsu_xxx,35
ishmaiah_dado,35
iso1206,35
itaio,35
itosiki_zetu,35
itsuki_(otsugei),35
iwaserie,35
iy_tujiki,35
izumida,35
jason_chan,35
jed_henry,35
jiyuuya,35
joe_shimamura,35
jon_eve,35
jubctybn,35
justin_hsu,35
jyako,35
k.m.station,35
kaburagi_yuki,35
kacchuu,35
kacka,35
kadzuki_kan,35
kagami_ei,35
kageakira_(shino1007),35
kagero,35
kaika,35
kajiwara_shikaji,35
kakei,35
kakesu,35
kamikage_kirino,35
kanta_(k_n_t_r_o),35
karaage_(ta-na),35
kawamatsu_yoshinori,35
kayaku_(banban),35
kazanami,35
kazi,35
kchair02_(k02-yan),35
keffiy,35
keikei_(kitty_colors),35
keimari,35
kiiro,35
kikino,35
kikuchi_(xpoz),35
king_gidora,35
kinoko5123,35
kirai_shouen,35
kisaragi_(legobionicle23),35
kishiri_(sakurasaku_xyli),35
kisw2010,35
kituneno-lullaby,35
kllsiren,35
komaichi,35
kotamaru,35
koto,35
kotomozou,35
koyaya,35
krt736,35
kudakeru,35
kulo_jawa,35
kuro_(1968),35
kuro_(chrono),35
kurogane_(artist),35
kurohachiboku,35
kuroi_yasu,35
kuroida,35
kuroneko86,35
kurotora865_90,35
kwaejina,35
kyo722,35
lamier,35
lani_(pink__pink),35
lataedelan,35
lee999nine,35
lethe-shion,35
libre,35
lingmu,35
linmiu_(smilemiku),35
lirio_(nikori9),35
lock_heart_(juuryokudou),35
lucarios,35
maarika,35
mabu_(dorisuto),35
macosee,35
mahiru_yura,35
maita,35
manabu_yashiro,35
manmosu-0607,35
marei_(mercy),35
masa_(p-piyo),35
mashiroyu,35
mato_spectoru,35
matsugawa,35
matsumiya_kiseri,35
mca_(dessert_candy),35
mdnk,35
mellchi,35
menou_kururu,35
meropan,35
meta_gun,35
methyl_key,35
michaelfirman,35
miiko_(somnolent),35
mikhail_n,35
mikurun,35
minatsuki_nao,35
mini_koala,35
mirrrrr,35
misa_tsutsui,35
misaki,35
mito_tomiko,35
mitsuhashitaeko,35
mixarumixa,35
miyagi_ratona,35
mizuhara_yuu,35
mkt,35
mochiyukimi21,35
moenaomii_(artist),35
mokkori9,35
moriko06,35
moryu,35
motoko_(ambiy),35
motsutei,35
moyachii,35
ms06s,35
mugai_(tamac),35
mugi_(twinbox),35
muneomon_(takomon),35
murakami_kou_(raye),35
mushiki_k,35
mushuu,35
mutsu,35
nago_(hasakimati),35
naijarski,35
nakasaku-p,35
nakonako,35
name_omoitukan2,35
nanana_narang,35
nansui_kinoko,35
nao_(necomugi),35
naoki_(oosuko),35
nappooz,35
natsuno_kanasemi,35
nayutaro,35
nefrubi,35
negishio,35
nekotama_(artist),35
neoko,35
nerua,35
nez-doll,35
ngkhyn,35
nihility,35
niratama-don,35
nissei,35
nitrotitan,35
nokuran,35
nomeshi,35
nora_ichigo,35
ns1123,35
nyuukazai,35
o.m,35
ocha_(oteaaa),35
ofuton_zeb,35
okome_(minagisama),35
ooi_choon_liang,35
oota_tamon,35
ootori_mahiru,35
otaking,35
owannu,35
p.kibi,35
pagye,35
palmeros,35
panamuru,35
pantie_painting,35
patient51311752,35
pemoko,35
phima,35
phoenix0,35
pi_(p77777778),35
pleasure-treasure,35
ponigiri12,35
prog_ares,35
pumpkin-crazy,35
r2sais,35
racoona,35
raichi_(pixiv),35
raind,35
ramta,35
rare_(user_vxhu8375),35
rcj,35
re_moyo,35
red-50869,35
reika_(pixiv776765),35
reina_(tyty123),35
renos,35
ri-ko,35
ricecandy,35
rikkunia,35
rin_mokkomoko,35
ririclub,35
ririumu,35
ritsu_(iqpi),35
ruiten,35
ruka192,35
rumiya9i,35
runa_runa,35
ryp,35
ryu_narb,35
saegome,35
safai,35
saigadou,35
saiyki,35
sakaumi,35
sakazakimay,35
sakou_mochi,35
sakurano_miya,35
sakurazari_hotori,35
sakuto_kazanami,35
sakutsuki,35
sanderson,35
sarai,35
satomi_hinako,35
satorichan,35
satorisu,35
sayuma,35
scal2let,35
scharfschutze,35
seiryouinryousui,35
sekitaku,35
sekken_kasu_barrier,35
shaolong,35
sharasohju,35
shenbei_xiaoqiu,35
shimoda-kon,35
shinomaru,35
shiotsuki_kazuya,35
shira_ichigo_(ichigohou),35
shiroinuchikusyo,35
shishishi,35
shivue,35
shizuru_(daikoukaizidai),35
shokubai_phantom_girl,35
shun_no_shun,35
sin_(artist),35
skyfiss,35
soda_(sod4),35
sora_tokumo,35
sou_futoshi,35
soutsuki_naru,35
squid_neetommy,35
ssn,35
stm,35
sui_(aruko91),35
summersketch,35
sumomo_kaze,35
susu,35
suzu_(suzuko),35
suzumemiku,35
suzumo70,35
suzushiro,35
t-track,35
tachibana_chata,35
taiki_(ozone),35
taisos,35
takezaka_tarou,35
tenamaru,35
tete_(amakuchichiyoko),35
the_omoti,35
tiru,35
tkln,35
toichi,35
tok,35
tokoyu,35
tomm0515,35
tomomimi_shimon,35
tonbo,35
toono_yayoi,35
toranashi,35
torio_k,35
toshinobu40,35
train_hb,35
tranquillianusmajor,35
tri-edge,35
tsu,35
tsuchiya_(1315444),35
tsui_(kojiya),35
tsukishima_yomi,35
tthal,35
twiska_(doubitian),35
u2suke,35
uc-lab,35
uchuu_ika,35
ukatsu_juuzou,35
umiushi_u,35
uri_(uryu002),35
uttt,35
uzuki_sena,35
vellark,35
vuipui,35
waeba_yuusee,35
wakanu,35
wayukako,35
wei_ji,35
wen_jr,35
whoopin,35
xing,35
xr650r,35
yakimochi,35
yamada_uiro,35
yamashita_akira,35
ye_zi_you_bei_jiao_ju_ge,35
yin-ting_tian,35
yiren,35
ynmr_ll,35
yomorin,35
yoriyomo,35
yoshimi50,35
yoshio_(artist),35
yoshiyuki_(14330975),35
youngjijii,35
youwon0417,35
yu-ki,35
yukihiko_(tyabobo),35
yuu_(plasm),35
yuuki_(snowhouse),35
yuya_kyoro,35
yzk_knmn,35
zaki_(2872849),35
zasha,35
zinfyu,35
zudarts_lee,35
zuman_(zmnjo1440),35
0aoiurn0,34
333_(pixiv8601259),34
3692materia,34
4711_(xx),34
aata1007,34
abe_tomomi,34
aeus,34
after0217,34
aguaaaaa4,34
aharan,34
aikura_chihiro,34
aka_kan,34
akai_kagerou_(artist),34
akesaka_iku,34
akiba_hideki,34
akika_821,34
akiyama_(yamagoya),34
altivr,34
amane_(yukiango69),34
amatsu_nagi,34
ameru.miro,34
andou_yuna,34
anna_(artist),34
anxflower,34
aoba,34
aoi_kanan,34
aouji,34
arai_kuma,34
arikawa,34
ataru_(ataru_squall),34
atsumu_sakamoto,34
ayarin103,34
bacho,34
bakki,34
beato2528,34
bebelona,34
belle,34
bf's_ok_farm,34
bin1998,34
blue_gk,34
bookcage,34
borderbreak,34
bossmonsterbani,34
bypos,34
c.rabbit,34
carbon12th,34
carmine_(ucdio),34
chaos_0829,34
chiharu_(nekomimibousi96),34
chikku_(k2753),34
chirorian,34
chitori,34
chokutsuu_(menino),34
christy,34
chuck_pires,34
cian_yo,34
clonion,34
cold_(hoshinoskull),34
coney,34
crow_(aaaaaaa068345),34
crystal_shoujo,34
d-ten,34
daichi_(hayate1328),34
daizo,34
david_nakayama,34
deba,34
devilhs,34
diode_(0_division),34
dokudokudoku,34
dokyuu_afro,34
doppel_(bonnypir),34
doraemon_(artist),34
eik0,34
ekisutora,34
eko_(yu-shao-eko),34
ekoo,34
ekubo_(ciaobero),34
elreyiens,34
enchi,34
eno_(whiskeyne),34
ephtracy,34
esythqua,34
felix_(felix901123),34
ffgghhjj,34
fuji_kakei,34
fujieda_uduki,34
fukushi_ryouhei,34
furofuki_daikon,34
future_studio_(artist),34
fuuko_(2679566944),34
fuyu_(utngrtn),34
gamza,34
garukichi,34
geetasdog,34
gensi,34
gg_(s2leona),34
ggelus,34
gggrande,34
gig_(artist),34
gmanee,34
guido_guidi,34
gwiga0,34
hachipuyo,34
haiki_(hakkyoii06),34
hamachi_hazuki,34
hamanasu,34
haru_(renol),34
harukagi,34
hato_yu-ki,34
heath41,34
hebina_masayoshi,34
hfp~kubiao,34
hikiyama_towa,34
himenagi_yuuki,34
himuka_roko,34
hirasawa_geko,34
hiroki_eiki,34
hirotaka_(bitmap1022),34
hiyori_chisha,34
horuda,34
hoshinokaoru,34
hwei,34
hyaluron,34
hypertan,34
hzl,34
i-riya,34
ichiban_renga,34
ichimonme_(ichi),34
icy_suluoluo,34
iefukurou,34
ikebata_homura,34
inu_chikushou,34
isagi,34
ishihara_megumi,34
ishii_yuriko,34
ishizaki_yuki,34
itose_ikuto,34
itsia,34
jai_(whany1998),34
jandy,34
jebura,34
jeonjagolhaem,34
jhonwalker,34
jin_(phoenixpear),34
jo_(artist),34
johannes_voss,34
johnny_(from_scratch),34
jonathan_h,34
juno_son,34
jyon104,34
k3nnyn3v,34
kaatokun,34
kaede_(harutan109),34
kagami,34
kagami_(kagamina),34
kairoushu_(dones01127),34
kaito_(kaito921125),34
kanata_ryou,34
kanatarou,34
karute,34
kashisu_mint,34
kayuma,34
kemurin,34
kengzeta,34
kereno,34
keyman,34
khnchak,34
kiiro_kurumi,34
kikken,34
kikujin,34
kim_jin_sung,34
kingguyver,34
kinoko_(shikimylove),34
kiraware,34
kishizuka_kenji,34
kisui_(user_wswf3235),34
kita_(higan),34
kizaki,34
kokonidarekairu,34
kokumu,34
koma_neko_(natukawasaku),34
komagarita,34
kon_hoshiro,34
konya_(chocolate_palette),34
koukou_(climacool),34
kuina_(escapegoat),34
kumo_ryuun,34
kunsei_hamu,34
kurocchirokko,34
kurokawa_rikuu,34
kurotama_(avino),34
kuze_(ira),34
kyo_(kyo21413),34
kyounami,34
langya_beike,34
leebigtree,34
legge,34
liangchanxingmingrixiang,34
lis_zhu_long,34
loish,34
luna_11777,34
machi_wt,34
mafuyu,34
maguro_(gulen-x),34
maij,34
mami_(sweetcandy),34
manami_(aph-23),34
mar-c!,34
maro_(nikeneko523),34
maruboku,34
maruyama_en,34
mashima_(sumachi),34
maszom,34
mathnote,34
meguru_(dagmin),34
mei_(manjunii),34
meronpanna_(mikoniito),34
mi_(liki1020),34
michi_ta_(masquerade),34
micopp,34
miero,34
mijinko_(rioriorio),34
mikage_baku,34
mikey_uo,34
mikipuruun_no_naegi,34
mikuni_saho,34
miogrobin,34
misagi_nagu,34
mitsuki_hana,34
miura_kentarou,34
miyabe_makoto,34
mizoredama,34
mizuiro_32,34
mizuryu_kei,34
mmm73,34
mochako_(motyako),34
mogmog,34
moneko,34
mono2501,34
morita_gurutamin,34
motobug,34
mulin,34
mzoo39,34
nabeyaki_neko,34
nagesuteaka,34
nagisa_k,34
nagumo_(pixiv),34
nakaba_(mode),34
nakaga_eri,34
nakoya_(nane_cat),34
nana_kagura,34
naniiro,34
naoto,34
nasan_(coldtime),34
natsukon,34
natsume_(iravati-4u),34
natsuo_(hatohaco),34
neggoartz,34
negi_(kyouki-beya),34
nerisuke,34
nick150iso,34
nijiiro_ink,34
nioti,34
nishimuku_meri,34
nogizaka_kushio,34
nokataro,34
nomiya,34
norino_moto,34
noshimasa,34
ntrsis,34
nuime_(nuishiron),34
nyu,34
oda_kenichi,34
ojamu_(kotarou),34
okonogi_noi,34
omega.ep,34
omega_2-d,34
osamu_yagi,34
oxcoxa,34
oz,34
ozawa_yuu,34
pall,34
pandamonium,34
paopa_ship,34
pato007711,34
penchop,34
pengin_(takeoff425),34
piancaesar,34
pipipiosuke,34
plasm,34
poppo_sutchy,34
populamalus,34
posca,34
potato_(oriha94),34
q-gaku,34
qianshuhao,34
qingshui_ai,34
raitho,34
reza_kabir,34
richard_crazyman,34
rioko,34
robata,34
rokusai,34
rutsubo,34
ryota884,34
rythayze,34
ryugo,34
ryugue,34
s.advent,34
saburou_03,34
sadomochi,34
saida_nika,34
saitani_umetarou,34
sakais3211,34
sakana45,34
sakata_kaname,34
sakida_kiyu,34
sakura_nitouhei,34
samsung_(yuzuikka),34
samusu_gi,34
sana_(sauber0531),34
sanae_(artist),34
saran,34
sarasa_misa,34
sasaki_yuki,34
satomi_(n-s_freedom),34
saxyun,34
sca-ji,34
scyze,34
second_heaven,34
selby,34
selina,34
seo_hiroshi,34
shal.e,34
sheryth,34
shiabisu,34
shiba_minako,34
shiina_yuuki,34
shimazawa_noriko,34
shimoogawa,34
shinjou_satomi,34
shino8504,34
shirataki_nako,34
shiratama_(mofutto),34
shiroi_hakuto,34
shiroshisu,34
shishizaru,34
shoukin500,34
shoutai_(7490773),34
shouyan,34
shui_qian_he_kafei,34
sian,34
sie-sie,34
sikimosh,34
simamura_hibari,34
sizque,34
sketchy,34
skyspace,34
sm5050,34
soboro_(jitome_dan),34
sokuse_kienta,34
soulhunter_en,34
specterz,34
studioqube,34
sueyen,34
suika_(atelier-yuu),34
suke_akurou,34
sukuneko,34
sutagu,34
suzume_anko,34
suzumi_atsushi,34
suzumura_tomo,34
syubare,34
syuraime_0,34
taemin,34
takahashi_(ichigo_no_katamari),34
takatoiyori,34
takecho,34
takenisketch,34
takeuchi_moto_(mtrumorumo),34
tameikirakuda,34
tatsumiya_kagari,34
tcmk,34
tea_(pixiv),34
teigi,34
tekku_(07201115),34
tel,34
teru_(grafroller),34
tetugakuzonbi,34
ti-tang,34
tinkle_bell,34
tokita_(jyabarachan),34
toku_(yhpv8752),34
tomboo,34
tomo_futoshi,34
torapunch,34
touya_(artist),34
toyo_(toyoyomi),34
tsukamichi_fumi,34
tsukushi_(741789),34
tuko,34
tutinako,34
twosidegekilove,34
type-alpha,34
u_(mikaduki0720),34
uglykao,34
uleuleuleu,34
ulquiorra0,34
unoobang,34
urase_shioji,34
vhumiku,34
vo3olv,34
voodoothur,34
vu_(oyavun),34
wa_ga_ne,34
waiko,34
wanabeee,34
wanderjegson,34
wani02,34
wankosoba,34
watase_rei,34
wenhe,34
werlosk,34
whistlerx,34
wjstpwls4,34
wtuw,34
yajirushi_kaku,34
yakan_(2281101),34
yamadori_enka,34
yamagami_mozuku,34
yamakake_(tororo1293),34
yamauta,34
yamazaki_mitsuru,34
yasuda,34
yasuio,34
yatsuashimon,34
yazu_(zoddiacz),34
yoakedori914moz,34
yodokawa_(yukko),34
yori_(ito_haruki),34
yoruusagi,34
yoshida_nishi,34
yoshina_hijiki,34
yozora,34
yuh_7929,34
yui_(spica),34
yukinuno,34
yukitubaki,34
yukiya,34
yume_koucha,34
yunkru,34
yupachi,34
yuu_(asaiyuji),34
yuucho,34
yuugiri_(artist),34
yuujoduelist,34
yuuko_(pixiv),34
zamius,34
zienu,34
zig90,34
zolaida,34
zuzu,34
zy_jomi,34
(^_^)_(pixiv198858),33
1041_(pixiv),33
31ulkubo,33
43,33
5plus,33
9tsumura,33
aasu_kirishita,33
absurd_fox,33
aira_(artist),33
ajitsuke_nori,33
akae_neo,33
akai_kagerou,33
akaike,33
akari_maki,33
akizora_(aki_precure),33
akuto,33
aloe_(artist),33
amoranorem,33
anapom,33
aniki_gunsou,33
anzu_yoshihiro,33
ao_(aocooler),33
aoi_usagi_(marinebluerabbit),33
aratani_tomoe,33
ariel23795,33
arisusama,33
asakura_kukuri,33
asio_(asiogimuto),33
asterism,33
aya-on_(miria00),33
ayla_kazemi,33
aymmogh,33
azuse_neko,33
badluck,33
baerun,33
battlegaregga,33
beauty_love,33
beniazumaru,33
betei,33
bonnou-s-rice,33
buruxugi,33
cameron_sewell,33
cao_xiong,33
cha_ipride,33
chaki-yam,33
charcoalo,33
chenbo,33
chiba_shuusaku,33
chibana_eri_kaori,33
chiyo_(shuten_dj),33
choumoku_(toriko_b_c),33
chu,33
cilica,33
cocoon_(yuming4976),33
cross_(artist),33
crtr_melco,33
cubies_(tiger_205),33
daison,33
daizan_(mount_position),33
dalian_(1457091741),33
danbi2021,33
danchu_(danchu0628),33
danji_aq,33
dararito,33
daria_leonova,33
dark.h,33
darwin_nunez,33
dayuh,33
debi_(akuma),33
denchi,33
dinef,33
donson,33
drill_(emilio),33
ebi_(daidalwave),33
eblmeka,33
elemoncake,33
elna,33
emase_(foxmoon),33
endou_masatoshi,33
esouko,33
essa_sazhka,33
falcon-samus_(artist),33
faustsketcher,33
fishball,33
flask_(artist),33
foxxarius,33
frank_araya,33
freekenji422,33
fujieda_hiro,33
fuyu_urara,33
fuyube_rion,33
g.h_(gogetsu),33
gecko4488,33
gene_(gear_gene),33
genk,33
gentoku,33
gin_kagami,33
gonzaburo,33
google_(asdek18),33
gotgituey,33
gud_490811,33
gurantsu,33
gyorui,33
hachi-kun,33
hadurin_(zdmzy),33
haiiro_(pixiv19995),33
haineko_(die_verschwand),33
hanabusa_(xztr3448),33
handa_shuuhei,33
hanyuu_(artist),33
harapeko_(886011),33
harenchi,33
haruka4413,33
haruno14,33
hasainomado,33
hasekura_noizu,33
hasesese,33
hatori_niwatori,33
hayakumo_(okura_oishiiii),33
hayashiya_shizuru,33
higurehiiro,33
himazin,33
himekawa_donki,33
hina_(xoxo),33
hinami,33
hiro_(725611),33
hirokima,33
hiroshi_(kitaro),33
hisuitei,33
hitsujibane_shinobu,33
hiyomikun,33
hokoodo,33
homua,33
hong_doo,33
horii_kumi,33
horikwawataru,33
hpflower,33
hua_ye,33
hunehoura,33
hutaba123,33
ice_(dzs1392584271),33
ichi_(antonym),33
ichitaka,33
igatz,33
iizuka_ena,33
ikayaki_(artist),33
ikeda_(hayato),33
imuro,33
inawata,33
irima_(doron),33
isamu_(gaioo0303),33
isomine,33
itagayui,33
izumi_yuuji_(trace_kouhosei),33
jack_(haist),33
jason_peng,33
jawli,33
jirasak_santhaweesuk,33
jonathan_kim,33
juer1004,33
junako,33
juuyonkou,33
jw_(wrdawrda),33
k3_(dolphin_brain),33
k_kymz,33
kageyama_shinobi,33
kahama_youko,33
kahis_(sweetbriar),33
kairi_(oro-n),33
kakekcaboel,33
kakerayuri,33
kakotomirai,33
kamatanu_free,33
kamui_(kurohshiro1),33
kanami,33
kanata_(sentiment),33
kanna_kanaki,33
karamas,33
karasu10gu,33
katayudetamago,33
katsutake,33
keepvalley,33
kibii_mocha,33
kigisu,33
kii_(kiiui),33
kimjae737,33
kindo,33
kino-sr,33
kinta,33
kirie_nozomi,33
kirinosuke,33
kiriririn,33
kirisame_tarou,33
kiryuu_aoko,33
kito_(coyo),33
kitsune_no_ko,33
kitsunebi,33
kiyohisa,33
kojijima,33
koku_666,33
kokutou_mimi,33
kondate_(inugrm),33
kooeiatd111020,33
kou_(01310808),33
koucha_inu,33
koumo,33
koyamanatsu,33
koyami_tsukito,33
kueru_(yuuki_tamerawanai),33
kumo_(kumo8159),33
kuragesaki,33
kurashiki_nanka,33
kurashina_yuzuki,33
kurenai907,33
kuro-hero,33
kuro_dora,33
kurogane_ken,33
kuroi_hitsuji,33
kuroirozuki,33
kurono-kuro,33
kurosu,33
kuwabara_(medetaya),33
kyako_youkan,33
kyoutarou,33
lilac_(artist),33
lovelyme,33
loveodoro,33
loxodon,33
lucknight,33
luckyia,33
lukas_thadeu,33
m_alexa,33
mabataki,33
mabuchoco_m,33
magu,33
mamezou,33
marimo_(momiage),33
mark_folks,33
mayo_cha,33
me_(mikannu),33
meme50,33
merryj,33
meso_(zgmf-xv),33
mi_398,33
michudx,33
midori_(pixiv),33
mikazuki,33
minamori_noeru,33
minase_nagi,33
minatsuki_(lapislazzuli169),33
miyamayomema,33
mizu_ramen,33
mizukami_satoshi,33
mizutataki,33
mochisuke_teru,33
mokuyou,33
momo-tako,33
moricky,33
morrow_(artist),33
mosu2,33
motoko_(fe25),33
muis0802,33
mukamo_(inujita),33
mumu-crown,33
myumi,33
namae_hamada,33
namito,33
namu_(artist),33
nanasaki,33
nani_(s2_nani),33
nanpuu,33
nao_yuki,33
naoki_(endofcentury102),33
narumiya,33
natsu_(norari_kurari),33
negi_(ngng_9),33
nekomiyanono,33
nekonin,33
nemeko,33
nemo_(nameless920),33
neon_ui,33
nervlish,33
nifffi,33
nise_(__nise6__),33
nishigyou_teraa,33
nishikiori_jin,33
nishimasa_hito,33
nof,33
norabbit,33
nori_(arara105),33
noroinoenojin,33
nosaki_tsubasa,33
nsb36046_(na),33
numina,33
nuri_kazuya,33
nyamota,33
nyoon,33
oceanbellereine,33
ochau,33
oetarou,33
oisih,33
omu_(sinsindan),33
onko,33
orangec,33
origuchi_mizu,33
oscar_gonzalez_loyo,33
othel_(hatimorris),33
otsukaresanpo,33
oxygen_(0220),33
p-kana,33
pamm,33
peanuts_(ennuim),33
penpen_(artist),33
piano-alice,33
piezo,33
pink_usagi,33
pinku,33
piyo_(piyoko528),33
plutoray,33
pony_r,33
poripori,33
poten,33
pozesuke,33
primcoco,33
professormegaman,33
puk,33
purimari,33
pvmivs,33
q-chiang,33
q_azieru,33
quatthro,33
raamen,33
radiosity_(yousei),33
raidensan,33
raochuu,33
rapana_p,33
rarorimiore,33
rate_rapiku,33
raviolimavioli,33
redoredo_(godprogress),33
regan_(hatsumi),33
rei_shabu,33
relax_(artist),33
rifu_(hunihuni1130),33
ringocha,33
rinju_umisu,33
riolabo,33
riri_(artist),33
roku_kyuu,33
rwk,33
sagamimok,33
sai_koro,33
saikou-iro_aurora,33
sakanaya_nakasa,33
sakuraminto,33
sana5353,33
sanme,33
sano_(merrymerry),33
sanoharu,33
sasa_ichi,33
sasaka_yayoi,33
satoji_(ochanomkmskry),33
satou_(una-vittima),33
satsuki_(notsachiko),33
sayasama,33
schizanthus_(artist),33
schmaisen,33
scotishfold,33
sebychu,33
sei2makoto,33
sei_(seiryuuden),33
sena_(pixiv),33
sentou,33
seven_(11),33
shachi_kamaboko,33
shanaharuhi,33
shida_(xwheel),33
shiden_(sashimi_no_wife),33
shiina_shian,33
shinomiya_naka,33
shinozaki_akira,33
shirakawa_mayumi,33
shirukuma,33
shishin_(shishintei),33
shiyoo,33
sho.t,33
shou_(hanasakukoroni),33
simekirikowai,33
simuka,33
sin_moriyama,33
soffa,33
sokoko,33
soo-hyon_lee,33
spiral_(artist),33
spring_water,33
stufquin,33
sudako_(dai011305),33
sui_(blackcatsui_yoi),33
suika_aji,33
suiyou_taruta,33
sukaru573,33
sukeno_yoshiaki,33
sumika_(jikai),33
sunaipu_(age-zero),33
sunkilow,33
sunny_waifu,33
sunoril,33
suruga_(xsurugax),33
sweetmeloday,33
syarute,33
tahal,33
taikou_denka,33
tama_(pixiv),33
tamaki_mitsune,33
tame,33
tani_takuya,33
tanimeso,33
tarako_supa,33
tatsubon,33
tatsubuchi_(todoiru),33
tatsuji,33
tefec,33
teio,33
tenjiku_nezumi,33
tino0618,33
tobari,33
tomoya_kankurou,33
tori_(qqqt),33
toritori,33
totuka,33
toujou_bun,33
touri_tarou_(misconception),33
travo,33
tsuizi,33
tsukamoto_takashi,33
tsuna2727,33
tsurugi_yasuyuki,33
tubuan_oisii,33
umesasami,33
unaji,33
unrefle,33
usakou,33
usui_(tripcube),33
vashaps2,33
vica,33
virno,33
washi_(micino),33
westlee_ar,33
wo_jianqiang_fu_guo,33
wox,33
wu_ba_pin,33
wuguno_ziran_juan,33
xaruex,33
xia,33
xianguang,33
xiaomai_yorik,33
xiboliya_suanxing_shengwu,33
xii_yashizhongzhan,33
xuan,33
yache,33
yakisoba_(kaz2113),33
yamane_akira,33
yamatsuki_sou,33
yamu_(artist),33
yn1982,33
yokaranu_yuuna,33
yokotn,33
yokoyama_kouji,33
yoneko,33
yoshida_(nono_ko),33
yoshino_(gunform),33
yoshizawa_tamae,33
yotsuha_(artist),33
yui_(nightflight),33
yuka_(mikuxluka),33
yukichin,33
yumiyokiak,33
yunomachi,33
yura_(ub4u),33
yuri_(anachronic),33
yusa_tk74,33
yuto_cafe,33
yuu-rin,33
yuu_(yu0221f),33
yuuki_homura,33
yuumin,33
yuzuki_(higurashi40),33
yuzuki_(pixiv),33
yuzupapa,33
zaphylla,33
zhen_panxie,33
zummy,33
zundarepon,33
(21)suke,32
01rosso,32
3535carrot,32
5ya,32
79inko,32
7enn,32
7t,32
9-ga,32
aalge,32
acaallodola,32
agm,32
ahsiu,32
aije,32
aju222,32
aka_(s3637),32
akakitsu,32
akazawa_red,32
aki_sakura,32
akito_(artist),32
akreon,32
alex_ross,32
amanatsu_yuzuka,32
amano_akira,32
amano_kenpi,32
ame_(candycircle),32
ame_erika,32
ameiro_pk,32
amemura,32
amick_(americanomix),32
amino_kohaku,32
angel_gabriel.,32
anz_(starry),32
aopon16,32
appleseed_(pixiv),32
arai_ako,32
arata,32
arishiki,32
ark_tr,32
asakura_sakura,32
ase_tou_mi_kaameru,32
assi,32
atarime,32
atatata71,32
audia_pahlevi,32
awa_(3anco00),32
awatake_takahiro,32
ayamoto,32
ayase_mai_(jelly^2_fish),32
ayase_totsuki,32
ayasia,32
az,32
bai_rui,32
bb-san,32
bbr_brbr,32
bei_ju_luoxuan_wan,32
belldot,32
beryllium_game,32
big_cat_shan,32
biwa_(kt),32
borisx,32
botan_m,32
byoubyou,32
c_civciv,32
canae0,32
catmesi,32
cedama,32
chagama_(tyagama0927),32
chaki_(chakan),32
chappa_(kaetodo),32
chenshuisuhe,32
chevasis,32
chiba_michinori,32
chiffon,32
chirosuke_(nameless),32
choco_la_tea,32
chomiso,32
cika,32
cloba_(daeniel811015),32
comorebi,32
cow_(shadow),32
crodire,32
currynoodle_art,32
d2a103175,32
d_(xxl30433461),32
daamiyan,32
dai_(uhyoko1102151),32
daromeon,32
de_(deys),32
denbaa,32
denji,32
dicorndl,32
dm_(nguyen_dm95),32
doomie1,32
doxy,32
eeshin_(eishin5584),32
ego6,32
epuko,32
eriance,32
erua,32
e~ji,32
francis_(ohne),32
frogbians,32
frogcage,32
fronttire,32
fu_(mushibun),32
fueru_nattou,32
fujisawa_naoyuki,32
fuku_arashi,32
fukuoka_tarou,32
fuyuki8208,32
fuyuri_(tibirobo),32
galaxea,32
ganzyu_i,32
garoshirou,32
genshin_kakino,32
geshi,32
gevjon,32
ghuler,32
gin_ji,32
go_madare,32
gohitsuki,32
gom_jabbar,32
gomas,32
good_frog,32
gou_d,32
grandapple71,32
gu_luco,32
gz_(gzxd),32
hakuro109,32
hali,32
hamau,32
hanadi_(hndboo),32
hanahiyo_(hoimin),32
hanata,32
harepore,32
harlequin-wheels,32
haru_(arser_doil),32
hechi,32
hei_yan-m82a1,32
heriki_(trkj),32
hibino_nozomu,32
hidamarinet,32
higashiyama_shou,32
hiiro,32
hina_(nicoseiga),32
hinariaoba,32
hinata_(lipcream),32
hinata_mirun,32
hirobakar,32
hito01,32
honegai,32
honwaka_zz,32
hoshino_kisora,32
hoshino_sora,32
hosoi_mieko,32
hukasikasi,32
husui_parashi,32
ichi_rin,32
idnar,32
ikemeru19,32
imai_hiyoko,32
imasan,32
inazume-panko,32
ing0123,32
inhan,32
instant-ip,32
instant_(ioarthus),32
iritoa,32
iro_(waterloafer),32
itou_yoshiyuki,32
ivxxx,32
izumi_(sachikara),32
izumiya_otoha,32
japants,32
jayun,32
jc,32
jey_rain,32
jiaoshouwen,32
jirou,32
johnnie,32
jou_(mono),32
jukuta_tsu,32
jupachi18,32
kaauchi,32
kabashima_yousuke,32
kagura_miyabi,32
kakileaf,32
kamimiya,32
kamui_setsuna,32
kana_ami,32
kaqo,32
karatakewari,32
karen_uji,32
kasasagi07,32
katagi_ren,32
katakata_unko,32
kawamura_tsukasa,32
kawasemi_(pocorit),32
kazeco,32
kei_(bekei),32
kei_(siratori1986),32
keiimajima02,32
kerorin,32
kie_(wylee2212),32
kijipoko,32
kikimimi_612,32
kingtime,32
kisaragi_miyuki,32
kitunemimi,32
kiyukyuu,32
koaki,32
koitsu_(blue),32
konno_rei,32
konoike_(pepe_expect),32
koppa_mijinko_(series2023),32
kori_(etinop),32
koromo_(kinu),32
koshigaya_tatsumi,32
kousuke_(ko_suke),32
kouzuki_fukurou,32
kryztar,32
kuon846,32
kurage_(kurakurapix),32
kurenaiz,32
kurimochi_chizuru,32
kurobis,32
kurotani_kyoukutsu,32
kyougetsu_(junrai),32
kyouki,32
l_yth,32
langjiao,32
legochet,32
leikangmin,32
liang_feng_qui_ye,32
linerynlasgalen,32
luffie,32
madam_s,32
magma_chipmunk,32
maiori_00,32
maki_ikazuya,32
makoto_yabe,32
mame_(ballet2604),32
mame_(yangqi787),32
mamedenchi,32
mamobot,32
maruhana,32
marui_(koedame),32
masamune_mino,32
mashiro_pima,32
massuru,32
matcho,32
maxgonta,32
mayana_(bbpp),32
merutoreimu,32
mifutatsu,32
migita,32
mikuni_mizuki,32
mimiru_(mimill),32
minakami_nagara,32
minato_(ct_777),32
minato_(minat0),32
mint-2147,32
miri_nanase,32
misakana,32
mitsucho,32
miu_pachi,32
miyachu,32
miyako_nagi,32
miyata_(miyatami07),32
mizu_mochi,32
mizuse_kotone,32
mizutsuki,32
mmm_ss,32
mochi-iri_kinchaku,32
mochiilavender,32
mojaranmo,32
monako,32
mozuyun,32
muginome_(bakuga_chan2),32
murasin,32
muzzuleflash,32
mylovelydevil,32
myurumyuru,32
nabiiro,32
naguy_(nagui),32
naigou,32
nakahara_keihei,32
nakatani_seiichi,32
nama2e,32
nanami_kazusa,32
naruto_maki,32
natsuhachi,32
needlebomb,32
nekosugi_(hoshi),32
nekotama_shun,32
neo-tk..,32
ngra,32
nikke,32
nikyu,32
nirade44,32
nishikawa_youichi,32
nishinomiya_saku,32
nitoro-star,32
nonsugar,32
nor_nao,32
noukatu,32
novale110,32
nyame,32
nymphus,32
nyoro_mutou,32
onomeshin,32
ooshima_miwa,32
ooshima_towa,32
orippa,32
osuzu_akiomi,32
pako_(moto_paco),32
penguin_frontier,32
peperoncirno,32
pestxsan,32
ph4_18c,32
pisuta_(yamashiro),32
pixad,32
poboong123,32
pochiharu,32
poo_(donkan_gokko),32
poooka,32
poporon,32
potamikouu,32
ppppa,32
pt@i,32
quentin_lecuiller,32
r-18_jii,32
rasu_(pixiv9799832),32
razi,32
reagan_long,32
reishin_(tenpurasoba),32
reka,32
repu_(rep_sha),32
rinbukyoku,32
ringomaru,32
ririi_(ai-my_talikng),32
ris,32
robin7188,32
robo_misucha,32
roku_(345),32
rosaline,32
route_12,32
ruriruno,32
ryo@,32
ryunryun,32
ryuuga_nanamaru,32
s.shimizu,32
s_nyaau,32
sabutarou,32
sachimaa,32
saitou_teikoku,32
salamander_(artist),32
san_moto,32
sanami_(sanami_t_38),32
sanzhuangwangcat,32
sarujie_(broken_monky),32
sasakawa_arumi,32
satou,32
serico,32
shabon,32
shidomura,32
shin_(irowanioedo),32
shion_(ajisionn),32
shion_humine,32
shionji_ax,32
shirotake_jinan,32
sho_(shoshos_8888),32
shocchan_(sanymph),32
shouichi,32
shuangfeng,32
siam_(meow13),32
sino_(rtlsino),32
sinosino,32
soiya_(soiyaaaaaa2),32
sora-bozu,32
soranokaze15,32
soseji_(tjduswjd),32
squallea,32
steven_(sz0097),32
strawberrylove2525,32
sue_sgr_u,32
suiheisen,32
sutoreruka,32
suzuka_(once),32
suzuki_sakura,32
suzushiro_sayu,32
sylux,32
t705gp,32
t_tuzuri,32
tachibana_(pixiv),32
takanashi_hiyori,32
takanashi_sora_(soramyon),32
takasugi_kou,32
takatsu_karino,32
takeshima_satoshi,32
takuan_(takuanlunch),32
tamago_tyoko_(ijen0703),32
tani,32
tani_(sgt_epper),32
taro,32
tateshina,32
tatsuo_(tty0607),32
ten0u0,32
ten_(prop03),32
teron,32
tetuo_kun,32
thor_(deep_rising),32
tobi_(daidaikukan),32
togashi_(choco-bakama_kitchen),32
toge_(owannun),32
togeshiro_azami,32
tokugawa_landine,32
tomaty.,32
tomero,32
tomo,32
toto_mame,32
tottema,32
touming_renjian,32
trutsmn,32
tsuji_tomoko,32
tsukishiro50,32
tubumi,32
tukemono6,32
tundereyuina,32
twin_(tt_lsh),32
ueno_tomo,32
uguisu_kagura,32
uma_(ninjin_misaki),32
urabecat,32
usuiken,32
ut_pictura_poesis,32
utakata_(artist),32
vanilla_(nekomist),32
vanitassora,32
vibrantrida,32
viktoria_ridzel,32
virus-g,32
wagashi_(okashina),32
wakana_(artist),32
walrus-ruin,32
wanyuwa,32
wasabi_karasi,32
watarumi,32
watasi_tokimi,32
wato,32
weee,32
wimifu,32
winniconan,32
wonkrin,32
x6suke,32
xanado,32
xen0moonz,32
xiamianhaiya,32
yae,32
yakibuta_(shimapow),32
yamae_saki,32
yamamomo2001,32
yamashita_bungo,32
yamiiv,32
yamijam,32
yamisawa,32
yasai_yuuki,32
yexinhan,32
ylong,32
yma,32
yokoshima_(tirimoti),32
yonu_(pixiv),32
yoracrab,32
yoshimi,32
yoshiyanmisoko,32
yucca_(sui_linx),32
yuichiitan,32
yuki_(hello_idiot),32
yuki_(t128),32
yuki_hikari,32
yuki_miya,32
yukibina,32
yunji,32
yusan,32
yusuke_(shiota),32
yutapo,32
yuuki1103,32
yuuki_(yunky373),32
yuuki_(yuuki333),32
yuusen_(aenka),32
yuzu_lemon,32
yuzutaroman,32
yxyx_ika,32
zagizagi,32
zakk,32
zeko,32
zhuoyandesailaer,32
zin_(mame_denkyu),32
ziran_juan,32
zluu,32
zonsters,32
00tuma00,31
0nodera,31
1629doyasa,31
1o8k,31
3735geriragouki,31
404_(artist),31
4410_(kanimiso),31
aaru,31
acaco,31
adansosutega,31
agrt,31
ai_1003,31
aji_paba,31
aka_shiba,31
akashiro,31
akatsuki_(akatsukishiki),31
akatsuki_akira,31
akebi_(kakororo),31
akino_ochiba,31
akitsuki_tsukasa,31
akou_(phoenix777),31
altas,31
amagami_rukichi,31
amamori_kohan,31
ameya_kirika,31
ana_mix,31
anadapta,31
ani_(aniya),31
ankoro,31
any_(artist),31
ao_ume,31
aosa_(michikusakan),31
apple-boy,31
arano_takeshi,31
argon,31
aro,31
asai_(00:05),31
asana,31
ashi_ura,31
asuka_(moto),31
ayumi_tooru,31
azito7,31
b_allbrack,31
banssee,31
barley_juice,31
benchen06,31
benko,31
benzbt,31
bima_rahmaa,31
black_beat,31
blastbeat,31
bloodcatblack,31
bochicemetery,31
bonten,31
c-chaos,31
caiman_pool,31
cako_asida,31
caro-xy,31
catlqe,31
celestial_s,31
chacoma,31
chanko_neru,31
cheese_(cheese_koubou),31
cheppo,31
chikenryice,31
chim,31
chizuko_(chiduk0),31
choyeon,31
chro,31
cika_k,31
classictime,31
coconat_summer,31
daitoutei,31
dakian,31
dakuro,31
dekosukentr,31
den1208,31
denchou,31
denpaken_pochi,31
dodapan,31
doonatsu.,31
drowsyww,31
duke_(kimurasun),31
e_f_regan826,31
edoara,31
eichikei_(hakuto),31
em_(totsuzen_no_hakike),31
emofuru_(vktd5442),31
emunise,31
en_(paorasuteki),31
en_(pixiv1642655),31
enriend,31
etoiles,31
fikusipu,31
free_palet,31
frostce,31
fujimiya_misuzu,31
fujishima,31
fujishiro_nekomata,31
fujitaka_(akasora),31
fujiwara,31
fuusha,31
gaichi,31
galore,31
gb_hm,31
goma_74umai,31
gongs0313,31
goriyaku,31
goruti,31
guodon,31
gusu,31
hachirodesu,31
hagehiro,31
hako_(mypixid),31
hananon,31
haniyama_kurofo,31
harin_0,31
harvest88,31
hasukawa_isaburou,31
hatomura_(tareneko_club),31
hayashi_akemi,31
hayashi_ekyuu,31
hazuki_kyou,31
henry_vargas,31
hertz_(tsuquart),31
hiboshi_daizu,31
hiharo,31
hikabe_sakuho,31
hikataso,31
hiko_(hiko224556),31
hikusa,31
himeneko,31
hin'yari_(kakukuru),31
hinakisara,31
hinoki_bayashi,31
hirumae,31
hisaki_yukari,31
hisarakanoi,31
hitodama_(artist),31
hitoshi_(pixiv3340857),31
hoon_park_jeong,31
horiuchi_osamu,31
hotmilkice,31
houmatu_awa,31
hu_(saimens),31
hu_su,31
hua-j,31
huamuan_huamuan,31
hucydin,31
huiro,31
huleito,31
huyusaki_taiga,31
hyp,31
ibashi_roni,31
iceojin,31
igarashi_(wp13),31
iharanosuke,31
ikarimame,31
ikemura_hiroichi,31
ikuya_daikokudou,31
ilis,31
imari,31
inaho_soji,31
ink_(ink01_),31
inkerpape,31
inui/byte,31
iralion,31
iroha_(hourai_24),31
isao,31
itami_sumihito,31
itoriyo,31
itou_mikan,31
itouei,31
itsukage,31
iwami_kyuuto,31
iwashi_(nisankatanso),31
iz_izhara,31
jaimito,31
jamu,31
jenie,31
jigoku_inu,31
jimu_kaji,31
jiyuuyuu,31
k-sk_style,31
k@non,31
kadej,31
kagiyama_(clave),31
kahlua_(artist),31
kainazuki,31
kalalasan,31
kame_(pixiv),31
kamii_momoru,31
kanna_ryouto,31
kapirusu,31
karakura,31
karochii_(mochiya),31
kasappi,31
kato_(artist),31
kauru00,31
kawaguchi_yukihiro,31
kawai_maria,31
kei_(fortune),31
kenja_tori,31
kidamochi,31
kim_leeyoon,31
kirisawa_juusou,31
kiritachi,31
kisaragi_yuki_(sora_saki),31
kiwa_(pokemonwars),31
kiyosumi_hurricane,31
koboke_(scscsc),31
kokonex,31
koma_kiri_aoko,31
komerina,31
komo_da,31
kondou_totetsu,31
konohana_saku,31
koori_hana,31
kotori_(gokigen_iori),31
kouda_hayato_(e-gis),31
kuchibiru_(lipblue),31
kukyo,31
kuroblood,31
kuroi_mizore,31
kurokawa_izumi,31
kurumi_(69a4y),31
kururunpa,31
kuyuu_(somari),31
kuzurx,31
lancelot_(smalock),31
lapucelle_(artist),31
linnnoj,31
logicon,31
lomocya,31
lovehammer,31
loveyuzu,31
lowell_(ouranoss2kanata),31
lt,31
maabou,31
machi_(mctri),31
madao,31
madarame,31
maddo_(gasser_0518),31
magicxiang,31
maguro_mayonnaise,31
mai_t-5,31
makai_penguin,31
mamiya_(sheena-1125),31
manasseh,31
manorea,31
maou_renjishi,31
marbornath,31
mario_grant,31
maromi_gou,31
maron,31
matsubara_ryuu,31
mayuge1017,31
meg_maru2,31
megumi-square,31
meimei_(cb_mei),31
memessa,31
meru_(merumumu),31
metalinu,31
mido_(mimizuku-hukuro),31
midori-shiki,31
mikago_kotaro,31
mikihiro,31
mimura_ryou,31
minataka94,31
minato0618,31
minato_usagi,31
minatsume,31
minono_aki,31
mio_(gabriel),31
mirakichi,31
mitsugushi_yuu,31
miura_hajime,31
miyabe_kotomi,31
miyagoe_yoshitsuki,31
miyasutou,31
mochineko,31
mochizuki_hull,31
morrow,31
moyashi_(artist),31
mozan,31
msugi,31
muhogame,31
muraya_yoshihisa,31
muro_(ninimohu),31
muso-comet,31
mutsutsu,31
muttiy,31
mystmu,31
nabeshiki,31
nagi_mizuha,31
naka_noboru,31
nakamura_hiro_(nobody10ch),31
nakbe,31
namino.,31
namuru_(kurinton),31
naname_ushiro,31
nananichi,31
nappii_(nappy_happy),31
nara_nakiri,31
naruna01,31
natsuki,31
natsume_(n-k),31
natsunoyuu,31
nazotyu,31
neko_miyabi_(artist),31
neko_no_tsuno,31
nekoyashiki_08,31
neva,31
nextoad,31
ninchan,31
nishinoda,31
niwatori_takeshi,31
niyu_n_iyun,31
nobu-k,31
noe_graphics,31
nokokopopo,31
nomad,31
nonoka917,31
nouzu,31
nrnmarie,31
null2deoru,31
oi_ke,31
omix,31
oni-noboru,31
ooshima_ryou,31
ore_deshita,31
oregano_(olgn_eao),31
otaku_(artist),31
ototo_(otokameseimen),31
otowe,31
ouhashi_(yumenosukima),31
oyu_(oigatsu_o),31
panbai,31
papeapoo,31
parrrrrrrrko,31
pastepiphany,31
paya_(alunair),31
pc9527,31
pesogiso,31
pesu,31
phrecklesart,31
pine_(pineapple5459),31
pjkka,31
po_ro_ro_ka,31
poker-face-008,31
pukun,31
quirrel_(gharnedanshyo),31
raira,31
rakkyo,31
ranpu,31
recotasan,31
rekareka,31
ren_(733),31
reniirean,31
retpa,31
ricken,31
ricmoo3,31
rigid,31
rikamello,31
rimamo,31
rimibure,31
ririfa,31
rocco,31
rogia,31
rokuno,31
ruit,31
rur_(ml_ruru),31
ruriwo_(ruri_wo),31
rutarou,31
ruwo_benzen,31
rynn_(seibu),31
ryo_(sora-ryu),31
s-ghost,31
sakaki_kayumu,31
sakana_kidori,31
sakasaka,31
sakeko,31
sakuraba_tsukasa,31
sakuragi_mochi,31
sakuragi_raia,31
samayoi,31
sanjou_sorata,31
saotome_mirai,31
saphirya,31
saymel679,31
sazame,31
seatha,31
seika_(yuimarutoka0219),31
sekisei,31
sham_fu,31
shamuichi,31
shieryue164,31
shijiani,31
shimizu_kokeshi,31
shindou_l,31
shinonome_kia,31
shioha,31
shiohara_shinichi,31
shippo_(skink),31
shirane_taito,31
shirasagi_rokuwa,31
shiratama_shima,31
shirato_sayuri,31
shirotaka_(5choume),31
shiroton_(kazamineko),31
shirouzu_myuuta,31
shotarou,31
shou_(ahiru_shinobu),31
show_(rinnetenshow),31
skaphel,31
soe,31
sonyntendo,31
sorachi_hideaki,31
souga_nanairo,31
souma_kira,31
sousera_kiyoshi,31
ss0l_(skghek),31
stmaster,31
sukoyaka_gyuunyuu,31
sumire_(artist),31
sumomoi_(dvcat),31
sunao_(souis),31
super-saiya-0173,31
suzu_(suzuran_piece),31
suzukou,31
syn,31
syuichi,31
t_miyanagi,31
ta_kaana,31
takahashi_kazuya,31
takaya_natsuki,31
takenaka_takeshi,31
takunama,31
tama_tamako_sakurai,31
tanuki_neiri,31
tanukimaso,31
tarariko,31
ted_(artist),31
tehen,31
teka,31
tetsu,31
tgxx3300,31
themare,31
todo-akira,31
tohya,31
toka,31
tomoyami,31
tori_kaku,31
torii5011,31
torishimo,31
totennko,31
tragic_comedy,31
tsuaaa,31
tsuioku_(908026270),31
tsunotsuki_(uguisu_maccha),31
tsuru_ringo,31
tsuruki_noki,31
tsutsui_misa,31
tsuyuxxx,31
ttudolee,31
tukudani,31
udongein,31
uenoike_(194753),31
umidesuyo,31
umino_tomo,31
unagidog,31
uni_(uni-strain),31
vinashyra,31
vinrylgrave,31
vixsi_art,31
vmax-ver,31
vocky,31
wae,31
watsuki_nobuhiro,31
ws_(pixiv),31
wuziky00,31
wyx2,31
xleontan,31
xuehua,31
xyufsky,31
yadamon_(neverland),31
yae_(eky_567),31
yaeba,31
yairenko,31
yamada_naoko,31
yamaimo_torotoro,31
yamori_511,31
yanagita_kousuke,31
yellowseeds,31
yomi_yasou,31
yone_(kaguudou),31
yonecchi,31
yonko,31
yoshida_sei,31
yu@genkoochu(5tsukino),31
yuchio,31
yudofu,31
yufy,31
yuki,31
yuncha,31
yunoto_(conceit),31
yur11,31
yureru_(junn7603),31
yuugo_(deadcopy),31
yuunagi_yuu,31
yuushi_toshihiko,31
yuusya27,31
zetallis,31
zorim,31
zygyzy_031,31
15,30
1860_(ichi),30
34no404,30
440,30
5-502,30
66ta1yak1,30
8055,30
808,30
9degree,30
aabtcndneefkg,30
acoco,30
ago_maguro,30
aino_osaru,30
akakabu_(obsidian910),30
akapocho,30
akihazama,30
akira_(yuibnm71),30
akirame,30
akiru_(hokuouhuuhu),30
akuan_(7jackpot7),30
all_lee24,30
amano_miyabi,30
amatsuki_jou,30
anko_anko,30
anzai105,30
aoi_chiruko,30
aoi_rena,30
arai_kogane,30
arise_(allicenogalca),30
arseniquez,30
arukiru,30
aryll_(marbles),30
asano_tomoya,30
ashmish,30
astkcrts,30
aumcry,30
aushi,30
aya-0w0,30
ayame_(3103942),30
ayase_hikaru,30
azana,30
azuki_(aduki),30
azukilib,30
azumaya_(miyui001),30
azunyan73,30
baby-doll,30
bakkanki,30
banghwadongjopidi,30
ben_lo,30
benyue_xiao_kui,30
berazasu,30
biahnyang,30
bible_(pixiv),30
bigur,30
binzume_suika,30
blackheart,30
bliss_(artist),30
bocha_(gotipoke),30
bun_(jewd5385),30
buts,30
caron_(straycat910),30
cchhii3,30
chagoon,30
cherinova,30
cherryinthesun,30
chibi_(artist),30
chihio,30
childofa,30
christinya,30
ciev,30
coco,30
coco_(238243),30
crowgod,30
d2c,30
dama_(akilay),30
daradarahundosi,30
david_semsei,30
deeeeeeen114514,30
diamondx1704,30
diana_mercolini,30
die,30
dilaih,30
do_re_mi,30
dosanko,30
dospi,30
dossei,30
dragoner,30
drogod,30
duizhang,30
efira,30
eggtempest,30
ei_(akinosakae),30
emukon,30
enpera_(jdud8375),30
eryngii_yoko,30
ettone,30
eve_(meltdown),30
fenne,30
ffc,30
fishsoof,30
focke_wulf,30
fuiyu_(feuille0818),30
fukudori,30
fulunukko,30
fuoco,30
furan_(pixiv20237436),30
fusaishi_haruaki,30
futaba_shion,30
fuuki_(nicoseiga),30
gabuccc,30
gajumaru09,30
gamako,30
getsumen,30
ghound,30
gijxgij,30
ginho,30
ginmaru,30
glisten,30
gn4othi61,30
goichi,30
goki_buri,30
gorakujin,30
gplnbeat,30
guangfu_bao_tong_meng0-0,30
guiyu_(nocaudal),30
gunner-l,30
gurumi_mami,30
gygpc956,30
gyo,30
h0saki,30
hade_na_kangofu,30
hai_yoru,30
haine33,30
hajimu_orbital,30
hakai_shin,30
hamaeru,30
hanai_yuyu,30
hanchan,30
hane_(x20285),30
hanemi,30
hara_takehito,30
haru_(haru2079),30
haru_rice,30
haseko123,30
hasewo0706,30
hasutani_taki,30
hayami_rasenjin,30
hayase_akira,30
hayate_(pixiv1185845),30
haze00,30
hidaka,30
hidari_(coletica),30
hiiragi_ken,30
hikari.,30
hikaru_310,30
himasen,30
hinaganon,30
hinao_(flowerrabbit2348),30
hinooka_shuji,30
hiro_(h-net),30
hiryuu,30
hisaki_(morenabe),30
hisane,30
hisuikouha,30
hobenkei,30
homura,30
huai_diao_de_zongzi,30
hugo_artist,30
hujitaumi,30
hyara,30
ikinokorubatu,30
ina_(artist),30
inumimi_moeta,30
iris_(artist),30
itodome,30
izana,30
j-peg,30
jagercoke,30
jakkun,30
jakojakojako,30
jalm,30
jas_(jasjasjasart),30
jii_(user_ihp6405),30
jon_tw,30
k-xaby,30
kabuto_tong,30
kadaka_(9m),30
kageco,30
kagefumi,30
kaho,30
kamatani_yuuki,30
kannazuki_yukito,30
kara_kasa,30
karasuke_d,30
kareji,30
karinzero,30
karuna_(madlax),30
kasuga_souichi,30
kate-fox,30
katee,30
kaza,30
kei_(asufend),30
keigen_hichou,30
kena131,30
kenshin,30
kentia,30
kghazir,30
kidchan,30
kiduki_kaya,30
kiitos12,30
kimura_neito,30
kinako928,30
kinako_(cl00556),30
kinakotatu,30
kinari,30
kino707,30
kinokooooo,30
kiocotton,30
kiri_nada,30
kiris,30
kishiinu,30
kishimasa,30
kiyonaka_rei,30
kkkkt,30
koasku,30
koh_(user_kpcu7748),30
kojima_tsuma,30
kojirou_(kojirou_sousaku),30
kokabu,30
kokoro6636,30
komugi_(mugiwaraclub),30
kongsi,30
konnanottenaiyo,30
koriyama_shashi,30
koshi-kun,30
kotamaroom,30
kourourin,30
kowaremashita,30
kuchibiru_keisuke,30
kumane_(osakanadonn),30
kumano_sakunosuke,30
kun52,30
kuraka,30
kurenaitaro,30
kurokw,30
kurowa,30
kurowan,30
kuze_matsuri,30
kuzuhara_kazuya,30
kyarairo,30
kyo9999,30
kyousin,30
leaf1031,30
lilshironeko,30
lion_nicole,30
lotus_(pixiv),30
loussier666,30
lyiet,30
maazyu,30
mac-v,30
maccha_xxxxxx,30
madhatter_hello,30
maeda_kousuke,30
mage_(335656),30
mahaya,30
mahiro_takeumi,30
maki,30
makishi_yaichi,30
makoto_(konbumi),30
manmaru_tamago,30
mario_wibisono,30
maru_(sw1tch),30
marui,30
masakichi_(heppouku),30
masato_(pixiv),30
mashiro_miru,30
masinhwangje,30
masui,30
matsunon_(artist),30
mazeshi,30
mc-4,30
melo,30
melting_scarlet,30
meltykiss0316,30
melvi0,30
memoji_7672,30
mentai_mayo,30
meoon,30
merue,30
merueto,30
mico3,30
mikorin,30
minakami,30
minami_shinju,30
mine_(wizard),30
minus8,30
mio_(jian_wei),30
miracle,30
mirutsu_(milts),30
misana,30
misoan,30
mitosupa_(qsiqydfz7nesh9w),30
mitsu_(nonoko05),30
mitsuki_mantarou,30
miu,30
miwa_maku,30
miya_ur,30
miyaji,30
miyata_souji,30
mizota_(rovel),30
mizukiyan,30
mo_si_(z1216150815),30
mochimochimochi,30
mogera81,30
mogu_(kanikama_mgmg),30
mohomen,30
mojarin_(kihara_mojarin),30
moment_(moment_607),30
momijigari,30
momohara_kana,30
momojiri_aya,30
momokokuma,30
momose,30
monkey_buonarroti,30
moritan,30
moroheso,30
motiko,30
moyuchocolats,30
mugcan,30
mujinbi,30
mumu2126,30
muraosa_(conjecture),30
muto_dt,30
nabuta375,30
nagano_(5ronta),30
nakajou,30
nakata_masahiko,30
nanase09rr,30
nasamuto,30
nashi_y,30
nawashiro,30
nega,30
neiko,30
nejita,30
neko_gokoro,30
nekohane_ryou,30
nekokan-nekokan,30
nekomimipunks,30
nel-zel_formula,30
nemu_(nora),30
nero_(nilu),30
nesu_(nsm888),30
neyagi,30
nia_(littlestars),30
nightmarejan,30
nihohe,30
niina_1oo9,30
nijita,30
nijou_makoto,30
niki_(pixiv),30
nikogori-mattyaduke,30
nina_matsumoto,30
niwata_senpei,30
noah_0628,30
noah_noah,30
nonaka_chikin,30
norihe,30
npt_(akzkfhsk0503),30
npt_(calpis),30
nukoji,30
numahito,30
nyanpe,30
o_imotarou,30
oage_(su4i7ri_u),30
ogawa_hidari,30
oke_(okeya),30
okomeito,30
olyester,30
omochi_(rimulovemiku),30
omyo,30
oohira_sansetto,30
ookami_ryousuke,30
oonishi_shunsuke,30
oosaki_shinya,30
ooyama_bokuchi,30
oozon_(ozon),30
oppaisagara,30
oretoreon,30
oumi_hi,30
oyasiro35,30
oz_(gerbera7),30
p.i.l.,30
pai_(1111),30
panya,30
parakiss,30
parazan_d,30
pen_(pen3),30
pokasu,30
pom77,30
pon_(ponymmtknsk),30
poyosuke,30
pspmaru,30
qian_renxue_zhuye,30
rainmaker,30
rangsiwut_sangwatsharakul,30
rasielcochma,30
renee,30
retora,30
rikito1087,30
rin_tarou,30
ringer3727,30
rishiya,30
rodway,30
rokuroubuna,30
ron_(lovechro),30
rosele,30
rosettastone,30
royal_tea,30
rushi_(bloodc),30
saida_(ohda_ooda),30
saikawa_(0902k137),30
saisou_(2ndere),30
saji-wata,30
sakaki_kuuya,30
sakippo_(sakippo0),30
sakura_(kasupi),30
sakuyamochi,30
santa_maria,30
sanya_(artist),30
sasa_kado_(redbluemoon74),30
sasano-01,30
satsuyu_ito,30
sayococco,30
scp-040-jp,30
seki_suzume,30
senbiki_(nonono69),30
senntakuya,30
setsugeka_tumugi,30
shanodesu,30
shardanic,30
shi_ling_yu,30
shiina_2265,30
shiki4winter,30
shimamura_miwa,30
shinagawa_hiroki,30
shinebell,30
shinobu_(pixiv2500),30
shinonome86,30
shinrin_kusaba,30
shinya_(artist),30
shio_konbu_(syoko128),30
shiro_hakuchou,30
shirofugu,30
shishio_(artist),30
shumizoku,30
sikinoyukinnko,30
silenri,30
simon_eckert,30
sira,30
siskin,30
smskt_25,30
sooki,30
sorano_(12gou),30
soratobuiltusa,30
sorufu,30
sotomichi,30
soumu_(kehotank),30
srb7606,30
ssy,30
stregoicavar,30
subdue_ezwei,30
sukua,30
sumashi,30
sumi_(u-kar1n-89m0),30
surrealmason,30
sushisalmon95,30
suteru_(stiel),30
suto_(sakumaaritsu),30
suwakana,30
suzuhara_kenji,30
suzume_yuu,30
suzuta_yume,30
sy-l-via,30
syaparinton,30
tagu,30
taichou_furyou,30
takahashi_kazuki,30
takakyo,30
take_no_ko,30
takenami_hideyuki,30
talez01,30
tamari_(flawless),30
tamasi,30
tankobukids,30
tanono,30
tatiana_kirgetova,30
tatugon,30
teitei,30
tenni_noboru,30
teoft,30
themidnightsunset,30
time-flies,30
tn_(artist),30
tobita,30
toda_ayu,30
tokiwa_tsuneba,30
tomaton_(t_0),30
tonito,30
tougyuu_yukio,30
toukoku_sasaiko,30
toumeikousokudouro,30
towa1,30
towamin,30
tsuki_yuuhi,30
tsukina_(artist),30
tsunekawa_niwasuke,30
tsyn,30
u_jie,30
ue_toono_(atano),30
uma_(shirokirin),30
umino_mokuzu,30
uni_tenten,30
unitsu,30
urami,30
uroam,30
uuta_(uturautouto),30
vl,30
vzmk2,30
wang_chen,30
warning,30
wata_domingez,30
wato_samirika,30
wildcat_(kusonemi),30
wttwj,30
wuhuo,30
xiao_ren,30
yabataso,30
yagitori,30
yaka_(kk1177),30
yamazaki_(now_printing),30
yasu_(shijimi_8),30
yasu_(yossy),30
yasutake,30
yo_(pixiv),30
yoga_doujou_(misawajima),30
yokoshima_(qb74pnkp),30
yorozu,30
yoshida_hajime,30
yoshii_yumi,30
yoshika_(music480069),30
you_shugyouchuu,30
yousuke_(yosk),30
youtike,30
youyan,30
yu_(uza),30
yudesoba,30
yue_(pixiv2547),30
yui_(kanatamoo),30
yuki-ichigo,30
yukishiro_chifuyu,30
yukkyun,30
yuren,30
yusya,30
yuu_(artist),30
yuuki_(ashitahare),30
yuuki_miyabi,30
yuuki_sara,30
yuyumatsu,30
zeikomi,30
zeixique,30
zen_(weishanzhe),30
zimu,30
zukapin,30
0v0_(l_seohui),29
1b,29
7nanappe,29
adenine_(artist),29
ag_ss41,29
agu,29
aidesa,29
aitaso,29
aji77,29
akane_(getwild23),29
akashirokai,29
akehata_hikari,29
akihara_ryo,29
akimaki_yuu,29
akiomi_aiko,29
akizuno,29
alha,29
amamiya_yuki,29
amefukura_art,29
amefurin,29
amei_sumeru,29
amezuku,29
ankh_(ankh_05),29
aoha_yuuki,29
aoi_kao_(lsz7106),29
aoi_yuuji,29
aoshima_kanae,29
arakure,29
ariilha12,29
arikichi_gen,29
arino_hiroshi,29
aruki,29
asaba0327,29
asaikeu,29
asakura_nagi,29
ashi,29
asp@juken,29
asu_(pixiv),29
asuka111,29
atahuta,29
aya_(pixiv73672),29
ayatori_(sensei_heroism),29
azure_silan,29
baronet,29
beaniewinnie96,29
bigskycastle,29
billie,29
bluesky,29
brilcrist,29
butakata,29
c4991,29
cacao_(cacao0809),29
cai-man,29
canno,29
chaosringen,29
chawanmushi_(ebikamaboko),29
chien_chih_kang,29
chiha_bobobo,29
chikawa_shibainu,29
chin_gero,29
chinkuru,29
chiro-minami,29
chiroru_(7450n),29
chizu_(fiute),29
chobii_(hamgyomu),29
choco_(pixiv29111),29
chouko_(waru),29
chourui_keiko,29
claptrack,29
conjaku,29
cototiworld,29
crm,29
crowdesu,29
curry_man,29
d_tomoki,29
danny1128,29
dasulchan,29
dd_mayohara,29
delaney,29
dethmath,29
dew-spiegel,29
digitalome,29
discowars,29
dith_ytk,29
dlei,29
ebina_souichi,29
ed_(end),29
eiko_(pixiv),29
electric_flower,29
emo,29
evemoina,29
faefaea,29
falketto,29
forte,29
frfr,29
front,29
fujimaru,29
fujita_mariko,29
fukushima_masaru,29
fularika,29
fura_(wind_rahu),29
furomaaju_(fromage),29
futaba_masumi,29
fuwasn1545,29
gap_(pdmng),29
garigarigari,29
garlica,29
genniax,29
ginko_(sekainoowari),29
ginmoku_poshi,29
gomi_kushige,29
gondolf,29
gsn_(nocturne),29
guratan,29
hage2013,29
hajime,29
hakkaku_hailey,29
hakusen-hiki,29
hamikoron,29
hana_(artist),29
haniwa_(8241427),29
hano_(keepon_haruka),29
hanui,29
haro_(artist),29
harukabo,29
haruno_suzune,29
hatomugi_(hato6g),29
hatomura_miri,29
haya-g,29
hayashi_keita,29
hebereke_black,29
hecktop,29
hei_de_yang_sheep,29
hibiki_(bagawa),29
hiiragi_hajime,29
hiiro_5-sai,29
himerinco,29
himeshiro_(himeno_46),29
hinata-bokko_(sanpo_fuumi),29
hiraki_ajino,29
hiroki_(plt),29
hisato_ar,29
hitaishou_chiritori,29
hitotose_hirune,29
hitsuji_kumo,29
hiyori7,29
hobby_(kento),29
hoht_yeah,29
hondarai,29
horon,29
hoshi_ichi,29
hoshi_nawoki,29
hukahire0120,29
humiyou,29
hyou_haku,29
hyuu_(sing-dog),29
iapoc,29
ibuki_mana,29
ice_(icegray),29
ichineko.,29
ichinose_ibuki,29
icwine,29
ikegami_noroshi,29
ikuhiro_(19nnnkti16),29
ikuwataru_nagomi,29
imamura_ryou,29
imaoka,29
imoman,29
ink.,29
ino_futon,29
irodori_(irotoridori),29
isaac_hein_iii,29
iseno,29
ishii_takamori,29
iska,29
isshin_(sasayamakids),29
ito,29
ito_taera,29
itsuki,29
iwanai_tomoeju,29
iyokawa,29
j_ooey,29
jack-ddd-no13,29
jak,29
jikunyaga,29
jojofon,29
joney,29
josephine-843,29
k-me,29
kabata_(mechisan),29
kacchu_musume,29
kadotarou,29
kagehi_no_loo,29
kago-tan,29
kagonotori,29
kagura_(anomalo-anima),29
kai_akatsuki_mare,29
kaku_(artist),29
kamibukuro,29
kamishiki,29
kamitsuki_manmaru,29
kanazawa_hiromu,29
kanchigai,29
kani_club,29
kashiwabara_en,29
kassan_(kassan_5a),29
katou_hiromi,29
katsura_ken'ichirou,29
kawachi_(hina),29
kawahagi_modoki,29
kaz_(shade),29
kazato_fuuchi,29
kazuki_sanbi,29
kdmr0402,29
ke-a-ru,29
kebohan,29
keito,29
keluy,29
kemuri_haku,29
kiiroi_tamago,29
kikuchi_youko,29
kimura_shigetaka,29
kinoshita_tomotake,29
kippuru,29
kitsune_choukan,29
kiyoichi,29
kneesocks_senritsu,29
koma,29
koma_(artist),29
komusou,29
konimaru,29
konkitto,29
koshio,29
kouno_sachiko,29
kubozuka_pikurou,29
kudou_asami,29
kunimoto_ori,29
kurii_chasuke,29
kuro_hopper,29
kuroba.k,29
kurokurokuro,29
kuroneko_sakon,29
kurotokusa,29
kusa_chuu,29
kyona_(konakona),29
kyou,29
kyou_fumei,29
kyurin_(sunnydelight),29
kyuu_you,29
kzm,29
lacolon,29
laovaan,29
leandro_franci,29
lechiennoir,29
lemoo,29
leon_v,29
li-e,29
liangxing,29
ling_si,29
linhe_de_chuangzi,29
loli_ta1582,29
loz_017,29
luke_uehara,29
luna_rune,29
ma-a,29
maaki12,29
macha_3939,29
magi,29
makai_no_koutaishi,29
makiyo_shine,29
manaka_(pdx),29
mandara_misaki,29
mariko_(leda),29
marui_koishi,29
maruman,29
marupuni,29
masaru_(win800),29
matsuura@parao,29
mattaku_moosuke,29
mazingkaizer,29
meg_(artist),29
megurimu,29
mementomori,29
mentaishi,29
mentei_yakuna,29
mgmg_cc211,29
migi_tonari,29
mijinko_(barabadge),29
mika_uni,29
milaria,29
mimit,29
mimizuku_auru,29
minobu_jentoru,29
mintsu_(ichi--kun),29
miothle,29
misaq,29
misoinu,29
miyabi_(run),29
mizukiri_fuurai,29
mkt_(50r50r),29
ml.e,29
mmco,29
mo_(mokatampe),29
modern-warmare,29
momo_retasu,29
momoshiki,29
momoyama_nozomu,29
monopollyan,29
monorisu,29
montanyaoh,29
morina,29
moros,29
moru_moru_moru,29
mot_(anticycle),29
motsu_(sararia),29
mowsovsky,29
mozuo,29
ms_tsukii,29
muchin_jousha,29
mugicha_(sukimachaya),29
mujuuryoku_kantai,29
mukimuki_mayuge,29
musashimaru,29
musashino_udon,29
myng,29
na_s,29
nacl,29
naga-agan,29
nagi_kanami,29
nagi_yusura,29
nagidori,29
nagisawa_yuu,29
namae_(areees),29
nametakenoko,29
nanahosi_seiiki,29
nanamiya,29
nanase_nanami,29
nanashiba,29
nankinjouto,29
nanteiiyoru,29
naruse_mahi,29
natori_(natorism),29
nawol,29
nayuta_(scarlet-noize),29
neck_o,29
neiless_neiro,29
neko_(natsuiroclassic),29
neko_kuriya,29
nekomaaro,29
nekomitei,29
nekonote,29
neqo_(neneneqo),29
nessie,29
niboss,29
niiko,29
nijou_katame,29
nikinoko,29
niko_(tama),29
nishinsobha,29
nitou_akane,29
nitro_(mugityaoisii),29
nitto,29
nke_toumi,29
nmknf_(mkn),29
nnmi11,29
noahxica,29
nokiri,29
noske,29
nucco,29
nyarumi_(buluerose),29
nyuusankin,29
obmas_(pfeito),29
oboro_(siroma),29
oda_tomohito,29
ogamiya_jin,29
ogata,29
ohiensis,29
oinari_(koheihei1109),29
okuribi,29
omega_na_hito,29
onimushi_hyogo,29
onmitsu_doushin_a,29
ontaros,29
ooki_bonta,29
ookouchi_ricca,29
oosato_haya,29
orange_(meitoku),29
orlijiang,29
osakana_(youkina_kabe),29
ot_(dog_wasd),29
otemoto_(baaaaloooo),29
otototo,29
otyumamii,29
oyuyamio,29
panda_(azarashi_suki),29
paparaya,29
papiko_(sogebusaretai),29
paradis47,29
pasu,29
pecolondon,29
pikojirokurao,29
pino_(pixiv),29
plaster_(2501),29
platinumcorundum,29
plug_(feng-yushu),29
pocketbee,29
pokomi,29
pom_(soupy),29
poncho_(pixiv),29
ponjiritsu,29
pota_(nabrinko),29
princess_spirit,29
purin,29
puuko_(iberiko_neko),29
pvtskwerl,29
q_(a72pgc),29
qi_(bleachcxn),29
qy,29
r04315,29
r18ankou,29
rabe26k,29
raide,29
rainforce,29
rakugaki_choo,29
ran_(artist),29
randis,29
ranger_squirrel,29
ranshin,29
rasha,29
rayhwang,29
rbtt,29
red_liquid_(artist),29
reisame,29
reityana,29
ren-co,29
renyu1012,29
rewuyuu,29
rh0012,29
ricemo,29
riko_(pixiv),29
ringoro,29
riqurr,29
ritsuko_(rittii),29
robosuke,29
roncele,29
rororo,29
rosa_tsubomi,29
routemoc,29
rouzille,29
rumaki,29
rumeha_(aormsj22),29
ruriruri,29
rurituvo,29
rurukichi,29
ruu_wan_mm,29
rye_(hyn_uka),29
ryuuji_teitoku,29
ryuukichi,29
ryuusei_(trickster),29
sabakamen,29
sacchi,29
sachy_(sachichy),29
saihara,29
sakurai_muto,29
samurai10932,29
sanada_(tony2035176),29
sando_(artist),29
sasaki_yukinojou,29
sasarekoube,29
satsuki_suzuran,29
sayika,29
scamp_(scamp_f16),29
seiju_natsumegu,29
sen-asanagi,29
senmen_kinuko,29
sentakki,29
sera_(hitsuji_to_kitsune),29
sesame_ange,29
shaomin,29
shiba_roken,29
shiho,29
shimabara,29
shiman,29
shinadume,29
shinkichi,29
shiodanx,29
shiori_(1095951),29
shirai_sanjirou,29
shirakawafel,29
shiromomo,29
shirotaka_(akrrkm),29
shiroyukimajima,29
shiruppo,29
shitoo,29
shon,29
shou_fuji,29
shouji_ni_nanshi,29
shoukichi_usagi,29
shoushu,29
shuizhanglang,29
shumiao,29
skk,29
snartles,29
snika,29
sola_(sola04),29
soleil_(soleilmtfbwy03),29
solidstatesurvivor,29
sonya_jonah,29
soto_miyako,29
soto_undertale,29
souto_(0401),29
sprout_(33510539),29
st06,29
suihimaru,29
sukeroku_(treeee),29
sunata,29
sunshinek,29
suzumusi114,29
syuya,29
szivarvanyturmix02,29
tadashi_(tadashi1013),29
taira,29
taitaitaira,29
takasu,29
taker_(flamestorm),29
takojiru,29
tamaki_(209),29
tamtam,29
tanabe,29
tanakahazime,29
tatsumi,29
tazuma_(u283),29
tekka_maki_(wafuu-bune),29
tenjin_(ahan),29
tenketu,29
teri_terio,29
tetrodotoxin,29
tetsuo_(amenohutikoma),29
tissue_(pixiv),29
tobalin,29
tochiko_(spi),29
togashi_yuu,29
tomcho,29
tomonx,29
tomorag7,29
tomoshiki,29
tomotototo,29
toranohige_(pixiv),29
totocosakana,29
toutoumi,29
ts422,29
tsukiko_(meltdown),29
tsume_(artist),29
tsunamino_yuu,29
tsuzuki_(flee_away),29
turpentine_(artist),29
tyuuboutyauyo,29
ueyasu,29
ukocome,29
ume_neko_(otaku-nyanko),29
umemiya618,29
umino_(anesthesia),29
une,29
urara_(himitsu_kamitu),29
utsunomiya_hetaru,29
uttao,29
velkia,29
virtualcity-ex,29
vorpal-duck,29
vsjojo,29
wancozow,29
warren_louw,29
watanabegenn,29
watata13,29
wazakita,29
weltol,29
wuming,29
xhouz,29
xxxxakixxxx,29
yagitome87,29
yamamoto_takato,29
yamo,29
yasuda_(fareast_blade),29
yasumori_zen,29
yo-chaosangel,29
yomo,29
yoshino_saku,29
yoshitani_(aminosan),29
yosugara_shou,29
youki_aki,29
yu_li,29
yucca_(yasabana),29
yudough,29
yue_teitoku,29
yugami_gooshu,29
yuki_shizuku,29
yukimimi,29
yukipo_p,29
yukkii,29
yumoteliuce,29
yuu_(hi_lite),29
yuuji_(itadon),29
yuuki_sawano,29
yuuki_shin,29
yuuri-622,29
yuzu_juncgr,29
yuzuki_(rurirara),29
yy0880yy,29
yyi,29
zefyu,29
zek_(zecola),29
zhang_xiaobai,29
zi_(murasaki0615),29
zongren,29
zono_(rinkara-sou),29
1777_kaki,28
33paradox,28
35_(pixiv),28
35kawaiiprpr,28
8_(e_uu88),28
a-iueo,28
a-na,28
a.f.o,28
a229,28
abeen_jhong,28
abi_(user_nzav7333),28
afrobull,28
ahira_yuzu,28
ahirun,28
aizaki_(aizkaizk),28
akai_mi_ga_bakuhatsu_shita,28
akiran_(r32),28
akizora,28
alohapz,28
amano_yuu,28
amazio_komeko,28
amekasaikuta,28
ami,28
andy_seto,28
anidante,28
ant_of_spirit,28
aoi_momo,28
aoki,28
aqua-lia,28
asakishoten,28
ask,28
ask02,28
asrhion,28
astraea_f,28
awa_teruru,28
ayao77,28
ayaya,28
ayumu_(ayumu3659),28
azarashing_day,28
b.leaf,28
bandabekken,28
banzai_nekomimi,28
batayu,28
beniimo_danshaku,28
berver,28
bieshi,28
bifuteki_(bi_futeki),28
bingbing,28
bogyaku_no_m,28
bomal1215,28
bombyoon,28
botan_(03110709),28
bzzt_gcxll,28
camelot,28
casino_(pixiv468133),28
cauliflower_(artist),28
ccllsaikou,28
changaa,28
chiru,28
chiyo_(chidori),28
chobota,28
chongning,28
chouzetsu_yarou,28
cjl6y5r,28
clare_(543),28
coletta_(colet_colettia),28
coroske,28
cucchiore,28
cuvie,28
dada_(esoragoto),28
daico,28
damao_(kiwa777),28
dango_(dangowalolicon),28
daniaeru,28
daniel_kamarudin,28
dark_talker,28
dateya_torahachi,28
dfreak,28
dh_ead,28
dianche_miao_(18826),28
diz_(diznaoto),28
doudai_shouji,28
douzen,28
eflunn_(emilylunn),28
emone04,28
enone,28
enseisong,28
ep_(emio_parn),28
es,28
feijitian,28
feitie,28
fen_zuo,28
fesuta,28
fgz,28
fizz,28
fubarmoe,28
fujimaru_(inumog),28
fujisawa_tomio,28
fuusen_neko,28
fuyusuke,28
g-ist,28
g_perarikku,28
gaon_(hisuikairou),28
gatakk,28
gawainbro,28
getsuyou_bi,28
ginshachi,28
goban,28
gogetu,28
gom_(kooskoo),28
greenteaa,28
gyess963,28
h28,28
hachi_(hachin0124),28
hachimitsu_ame_(phoenix),28
hadi,28
hagi,28
hakai_no_ika,28
hanehane_kiro,28
hanei,28
hanesaki_nekome,28
haoto_(arnica_leaf),28
happa_de_happy,28
harukahime,28
hateno-yukimi,28
hato_niku,28
hatozuki_tsumiki,28
havemoon,28
hawai-tari,28
hayami_kyuuen,28
heiyuen,28
henzer,28
hidari_(artist),28
hidebou,28
hideki,28
hido_(meori_apu_da),28
higheast,28
hiji_rida,28
hinano,28
hinase_kei,28
hinata123,28
hinekure,28
hiraga_pikurosu,28
hiru_made_ne-tarou,28
hisatyu,28
hisehisekin,28
hiyoko_ai,28
hiyori_(higanahannnti),28
honoka_(ranukirai),28
hosimo,28
houmuari,28
hsiao,28
huanghyy,28
huwarinn99,28
huzya_ta,28
hyakute_gyojin,28
hyung-tae_kim,28
ian_wang,28
ice_(805482263),28
ico_(engawa_roman),28
ide_naomi,28
iduhara,28
igau,28
imahia,28
ina,28
inasaba,28
inato_serere,28
inazuma,28
inu_wi,28
itaboon,28
jinkou-kuu,28
jinrai_(owl12),28
jobin_chan,28
jofang,28
juder,28
judy6241,28
jwnn,28
jyun,28
jyura,28
jyuri_(artist),28
k@de,28
ka_ji,28
kadowaki_miku,28
kagami_uekusa,28
kagari_(kgr_000),28
kaiven,28
kaminendo,28
kamisakai,28
kandasasuke,28
kandori_makoto,28
kanna_(kan419_k),28
kano-0724,28
kara_ikuko,28
karuta_shiki,28
kashiwagi_yamine,28
kasia_nie,28
katana_(life_is_beautiful),28
kathryn_layno,28
kebakebasan,28
kei_s01,28
keikyu_(tiltedcube),28
kibstar,28
kihou_kanshouzai,28
kinkuri_(axsc8mjrt),28
kinohe,28
kinoto_(ruindivinity),28
kirushi_(killcy),28
kitsune_n,28
kiui,28
kizuki_aruchu,28
ko-ran,28
ko-tan,28
kodama_yuuki,28
koeda_(koeda1kg),28
kogarashi_midori,28
koge-owl,28
kohina,28
kokutei_n,28
kokutou_eiri,28
kokuya_(kokuya28),28
kome_(kokomoti),28
komowata_(m375375),28
konako,28
konoyasoul,28
konpasu,28
koori_(haraiso),28
koubou,28
koyama_tomosato,28
kozue,28
krace,28
krill55,28
kudakitsune_(kaien_kun),28
kugaumelo,28
kumanoi_(nichols),28
kumashige,28
kuraha,28
kuroda_(chokobo_314),28
kurokoshou,28
kuroneko_(44yen),28
kuronyanko,28
kurumayama,28
kururu_(koisi122),28
kusowarota,28
kyuuakaku,28
kyuujou_komachi,28
kyykttk,28
lactone,28
laikaken,28
lanhacy,28
last_c,28
lastscionz,28
levvellevvel,28
li_luo,28
licamen,28
limha_lekan,28
litarnes,28
lury.sgh,28
lush,28
luv,28
lv21,28
m3_(mmm003),28
makiko,28
makino_tomoyasu,28
manysart1,28
maou_mikage,28
maru0one,28
masa_(siriusu-koko),28
masayasuf,28
mashiro_yuki,28
mask_alice,28
matako,28
matsuda98,28
matsumoto_temari,28
matsurika_(j297021302),28
matumasima,28
mayokichi,28
mayuki_(ubiquitous),28
mdf_an,28
mechi,28
merino_(merino_9999),28
merokonbu0,28
messiah_cage,28
micha,28
migu,28
miharu_(artist),28
mimika_(puetilun),28
minatsuki_(sitsu),28
minazuki_(jo),28
minoe08,28
mint5464,28
mio1030,28
miseinen,28
misono_mitama,28
mitsu,28
mitsukazu_(nijigen_complex),28
miyuu_(crazy_lollipop),28
mizu_bonbori,28
mizuna_tomomi,28
mizuno_yun,28
mocacoco339,28
mochida64,28
mokumokuren_(atariya_kyoushitsu),28
momo_alto,28
momomosae,28
monaka,28
monomono,28
mori_marimo,28
mori_no_ji,28
morinaoekaki,28
mozukuzukuzuku,28
mozzu,28
muireko,28
musclecar,28
mush_(mushlicious),28
nagare_kei,28
nagihito,28
nai_(erumaria),28
nai_kitsu,28
naisho_na_zuku_doori,28
naive_(day),28
nakata_eiji,28
nako_(unclebanana),28
nalse,28
nanashishi,28
nanno_koto,28
naomi,28
narita_imomushi,28
nasuno_chiyo,28
natchan_blue_(nanairopenki),28
natsume3304,28
natsume_(tsu-na),28
necolab,28
nekobu,28
nekoda_kuro,28
nekogasuki,28
nekome3,28
nemupan,28
nenekoneko,28
nicole_(lion),28
nigatsumikka,28
nikoro,28
niku_(dance-siva),28
ninjatic,28
ninton,28
nitoni,28
nkgmgs,28
nkraae,28
nkyoku,28
noeru_(soul64),28
nojiko_(natumag),28
nonoharak,28
nora_(le-chat-noir),28
nove_(legge),28
novelia,28
novram58,28
nukunuku_(hinataboltuko),28
numenume_(powa-ogutyogutyo),28
o_kawa,28
oborozuki,28
okeya_(ol23),28
okojo,28
onigiri_no_gu,28
onion_pikupiku,28
ooka_(skavler),28
oooooogu24,28
oota_takeshi,28
orihika,28
oruta_(owata_saber),28
osiimi_(artist),28
osomatsu_(nanameno),28
otsuki38,28
ouma_bunshichirou,28
oyume,28
ozawa,28
ozkh6,28
p-man-p-man,28
pachyphytum,28
pandemonium,28
paprika_(artist),28
par.,28
parmesan_(168n),28
pataryouto,28
pekerika,28
peta_(taleslove596),28
pigsomedom,28
pimemomo,28
pocky1202,28
poini_(king-scarlet-dead),28
popi_(pixiv),28
popoccpo,28
poponpin,28
potionu,28
pump_(pumpqmuq),28
pure_boy,28
purple_kecleon,28
r3ydart,28
raionsan,28
rairateru,28
ranchuu,28
randle,28
rano,28
rapop,28
rayn,28
realpha,28
rebe11,28
red10,28
reef,28
relly,28
rerere,28
rezigigasunoyume,28
ribata,28
rick.black,28
rikkukku,28
rion_(user_ufvg8527),28
riri_(ri0177),28
rishi_(kurou),28
ritz_(h322),28
roadksa,28
rocha_(artist),28
rokujou_jun,28
rokusketch,28
room603,28
rubyaano_(ducl323),28
ruiko_(sad),28
runamochi,28
ryo_chimo,28
ryousan_gataki,28
ryuukishi07,28
ryuutsuki_basetsu,28
sabujiroko,28
sachirika,28
sachishiro_pengin,28
saeki_tatsuya,28
saimon,28
saise_chisa,28
saitou_takana,28
sakanobo_(sushi1021),28
sakura_hazuki,28
sakurabe_notosu,28
sakuramocchi,28
samanator_club,28
samidare_satsuki,28
sananan,28
sarikyou,28
sashimi_(adam026),28
saskia_gutekunst,28
saty-rokuji,28
sawada_yuusuke,28
sayo_wini,28
sekaihebi,28
senji_(artist),28
senlly_2507,28
sennotane,28
seriko_(seo77000),28
sezaki_takumi,28
sfm_zhang,28
sha_(siasha0104),28
shabi96522,28
shakeeeeeeeee,28
shakuyouka,28
sherypton,28
shi_niao,28
shi_shoku,28
shichikaku,28
shichimiso,28
shikishima_(pixiv),28
shikokuken_(mrykk24),28
shikousakugo,28
shima_hinako,28
shimano,28
shime_mura,28
shimo_fuji,28
shimoe,28
shimosazami,28
shinjitsu_(true_ride),28
shinomiya_akino,28
shinonome_(ichigotsuki),28
shinryoku_(j-1),28
shio_poteto,28
shippu_man,28
shiraba_(sonomama_futene),28
shiraki_ai,28
shiro-inu,28
shiro_(nitto),28
shirokuma,28
shironboako,28
shirosa,28
shishamo_(scholacco),28
shoohee,28
shuiro,28
shuku,28
shuu_(sirokumasabu),28
sigumado66,28
sin_(hitonatsu),28
since,28
sinker_(pixiv),28
sirotuka_lambda,28
skinnytorch,28
soon32281,28
sooya,28
sora_(dkssud6580),28
sorrau,28
souen_hiro,28
souya_touki,28
sozomaika,28
spanking_momoko,28
ss39,28
subuta_(butabutasubuta),28
suefu,28
sugita,28
suikaxd(zhanweiheng1992),28
sumikaze,28
suwi,28
suzuen,28
sworgun,28
sylvia_(huajiuhuajiu),28
tabunshake,28
tachi_yure,28
taka_(aghalta),28
takahasiy,28
takami_ryou,28
takase_(harakiri),28
takenoko_seijin,28
takeshita_kenjirou,28
takezuchi,28
takoyaki_kenken,28
takssmask,28
takuji_(dekosenn),28
tama_(05728),28
tanaka_ryosuke,28
tanan,28
te_ru_ya,28
teki_(kakari),28
ten,28
tenkuu_soraru,28
tetora,28
tian_niunai_hezi,28
tiha,28
tim_(a9243190a),28
ting,28
tobi_(mue86),28
tochigi_1990,28
tomo_(tomojo_8),28
tooo88,28
touro,28
trombe,28
tsuki_miyabi,28
tsuzuri_(tu-san_house),28
udan,28
uiu,28
unno_hotaru,28
uruchimai,28
uryoko,28
utako,28
utouto,28
uzuki_mei,28
vaayunto_yuuki,28
vee_(427deer),28
veghia,28
violet_viora,28
w.r.b,28
wai,28
wamizu,28
wannyanpu,28
what_a,28
whoosaku,28
wiori_(mashiro_miracle),28
xia_xiang_(ozicha),28
ximuye,28
xrjingx,28
xxxsorato,28
xyomouse,28
y,28
yachi_(fujiyasu0616),28
yakata_(artist),28
yamada_yuuki,28
yami_kyon_oov,28
yanagiba_sakana,28
yashiro,28
yeoohdam,28
yezhi_na,28
ynartistic,28
yokke,28
yokozawa_(pyu-tohuku),28
yoruda,28
yoruko_(lily-spring),28
yoshikawa_hazure,28
yottin,28
youcapriccio,28
youkan_(mattya_youkan),28
yuhka,28
yukihara_sbgd,28
yukihiko,28
yukiya_0_0,28
yuriko2755,28
yuta_arata,28
yuumikouki,28
yuzukineko,28
yuzure_mon,28
zelitto,28
zenmai,28
(#)w(#),27
1000,27
10birthday10,27
123hamster,27
1_mutsuki,27
207,27
28_(282teeth),27
714_(leg200kr),27
720yen,27
809218622,27
a-line,27
a197nri79he10ls,27
a_(nanananaaannaa),27
adi_(adivider),27
agino,27
aizawa_zawapo,27
aka--chi,27
akamiho,27
akikan_(kantaro),27
akina873,27
akinoko,27
akira_atsushi,27
akisaki,27
akito1218,27
akumatokeiyaku,27
alnas_(lilis),27
altria9,27
alva,27
alvin_lee,27
alyssa718,27
amagase_lyle,27
amamorient,27
amatume111,27
amayoikazuto,27
anita,27
anko_maccha,27
aozora_airu,27
armkreuz,27
artworks218,27
aryus,27
asagi-so,27
asahi_(fullmetal_madness),27
asai_ichiko,27
asatomjj,27
asatsuki,27
assa,27
asu_hare,27
asyuaffw,27
athria,27
aura_(a440),27
awwesomeai,27
ayabisu,27
ayakaze_ryuushou,27
ayame_(artist),27
ayko,27
ayuka,27
ayumi_(xiwu),27
azuma_shouko,27
azumadori_tsugumi,27
azumamutuki,27
azumi_(madogiwa_bocchi_seki),27
b-cat,27
bakusou_k,27
banjoo,27
baron_(baron-eros),27
bcny,27
bear_(artist),27
beniko08,27
beshiexe,27
biafura,27
blasowa,27
blue_man,27
blush_response,27
bokuman,27
brolo,27
bula,27
buttercup,27
cain_(grt1125),27
calvin_sims,27
cap_(artist),27
carlos_toshiki,27
cartolaio,27
catwyz,27
ccjn,27
chi_lian_qiju_zhu,27
chifurin,27
chihiro_(onigiri),27
chikage_(blackclownery),27
chimosaku,27
chokota,27
christine_ogawa,27
chyaramu,27
cianter,27
cinnamonsly,27
cmpsnoki,27
coga,27
cokecoco,27
colin_tan,27
cometch,27
cover-d,27
crotalaria,27
culotte(96),27
cynd,27
czasjb,27
dairiseki,27
dankalaning,27
darkwinslow,27
dashinoya,27
dee,27
demekyon,27
dengeki_gx,27
deni_m,27
denkiusagi,27
diviously,27
dobato,27
dog_hate_burger,27
doseisan_(dosei-san),27
dot_r,27
drawingddoom,27
ehime_mikan,27
el_(canon_jihad),27
elias_chatzoudis,27
em_crazy,27
emuson,27
ensemble_girls,27
eply,27
eriyama,27
erusen_(des-arms),27
esparda,27
excel_(artist),27
excel_(gewalt),27
fan_(20110507),27
fantasyxing,27
fantongjun,27
feiqiuxuan,27
fm77_(artist),27
freer,27
frey,27
fs-project,27
fuji,27
fuji_(d38635s10),27
fujisaki_star,27
fujisawa_machi,27
fujitsuna,27
fukurinn,27
fumiya-taketatsu,27
fuyuno_mikan,27
fysr,27
gado-boa,27
genya67,27
gogochi,27
gomunagagutsu,27
gooberman_(kdk5011),27
gr_(artist),27
ha84no,27
hadekan,27
hagino_chiyoko,27
hakusaku,27
hal-bard,27
hallsth-eien,27
hama_(sleeps),27
hanakoizumi_yoruno,27
hanao_(artist),27
hane.,27
haruyama_(pixiv169154),27
hashagu,27
hasu,27
hata,27
hatomizu_(issunya),27
hazuki_(nature.),27
heikouidou_(seraeno),27
hibika,27
higa_norio,27
higashi,27
hika_(ozeluk),27
hiko,27
himenomikan,27
hira_taira,27
hizuki_reiya,27
homco,27
homing_(artist),27
homunculus_(artist),27
hori,27
hrk173,27
huuyu_1z,27
hyakumangoku_masurao,27
hypoxis,27
ibara_azuki,27
ichihisa,27
ichimi_tougarashi,27
ida_(floofyfluff),27
igawa,27
ikeya_(higumake),27
inaba_makoto,27
inaho178,27
inomata_mamoru,27
inte_(whitewolftail),27
inu0831,27
inui_atsu,27
io_(ike_ike),27
ipev,27
ishida_hiroyasu,27
ito_(pixiv),27
itsumi1021,27
iwazoukin,27
izayoi-saki,27
izru,27
izumi_asuka,27
j7w,27
jack0ran,27
jaga_rico,27
jamijami,27
janaschi,27
jean-louis_(yuasa_rengou),27
ji_yuyun,27
jiajiajiajiaa,27
jikeshi,27
jo_chen,27
john_zhang,27
jojon,27
jon_henry_nam,27
k,27
k.nock,27
k.sho,27
kadomaki_shinnosuke,27
kaeru_no_ashi,27
kaku_sugar,27
kan_(punsukapun),27
kanata_(kiduka),27
kanden,27
kang_yiqian_(self_cultivation),27
kaniya_shiku,27
kannasetsuna,27
kannazuki_genshi,27
kanten,27
kanzuki_yuu,27
kaoru_(rena12345),27
karasuma_amiru,27
kasei_(xyz),27
kasetsu_03,27
kashiru,27
kashiwagi_yun,27
kasumi_uzuki,27
katotepe,27
katou_kouki,27
kazeoto_kirito,27
kazuya_lolicon,27
kebei,27
keito_(keito-ya),27
kenpin,27
kharu11,27
kinmedai_pink,27
kio_sayuki,27
kirimi_maguro,27
kiririn51,27
kirisawa_tokito,27
kitora_(kisekinonameko),27
kkokko,27
kn_rookie,27
kogarashi_(wind_of_winter),27
kogawawaki,27
kohaku_(kohagura),27
konoekihei,27
konomu0522,27
korezyanai,27
kosuga_kumi,27
kotoji,27
kou_(xcws3487),27
kouchi_(kouichi-129),27
kouen,27
kouotsu,27
kousou,27
koutake_hiroyoshi,27
koyubi,27
kubota_keita,27
kumata,27
kumataka,27
kumichou_(nakasato-gumi),27
kumonosuke,27
kurahika,27
kuro_kichi,27
kuro_no_haijin,27
kuroda_kuroko,27
kurofuti,27
kuroinu_momotarou,27
kuroma_(no_plan),27
kuroneko,27
kurukuruchocolate,27
kururi_(oekaki_nikki),27
kuu_(0427),27
kuukai_(adexi),27
kyakya,27
kyowosuke,27
kyukyutto_(denryoku_hatsuden),27
ladybird8n,27
langod,27
lefty10,27
leris_muma,27
let,27
li.b_(liebenib),27
liechi,27
life_neko72,27
liminarity,27
linnoko,27
liruty,27
locon,27
longai,27
luncheon_meat_umai,27
luye_yuan,27
maccha_(jam513),27
maccyon,27
mackerel_(artist),27
madoushi_s,27
maiko,27
majoccoid,27
makamati,27
makino,27
makokb,27
maldives,27
maorzshu,27
mariemon,27
marionette_online,27
marreeps,27
masana_hatuse,27
masatome,27
masuo1992,27
mc,27
mcr,27
meiko_(puua),27
meltnotmelt,27
meran-yo,27
mescaline,27
mesme,27
mika_(moc828),27
mikan_yuzuko,27
miki_0,27
minari_(haib),27
minazuki_jiyun,27
mitsuko,27
miyoshi_(m-mallow),27
mizuki_(pixiv2254368),27
mizushima_kai,27
moa810,27
moai21,27
mocky_art,27
moco_315,27
mojake,27
mokachino,27
mokuzou_(mokumokuzo),27
momen102_(sji09u),27
momi,27
morganagod,27
mosu_(korikan),27
mozya,27
mtmt_mtmt,27
muchakushoku,27
mugino0515,27
mukiryoku,27
munisuke_(zrkt7883),27
mutsuki_masato,27
mymo0527,27
myouji_namawe,27
nabenabe3104,27
nagisa_(imizogami),27
naik,27
nakajima,27
nakayoshi_koyoshi,27
namonaiteidono,27
nanora_(sero4),27
naokotoysk,27
naridon,27
nashigami_tsubute,27
natsuya_(pucelle),27
nave,27
navio,27
nayuzu,27
nazumi_junko,27
nbo,27
neiigal,27
neko_yuuko,27
nekoro,27
nekoyaso,27
nekurokonomi,27
nemokochi,27
neosagi,27
nepsuka_(hachisuka),27
nerugal,27
ngo,27
ni_(221),27
ningyo,27
nisehoya,27
noa_(letizia),27
noaki,27
nopo_(patter),27
norio_minami,27
norisuke_(kuranori),27
noromi,27
nsio,27
nuavic,27
nukoimo,27
null1040,27
num,27
nvkka,27
nyansan_oekaki,27
oden_(artist),27
ohjin,27
okishi_jien,27
okota1869,27
omochi_binta,27
one3four!,27
oneselt,27
onoue_ren,27
oo_rollo,27
oota,27
oreha00701,27
orihara_sachiko,27
orino_yushi,27
otyaume_1910,27
ousawa_kanata,27
pajant,27
palru_s2,27
pandegg,27
panta,27
pencils_(artist),27
peng_kun,27
peter_xiao,27
pineapple_(a30930s),27
piyomi,27
po._(medamaoyazi),27
pomelocandy,27
ponshu_(ponshuislife),27
pooru,27
poppuru,27
pungter,27
punpun,27
pzeros,27
qiansefeihe,27
racoon-kun,27
rain_prophet,27
randomboobguy,27
rateitigo,27
regress,27
reiq,27
reitsuki_kazuma,27
reneelric,27
reo_(re2kn),27
riane_cotton,27
rikotch07,27
riku_(lingsky),27
rim1010,27
risachantag,27
rishita,27
robin_(pixelated_robin),27
roland-gin,27
rom_rkgk,27
rostina-pason,27
roten,27
rou_honoo,27
rowan_(kanonsecret),27
rpracing,27
rubill,27
ruondea,27
rurika_seijin,27
rushka,27
ruto5102,27
ryu-akt,27
ryuda,27
ryvlab,27
s-operator,27
sagami_(aikodesyo),27
saijou_hirokazu,27
saikachi_(ogre_tree),27
saitou_shouki,27
saitou_takeo,27
sakaikurinea,27
sakurai_energy,27
samel10,27
samuraichamp,27
sanbabasanba,27
sangyou_haikibutsu_(turnamoonright),27
sanom,27
sanwa_(koyabu2171),27
sasakura_ayato,27
satsuki_(gogotaru),27
sawamin,27
sayuri_(artist),27
scotch_(cookie),27
sea_(azure_pastel),27
seedkeng,27
seeds328,27
seijiikeuchi,27
sen_hisame,27
shanabi0610,27
shiba_meiji,27
shibamine_takashi,27
shibata_masahiro,27
shigegigi,27
shino_satoru,27
shinobibe_himika,27
shio_(orange_lounge),27
shiro_(hakukosui),27
shiro_mayu,27
shirokuroya,27
shirota_dai,27
shisu_(binzo3),27
shooou_0104,27
shouta_(shbz),27
shugami,27
shuiyituzi,27
shuri_(9818),27
silver_bell,27
silverms2,27
simon_(n.s_craft),27
sioma709iie,27
sm156,27
so_korokoro,27
solar_kaichuudentou,27
sonzai_soumei,27
soo_kazahana,27
soruna_(nell),27
soujirou,27
soukitsu,27
south_(monookibako),27
squemezzo,27
star_(ikaruga),27
starcat_bloom,27
stephanie_shih,27
street_dog,27
su_(pixiv44447),27
suchara,27
sukueni,27
suzunoya,27
syouji-fascism,27
syumi080,27
syunga,27
syutyou,27
t4yl0r712,27
tahnya,27
taisowbukurow,27
takamichis211,27
takatou_suzunosuke,27
takehide,27
takekawa_shin,27
takigi,27
takumi_watanuki,27
takura_mahiro,27
tamahiyo,27
tamaki_(tamaki599),27
tanada,27
tatamiya,27
tebukuro_withana,27
teddy_yang,27
teito,27
teperyndroors,27
tktg,27
tofu_(tttto_f),27
tofuubear,27
toilobo,27
tommy_region,27
tooya_daisuke,27
tora,27
torigara_cha,27
torisuke_(koinohito),27
total9,27
toten_(der_fuhrer),27
tourniquet505,27
trimcolor,27
tryvor,27
tsu_da,27
tsubasam,27
tsukimi_kirara,27
tsukimido,27
tsukizaki_shizuka,27
tsuta.,27
u_n_a,27
uekusa_wataru,27
uma54coe,27
uni_(pixiv3369507),27
unkq,27
usano,27
ut_1t,27
uta_(pixiv),27
utaoka_(23com),27
uyoshi,27
vikramjoti,27
vt,27
wakadori,27
wandzardeen,27
warakusa,27
wasabi_(circle),27
watabow,27
watanon_(gakushokutei),27
water_waterfall,27
wbon,27
whitey,27
windbard,27
wirttian,27
wokami,27
woolpen,27
wss_(32656138),27
xianjian_lingluan,27
xiaohan6th,27
xion_(pulilulu),27
yabby,27
yachiwo,27
yama_(rabbit_room),27
yamada_rokkaku,27
yamado,27
yamagara,27
yankee41,27
yaziri,27
yellow_kirby,27
yi_l_chen_5,27
ying_(suetmo),27
yooguru,27
yosaku_(roach),27
yoshihiro-m,27
yu_(lovepayon),27
yuetsuki_(ash),27
yui_(imprinting),27
yuitanpo,27
yukine,27
yumegi_(bitter_orange215),27
yunamul,27
yunuki,27
yuu_(warm_water),27
yuuheisyoujyo,27
yuuki333,27
yuurakudou_kurono,27
yuusha-chan_(gassaku_no_hito),27
yuyayuyo,27
yuzuha_(artist),27
yygnzm,27
zakkii,27
zarisu,27
zawa_(zawzawranran2),27
zeku_(pixiv),27
zouni_(xavier),27
zuihou_(hechen121),27
zukky,27
zyenokana,27
0ye,26
144_(riesztan),26
1_ssmk,26
1w2k,26
2equal8,26
463_jun,26
52ikaros,26
810_(dadmiral),26
96neko_mtm,26
a-shi_(lion81923),26
a_flow,26
abcd2345,26
adworse,26
afjc,26
ahashi,26
airseal,26
aiyat_@_maotto,26
akai_takami,26
akairo_no_mako,26
akatsuki_matsumoto,26
akawata,26
akefumi,26
akumey,26
akutsumi,26
alpha.e,26
amanda_evelyn_earl,26
amano_takumi,26
amarabi_(tobira),26
amasa_mitsunaru,26
amase_(yagami666),26
amatsuki_colors,26
amattle,26
anbivarens,26
angelegna,26
anho,26
anma21,26
aonegi,26
aos_libido,26
aqwiz,26
ara,26
aranagi_(arng_4401),26
arare_mochiko,26
ark_(morita_hitomi),26
armais_(me-chan337),26
aruto2498,26
ashleigh_hetrick,26
asozan_(cocomil),26
atelier_pocket,26
avi_(baltika_seven),26
aya003030,26
aya_(min412),26
ayacho_mato,26
ayame_(norie11),26
ayatudura,26
azuma_tou,26
b.k.,26
baba_yasushi,26
badnick69_(camchi),26
bakayoko,26
baseness,26
bb_m0024,26
bentoss_detritus,26
bifanghuanshi,26
bigegg,26
bit,26
black_box,26
bling_(wnsdud34),26
bonjirix,26
boru-boru,26
broccoli_(arupuru),26
bteele,26
byakuran_leo,26
byoin,26
cat_and_rabbit,26
catsila,26
chamba,26
chibimame,26
chidddn,26
chikusawa,26
chirori,26
chiruchiru,26
chiyo_nori,26
chizurusou_(tiduru_39),26
chorin,26
churayuki,26
cielo_oceano,26
cla_(torinabe),26
clariate,26
climaxmukr,26
clumeal,26
coco3186,26
cocohore,26
cocona,26
colliholly,26
com_kom,26
comin,26
coso-ri,26
cresc-dol,26
dannex009,26
dawkinsia,26
despuntater,26
diezmil10000,26
ditb,26
dokuna,26
dot_heit,26
dova,26
dragon@harry,26
dule_(anhaidule),26
ebina_hidekazu,26
eichan_(eichanidfi),26
elfe,26
enmto,26
enomoto_(luck-by-luck),26
enricogalli,26
eoljukko,26
epiphone_(flet06),26
eri_(artist),26
fall_(artist),26
fasces,26
fei_(songyijie),26
fio88,26
fiz_breakfast,26
flam_(81),26
flaurel,26
flick-the-thief,26
fujichika_koume,26
fukuma,26
funkysatou,26
futaori_arisa,26
fuyuno_kamome,26
gagame,26
gan_xing_naobing,26
geeto_gaadian,26
ghost_(ghost528),26
gj,26
glock23,26
go!,26
gopan_(pkghnman),26
gtolin_chang,26
guangchenren,26
guatemala,26
gundam00uc,26
hachimitsuboi,26
hachiya_(15572752),26
hahaha,26
hai,26
haku_b83,26
hanimaru_(h@nimaru),26
hanpen_(hannpenn2),26
hapoa,26
haritama_hiroki,26
harmaline,26
harunatsu_akifumi,26
heather37,26
heki_kiri,26
higata_akatsuki,26
hii_(hii101),26
hikagami_yukiri,26
hime_kake,26
himesuzu,26
hino_kuu,26
hiqu,26
hiraoka_masamune,26
hisame_(gocbu),26
hiyorimi,26
hizuki_(hiduki6121),26
hodoyoi,26
homura_shinji,26
honami_yuu,26
hutago,26
ibanen,26
ibityuttyu,26
ibuki_(clover_club),26
ihsekodwww,26
imdrunkontea,26
imjayu,26
inasa_orange,26
ind-kary,26
inkey,26
inmu_(artist),26
inuno_pesu,26
io_takuya,26
ioko,26
itachi_(3dt),26
iwamoto_sora,26
iyokamioto,26
izumi_(ko8),26
jaack,26
jam_(zamuchi),26
jayce_(shinmai),26
jayjiwoo_park,26
jinri_shijie,26
jionghai,26
jisuart,26
john_marica,26
juu_ho,26
k-bose,26
k_(chissaiossan),26
ka-9,26
kaeru_(ka=l),26
kagayama_hajime,26
kagemaro,26
kagura_tsukune,26
kaiseki,26
kaka_cheung,26
kakizaka_hachishika,26
kalata,26
kamemushi,26
kami_mitsugu_(kamiken),26
kanadetsuki_shion,26
kanichiri,26
kanitama,26
kanoko33,26
karasawa-40,26
karbo,26
kareido_(kaleidoscope),26
karimero_(calimer0),26
kashi_(number),26
kashiwagi_kazuhiro,26
kashuu_(pixiv_66328082),26
katou_ryouichi,26
katou_yuu,26
kawa_yoo,26
kawara,26
kawazuishi,26
kaya_(hydego),26
kaz_(kaz323),26
kazuya0810,26
ke1rou,26
keiji_asakawa,26
kenzaki_raki,26
kero_(tomoki-tiger),26
keropiki,26
keshizumi,26
kettsu,26
kh66gs,26
kia_(tumblr),26
kiel_adair,26
kim_kwang-hyun,26
kimu_(risatoko),26
kimura_mitsuki,26
kinakomochi_(user_vedc2333),26
kinoshita_teitoku,26
kinpun_(fgxdw447),26
kirii,26
kirikabu-yume,26
kiriku_(nakuro),26
kiriya_obu_gn,26
kiryuu_mina,26
kisaragi_hirotaka,26
kisshii_(kic1224),26
kitayama,26
kiyokazu,26
kogane_mushi,26
kokoro_(artist),26
kokorono_arika,26
komugi,26
koougi,26
korin_(ra-sky07),26
koromono,26
kotonari_seesaa,26
koumakan-maid,26
kousaka_jun,26
koyama_sousuke,26
kumax5,26
kumo_suzume,26
kuritomo,26
kuro75268,26
kurogoma_(haruhi3),26
kuronekotarou,26
kuronezumi,26
kurumi_(forte),26
kuuko,26
kuyuri_y,26
kwbr,26
kyarai-417,26
lao_meng,26
legemd,26
letta,26
lhu_(barappra1),26
lilyl0ve,26
limfoman,26
live_for_the_funk,26
lopuii,26
loveariddle,26
luce-in-the-sky,26
luco_san,26
lunalight-dg,26
lupicam,26
lycee,26
m-a-v-e-r-i-c-k,26
m-eiji,26
m19_(artist),26
maa,26
maaranto,26
mabui_(poloon),26
machahiro_(shiitake),26
madaragi,26
maguon,26
majicjiang,26
man_dam,26
manbou_no_suiso,26
mandaman,26
manji_(nanakirio),26
maou(demonlord),26
maria_(yoru_chii),26
marik_(artist),26
maronee_san,26
maruwa_tarou,26
matano_maya,26
matatabi_nia,26
matoi_sakuretsu,26
matsukawa_tetsuya,26
matthew_(yo_matthew),26
maydream,26
megumu,26
mei_(tuboishi),26
melompan,26
memento1113,26
meowq,26
meranie,26
meranoreuka_(pandapaca),26
metallican,26
metk,26
mi-eau,26
mic_(folgore),26
midna01,26
midori_boushi,26
mikabu,26
mikazuki_tenma,26
mikii,26
mila_(yuta27315),26
milk_ko,26
mimic_(artist),26
mimimix,26
min,26
min-mu,26
minasato_hibiki,26
minaseyu_no,26
minato_kazumi,26
minland4099,26
minty0,26
miracle_hoshi,26
misato_miyu,26
mitsuyahachiko,26
miyuki_nknk,26
mizugame,26
mizunosan,26
mobius_(suicideloli),26
mochisuna,26
moco_(moco_8854),26
mokere_shikkan-sha,26
momoco_(momco04),26
morinaga777,26
morisu,26
moromoimaru,26
mosquito_coils,26
mothman1930,26
mots,26
mousariababa,26
mujinbensin,26
mujizi,26
munya_(otikamohe),26
murakata,26
murasaki-sin,26
mushina_suzume,26
mutenka,26
muttan_(ashiru-f),26
muyekikikikikikikiya,26
mwoji,26
nagatsuki_misoka,26
naju_soreiyu,26
nakagami_takashi,26
nanahosiryuuki,26
nanakusa_ayame,26
nanananona,26
nanashi_noiji,26
nancher,26
nandz,26
natorism,26
natsuhime_yuran,26
natsuyon,26
natubudou,26
nayoung_wooh,26
nayuzaki_natsumi,26
nazo_no_murasame_chiaki,26
nda-p_(threelow),26
nekohige,26
nekoichi,26
nekoman_(nukomann),26
nekoyamiyako,26
nekoyashiki,26
nellen,26
nemo_(piisukun),26
nemunemu_(candy_paddle),26
nemurimangetsu,26
neon_(co2co8),26
neri_gozu,26
nipponia_nippon,26
nise_pakuman-san,26
nishiwaki,26
no.aei,26
noboes,26
noel_(pixiv5459099),26
nogi_(sakanashikatabenai),26
nokoyayaya,26
nomiya37564,26
norimaki_(haru_koubou),26
norizou,26
nortuet,26
npon515,26
ntake_toukasaien,26
nugag,26
nukarumi_noren,26
nutuki,26
ojiya_(fueru_gohan),26
okuya,26
omocha-san,26
on,26
oooqqq,26
ooyama_kina,26
opalheart,26
or_i,26
otxoa60,26
otyappa_tyabatyaba,26
ozaki_hiroki,26
p-nekoe,26
pafufu,26
pan_chira,26
pandakokkopanda,26
pearlbbbb,26
pekamatu,26
peroppafu,26
pikakoya,26
pizarrokun,26
pkyu,26
platina77,26
plm233,26
poketto,26
poko_chin,26
ponishi.,26
pori_(poritan81),26
potion_(moudamepo),26
puranaria,26
purinnkawayusu,26
qi_kou,26
qiinamii,26
qiqo,26
quin_(himegata_alice),26
rabbirio,26
raichi_(quatsch),26
rain_(nadroj31),26
rakisuto,26
rascal_(n119),26
rca,26
readman,26
rebanira_kaisan,26
reed,26
ric,26
rikapo,26
rikovui,26
riku_(rikuw223xx),26
rinta_(reyte),26
rio_(e2759),26
rionoil,26
ririco_(gnsn),26
riyuta,26
robusta_mania,26
roko_(artist),26
ryolove,26
ryouko_(lovelovela),26
ryuukeichi_andromeda,26
ryuuzouji_usagi,26
s-day,26
sabamiso,26
sachou,26
saiki_rider,26
saito_(pigrank),26
saitooo,26
sakamoto_shuuji,26
sakuma_shiiya,26
sakura_(pixiv263198),26
sakuraebi_chima,26
same_(carcharodon),26
sanadafelix,26
sankaku_umako,26
sasa-megumi-nation,26
satoko_(papapa_sikakici),26
satou_kivi,26
sawa_(artist),26
sekigan,26
serisawa,26
serori,26
seseringo,26
seya_(asasei_718),26
shamko,26
shangorilla,26
shige,26
shiho_(acoram),26
shiina_you_(tomoshibi),26
shiki_(catbox230123),26
shinohara_kenji,26
shinonome_(game_hakkutsu_tai),26
shinryo_rei,26
shirakawa_mayo,26
shiro_(tiotolv),26
shiro_spider,26
shokuyou_pants,26
shori_bun,26
shouyu_senbei,26
sho~taro,26
skeleion,26
sou_(boxxx82),26
soweldao,26
spookycatzzz,26
srgrafo,26
srx61800,26
st4ngray,26
su_meen,26
suganuma_eiji,26
suika_(swimy0pe0u_u0s),26
sumi_(joker),26
suna_k0nbu,26
surigoma,26
suryua,26
suzuhara_(13yuuno),26
suzuna_(najaran),26
sweetwitch,26
swinery,26
t0day8,26
taguchi_shouichi,26
takahiro_(rikky),26
takamaru,26
takapii,26
takataka,26
take,26
takeno_zhuye,26
takenoko_(flamingo_garden),26
takimiya_kazutaka,26
tako_(all_delete),26
tamafry,26
tamago_toji,26
tanada-bon,26
taro_(artist),26
tayu_(yuntayu),26
te_okure,26
tea_(084630000),26
teatime_(mike),26
tect,26
tehua,26
teikoku_gensui,26
teketeke,26
teko_(tawake),26
tennen_ahoke,26
tetsu_(aurvandil),26
teyoid,26
tienao,26
tinkle2013,26
tk_(butakuma),26
togetsuhou,26
tomone,26
tomozo8674,26
tonebird,26
torii_(kedamatori),26
touboku_(verstand),26
toweling3,26
tshr,26
tsuina,26
tsukune_(budodesu),26
tulaca_(pixiv),26
twai,26
twilightend,26
twinbell,26
uemoto_masato,26
ujiga_waita,26
ukon,26
umeko_81,26
unizo,26
unko_man,26
unsfrau,26
uru-arrow,26
ushimochi,26
usudaidai,26
usui_ryuusan,26
usyuuri,26
uxien,26
uzuki_asa,26
vsi0v,26
w00p,26
wait,26
wan_mame,26
watanuki_kaname,26
watari_shinji,26
wii_hola,26
willow_sage0000,26
wminiminiw,26
wuliao555,26
x1213hide,26
xinghuo,26
xpisigma,26
xxzero,26
ya99ru,26
yaburebouki_akuta,26
yaguchiya,26
yameshoko,26
yang_niangniang,26
yasakana_tooi,26
yatano,26
yaya-9_(ximsol),26
yazawa_kazuki,26
yellow_quokka,26
yeluno_meng,26
yenkoes,26
yilan,26
yok01,26
yokoyama_naoki,26
yooani,26
yoshida_(rodeo),26
yoshida_tooru,26
yoshikanakamura,26
yoshisawa,26
yossui,26
yugure,26
yui_(kawalcjil4),26
yukaris,26
yuki_(yuki3243),26
yukichi_0611,26
yukimiya_chino,26
yuruto,26
yutazo_028,26
yuuyu,26
yxyyxy,26
zakkizaki,26
zaqloxxx,26
zeroyama,26
zhoujialin,26
zinan,26
zkxandy,26
zombiedaisuke,26
zupakyo,26
(tat),25
06erunium,25
12v,25
1356400321niku,25
1705_du,25
369-chan,25
aberu514,25
agent_(ikuoikuo),25
aikata,25
aina_(artist),25
aiovia,25
ajitsuki,25
aka_ruuko,25
akage,25
akaishizawa_takashi,25
akane_(akaneoekaki0928),25
akao_ppai,25
akariko_(akaringo),25
akebane,25
aki_(sangetusei),25
akiya_yukie,25
akizuki_mizuho,25
akoya_(anoko_konoko),25
aliun,25
amamizu_(pixiv),25
ame_(artist),25
ameusute1002,25
amisaki_ryouko,25
anna_(pixiv),25
anna_sakura,25
aoki_kanji,25
apofiss,25
ari,25
aries20770321,25
arihito,25
arril100,25
as_(27273212),25
asano_shiki,25
asanuma,25
asarokuji,25
asazero,25
asukamama89,25
atori12,25
avy417,25
az_(shotatteiiyone),25
azalea4,25
azlililil,25
azu_(azu401),25
azurite-draws,25
baia,25
baitu,25
bel_3001,25
bilibalakonglijiwa,25
bita,25
blackwhite_wind,25
blushyspicy,25
bodhi_wushushenghua,25
bokaa_(exploration),25
bonjiri_(torippo222),25
border_of_season,25
budouya,25
butyou_(mika1412),25
byoru,25
c.z.,25
calder,25
calpara,25
canop_s,25
carv,25
chan_qi_(fireworkhouse),25
chanchan,25
chane_(nap_cat),25
chiki_(artist),25
chikinman,25
chiro_(pez777),25
chiyomi,25
chobo_ume,25
chuukarudoruhu,25
cielozaki,25
cl_(h-sys.),25
cleanerjay,25
cobhc667,25
coco_(r5m),25
coolisushi,25
crossing,25
ctpt9r,25
d-tline,25
d._wang,25
d=code,25
dabi_bill,25
daburoku,25
dande_lion2604,25
daro_(645046276),25
datsuryokugen,25
dekoko,25
den_(zeroshiki),25
denkishowgun,25
dental,25
desuno,25
digamma,25
dikko,25
dima,25
doburoku_(daiginjou),25
dollyly21,25
don_(macaron_panda13),25
dorasu,25
dr_whiger,25
dreamer_tapir,25
duzie_e,25
e_(pixiv4234519),25
eatbara,25
ebi_senbei,25
ebisuke,25
eichi,25
eichi_(0903275),25
eien_no_kurayami,25
eitoman,25
emi_(green_wave),25
emina,25
emu_ichigo,25
en,25
enoch_(enoch0501),25
even_(17245601),25
ex_hien,25
fcp,25
filings_(ailuo_c),25
fina,25
flowerxl,25
flyx2,25
francine_(daijaemon),25
francisco_valle,25
fu_(pixiv),25
fujioka_yatsufusa,25
fujisaki_ryuu,25
fujiwara_yuuzou,25
fuku_(pukuyan),25
fukurokouji,25
funabara_tsuitta_tsunagemashita,25
fuonon,25
furudori_yayoi,25
gensei_ruri,25
get9,25
giba_ryan,25
gimicalmas,25
ginga_no_kou,25
ginko_(silver_fox),25
ginryuu,25
ginsyari,25
gomashio_ponz,25
goton_goton,25
gucce222,25
guhanshounen,25
guoguo,25
hachi_(lgm),25
hachidori_(ippatsuya),25
hakiata,25
hakomaru_(pandora_box),25
hakuduki18,25
hana_soretsu,25
hanosuke,25
hanuu_(kemomiku),25
hao_(udon),25
haruwakame,25
hasugu,25
hasuhasuhasu0127,25
hata_(pixiv4102938),25
heka=ton,25
hh_(hhsis2),25
hidaka_ajiko,25
hidechuu,25
hiiragi_syuu,25
hikariin25,25
hikarinoko,25
himano_(artist),25
hino_tsukasa,25
hinoto,25
hiroharu,25
hiruri,25
homutatu,25
honehone,25
horiishi_horuto,25
horizon_(sushi0126),25
hoshi_ame,25
hoshi_mirin,25
hoshino_darts,25
ichi/mine,25
ichi_(lucky-dog1),25
ichiman_nisen_yen,25
iiioookkkaaa,25
iinuma_chika,25
iiwake,25
ikeron,25
imai_taki,25
imari_yuka,25
inari_(kimitama0902yahoocojp),25
inoe_(noie),25
inoue_mikuni,25
inoue_takuya,25
inuheri,25
invidiata,25
iroai_midodo,25
isaki,25
ishida_kazuma,25
ishikoro,25
ishita_(sunagimomo),25
ite_fuji,25
itokayu,25
itou_yoshiaki,25
iwami_shouko,25
jaguchi_(bbbing),25
james_choo,25
jetihyeon,25
jinlin,25
joeian,25
joint06,25
joujou,25
jugem-t,25
julius_yu,25
jun'you_maru,25
jyuui,25
k1,25
k_(nura-rikuo),25
kadokoa,25
kagamine-ikka,25
kage_no_utage,25
kagehara_hanzou,25
kagezakura,25
kagu_(a_hazy_moon),25
kai_(kai_013),25
kaimu_(pixiv),25
kaki_gohri,25
kamiko_to_seiryoku,25
kanade_(reveryearth),25
kanasuke,25
kaneko_aaru,25
kanna-mika,25
kanten_(kanten328),25
kanzume_shima,25
karaage_bou,25
karameru,25
karasuba_yomi,25
karatou,25
karudoll,25
karukaru,25
karuna,25
kayama_kouji,25
kazami_shirou_(kaizou-zumi),25
kazuma,25
kazumi_yoshiyuki,25
kazuukarazu,25
kd,25
kei_(k_tmr),25
keke_(user_zech7732),25
kelezi,25
kensaint,25
keroko_(keroooon),25
kingin_shishou,25
kirimochi,25
kiritaki,25
kiritomo_koroha,25
kiruzzy,25
kisaragi_itsuka_(aufheben),25
kiyu_(queue),25
kiyukiyutan,25
kj_(k777),25
knaiifu,25
knatb,25
kobayashi_makoto_(illustrator),25
kochi8i,25
kochimo,25
kodatino,25
koffo-art,25
kohori,25
kokutou_(kazuakifca),25
komiya_tomokazu,25
korai,25
koromoya_kai,25
kosui_(artist),25
kotobuki_(medetai),25
kotonemaru,25
kouko_(thorax),25
kouzu_shou,25
koyuki_(rico),25
kozureokami20,25
kubu_kurin,25
kuchibue,25
kudukimii,25
kumakou,25
kumashou_(nabeyama_kaidou),25
kuni_honori,25
kuran_(yourcatissick),25
kureya908,25
kurisu_takumi,25
kuro_minamo,25
kuroton@9610,25
kuta_(maka),25
lasvegas,25
leonis_g,25
limble,25
lin,25
linez,25
lio,25
lolitaii,25
love-moon,25
lovecom,25
lsunl,25
ludaf,25
luisa_rafidi,25
luli,25
lunarpix_(artist),25
luruko61,25
lycra,25
m-rs,25
m_eme,25
maclo,25
maddoze,25
mahiru_(mahiru.log),25
mahoshiki,25
maican_guanjun,25
makkou_4,25
malin_falch,25
manjiro,25
marnie_(marnielovesyou),25
maruhachi,25
mary_felizola,25
masa,25
masaki_kazusa,25
masamune_(eight5050),25
masarou,25
matatabeat,25
matchin,25
matsukawa_(pale_scarlet),25
matunoha,25
mayoineko,25
mayuhiko3310,25
mebu,25
mechazinaida,25
megawatt,25
meisai,25
mezamero,25
migii_(tenra_banshou),25
mii@chiffonx,25
mikan_(mkn_0710),25
mikawaya,25
mikuni_(mikunik),25
mina_(o414),25
minazuki_aqua,25
miomix,25
miritsu,25
misawa_kei,25
mitaka,25
miwa_hitomi,25
miyamoto_takashi,25
miyazaki_hayao,25
mizuhotsuki,25
mizukoshi_mayu,25
mizurapi,25
mizusaki_(tengoku),25
mo-mo-ride,25
mofuaki_(yoshiaki),25
mofumofunya_(myonnyanmukyuu),25
mokichi812,25
mokyu_tasuku,25
momijiko,25
momokari,25
monogo,25
moonku,25
moose_(moosemitchell2),25
mori_shinji,25
morino_mizu,25
motomoto_saji,25
mrs.custard,25
mumei,25
murasaki_tsuki,25
musupon214,25
musyasabu,25
mutyakai,25
mwgi,25
myoujou_you,25
n3moni,25
na_mizuumi,25
nabeo,25
nagano_rira,25
nagare_(flow),25
naginoya,25
naitsupic,25
nakajima_akihiko,25
nakajima_rei,25
nakazawa_kazuto,25
name,25
nametarou_(meron),25
namion,25
namuru,25
nanako_(artist),25
naname_sirosiro,25
nanarinca,25
nanashi_mushi,25
nanasuke,25
nanatsuki_sousuke,25
nanatsume,25
nanjyolno,25
nano_(veek),25
natsui_tuna,25
natsujiru,25
natsuno_(natsunosho),25
neko_kizuna,25
neko_sensha,25
nekokitsune0905,25
nekozneko,25
nenemm,25
neriwasabi,25
neromasin,25
netarou_(shinra),25
newnand,25
ng_sam,25
nic_(kevin),25
niku,25
nineinsweet,25
nire_nanaki,25
nishiko,25
nishinogi,25
no_more,25
noa_p,25
norayinu,25
note_(hikahikamahiru),25
nuira,25
numie,25
nutsiqu,25
nyashiro_(sgylk),25
ocaca_(chocolate-hopper),25
odangoya,25
offtoon12,25
oguraponti,25
okono,25
okumura_daigo,25
omotemuki,25
oniku_(shimofuri-ke),25
onisuu,25
onohana,25
oogatazin,25
osasimiyabai,25
osu5i,25
ovo,25
oxstar,25
oyamada_masaki,25
oyu,25
paaru,25
painfultree,25
papang,25
pararade,25
parimu,25
pecorin,25
pin_karo,25
pino_0_0,25
piranosuke,25
ploki,25
poinikusu,25
polyacryla,25
ponta_(aoi),25
pori,25
porinkii,25
poyoyon_chihiro,25
psi_(583278318),25
publicplanet,25
pullssack,25
pumo_(kapuchiya),25
pumpkin_kingdom,25
putto,25
qb,25
r_star,25
rackety,25
radek_ken,25
radia,25
raion_(soraelf),25
rakuichi,25
ramii,25
ramuta,25
rapuka,25
ratsuomo,25
rduuroorn,25
re_(tori),25
realdragon,25
rebis,25
red-p,25
reema_and,25
rei_hana_(nachis514),25
retumihari,25
rico_(fbn3),25
riichi,25
riko_(maki-y318),25
rin_ateria,25
rinui,25
roco617,25
roki_(shouka65),25
rokuro_(ryvius),25
rousteinire,25
rubin,25
rudoni,25
ruichi,25
rukira,25
runasion,25
ruri_(2620981),25
ruuya_higashino,25
rykysd,25
ryokosan,25
ryusui,25
ryuuri_(aoithigo),25
s-kan,25
saburo,25
sakino_(sanodon),25
sakuhou3390,25
sakuno_ririsu,25
sakurameguri_shirou,25
sakushou,25
samedays-dreamers,25
sanhon,25
sanzui,25
saodake,25
satochi_(1122),25
satoutakahumi,25
satsumai,25
sayaka_(ponkichi),25
scott_bennett,25
seastar,25
seeso2d,25
senn10000,25
seo,25
ser323,25
setins,25
setter_(seven_stars),25
shaito,25
shamo_(ptwmjgda),25
shanhou40015,25
shigatsugata,25
shiimo,25
shimamura_hidekazu,25
shinazo,25
shinigamiwyvern,25
shinsaibashih,25
shiranagi_masa,25
shiroshimu,25
shirua_(s4-42424),25
shishamoji,25
shishigami_(pixiv),25
shitou_(4h),25
shoko-tan,25
shoukimaru,25
showers-u,25
shubesuta,25
shuzoku_fumei,25
si_ming,25
sikutogurei_(kunugi_miyaco),25
siroimo0828,25
sirumeria,25
sisco,25
siva,25
siyusiyu13,25
ska,25
soine,25
solar_torch,25
somnia,25
soojie_roh,25
soraeda,25
sorano_namida,25
soudayu,25
spisanji,25
spotlight_l,25
ssi,25
ssr_ng,25
st+1,25
sugawara_esuko,25
sumachii,25
sumika_(smikas),25
super_normal,25
susisasimi,25
suya2mori2,25
suzuki_(chidori),25
suzukkyu,25
suzushiro_haru,25
taeko_(tao),25
taichi_(yirkorn),25
takagi_kick,25
takahashi_mariko,25
takakura,25
takami,25
takamura_ryou,25
takano_kou,25
takashina_asahi,25
take5321,25
tanpi,25
tapa,25
tari,25
tarouoga,25
tatsuki_kurisu,25
tatsuyoshi_(zawahomura),25
tempyou_kango,25
ten_ryuu_sadaaki,25
tenchou_no_matsumoto,25
tenpester,25
the_hermit,25
three_plates,25
tianlluo,25
tkr_(lovedelic99),25
tmntlovemaou,25
to-ru,25
to6_l,25
tochibi,25
tokiko,25
tokiko_(psychopomp),25
tomliat,25
tonbidou,25
torakun14,25
toraneko555,25
torayamato,25
toujou_shufu,25
tourin_fuwa,25
tozakuro_s,25
trista_(makkoivenus),25
trudy0816,25
tsuchiyama_niu,25
tsuki_usagi,25
tsukiyo_rei,25
tsukuba_masahiro,25
tsushima_sora,25
tsuzaki_tsunomi,25
tunena_mi,25
tv_nattou,25
tyobimiru,25
tyun,25
ubw-emiya,25
udoshiyo,25
ui1031,25
ui97,25
undeedking,25
uneune,25
uni_(rabbit_beat),25
unknown_artist_of_2ch_sakura_kyouko_thread,25
unko_yoshida,25
uohara_shinji,25
uonu_mayuu,25
ura_(mukimeineko),25
urasuji_samurai,25
uro_(uro_zi),25
usagi_(touhopu2),25
usame,25
usamochi_(7290381),25
ushijiya,25
usiusi_nanas,25
uumenn,25
vanna,25
vieny,25
violetcoral,25
volvox,25
vulcan_(ejel2000),25
wachiko,25
wataru_kuri,25
wm_(chawoo1357),25
wolfdawg_art,25
womu,25
worldless,25
wosero,25
xiayu93,25
xingnai,25
yagi_kiki,25
yamagamiamami,25
yamipika,25
yan_wen_zi,25
yarakuru,25
yarareimu,25
yibuzhai,25
yinanhuanle,25
yiyu28636899,25
yn_uo0,25
yohchi,25
yoi_(tokoyoi),25
yoka,25
yoshida_(yoyoyo_043),25
yoshiki1020,25
yoshitomo_(koucha),25
yoshizuna,25
yrzirst,25
yszx,25
ytoy,25
yu_(bkks),25
yufuissei0702,25
yuikawa_kazuno,25
yuirinex,25
yuki_(yuki2061),25
yukigi,25
yukiiri,25
yuko_(taxidermy),25
yun_(artist),25
yunsuku,25
yurix,25
yutif,25
yuu_(1197159),25
yuu_(guruko),25
yuuhi,25
yuuto_(sky_cloister),25
yuzin,25
yuzuki_kisa,25
yyukke,25
yzh_chan,25
zakuro0508,25
zan_amagi,25
zangaku,25
zatsuon,25
zebrablack,25
zehel_az,25
zerokichi,25
zhang_ding,25
zhen_lu,25
zhengda200808,25
ziro,25
zombie_neko,25
zs_zealsummer,25
zuoyou,25
1elda1,24
33kudo,24
4ze_meteor,24
58_(scbaby),24
673_q,24
7/11_(fukuso),24
7468,24
7ban,24
8tkkcsghb1zmqez,24
9tt6,24
a_mituhashi,24
abysswolf,24
admjgdme,24
aelys77,24
aemu_(august_life),24
aiya_kyuu,24
aka-kabuto_no_gema,24
akagi_rio,24
akahlt0,24
akari,24
akatuti,24
akebi_miso,24
akino_takehiko,24
akira_ry0,24
akito_(owata11),24
akuta_michi,24
al_(arupaka),24
alle_page,24
amaneryuusei,24
ami7,24
amidura,24
amiko,24
ana_bi,24
anahoriya,24
animoose,24
anko_(w-anco),24
anyueh,24
ao_madou-shi,24
aoiakamaou,24
aramaki_shinji,24
arcelle,24
ardbf,24
argent-ag,24
arima_kouichi,24
arisie,24
asa1014,24
asa_(y-asa),24
asaba_hiromu,24
asaga_aoi,24
asamiyajy,24
asuka_asuka,24
autobottesla,24
ayaca,24
ayajik,24
ayan,24
ayanashi_kunio,24
azuma_yuuhi,24
bachibachi_(tisen),24
bad_boy,24
bai_kongque,24
bai_xin,24
bandal,24
banysun,24
baryan,24
batako,24
bebe_(ad234_tenrou),24
bencao_gangmu_(19),24
bilge_tsuki,24
blue_(artist),24
bosch,24
botjira,24
bubblemunne,24
bugita,24
byuune,24
campbell_xx,24
cappuccino1,24
carcass_(artist),24
carlos_javier,24
chagara,24
chanko,24
chen_yan,24
cherokee_(pixiv),24
chi-kun_(seedyoulater),24
chi_gura-ya,24
chiki_(botsugo),24
chisuke_1104,24
cilfy,24
cnove,24
coba_(bushclover),24
colmack,24
columns_ke,24
corpse_(pixiv),24
cotoh_tsumi,24
creaholic,24
crombaster,24
curryuku,24
daburu,24
daishou,24
dannis,24
danzero,24
darkcatowo,24
dateko_(da0316teko),24
dbdkitty,24
ddog,24
dead_people,24
death2990,24
dedorudy,24
den,24
deyuaru,24
divine,24
doraimon0312,24
dorara9002,24
doru_riheko,24
dotaku,24
doyou_tengoku_pikaraji,24
dreamscreep,24
dust_(nanafushi_shouten),24
dymao,24
e=mc2_(mosimosi),24
ecens,24
eddy_shinjuku,24
ediblepanda,24
eeteru,24
eikisama113,24
elpinoy,24
elran,24
elsa_(g557744),24
elsevilla,24
elusya,24
emudoru,24
engraulis,24
enji127,24
enola_(ebanataw),24
enperuto_(yarumi),24
epurasu,24
eri,24
ericsakura,24
eroriru,24
erukin_masa,24
ese_shinshi,24
esgkjj,24
f_(zxc0000),24
fairyfloss,24
fang_xue_jun,24
feisekong286,24
fetefeteli,24
fixelcat,24
flip_(diiolive),24
flyinghigh,24
frontierpax,24
fujimori_mikan,24
fujisaka_kuuki,24
fujiwara_ryo,24
fukkatsu_no_sorono,24
fukuso_hilbert_kuukan,24
funkid,24
futakabe,24
futou_ryouko,24
g=hikorou,24
gamma_(geoffrey),24
gassun,24
gekoge_satoru,24
gengoroh,24
geno,24
gimnang,24
ginko_(konekonoshippo),24
ginku_mh,24
gl_ztoh,24
gojuuroku,24
goma_azarasi,24
gomabu_(rirurutennsi),24
grayfox,24
gsong-chan,24
guchurimu_genrishugi,24
guhua67,24
gummymela,24
gun_zi_(i&eyes),24
hachimitsu_(hati718),24
haco,24
hafuri,24
hagihara_riku,24
hakuhou_(ende_der_welt),24
ham_(eikasiahhh),24
hamanna,24
hamericano,24
hanasato_(okashino),24
happamushi,24
happening18,24
harii,24
haruhito1211,24
harukana_(pixiv),24
harumiya_hiro,24
haruno_(macoro),24
harupy,24
hasumi_eran,24
hatsuka-20,24
hayagiri,24
heewon_lee,24
hei_tong_shi,24
hekaton,24
hell_machina_(1009056),24
hellcross_(dkrejd2000),24
heri_(azame),24
hfp～kubiao,24
hida_naria,24
hii101,24
hiji,24
hinamizawa_(hina-sawa),24
hinase_kanoto,24
hiro_(14806390),24
hiro_(srso4_),24
hiru0130,24
hisaba_iori,24
hitori_(edge),24
hiyoko_touna,24
hko,24
hokuna_rin,24
homura_(aristocrat-y),24
honey_bee_(bancoth),24
hoshi_kubi,24
hoshigaki_(kyuukp),24
hoshineko_(kiraneko),24
hottate,24
huashengjiang233,24
hukurou96,24
huu00,24
hyakka_onibi,24
hybrid_(artist),24
hyui_cf2,24
ibis1,24
icarus_(artist),24
ichi_ran,24
icoo,24
igarashi_aguri,24
iguana_henshuu-chou,24
ihara_asta,24
iji_(u_mayday),24
imoda,24
inae_keiji,24
inamitsu_shinji,24
inferno_(nanbu14),24
inga2ooo,24
ini,24
inu,24
ishikawa_yuga,24
isozaki_bebebe,24
itou_eito,24
itsuku,24
iwahara_yuuji,24
iwasawayuki,24
izumi_k_rukawa,24
izusetsu,24
jarckius,24
jgeorgedrawz,24
jieli,24
jinkai_yamizawa,24
jitetsu_otoko_ddn,24
ju_(old505),24
jubigamura,24
julion_(akesuzu),24
jun_(nad-j),24
jyan_borii,24
jyuri_otoko,24
k-ma,24
k_tsukumo,24
kachoo,24
kadowaki_satoshi,24
kagaya,24
kaieda_hiroshi,24
kajishima_masaki,24
kakuu,24
kalanchoe_xxxx,24
kamabokobun,24
kamakiri,24
kamera-ya,24
kamihitoe,24
kamitsuki,24
kamiya_(amamiko),24
kanaa_(apple_tea_z),24
kanidiru,24
kanimayo,24
kannagi6,24
kanosigu,24
kanraku,24
kansou_hada,24
kasakasako,24
kashiwaba_hisano,24
kashiwagi_sumika,24
kasu_(pixiv108801),24
katou_fumitaka,24
kawamura_rukanan,24
kawanuma_uotsuri,24
kawazoe_mariko,24
kayuo,24
kazaguruma,24
kazesayuru,24
kazusa_hiyori,24
kei,24
kelly_0w0,24
kemu_inu,24
kemuma,24
kenno9mp40,24
keun_ju_kim,24
keva_(liltkeva),24
keykey117117,24
kiki7,24
kimmy77,24
kinnkonnsousai,24
kinuko_(fever_chill),24
kirbyheimi,24
kirobaito,24
kirou_(kiruyuu1210),24
kirschma,24
kisaki_yuu,24
kisugae,24
kiyu_(zuyu),24
kizdollark,24
kkaiju,24
knave,24
koa,24
kogashirou,24
koharuko_(khrkhrk),24
kohuseigetsu,24
kojiki,24
kokeshi_ya,24
komaki,24
konachiu,24
konemu,24
konoe_(fogtracks),24
koromu,24
kotaro,24
kotori-nyoni,24
kou89,24
kou_oishi,24
koukaku,24
kouyou_(12953910),24
kstaisa,24
kudo_raichi,24
kuku123,24
kumio-appon,24
kumo_d7,24
kumo_ni_notte,24
kumomiya,24
kuori_chimaki,24
kuri-magu_kuroguro,24
kuromai,24
kuroneko_jiji,24
kuronekokan_monpetit,24
kurorettsu,24
kuru,24
kusani_931,24
kyuuponkuku,24
lamase_(41),24
lan._(pixiv),24
larienne,24
leanbox,24
leizero,24
lintufriikki,24
lkjun_(jg010118),24
lou_lubally,24
lucha_cha,24
lute,24
macaroni_and_cheese,24
maco_(soliddevil),24
magyo,24
mainekoruru,24
majin_(kiidoumajin),24
mak,24
makako_(yume_bouei_shoujo_tai),24
makano_mucchi,24
man_(trance),24
manda_schank,24
mao_(core),24
maple,24
marimuu,24
maro-n,24
masakano_masaka,24
masakikazuyoshi,24
masapeko,24
masashi_(excellent),24
matamataro,24
matarou,24
matatabi_dango,24
mathuri,24
matsumoto_leiji,24
matsushima_kei,24
maxilax,24
maya_sawamura_anderson,24
mayapazoo,24
mayu,24
medori,24
meisenraku,24
meitou_muku,24
meji,24
melciort,24
melt_(artist),24
merami,24
mero-n_usagisan,24
merusuke,24
meu,24
mia_ru1228,24
miamuly,24
michael_casteel,24
midi_hazapero,24
mihaya_(a-ta-i),24
miito_shido,24
mike_(mikenekotei),24
mikomikko,24
mimo_(amimo0805),24
minami628,24
minamo_iruka,24
minase_yuu,24
minazuki_kurisu,24
mineko,24
mini39mame,24
minton,24
misa_(mikarin),24
misoiri_(gokutsubushi),24
mitsuharu_nene,24
mitsukii,24
mitsurou,24
miyako3344,24
miyama_waka,24
miz-capes,24
mizuki_apple,24
mizumiyako,24
mizumoto_nazuna,24
mizusawa_hikaru,24
mizutani_tooru,24
mo-mo,24
mochi_mocchi,24
mochizuki_usagi,24
moka._tapioka,24
momosaki_hiromu,24
mon,24
monaco0704,24
moneko1107,24
monsterx,24
mooopl,24
mootor,24
moov_(mb_52),24
moriichi,24
morishima_akiko,24
moriya_ako,24
motorii,24
moyashi_(narukami),24
mr0x0,24
mtr,24
muramitsu_(d3jgv),24
museum2088,24
mutsuki_shougatsu,24
mutsumi,24
mzyk,24
mzz,24
n0ma,24
n_u,24
nabezuru,24
nadashima_gy,24
nae-nae,24
naga1047,24
naka-san,24
naka_(sm6130),24
naka_marimo,24
nakanaori31,24
nakasima-syouta,24
nakatani_yukiko,24
namatyaba,24
nanami_ayane,24
nanatsu_maka,24
nanaumi_natsuki,24
nanigashi_yakko,24
nankai,24
nanokak,24
naraba_yueni,24
naru-1,24
narumi_midori,24
natsu_(759aqsw),24
natsume_asato,24
natsume_riu,24
nauchi,24
neko_ame,24
nekoma_tagi,24
nekotsuki,24
nemutagari,24
neosight,24
nicholas_f,24
nidy,24
niidan,24
nikawa_99-do,24
niko_(2ars),24
nikuman_(samara),24
ninozen,24
niou_kaoru,24
nishimura_hiroyuki,24
nisiki_0,24
niwatori_(shimatori042),24
no.734,24
nobuyo_ninomiya,24
nora_(kukumaka23),24
norabako8,24
noria,24
norimaki_(nrmk_norinori),24
norino_(106592473),24
note2000,24
nouzui,24
nukomiya,24
numahana,24
nuruhachi_(honki),24
nuurise2023,24
nyarko,24
o5o3,24
oden_(th-inaba),24
okutani_toro,24
omgamilla,24
omiya599,24
oono_tutomu,24
ootori_masatsuna,24
orange_ize,24
orimoto_asami,24
otakuman,24
owju_(ouju),24
oyatsu,24
ozone_(delta_minus_1),24
p_book,24
pachio,24
painapo,24
park_sung_woo,24
peacock_(p-location),24
peagunz,24
peeta,24
penelope_and_me,24
penguinbu,24
pennel,24
pilolimaru,24
pinfan,24
pinkish,24
pirate_cashoo,24
pontata,24
ponzu_(beetle_burner),24
poo_(artist),24
porupu,24
potesara,24
potion_lilac(popopotionu),24
prophet_heart,24
raiko,24
raino,24
raizou,24
raji_(aranmax),24
rano8,24
rao_ruki,24
rathke,24
rayxray,24
rebaa,24
rein00,24
reitomo,24
reki_(dezuko),24
reki_(lichk),24
reki_(tiny_fin),24
rekishitai_hoonoji,24
remirii,24
renoa_yu,24
revanche,24
riccovich,24
riffey,24
riinu_(pixiv50783),24
rikko_(jellyberry),24
riku_(ukir125),24
rinderon0722,24
ripton_sabo,24
rokuji,24
rollingcalling,24
roxiee-chan,24
rozea_(graphmelt),24
ruo,24
rupika,24
ruuen_rouga,24
ryannari,24
rye-beer,24
rynisyou,24
ryo_(ryoxkj),24
ryouya,24
ryucchi,24
sabinaok,24
sacanahen,24
sae_(artist),24
sage_joh,24
saika_(saika_nyan),24
saitoukuniko-3,24
saku_(amespi),24
sakula,24
sakumi,24
sakura_kawa_yuu,24
sakura_mafumi,24
salada,24
samanta,24
san_(winteroll),24
sanaa,24
sanae_(jomill04),24
sankusa,24
sano_takao,24
sanshirou,24
santou_suihei,24
sasagawa_kureo,24
sasaki_toshiyuki,24
sawa_(snack_yoshie),24
sawade,24
sawwei005,24
saya_(chocolate_capsule),24
sayakajou,24
sazanami_tarou,24
scp,24
seal_(seal1102),24
seitarou,24
shanpao,24
sheeg,24
shie_(m417),24
shigumo_(shigeru),24
shika_tsui,24
shimaneko,24
shin'ichi_(yokosuka220),24
shinba_yagi,24
shindo,24
shinkai_kiiro,24
shino_(pharmacy),24
shino_(sosuketo),24
shinobu_(kobanatu),24
shinohara_takashi,24
shinoko,24
shiotan,24
shirohanamame_taichou,24
shirousagi_una,24
shishigomi,24
shiu_kazuki,24
shizuki_sayaka,24
shoudoku_taishi_(taishi),24
shoukichi_(shony),24
shuizao_(little_child),24
shuu_(shu-nm),24
shuuji_(shumi),24
sieyarelow,24
sinzen,24
sirousagi0414,24
skelefuku,24
skink,24
skllp,24
snail8,24
so-on,24
soritari,24
souko_souji,24
souya,24
soxy,24
sputnik_(artist),24
ssuregigame,24
starrjoy,24
stoner08,24
sugina_fujitaka,24
sui,24
suika_soda,24
suminohirune,24
sumisi,24
sunaya,24
suo_niao,24
superphotrone,24
suusuke,24
suzuki_yui,24
suzunashi_susumu,24
suzunonaruki,24
suzushiro_(szsr),24
sys.ao,24
tachiki_(naruki),24
tahoo,24
taichi17,24
taikodon,24
taka-shiro,24
takagi_takumi,24
takanashi_hinami,24
tama_(tamakaka1031),24
tama_home,24
tamae_(jungetsu_fukou),24
tamago_kago,24
tamako_(ei_niku),24
tamaxi123,24
tanaka_deshirittoru,24
tatsuhiko,24
tatsuno,24
tayu_(canary-san),24
tdsuke,24
tedamarutarou,24
ten'yoku,24
ten_(ch),24
tennenmoe,24
terun,24
tetsu10ru,24
tetsuko_(pixiv),24
tiihatanono,24
timesoe,24
ting_come,24
tk,24
todoroki,24
tokito_yu,24
tomonao,24
tonbo_(tonbo63194),24
tooka_4120,24
tora_kaede,24
torashiro_eiji,24
tori_(torashimaneko),24
torn_flipper,24
toshi5765,24
touko_(tokotoko),24
touyama_maki,24
tsubakiyama_parry,24
tsukeo,24
tsukimura,24
tsunamino,24
two-cat-walk,24
u_qrou,24
udgg093577,24
uduki_fuji,24
uehara_doh,24
uiru,24
uiyuzu_(uichoco),24
ume2888,24
umikochannart,24
umino_mo_kuzu,24
umitsubame,24
urasato,24
usagineko,24
uto_uto,24
uzura_(moimoi),24
wakahiko,24
wakamizu,24
wakuraba,24
wallfloristry,24
wanao,24
wassmint,24
watanabe_kenji,24
watawata_(wtaawata),24
waya,24
winkr,24
winter_(winter168883),24
witchonly,24
won,24
woofycakes,24
wooga,24
xla009,24
xtermination,24
xxinainaxx,24
yamadaenako,24
yamaneko514,24
yamone,24
yasuhito_(yasu_no_e),24
yata,24
yayin_(yayin233),24
yazuki_gennojou,24
yddsb123,24
yingji_(zszero),24
yoineko,24
yoshifuto,24
youl,24
yu_kitsune,24
yugimarumaru,24
yuki_(fuguneko),24
yuki_mashiro,24
yuki_mizore,24
yukichi_(artist),24
yukimochi_(yume),24
yukishiro_mafuyu,24
yukky_snow,24
yunoji_(makuswel),24
yusuke_oshida,24
yuuhi_mika,24
yuumeibokumeimei,24
yuxx_yux,24
yuzuki_n_dash,24
yxxrem,24
zeke_(analogmon),24
zeno,24
zhandou_greymon,24
zou_azarashi,24
0-toki,23
029pom,23
05deruta,23
2mota,23
3104_(3104milkshake),23
3speed,23
504723f,23
510ksk,23
a-10_(artist),23
a-tsuki,23
a.ringo,23
a9_(repainter),23
a_k_i,23
aako,23
abitu,23
aguruma_(yukisita03),23
ahri_(will),23
ai_tkkm,23
aimu,23
airo,23
aji_(coastal_area),23
akamizuki_(akmzk),23
akasaka_shop,23
akasuna_no_hedoro,23
aki_(o2x_x2o),23
akidenmania,23
akimegu_m,23
akitani_kou,23
aksman,23
al,23
aldiana,23
amamiya_yuumu,23
amane_satsuki,23
amau_(artist),23
amazakura,23
ame-kan,23
amepati,23
anchorage_akiko,23
angerykacchan,23
anotoki_ashi,23
ao,23
aoba_yukichi,23
aoha_(aohasora),23
aono_(cmns),23
aosuna,23
aozora_(syun8823),23
applemac,23
aratant,23
arekishi_raiho,23
ariamisu,23
ariko,23
arion_canvas,23
arisu_shiria,23
arkuny,23
aruke0,23
aruse_yuushi,23
asahi_haru,23
ashuku,23
athenacg,23
auge_(akd),23
avicy,23
aw,23
axis04,23
ayasekira,23
ayumiso,23
az_(kroneko007),23
azuri909,23
bai_banca,23
bamboo_nima,23
bangeningmeng,23
bart._d,23
bbc-chan,23
bbhdrrr,23
biifun,23
biliken,23
bisco_(letitbleed),23
blackcatlandr,23
blsuh,23
borubomu,23
borupikka,23
bourbone,23
bridget00747,23
bura,23
buraku_black,23
butter_sugoi,23
byneet,23
c_kihara,23
cacao_devil,23
caio_santos,23
cao-cao,23
cappccino,23
captainosaka,23
chacall,23
chaoxi,23
charatei,23
che_(cyan_crown),23
chikage36,23
chiko,23
chikotamu,23
chino_kawashiku,23
choco_holic,23
chomahu,23
chun_(ya_i_memories),23
ciero,23
clear_cross,23
cointreau,23
comiccho,23
comra,23
comrade_stalin,23
conoha,23
cosmos_mrst,23
cp_.ieng,23
creamyya,23
cubetype,23
cutefreak,23
cyoppu,23
daigorou,23
dairoku_tenma,23
danryoku_(ucrh3525),23
danshaku,23
daru,23
ddhew,23
debiru_takako,23
dedeyong,23
defiaz_(infinity),23
dekatanaba,23
demupausagi,23
dennou_usagi,23
devy,23
deyamiro,23
ditienan_ddn,23
dj-yu,23
dnlin,23
doraxi,23
dorocoko,23
dr._daji,23
dukehare,23
ebo,23
eika_(artist),23
eki_doki,23
eko999,23
emoncake.,23
enda_chisya,23
endo_yohane,23
ennishi,23
ereraero,23
ero-god,23
error501,23
eruri,23
esha,23
eshi_(solokov),23
eunnieverse,23
eve_(kenzen),23
ezroseven,23
f_kz,23
fei_miao,23
felufelu,23
fk,23
fking_yuk,23
fondolger,23
fu-ka,23
fu-mi.a,23
fudama,23
fujita_kaori,23
fukaseayaka,23
fumatake,23
fumo,23
fumotewi,23
funkgamut,23
furumachi_(_trisannkaku),23
fushicho,23
fushisha_o,23
fusuke208,23
fusuma_(not_found),23
futari_no_ana,23
galois,23
garyou,23
garyuu_ryuuga,23
gashima411,23
gecco,23
geko,23
genb,23
genjin,23
geso_(nekomachi),23
gettydaze,23
gigatan_d,23
gin_946,23
gintama_10102,23
girlsay,23
glycan,23
gokunobaka,23
gothikangelica,23
gotounoriji,23
gpnet,23
grain,23
grim-evilnov,23
guntank_(artist),23
guri1105,23
gy_(l964625780),23
h-y-d,23
h_(158cm),23
hachi_(aimu),23
hachikei,23
haerge,23
haiero,23
hakoda_eko,23
hal_(ojou),23
hal_(pixiv53536),23
hallo-byby,23
hamaguri_(nirak1203),23
hamondo,23
hanada_yanochi,23
hanae_shuuhei,23
hanamo_daiou,23
haori_(ki-na-ri),23
haraguroi_you,23
harahachibu_ajinosuke,23
harapekopikachu,23
haru_hikoya,23
haru_no_hito,23
haruhina,23
haruno_tomoya,23
harymachinegun,23
hato_(grazie_a_domani_7),23
hatomame,23
hatsuru_826,23
hazuki_ruka,23
heartsix,23
hebinuma,23
hei_huo_chong,23
heika_(artist),23
heinicke,23
hentai_(1985),23
hibiki_(pixiv231666),23
hieda_(hiedanoaqn),23
hieda_yawe,23
hiiragi_natsume,23
hiiroichi,23
hikari123456,23
hikoc,23
himegami_shino,23
himo_(himodayoo),23
hinako_(turip-turop),23
hinakurukuru,23
hinoki_(91011),23
hirasawa_meio,23
hishimatope,23
hisui_suzuhana,23
hitohira_(shiroringo48),23
hitotsubashi_inari,23
hitsuki_miyu,23
hogehoge0710,23
homarerererere,23
honcha,23
honda_yuita,23
honenashi_chicken,23
honey-cat,23
hongchajun,23
horoda_(user_wfaw4827),23
hoshikuzushi,23
houraku,23
housui_(g3hopes),23
hozumiare,23
hs-totyu,23
huang_xie,23
hyde_(hai-do),23
hzrn_(ymj924),23
i0525,23
icetiina,23
ichifuji_nitaka_(phase_nine),23
ichigawa_(lethe),23
ichigobatake_minamo,23
ichika012,23
ichinose_natsuki,23
ico_(artist),23
iguchi_(strawmat),23
ikhwan_maulana,23
imanatsu,23
inaba_taiju,23
inanosuke,23
inose_riku,23
intirami,23
ippachi,23
ippus,23
iridori,23
iseki_shuuichi,23
isemagu,23
ishii_kumi,23
itak69,23
itkz_(pixiv),23
iwaoka_(sikabanenomiti_park),23
jadf,23
jappo,23
jennifer_yamada,23
ji_dan,23
jiete,23
jiji_(kbj0225),23
jksh5056,23
john_(nakoto),23
josef_axner,23
josei_nyoshou,23
judge_martin,23
juju_net,23
juujiro_eru,23
juuno_(nekoda),23
juusensha_koubou,23
kabi_(kb),23
kaede_shiroppu,23
kaiju_samurai,23
kakokou,23
kamekoya_saito,23
kamishiro_mai_(artist),23
kamosikayasyamoji,23
kamu_(camui),23
kanataww,23
kannatuki_getto,23
kaoru_(h8qm9),23
karinoid,23
karipaku,23
karucho,23
kashiwaba_en,23
katieekarix,23
katomanx(kato),23
katou_setsuko,23
katouken_(ktn-works),23
katsura_yukimaru,23
kawai_kei_(artist),23
kawasaki_tadataka,23
kay,23
kazemachi_kei,23
kazra,23
kazue1000,23
kazuhiro_(tiramisu),23
kedama_(artist),23
keito_(kazamatuli),23
kemeko,23
kendo_(artist),23
kent0320,23
keshitsubu,23
kesuida,23
ki_(mxxxx),23
kiasa,23
kienan_lafferty,23
kijouyu,23
kikuta_kouichi,23
kikyou32,23
kimagureneko,23
kimikimi,23
kimura_(pixiv178485),23
kinatsu_ship,23
kiri_(pyonta),23
kirisaki_(miku-azu-2525),23
kisaragi,23
kishi_kaisei,23
kishida_nica,23
kitsune_neko_(koneko),23
kobayuu,23
koedo,23
kogitetuosero,23
kogking,23
koiwai_ringo,23
koji_miruku,23
kojima_kiichi,23
kokonogi_kisara,23
koma_(remi_398),23
komkomx,23
kondou_ryunosuke,23
kongari_(kngr),23
konishiki_(52siki),23
konnyakutarooou,23
konoma,23
kotone_ranmaru,23
kotori_inaka,23
kottie,23
koyahara,23
kozzy.ta,23
kudou_(90n),23
kukuri_(ahagon),23
kumino_(soup),23
kumosuke,23
kurasesu,23
kurioneko,23
kuro_(artist),23
kuroaki,23
kurone,23
kurou,23
kurousou,23
kurusu_piyo,23
kusumori_shiba,23
kyachi,23
kyon_(kyouhei-takebayashi),23
kyou-chan,23
kyoukya_(kyouya02),23
kyura9een,23
kyuubiness,23
lamchun_(2006),23
leo-time,23
lepus,23
lieutenant_dan,23
lina_(interlude),23
look,23
lotz,23
louie_zong,23
lu_ying,23
luoye,23
lydia_(thesoundoffreedom),23
m09_mirage090,23
ma_e_zo,23
machi-z,23
madsensei,23
mage_(harumagedon),23
mago_no_te,23
magryo763,23
mamecchi,23
mameguri,23
manami_(artist),23
manbou_(manvow),23
manyu,23
maru_(092102040413),23
maru_(314),23
marushi,23
maruyaa_(malya1006),23
masa-koba,23
masakazu_katsura,23
masshigura,23
masurao_bc,23
matsuda_suzuri,23
matsurika,23
matsyumaro,23
mayday,23
mebuti,23
megatama,23
mei1225,23
meltdown0802,23
metto,23
mhr,23
miao_jiangyou,23
mibu_(1064493753),23
michi,23
michi_l_(streetlamp),23
michitarou,23
midori_fuu,23
midori_rin,23
miisu_(minirose),23
mikage000,23
mikaze_takashi,23
mikuri_yoru,23
mikusu,23
mimoza,23
minase_kuuru,23
minetani,23
minoinomi,23
minoo,23
minori_(m-noir),23
minorikoike,23
mintchoco_(deviantart),23
miruru_souya,23
misopanne,23
misyagu,23
miya,23
miyoshi,23
mizu_(47ssn),23
mizu_kane,23
mizuno_kakeru,23
mizuoka,23
mnk,23
mo-mantai,23
moebius,23
moemi_tobi,23
moffunnyo,23
mogumogu,23
mojya,23
mokana_natsumi,23
moko_(alice),23
mokorobi,23
momo_(gomenne),23
momoman_(pink_voltage),23
momonkii,23
moonlight_(base),23
morimoto_hirofumi,23
morning6am,23
motimoti,23
motsu_(kk_3),23
motune,23
mou-s,23
moukinui,23
mousou_youjo,23
mozuku_(iiiiiiimomo),23
mr._ebidou,23
mr_very,23
mujakuma,23
mumin,23
mumu,23
munyunyu,23
murakami_mame,23
murasaki_natsu,23
murasawa_hiroshi,23
musicalcombusken,23
muumin,23
mxj,23
myo-gateien,23
nagisa_(12363),23
nagitaro,23
nagumo_(qmzp10),23
nakaishow,23
nama_(namaiki),23
nami_z,23
nanae_akio,23
nanamiso,23
nankaichimu,23
naotaka,23
natsu_(360c),23
natsuki_iori,23
nattsume_(pantsuhead),23
nd,23
nekito,23
neko_nami83,23
nekomicha,23
nekonoyuto,23
nekotawa,23
nemou,23
neo1031,23
nerd,23
nezumipl,23
nfr,23
ng_(chaoschyan),23
ngirln4,23
ni1ten_xx00,23
nijuuni,23
niki_(aroma_terrace),23
nino,23
nipuni,23
nira_(niratoro),23
niseoto,23
nishina,23
nishina_(alive001),23
nishisan_(mikurosu),23
niu_tata,23
nizuma,23
nocake,23
nohko,23
noki_(potekoro),23
nokita_(pinmisil),23
noko351,23
nontan,23
noq,23
nor_(reader13),23
noronosuke,23
noyuki1204,23
nozimami,23
nt_(gun-ash),23
nurie_(siniariot),23
nurumayuonsen,23
nyako_(hitsuzineko3),23
o.k.corral,23
o_daizen,23
o_den,23
occacia,23
oimanji,23
oisyox72,23
okitsune_(ankakecya-han),23
omochi_(433purupuru),23
omul,23
only_norisu,23
onoguru,23
onsem,23
ootaka_narumi,23
oprince,23
oriko_(nicolai),23
osa_(artist),23
oshaka_(haguki),23
osobachan,23
otsuo,23
oubou,23
owlz,23
p-line,23
panbukin,23
parmiria,23
patrick_fche,23
paya_(aejx2345),23
peku029,23
pen_(artist),23
phase,23
pianzu_mao,23
piaroo,23
pito,23
piyo_(p_i_y_o),23
plum_(redlittleplum1),23
pn_pixi,23
pochi,23
pochita,23
poharo,23
poke_nk,23
polskash,23
poppo,23
potepote,23
prinz_luzifer,23
puchipu,23
purinpu,23
qoo_(770611),23
r-ko_(rayla),23
radittz,23
rae_ariadne,23
rai_(3stone),23
raivarune,23
rakisuto1,23
ranh,23
ranmaruuuu00,23
ratenbo,23
reengirl,23
reiami,23
reichi,23
reido1177,23
reise,23
renaoka,23
rep120105,23
resu_desu,23
riki_(elseeker),23
ringorenji,23
riyan,23
robert_knight,23
robingi,23
robisonjr,23
rocb,23
rokutelie,23
rom,23
rooomi,23
rorinko,23
rorobomb,23
rotasu,23
rozarita,23
rpg-exen,23
rsk,23
rubellent,23
ryou_(pixiv779953),23
ryouga_(fm59),23
ryukz,23
s.o_chin,23
sabaku_no_tanuki,23
saboterian,23
sagami,23
sahara_(charlotte),23
saikoro_(et1312),23
sajipen,23
sakaki_chihiro,23
sakamoto_masaru,23
sakazu_mekasuke,23
sakichi6891,23
sakimichan,23
sakito_(mg_1016),23
saku_(saku_3193),23
sakuna,23
sakura_akami,23
sakuraba_(kirsche_x),23
sakutiki,23
sam_delatore,23
same_(g_shark),23
sana_(memechi),23
sanasanayukikuni,23
sanbi,23
sangekimaru,23
sango_(artist),23
saratoga_(scharn),23
sasaki_mitsuru,23
satoyuki,23
saviala,23
saw_(artist),23
sayamai_miyabi,23
scroll_lock_(scrool5),23
sd-sos,23
seeen,23
seirei911,23
seraphim_throne,23
seraphina,23
serori_(koredemoka),23
seta_(monyun),23
shadow2810,23
shiba_tomori,23
shimuni,23
shinri_ibitsu,23
shinyae,23
shiogochi,23
shion_souta,23
shirayuki,23
shiromochi_sakura,23
shizuko_(chipccchip),23
shousuke_(skirge),23
shuninshunin,23
shunkaku,23
shurakrgt,23
shuu@maihikuboshuchu,23
si-ma,23
sibin,23
sima_nozomu,23
simonadventure,23
sisido_(black_candy),23
skylark_12,23
socha_(pixiv99744),23
soggates-nyan_(amurka-chan),23
soratanhaahaa,23
souji_touban,23
spookie,23
ssorasora,23
stereotype-orange,23
sterndorf,23
stflash,23
suerte,23
suetsuki,23
sugito_akira,23
sumeragi_(sume),23
sumi_(tkzk525),23
sumikaze_midi,23
suzaku_(artist),23
syumashi,23
t0petar0,23
ta_eiko,23
tachikawa,23
tagane,23
takachina,23
takase_hiro,23
takatsuki_nao,23
takenaka_hideo,23
tama_(nezumi),23
tamaki_(artist),23
tameiki,23
tamo_space,23
tamu-v,23
tarutaru_(ryousuke),23
tashiromotoi,23
tashite,23
tatsukichi,23
tawapo,23
teecee_zhang,23
tehryu,23
teiruzukingudamu,23
teliga,23
tengoku,23
tere,23
terumin_(yuganda_sebone),23
teruo,23
tes,23
tetsuyo,23
teuyu,23
themaestronoob,23
tktn,23
tmk,23
toki,23
tokikane_mikan,23
tokiwa_osamu,23
tomida_tomomi,23
tomomi_(mltplus),23
tomoyuki_hino,23
ton_(artist),23
tonakai_(bunsuka),23
tonbery,23
tondabayashi_koori,23
toni_(artist),23
tooo,23
torimahera,23
torino_rito,23
toriumi_harumi,23
tosi,23
tozaki_makoto,23
tren,23
tsuchu,23
tsuduri,23
tsuruta_kenji,23
tsushima_shigure,23
ttakuann,23
ttk211,23
ttknok,23
tyasuzu,23
tyrant_sugawara,23
u-ka_(pixiv5407),23
ude,23
ukamaru,23
ukka_(0ukka_),23
uo_(xcapriccioso),23
urara_(urara-nya),23
urara_31_e,23
urasawa_naoki,23
urushizawa_takayuki,23
usada_yuh,23
usagigenki,23
usakotsukimori,23
usami_(50-point_caliper),23
uta_(xuyansong1996),23
utanone_shion,23
uyuu_(hirameki),23
uzubilla,23
uzuki,23
variangel,23
venus_eleven_vivid!,23
viibean,23
vinegar,23
virus_(pixiv),23
volcano_(liao),23
w0ru,23
wakakohime_moe,23
wakame,23
wanco,23
wand3754,23
wander_(artist),23
waruwarutsu,23
wasabi_(payan),23
wikumi,23
wittyz,23
woofey,23
x2,23
xiafuizui,23
xingchee,23
yagi_norihiro,23
yaharinaneanisu,23
yaibaken,23
yaichino,23
yakisake,23
yakitori-oni,23
yakitori_tanaka,23
yamakawatani,23
yamami-hosyo,23
yami11,23
yamine_kuro,23
yammy_(cellblo),23
yamoto,23
yangmao_huahua_de_sui_sui,23
yasei_akazome,23
yasumo_(artist),23
yasuyuki_syuri,23
yezhi_(48693232),23
yi_dianxia,23
yohi,23
yooroongoo,23
yorozuya_(yoroz_ryobi),23
yoshidanoe,23
yosu_(surume-ika),23
youneko,23
yudou2sake,23
yue_natsuki,23
yuhiko,23
yuitadesuyo_(pixiv),23
yukinosetsu,23
yukitsuki_kokoro,23
yukot,23
yumeko_(artist),23
yumeno_yume,23
yun-chan,23
yunaminato,23
yuuki,23
yuuki_yuu,23
yuunagi,23
yzy,23
z_shichao,23
zagashira,23
zassou_(ukjpn),23
zerotted,23
zum,23
zuo_wei_er,23
zz,23
(-_-)_(b1u49i5nsk),22
05_(passelclow),22
10t,22
132_(bb32768),22
14mango,22
310_(satopoppo),22
38ban,22
403_(artist),22
490,22
60_(klioo1),22
666haorare666,22
a_mane,22
adam_bryce_thomas,22
adosan,22
agatsumaattsu,22
aimaay,22
aimio_nagi,22
aina,22
ainili,22
airmisuzu,22
aisawa_natsu,22
aisora,22
aizawa_hiroshi,22
aka_muffler_yamato,22
akadou,22
akamidoriao_(rgb),22
akanasu,22
akashingo_(rotampel),22
akazu_bon,22
akina_t,22
akiyama_tama,22
alex_negrea,22
amakaze_sora,22
amano_jack_(paradise_jack),22
amiko_(frostedchocolate),22
andante78,22
aneunyeoja,22
angelique,22
angnomsy,22
ankoku_tiger,22
anti-earth_bomb,22
aoba_senkiri,22
aohane_riko,22
ar,22
arcadia090,22
arctic,22
areazero,22
ari_suzushi,22
arima_kinen,22
ariori_haberi,22
arioto,22
artemisumi,22
aruciii,22
asagi657,22
asakura,22
ashida_yuri,22
astn,22
ateru,22
awa_(rosemarygarden),22
awastegrass,22
ayase,22
ayase_non,22
babibu_baby,22
bacchus_lpiii,22
backcutter,22
baimon,22
bakanoise,22
baragon,22
bariko,22
bbdbg03,22
beiyu,22
betanya,22
bisuko_(bisco_mm),22
bitte,22
black_n_12,22
blackjd83,22
blackspade,22
blacky,22
bonnie_(rsg),22
bookmarkahead,22
brother_tomita,22
bunnyclvb,22
bunsuke,22
burunuu_(bullnukko),22
butter_squid,22
c52278,22
caesar8149,22
calder_(pixiv3698273),22
cathy_inaba,22
cccgs5,22
chaos1402,22
chaoz_lounge,22
cheungchz,22
chewycandy,22
chi_(cmon_57),22
chiaki_tarou,22
chida_daisuke,22
chigu,22
chiharudaaaaaaa,22
chikokuma,22
chimoon,22
chirarizushi,22
chitose_shuusui,22
chiyo_(min0yoko),22
chuong,22
citri,22
coach_(artist),22
cocoa_fuumi,22
cocoda,22
cocona_(coconacafe),22
codename47,22
color_(artist),22
coma_(fginiy),22
compacthuman,22
cyclone,22
cz474,22
d-maker,22
d-so,22
da-mii,22
dama_(sindygao),22
dandou,22
daniel_oduber,22
dansearl,22
daytime,22
de_ra_u_e_a,22
deadspike_nine,22
defense_zero,22
deilan12,22
dekapoi,22
demon_(02030108),22
denis053,22
deyezi,22
dk,22
dogdogbhh,22
dokuro,22
dondobi,22
downagi,22
dr._omonemushi,22
ebicha,22
ebimayo,22
echigo_mitsutaka,22
ecriture,22
edexigerero,22
edogawa_roman,22
egyuuu,22
el_(mushboom),22
emiya_negi,22
emmxd325,22
emu_(artist),22
enbanzyou,22
enki_(dragonfire),22
erinngi,22
eris,22
etto_eat,22
fatlulu_(1008),22
feixuxu,22
flare_(artist),22
fooltown,22
fox_(770205490),22
freckle,22
frontier_town,22
frown_(wonderland85711),22
fuenyuan,22
fuji_shinobu,22
fujimura_kyuu,22
fujishiro_takeshi,22
funako_(newggo),22
futonchan,22
fuzuki_yoshihiro,22
gaitoou,22
gangure_(disemboweled),22
gankyuumikan,22
ganpiro,22
garou-zuki,22
genek,22
genpai39,22
ginshima_jill,22
god@man,22
gogyoo_hiroshi,22
gorou_(pixiv3249935),22
gotou_jin,22
gotthi,22
goz-zz,22
green_yossy,22
guranyto,22
guroto,22
hachimikks_(artist),22
haebara_zanka,22
haikuro,22
hakumare,22
halo_(artist),22
hamutarou,22
hanaki_misa,22
hanbaobaobaozhu,22
haru_(pixiv276337),22
haruichi_(haru123),22
harumachi_nagaaki,22
haruno,22
harunoichi,22
haruta_(h-oh),22
hatomugi_(mamotan),22
hauza0324,22
hayabusa_aoi,22
hayasaka_(neoneet),22
hazuki_jun,22
heika_(heikahp),22
heki0529,22
hekino_hayate,22
helvetica_std,22
henry1025,22
hetalia38,22
hetiru,22
hidaka_toworu,22
hideyuki_i,22
hikaru_(mikan0407),22
himajin_(fd_jin),22
hinaco,22
hinay_2,22
hinnu@ao,22
hinohino,22
hinya_(wabi),22
hiro_(minorstar),22
hiroko_(keshika),22
hisui_(paingumi),22
hitaki_azami,22
hitapita,22
hiwari,22
hm,22
hogi,22
honjou_masato,22
horei_tsuna,22
hosi-tubu-yaki,22
hosiiro,22
hottan!,22
hotto_kan,22
houkagi_yuu,22
houroku,22
hp_nokoketaetouyona,22
human_experiment_(wwinterdotcom),22
husky_(artist),22
hutaba_miyagi,22
hypnof0xx,22
i_(deichi),22
ichinose_yuu,22
idola,22
ieka,22
ihara_natsume,22
ikara,22
ike_ko,22
ikeuchi,22
ikimaru,22
ikuryomaga,22
inaka_gyomin,22
inogashi,22
inoue_tomii,22
inuhiko_(istdog),22
inuzumi,22
ioshiruko,22
ippaiotabe_mkw,22
iria59,22
irie,22
irie_(masaki),22
ironblood,22
isa-415810,22
ishizaki_miwako,22
isogai_yuuji,22
isono_skyk,22
itsuka,22
ivy1993,22
iwakura_kazunori,22
iyoda_mato,22
izei1337,22
izra,22
j.h_j.h,22
j.lili,22
jack_(jackdou),22
jam8686,22
john_r,22
john_ramsey,22
jun_ling,22
k.c,22
kae_(artist),22
kaho_(amal135),22
kairono3jou,22
kaiware,22
kajiki_nora,22
kajo,22
kakesu_(freiheit),22
kaku_(walletbreaker),22
kamioto_musu,22
kamiya_tadato,22
kamiya_ueshi,22
kamosuke,22
kanaiko,22
kanan_yt,22
kanata_(loser51),22
kangokun,22
kanogi,22
kansuke,22
kappamaru,22
karoll_ann,22
kashi_takahisa,22
kasuga_shun,22
katakoriku,22
katatsumuri_72,22
katuhata,22
kawamura_kousuke,22
kaze_yaku,22
kazhi,22
kazufumi_(kaz-newt),22
kazuki_(kazu-king),22
kazuki_kisuke,22
kazuo_daisuke,22
kei_(ritoru2468),22
keien,22
keith8387,22
kemoyuri,22
ken_(fkenorat),22
ken_(shiyu),22
kenao,22
kenshirou_(mono_ken),22
keygift,22
khj,22
kibasuke,22
kieshi_heta,22
kikurage_ii,22
kimijima0301,22
kimleon,22
kingfrogs,22
kinni,22
kino25_n,22
kirbym,22
kiritsuki_yuu_koromo,22
kisaki_nana,22
kisama,22
kisaragi_(kisaragi0930),22
kisetsu_kinoko,22
kitiku,22
kitunejima,22
kiyu_(doremi's_party),22
kmkm9696,22
kochiya_hiduki,22
kogen,22
kojima_hirokazu,22
komagoma,22
komatinohu,22
komeichou-69,22
komo_sama,22
komochi,22
kon5283,22
konnpakuyoumu007,22
konohana_inori,22
kooten_bergh_no_youhei,22
kopa,22
koromo,22
kotoba,22
kotobuki_shiro,22
kougasha,22
kouichi_eiji,22
koutei_penko,22
koutyousan,22
kuchibashi,22
kumaori,22
kumaru_ayaka,22
kunon,22
kuon_bb,22
kurarome,22
kuresu_(alice-pma),22
kuromodoki,22
kurosawa_(hjkl42332),22
kuroshin,22
kusayusaai,22
kusunokiokonogi,22
kuzel_(bonolangje),22
kyle_(kairunoburogu),22
kyoungi_nyang,22
kyouran_souryuu,22
kyouta_(a01891226),22
kyuusenbinore_(gavion),22
l.n,22
lain_(artist),22
lazuen01,22
lea_sakura,22
leai_leao_burgess_jr,22
lejean,22
lenny-tree,22
liarhatter,22
lithiumrider,22
littlevein89,22
llmocoll,22
locomon,22
long_zhi_feng_di_renxin_poce,22
loverial+phantom,22
lucasyecla99,22
ludwig_mayer,22
luke_(artist),22
lyric_(hina9111),22
m4rjinn,22
mablex,22
macchatei_koeda,22
maeda_hirotaka,22
mafurara,22
mage_(artist),22
magicpants,22
maitake,22
maki_(maki88),22
mako_(macomaco7),22
mamiya_aira,22
manako_(manatera),22
mango_(mgosketches),22
manos_lagouvardos,22
maplemersh26,22
maryaomii,22
massan,22
matado,22
matsuda_miki,22
matsukaze,22
matsunami_rumi,22
matt_cummings,22
maymay_pic,22
mayoko_na_kuroneko,22
maz_(fanxuying),22
megimegyo,22
megumi,22
megumi_222,22
melone_(melonenbrot),22
meso,22
meso_(gjmeso),22
midorigawa_akari,22
mille_(dieci),22
minako_(gazekura),22
minamihama_yoriko,22
minamixdrops,22
minazuki_(karashikazoku),22
mini,22
mint_(cerbi),22
mirin_(1815815),22
miro_(mmmyyyy),22
miruto92,22
mishio,22
mitoki_6x6,22
mitsuba-sama_(milkba-ng),22
mitu-yuki,22
miturousoku,22
miura,22
miura_(ayame),22
miyabeeya,22
miz7xf,22
mizss,22
mizu,22
mizuhara_tatsuya,22
mizuno_tooko,22
mizutsuki_rei,22
mkmwyydlp,22
mksm,22
mmyk81,22
mncpa,22
mochikin_(jijijin),22
mochiko,22
mojuke,22
molybdaenu63133,22
momimaki,22
momoayamo,22
monmon_(monban),22
mono_(freerotary),22
moonjunk,22
moonlaw,22
morakkyo_(mephilas_g3),22
moriki,22
morisuke,22
motida,22
moyashi_nabe,22
mugi_t,22
mukoujima_tenro,22
murachiki,22
murasakijazi,22
mutsuki_nekohachi,22
muyukikiyoshi11521,22
myao_(jumca_my),22
mycstea,22
n4gare_b0shi,22
nafta,22
nagomibako_(nagomi-99),22
naiya,22
nakadai_chiaki,22
nakajimayou,22
nakamura_nagare,22
nako_(inamenaihane),22
nakopapa,22
nakoromo,22
namamo_(kura),22
namgwon_lee,22
nana_(t-a-f),22
nanai_yuki,22
nanase_eka,22
nannnann,22
nano_(cherry_line),22
nao_(gatita),22
nasie,22
nasu_(ilo_a5),22
natsuharu,22
natsushio_(x2i2a),22
nawoto_oota,22
nax,22
neaze,22
negi-mamire,22
negi_(loveyr),22
neibii,22
neko3,22
nekonekopunyann,22
nekonomi,22
ninee,22
nisson,22
nisu,22
nobingo,22
nogiguchi,22
noko_(iamsimply2000),22
nonomura_(n0n0-mura),22
nooko,22
noonoo,22
noran,22
noraneko_koubou,22
noriki,22
nosa,22
noumiso,22
noyeshr,22
numeri,22
o0baijin0o,22
odagiri_sakura,22
ofly_(pixiv),22
oide_chosuke,22
oitsuki_(getsumen_diver),22
okaya_mrh,22
okome_(ricecandy),22
oku_tamatarou,22
omiomi_kekyu,22
oniku0430,22
oniwa_nwai,22
ootsuka_mahiro,22
oretto_(ring),22
origami_(red),22
osaji0909,22
otaut-r,22
otojirou,22
oyabin_(shikouann),22
ozawa_tomohiro,22
ozumii,22
p.k.f,22
pae_(ac40935_m41),22
pandacron,22
patrick_brown,22
patton_(cross-bones-t),22
pecoe,22
pekomi,22
phanc,22
pi_(zcvj3588),22
pink_(4chan),22
pixiv_id_1728228,22
pla0658,22
pochi_(potihouse),22
pogii,22
popri,22
por,22
powhu,22
ppshex,22
prototype-d,22
puchi-pochi,22
puchiri,22
pungsun,22
px2011,22
qs11,22
rakko,22
randgriz96,22
rati_(absoluteblue),22
ratsu_nitsu,22
raven_(ambrosia),22
razu_(rus),22
reccu,22
redalice,22
redblacktac,22
reg_(artist),22
reika_(clovia_studio),22
reizou,22
rena_(riries),22
renka913,22
rikka,22
rimuro,22
rindo,22
rindou_matsuri,22
rinhachi,22
rinnku,22
rino_(kurumi),22
rituiti,22
rmm,22
roberto_ferrari,22
roguetwo,22
roku_(hikokeng),22
roku_roku_(greentea66),22
rou+,22
rougetsu_(eclipse),22
runawate56,22
ryokuyou_(greencosmos),22
ryuuga_sazanami,22
ryuuguu_yassuu,22
s_a_k_u,22
s_ko,22
sa_haru,22
saburouta,22
saezurippp,22
saga_taichi,22
sagawa_yumeko,22
saikura_noushu,22
sakakibara_mizuki,22
sake_osamu,22
sakura_tasuke,22
sakuranotomoruhie,22
sakuyunomi,22
salty,22
samosuke,22
sanpati,22
santa_fung,22
sanyuejiuri,22
saraband,22
sasaki_akane,22
sasamaru_(sasamaru),22
satomurakyo,22
satoukouki,22
saya7,22
sb_(hiratsei),22
sdustz,22
segawa_haruna,22
senba_hikari,22
senbei_(roof-lock),22
senbon,22
senmi_aki,22
senri,22
senria,22
sententia_(senhariko),22
setia_pradipta,22
setsu,22
setsu_(qjsj1993aa),22
setsuna215,22
shapiro,22
she100legs,22
shen_yh,22
shenji_laurant,22
shiba_cyon,22
shibumi,22
shigarami_kyouma,22
shii_(pixiv),22
shiitake_(artist),22
shijou_yukimasa,22
shiki_123,22
shilfy_yo,22
shimatta,22
shin_(world_3000),22
shinogi_k,22
shinonome_moegi,22
shintou,22
shirana_tamana,22
shiratama_(fukuya),22
shirokitsune_(rin02ituki),22
shironeko,22
shiz_(#0077),22
siji_(szh5522),22
sion005,22
siroringo,22
skan_srisuwan,22
slzero,22
sol_(tvtjk7ubec),22
somejima,22
sorase_(srsrs_000),22
sorenftt,22
sositeimanoga,22
sparrow_(xici9527),22
ssk_sasasa,22
suga_hideo,22
sukly,22
sukoburu_maeda,22
sumith,22
sumizuki,22
sunway,22
sw_(2311550438),22
syuurin,22
tachiuo_nikominabe,22
takahashi_ryuunosuke,22
takano_suzu,22
takashi_moritaka,22
takayama_chihiro,22
takenoko_no_sato,22
takeuchi_sakura,22
tamaki_(glass_bottle),22
tamaki_nozomu,22
tamaru,22
tamazen,22
tamegai_katsumi,22
tamu_(tamurarucaffe1226),22
tangamja,22
tanotomoe,22
tansuan_zhanshi,22
tea_sly,22
teku_(the3dempire),22
temp_(artist),22
tenya_mizuki,22
tenyoshi_(briansept),22
teraoka_iwao,22
tetsuro,22
tg,22
tikuwabu_33,22
tit_horse,22
tkms,22
tnk_(p_freaks),22
tnp,22
toda_youkon,22
tokiya_seigo,22
toma_(me666nm),22
tomason,22
tomekichi,22
tonnelee,22
tony_(chikaku_kabin),22
tonywork,22
tori_(alpaca-alpaca),22
torinannkotsukushi,22
torisoboro,22
toritoma_(sweetandsour),22
toshizaki_shouma,22
totono,22
touwa_iyo,22
towani_kayui,22
tsuan,22
tsubaki_(tsubakiyasan),22
tsuhiki_koyomi,22
tsuki_hana,22
tsukimichi,22
tsukiori,22
tsunenori,22
tsushima_shuu,22
tsutsuji,22
tsuzuri_(itosousou),22
tugihagitenshi,22
turizao,22
ueda_hiroshi,22
uirou_(uirou1),22
ulsrnj1,22
ultra00,22
ume_(datsuryokugen),22
ume_(driveume),22
uminosumi_dai,22
una_kata,22
uoya-0670,22
urakata_hajime,22
uri_(ut111),22
ururu,22
usapiyo,22
ushio_(starchild720),22
wa--ka,22
waaaai_osushi,22
waka_(negronoir),22
wakita_piyosuke,22
wakky,22
warirui,22
wasabi_karasi_(pixiv),22
winged_cloud,22
wori,22
wreathlit69,22
wslasher,22
wwwe314,22
x_k_o,22
xi_liu,22
xian_(axxxx-721),22
xiaowei_(xxx29042536),22
xiumu_bianzhou,22
y_a_m_a_y_a,22
yabunoki,22
yadokari,22
yagumo_kengou,22
yagura_miketa,22
yamaaaa,22
yamada_sakura,22
yamamoto_enji,22
yandywu,22
yani_tama,22
yanyo,22
yike_(yr_marimo),22
yin_gren,22
yogura,22
yokiri,22
yorarry,22
yoshida_tatsumi,22
yoshihara_maito,22
yoshimo,22
yoshitsuki,22
yosinaka_hiro,22
youyi_(ww5413203),22
yrafy,22
yue_(pixiv4635680),22
yugi_(magical-dreamer),22
yuka_(0u0v),22
yukanomokume,22
yuki_shin,22
yuki_yanagi_(toumeikurage),22
yukimatsu,22
yukinyan,22
yukion,22
yukiuta_sahiro,22
yukiyukidaihuku,22
yume32ki,22
yumemitsuki,22
yumeori_amu,22
yurine,22
yuu_yuu_(netaeshi58),22
yuugo,22
yuuhi_(at-speakeasy),22
yuuki_susumu,22
yuuri_(asterisk),22
yuushitessen,22
yuzutosen,22
zeroasann,22
zheyi_parker,22
zimbabwefumi,22
zouzou,22
zzoggomini,22
+)_(liu997139467),21
0218htt,21
029,21
11_(?-pon3rd),21
16_(0xhsk16),21
3737-3737,21
6hours_(fancycars),21
74-gou_(73-gou),21
8gilol,21
a-senmei,21
a5125924,21
aaabbbccccc,21
abu,21
aikawa,21
aikei,21
aizeis,21
akai_ronii,21
akaneu,21
akao,21
akasakak,21
akibotann,21
akisame_ruu,21
akitsu_mikami,21
alfort_(may0508),21
alice_jing,21
alicetype,21
alsea,21
amanosora,21
amasaki333,21
amatou3,21
ameyoshi,21
amiya,21
ana_dogukishi,21
anakris,21
anmofu,21
anno_hideaki,21
ao68,21
aofujiake,21
aogami,21
aogiri_penta,21
aoki_(miharuu),21
apita_(apitaro),21
apupuru,21
argon_(caocaocaocaocao),21
asaki_takayuki,21
asari_(23feline23),21
ashiga_oreta,21
atchy,21
atsumi_haru,21
atusix,21
aul,21
ayase_miko,21
ayatori_(aytr),21
aym,21
azarea,21
baba_arumi,21
badominton,21
baijiin_poison,21
baiola,21
bakkanda,21
baku_(bakunooekaki),21
beenyan_1203,21
betete,21
bibirii,21
bingoman,21
bingsang,21
blackcat_(blackcatbox),21
blockhead_bh,21
blue_pony,21
bokuto,21
bonobono_(en-rai),21
boro_(tn-boro),21
bu-kunn,21
bucho,21
bukei,21
bungo,21
cbts004,21
chagataaa,21
chajott64,21
chaosc0ntr0l,21
cheng,21
chi-chi,21
chia,21
chibi_(nekomimimi),21
chiha,21
chiro_(pixiv),21
cho_mo_futoshi,21
cholesenel,21
chun_sam,21
chuppa_(katotsuba),21
cien516,21
cinnamon_sabaku,21
clero_(viprimo),21
cloudxmoe,21
cocconeis,21
cocoroten,21
cop_(shokkidana),21
coupytwo,21
cpro,21
craft108,21
cure_slum,21
curecu8,21
cypressdahlia,21
d-han,21
dafei,21
daidaiyaoyao,21
daniel_(artist),21
dc24v,21
delta_monster,21
delta_zone,21
dizzy_(artist),21
dmuyaa,21
do,21
dochanhee,21
dokuro_(pixiv),21
dole,21
dominic,21
don9899,21
dongqing_zaozigao,21
doppel_(pixiv),21
doryata,21
dsakuraff,21
ebira_(ruvie),21
ebony_nightmare,21
eggrice_v,21
eggru,21
ei_(user_sjgf2435),21
eichi1219,21
eito,21
elehime,21
elroadmaster,21
elu_butyo,21
emurina,21
ena1215,21
enari,21
entershell,21
enu_(spinal),21
erina,21
erina_(canaliheath),21
ering_3104,21
erio_patrol,21
erolcy,21
erufa_(pixiv),21
fei_(artist),21
fiute,21
flywinga7,21
frr_(akf-hs),21
fuchi_minoru,21
fugutai_ten,21
fuhmin,21
fuji_tooya,21
fujigakubou,21
fukodesu,21
fukurou_(hvgd5584),21
fullerene,21
fullluv,21
fumi_(fumifumi-graffiti),21
furi,21
fusa_(starless2323),21
fusuke,21
futago_monad,21
fuyutarou,21
g-db,21
ga-chan24,21
gabao.,21
gamigamimissile,21
gamu,21
gatorix,21
geistbox,21
gemamamaa,21
gerisita,21
gessuiyuu,21
gianoa,21
ginkou_(atmzh),21
goimago,21
gokuen_(5okuen),21
gokurakuin_sakurako,21
gomix,21
gongitsune,21
gradient_ray,21
great_magami,21
gu_hu,21
guang_yiren,21
gucchi,21
guwatefu,21
gyakushuu_no_hoshiumi,21
gyuniku,21
hagi_(artist),21
hajimakura,21
hakase_yurisuki,21
hako_(swimjelly),21
hanabelink,21
hani_wahanihani,21
haru,21
haru-kun,21
haruka_(haruka_channel),21
harunonanashiki,21
harusame_(moyuna412),21
haruu_shun,21
hashimoto,21
hashimoto_(yanagi-momo),21
hasshin_aki_ichi,21
hasu_(lausdys),21
hasumi_shizuko,21
hayyan,21
hazuki_iku,21
heath_(artist),21
hei_kuang_jun,21
heki_(axis),21
hellos,21
hero_(do-belman),21
heru_(totoben),21
hidacafe,21
hidaruma,21
hide_0,21
hiedanotsukai,21
hifumi,21
higashi_yuzu,21
higeneko_(pluie),21
hikari_toriumi,21
hikitsu_juusou,21
hikiyama_kayo,21
himeke_ha,21
himemiya_niina,21
hinoichi241,21
hiramatsu_(rama),21
hirayama-h,21
hirayama_(hirayamaniwa),21
hizuki_(hidu_aki),21
homa_kura,21
honeylip,21
honoji,21
hoshino_(cona),21
hrgm,21
huazang,21
hydroball,21
hyo_oppa,21
ichi_yasushi,21
ichikura_(bk),21
ichikyuu,21
ichinose_rom,21
ifnil,21
ikki,21
imi_fumei,21
inazumrai,21
insuto,21
inu_mamoru_mizuki,21
inugoya,21
ioruko,21
iruka-margarine,21
isaroishin,21
itaru,21
itoda_(spica),21
itonoko,21
itou_katsunobu,21
ivioss,21
iwa_(alpaca_oukoku),21
iwari_(kerokeroboushi),21
iwatsuki,21
iyumekai,21
janne1230,21
jas_(kda10457),21
jay_phenrix,21
jinjin-roririn,21
jmanvelez,21
joey_(lilinjunyi),21
josephine_(twin_tail_rabbit),21
joy_(joy-max),21
jumpei,21
justin_chan,21
juzo-kun,21
jyun_xix,21
k-haruka,21
k-zaki,21
k0n3k0,21
ka_zhi,21
kabaya_kousuke,21
kabihuton,21
kagetora,21
kagkfc1z,21
kagutsuchi_(l'archange),21
kaguya_ame,21
kai,21
kaiami,21
kajiwara_io,21
kakari_(peehs),21
kakitsubata_tsukune,21
kama_ri,21
kamakama_(kdmorh_kamakama),21
kamashi,21
kami_(yoshipt0716),21
kan_(sagasaga123),21
kanae_arisu,21
kani_seijin,21
kariga,21
karori_(c-side),21
karoro,21
kart_prowler,21
kasumisometsuki,21
katomiman,21
katsu_aki,21
katsuragi_niya,21
kawa-v,21
kawasumi_(japonica),21
kaworu_(1030),21
kazuki_marina,21
kazusa_(_0576861614433),21
kebab_(blackdoll),21
keen_fai,21
ken_(kenta1922),21
kerun,21
kicham,21
kicori,21
kiichigo_(k-15),21
killing,21
king_(ougon_kingyo-bachi),21
kinobou,21
kinokobatake,21
kiouri,21
kirigaku_luo,21
kirin404,21
kiru_(sorr5042),21
kiryuutyki,21
kiseno,21
kisuke1212,21
kitakaze_higashikaze,21
kitakaze_setsuna,21
kittika_thaworn,21
kizami_(hetaisi),21
kizuka_kanata,21
knew_nothing,21
knightym22,21
kogseu,21
koike_(coikekke),21
komainu_akira,21
kona_(silent913),21
konnyaku_kyuudai,21
kooda,21
kookirani,21
koremi2,21
kosmosshuffle,21
kotomickey,21
kous_(onetwojustice),21
koyomisa,21
kuhn,21
kujou_hyotarouo,21
kukuru,21
kumaru,21
kumi,21
kumo955,21
kureha_(tomo-yuki),21
kurenai_hanpen,21
kuro_(pixiv213382),21
kurogyo,21
kurozako,21
kurumi_rumi,21
kuruwa_(artist),21
kusaka_yoru,21
kusanagi_koyori,21
kusunoki_masashige,21
kutsuna_ayumu,21
kuusuke_(yo_suke39),21
ky00,21
kyosu,21
kyuu_jihan,21
kyuushiki,21
l4no,21
lauqe,21
lazu0721,21
lemon_raimu,21
lesskiss,21
lestored_cro,21
li_li_li_li_jun,21
li_yang,21
liba_(leo8d),21
liki,21
liuli,21
lmo,21
lossehelin,21
lost_one_zero,21
louten,21
love-saber,21
luci_omi_gusu,21
lydi_(dd),21
m-1ng,21
m-goro,21
machi_no_dakashiya,21
madoka066,21
mahoxyshoujo,21
mai_yukari,21
makani_kohitujito,21
makashiki_(aarni_0),21
mamayu,21
manami_(fearfac666),21
manbosakuranbo,21
maosanmu,21
masafumi,21
mashiro_akira,21
matsumoto_eight,21
matsuzou,21
mauveboy,21
meguru_desu,21
meitoku,21
melso,21
mercurycraze,21
messenger,21
metaphor_(artist),21
mezashi,21
mi_(33tb),21
michairu.,21
migiue,21
mii_(chibinomi),21
miiyokoe,21
mikashimo,21
mikimura,21
milmil_(wa_ten'nendesu),21
mimxxpk,21
minatosu,21
minatoto,21
minazuki_(aqua-city),21
mine1225,21
miomio,21
mipe,21
miri_(crafimiri),21
mirin_(youton_jou),21
miringx2,21
mirk,21
mishima_ssuru,21
misterror,21
mitsu_plus,21
miu_(c_blue),21
miy,21
miyako910724,21
miyama_fugin,21
miza-sore,21
mizuse_kouichi,21
mizushima_aru,21
mizuyu,21
mkz,21
mmk0305,21
mo253,21
mochizuki_kazuto,21
moddedjoker,21
mode-pesu,21
moegi_yuu,21
momoon_karin,21
monaka_curl,21
mono_(miso_kuronowish),21
moo,21
moontoxin,21
mori-003,21
morioka_hideyuki,21
mossu,21
motiking,21
motomura_kouichi,21
motsu_(artist),21
moyuru,21
mpkxx,21
mr_nini,21
mspn,21
mu-chu,21
mummeemeemama,21
muneyuki,21
muppet_(toboldlymuppet),21
mura_konbane,21
murakumo_takeru,21
muto,21
myou_mu,21
myutsusama,21
n88_colpla,21
n_(ruff),21
nadeara_bukichi,21
nagae_yama,21
nagare750,21
nagase_mizuchi,21
nagisa-a,21
nak_yama,21
namec0,21
namelessl,21
nanafuku,21
nanban_teishoku,21
narisokonai,21
narita,21
naruse_yasuhiro,21
nattouan,21
nattsu_(seiga5246281),21
neetiska,21
negativezone649_(kyuutouryuu),21
neichii,21
neitheyagi,21
neko_miya,21
nekoame,21
nekoge,21
nekoiro,21
nekono_ootaki,21
nekota_chihiro,21
nemunemu_(bluelight5),21
neod,21
nerima,21
neru_fia,21
nezumoto,21
nguyen_quynh_chi,21
nihyakumasuta,21
nijinohouseki,21
ninjin_(charat7),21
nishikou_meri,21
nishio,21
niwaniwatori,21
nmunco,21
nnoelllll,21
nobuda,21
nobuyuki,21
noda_megumi_(artist),21
nomal,21
nonewane,21
noricopo_(nori0w0),21
noshiro_masaru,21
noto-kanna,21
nozomu_o,21
nukazuke_(kzhto),21
nurie,21
obybuss,21
ochimusha,21
ochrejelly,21
oda_kazuomi,21
oira,21
okamin,21
okumori_boy,21
olg,21
on_kazu,21
onaramaru,21
onioohashi,21
only_jerry,21
ono-yuzi,21
onoe_junki,21
ooishi_ryuuko,21
oosuzu_aoi,21
ooyama_(hnk1018),21
orien,21
orokanahime,21
orururuu,21
osmt365,21
otomo_katsuhiro,21
ototachibana_rai,21
ouno_mayumi,21
outsider_0,21
ovosh147,21
p-geist2,21
pa,21
pandawei,21
papa_(you_have_today),21
papiko_(papiko8901),21
paplikaling,21
pathos9,21
pd_(seripanda),21
pechka,21
pectong,21
pen_(pixiv257621),21
phazer,21
piiko_(aa_doushiyou),21
pipette_(artist),21
pirlo,21
piyo4508,21
plhsxf,21
pochiron,21
ponky,21
ppera,21
ppo-p,21
prog_wang,21
pudding_(8008208820),21
pxton,21
qiandaiyiyu,21
qingxingzhen,21
r_inami,21
r_left,21
rabi_(swordofthestone),21
raimu_(ranxa),21
rakkuguy,21
raku220p,21
rakuchii_(rurituvo),21
ramune_(ramu33),21
ranran_(iaotak),21
reimaco,21
ren_(gh),21
reon-shi,21
rhode,21
ria_(artist),21
riko_(artist),21
rinsu_(kilakira13),21
riotono_0643,21
ririko_deluxe,21
ririnra,21
riyu_(yulevy),21
rke,21
ro_g_(oowack),21
robo-powerful,21
robuja,21
rofuro-e,21
rokuri-eva,21
ron,21
rori_(artist),21
rotodisk,21
row_(akatuki),21
rudorufu,21
rue_(ruenis_chronowing),21
ruku_rx,21
ryomo,21
ryou-tan+,21
ryouta,21
ryu-tan,21
ryuusaki_rei,21
sachilko_(motiko),21
sadahara_ajiko,21
saeki_shouji,21
saikekuu,21
saikoro,21
saintpaulia,21
saiya,21
sakae4,21
sakai-saka,21
sakura_shiori,21
sakurai_(77777),21
sakurano_shiyue,21
sakurapain6918,21
sallyatoyota,21
salovesy,21
samael_(5211),21
sanami,21
santa_(kaisou_hikuutei),21
sany,21
sarah_sauge,21
sasebono_mari,21
sashimi555,21
sato_toshiya,21
satsuki_hare_shin,21
sayonara444,21
sebascha,21
seireiart,21
sekine_irie,21
sekiraame,21
senifu,21
senra_banshou,21
seok,21
seri_p_tedoku,21
serikaserika,21
seto_(sepcloud),21
setsura_(aowata35),21
shakata_(ozi3),21
shararan,21
sharuru,21
shellmound,21
shibuya_arata,21
shige_(pixiv),21
shijou_sadafumi,21
shiki_(gjmatpw),21
shimako_(mehr),21
shimo_(shimo_00),21
shinki_(shinki59),21
shinocco,21
shinonome_(7566ani),21
shinonome_tsukasa,21
shintaro_(pixiv),21
shioya_mutsu,21
shippo_(shishizaru),21
shirai,21
shiramatsu,21
shirojiro_shiro,21
shiropuni,21
shishamo@,21
shishou_no_deshi,21
shiyano,21
shiyoi,21
shokujin_hatefukuchuu,21
shoutarou_(pixiv),21
shuen,21
shy_(953416992),21
si_(ruanmumu),21
sind_ngmhn28,21
sioagya,21
skirtzzz,21
skoll_world,21
slascoplerd,21
sokobe_hiyori,21
sones,21
sonidoriy,21
sonomoto_shinzou_(natsume_kyouji),21
sota,21
soul4444,21
soutou,21
souyoku,21
sparrowswallow,21
ss_kankon,21
stargeyser,21
stars4993,21
strawberryjamm,21
sugai,21
sugeno_tomoaki,21
sugiura_yoshio,21
suisa,21
sukesan,21
sumi_(38page),21
suo_(sunano),21
suruga_kasune,21
sushoyushi,21
sutochan,21
suzaku_mikado,21
suzuki_kokono,21
syaofoo,21
sylnice,21
taccomm,21
tachibana_hiroki,21
tagro,21
taiz22,21
takahito,21
takashi_mare,21
takei_masaki,21
takemitsu-zamurai,21
takeshi_kai,21
takka_(aegis9294),21
takuma_tomomasa,21
tales1203,21
tamagoumauma,21
tamamochi,21
tamashiro,21
tamezou,21
tamura_(sntmr),21
tanaka_keiichi,21
tangusuten,21
tanna,21
tanoki_(mituguma),21
tapiet,21
tapo,21
taru,21
tasoku_hokou_heiki,21
tawara_hiryuu,21
teddy_(artist),21
tekology,21
temk,21
ten_oni_touri,21
tengu_nouzu,21
tenhana39,21
tenjin,21
tennen_hz,21
tetuankyo,21
tezo_(mokka_mk),21
thief_(kiteretsu),21
timukai,21
tiuana_rui,21
tm,21
tobenai_todo,21
tobiobito4ever_(thegapyoukai),21
tokino,21
tokorotn,21
tomato_(otom67),21
tomatok0,21
tomo_shibi,21
tomok1,21
tongtongtong,21
tora_(pixiv),21
toriniku_(suikyou),21
toroakikan,21
toufukin,21
touyama_(t3yama2),21
toyosaka,21
ts1016,21
tsuboyarou,21
tsukiyo_michi,21
tsunsuki_(naobe009),21
tsutsumotase,21
tyourou_god,21
u_(mypace),21
uchiha_jake,21
ueda_hashigo,21
uganda_(ugandam_00),21
ujin_holo,21
uld_macaron,21
umetsu_yukinori,21
un4lord,21
unagi_(515816703),21
unco_(pixiv457393),21
undercover_brothers,21
usa-pom,21
ushi_(ushi_manji),21
usuba_kagero,21
utatoki,21
vermilli000n,21
viria13,21
vivi-t_(akagami),21
vodka13,21
w-e-z,21
wada_kenichi,21
wakana_kuraguchi,21
waribashi-p,21
watarai,21
wednesday_(starsilver),21
weeniedesu,21
wei,21
welchsbinn,21
wi,21
wlper,21
xsorax812,21
xxmlkxx,21
xxxx,21
yakkey,21
yakku,21
yama_gan,21
yamamura_hiroki,21
yamisuke_(silent-black),21
yammy_(artist),21
yanai,21
yaya_(20090410),21
yelansu,21
yeni,21
yi_gesang,21
yo-rindou,21
yof_(sc_gazer),21
yoku_(liuyc),21
yomio,21
yomizu,21
yomogi_fumika,21
yomotsu00,21
yonekura_kihiro,21
yonpachi,21
yonq98,21
yoshitsugi,21
you_(gay322k),21
youme_xz,21
ysoroth,21
ytk_(yutta-p),21
yts_takana,21
yu_(kaburimono_ex),21
yuduki,21
yukagen,21
yuki_(artist),21
yukigumo,21
yukiko_(haikara),21
yukimi_(kurumi-no-naruki),21
yukise_miyu,21
yukke_(fh),21
yumemitsuki_(hagakure),21
yumesuke,21
yummy_yoi,21
yun_yu,21
yunohara_konomi,21
yuta_(nvkdighqqs94fg),21
yuu_(pixiv769259),21
yuuki_mitsuru,21
yuuma_(yuma1111),21
yuumare,21
yuuno_(hack_y),21
yuusuke,21
yuuuuu_(magia-mami),21
yuuyatails,21
yuwan_2333,21
zakiza03,21
zakka_(d-o-t),21
zephyere,21
zetz,21
zhengyifan7,21
zi-dabu,21
znz,21
zonekiller10,21
0141zucker,20
0mot,20
10000_we,20
210ten,20
6-k-i-7,20
791_(meiyuewudi),20
823/natalia,20
8c,20
8gou,20
999knight,20
9room,20
a10,20
afulu,20
ahobaka,20
aill,20
akarino_(yucco),20
akatsuki_no_guuru,20
ake,20
aki_toshi,20
akisu_k,20
akitake_seiichi,20
aktrks01,20
alice-yuki,20
aluo_7762,20
amamiya_poran,20
amaou_(rin_0107),20
amari_yuki,20
amatou_cacao,20
amberpaint,20
ame_tame,20
an-mar,20
andref_kanzaki,20
anison,20
anpan_sora,20
anubisu-no-sinpan,20
ao_(aohari),20
aoi_(dizzy),20
aoi_itou,20
aoi_nana,20
aoimio,20
aoinagi,20
aozane,20
ap@meito,20
ap_(pixiv74197750),20
apopo,20
aps@shugyouchuu,20
asa_inu,20
asagi_(seal47),20
asajima_yoshiyuki,20
atora,20
avvo_(ekireikirei),20
ayinspanner,20
ayu_(ayuyu0924),20
azusa_(rikuriku),20
b,20
b-ko_(1214920),20
ba_(artist),20
bacher,20
baragi,20
bawang-ryuuzaki,20
bbb,20
bcrow,20
bearthemighty,20
bebe1999,20
bee-j1,20
belluch,20
berisuno_(beriberi0707),20
beroring,20
bes-low,20
bev_johnson,20
bi_no_ossan,20
bin_(binonep),20
bisukorokoro,20
blockun,20
bluebird_(bluebird90),20
bluesnowcat,20
bot,20
bourbunbun,20
bouzu_atama,20
buddy_jiang,20
buming,20
burusuta,20
butaneko,20
butiboco,20
buttercupcd,20
by_esc,20
byakuya_kaien,20
c-chrone,20
cadsensei,20
cako_(a_ben),20
cala_(artist),20
calponpon,20
calvaires,20
camembert_chizuko,20
canadiananiguy,20
canislatrans,20
canzhajiang,20
captain,20
cccbast,20
chama_(1480),20
chaudlapin,20
chawan,20
chiba_(tibaacss),20
chickenz_girl,20
chikamichi_(ssssgirl),20
chikushi_nitouhei,20
chikuyama,20
chinchilla,20
chisamikan,20
chiya_(sere1),20
chomose,20
choobackers32,20
cisyo,20
clarityblue,20
cocothemunchkin,20
confin,20
conone,20
conose,20
coon,20
crimson_(cxrss377),20
crimson_k_night,20
cu_(fsy84738368),20
curtain_(posuinochuanglian),20
d-cao,20
d4ggerfish,20
d_no,20
daba,20
dagova_(artist),20
daime_fusonzai,20
dairininn,20
daisha_hiroshi,20
daishi_takamura,20
daizu_sanchi,20
danchi_(pomechize),20
daoshi_niang_lan_er,20
delta_(pixiv2768620),20
demonk,20
denkitori,20
df=6,20
dididididinosaur,20
do2mi_doreimi,20
doku_ta_pepperko,20
dokutaa_hakase,20
dolly_deer,20
dolnamu,20
doombringer,20
dopey_(dopq),20
dorahdew,20
dorayan,20
doriruman,20
doro_mizu_831,20
dragon_ash,20
drias,20
dust_(394652411),20
dyemooch,20
edato,20
eico,20
eikichi_(mujirushi_shounen),20
einlee,20
ekitaiidou,20
elfboiii,20
en_(en-chune),20
eriko_(chika),20
eucalyptus-household,20
eva_(invisibleninja12),20
everina,20
excarabu,20
f.s.,20
fei_you_dudu,20
firebate,20
forut_dondon,20
fosamaguna,20
fuabio,20
fuji_(c-b-s),20
fujiko_(emnprmn),20
fujinon_(izayoi),20
fujirin,20
fujisawa_hikaru,20
fujitaka_akasora,20
fukayama_fugin,20
fundoshi_(tofupoid),20
futaba_suetsuki,20
futianxingyi_(warholx),20
fuyumizaka,20
fuyunotete,20
gaku,20
gaku_(pixiv),20
gammatelier,20
ganov,20
garex,20
garodo,20
garththedestroyer,20
gatakao,20
gel_shu,20
gen_ariyoshi,20
ginta_(pixiv),20
giren,20
gobori,20
goingtobemad,20
gomimushi,20
gorujitai,20
greatestwashi,20
gumitaroo,20
gusamo,20
gyahu,20
gyoden_maguro,20
hagihara_takeo,20
haikichi,20
hajimenimodoru,20
hakase,20
hakobe_(ichiru),20
haku_(shirogane),20
hana_(yui),20
hana_shiori,20
hanamizawa_q-tarou,20
hanehitsuji_(hitsuzibane),20
hannahartwork,20
haou,20
harami,20
harara,20
hare_(hal0331),20
haru_sakurazaki,20
haruno_(kanimeshi),20
hashi_moto,20
hata_hata,20
hatake_hukuro,20
hayami_jin,20
hbptcsg2,20
hearttheglaceon,20
hegi,20
heichiyo,20
hentai_oyaji,20
hero_(dka),20
herurun,20
hesocha,20
hiiragi_mitsuna,20
hikaru002001,20
hiki-to,20
hino_michi,20
hio_(hiohio0306),20
hirokawa,20
hirokawa_kouichirou,20
hirome99,20
hiroyama_(hpzg5374),20
hitoguchi_(hioxhio),20
hitoshi_(hitoishi_14n2i5),20
hiyoko_no_tataki,20
hizuki_aki,20
hokamichi,20
homefuji,20
hone_shoukan,20
honeyoink_draw,20
horiguchi_leo,20
hoshi_sukii,20
hoshikawa_akira,20
hoshino_chika,20
hp23,20
hua,20
hua_(qingmeiranshuangxue),20
huangdouliuhan,20
hymxiaocyan,20
i-hara,20
i_wanna,20
ia_(carat),20
ichigo_daifuku_(blumenwalzer0903),20
icoico,20
idiotoftheeast,20
if959u,20
igap,20
ikeda_akihisa,20
ikesin,20
ikujitto,20
ikushima,20
imachi,20
imaginaly_blank,20
imamiya,20
imarikiriki,20
imeri_fuzuki,20
imuhata_shimuro,20
inoh_shin,20
insider_(pix_insider),20
iparuputsua,20
ira96,20
irisu_haniwa,20
iruma_kamiri,20
ishida_masatsuki,20
ishioto,20
isshin,20
itou_noriko,20
ivan_flores,20
iwashiro_byou,20
izu_(tea_value_lord),20
jack9614,20
jack_(kairuhaido),20
jailbird,20
jakey,20
jefflink,20
jen_zee,20
jian,20
jiji_(wander_plug),20
jinbara_tatsuichi,20
jiro_morisaki,20
johnny_(artist),20
jom2,20
jon_shicchiou,20
jontake,20
juun,20
k4m,20
k_liss_s,20
kaabon_meshi,20
kadou,20
kag_tsukimi,20
kageyasu,20
kagi,20
kahara_nanami,20
kaka_(kirby126),20
kakigouri,20
kaleido_yuki,20
kamaboko_bijin,20
kame_no_nin,20
kamuna8046z,20
kaname_024,20
kanaso529,20
kanata_(pixiv1305983),20
kanchiyo,20
kanenoya,20
kanlee,20
kanno_izuka,20
kantaro,20
karasiro,20
karita_(kali_lgk),20
kashiri_kurosuke,20
kasuka,20
katamuki,20
kato_ayaka,20
katorius,20
kawahara_ryuuta,20
kawaii2penguin,20
kawaisou,20
kazahana_chiruwo,20
kazamine_(stecca),20
kazu-chan,20
kazura_sakura,20
kecchi0,20
keipomjp,20
ken_(artist),20
kenneos,20
kepon,20
kiichi_(ca0sf),20
kiko_(strategist),20
kikyo,20
kimven_(wenzisama),20
kin_toki,20
kinako_(nurupoga),20
kinounosika,20
kirari_chito,20
kirisa_(yuki),20
kiritomo_coroha,20
kiriya,20
kisaragi_(kisaraggg_27),20
kisugi,20
kiwi0314,20
kiyoichi_(acacia_soukyoukai),20
kiyomasa_f,20
kizeminato,20
kn96,20
knhl,20
knocker12,20
ko_torii,20
kogetsu_azami,20
koharu_nosuke,20
kohetake_(ronpaxronpa),20
kom_(1323736),20
kome_(vm500),20
komori_atsushi,20
komoriuta,20
konekoy,20
konko,20
koron_(nekomeron),20
koshi_(meermisa),20
kota_uro,20
kote_menn,20
kotobuki_ryou,20
kotomi_(artist),20
kotomine_(a1569),20
koura_higure,20
kousaka_karasu,20
koxo-01,20
kuboken,20
kuhu1212,20
kuno_toya,20
kurishiro,20
kuro-ra,20
kuroda,20
kuroda_(chess08),20
kuromaro,20
kuromomo,20
kuroneko13x,20
kurony_(sirony),20
kurosawalena,20
kurou_oruha,20
kuruma_(rk),20
kurumu,20
kusahagane,20
kusanagi_yuuri,20
kuso,20
kusunoki_(escude),20
kyol-2,20
kyu-bum_lee,20
kyuu_pito,20
la-sera,20
ladama,20
lag_(wo76_a),20
lb,20
leidami,20
lengkuass,20
leung_ka_che,20
li_chunfu,20
libus,20
lilysick,20
lio_(lune24),20
lolihorn,20
long28,20
loony_bear,20
lotton,20
love_(pspdspsp),20
lumine_(2339),20
m-hit,20
ma-2_(mazema-2),20
maca,20
madhand,20
maggea22,20
magnitude27,20
maitake_(maitake1234),20
maki_(lovyu),20
makita,20
makka_na_kedamono,20
makkuro_rokusuke,20
makyuuu_(mmdy),20
mame_(hyeon5117),20
mamoi,20
managi,20
maomaozi,20
maoo_aruba,20
mari_oil,20
mariel,20
marinon,20
maru_watarou,20
masa_tarou,20
mashiro_kanna,20
matsubaki,20
matsui_celine,20
matsuko,20
matsushita_mino,20
mattsua,20
maybe,20
mazaki_kei,20
mcq,20
megu_usagi,20
meimushi,20
mekonu_(mknn),20
melay_(khrssc),20
melka_(elyss-abyss),20
melon3,20
menruiko,20
mersey,20
mi-chan,20
mi-ru,20
mi-sya,20
michael_(aya-tokachi),20
midori_no_ruupe,20
migi_nagi,20
mihen,20
mikakeha,20
mikikoto_hitsuji,20
mikou_(monpamanpe),20
milcoco,20
milksea,20
mima_chi,20
mimaru,20
min_(minyinr),20
minahase_karin,20
minami_noriko,20
minatake,20
miraino_tsubasa,20
mirei_kh13,20
misui,20
misumikouji,20
mitarasineko,20
mito_soosu,20
mitsugi,20
mitsuki_(omezame_alice),20
mitsune_(3chune),20
miya_(izumi369),20
miyabi_(reef),20
miyashita_miro,20
mizuno_(bbzzzzzzbb),20
mkt_(pixiv15187870),20
mocchii,20
mohuta1203,20
moi_(licoco),20
mokku_(ak0207),20
momiage,20
momoi_komomo,20
momoji,20
mone_(14ri0000),20
monmonji,20
monokurokenkenpa,20
monyorun,20
mori_souchou,20
mosi_l,20
mousou,20
mr_kunimitsu,20
mrilsweet,20
ms-07-b3,20
msdeath666,20
mugen_soukyuu,20
munape,20
murakami,20
murakumo1987,20
murata_(pixiv49763),20
murderhouse,20
muruaka,20
musashino_sekai,20
mutton,20
mysk918,20
nagisa_otoha,20
nagita0,20
naka_nohito,20
nakadadaichi,20
nakaikane,20
nakajima_majikana,20
nakamura_kumarin,20
nakasaka_sakana,20
nakatomi_ryou,20
namboku,20
namikishiho,20
nanashi_(freshman),20
nanashin,20
nanna_(irasutokanakili),20
nano_(blueoekaki),20
nao_akinari,20
naodx,20
naramura,20
narayamanta,20
narisawa_naruo,20
narumi_yuzurai,20
nasu_danshaku,20
nata,20
nataku39,20
natsumi_yuu,20
nayu_(rhododendron),20
nejimaki_oz,20
neko_satou,20
neko_suke,20
nekomotowata,20
nemuri_miyako,20
nghbr,20
niitsumee,20
nine_(pixiv),20
nishi_(ainshaie),20
niyasu,20
nnns,20
nobara_(konnttaku),20
nokko,20
nora_(petlico),20
noruka-soruka,20
nozomi_uni,20
nue0192,20
numahata_tofu.,20
nw_0925,20
nyaasora,20
nyafu_1924,20
oda_masaru,20
ogi_non,20
oi_shibako,20
okai,20
okazu,20
okb329,20
okina_togo,20
okosan_(pixiv),20
omaesan_(camp-192),20
omochi_(aoi_guruguru),20
onemu,20
onuma_kuma,20
oobayashi_mori,20
ootori_kei,20
oreiro,20
orri_(iirokagi),20
oruam,20
osanai_satoru,20
oshiru_(sealeu),20
osuman_toruko,20
otamon,20
ouba_reiya,20
ovos,20
oyavun,20
ozaki_(ko-zaki),20
ozaki_mirai,20
pakkuncho,20
paku,20
panties_(pantsu-pirate),20
parisnoko,20
pecotank,20
penett,20
penpon,20
peridot68,20
pesu_(penpen),20
petankoside,20
petitbisou,20
pika_mouse,20
pin.x,20
piyyoota,20
pm_tii_(matuko1024),20
polyle,20
pon_(syugaminp),20
popporunga,20
pu_0521,20
pukozin,20
pupil_g,20
puyoakira,20
qm,20
qoo,20
r-one,20
r3511,20
rabbit19,20
raichi,20
raichi_(litchixlitchi),20
rainydayjp,20
ranken,20
rapid_inaba,20
rara419,20
ray_(nagaseray),20
red_comet,20
rei_(pixiv_187780),20
rie_(artist),20
rii_(rii0_02),20
riita_iga,20
rika_(artist),20
riku_(pixiv),20
rinchu,20
rinmel9,20
rira_fuuka,20
rittu,20
riva0412,20
rizalx,20
robce_lee,20
robin16,20
robo8_(pixiv),20
rocky_(chendongjian),20
rokkasana,20
rokuo016,20
rona,20
ronce,20
root_12047841,20
rorikon_(youkon),20
rtmg,20
rudorufu11,20
ruki_(rokiru),20
rukitsura,20
runa7,20
rupa,20
rusuko,20
ryokuya,20
ryouka_(nm0407),20
ryu3224,20
ryu_(multitask),20
ryuji_umeno,20
ryukow_masseau,20
saaak57587044,20
saboten_teishoku,20
sagi,20
saiki2,20
saiouga-uma,20
sakamoto_(pompa),20
sakana_(nagamizu),20
sakuma_hiragi,20
sakura_ryuuken,20
sakurana_haru,20
samu_(a117216),20
sanako_(tsubakiiro),20
sankyou,20
saone_kushima,20
sari_(sat-00),20
sasuke_(artist),20
satou_kuroon,20
sayuco,20
sdkfz221,20
seigaaaa,20
senghei_jerryu,20
sennin_(inoinox),20
sensui_chuu,20
sentaro207,20
serohan,20
setora,20
seuyan,20
shako,20
shicewlysml,20
shiijisu,20
shiina_maru,20
shika_(hachilemon),20
shimashima,20
shimazu_tekkou,20
shimo,20
shimura_nobuo,20
shindog,20
shinomome_haru,20
shinonogi,20
shinovi,20
shiraki_(artist),20
shirase_(azure),20
shiratori_serano,20
shiro96,20
shiro_oolong-cha,20
shiu_(pika),20
shiver_(siva-hl),20
shizuhime,20
sho_(gohan),20
shoka,20
shortcake_p,20
shoukichi,20
shu70077,20
sikuhima,20
sino,20
siomidu,20
siv_(kuroino),20
sk_(buta),20
sliverbin,20
slms,20
smison,20
smkd2,20
sokimi_(sosojovan),20
sora_(pikasora),20
sorairo_len,20
sound_tamashi,20
spica_(starlitworks),20
squarevr,20
sss3,20
sssssuama,20
stalkeralker,20
starcrown,20
stecky,20
steve_yurko,20
sturm_(arowana_kingyo),20
su_(noonrema),20
subaru_izumi,20
sudou_tomonori,20
suiren_(mystia6b),20
suisuisuisui,20
suiya,20
sumida_kichi,20
sun_zha,20
suna_(signi57tifato),20
suna_co,20
sunsuke,20
suqling,20
susukinohukurou,20
suyaya_oyasumi,20
suzuki_hanako,20
suzuya_akinori,20
swan_(doesu),20
sweeter_(h110111),20
syeoseul,20
syrinxwell311,20
tabletorgy,20
tachibana_surimu,20
tachibana_yukiji,20
takahina,20
takana_(srplus),20
takano_otohiko,20
takao_ukyou,20
takatan,20
takebouzu,20
takehiko_inoue,20
takejun,20
tako_ashin,20
tako_rii,20
tamagodamaco,20
tamanoti,20
tamo_imai,20
tanabe_(studio_tiamat),20
tanayuma,20
taosheng,20
tarakanovich,20
taroimo,20
taru_(sougoubunnka),20
tayashitsu,20
tec,20
teinba,20
teitoku,20
terric,20
tibonobannsann,20
tiguruvurumudo_vuorun,20
tin_(wsp85205),20
tks,20
toa_(sarara23),20
tobiuo_(62masa62),20
tohogaeru,20
tokijiro,20
tokino_hitonatsu,20
tokunagasan,20
tomato-ed,20
tomatomatotto,20
tomomiya,20
toronto_(pixiv),20
torte_(triggerhappy),20
toshipon,20
tot_(zhxto),20
tottori,20
toufu_koubou,20
touzai,20
towa-darkmistic,20
tp82n1r,20
trebas,20
tries,20
tsk,20
tsukigami_chiruyo_(zeroko),20
tsumuri,20
tsunnosuke,20
tsunoi,20
tsuru_(tsubasa1993621),20
tsuzuri,20
tukisiro_nao,20
tukune,20
tyeinn-suineryuu,20
u_928,20
u_to_i,20
uchimura_kaname,20
ucukrtz,20
ukihashi,20
umbra_zhuitaiyang,20
umelim,20
umi_no_tarako,20
umi_zenbiraki,20
uminekoritorubasuta-zu,20
umiushi,20
unagi77,20
untan,20
unti_no_azi,20
uranosebi,20
uri_(20130828),20
uruhara_ryuuku,20
usacan,20
usukuchi_(hagi),20
ususionorisio,20
utacoco,20
uwa_(rakko),20
uz3d,20
uzuki_karasu,20
uzurara,20
vakodraws,20
vasashi-uma,20
wadanaka_(mazurka),20
wagyandamu,20
wamochi,20
wanatsu_15,20
wantacchi,20
warashi67,20
watanabe_hiroaki,20
watari1118,20
waxwa,20
wkar,20
wrwr,20
wuruko,20
x_x_(artist),20
xiaoai,20
xiukukkii,20
yagisawa_keiichi,20
yajirushi,20
yakuta_tetsuya,20
yama_katsura,20
yamabuki_otk,20
yamada9000,20
yamadaokutarou,20
yamaishi_(mukoubuti),20
yamano,20
yamaoka_sawara,20
yamato_(inraitei),20
yaminabe_(honnouji_no_kaninabe),20
yamino_kenji,20
yan_lie,20
yaneko_uta,20
yano_mirura,20
yashirogi_suzuna,20
yawarabi_juubee,20
yeti_(mu_kaiten),20
yoki_(artist),20
yokosuka220,20
yomogi_(becr),20
yoneko_okome99,20
yonekura_hisaki,20
yonesuke,20
yorii_shuuichi,20
yoroi_kabuto,20
yoshida_shiro,20
yoshinari_atsushi,20
you_(maumauyo),20
young-street,20
yoyo2doggness,20
ysmmzr,20
yszw,20
yu_(kito),20
yueyue,20
yugato,20
yugo_ama_toki,20
yui_(soranohako),20
yuiki_wakana,20
yuki_tarou,20
yukifune,20
yukiguni_(mizake),20
yukiji_tokiji,20
yukiwanabiku,20
yunico,20
yurarin,20
yuri_(miiiiikun0515),20
yurifucker,20
yuru,20
yurun,20
yuuko-san,20
yuunagi_kanade,20
yuyukong,20
yuzucky,20
yuzuhara902,20
yuzuki_(blossom),20
zackpyo,20
zearthp,20
zeolch,20
zhai_mu_q,20
zhhy3324,20
ziguck,20
zotaro515,20
zozakura,20
zzinzinz,20
0tiyo,19
1g,19
21grams,19
24_(24phage),19
27_degrees,19
3yo4yo5yo,19
4chi,19
7melon,19
8rats,19
[saw],19
a-type_corporation,19
ac_warlock,19
acha,19
ade-nyungsep,19
agsen,19
aihysa,19
air_0497,19
aiwm,19
ajiko_ajio,19
akase_rai,19
akazaki_yasuma,19
akeno06,19
akezu,19
aki_(645451622),19
akita_morgue,19
akone,19
akycoo,19
alf874,19
alfred,19
amagiku,19
amane,19
amatukiamaru,19
amber_harris,19
ame_isshiki,19
anakin_sky_(utcc),19
anaugi,19
anda_inmu,19
andava,19
andou_tomoya,19
andrewcockroach,19
ankoromochi,19
anmitsuyomogi,19
anno_im,19
anosumi_(ggpg),19
ao_banana,19
ao_yasai,19
aogoma,19
aohato,19
aoi_zero,19
aoten,19
aoyama_mitsuru,19
arkas,19
arms_ai,19
aro_s,19
art_of_papayou,19
aru_u1g,19
aruolrn,19
asahi_(sakanasakana),19
asaki_yuzuno,19
asami_(highway),19
asdge23,19
ash_(pixiv),19
ashida_ichirou,19
ashiyama,19
asllence,19
asukasukisuki,19
asusilver_(artist),19
awa-san,19
awa_(12687414),19
ayaki_blade,19
ayatsuji_mia,19
ayu161,19
ayumi,19
azami,19
azuma_reiharu,19
azure-zer0,19
azya,19
b_spa_gyoreva,19
baka_guruo,19
bamboo_(akimotoaki),19
bamyamsj,19
banana_(hirane1988),19
barokkusu,19
battery_aida_ni_misu_ga_deta,19
bberry,19
bean32,19
beartoris,19
beidan,19
berserkert,19
bessend,19
bigoru,19
billy_christian,19
bing_zizi,19
bitou,19
bitz777,19
blackrose,19
bloody_moon,19
blossomppg,19
bluespeaker,19
bm03,19
bohe,19
bolze,19
bondance012,19
bosutafu,19
botaro_kubo,19
bottonbenz,19
boya,19
brz,19
buta_no_kakuni,19
byakusouya,19
byon,19
cafe_choco,19
cai,19
canal001,19
caraduki,19
casssstle12,19
catcan,19
caterpillar_(artist),19
cdov34,19
cet_(hajisirazunoko),19
ch3507,19
cha,19
chamochi,19
chatubo,19
chiaki_lsd,19
chikkinage_nage,19
chirota,19
chlorenw,19
choco_flex,19
chrono_(himadon),19
chunta,19
claie171,19
cloverpeia,19
color_73,19
coma,19
conoghi,19
crazyodin,19
cro,19
crow_3434,19
crystallakec,19
cuby_(dondoriansama),19
cusozee,19
daichan_op,19
dairii,19
damin,19
dana_terrace,19
dandy,19
dangorou_(yushi-art),19
darao,19
dareoma,19
darkredgear,19
dasumidara,19
dataglitch,19
dearoliha,19
derauea,19
destino,19
diestro,19
dknj,19
dktaka,19
doa_(wabisabi),19
domaro_yui,19
dominico,19
dondongarara,19
doromaso,19
driedpersimmonisverydelicious,19
dskb,19
dunkemz,19
duralu500,19
durian12,19
dyx_(asdiandyx),19
e-n,19
easy_(easycrew),19
ebi_no_osushi,19
echoayane,19
echoes_(cassandratree),19
edaman,19
edelweiss_(wsparkz),19
effier_kyo,19
egocider,19
egoist-001,19
eida@renshuuchuu,19
eikichi_(artist),19
elel185,19
elemental,19
elise_trinh,19
emcee,19
end_tieno,19
enomoto_yoshitaka,19
ensaiburi,19
erect_sawaru,19
erementa,19
eris_nemesis,19
extendx0,19
fay_(fay_axl),19
fei_cai_xiao_r,19
feihong,19
firebay,19
fishkitty,19
fmg,19
fookun,19
formerly,19
fran_(tukihashi),19
freedomz3,19
fuco,19
fugakuhyakkei,19
fuji_meno,19
fujii_toshiaki,19
fujino_sato,19
fujioka_toki,19
fuku_45,19
fukudahda,19
fumi,19
fumiyomogi,19
fuoore_(fore0042),19
furumiya_neko,19
fuuma_(gjmwja),19
game00985,19
gan_ma,19
ganguri,19
gekkeiyou,19
genmai,19
gerph,19
gig99,19
ginger_(syoga),19
ginjoo_(ginjo_1116),19
gofukiimo_(psempsemn),19
goji_(8jikan_roudou),19
gokei,19
goodman_(modapi95),19
gotaishu,19
gotou_masaki,19
gouda_hiroaki,19
gouka,19
grayfair,19
greenopi,19
grgr27,19
gsr1982,19
guanhian,19
gui_guimaraes,19
gumiten,19
gunjin_(aguran),19
guunome,19
gyokuto_b,19
habanero_art,19
hachi_kou,19
hachisen,19
hakaba_(dairiseki),19
hakobi_(8kb),19
halcon_matsumoto,19
half_pixels_carving,19
hamahama,19
hamamaru,19
hamasin2424,19
hammar_dobucof,19
hamuzora,19
hanakomiti,19
hanaosutarou,19
hanaze,19
haneramu,19
hapuriainen,19
hara_yumiko,19
harada_yuuichi,19
hari_(tottchiya),19
haruichi_(pixiv738382),19
hasimo,19
hasuha_makoto,19
hat_legs,19
hatayanagi_shizuku,19
hatomugi_munmun,19
hattori_(karaage053),19
haveanicedream,19
hayaneko_(ceceragi),19
hazuki_akaoto,19
hebi_utage,19
here_(artist),19
heus_(nuntarou),19
hi-yo,19
hibarisann,19
hibiki,19
hibimegane,19
higashi_tarou,19
higeneko_(idemoto),19
higuchi_isami,19
hinata_gureko,19
hino_(mooncalf+t),19
hino_akira,19
hinoki_yuu,19
hionhk,19
hiromasa_(1365),19
hirose_tomohito,19
hishigata,19
hiso_(inoino_4),19
hokora_(n70),19
hongmao,19
hoshi_o_mite,19
houhokekyo,19
hpknight,19
hujimogeo,19
humio_(oriba),19
huoshansama,19
hyouta_(nekogamirin_c),19
i_chi,19
ichizen_(artist),19
icqoo,19
ie,19
ikeya,19
ill,19
imo_(ryokyou),19
imoto_yuki,19
in_kai,19
inaesake,19
inagaki_miiko,19
inagata,19
inagi,19
ink_(artist),19
ink_(winkyinkywinky),19
inoue_takako,19
inpr,19
ipcen,19
iruru5666,19
ishida_kazumasa,19
ishidah,19
ishizaka_ryuudai,19
isist,19
isumimax,19
itoguchi_(manma_melon),19
itou,19
itou_junji,19
itsumoto_hiroharu,19
itukitasuku,19
iwamochi,19
iwasaki_kouji,19
izumi_yura,19
izumil,19
izumitanu,19
izumo-ss-yoshitunedenn,19
izumo_konata,19
izunanie,19
jarako_(gaillardia),19
jarzard,19
jbo,19
jiguang_zhi_aoluola,19
jinno_(megacake),19
jinno_shigure,19
jito,19
john_dimayuga,19
jun_du,19
juuroku_anna,19
k@ito90p,19
k_(kktkk),19
kabio,19
kabutogami,19
kaguya_k,19
kai_(pixiv93444),19
kairunoburogu,19
kalappo_empty,19
kalk0011,19
kamizawa_(sark),19
kamui_sathi,19
kanae_akita,19
kaname_ihnk,19
kanami_yuu,19
kanan_asuka,19
kangakuraku12,19
kani,19
kannagara_kanagi,19
kannazuki_nemu,19
kansuke_(bubuduke),19
kanta-kun,19
kara_(acluf-0156),19
karaage-senpai,19
karee,19
karezel,19
karl_liversidge,19
kasutaso,19
katsutacle,19
kawaraya_a-ta,19
kawashita_mizuki,19
kayiiin,19
kaze_shibuki,19
kazuiyun,19
kazuta_(kazutan62),19
kedouinkororu,19
keeeesuke,19
keiko_rin,19
kelly_kao,19
kellylee,19
kerogi_haku,19
ketrindarkdragon,19
khiuly,19
kibunya,19
kihuzinz,19
kimera,19
kimidorin,19
kingyo_(g-fish),19
kinokonoko12,19
kinu_(konoyoha_mtgi),19
kiri_(qoo),19
kiro_(pixiv),19
kishiba_yuusuke,19
kitamura_touru,19
kitaro,19
kito_(pixiv98689),19
kj_(artist),19
kmgk,19
knj,19
knucklecurve,19
kohaya58938,19
koi_(nisikicoi),19
kokko361,19
kokono_(sakaebaka),19
komashiro,19
komesodo,19
komiki2gou,19
konchiki,19
konno_seara,19
kono_(uiyoyo199),19
konoha_kuzunoki,19
konta,19
korokke,19
koromia,19
koshikawa_guu,19
kotake_(tuvaru),19
kotatsumuri_(yaugau),19
kotepo,19
kou_(mechalog),19
kow_(k.),19
koyukiyasu,19
kubikirisaikuru,19
kudan,19
kumip,19
kumonon_(8f2k3),19
kunn03,19
kuo_tasuku,19
kurano_yuuichi,19
kurappii,19
kurashiki_(kas0),19
kuratch,19
kurean,19
kurokitsune_(float0108),19
kuroleo,19
kuronekogata,19
kurono_kuro,19
kurosakiinu,19
kurotennsi,19
kuroya_kei,19
kurrrto,19
kurukuru_(p!),19
kushizukino_ayame,19
kusugaya,19
kuuron,19
kyoudyu,19
l.g_(greenforce1),19
l0gman,19
laila_(denbu3),19
lakuhito,19
larry_d_warren_jr.,19
lavirince,19
leche,19
lely,19
len_brew,19
leo_hariyoru,19
lepoule_(kmjh90),19
leyte,19
lihaolow,19
lilin99jh,19
lip,19
llishifu,19
lllllsual,19
loneteel,19
lost_july,19
lowrain,19
luka,19
lunarelles,19
lunaticmem,19
lurs_(lursland),19
lyoung0j,19
lyu,19
ma_na_roo,19
maasan,19
machi_(machiruda),19
maditsu,19
mai_(pixiv282116),19
maikamiaka,19
maimo,19
makimakiringo50,19
makino_chisato,19
mali,19
manekin-eko,19
manose,19
manziqr,19
marubororaito,19
maruko,19
marumusikoya,19
marupon,19
maruyama-jp,19
mary_(marlone_kuhl),19
masaoka_misaki,19
mashimaro,19
masuzou,19
matatabi_kikuno,19
matemi,19
matsumoto_(ma_tsuya),19
matsumoto_tomoyohi,19
mconch,19
mechakucha,19
megu_(littlestar),19
meguro,19
mei_(jewel_at_time),19
melang_b,19
melisaseventeen,19
mellowd,19
memorisleep,19
mepikari,19
meriken0111,19
merry_bongbong,19
meru90,19
meturyusinzero,19
mi9clous,19
mi_(mituki_wandoro),19
michinoku_(hfsa3775),19
midori-neko,19
midori_(rquick2009),19
migikiki,19
miiiiiiimu,19
mikanbako_(rakkyasato),19
miko_(s1748s),19
mimippu,19
mimosa,19
minato-13,19
minmin-zemi_(lover_paradox),19
minoharu,19
minusion,19
miruko36,19
misaka_(05),19
misfit_funny,19
mishiyomi_kadumi,19
misogi,19
misono,19
misono_denpachi,19
mitarashi_(mimi88884),19
mitaringo,19
mitsugo_(road_after_rain),19
mitsukuni,19
miya_(24toys),19
miya_(foolish_order),19
miyasaka_takaji,19
miyata_mozuku,19
miyata_waltz,19
mizuna_mizuna,19
mizuno_asami,19
mizunoyu,19
mizushima_oonari,19
mm-mb,19
mmmggom,19
mobuko_(akita_komachi),19
mochi_hanpen,19
moekki,19
mogu_(lollysweet),19
mogupen,19
mojamoja,19
momo_michi,19
momomura,19
momongapoketto,19
momoppi,19
mon0351,19
monio,19
monoelegy,19
moon-lucky,19
moonlightlight,19
morino_donguri,19
morodashi,19
morphine_(pixiv),19
motsu_rebaa,19
mov,19
mr_kasuy,19
mrhunking,19
mstarsgasuki,19
mua_(sleeping_earth),19
mudamoro,19
mugen_dai,19
muito,19
muji,19
murabito_ba,19
murasaki_no_ryuuki,19
murata_(kendou),19
murata_mine,19
mushoku,19
mutou_(canaria),19
mutsuki_ginji,19
myuutsuu,19
mzd421,19
n39,19
n_i_n_o,19
nachisuke_(nachi_comic),19
nagaresimasu,19
nagatsuki_rio,19
nagihara_rion,19
nai0524,19
naimiaomiaomiaomiao,19
nakamura_yutaka,19
namago,19
namayakeinu,19
nanamako,19
nanami_(fuku),19
nanashi_(applepower),19
nanni_jjang,19
narumi,19
nasu_(roda_de_estrela),19
natsuki0910,19
natsuki_straight,19
natsume_kei,19
nazgul_(5511474),19
nazuki_nazu,19
negativeundead,19
nekkusu_(nex_06),19
nekobox,19
nekogoro,19
nekono,19
nekoya_kazuya,19
nekozawa_yukari,19
nemui_(sleep_goodbye),19
nemuiyoo00,19
neuro48,19
nibanmachi_wakai,19
niccohudou,19
nico2gn,19
nicolat,19
niji_(apricotxx),19
nikunja,19
ninny-world,19
nirco,19
niro,19
nisenana,19
nishimura,19
nishizaki_eimu,19
niwatori_gunsou,19
no._017,19
no7star,19
noa_(kidoairaku),19
nogaru_wako,19
noibara,19
noir_(4chan),19
non_(nonbiriya_mini),19
nonjake,19
noppo-san,19
norihiko,19
not_found_(artist),19
nsgw,19
numany,19
nunua,19
nurgle777,19
nyki,19
nyorotta,19
o223,19
o_(pottypottp),19
obscur,19
obsidian24,19
ogura_ari,19
oiessw,19
oishiioniku1129,19
okayu_(crosspoint),19
okazaki_mitsuki,19
oke,19
okirune_(yappa_neruwa),19
okuya00,19
oncha,19
oneko-nnnn,19
onene,19
oni0417,19
onigensou,19
ookaji_hiroyuki,19
oou_(tafc4385),19
oppaniichan,19
orbe,19
orisa-ex,19
otafuku,19
oxo,19
p-nut,19
p_ion,19
pamchapyuzu,19
papabay,19
par_sato,19
park_jae-cheol,19
patinnko,19
pd-x,19
pe-tan,19
pekopekotaro,19
peony,19
peqermint,19
pfxxx,19
piano_(mymel0v),19
pima_mashiro,19
pimi,19
pina710,19
pink_mousse,19
pinkisch,19
piyo_(piyona),19
pnhikaru,19
popobobo,19
popqn,19
pping,19
primrose,19
pupupu_(1053378452),19
purimo_(xxxmofmof),19
purin0,19
purin_(iddunpg),19
pz,19
qin_yang,19
qplus,19
quwo,19
quwrofsk8,19
r1,19
r_shotaro,19
raechelpapaya,19
raid_zero,19
raikou_(symposion),19
rainbow2319682,19
raku_ji,19
rando_seru,19
rapizuri,19
raryuu,19
regiana_(jubi),19
rei_(rsoujou),19
reigan,19
remythxx,19
ren_(dokyakutu),19
ri_(aya_pine),19
riku_manoue,19
rikyuu,19
rin_(028ilc),19
rindou_(faker's_manual),19
rinsan_(nametake),19
ro-ga_(kurumaya),19
roadi3,19
rohgun,19
rokukatamari,19
ron_(hengyep),19
rotya,19
rp_(necho),19
ru_(xremotex),19
ruco,19
ruka,19
ruri_(rukiafile),19
rurushia,19
ryou_(effort),19
ryouseirui,19
ryumaira,19
rz28kp,19
saayartworks,19
sabamiso_(waruagaki),19
saber-freedom,19
sacchan_(hn0816),19
saden_(magumo),19
sagami_gumi,19
sagami_hako,19
sagara1990,19
sakimitsloe,19
saku_(saku9595),19
sakushin,19
salt_(reincarnation),19
sano_jinya,19
sapon,19
saraph_se_la,19
sasahara_rena,19
satobitorotoku,19
satowa_(circuit),19
sawa_nao,19
saya_(ccmkk54),19
sayama_(chiwan0830),19
seitaka,19
sekori,19
senjimon_kayumi,19
seno_(nanrandesu),19
serafleur,19
serain,19
servati,19
seshiya,19
seta_makoto,19
setta_(tokinon),19
seven_(harida),19
shailo,19
shakushaku_(nikutama),19
shawli,19
shiguya,19
shii_(luochen_xi),19
shiki_nozi,19
shima_(6land),19
shima_(aliceanna0518),19
shimejirou,19
shimeta_hiromitsu,19
shinako,19
shinano_yura,19
shinji_(udonteishoku),19
shinjigen,19
shinsui_uri,19
shinya_(midnight_rain),19
shiongaze,19
shirase,19
shiratamint,19
shiroko,19
shirota_mizuki,19
shiun,19
shiunga315,19
shokora_momiji,19
shun-syun,19
simons62166,19
sinba_(ying-hua),19
siori,19
sm_chika,19
smr03,19
so-men,19
softkittywarmkitty,19
sogegin,19
soraaya_giima,19
sorakara,19
sorane,19
sorao_(ichhimo),19
sorasou_torikodan,19
sorax2112,19
sorube,19
springveiv,19
squeez,19
stardust11,19
studiokougubako,19
subaru_(insmode),19
sugitani_kouji,19
suji,19
sukimame,19
sukya,19
sumeshi,19
sumi_tooru,19
sumomo_(tyc78503012),19
suna_(sunagawa),19
sunagimomo,19
sunahara_wataru,19
sunasu-tamako,19
sunohara_(marble0131),19
suzu-shiro,19
suzuka_(rose_coffee),19
suzusato_rinka,19
swan_212,19
syobonne,19
syu,19
tabix0819,19
tachibanaei,19
tacoyaki,19
tai_(pixiv6134),19
taipe_pepe,19
taka_(sanoujo358),19
takanashi_kou,19
takeda_conomi,19
tako_(pixiv8535),19
tamajam,19
tamano_mayo,19
tan_(knock_up),19
tan_tan_tanuki,19
tanaka_yuusuke,19
tanzaku_kishi,19
tara_baka_ni,19
tarako_(bradypus),19
tarutaru_gungun,19
tateyama,19
tatsukawa_nagi,19
tbdfactory,19
techsupportdog,19
tenchi11,19
tennen_shiori,19
tensousui,19
tentsu,19
throttlee,19
thu,19
tierra818,19
tk914,19
tk_(takotsuboya),19
tk_moai_create,19
togata,19
togusa_masamu,19
toki_ai,19
tokyo_mononoke,19
tom_waterhouse,19
toma_(asagayatei),19
tomatama,19
tomsan,19
tomw,19
tone_g,19
toniomi,19
tonko,19
tooi,19
tooka,19
tooru0908,19
tora0820,19
tori55nigen,19
tori_no_karaage,19
torinikusoul,19
toron,19
torotoro,19
toto._(nahanahasai),19
totosu,19
totoya_yuu,19
toumin,19
traghetto,19
tripleeight,19
tsubasuke,19
tsuka_(raikousama),19
tsukidaruma,19
tsukina_(gjtawgjtaw),19
tsukinowa_kumatarou,19
tsukisaki_hito,19
tsukiyumi,19
tsumurikoto,19
tsunoyomogi_amahashi,19
tsuzuki_amy,19
turna98,19
ty-papapa,19
u,19
u_amy1207,19
u_fukei,19
uchihakagura,19
ukeuke,19
ume,19
umechiui,19
umeo_retto,19
unakura,19
uno_(colorbox),19
unome_(tknm),19
unya-ta-0111,19
uonomesabu,19
urachan1629,19
uram,19
uri_uri,19
uron-rei,19
uru_(uru0301),19
ushiro_hayahiro,19
usi,19
usugiri_bacon,19
usui_rina,19
usui_ryuu,19
usukuti,19
usutsuchi_kine,19
utatane,19
uyuki,19
vandyke_brown,19
vanquice,19
violet_(eightonemini),19
violet_(qs312556616),19
vogue,19
wakashinoda_kei,19
washizuka_shou,19
wazuka_(wzzc),19
white-light,19
willgoon,19
willwind30,19
winglayer,19
wu_yuuri,19
xelwyw1103,19
xenon_(simlacurm),19
xiangtu,19
xiao_xiao_tian,19
xiaoxiao,19
xilla,19
xnoahru,19
yaduki,19
yajou_hirarin,19
yakumo_shibata,19
yakuri,19
yama_h15,19
yamada_maya,19
yamizawa,19
yasuda_katsunori,19
yaya_(shizuku),19
yaya_(y8ay8a),19
yee_(yee45913139),19
yion_yu,19
yodo,19
yoimosezu,19
yoitsukishin,19
yoko-ya_manjirou,19
yonezawa_masaru,19
yoshida_inubito,19
yosshii_(ne_ko_matter),19
you_(kimito),19
you_taira,19
youda,19
youvvsuke,19
ysrandy,19
yu-tan,19
yu-yuuki,19
yue_(qtxyjiang),19
yuge_mugito,19
yugume,19
yui,19
yuinopartyyou127,19
yuki-02,19
yuki_(sumaburalove),19
yuki_201,19
yukidaifuku,19
yukim27,19
yukimichi_(artist),19
yukita819,19
yukitsuki_hisa,19
yume_robo,19
yumekii,19
yumemiya_subaru,19
yurari_(co10rs),19
yuu_(7862260010),19
yuu_chitose,19
yuu_kikuchi,19
yuu_knight3858,19
yuubari_makuwa,19
yuuko_(nora0x0),19
yuzuki_ryouta,19
yuzun,19
yuzuriha_(active_homing),19
zarathurtra,19
zastz,19
zelda_c_wang,19
zelo-lee,19
zephyranthes54,19
zeze,19
zhai,19
zhang_xiao_bo,19
zhayoulu,19
zheng,19
zinnrikisya,19
zizizy,19
zzzzzzzzzzzzzzp,19
+++_(artist),18
0e0n0_2,18
108tooya,18
132,18
14sky,18
1=2,18
1dtsa,18
243_(jel),18
26_(sister_freedom),18
2n5,18
310_(garnetsato),18
532,18
5yusuke3,18
9999gpera,18
9ji_(48792047),18
a_(riduass023),18
a_kun,18
abriel00,18
abueloretrowave,18
achmunzav,18
adam_warren,18
adusa,18
agakunoda,18
agen_chiita,18
agenoumi,18
agustinus,18
ai_(blacktea_milk),18
ai_(pixiv2263054),18
ai_yoru,18
aiai,18
aihara_kaya,18
aikanm,18
aine_(haibane),18
airando,18
aishan_(aaaishan),18
akaboshi_imoko,18
akachuu_no_gema,18
akaikonomi,18
akajiyuuki,18
akane_(allegro_mistic),18
akaume,18
aki_(makinoakira),18
akikoke,18
akkii_(meragold),18
akkirarara,18
ako,18
akubi_(fyfy),18
akutagawa_manbou,18
alan_campos,18
alexiel_(pixiv6211566),18
alfi_(tok),18
amacha,18
amai_yadoraki,18
amano_misaki,18
amatlas,18
amefurasy,18
amekawa_setsu,18
ameto,18
ameya_shioichi,18
amua,18
an_jera,18
anatidae,18
andre_borges,18
animalice,18
animetta,18
anko_(nanzo),18
ant_(fenixant),18
aoi_bara,18
aoihitsuji,18
aoyama_reo,18
aozakana_zabaano,18
ariamelos,18
arisue_tsukasa,18
artist_apprentice,18
artrica,18
aruhina,18
aruken,18
arumu,18
aruu_(memories),18
aruya,18
asa_fuyu,18
asababa_kure,18
asada_nikki,18
asami_you,18
ashfair,18
ask_(dreaming_cat),18
asma_art,18
asuka_(pixiv82529874),18
atomictiki,18
atsumuchi,18
avossu,18
awa_(awaawa),18
awa_(houteishiki),18
awachi,18
ayachu,18
ayakasama,18
ayakichi,18
azuko_(ampenm),18
babyfoxcc,18
baiyishaonian_huam,18
baku_(artist),18
bananajerky,18
bbb_(33kudo),18
bbu_upman,18
bibi_(p_pp8888),18
biho_(tsuinku),18
biwa,18
bizen,18
blackjunk,18
blackzizi,18
bluessk,18
bobobo,18
bolt0002,18
bone_oyasumi,18
bonne_c,18
boori988,18
brad_(16325),18
bravo233,18
bukiyama,18
burai_yuuki,18
burenbo-chan,18
byo_(kuro_usagi),18
byronb,18
c@rbon,18
c_(pixiv3064042),18
canadawbd,18
carrion1129,18
catin,18
cell1913,18
chakku_kanda,18
chaoschao,18
charmwitch,18
chelonia,18
chen_feng_si,18
chibiibiru,18
chikaburo,18
chikama_(minka),18
chikashige,18
chikori,18
chilia012,18
chima_(fusigiko),18
chita,18
chocolate_lover,18
choko_(mixberry_parfait),18
chongtian_yixiao_shualuanfei,18
chunhui_lee,18
chunyan,18
cla,18
clays_(clayschan),18
clinexgrim,18
cmy,18
cony_(la_locura),18
cookin,18
cosom,18
cranio,18
crise,18
crystallized-cheese,18
cyenwl,18
d-nezumi,18
d.sum,18
dagashi_(place),18
daichi_midori,18
daimaoh_k,18
dameaki,18
dangan,18
dango_ya,18
days,18
deer_(deer423-81),18
demerin,18
denmoko,18
dextral,18
dias-tajima,18
dino_(trexsilence),18
dkirbyj,18
dkoro,18
dopollsogno,18
dorowa_no_hito,18
doublep0ints,18
dr16,18
duko,18
e.t._liu,18
e.x.on,18
e79,18
eadgear,18
ebiten,18
eirashard,18
eiyuu,18
ekfh4rnrqkq,18
emoto_reishi,18
emptycicada,18
enohito,18
eri_kamijo,18
erica_lahaie,18
eringi,18
eru_(9878622),18
eva_smith,18
eveshut,18
eviryun,18
ex_saki,18
exxe,18
ezu_(leejiyu),18
fai,18
fastbond,18
fcc_(fengcheche),18
fd375575,18
feirla,18
feita_(counterfeit),18
fetishist,18
final_(artist),18
firecel,18
fj_0102,18
flimflam,18
forutaro,18
forute_na,18
fred_gallagher,18
fue_(fuef),18
fujikami_(lilac),18
fujita_(umeeda_fuji),18
fukafuka,18
fuku-ro,18
fumihiko_(pixiv2658856),18
funnismonkis,18
funtarunta,18
furekuru_(freckle),18
furono_(fuloru),18
fuyu_no_kareha,18
ga_no_kitsune,18
gaanzi,18
gaia,18
gakuou,18
galactic_small_yellow,18
gandg,18
gehirnkaefer,18
gidoh01,18
giisu,18
ginji_(artist),18
ginon_(sjyh3466),18
gmork,18
go_(mumuke),18
gokokukyou,18
goldfish_(artist),18
gomigomipomi,18
gorilla(1844~),18
goya_(team_harenchi),18
grasspainter,18
gricom,18
gureko_rouman,18
gwensenpaii,18
gymno,18
hachimitsu-b,18
hachiya_mei,18
haduki,18
haeil2,18
hagihara_asami,18
haikan_kouji,18
hajime_kaniku,18
hakuramen,18
halcyon,18
harada_shoutarou,18
harayan,18
haru-same,18
haru_(inamura4),18
harumachi_(hi-sugar),18
haruto1192,18
hasetomo,18
hashibuto,18
hashiko_(pecopom),18
hashimoto_(soukidann2010),18
hatiyamei,18
hawthorn,18
hayabuta_(emi),18
hazuki_m,18
he_pu_pu,18
hei_zhi_shi,18
hel0205,18
henemimi,18
hennekobakatesu,18
hideaki,18
hifumiyo,18
hikami_izuto,18
himeki,18
hinacalibur,18
hinaka_8910,18
hinato,18
hirasawa_yuu,18
hiro_kazuki,18
hiro_satochi,18
hiropon_pj,18
hirota_kaoru,18
hiru,18
hisaori_riko,18
hishiki_(pixi14719710),18
hitokui,18
hitsuki_(akifumi),18
hitsuki_(hiidukii),18
hk,18
hkn_(ringya),18
hnanati,18
honda_(artist),18
honey0x0x0,18
hoshiai_tora,18
hoshiyuki_aruru,18
hotaka,18
houseki-hime,18
hoyano_(maimai),18
hysteria,18
ichi_(fe1538),18
ichigohou,18
ichinose_(ktmnn),18
igul,18
ikeda_keisuke,18
imme_111,18
imonosato,18
iname,18
infrontie,18
ing'yeo_soyeo,18
inou_hiroaki,18
inu_(mezonsidepark),18
inuga_anahoru,18
inunuki_000,18
inuyou,18
io_(pixiv21347802),18
irene_koh,18
iseyun,18
ishiaji,18
ishiatama,18
ishino_satoshi,18
ishiwata_makoto,18
isono_satoshi,18
istkeinmal,18
ito_user_2810a,18
itousatou_mutou,18
itsmefool,18
itsuki_(yishu),18
iwa,18
iwamasama,18
ixen-fei,18
izumi4195202,18
j_am,18
jacky_lau,18
jairo,18
jakushou_archer,18
jamal_campbell,18
jamesjoji,18
jeff_sorley,18
jeruka_(otot9181),18
jima,18
jirufun,18
jirusu,18
jjwww_love,18
jkt_(sheltem),18
joey_hanma,18
jotti,18
jr_bartok,18
jude_(minority_lilac),18
jung_myung_lee,18
juuya,18
ka_du,18
kabako_(lilypicture410v),18
kabane_(rjev8385),18
kabe_(ryuryuta),18
kae_(hyugafire),18
kagero_(plusup),18
kageyama_mari,18
kaineri,18
kaitou0215,18
kajinman,18
kajio_(maburo),18
kakinomai,18
kakip,18
kakko_madoka,18
kamexmusi,18
kamira_naito,18
kana_(kwbr),18
kanae_funwa,18
kanai_amachi,18
kanamura_will,18
kanan_(karehane),18
kanatsu,18
kaneda_tamago,18
kanehira,18
kanemaru,18
kanipanman,18
kanna211,18
kanwa,18
karasu_kame_ex,18
kariu,18
karua_m,18
kashiopea,18
kasumi_seiki,18
katochin_(pixiv),18
katsuki,18
kawano_rikopin,18
kawasemi,18
kaworu,18
kazenonegura,18
kazo_(kazozakazo),18
kazunoko,18
kedamaton,18
kei_(inu_no_ura),18
keiko_(sc_kei),18
kenkou_toshikou,18
kent_(kariumu),18
kere_(kere9r),18
kesomaru,18
kevin_glint,18
kflamingo,18
khibiki,18
khylimei,18
kimey,18
kimoto_kanata,18
kimura_masahiro,18
kino_(artist),18
kinokomeshi,18
kinshi,18
kinu_(le),18
kirika,18
kirishima_itsuki,18
kiriya_black,18
kiryu_naoto,18
kisaki_(pocafelicita),18
kishi_naon,18
kitara_koichi,18
kitsune-tsuki_(getter),18
kitsune_no_denpachi,18
kizawa_hiroto,18
kknoe,18
kkuang,18
kohinata_(sdu0628),18
koike_sadaji,18
kokage,18
koko_(hm142533),18
kokoroke,18
kokumosu,18
kokuro,18
kom_(water0371),18
komeko5,18
komio_(do@ho),18
komiya_hitoma,18
komiya_nigi,18
komota,18
kon_(keisukesanta),18
konowa,18
konro,18
kontore,18
koron_(macarongirl27),18
korotsuke,18
koruri456,18
kosugi_nozomu,18
kotamaru_(pajama_soft),18
kote_(tures),18
kotobawa,18
kotomiracle,18
kouba_nobu,18
kouhei_(sxmas),18
kouno_kb,18
kousagi,18
koyashaka59,18
koyubisennti,18
kozimaki,18
ktm,18
kuduq,18
kuilaogouhuabudongle,18
kujira_jio,18
kumaneko,18
kunifuto,18
kupala_(artist),18
kurana,18
kuratsuka_riko,18
kureto,18
kurobarashan,18
kuroda_ariake,18
kuromen,18
kuroneko_(kuroneko3zizi),18
kurosawa_itsuki,18
kurose_rena,18
kuroto_yamaneko,18
kuru2pantu,18
kurumai,18
kusumi_ranma,18
kuuga_(cf),18
kwgt,18
kyouko_(roughplus),18
kyra,18
kzm_(sub-moa_works),18
lan_jue,18
laruha,18
lccc,18
left_mouse,18
lennsan,18
linne_(ruielinne),18
linnkou,18
lip_(coco),18
living,18
llowoll,18
lolicom,18
lolliedrop,18
lono,18
lovezawa,18
low,18
lucky9,18
m.b,18
m_o_(prftz),18
macaroni710,18
macha,18
machinicalis,18
machino_koyoi,18
madeleine_bellwoar,18
magewappa_z,18
magzz,18
maharagi_375p,18
majin_(marcia),18
maki_(pixiv),18
makki_(tobaccos),18
mako1984,18
mako_(lovely_panda_house),18
makumaku,18
manabu_adachi,18
mangoshake,18
mariabowl,18
marimotencho,18
marine_(1894271),18
maritan_(artist),18
mars_(artist),18
maru_show,18
marui_happa,18
maruo_(ciao15),18
masami05071541,18
masami_t,18
masato_(oal),18
matsuda_(louol),18
matsumoto_tomoki,18
may_c,18
meansary,18
mee,18
megumi_(piyo7piyo9),18
meimuu,18
meke,18
mensoubou,18
meo_(1271884559),18
meow,18
metal_akira,18
metaphor,18
mgmgkyun,18
michaelovten,18
midorinoko,18
mikaki_mikako,18
mikasimo,18
mikia_harris,18
mikiharu,18
mikkii_(tales329),18
mime_404,18
mimimi,18
mimiz,18
minakami_rinka,18
minato_yoshihiro,18
minatsuki_yurara,18
minazuki_isami,18
minogi1029,18
minominoks,18
mintgreen0913,18
mipaihere,18
miraa_(chikurin),18
miracle!,18
mirai,18
miri_(roll),18
miwa_(m-iwamiwa2014),18
miyasaki1130,18
miyatake_kazutaka,18
miyu_(botan),18
mizukamakiri,18
mizuki_kiyoshi,18
mizuki_yayoi,18
mizushishi,18
mmg,18
mobcap,18
mochigome,18
mochigome_(fatelly),18
mochisoldier,18
mochuuuuuuu,18
mofupaka,18
moi,18
moke_(rotary),18
mokujinn,18
mom2,18
momen,18
momiji_(00mmj00),18
momo02634,18
momokurianzu,18
momozakura_nanao,18
mono_(sunegey),18
mori_yoichi,18
morisata,18
moriyama_yuuki,18
moss_(sphere211),18
mugennagi,18
mugityax,18
mukudori10,18
mukumuku_u,18
mumu_millhayes,18
mumyou_ishi,18
muramasa,18
murasaki-no,18
murasaki_aya,18
musan312,18
muta_(munimuni),18
mw,18
my700,18
mym,18
myrollingstar,18
nac0n,18
nachisuke,18
nadeshiko,18
nagamon,18
nagino_hiiragi,18
naigashiro,18
naiko001,18
nakaizumi_tatsuya,18
nakamura_kuzuyu,18
nakanishi_kent,18
namagaki-san,18
nameco,18
namidate,18
namin_(namin1317),18
nanase_yuki,18
nanashi_maru,18
nano00,18
nano_(lanthan00),18
nanzuyo_(gnsi),18
naoazaz,18
naoki_yukira,18
narcolepsy-1900,18
nari_(hoooooolic),18
narina,18
narju,18
narumi_aoi,18
narumi_yuka,18
natano_hisanori,18
natsuki_yuka,18
nazu,18
nazuna_(nazuna_a2),18
neccom,18
nedayashi,18
negishi_hideto,18
neki,18
nekoif,18
nekono_moni,18
nekushiro,18
nemu_(pixiv),18
nene_(oneoneo13),18
nernot1,18
netoro,18
niduca_(hio_touge),18
nigatsu_(fevrali),18
nigoru,18
niigfostr,18
nijigami_rin,18
ninjin,18
nishida_atsuko,18
nishimura_rie,18
nitrovu,18
niwakaame_(amayadori),18
niwakaike,18
niwma_(myriad_revery),18
njigen_hairitai,18
nobinonki,18
noda_yasuyuki,18
noki_(hanken),18
nokogiriotoko,18
nolja_cz,18
nomeo,18
nori_nori_ex,18
noritake,18
noro_(king),18
nowheresoul,18
nr_noir,18
nukoko_(akumagansyakudairi),18
nuppa,18
nyatrix,18
nyt_(nagane),18
oao,18
obara_gaun,18
ogata_sai,18
oglee,18
oishii_garriel,18
ojima_(ojimadou),18
oka_asaha,18
okamocheese,18
okayama_shinako,18
okinamaro511,18
okitya,18
okura000,18
oliolio,18
onemu_(artist),18
oniku_(o_ni_q),18
onsta,18
onyx_(artist),18
ookami_makoto,18
oomii_(f.style),18
oono_junji,18
ooomi,18
oosawa_(azeeee73),18
oramustat,18
orendi_laran,18
orenji_(orenjipiiru),18
oresanjyo,18
oshakana,18
osomatu-sama,18
ototarou,18
ouhina,18
p,18
pael,18
pakupaku_choppu,18
pandora_(artist),18
pangohan,18
panimiiru,18
pantarou,18
panzermeido,18
paraiso,18
paruru_(yu-cho),18
peach_(marslave),18
pekoo_(pekota),18
petenshi,18
peulopi,18
pigeonblood,18
pip_(red_juice1869),18
pkbunny,18
pkmn10,18
pnoji,18
po_posan,18
po_su_su,18
pohe,18
pokachuu,18
poncho_s,18
ponkichi_(hazama_senkonmeiraku),18
pood1e,18
potato_(sksnabi),18
poyon,18
pre3445,18
punew,18
px8xq,18
q;,18
qqm32xk9,18
r0c,18
raafuru,18
rabihiko,18
rag713kuro2,18
raian,18
ramble12,18
ranranloo,18
rappa_(sirrappa),18
rasshel,18
ravernclouk,18
recube,18
redpipin,18
redz,18
rei_k_79,18
reira_(reomimi0211),18
renton,18
restra25,18
rethnick,18
rfa,18
rhasta,18
riccardo_bacci,18
rin_(ateria),18
rin_takanashi_glacies,18
rinda,18
rindo8_(rindo7),18
ringocha_(appleteatea),18
ririfu,18
ririneko,18
riuhi,18
roino,18
rokoido12,18
rokugatsu_no_usagi,18
rokuromi,18
ronica,18
roozin,18
roviahc,18
rozario_(akai_rosario),18
ruannu,18
rui,18
rukousou_no_hana,18
runa_(nori31291404),18
ryu_(leon_esoragotonooto),18
ryugun,18
ryuuichirou_(haineken),18
saburouta_(hox-666),18
saita794,18
sakano_anri,18
sakichi_(gyro7msk),18
sakura-no,18
sakura_emi,18
sakura_tsukitei,18
sakuramau,18
samara,18
same_no_fukahire,18
samejima_minoru,18
sanada-x,18
sanse_haiyan_baomihua,18
sansenokumo,18
sara_yuuki,18
sasama_keiji,18
sasayama_panda,18
sato_(yuki0634),18
sato_iori,18
satoko_kiyuduki,18
satori0121,18
satou_karume,18
satou_masayuki,18
satousatotototo,18
satsujinki_(artist),18
say_(sakabin),18
sayvi,18
sazanami_(artist),18
scotch,18
seihou_(artist),18
sentarou,18
sentyouoekaki,18
seojung,18
shenani,18
shibamoto_thores,18
shigemu_room,18
shigeohji,18
shikosour,18
shimeji,18
shinbee,18
shine5s,18
shingo_(pixiv),18
shintani_kyou,18
shiorinda,18
shirado_emi,18
shiramomo,18
shirotsume_kusa_(sayern),18
shiruhino,18
shishido_katsura,18
shokupa_(skp300),18
shumatsu3210,18
shunkashuutou,18
sidate,18
simonori,18
sks_(s3_rosquilla),18
sky360,18
skywalker0610,18
slowpit,18
someya_mai,18
song26929,18
soon_(c-u-soon),18
soraneko_(artist),18
soubee1,18
souchi,18
souichitei,18
souku_choshin,18
soya,18
spirasen,18
ssanghwa_tang1,18
stefan_koidl,18
stells,18
stem,18
stk,18
stolas_(lemegeton),18
sudoka,18
sudstance,18
sukaponta,18
sumi_(pixiv619693),18
sumxsum03,18
suna_ko1,18
suno-pi,18
suomio,18
super_masara,18
superbecky,18
surato,18
suribachi_(miyabi),18
surume_(kvpsurume),18
susinoyama,18
sutocking,18
suzuhara_shima,18
suzuki_(gmbk),18
suzuki_(pixiv1277943),18
suzumiya_kiriha,18
suzuri513,18
suzushirokei,18
suzushoku_hiro,18
syd_mead,18
t-hiko,18
ta-to_(sprout),18
ta_(tama2623),18
ta_ko,18
tada_no_shika,18
tadano_akira,18
taiki_miyu,18
taishou_tanaka,18
takagi_(0takagi0),18
takahashi_kanon,18
takahashi_osamu,18
takamine_(smdx),18
takanori_yamada,18
takayan,18
takemoto,18
takimiho,18
takokichi,18
tamakake,18
tamaki_hayato,18
tamane,18
tamo_(tamokuteki_kuukan),18
tamori_tadaji,18
tanzzi,18
tashiro_yuu,18
tasuro115,18
tatata,18
tateo_retsu,18
tateshina_ryouko,18
tatsuki_maki,18
tatsumi_(serao),18
tawashi_(pixiv),18
tawasiken,18
teapo_(pixiv81696),18
teeth_(artist),18
teketo,18
tenma_(xxx),18
tensutensu,18
teradiam,18
teruki,18
tetsubuta,18
tezunuri,18
the_boogie,18
third,18
tkfm,18
tobii_(tbtbi),18
tobimaru,18
toisu,18
tokujay,18
tomeriko-123,18
tommaso_renieri,18
tong1494,18
tonoko_(cinq5),18
tonykun,18
tora_(tora_factory),18
tori_(driftwood),18
torikoshi_kurou,18
torinosukei,18
toritori_(yakitoriya),18
torohiko,18
toroid_(621997),18
totolarc,18
totsuki_touka_(orange_factory),18
treize_(mauve),18
trope_art,18
tsubugaai,18
tsukamori_shuuji,18
tsukizawr,18
tsukushi_sasa,18
tsukuyomi_03,18
tsumita,18
tsumiwara,18
tsuntsun_(tuuuuuuntun),18
turkey_(weave7769),18
twt,18
tyokopan,18
typeakiha73,18
u_(uuupixi),18
uchikaze,18
uchiuchi_keyaki,18
uliel,18
umaten,18
umeshyu_sake,18
umigame_2000,18
umigumo_yuuna,18
umihara,18
umoo_futon,18
undershaft,18
uni_mmtab,18
unknown,18
uomiya_naname,18
uoyaao,18
ure_p,18
uri92,18
urihara84,18
urokoro,18
urushibara_rikka,18
usa_(cubic),18
utani_(punishment),18
vanzan,18
viki00,18
vioro,18
von-cx,18
w_rong,18
wakudori,18
wamusato_haru,18
warabeshi,18
wastegoma,18
wonst92,18
wotori,18
wreath_(a1b2c3d45),18
xacco,18
xamag,18
xeternalflamebryx,18
xin_wang,18
xulhey,18
ya_qaq,18
yaaben,18
yahoklh,18
yamakamu,18
yamaki_suzu,18
yamamoto_akie,18
yamanashi_kawanashi,18
yamaneko,18
yamaque,18
yamarata,18
yamino_haruka,18
yammy_y,18
yamtteng,18
yanazuki,18
yasu001,18
yasui_riosuke,18
yatsune_rika,18
yeyebirdie,18
yinghuo,18
yiyizi,18
ymsr,18
yoeah,18
yoneda_taishou,18
yonu_(nyonu),18
yoshi_(taiko7),18
yoshiaki@aa,18
yoshida_(pixiv),18
yoshiga,18
yoshino-9,18
yoshiomi,18
yosshii_(ropichan2),18
yotsura,18
youkai_ankake,18
youluobo,18
yoyoseafish,18
yskysk,18
yu-kun,18
yu_(13377),18
yu_yun,18
yuizawa,18
yuja,18
yuji_(masterpiece),18
yuka_(mischief),18
yukiale,18
yukichi_(yukichi_rururu),18
yukiguni_(moaism),18
yukikaze_(aaassszzz),18
yukikaze_(isamiashi),18
yukimizu,18
yunagram,18
yuni_(artist),18
yuri_(freedom),18
yuri_(purinlove),18
yusei_yui,18
yuu_(archaic_smile),18
yuuk33,18
yuuna,18
yuyan,18
zamudelin,18
zen99,18
zino,18
zinpati,18
ziyi_zhengjun,18
zn242878163,18
zon_nura,18
zoom_(artist),18
zukiyuki,18
zwei_(santanawamuujojo),18
zxc,18
019,17
1059,17
1yym,17
2215,17
310123,17
35,17
40cabbage,17
41_(taskmaster41),17
45acp,17
637_00e_seran,17
6w6y,17
7wata_himori,17
817nono,17
8bit,17
8tan,17
a24wks,17
a979717082,17
aburisamon,17
ac_xsk,17
acid_g,17
aebafuti,17
aer0hail,17
aethos,17
afglo,17
aida_mei,17
aikawa_yousuke,17
aimai_(artist),17
air-bird,17
aize,17
akano_sakura,17
akapii_(jun_0512),17
akatsuki_taku,17
ake_(harlequin),17
akiha,17
akiho_hayuu,17
akira_(umihan),17
akiyoshi_nozomu,17
akk1,17
alm,17
alpha_(smashbox),17
aly_(eshikidori),17
amane_(funfun),17
amane_mio,17
amarotamaro,17
amaya_daisuke,17
amemiya_akira,17
ames,17
amg192003,17
amine,17
amino,17
anatamouta,17
aneater,17
anesaki_dynamic,17
animoool,17
anna_(anna1997),17
aoaoaoaoiao,17
aobara,17
aoi_subaru,17
aono_wo,17
aosaki,17
arantheus,17
arashi,17
aristocrat-y,17
aritani_mahoro,17
armadillon,17
aru-sci,17
aruurara,17
asada_tarou,17
asahi_yanagi,17
asako_ito,17
asari_toko,17
asawa_ei,17
ashika_nozomu,17
ashishi,17
asuima,17
asuka_pyon,17
aterumichino,17
atkdog,17
atomi-cat,17
avri,17
aya_rato,17
ayako_(xiaqiu),17
ayami_(ayanoayanosuke),17
ayato_(kinoto),17
ayto,17
ayuda_ayutaro,17
ayya_sap,17
azuki-azuki,17
azure_starblue,17
babuix,17
bai_wang,17
baitomouya,17
bakusyuu,17
bal_panser,17
baliu,17
ban_(bannyata),17
batsu_koseidai,17
baz_neko,17
benghuai_7,17
beniyaorin,17
best,17
bettyannnewaters,17
betuni,17
bibabunie,17
bikkuameron,17
bikuto_ryuu,17
bikuwa,17
bitaraga,17
biten,17
bittenhard,17
blackmorass,17
blanket_(kkbjah),17
bloodcat_(babacatcat),17
blossomsa,17
blue16,17
bobusan,17
boorunrun,17
boppin,17
boribeya,17
breakblack,17
bromojumbo,17
bunchin_(siso_junzy),17
buriki_neko,17
butata,17
butter_(butter38700739),17
c-lop,17
c2,17
c3yooooo,17
carazuki,17
cardinal777,17
cecil86,17
cfm,17
chabatake,17
chalos,17
chernotrav,17
cherry_rosso,17
chico907,17
chiizu_ochaduke,17
chika009,17
chikaoka_sunao,17
chikuwabuta,17
childwolf,17
chisaki,17
chisaki_(sorajik),17
chive,17
chizuru_(ambient),17
chocolat,17
chuna,17
chunnkoromochi,17
cif,17
ckhd,17
clam_curry,17
cocoa-6m,17
cocowoushi,17
coeda,17
collective-mind,17
comb_(suz),17
cooru,17
coramune,17
cporing,17
cr,17
cradle_(2849),17
creta_(taku10),17
cursedapple,17
daga,17
dagasi_yk,17
daifuku_(usagi_pie),17
daikon_(tomohiro158),17
daiyou-uonome,17
dam-miyuki,17
dani_(kamenoaru),17
danusko,17
deanoia,17
dearrose,17
deathwingxiii,17
deeshima,17
deku_(dekunosu),17
delphinus,17
demio,17
denden_(denchankumatan),17
dengshuyu,17
destroyb,17
dgo,17
diao_bu_landuo,17
dokkoi,17
doku_kinoko,17
dolce_(yoshino),17
doming,17
doodlebozo,17
douganebuibui,17
dragon_star213,17
dreamearth,17
dribble,17
dugan,17
dxlsmax_(lizhimin),17
e._t._liu,17
ebi_(6_5),17
edih,17
eirakko,17
eiraprpr,17
ekibyou,17
ekkusu_kyuuzu,17
emu_(eomou),17
enikuma,17
enoki_nai,17
estel,17
estrella,17
eteraito,17
etm_(75220988),17
etoranze,17
etoryoku,17
etsuji,17
eu_(unknown-me),17
eules,17
evinist,17
evokid,17
f_et,17
fatrabbitr,17
ffcreatyuuki,17
finalelysion,17
fluovordt,17
flyaspring4,17
fork_(357022),17
freeze_(867139),17
fromchawen,17
fuchuu,17
fufu,17
fuji-yama,17
fuji_dorokai,17
fujie,17
fujiyama_takashi,17
fukiyu_(fhxyhky),17
fukuhara_tetsuya,17
furuderi_mayono,17
furumachi_kyuu,17
furumi_shouichi,17
fuuma_(humawww),17
fuwata,17
fuyu_kitsune,17
fuyuu_seibutsu,17
fuyuzima,17
fuyuzora,17
g-buri,17
g_tong,17
galaxy_blue,17
gatakenjin,17
gbmah,17
gebo,17
gengodou,17
genichikou,17
getter,17
ggk-kgr,17
ghostas,17
ging_(tokushima),17
ginmugi,17
gio_tengco,17
gkrk89,17
glenn_(600224),17
go-gyan-sun,17
gobeur,17
gokuma,17
goma,17
gong_(mgong520),17
gorilla_(mushimushiland),17
goshiki,17
gouya_daifuku,17
gozen_shinshi,17
growingnoob,17
gsq,17
gukuli,17
guyai,17
gyoe,17
h-noi,17
hachi_(hachikai),17
hajime_kazuhito,17
halfway,17
hamakenn,17
hamiyun,17
hanakan,17
hanamizuki_yuuki,17
hanamura,17
hanarain,17
hanasaki,17
haneko,17
haneto,17
hangetsuakibarika,17
hankon,17
hannpen5500,17
hannyag,17
hao02909434040,17
haotmeal,17
haoyuan,17
haren,17
hari_(atheos),17
haribote,17
harikonoma,17
haru_haru,17
haruci,17
harukaze_bou,17
haruma_(high_drop),17
harurun_zw,17
haruto_(artist),17
hatoko-sama,17
hatsubasa_sakana,17
hatsuga_genmai,17
hayakawa_sonchou,17
hayamiya,17
heihokon,17
heike_gani,17
hexed,17
hey_(bluebell),17
hidariyori,17
hideo_(yata_shoshinsha),17
hiiragino,17
hikagexx,17
himeno_suika,17
himewe,17
hinagiku-19,17
hinata_(princess_apple),17
hinemosu,17
hino_hino,17
hinona_26587,17
hinuki_marina,17
hirano_kouta,17
hirasawa,17
hiro_(5796143),17
hiryukai,17
hishagawariho,17
hisou_noa,17
hisuririi,17
hitaki,17
hitoshi,17
hitsuji_(artist),17
hitsujimura_saki,17
hituzirobo,17
hiyo_(monstarpinkcat),17
hloox,17
hoka,17
honda_(obon),17
honesaikou,17
honky,17
horaemon03,17
hornchameleon,17
horten,17
hoshino_fuuta,17
hotaruru,17
hou_akira,17
hp7car7nxrq5s7q,17
hsg_(pm400),17
hymc,17
hyoumaru,17
i!,17
ia_(artist),17
ibitsu,17
icemissile,17
ichi_(bji),17
ichiban_shibori,17
ichikawa_saasha,17
ichimonji_kei,17
ichiro_matsura,17
ikuta_semi,17
im5364,17
im_(inuboe),17
imoden,17
imomushi,17
ind,17
indee,17
inojita_mukamo,17
invaderdarling,17
iro,17
iroia,17
iroto_89,17
ishidate_taichi,17
ishii666,17
ishitsuki_merokoa,17
ishizaki_uni,17
ishizuekachiru,17
isobe,17
issun_boushi,17
itofuya,17
itou_katsumi,17
ituka,17
iwashi_(morpho000),17
iwashi_(msr_rgb),17
iwasico,17
iyo_(kirakirahoshi),17
izakiai,17
izou,17
izumi_mogu,17
izumo_(pixiv362913),17
jam-orbital,17
jamie_loughran,17
janna,17
jazz9207,17
jellylily,17
jey_(j3y),17
jiaenn,17
jiaoshouxingfa,17
jii,17
jin_kashiwagi,17
jirou_(satsuma0083),17
jirousan21,17
jiwieru,17
joy_(artist),17
judgedarts,17
jugatukumao,17
juhaihai,17
juicy,17
juliacco,17
juriesute,17
jurithedreamer,17
justeeeeth,17
jwetefmgyvhlxqn,17
jyairo,17
jyh,17
k-996,17
k-a-i,17
k_(shinya90),17
k_kino,17
kaburaya_seiden,17
kaden,17
kado,17
kadoyuki_(kadouki),17
kaemonn,17
kagami_yuu,17
kagura_takeshi,17
kaisen02_(kaisen_donburi),17
kako11,17
kakuchou,17
kamanberu_sando,17
kamereon_three,17
kamifish,17
kamiyama_izumi,17
kamo_(rsrk),17
kamogawa140,17
kanata_(pixiv),17
kanesada_keishi,17
kaneshiki_suisse,17
kanmai_x_sou,17
kanoi_70,17
kansuke_(artist),17
kantachi,17
kaos_(kkkakao),17
karasumakarma1225,17
karosu_maker,17
karu_(kei-1989),17
karuborara,17
karukachika,17
kasalelia,17
kasu,17
katayama_makoto,17
kawahara_megumi,17
kazashino_miyabi,17
kazasuzu,17
kazune_rain,17
kazushima,17
kdc_(koineko),17
kedama_black,17
kenji_gonzales,17
kepe,17
keroyon,17
keroyon-jima,17
keyade,17
kiarino,17
kiilowolf,17
kimkim,17
kimoshi,17
kimuti-g,17
kina_(milele),17
kinako_(kota6),17
kingetsu_mikoto,17
kingumokemoke,17
kinouka,17
kiri_(regulaton),17
kirise,17
kiriyume,17
kiryu_tsukasa,17
kisha_(quo_inari_taisha),17
kishimen,17
kitsunetsu_(rcu_be1s),17
kiyuren,17
kizaki_yuuri,17
kizoku-chan,17
km_(kyoma0),17
knightzzz,17
kodaka_kazuma,17
koike_satoshi,17
kojiro_d,17
kokemomo_sayakusa,17
kokoen,17
kokomi,17
kome_(404),17
komugi_(komugi_ckdi),17
komyu_(masheri),17
konaa,17
kongeraatio,17
konnyaku963,17
konoka,17
konsu_konsuke,17
kosa_k,17
kotatsumuri,17
kotokoto_(vibgyor),17
kouga_(hipporit),17
kousaka_yami,17
kouya_(libera),17
koyashi24,17
krabat,17
kuchinashi,17
kujyoo,17
kumakuma,17
kumaneko_rococo,17
kuontendou,17
kurio,17
kuro_(kuroi-nanika),17
kuro_mame,17
kurobane_(fukurou15),17
kurone_kuroneko,17
kuwae,17
kuwahara_souta,17
kuyuru_(vocalo520),17
kyouko_kasa,17
kyouwashi,17
kyu_(wein-seria),17
kyuuma_(shimashima521),17
l.wolf,17
la_ciero_(pixiv),17
ladygt93,17
lailu,17
lalil-le,17
lazward,17
leglet4,17
leiror,17
lemon_honey1013,17
lemon_tea_(15058751917),17
leon_no_neko,17
leopon,17
les,17
li_(lithium0522),17
lili_(artist),17
lisa,17
litlicha,17
lobstrater64,17
lone_wolf,17
longjunt,17
luigiix,17
luonawei,17
luoz,17
m516,17
m_(pixiv9151),17
m_spark,17
machiko_(beard),17
mackey_(mthc_riku),17
macline,17
mae,17
maika_(maikaoekaki),17
maikuro,17
maimai11,17
makigaihe,17
makotoji,17
maku,17
mallow_(artist),17
malmaron,17
mamama,17
mame_(enndoumame2009),17
mamii,17
mana_(gakuburu),17
mankintan,17
manzai_sugar,17
mao9721,17
marai_shin,17
maro4,17
marokko_(41evol),17
marukorondo,17
marwan_islami,17
masao_tsubasa,17
mashiko_hiromi,17
mashiro_momo,17
maskjoker7,17
masutaa,17
matsu_(nia),17
matsu_(sekaowaoneok),17
matsuya,17
matt_bozon,17
matyurisu,17
mayo-black,17
megalateo,17
megumegu_hosi_117,17
megumi_ryouko,17
mekakusiansar,17
mellow,17
melodybullet,17
mera_jin,17
mere_(enya),17
meryl_santos,17
meshi,17
metadora,17
meteolance,17
mezashi_gohan,17
mezasi,17
mhn,17
mi-so,17
mia_(kuja999),17
micha_(chaho),17
mid_knight,17
mido,17
mido_(byebyebye03),17
mie_nabe,17
migato,17
mihoka,17
mihune,17
mii_(aad378),17
mikamo_nekotani,17
mikeneko_(stray-sheep),17
mikususannda,17
mikyo_u,17
mil2,17
milfy_oira,17
milimilihosi,17
millelunar,17
mimi_no_jou,17
mimori-p,17
min_dei_bae,17
mina_shon,17
minarei,17
minhoo,17
mini_(minimilk),17
minomushi_(mino_kkgt),17
minpou_(nhk),17
miokuri,17
misoshiru_utoma,17
mitsumame0810,17
miyako_(ta183),17
miyama_amehiko,17
miyano_(user_nhea8337),17
mizuki,17
mizumoe,17
ml,17
mmk_okikami,17
mndayo,17
moffle_(2019),17
moi_(latte_art),17
mokkosu.,17
momobosi,17
momoishi,17
momoko_(pixiv219000),17
momose_rin,17
moni,17
monk_(syugyousou),17
monolith,17
mononofu7,17
monyoe,17
morimiya,17
morinaga_milk,17
morinoamane,17
morishima_noriko,17
moro_(eiyu),17
morota,17
mow,17
moyo,17
moyoosu,17
moyuvvx,17
mozuku_doukoukai,17
mpn,17
mrc-k,17
mubii,17
muchise,17
muchousha,17
mukai_keiichirou,17
mura,17
murata0033,17
murazono,17
mush_machou,17
mushiba,17
mushiba_natta,17
mustakro6,17
mutou_youshun,17
muxiaying,17
my0li,17
mya_(ma0ma0ma),17
mysterymiharu,17
na2co3,17
nabana_yuna,17
nachoz_(natsukichann),17
nadzomi_viro,17
nagatobi,17
nagijin,17
najisa,17
nakamori_koutarou,17
nakoumi_kokoro,17
nal,17
namamoto,17
namcho,17
namerakaweb,17
nami7711,17
nami_(snow),17
namida_boshi,17
nanao_yuki,17
nano8,17
nao_(flake),17
naono_naoru,17
naotsugu,17
naoyama_masaru,17
narimiya_momone,17
narita_(nacyanon),17
narusawa_sora,17
narutaki_(kurokabe),17
nasuko,17
nata_(mmgt_nn),17
natasha_allegri,17
natsuki_tomosuke,17
natsume-same,17
natsumi,17
natsuyiro_x,17
natuichi-7212,17
natuwaya,17
nayomi,17
nazumi_(sepaseri),17
nazuna_akaru,17
negetsu,17
negister,17
nei_(etc),17
neko-san_(artist),17
nekonekocha,17
nekoperon,17
nekoyu,17
nelnal,17
nemo_(marmeid331),17
nemu_(46_2367teimei),17
nemui_neko,17
nemutai,17
neptune_(artist),17
nezuminezumi,17
niangao,17
nikuzaiku,17
nimu,17
ninagawa_yaeko,17
ninopal,17
nip_sakazuki,17
nira_ika_nai,17
nire,17
nishikiya,17
nita,17
noda_rejinu,17
noguchi_takayuki,17
noko,17
noobboy_02,17
nora_kuro,17
noriccho!,17
norihito,17
nosuke,17
nuntarou_(niudon_kajika),17
nuzuki_(mamewo),17
nyaco,17
nyonsuke,17
nyowaa417,17
nzack,17
obyaa,17
ochirucchuru,17
ogata_18,17
ogino,17
oguchi,17
ohnaka0515,17
okayu_(joneydcd),17
okihana,17
okomedaisuki5,17
okutagon,17
ol_oiiii,17
omurainu,17
ondine_(artist),17
onizuka_takuto,17
onlyou718,17
ono_sayaka,17
ooba_kou,17
ookami_inu_(werwolf),17
ooyuki,17
oriennto,17
osama,17
osatou,17
oshino_no,17
otaki55,17
otogi_tetsurou,17
oururi33,17
oxxo_(dlengur),17
ozaki_kaori,17
ozu_(user_sjjz4357),17
pacpoi,17
palinus,17
pandemic14,17
parumezan,17
paso_neko,17
pe3075,17
pg_(lhotseshar),17
pg_enaena,17
phfr3843,17
piitan_aratame,17
pikatsu,17
pikuri,17
pino,17
pinokima,17
pixel_phantom,17
pixitoro,17
plv_276,17
pokurouta,17
pomesaurus,17
pon_fresh,17
popsweetyio,17
poripori_(popocox),17
porta3948_5,17
pumpkinspice7500,17
puramairain,17
purintowswsp,17
puroheshi,17
puyon_(pixiv),17
pypyxx,17
qgame,17
qqqb,17
quanhun,17
quzilax,17
qwer,17
rabbitseijin,17
rabi_(r_b_0215),17
raguna,17
rain_(rain910),17
rainbowcard,17
rainygo,17
raion-san,17
raivu,17
rakisuke,17
rakusai_(saisai_garou),17
rambamboo,17
ramiya_ryo,17
ramuda_(guilty931),17
ran_(rantksn),17
ran_kisaragi,17
ranmaru_(iro),17
rarariot,17
raruto_(artist),17
rat1989,17
rate_(aok1),17
raypass,17
reiha_(pixiv),17
reira_(r-suoh),17
reku_(pixiv3677982),17
remyu,17
renku,17
rider000,17
riftka,17
rin_(teiuka-forever),17
rinoko,17
rinwest,17
ripped1taliano,17
ripu_(vincecarter),17
rizdraws,17
rock.fc,17
roi,17
rokettopencil,17
rom_sen,17
rona67,17
rong_rong,17
ropeperson,17
rshow,17
rumil,17
run_(sweettimehappy),17
runa_(user_guwn7382),17
runapiero,17
ruo19,17
rusher,17
ryakusun,17
ryo_(0626kk),17
ryoito_no_oka,17
ryuta,17
s1minami,17
sadahara_inako,17
saezuru_usagi,17
sagatsu_(miicat),17
saha,17
saka,17
sakakimu,17
sakana_(14894735),17
sakanagi_(a_r_co),17
sakuemon,17
sakugo,17
sakuragi_mikan,17
sakurai_yuyu,17
sakurako_shinya,17
sakuranchu,17
samidare_(okayou),17
sandrum,17
sankuro_(agoitei),17
sannnpa24,17
sapphire,17
sara_(uunyan),17
saru_000,17
sato_(hekiga_ni_nemuru),17
satotsu,17
satou_(fujisanjj-mesigaumaize),17
satou_aji,17
satowo,17
saya_999,17
scp12022n,17
sea_la,17
seiha_(tinnke),17
sekito,17
sela,17
seleca,17
semicolon,17
senju_rion,17
senka-san,17
sensiye,17
sgyqanna,17
sha,17
shadman,17
sharatang,17
sharkbro,17
shiba_(berryeater),17
shido,17
shigure_kio,17
shinhwe,17
shinjitsu207,17
shinjou_ryou,17
shinkanoshin,17
shinkawa_yoji,17
shinono,17
shiono_etorouji,17
shirai_keita,17
shirakaba_toshiharu,17
shiraume_(hakubaian),17
shiroesa,17
shitada,17
shonensan,17
shouwaru,17
shuaiaba,17
shudou_rima,17
si_sya_mo,17
sian_(jred344),17
siawasenoaoitori,17
sima,17
siukaukau24,17
sixingcao,17
slaugher-ownmind,17
sleipnir,17
smyin_rii,17
soopon,17
sorandia,17
soujin,17
souren,17
srung,17
ssaki_metel,17
sss,17
st.neet,17
starlinkman,17
starman_jr.,17
steve_ahn,17
sudosakana,17
sugi_koutarou,17
sugisaki_tsugi,17
sugiya_manao,17
suguru_(godai_fifth),17
suiact,17
sukiniyaru,17
sumaki,17
sumiosmith,17
sunyuqian,17
suohachi,17
supsross,17
suyuri_oekaki,17
suzu_(nattu991),17
suzuaki_(starriver),17
suzuki_konori,17
syu-ho2501,17
syuyakustar,17
t-track_(artist),17
taakomaru,17
tachibana_tou,17
tachihaya_hiro,17
tachiinu,17
tacuyanjun,17
tadano_tarako,17
taiga_joe,17
taira_kosaka,17
taiyaki_a,17
tajima_nao,17
takaba_momo,17
takada_katsura,17
takaomiichiki,17
takata_akira,17
takeda_hotaru,17
takosuke_(gyzp7373),17
takotoma22,17
takurou,17
tama_(miloque),17
tamago_(xyxk3743),17
tamaki_g_(artist),17
tamaki_hakobe,17
tamura_en,17
tanaka_tanishi,17
tangel,17
taniguchi_mai,17
tanisino_hitugi,17
tano_(motitom),17
tarao_(13raven),17
tarou_(kitsune_kitsune),17
tatara_maguro,17
tatsu_(ashcleef),17
tea_(tea55555),17
teaszlt,17
techitoni,17
teemu_taiga,17
teirettei,17
teiuyou,17
tem_(artist),17
ten203159,17
ten_piboshi,17
tenka_taihei,17
teriibol,17
tesseract_(retr0_0o),17
tesu,17
thegraffitisoul,17
tina_hung,17
tkisii,17
tndkworks,17
tobbang,17
tomo1030,17
tomoichi,17
tooru_jin,17
topo_bevitore,17
topon_(dallar),17
toranoo,17
torazou,17
toroshio,17
toshiki_yui,17
tosstoss,17
totoro_(hirohero24),17
totto,17
tp65pxu4,17
tracy_yardley,17
transparent_(artist),17
triplebomber,17
tsuburaya_35,17
tsuge_(pixiv),17
tsukimei99,17
tsukiyuuhi,17
tsukuyomi_kou,17
tsumura_z,17
tsun_(tsuncha),17
tsuwabuki-san,17
turukokoko,17
twilight-g,17
twistxx,17
u.s.m.c,17
uchio_kazumasa,17
uhhgaoh,17
ujimushi,17
umedairuka,17
umino_(umino00),17
unagi_(sougansouji),17
unkai_tenshi,17
unoone01,17
usada_o,17
usikani,17
usisan,17
utakata_masara,17
uto,17
valyu,17
velvetterabby,17
virtanderson,17
wa_(87s-87),17
wacchi30,17
wait8,17
wakaba0801,17
walkure,17
washizu0808,17
wataametulip,17
watari,17
wazuka_na_shiawase,17
weaponman,17
whaaa000,17
whither_laws,17
wolfedge,17
wolfour,17
woohnayoung,17
wudi_de_pangxie,17
x172xqqq,17
xiafei97,17
xiao_feng,17
xiniu_r&f_(lande_hua_hua),17
xxnicol,17
yachika,17
yaeno567,17
yakitori_(artist),17
yamaimo,17
yamaneko_suzume,17
yamaneko_tora,17
yamanoyu,17
yamigirikuroko,17
yana_yana,17
yangwu_uriel,17
yanon,17
yashijin,17
yashiroku,17
yasunon,17
yayoi_(su_misheng),17
yazuo,17
yazuwo,17
ybee,17
yekong,17
yen0028,17
yf_(hbyg),17
yocchin,17
yogu_(user_rxdx2445),17
yokago,17
yomena,17
yomi_(artist),17
yosa,17
yoshita_tohru,17
yotogi_(yotogi_luminary),17
youduk,17
yu1,17
yu_(dryads),17
yubayuki,17
yudepan_(yuri_no_sugata),17
yui_(calling_dr_love_m),17
yuita_ro,17
yukarigawa_yumiya,17
yukasuke,17
yuki_(siroikona),17
yukimura1130,17
yukino,17
yuma_(artist),17
yumi_(konbutamago),17
yuni,17
yunomi_chawan,17
yusaazusa,17
yusukesan,17
yuto_(wyuichi_0503),17
yutu,17
yuu_shin,17
yuu_yamiyo,17
yuuki_shougo,17
yuunagi_show,17
yuuri_(114916),17
yuuri_(purple_planet),17
yuzmit,17
ze,17
zefrableu,17
zero1,17
zero_saber,17
zhjake,17
zhuo_mi,17
zipperradio,17
ziyuuuuuuda,17
zm,17
zol_(rambling7),17
zoosama,17
zwollowz,17
021,16
0731sa,16
1018sus,16
108_(arukarish),16
111111111_(leiyao),16
18bit,16
26tumugi,16
31,16
33333_33333,16
6274,16
6kusa,16
7aizagatha,16
7c,16
888,16
92kuni92,16
96mame,16
9lara,16
_canto,16
a.q.u.a,16
a.yuuki,16
a9219669,16
aasu_(mhgbh510),16
abarai575,16
abeno_chako,16
achako_(badendo),16
adesa,16
adnod,16
agent_(artist),16
aibara_mitsuki,16
aikawa_arisa,16
aisagi,16
ak2,16
aka_(shoumae),16
aka_gan_k,16
akakinndaiya,16
akatsuki_(ownpace),16
akayama_toshifumi,16
aki_(prdx85),16
akiba_nagito,16
akihisa201,16
akimbo_(artist),16
akimichi,16
akino_sakura,16
akisame_kou,16
akisawa_machi,16
akitotika,16
akizuki_rito,16
akizuki_wataru,16
akumu_(hiziiiiii),16
al_azif_(artist),16
albreo,16
alice_kei_(lemon-jiru),16
alicescorpio_yeji,16
alitia,16
alvares,16
amakaeru,16
amakura,16
amami_reiko,16
amano_himame,16
amatera,16
ame_no_uta,16
amemidori,16
amiemie,16
amo_(rnrkrn),16
amuri,16
anagura_mogura,16
andrea_botiller,16
andro_juniarto,16
anikakinka,16
annojou_haruto,16
answering,16
ao-yume,16
aocean,16
aoi_(husiginokuninoa),16
aona,16
aoya_minako,16
aozame_takao,16
apr,16
arborlune,16
ardnades,16
ari_(pixiv),16
arihara_(arhr0),16
arisku,16
arukime,16
asagi-2580,16
asahina_(asahinatei),16
asaki_(artist),16
asami_(space_neko),16
asato727,16
ask_(densicho),16
asuka_sakurai,16
asumakobayashi,16
atami,16
au11,16
aurastack,16
aureliaaurine,16
auto,16
ayako_(nekomomo),16
ayame_(no_ohana),16
ayamo_kaoru,16
ayamura_kirihito,16
ayana_(tannsann),16
ayumu3,16
az!_(azu),16
az_(colorb05),16
azrain,16
azuharu,16
azumakuro,16
azumi_tooru,16
baachamu,16
bajinappo,16
bara_(totocos),16
baraen,16
baron_suzuki,16
bemanilovers,16
bibinko,16
bing_gang,16
birman_h,16
bita_(vaderc),16
blackgeneride,16
bobo1983,16
born_free,16
botomu_(eschatology),16
bottle_(x890264),16
bou_erika,16
bowcan,16
bp_st_7,16
buivi,16
buku_(bunnbuk),16
butcher_shop,16
cafe_(owleelcafe),16
caicai_(cafacaicai),16
cailin_(poptrt),16
cake_(nico_seiga),16
calamine_black,16
calborn,16
canizzz,16
canothy,16
cassandra-0808,16
catmata_inutarou,16
catwhathk,16
catysummer,16
ccru,16
cha_chazi,16
chairoino_ino,16
chaos966,16
chara_rira,16
cherudo,16
chester_ocampo,16
chiba_(satochikasmart),16
chiiio,16
chikama,16
chilhoo88,16
chindefu,16
chiyoko,16
chizakya,16
chokobo_(fire89),16
chon_hi,16
chong_(wjzcy6688),16
chori_(niisan),16
chouji_maboroshi,16
choukichi,16
chouko,16
chouniku,16
choutako,16
chunko,16
cirnocchi,16
cm10th,16
co2,16
co_taro,16
cocopps,16
cocoro33,16
cocotri,16
cocytus_(wind_master),16
cogwheel,16
collet,16
color-les,16
come-sta,16
cottonwings,16
cruccu,16
crusoe,16
crystal_maiden,16
csc,16
cube_(circussion),16
cuson,16
cuy7,16
cyoko,16
d_(pixiv544157),16
daisy_(artist),16
daizu_(daizubatake),16
daken_(artist),16
dakiarts,16
daniel_fielding,16
dark495,16
dashii_(artist),16
dattosan,16
dcvermeer,16
deilrimix,16
dekochin_hammer,16
denden_taiko,16
desutoro,16
deta-mxproject,16
dokkoi_shouichi,16
dokur01,16
don_figueroa,16
donguri,16
doraiga-rei,16
doriyamatsurugi,16
dork_ill,16
drawrepulser,16
drugstore04,16
e.de.n,16
easycrew,16
ebrietas_(arayaejiri),16
ecou,16
eddy_huang_zheng,16
eichikei,16
eileen_(artist),16
eizoku,16
eko-des-co,16
elakan,16
ele,16
elemile,16
eletro1toaster,16
eloosia,16
elska0813,16
emappo,16
emi-tan,16
emon11,16
endou_tatsumi,16
enishi_midori,16
enmatime,16
eri127,16
eriya-j,16
escente,16
evil-ss,16
evo_(pixiv13178077),16
facominn,16
fal0811,16
falseele,16
fenrirr,16
ferdinand_(akizuki),16
fijimoto_akio,16
fira_yuki,16
fireflysnow,16
florence_temporary,16
formless_god,16
fragrant_olive,16
freakyfir,16
fuchida_kazuhiro,16
fuji_o_(fujio9111),16
fujimura,16
fuki_raito,16
fukui_sora,16
funeral_(artist),16
funota,16
furo_(harirate),16
furuhiro,16
futami_shinen,16
futsuu,16
fuwafurin,16
fuwatoro_(enemy-of-society),16
gabriel_pavani,16
gabzillaz,16
gachirin,16
gaida,16
gamusaur,16
gari,16
garuko,16
gauss_<counting_on_more_blur,16
gd._fengzi,16
gei_daipf,16
geitassha,16
gennsuikyou,16
get3,16
ghettoyouth,16
gin_fuaru,16
ginichi_(toot08),16
gn,16
go_yasukuni,16
gori,16
gorosuke_(my_boy),16
goshi,16
goyouga-deann,16
guang,16
guchiaki,16
h_renah,16
ha_tav,16
hachi_(hachi_sin),16
hadaka_megane,16
hagane7728,16
hagino_aki,16
hagiwara_hiromitsu,16
haixindhua,16
hajime_monji,16
hako_(hakosanhanasan),16
hakuchuu,16
hakuun_(m2230),16
hal_(21),16
halil_ural,16
halu-natsu,16
hanafusa_itsuki,16
hanagerian,16
hanato,16
handsofmidaz,16
hangaku_(araara0616),16
hanusu,16
happy_go_lucky,16
hari_(kureon),16
haruhara_robinson,16
haruka_(yakitoritabetai),16
haruki,16
haruna_0531,16
haruno_ichigo,16
harzola,16
hasuhashi,16
hatano_h,16
hatsune,16
haysey,16
hazakura_mitsuki,16
hazu_t,16
hebaroda03,16
heian_jirou,16
hekopon,16
hetano_yoko_sukii,16
hibari_makoto,16
hidaka_medaka,16
higurashi_aki,16
hiiragi_yuki_(escape_club),16
hijiri_(pixiv),16
hikage,16
hikaru_no_yuska,16
himeka,16
himeno345,16
himinato_miyu,16
hin_(conqueror),16
hina-uta,16
hinamoto_miiyu,16
hinana37,16
hinata_riku,16
hinate,16
hira,16
hiraga_na,16
hirano_kei,16
hiryuu_kanon,16
hisagiyuu,16
hishou_kotatsu,16
hiyokodou,16
hnt,16
hntk,16
hoaxghost,16
hoge,16
hogecomhoge,16
holixholi,16
hong_yu,16
hoshida_(216),16
hoshikuzu_junction,16
hotori_(artist),16
hourai_no_hangentsuki,16
houzuki_ringo,16
hr_rinn,16
huali,16
hui_ming,16
hy136,16
ichiko365,16
ichiko_(hanakasu),16
ichima,16
ichirou,16
idoraad,16
ietan,16
ikebukuro_maria,16
ikkaku,16
imai_(wana),16
imai_nyuu,16
in,16
infospikee,16
inko_(artist),16
inou_eita,16
intuos9,16
io_(metronome),16
io_lite,16
ireku_badou,16
iriasu,16
iritate_shougun,16
irori_kyouka_gekkan,16
isaki_(shimesaba),16
ishikawa_masakazu,16
issin.,16
itesu,16
ito_to_yuki,16
itohiro03,16
itoji,16
j,16
j-e-m-g,16
jackii,16
jagaimo_gang,16
jaheterbang,16
jakko,16
jam_(shoujikimono_wa_naze_mawaru),16
jamjar77,16
jap,16
ji_(labyrinth_of_phantasia),16
jin-nyeh,16
jin_chongtian,16
jindai3663,16
jing,16
jingle_bell-bell,16
jinni,16
jishou_roukyuu,16
jitai,16
joenny,16
john_(strike-shank),16
jolin0323,16
josh_burcham,16
jun_(spitfire),16
jun_jun,16
junly,16
junpei_(juntonanotukunanika),16
juvecross,16
jyuuji,16
k-mica,16
k.blank,16
k1_(erin22),16
kabu_(bekka),16
kadomaki_madoka,16
kael_(kael333_),16
kaeru_neko,16
kafi,16
kafu,16
kaga_taichi,16
kagami_rei,16
kagesaki-ice,16
kairichan,16
kaisaniku,16
kaiyuya,16
kaja,16
kaka123,16
kakaon,16
kake_(kuromitsu),16
kakome,16
kakura_yoshiki,16
kalamari,16
kalua,16
kalua_(artist),16
kamatori_pokari,16
kame_rider,16
kamex_nakasho,16
kanchou_(karaja),16
kanda_(kvzs4332),16
kanduki_yuu,16
kaniyashiku,16
kankichi,16
kanna_satsuki,16
kannya_saoif,16
kanzaki_ryuuko,16
kanzumesabako,16
kaori_(sasaemon),16
karaage_(sweet),16
karuno_mizuki_(kyuu_arupaka),16
karupa_(karupapon),16
kashiwamochi_roko,16
katase_kai,16
katsuda_(katonnbootita),16
katsuo_(raise_ha_maguro),16
kawai_fuguri,16
kawauso,16
kaya_lily,16
kayahara_(artist),16
kayako_(bimabima),16
kazehoko,16
kazue,16
kazuki_ren,16
kazuko,16
kazumania,16
kazumiya_akira,16
kebin,16
kei_(seona2020),16
keisei_fuji,16
keishi_(trap),16
kekyo,16
kemi_(kemi433),16
ken2325,16
kengou,16
kenntairui_(discover_souya),16
keyfanjun,16
kie_(sbms1997),16
kiisa,16
kikyou_(kiss-shot),16
kilkennycat,16
kimdonga,16
kimura_matsuri,16
kimura_megumi,16
kimyouna_juju,16
kina_izu,16
kingindou_yumeji,16
kininaljaguar,16
kinomin,16
kinosaki_reisui,16
kinsyokamei,16
kinyla,16
kiri,16
kiritani,16
kishishiotani,16
kitsune_udon_(artist),16
kizaki_shin,16
klamp,16
ko_suke,16
ko_to_tsuki,16
koalacola,16
koba_(kobako42),16
kobato_(artist),16
kohakura,16
koishi,16
koishikawa,16
kokage_(prisoner-67),16
kokoa_(ikaretemasugananika),16
kokoron450,16
komaki_megumi,16
komgakure,16
komura,16
kongara,16
konpane_(ohj),16
konton,16
korekita2010,16
korotan,16
kosato,16
koshi_anko,16
kotarou_(pixiv),16
kotentsu,16
kotetu_han,16
koto_(sss),16
kotobuki-a,16
kotobuki_maimu,16
kotobuki_oto,16
kotobuki_xxx,16
koucha_maru,16
kouusagi,16
koya10305,16
koyama_satsuki,16
krr316,16
ksn_(sleeping_chick),16
kt_cano,16
kuma_panda,16
kumakichi_(kuma-ana),16
kurage_(11649021),16
kurage_(artist),16
kurai_nao,16
kuramunatchu,16
kureno,16
kurisu_mkdan,16
kurofudo,16
kurokiri,16
kurosa_kichi,16
kurotsuki_nanai,16
kurusu_ren,16
kuruwa223,16
kusaka_maichi,16
kusanagi_mikoto_(artist),16
kushida,16
kusogappa,16
kyakkun,16
kyuugou_(ninekoks),16
l8poushou,16
lamchunhin,16
lang_(chikage36),16
lanimalu,16
lari-lab,16
las_z,16
lazgear,16
lazy_rabbit,16
leila_(yurisouls),16
lemon_(wzcrybmi),16
lento_(water),16
letdie1414,16
lexaiduer,16
liczka,16
lilybell,16
lithety,16
lixin_wang,16
lm_(legoman),16
ln,16
lol_(harikofu),16
lolittleboy,16
loogy,16
lori_hagami,16
louis_lloyd-judson,16
lr_(last_remote_514),16
lydi-lydi_(jes),16
m-ma,16
m-wataru,16
m_tap,16
maabe,16
madara_hio,16
madaruru,16
mafen,16
maguro_(guromaguro),16
mahimaru,16
mai_(b9035796),16
maid_koubou,16
maidon,16
main,16
maisaki_miyabi,16
majorette_(artist),16
majrise,16
maki65,16
makiv,16
mame_(mmgamegg),16
mameezu,16
mamezuka_takashi,16
mamoru_mikokoro,16
mamusya,16
mana291,16
marakimi,16
marchen_noir,16
mari,16
maria_(m-twi),16
maribsr,16
mario_(2669431),16
marumaru22,16
maruo_(mokurentenpu),16
masaki_eiji,16
mashibaya,16
mashuhope_(chinesere),16
masi_masio,16
masobe_(masbe),16
masube_hikari,16
matata,16
math-major,16
matsuda_mattsun,16
mattaku_da,16
mebaru_to_tonari,16
megata,16
megu,16
mei_du_sha_nuwang_zhuye,16
meikousei,16
meko_(2344927),16
melo_(m_0514),16
melocoton,16
meno~n,16
mermaid_(artist),16
mewpet,16
micesakenomitai,16
michael_(mikatsuu),16
mid_win_h,16
mightyhonk,16
mii_(nano0o0),16
mii_elene,16
mikazuki_tsukiyo,16
miki_(mizuki),16
mikoko_(mg2),16
mikunido202,16
milkma2,16
mimasi_osuwari,16
minakami_kurena,16
minato_(leap-up),16
ming_qi_bibi,16
mino_(shoya00),16
miraioranji,16
mirakona_gonzaless,16
mirin,16
miriota,16
miruka,16
mirutulove,16
mitchie,16
mitobinyo,16
mitsuk,16
mitsuka,16
mitsuki_(goomoku),16
mitsuki_(toriaezu),16
mituame,16
miyabi_juri,16
miyakozl,16
miyama_kiri,16
miyanonnon,16
miyaza,16
miyupon,16
miz0725,16
mizuki_(satukisen),16
mizuki_riyu,16
mizunashi_tomo,16
mizunoto_nozumi,16
mmmmmkun,16
moai_on,16
mob3,16
mochi_(empty_p),16
modoromi,16
mogami_noa,16
mohi_(neku_re),16
moime,16
moko-rinn,16
mokoinu_(pixiv_27216243),16
mokomaru,16
momobesaeka,16
momoco,16
momore_(peaches),16
momoyama_momo,16
monkey_jon,16
monkeyyan,16
monlopolo,16
monosashi,16
monoyuu,16
moo_do_dan,16
moonhackle,16
morishima_kon,16
morisoba_(silent_hill),16
morita_(moritania),16
moso4,16
mota_(extpil),16
motatei,16
motsi_x,16
mou_niu,16
mougira,16
moyasinobaka9627,16
mrokr,16
ms_misubaru_mk2,16
msa,16
muchabou,16
muhut,16
mui,16
mujina_tanuki,16
munashi_mujou,16
muneshiro_(hitsuji_kikaku),16
munko,16
munmun,16
muraji,16
murakami4949,16
murano_(ursa_polaris),16
murasawa_kyara,16
mushimegane333,16
mushirou,16
muu,16
muxia_yue_nai,16
mxnxm,16
myao,16
mz,16
n@ss,16
naco65,16
nagarakawa_shiraku,16
nagashiro_rouge,16
nagi_kanako,16
nagi_uru,16
nagomiya,16
nahusnab,16
najaran_(pixiv),16
nakakita_kouji,16
nakamura_mayumi,16
nami_(tobuyo),16
nanakichi,16
nanasi69,16
nanato,16
nanokah2,16
nao_(artist),16
naporu,16
nariie_shin'ichirou,16
narrator_(nobody),16
narumi_yuu_(imitmoon),16
nashio,16
nasu_hanahana,16
natural-rain,16
nawate_(dij),16
ncatabc,16
nefis,16
negiko123123,16
neko_manma,16
nekodason,16
nekoritatsuki,16
nekotamago,16
nekoze,16
nelo_(fox),16
nemuindaze,16
nenena,16
neneneji,16
neongun,16
neozumi,16
neri_sachiko,16
ness_(pjw0168),16
newbear,16
nia_(four_winds),16
nibaji,16
niboshi_(iemizu),16
nichi_(artist),16
nicu_(nicutoka),16
nihi_(sorakarasu),16
nike_(artist),16
nikitan_(niki),16
nikokorozashi_juuji,16
ninoude,16
nio,16
niromi,16
nishitaka,16
nita_(msre27),16
nitorou,16
niyasuke_(yama),16
niza,16
nm_(tshell2761),16
noh_seong-min,16
nohoho_(kakikonchi),16
nojamman,16
noko_(artist),16
noorung,16
notice_(kou),16
november-eri,16
nownnownn,16
nuemamoru_eion,16
nui_inu,16
numa_(minus_4k),16
numanuma,16
nun_bora_(artist),16
nuns197,16
nusisippi,16
nxgg2b,16
nyabe,16
nyantamaran,16
nyora_(soredemosekai),16
nyoro_ri,16
nyoruniru,16
nz2ddndi,16
oddnoise,16
ogakuzu,16
ogura,16
oh_0409,16
okamaka,16
okiami,16
okojo_(qqww),16
okota_(pixiv),16
okra_boom,16
om5han,16
oniku,16
oniku_(pixiv_28205308),16
onimotsu,16
onoe,16
onsen_man,16
ooiwa_kenji,16
ookami_(pixiv27280),16
ookami_ryuu,16
ooku,16
oosaki_takahito,16
oosugimichiko,16
orange_coffee,16
orca9102,16
oru_(hone_oru),16
osage_(8545675),16
oshin0_(zheng),16
oto69,16
otonai_chiaki,16
otousan952,16
ottosei,16
oukasirayami,16
ourai_noriyoshi,16
ouru109,16
ousaka_tama,16
ousang,16
p!k@ru,16
p.a.w,16
pabo,16
paja,16
palidoozy-art,16
panpanmaru,16
panvyru,16
para_(dachsaria),16
parad@_jibaku_rei,16
parsley_(simonov1941),16
passevo,16
passo0102,16
pd_(pdpdlv1),16
peacemaker777,16
pechan,16
pentarou_(2233456),16
piggybank_(pixiv),16
piko_(osso),16
pikuseru,16
pimgier,16
pimienta_kast,16
pirika_(rm0315),16
pitecube,16
pixelpulp,16
pocco1224,16
pochi_(furaigonn),16
pokipoki,16
pom,16
pomeko_(13521433),16
ponareon_ponaparte,16
ponita-poniponi,16
ponpon_(tosico),16
pooj,16
pork_(fordfairlane),16
potion01,16
pppi3104,16
ppptms,16
pug_(pixiv),16
puka_(hirosikaku),16
pure_(artist),16
puririririn,16
puruchino,16
puspus,16
puu_maru,16
pzqblue,16
qiye_luoying,16
qnakamura,16
r_choko,16
radlionheart,16
raguro,16
raku_(howdy),16
ranpu_(kariudo),16
rantia,16
rarara-men,16
ratsuparu,16
re-arusu,16
red9,16
rei-ru,16
reira_(zetalatte),16
reiz.i,16
relation_z,16
rezodwel,16
rhodomina,16
ricar,16
ricebutton,16
rickenbatta330,16
rif,16
rihhi,16
rikko_(peso),16
rin-5-nir,16
rin_tsuyukusa,16
rioka,16
rito_(kinokosoup),16
riven,16
robot_(santouhei),16
rocaca,16
rodori_gesu,16
roh_yon_ji,16
rokomoko,16
romantic_fool,16
rookya,16
roro_(yamagata),16
rotte_(nuuum),16
route1911,16
rrrr46621358,16
ruka_(naritayuzu),16
rukun00,16
russel,16
ruu_gi,16
ryohhe,16
ryokutya1107,16
ryou.r,16
ryuka,16
ryukenden,16
ryusuke1234,16
ryuushi,16
sabo1038,16
sadakage,16
sahara_mizuki,16
saikunartworks,16
sakamata,16
sakanashi,16
sakata3,16
sakikko,16
sakuama,16
sakuno_shion,16
sakura_m,16
sakurya,16
sam_58,16
samarundao,16
sanae,16
sandato,16
saneatsu,16
sanekome,16
sanmuyun,16
sano,16
sanwood_mori,16
sasa,16
sasa_you_aoi,16
sasaki_bullet,16
sato_unta,16
satou_chagashi,16
satou_iruno,16
satou_kenetsu,16
sawaki,16
sawao_(kenban2),16
scarlet_mirin,16
sea_whites,16
seacobalt,16
seika,16
seiran_(blue-orchid),16
seki_juuen,16
sekiguchi_(mitemite_mitene),16
selinanovalight,16
sen_pic,16
senasky,16
sentetsu,16
seoki_(hi3031),16
seqet-aru,16
sese,16
setsuna22,16
sey,16
sfix,16
sgtxiaoxin,16
shen_yi,16
shibairo,16
shiki_(kurotoshiki),16
shikke_gnsn,16
shima_(pixiv),16
shimei_jien,16
shimimaru,16
shimota,16
shin_(nsb-s),16
shinosuke_(artist),16
shion_(kawasemi),16
shiragi,16
shiraha_(orega-gandamud),16
shiro_(m0c_0m),16
shiro_ymko,16
shirokura,16
shirokuro_yagi,16
shiroyagi_(yupuppi),16
shishima,16
shisotex,16
shizu_(nanamie),16
shizuku-mahoroba,16
shou_(paix),16
shoujo_donburi,16
shunki,16
sigemi,16
silhouette_sakura,16
sin6,16
sinov_mimori,16
sio,16
siousay,16
sitnon,16
sketcher2007,16
sky-art,16
skyape,16
slash-ex,16
slb,16
snooot1,16
so3fans,16
sodeya_itsuki,16
sogdin,16
solmoniq,16
sooichi_(diabolicemission),16
sora_megumu,16
sorairo_usagi,16
soraku,16
sorano,16
soso,16
sososo,16
sou_kana,16
sousuke_koyama,16
soyo_kaze,16
spooksmoose,16
squidkid528,16
ssgt-lulz,16
ssss,16
st-froy,16
steins_schwanz,16
strawberrybit,16
strike_heisuke,16
sugahara_ryuu,16
suganemui,16
sugikiyu,16
sugise_satoshi,16
sugiyama_shinnosuke,16
sukea_(pokemonogatari),16
sumikko_no_aria,16
sumimoto_etsuko,16
sunflower-m,16
sungi,16
sunny,16
supario,16
surkel,16
sutein,16
suu2510,16
suu_(artist),16
suzuoka_mizuki,16
syaketosyake,16
syutsuri0503,16
t5s5ah,16
t_growing,16
tabuchi_(tabuchisanchi),16
taganer,16
tagawa_maru,16
tagaya6592,16
taihentai,16
taii_gp01,16
tail_ein,16
taireru,16
taito24,16
taka_(frostbite),16
takagirock,16
takasato_michi,16
takayo_(retry),16
takenoko_27074918,16
takeyuki15,16
taki_minashika,16
takiji_(micco),16
takumi1006,16
takuya_kame,16
tama_(tama's_website),16
tamochi_(tamochi213),16
tanda_yuru,16
tare-katsu,16
tarishite_(appolite01),16
taroimo_(takesan),16
te,16
tears_namida,16
ten_(kisako),16
tendot,16
tenji_sanmon,16
tenjikunezumi,16
tenko,16
teraoka_kenji,16
teshirogi_shiori,16
tetsuhige,16
tetsupaipu,16
tetsuwan_syoujo,16
tetta_(tetta03),16
thejg,16
tigla,16
tknkkm,16
tnwjd2tkfkd,16
to_aru_awl,16
tobita_keiko,16
toe,16
toitoi508,16
tokikouhime,16
tokonaru,16
toma,16
tomo_(rocket_start!),16
tony_man,16
toraji,16
toranoe,16
tore,16
tori_shiru,16
toriol_3,16
torori,16
tororoto,16
tory_(tory29),16
toshiki,16
totika,16
towako,16
toyotarou,16
toyozero,16
tree-raim,16
trico_(mentalsketch1985),16
trocco,16
trunchbull,16
tsujimiya_(chako_444),16
tsujimori_nanaki,16
tsuka_(pixiv),16
tsukasa_(merrymore),16
tsuki_(artist),16
tsuki_no_alice,16
tsukinowa_kousuke,16
tsukishiro_aishi,16
tsukiya_sakumi,16
tsukota,16
tsukun112,16
tsunakanten,16
tsurukame_(doku),16
tubameraamen,16
turn-a,16
tusk0315,16
type_x,16
uda_tetla,16
uduki,16
uguisu_(happy_turn),16
uhhohho,16
ujijino,16
ujou,16
umesato_yukino,16
umiichi_kurage,16
uni_(uniuni5),16
unikurage,16
urogi_aya,16
uruneko,16
usa_b,16
user_yved3453,16
ushiromiya0715,16
ushisuke,16
utahane_w,16
utsugi_tsuguha,16
utsumi_sae,16
utsuro026,16
uvnono,16
uya_(munyu),16
uzumaki_hiyoko,16
van_springfield,16
vicsen-u5,16
victor_bang,16
voccu,16
wabiru,16
wade,16
wakame1441,16
wako_(level5),16
wamtail,16
wancho,16
wang_jiabo,16
wao_n,16
waribasi,16
watanabe_satomi,16
watari_yuu_(haskey),16
watawatage,16
wawon_(wan_wawon),16
weekly10,16
wen_juinn,16
will_murai,16
will_nunes,16
william_ruzicka,16
wing_(aiastor),16
wingedleek,16
woody,16
woraya_chotikul,16
x_na,16
xi_daisei,16
xiongbingbisata,16
xiphias_(mmi-m15e),16
xplete,16
xuetu13,16
xuexue_yue_hua,16
xxnikichenxx,16
yaekn,16
yafu_(yahuxx28),16
yaho_(pixiv),16
yakou_(innocent_chapel),16
yama_(yama005),16
yamada_(fanfantaisa),16
yamada_yukihito,16
yamagata_isaemon,16
yamaha_tsui,16
yamai_(fjeopswvjrrpwmf),16
yamai_fake,16
yamany,16
yamato_(genesisace),16
yamauchi_naoki,16
yamayama3246,16
yamayoshi_kazuyuki,16
yamifuti,16
yammy,16
yamori_(ymrr),16
yana_kotta,16
yanagi_shinsuke,16
yanje,16
yanphoenix,16
yap_kun_rong,16
yatsude,16
yaya_(tempering),16
yazawan,16
ye_xian,16
yeo_yee_heng,16
yin_(yggdrasil_3),16
yj,16
ynagasaki,16
yoco_n02,16
yogurtm,16
yohinori,16
yokoshima_takemaru,16
yokota_takuma,16
yonsang21,16
yoongonji,16
yorda_(koyorda),16
yorozuyozu,16
yoru_kami_shiro,16
yoruciel,16
yorumura_shiro,16
yoshida_kenichi,16
yoshimo1516,16
yoshimo_(yoshimo),16
yostel,16
yotsubaya,16
youli_(yori),16
youm,16
yozo_(stanky),16
ysm1100,16
yu02j0,16
yuki_no_42,16
yukimachi_tounosuke,16
yukito_mayumi,16
yume_giwa,16
yurasuku,16
yurichika_(pixiv3221904),16
yurina,16
yusorate,16
yutorin_kakka,16
yuu_(genkai77),16
yuuho,16
yuukoo,16
yuuri_(sinjitu-no-yukue),16
yuushi,16
yuuya_(musaishoku),16
yuuz123,16
yuzhou_xingshi_bu_li_dong_ni,16
yuzumisuzu,16
yuzuri_ai,16
yuzuyoukan,16
zaki_(artist),16
zaki_mitsunori,16
zakone,16
zamboze,16
zanpan526,16
zenox,16
zephyr_aile,16
zhadanzhawugui,16
zhaoli_jin,16
zhuxing0330,16
ziko,16
zless,16
zoe_(killyou80),16
zoo_(keigozoo),16
zucchini_(artist),16
zuko_(artist),16
zuotian_de_yu,16
0313,15
19routine,15
1oo06,15
29_(artist),15
2yffmhbl,15
30re,15
326,15
3678177,15
467,15
56,15
666nao,15
6927mukutuna,15
846kazuya,15
91_(968087),15
93mai,15
999ool,15
a_k_1,15
abstract_cactus,15
aby,15
achthenuts,15
afolo,15
afrostar,15
ai635623656,15
aibu,15
aikawa_fuugetsu,15
aikawa_juujutsu_machi,15
airi_(megumi0216),15
aizawa_yoshihiko,15
akai_kitsune,15
akaiyou,15
akako,15
akane,15
akari1205,15
akatuki_(yamina),15
akaya,15
akazaki_(sxlan),15
akbskenmb48-40,15
ake54,15
akeemi-chan,15
akiba_yuji,15
akim_x,15
akimame116,15
akino_(1i1i1i1i),15
akitama,15
akmn,15
akuhaku,15
akuroporisu,15
aletto-mikan,15
ali_manami,15
altrouge,15
amakawa_akito,15
amakawa_ginga,15
amakura_(islit),15
amane_hasuhito,15
amateru,15
ameko-107,15
amenboaoina,15
ametabon,15
an-chang,15
ancodia10,15
angel78004,15
angel_pena_(angelox),15
animeflux,15
ao_xin,15
aoi_(nana-c),15
aoiro_0w0,15
aooni,15
apfel,15
apupu,15
ara_ssmjnkosam_-key2321,15
arano_hachi,15
araragi_yuuichi,15
arawaex,15
arbitrium,15
ari_(xxrmsn_008),15
aria_(okuda08808008),15
ark_performance,15
artgerm,15
aru_ra_une,15
arufa,15
arumaji_(kiss_kill_lila),15
aruru_no_zaki,15
asaeda_itsuki,15
asami,15
asapon,15
asasumiboochan,15
asayanagi,15
asiya_(joey26504),15
astcd2,15
asti,15
asuma_shin,15
atbk,15
atlaszoidac,15
atomaru,15
atorosu,15
atrium_(artist),15
atsurikacha,15
avalondeduko,15
aviquaimots,15
awatobi,15
awii,15
aya_(547972106),15
aya_mizu,15
ayu_(auko2010),15
az_pt,15
azazel1944,15
azuma_doguu,15
azuma_yuuki,15
azumaya_matsukaze,15
azumi-kun,15
b.i.a,15
bai-hyacinth,15
bai_linqin,15
baicha_oqqa,15
ban_mumani,15
banitei,15
basara_masa,15
bc,15
bcat,15
bee_sempai,15
beniimo,15
bh001,15
blackalpha,15
blight_essence,15
blz,15
bobu_(bovyo222),15
bokumaru,15
bone_(artist),15
bonfurai,15
bonnzinnak,15
booch,15
borcheim,15
boxinhev,15
brellom,15
broken-land,15
bttfghn,15
buchiko,15
bunsai,15
bya,15
byo_(daigakunote),15
c-diamond,15
cakeoflime,15
canary_(artist),15
candide,15
casvalnini,15
cavehuuu,15
cero421,15
chabacha,15
chaki-dx,15
chang,15
chao,15
chatsubo_(yaba-yaba),15
chi_(marooner2),15
chihiro_(jnkch6),15
chikusan_nurseman,15
chippucream,15
chiyo_(195815),15
chomachi,15
chumiicham,15
chus,15
ciarre,15
coco-nattou,15
colxy,15
comma,15
community666,15
coppe,15
crazycola,15
crimson-chains,15
crystal_graziano,15
cs-zero,15
cure_blue_(aoryu),15
cyde,15
cyuer11,15
daba_(0dbdbx),15
dackq,15
daedalu,15
dai_(eiji0417),15
daizu,15
dakkarubi,15
damu_ningen,15
dan_heron,15
danbora,15
danial,15
dattyo,15
dave_cheung,15
daybreak,15
dayongqi,15
dbffnj9yodnccnd,15
ddfftasogare,15
dee_(fire2332),15
denchuu_akira,15
dendenmushi,15
denzou_(50021106),15
deri,15
derika,15
destincelly,15
didi_amen,15
discommunicator,15
diverse_system,15
doch1_suki,15
dockab,15
domo,15
don,15
dong-hang,15
dora_(risunofuko12),15
dorago,15
dorinko,15
doumou,15
dousaki_shinya,15
draw_happy_set,15
dsk,15
dzc23,15
efextex,15
ei_(k_m_d_r),15
eichi1103,15
eim_(gaziko),15
eimu,15
eire_(sai_fuji),15
eke,15
eko_(ecology),15
el_(el406),15
ema_(earth-b),15
emir_ia,15
enjelicious,15
enomoto_(guroria009),15
enpitsu_(pixiv631743),15
erjung,15
esuo_(sokamen),15
eto_ichika,15
eur,15
evyngr,15
exis,15
exmile,15
f_(hiyamatakao),15
famima_de_neppuri,15
fe_(sakura),15
fesserst,15
firo,15
fitz_(fita_is_the_smartest),15
flandre495,15
flelincw,15
flowerchild_ueda,15
folie_(cac82622),15
fongjlf,15
food211,15
francesco_simioni,15
freideugoi,15
fufuhol,15
fuj1saki,15
fujiazuki,15
fujiharu_(akamine),15
fujii,15
fujino_iro,15
fujisaki,15
fujita_kakuji,15
fukune,15
fumi11gou,15
fumizuki_kou,15
funoko,15
furea_(genjuu_no_mori),15
fuxi,15
fuyuyuki_gekka,15
gacchu,15
gafas,15
gaika,15
gan,15
gassan_aya,15
gats_(nougats),15
gem_(pixiv),15
genbou2,15
genda,15
gennosuke_(artist),15
getou,15
ggoorri,15
ghostzxt,15
gi,15
gimei,15
girigiri,15
girusyu1945,15
gke1avg,15
glide_away,15
godai_01,15
goenitzchild,15
gojoe,15
goldregen,15
gonzales_rocky,15
gotou_nozomu,15
gotronix,15
gottsu,15
grace_hosanna_marquez_carranco,15
gringrin,15
guma,15
gutn,15
guxu,15
gwen_(g90z__),15
gygerbeen_rtl06,15
gyoniku_sausage,15
gyworz,15
haboshi_hitomi,15
hachuurui,15
hagure_kedama,15
hainakku,15
hajime_(vasu),15
hakari1909,15
haku_(laterna_magica),15
halya,15
halyou,15
hamaru01,15
hamaya_shin'ichi,15
hamu_(i33095),15
hanaka,15
hananone_kokuru,15
hanayama321,15
hanchou_(shirokun555),15
hanzawa821,15
hao_xiang_zai_chi_dian_shu_tiao_a,15
hara_tetsuo,15
haragon,15
harisenbon,15
haru_(spr),15
haru_tomo,15
harukaze_setsuna,15
harunabe_(refresh_star),15
haruru_(dontacocon),15
hasegawa_(yonbunnoichi),15
hashimo_yuki,15
hasune,15
hayase,15
hazama_aida,15
hazel_(silver_vine),15
heei_juun,15
heizo,15
hekikuu6,15
hekiten,15
helrouis,15
hemosuke,15
henocchi,15
hetano_yokozuki,15
hexahydrate,15
hg,15
hgoyan,15
hiakko,15
hibidaikansya2,15
hige_(yosemite),15
hikari_(hikari_no_kobako),15
hikarumiao,15
hinapikorin,15
hiroaki_(angie),15
hiroki_shin,15
hirono,15
hirotake,15
hisa,15
hisakabe_oune,15
historiaallen,15
hito,15
hitofudegaki_usagi,15
hitsuji_(hanatoutau),15
hitsuji_gou,15
hitsuji_hako,15
hitsujin,15
hiyodoribbon,15
hiyoseri,15
hizikit,15
hofuriko,15
hoketsu,15
hoshi_(ho4_no),15
hoshi_no_yurara_(xxberry_0x0),15
hoshiko,15
hoshima,15
hoshino.,15
hoshino_kaoru,15
hoshino_kouichirou,15
hoshiyoruno,15
hoshiyume_yashiro,15
hosuke,15
hot_vr,15
hotbuggy,15
hotumoyi,15
hq19910119,15
hukkyunzzz,15
hunsay,15
hyaku,15
hysn,15
ianeramatati,15
ichi_inaru,15
ichic,15
ichika,15
ichiko_(dragn),15
ichimura_(kiln),15
ichimura_yuu,15
ichiran,15
ichiyo_(ichiyon),15
icomemo,15
ido_(fobiddensins),15
idomajin,15
idou_kyoushitsu,15
ikeda_tsukasa,15
ili,15
ilmkilt,15
imo,15
imocool,15
inaba515,15
inahachi,15
ingyerous,15
inja,15
innelysion,15
inu_tsuki,15
inusaki,15
ioridonmax13,15
irapeah,15
irena,15
irie_sekine,15
iriho,15
is_(11l4329),15
isao_(wasamoti),15
iseki_mitsuharu,15
ishiima_shiro,15
ishikawa_sae,15
ism_(inc),15
isofude,15
isshiki_tarou,15
itadaku,15
ito_yoshiyuki,15
itou_souichi,15
itozaki_(itzk0110),15
itsutsuse,15
iwanishi,15
iwashita,15
iwashita_(nukopo),15
iyamato,15
izo_(bjc000510),15
izumon03,15
jackiexp,15
jajako,15
jako,15
jasmine_(jasco),15
jawaco,15
jeet,15
jeffery_(backam),15
jelloire,15
ji-ma,15
jing_(jiunn1985matw),15
jinichi,15
jizero,15
josue_pereira,15
jrpulse,15
juine,15
juji,15
jun_(sky_ia_127_snow),15
junkparts,15
justin_currie_(chasingartwork),15
juuki_taira,15
juuni_chacha,15
juwei,15
jyaddena,15
k-asul,15
k2shh,15
k_a_z,15
ka_(pixiv341010),15
kabiinyo_(kab),15
kachirou,15
kadzuki_(ka3du6ki),15
kaga_akuru,15
kagawa_tomonobu,15
kagekaku,15
kagerofu,15
kagitsume,15
kagura_ren,15
kai-yan,15
kai_(lisalisa1983),15
kaimantokage,15
kajiya_no_masa,15
kajiyama_hiroshi,15
kakeku,15
kamirobo,15
kamiya_ryuu,15
kamiyama_kenta,15
kamu,15
kanari_no_binetsu,15
kanasiinezimakineko,15
kanda_satoshi,15
kango_tarou,15
kanihira,15
kano_penguin,15
kanohara_(63xmrr),15
kanotuki,15
kao-ism,15
kaori_(vuoian_appxv),15
kaoshu,15
kappipe_(brd0520),15
karakusa_senbei,15
karasu_hito,15
karasu_tsuki,15
karasuto,15
karori,15
kasei_(kasei_0),15
katoyuu,15
katsuan_(mikecat38),15
katsuki_ichiru,15
kawa,15
kawa_2929_ff,15
kawaguchi_rie,15
kawahara_fantasia,15
kawai_masaki,15
kawamochi_(mocchii),15
kawano,15
kayano_celica,15
kazumi_(syoki4230),15
kazuto_san,15
keiji_(thefrontofarmament),15
keiko,15
keiryou_nikyaku,15
kennymoney,15
keraton,15
keshiks_(keshiksext),15
keshin,15
ki61,15
kikurina,15
kimihiyo,15
kimsw0522,15
kimura_naoyo,15
kimura_tahiko,15
kinashi,15
kingyo_(984),15
kinkitsu1824,15
kinosita_ginkou,15
kippei,15
kira0902,15
kirika_(nutsmoon),15
kirin62,15
kirio_(ccr00235),15
kirishima_saya,15
kiriyama_taichi,15
kita_(caramel),15
kitahara_aki,15
kitamiya_genbu,15
kizemoto,15
kmkr,15
kobaman_annwn,15
kobayashi_akemi,15
kobayashi_emiko,15
kobuushi,15
kochouran,15
kodama_(artist),15
kodama_(pukupuku),15
koga,15
kogawa_masayoshi,15
kohane_(633975),15
kojima,15
koko_(pixiv56390),15
komamitsu,15
kome_(okome-smile),15
komoroshi,15
kona_nanamu,15
konekutozzzzz,15
koneneko,15
konitan,15
konokawa,15
koori_rei_yakko,15
koorogi_(misstext),15
koowa,15
korhiper,15
korosuke1,15
kosumone,15
kotoko_(oxxxo),15
kou-oboro,15
kounago_chirimen,15
kouno_iku,15
kourihase,15
koutetu_bouya,15
koutya,15
kozakura_ryou,15
krossan,15
krtmtm,15
kugajou_takaya,15
kukiwakame,15
kuma_meshigaumai,15
kumagawa9981,15
kumakomagoma,15
kumashiro,15
kumatsuki,15
kumoko_(supermoichan),15
kumomo_(kirara317),15
kupuru_(hirumamiyuu),15
kureopatora,15
kuriko_(scarlet_sky),15
kuro_(qqaid),15
kuroba_(f-15c_eagle),15
kurobara,15
kurobuta_(iina),15
kuroe,15
kurogoma,15
kuroishi_ringo,15
kuroiwa_enu,15
kurome1127,15
kuronoa,15
kuroo_(project_apricot),15
kurosawa-san,15
kurosuke,15
kurozukuri,15
kuzumin,15
kyoka_hatori,15
kyomitsu,15
kyotuka,15
kyouki_no_kimi,15
kyoumo_baito,15
kyuko2go,15
ladyshalirin,15
lanbow2000,15
laphet,15
lastiny,15
lazur_(piccsh),15
lemona633,15
li_zhiheng,15
lie-lilac,15
lila_0219,15
lilya,15
lim,15
limiicirculate,15
limine,15
linebj,15
linesharkart,15
lionel_nakamura,15
lipe-san,15
loco_65_o1o1,15
loki_78,15
lolalol,15
lolo,15
lotto_honey,15
loveless516,15
lovelovemaid,15
lupeco98,15
maa_(29kuu),15
mabca,15
machch,15
macla,15
macotea,15
maddy,15
madofuki,15
magicalduck21,15
makabe,15
makina_(frog),15
makita_yoshiharu,15
makokujira,15
mamecho_(ageatcosh),15
mamo_murata,15
manjyuuya,15
maodaisuke,15
mapar,15
mapico,15
marc_brunet,15
mare_(pixiv),15
marimo_maru,15
maru_itsuki,15
marupeke,15
masa_(masa-koba),15
masaki,15
masamurai,15
masc_(68mb),15
mashiko,15
mashu07,15
masumi_kiyoka,15
matahachi,15
matsuda_shin,15
matsuge_(gajigaji),15
matsumoto_ryou,15
matsuo_shin,15
matsurika_yuuri,15
mattikarp,15
max0201,15
mayfair_fuki,15
maze_yuri,15
mcbuckwheat,15
mei_ichi,15
meiji,15
melon_hamburg_bentou,15
merveilles,15
meshi-dan,15
metaru_maccha,15
mianbaoshi_mengxiang,15
midoro,15
miel_(lessontome),15
mifuji,15
migime_no_yuugure,15
mikage_(pixiv),15
mikage_kazuki,15
milavana,15
milkshakework,15
milligram,15
mimi_(mini1474),15
mimike,15
mimikkyu_(mimikyunosub),15
minaduki0038,15
minase_yuki,15
minato.666,15
miotama,15
miracle_hinacle,15
miri_(mirik),15
miruhi_(pixiv12262111),15
misairu_oppai,15
misumo,15
misuzu_aki,15
mita_ryuusuke,15
mita_soumu,15
mitamgr,15
mitsukyon,15
mitsumachi_senji,15
mitsuru_(91000),15
miura_tadahiro,15
miyabe_sachi,15
miyama_tsubaki_me,15
miyane_aki_(radical_dash),15
miyoochi,15
miyuki_(yxbt7),15
mizone,15
mizuha_(aqua_no_hane),15
mizukiri,15
mizunoe,15
mizutama_(flowering),15
mj_(cuzbien),15
mkcrf,15
mo_(ms7744),15
mochika,15
mochikushi,15
mochino_(yumeura_fuumi),15
mochinya21,15
moco._(artist),15
modama,15
mofmofqueue,15
mogiki_hayami,15
mogmahiru,15
moirae,15
mokanya,15
mokkun354,15
mokomoko_(haduki),15
momomotsu,15
momoya_show-neko,15
monikon13,15
mono1192000,15
monozu,15
morikawa_sumio,15
moriya_naoki,15
moto,15
mottimotti,15
mrsloth,15
mu-_(tel445566),15
mucoro,15
mugenki,15
muiko_i,15
muikou_(moeko0903),15
mujun_(zipper),15
mukki,15
muma_(meganeltuko),15
munimuni_kinoko,15
murabatodenki,15
murabito_sono2,15
murasaki_shitsu,15
mushi_aoi,15
mutsu_ane_daisuki,15
n.jehuty,15
nabe_(violetwave),15
nabicarol_(na_lolol),15
nachos_(chos_na),15
nagamimi_(wara-wa),15
nagaoka_kenzou,15
nagare26,15
nagase_yutaka,15
nagata,15
nagatsuki_shiwasu,15
nagonmaou,15
nai-tech,15
naka_(nakamaru_ak),15
nakagawa_kanon_(pixiv32798535),15
nakaya,15
namahamuro-su,15
namakara_exe,15
namako,15
name_(pixiv),15
name_row,15
namikaze_(dobbyka),15
nana0813,15
nanaichi,15
nanaki_awa,15
nanamiya_natsumi,15
nanase-san_(honey_be),15
nanashi_(7th_exp),15
nanjin,15
nanowise,15
nantoka_fumihiko,15
naoki_(naoieo),15
narumi_(blue_monday),15
narumi_(momo27),15
narumi_muran,15
naruse_hizuki,15
nashi_rin,15
nashimura,15
nasnotte,15
natsue,15
natsuhina,15
natsuki_(artist),15
natsuki_heru,15
natsuki_mitsu,15
natumiao,15
nawoko,15
nazo,15
nbtkm,15
negu_(geneg),15
nekogoya,15
nekogusa,15
nekoixa,15
nekonekoyukai,15
nekoya,15
nemu7777,15
nemui333,15
nghrstst,15
niaoniaoyoo,15
nibii_(panda),15
niboshi514,15
niboshi_(pixiv89893),15
nichts_(nil),15
nightmare-doom,15
niklas_jansson,15
nikukai,15
nim,15
nimirom_(6403aghm),15
nimiya,15
nirok,15
nishii_terumi,15
nishikawa_shinji,15
nishinakajima_nanpou,15
nishino_eiichi,15
nitta_yasunari,15
niwa_(ejizon),15
niwatoriko,15
nizi_w,15
nme,15
nncat,15
no-goku_(penicillium),15
nogawa_serori,15
noguchi,15
noisyu,15
nonem,15
nono_(noxno),15
nonoderawanaku,15
nontan_(nontanexx),15
norakuma,15
note_(suzu_note000),15
noveske_n4,15
nu_(ukskuj),15
nu_tarou,15
nukenin,15
num_(zombie_headline),15
numikko,15
nyaw,15
obaryo,15
odakojirou,15
oden_(dofuko),15
ogiko,15
oguro_(xhlj),15
ohguro_mariya,15
oikawa_uso,15
oka_yuuichi,15
okazu_(atory),15
okenokoneko,15
okerabi_asura,15
okubo_atsushi,15
omochi_011011,15
omodaka_(nitera1041),15
omotin,15
oneko,15
onsen_(riai),15
oofuji_reiichirou,15
ooki_kino,15
ookubo_menma,15
ootsuki_kana,15
orange_yanagi,15
origin_(fefnir_nightload),15
oriotohime,15
osomatsu,15
ossan_jololol,15
otakeyan,15
otter_kawauso,15
ousaka_hiroshi,15
oushi,15
ox-miruku,15
oyuki,15
p_p_p_s,15
padocchi_(kurokitsune),15
pagotan,15
panah,15
parafox,15
parfait_(ryunghu),15
parune_chigetsu,15
paruru_(loooooper),15
pasteljam,15
patsuki,15
pawnluoluo,15
paya,15
pazuzu438,15
peach-tea,15
peggy_(pixiv9540913),15
pekepeke,15
peko_(akibakeisena),15
peroshiti_aniki,15
pikanchu,15
pikuharu,15
pina,15
piper_thibodeau,15
pipipi,15
pitt,15
pixiv_id_8379671,15
pixiv_id_955592,15
pk_draws_40,15
pochi-maru,15
pochiharu_(artist),15
poifuru,15
poke_kuu,15
polaris55740,15
polon55,15
pompier,15
ponchi-ponchi,15
pony_(artist),15
popomu,15
popopon,15
poshii_(posy),15
potatozoo,15
potchi,15
psan,15
pu_ht,15
purplevortex,15
python_(snake_legs),15
qianxia_yell,15
qiqi9658223,15
qlx_(2399001),15
quaanqin,15
queen_ashi,15
r-sraven,15
r.,15
r.s.r.,15
r_(shioaji),15
r_85,15
raayu,15
rabo,15
raicy,15
rain_(icetuofei),15
raiphen,15
rajewel,15
rankei,15
ranmaru,15
rasupu,15
rc,15
re-ema,15
rei_(reins),15
reimufate,15
reizdrawing,15
reki_48,15
remoyona,15
rgm501,15
rhe-rhe,15
ri_annri,15
richy_truong,15
rika_(kakera),15
rikoko,15
rimecandy,15
rimurimu,15
rin10,15
rina,15
rinako,15
rinrindaishi,15
rio_(usagiya),15
rirako,15
ririko_(rrk72),15
river18,15
rolling-ruffles,15
romion,15
romshiro,15
roshia_nise_mango,15
rossciaco,15
roy_(pixiv992911),15
rr_(rr2),15
ruben_de_vela,15
ruchita,15
ruisu,15
ruri_ninomiya,15
ruxun,15
ryao,15
ryle,15
ryo_(botugo),15
ryoi,15
ryu0120,15
ryukawa,15
s_dmrng,15
saamon_(dream81come),15
sabo_(fuya_2),15
sabu_(sa-bu),15
sacchin_(yama),15
sachio,15
sagawa_haruka,15
saiba,15
saiho,15
saimon_(pixiv),15
saito_(nezumiiro),15
saitou_atsushi,15
sakai_hamachi,15
sakana_(gyogyo33),15
sakasana,15
sakatsu_ohane,15
sakey1997,15
sakura12140814,15
sakura_(ms_ms_ms),15
sakura_mikan_(mikan1998),15
sakura_rock,15
sakurakunet,15
sakuya_(sa_ku_yan),15
salt_(sawa0609),15
samurai-pet,15
san_toma,15
san_tsu-bi,15
sana_hamada,15
sanchoume,15
sandaime,15
sano_(sano2022),15
sansenyama,15
sanzensai_michiru,15
sanzuri,15
sarusaru_naoto,15
sasakura_towa,15
sassa_(cb),15
sassa_(onion),15
sate_hatena,15
satou_yuu,15
satsuki,15
sayo,15
seark,15
seiro,15
sellen,15
sema_(artist),15
semausa,15
senaga_(pivo),15
senbe_(motimotio),15
seung_ho_henrik_holmberg,15
sevenann,15
shado_ne,15
shafuu_(arrowww12ga),15
shengxie,15
shenshan_laolin,15
shiboru,15
shigi_(shigi_4),15
shigu,15
shigure_(crimsonlover),15
shihoran,15
shiina_satsuki,15
shiki_n,15
shikinui,15
shikke_(1877944),15
shimamoto_utsumi,15
shimashima_(pixiv3696209),15
shimashima_salmon,15
shimauma_(zebra_vz),15
shining_dazzler,15
shinonome_myoke,15
shinsokunotaka,15
shio_(killiman),15
shio_(kuroame),15
shion_faru,15
shira_yuri,15
shiraha,15
shiraki_kyousuke,15
shirama_(c2h76_5),15
shiratama_anzu,15
shiratama_moyashi,15
shiro_(white_2530),15
shirogane_kihen,15
shirohunter,15
shirotsuki_(sirokuro815),15
shirozatou,15
shirue,15
shiuka,15
shizumi_(saluck),15
shizuru_(ayuhiko),15
shizutani,15
shmebulock36,15
shoboyuski,15
shougo_kota,15
shouno,15
shousuke,15
shrimp_platter,15
shukurin,15
shun47,15
sia_namsbinpeni,15
sibaco,15
sicile_gloria,15
sigekitti,15
sigeo2000,15
sil_(panchuari),15
silver_(atelier-tengu),15
silver_forest,15
simio,15
sirius_d,15
sirowanwan,15
siseru_samurai,15
size_hermitage,15
sizukage,15
skrats,15
skyhouse,15
skykain,15
slug_(artist),15
slvtr,15
so-ren,15
so_sou,15
sora-doufu,15
sora_(aki00),15
sorakusa_roya,15
soranagi_reno,15
soraneko93,15
soujirou_(m_world),15
souka_(souspirit),15
souko_(floyd),15
souma,15
soup_dumplin,15
sousui_yasana,15
sowaka,15
spookycatzzz(artist),15
ssz,15
stardust_axel,15
stmp,15
subaru_(hz),15
sucharaka_honpo,15
sueyuu,15
suga_(suga_suga),15
suika-tk,15
suisen_(aqua_rubia),15
sukapon-do,15
sukara-san,15
sukedji,15
sukuna_(artist),15
sumitani,15
sumiya_akihiro,15
sun_dou,15
sun_visor_(mata69),15
sunaosunao,15
sunege,15
suneiaaa,15
sunflowerpot,15
sunkist,15
superbeek4,15
supinosu,15
supopo_(pi4v2000),15
sura,15
susutake_(pixiv),15
sutores741,15
suyohara,15
suzuhana,15
suzuki_hayase,15
suzuno_(pixiv),15
suzzy,15
svveet,15
swagamicchi,15
syamo003,15
syouyumochi33,15
t3_(t3only),15
tadahama,15
taha,15
taji_(crowview),15
taka_(takalight),15
takahashi_yuuichi,15
takai_seika,15
takanashi_tsukasa,15
takitate,15
tako_(artist),15
takt.,15
takumoyuha,15
takuzou,15
tama_(moonriders),15
tamami0122,15
tamamono_atae,15
tamanegi_tarou,15
tamaru_makoto,15
tanaka_hitoriaruki,15
tanao,15
tanbo-san,15
tanemaki_shirura,15
tapeanna,15
tarako_(artist),15
tasuku_(1v1l),15
tatsu,15
tau_(llltau),15
tauke,15
tc1995,15
tedty33,15
teiruzuta,15
teke_(exploration),15
tell,15
tendo_(zhazhatiantong),15
tenguu_rio,15
tetsuok9999,15
theuselesstoe,15
thor_(pixiv240171),15
ti9931,15
tim_(tim411),15
tinnybunny24,15
tinpam,15
tirisousu,15
tknife,15
tko_(hhan),15
tmg,15
tobari_yayoi,15
tochimiki_(toichi),15
tohikou,15
toid310,15
toirotukimi,15
tokashiki,15
tokino_kito,15
tokuda_shinnosuke,15
tomaknights,15
tomei_ningen,15
tomo_(artist),15
tomokatsu,15
tomoki_tomonori,15
tomonori-kou,15
tomosaka,15
tomuman,15
tonegawa_ribu,15
tong,15
tootigee,15
toppema_mapetto,15
torashimaneko,15
tori_(hiyoko_bazooka),15
tori_yuhu,15
torikokoro,15
torisei8,15
toshi_(pixiv6514),15
toshi_punk,15
toshinoshin,15
toukaze_koori,15
triple_n,15
tripshots,15
tsubasa_(artist),15
tsuboraa,15
tsuguha,15
tsukasa_takashi,15
tsukino_mi,15
tsukushi_(kaori0331),15
tsumujin,15
tsunakan,15
tuanzi,15
tubayran,15
tuna21,15
turupiko,15
tuzuriya,15
uchida_masahiro,15
ueno_(heartbreakman),15
ufuto,15
uka_(kikarosso25),15
ume_chazuke_(rid),15
umeko_machi,15
umetani_chigusa,15
umetofu,15
umo,15
und2,15
undead_redstar,15
uni_(gumin),15
uni_(nacchan),15
unibazooka,15
unjou_takehiro,15
uno_(artist),15
upg,15
urano_ritsu,15
uri,15
usagida,15
user_symz7244,15
ushimado,15
usuishiki,15
uuhui,15
vanilla1034,15
vanilla_(shade),15
vanille,15
vanipo,15
vasily_(run211),15
villiam_boom,15
vivienne9westwood,15
vlizz,15
vveird,15
waasa,15
wakamesan,15
wakatsuki_(etoiles),15
wallacexi,15
warabe_(waraghi),15
waribaship,15
wasure_(ponmg402),15
wataame,15
wedge,15
whirlydoodle,15
white_l,15
whiteshark,15
who_808,15
windgun,15
wolffeld,15
wonton,15
x.x,15
xai,15
xdakn,15
xgao,15
xi_wu,15
xie,15
xiezhua_(amyoy),15
xyh,15
y.m,15
yachou,15
yadokari_(migihashi),15
yaegorou,15
yahata_(015012),15
yakiguri,15
yaksa444,15
yakushiji_takahito,15
yamaburo,15
yamada_naoko_(hideko1227),15
yamamoto_naoki_(bassman_naoki),15
yamaneko_ken,15
yanagoya,15
yanami,15
yang_young-soon,15
yansun,15
yasagure_yukito,15
yasakae,15
yaso80hachi,15
yayoi_sou,15
yellow_bunny,15
yen_(yenyenyen19),15
yin_xing_zi,15
yinertang,15
yo_shi_hiro,15
yoiyoi,15
yokogon,15
yokoya,15
yomoneko,15
yomyompi,15
yonayo,15
yonyon,15
yoo_(pixiv630924),15
yoroshi_(yoroshii_seikatsu),15
yoru_(yorusumire),15
yoshi_(koloio),15
yoshida_takanori,15
yoshihara_seiichi,15
yoshika_(kotorizinbei),15
yoshitaka,15
you_ku,15
youcing,15
yrdd,15
ysk0515,15
ysue-chan,15
yu-twilight,15
yucchan_(drizzle_star),15
yuinya_(chicken5536),15
yukihalbert,15
yukinoji,15
yukiomi_haku,15
yukue_m,15
yume_(yume_ato29),15
yumeiro_hanabi,15
yumeno_haruka,15
yunako_(artist),15
yuni_(monoxx),15
yunicoco_(coco-demmy),15
yuno_setouchi,15
yunori,15
yuo0,15
yuragi_(amriel),15
yuragiyura,15
yuri_(k_a_other),15
yuru_mame,15
yutaka_miyabi,15
yutanpo-2,15
yutori_(inu-hito),15
yuugi,15
yuuichi,15
yuuki_tokinomado,15
yuukikorosuke,15
yuurakusei,15
yuyutan0904,15
yuzu_gin_(pika97),15
yuzuhota0313,15
yuzuki000,15
yuzuki_kotona,15
yuzumochi,15
yzb-030,15
yzzzcm,15
z_aft138420,15
zassou_(taitakoiri),15
zenzen,15
zhileng_kong_tiao,15
zhuyan,15
zijinkalas,15
ziyo_ling,15
zuma_(zuma_yskn),15
zxs1103,15
0000_(byoubyou),14
0123456789,14
025aki,14
100_yen_locker,14
10mk,14
1840,14
1848066491,14
1tori,14
2-g,14
2c,14
32._(32_sats),14
3tohei,14
400,14
4040_(artist),14
53,14
580aoi,14
75,14
830_(hamio),14
9ibem,14
@co,14
@maya,14
@shimapan,14
a-very-merry-unbirthday-to-you,14
a5_arashi,14
aamakuruu,14
abimaru,14
acht,14
adafada,14
aeolus,14
aeror,14
aetio,14
af-henrytz,14
agi_(kankarado),14
ahiru1126,14
ai-eye,14
aiai_(jsm),14
aikana,14
aionlights,14
airi_h,14
airnery,14
aisutabeta,14
aisuuwan,14
ajeu914,14
aji_nashi_(dress),14
ajikeneko,14
ajuvyrvosjfj,14
aka,14
aka_renga,14
akabane3,14
akahito_(kemoyuru),14
akahoshi_kenji,14
akai_hana,14
akerohoshi,14
aki_(nastumegu),14
aki_ii,14
akiduki_i_tsuki,14
akimachi,14
akinuko,14
akio_(artist),14
akisa,14
al-qalam,14
alls,14
altorealize,14
alvis_(artist),14
amaama,14
amagan_ruruboshi,14
amami_yukino,14
amamiya_hisui,14
amano_hana,14
amanohana,14
amaoto,14
amazake,14
amazakesakumi1222,14
amazume_ryuuta,14
ame,14
ameoto,14
amese_hiyori,14
ameya_kanro,14
amnos18,14
amou_mari,14
an_natsuki,14
anago_(tokyo_retro_gokko),14
ando,14
angela_chen,14
anifamu,14
ann_yosh,14
anne_(annene),14
anoringo,14
antediluvian,14
anyasu,14
aoba_mina,14
aocchi,14
aoi_akua,14
aoi_umetaro,14
aoki_toshinao,14
aonikuro,14
aono_hoshi,14
aosi_(wasabiranzy),14
araissu,14
araki_(bouncer),14
arakunae,14
are_(arearee),14
arenoyoni,14
areri,14
arice-spead-21,14
ariga_ao,14
arihara_ema,14
arima_natsubon,14
arisakak_(valshun1225),14
arisuda,14
aroi_(euza),14
artcami,14
artumph,14
arusha,14
asa_(ces6ces8),14
asa_(hukumh),14
asaba,14
asagi_(xeelee),14
asahi_(pamuko),14
asatsuki_kamo,14
asatsuyu,14
ashita_kara_ganbaro,14
ashuho,14
asmind,14
asuka_(aqua_space),14
atsukan,14
auuufox,14
awd!,14
awer,14
ayakaze_satsuki,14
ayakii,14
ayato_mimi,14
ayu_miko,14
azuki_cha,14
azurebloom,14
azutan,14
azuzatori,14
bagus_casbon,14
bai_mei_(unko1172),14
bambino,14
baraizo,14
baruterome,14
bat_(coumori),14
bayneezone,14
bearclaw,14
beater,14
bee_(artist),14
beebunii,14
beigu,14
bel-tree,14
beniyosweet009,14
besi323,14
besuyama,14
bigmsaxon,14
bigxixi,14
bikkuru,14
bishop,14
bla_(artist),14
black-yuzunyan,14
blacksio,14
blmap,14
bluehead,14
bnjgm.,14
bondo,14
borii,14
boro_(boroboro8931),14
boushi_(nandemo),14
brittany_fuerst,14
buckto,14
bun_no_ji,14
burakyan,14
buranantoka,14
butubutubutubutu,14
bw,14
bxyzic,14
byakuya_yuu,14
c_otom,14
ca,14
caburi_aki,14
cacao_choco_mame,14
cap_(dkdm-d),14
captoon,14
carolyn_gan,14
castella,14
ceros,14
chachacha_(champon_ken),14
chan,14
chankodining,14
charinko_fox,14
chatsubo,14
chaya_mago,14
cherriuki,14
chibi_maru,14
chihiri,14
chiizu_sakiika,14
chikadou,14
chikotamu_(shiro),14
chikushou_desu,14
chimi_(parascenium),14
chiou!,14
chiroru,14
chirukome,14
chizza,14
choko_(kandatake),14
chokobanira,14
chou_(meteorite3),14
chounan,14
chozuru,14
chung_cthemax,14
chuu_(rinet),14
chuuten_(tyuuten),14
circle_garyuu,14
clearhand,14
clinrollmuri,14
clown0248,14
clses,14
cm,14
cogara,14
comic-z,14
comord,14
control5,14
cossory,14
crapgame,14
cru,14
cue_(lindwrum),14
cyonmage,14
cyril_rolando,14
d-e-r-i,14
dai55593,14
daifukumochi,14
daimosu,14
daiquiri,14
daisensei,14
daitai,14
daizu_(npl),14
dame_(dame_ice),14
dan_(toupe),14
dandhun_puku,14
daniel_bogni,14
dannrei3636,14
danpaca,14
daphine78805,14
darax,14
darkhikari,14
dashi_(dashiart),14
dbqp,14
deepmaru,14
dejaguar,14
delant,14
deltastic,14
demo_(takakong),14
dennbadennba0105,14
denoro,14
devil_heavens,14
dhkdldpa,14
dia_(saotoko),14
different,14
diives,14
dine&rita,14
dintea,14
dnaitari,14
doburoku,14
dokumitsu_akaringo,14
domu,14
donguri_(acorncafe),14
dorcas1004,14
dorianm_bc,14
doroshi,14
dorotabou_(dieter),14
dotioa,14
double-master,14
doutanuki,14
doyamatsu,14
dusk_(yuna2439),14
dusttodusk,14
dydydyok,14
dyumo_(moffri),14
easily,14
east_coast_canuck,14
ebi_(soshoku),14
ee0418,14
eeveeheart151,14
ef63_11,14
egawa_rui,14
eggsding,14
eiru0517,14
eitaisa,14
ejieaa,14
el2,14
eleanor,14
ell,14
elrem,14
ema20,14
emuru_(mushroom379),14
en_la_festa,14
enata_rei,14
eni,14
enkaboots,14
enko_(bbbbin),14
enma614_(patidonn),14
enu_(n_storage),14
er-mint,14
ercqelx8rprduft,14
eruri_(artist),14
ethusa,14
everfornever,14
evulchibi,14
exavalon00,14
exb,14
fabu0405,14
fairyjack,14
far_eastern_funion,14
fatexnano,14
fch2009,14
fct,14
fe,14
feff672166,14
feimao_(angelcat),14
feiwing,14
felix_ip,14
ferythekid,14
fezat,14
fheksxpsla,14
fluorart,14
forest_penguin,14
foxxfireart,14
fredward95,14
froflossy,14
fs,14
fuafuakko,14
fuchsia91,14
fuji_toya,14
fujishiro_yuu,14
fujitsuki,14
fukafusa,14
fukanensei,14
fuki,14
fukufuku,14
fukumaki_neco,14
fukurou_(hukirou),14
fumiharu,14
funatsu_kazuki,14
fureko029,14
futari_no_sei,14
futo_20,14
futoshi_slim,14
fuyugasumi,14
fuyumura_asuki,14
gahiro,14
gaien,14
gaki,14
galanyu,14
galaxyspark,14
ganik,14
ganshijiu,14
ge-ha,14
geiyajin,14
gelze,14
genkai_madika,14
geoly,14
george,14
geshopu,14
gh_(ront),14
gi_(46rain),14
giaour,14
gif365,14
gifer_art,14
gigle,14
ginkun,14
girl_m,14
gmbh,14
godschildaran,14
gogatsu,14
gohandesu_yo,14
gold_floss,14
gomi_(pixiv),14
gomoku_(gomoku418),14
gorito,14
gothloli_dokuro,14
gotou_masayuki,14
granada,14
greave_(asterism),14
gua,14
gunni,14
gz_(gzdteee),14
haaksik,14
hachikuji_kenuta,14
hadu_eru,14
hagiwara_hatoba,14
haikeb89,14
hairan,14
hakaba_(ksni_tbn),14
hakuri,14
hakuto_173,14
hakuya_kung,14
hakuyou-choun,14
hal_(harun),14
hal_(pixiv2042201),14
hamakawa_shuujirou,14
hamletmachine,14
hamo_tosaka,14
hana_(0458251551),14
hanabi_(artist),14
hanazuka_ryouji,14
haneki,14
haneyoru,14
haoto_luna,14
happy_turn2,14
hareta,14
haru.jpg,14
haruhi3,14
haruto28,14
haruyo_(imokenp),14
hasanishi,14
hashibami_arata,14
hatake_(hatanosuke),14
hatiaka,14
hatimoto,14
hatsumic,14
hatsusora_sakuta,14
haty,14
hayase_kento,14
hayashi_seiichi,14
hayasit,14
haz_first_music,14
hcho,14
hddkwar,14
hei_mao_de_zu_ji,14
heki_(miss60250),14
hellmary,14
hellween,14
hex_(tanhexun),14
hgr_(higure),14
hibiya,14
hidaka_(azurite),14
hidaka_fuuro,14
hidaka_kazuma,14
hidamari_(artist),14
hidero_(hidero1),14
hijikata_etsuo,14
hijiri-taro,14
hikaru_(atelier_no_note),14
hikizan,14
hima38,14
himechui,14
himmelisch-garten,14
hinagami,14
hinamu,14
hinapo,14
hino_katsuhiko,14
hio_(artist),14
hippos,14
hir0sun,14
hirohiran,14
hirosaki_(loireag),14
hirotaka,14
hiru_(hyerrr),14
hisaboden,14
hisui_(sigurehisui),14
hisui_(stapspats),14
hitsubaru,14
hiyo_(hiyococco),14
hiz,14
hizzacked,14
hkj0230,14
hm_(artist),14
hop-step-jump,14
hormone_koijirou,14
hornhell,14
hoshifune,14
hoshino_tatsuya,14
hotoke_(zz_orz),14
hotomura_(muramura69),14
housenki_(itigototyoko),14
hssno108,14
hunger,14
hyouzou_(xghsnx),14
i-ron,14
icc,14
ichi_(13xxx),14
ichi_kotoko,14
ichiemu_(picric),14
ichiko_(ichi),14
igneous25,14
igu_(103milk),14
iha_tobu,14
ikasoumen_riku,14
ikasumi,14
ikurumi_kaoru,14
ilris,14
imai_kitoke,14
imawano_lem,14
imo_(kong),14
ini_phm,14
inna_vjuzhanina,14
inoguchinko,14
inoi,14
inoue_mitan,14
inu_(nuiinu0000),14
inugami_shima,14
inutokage,14
ion_(artist),14
ipuu_(el-ane_koubou),14
irimo,14
iromi_(a1vlmeta),14
iron_(2486886134),14
irota,14
iru_(konoheyaniou),14
ishidamagu,14
ishutani,14
isumi_(i-spixi),14
itaru_(moritari),14
itetaki,14
itohara,14
itsui_(dihydrogenmonoxid),14
ittemiyoyo,14
itukik,14
itumu,14
iuko,14
iwako,14
iwasa_kasumi,14
iwasa_tomoko,14
iwatozaki_mamoru,14
izuna_masaru,14
j-unit_(lilykiss),14
jaeger,14
james_chung,14
jasmine_t,14
jastersin21,14
jatts,14
jazzycat,14
jellyman,14
jenny25424633,14
jeon9018,14
jibon,14
jimmy_stone,14
jin_no_himitu,14
jin_taira,14
jinguuji_(jinguji443),14
jiro-min,14
jo_jjo_29,14
joel_dos_reis_viegas,14
johnson_(touhousuki),14
jojo,14
joka_(hiwai),14
jouji,14
jouzou,14
joyfulman,14
juju_(mayamaya),14
july13th,14
jun2onod,14
juoto,14
jura,14
juuzou_(amayuu112),14
jynx_(artist),14
k-sara,14
k2-atelier,14
kaa,14
kabaneneko,14
kabuko,14
kae_hokora,14
kaeru_kenshi,14
kagami_reido,14
kagiyama_pandra,14
kai_(dweep),14
kai_(ootamuno12),14
kaibara_yuu,14
kaigara_boushi,14
kaiza,14
kakato,14
kakkuu_(clutch_shot_king),14
kalno,14
kam2d,14
kame4282,14
kamei_(yokoshima-ko),14
kana-ak,14
kanaranshi,14
kanata_(anpan-ya),14
kaneko_hiraku,14
kaneko_sake,14
kanoko_y,14
kanpachi999,14
kanro_(3637_3637),14
kanzuki_tsunane,14
karabiner,14
karako_(red-tea),14
karasu_(pixiv),14
karasu_raku,14
kashiyuki,14
kasugai_hiroyuki,14
kawachi_yamato,14
kawaizumi_pome,14
kawamoto_renge,14
kawasumi,14
kayo_(46996116),14
kazahana_yuu,14
kazakiribane,14
kazami_fukashido,14
kazatabi_lee,14
kazedesune,14
kazetuki,14
kazuhane,14
kazuho_(kazu-ho-ho),14
kazumi,14
kei_(785944216),14
keikazz,14
keiko220,14
keita_miso,14
kelongzi,14
kenneth_(qq),14
kenshjn_park,14
kent,14
kentarosu7,14
key_asan,14
khanka_shui,14
khibiki_(brequiem),14
ki-51,14
kiharatotsunori,14
kihiro,14
killuaz1130,14
killyoh,14
kimigabuchi,14
kinagirea,14
kindandowa,14
kingreia,14
kinokodake,14
kinzou_(2828),14
kiri_tampo,14
kirita_(noraring),14
kiriyama_machi,14
kiryu264,14
kisaragi_nana,14
kishida_takahiro,14
kishino,14
kiskil-llira,14
kisou_nowora,14
kitamuraeri,14
kiyomasa_(dangan),14
kiyu_tsuitta,14
kizaki_aoi,14
kk_aa_nn_ii,14
kkkoyubi,14
kkun88,14
klent,14
knives_(artist),14
ko-wei,14
kobii,14
kogeneko,14
kokenishian,14
kokono_ka,14
kokonoki_nao,14
kokuro_(kosyari),14
kokuten_(weaksound),14
kokutou-kuiuti,14
komaki_(gigu),14
komanana320,14
konatsu_hisagi,14
konishi_mitsuwo,14
konnota,14
koremitsu,14
koron_(tkhsrui),14
koshaku,14
kosuke_(gonzo_2010),14
kotatsu_(artist),14
kotetsu_motoya,14
kotobuki0101,14
kotobukimaru,14
kotokoto_(jumon),14
kotori_hina,14
kotuzui_yositune,14
kouzuki_yui,14
koyumi,14
kozue1120,14
ksrk_ss,14
ku--ma,14
kuchiwa,14
kugata1,14
kujou_saku,14
kunie_(seppa),14
kuno_touya,14
kuon_michiyoshi,14
kurimuzon,14
kuripang_bbb,14
kuro_(catcap),14
kuro_(jyupiter),14
kuro_(pixiv60110),14
kuro_neko_(yxmikan),14
kuroba_(pixiv112373),14
kuroitsuki,14
kurokawa,14
kuroko,14
kuromu_(cr0711),14
kurone_roku,14
kurosaki_nana,14
kurosawa_kiyotaka,14
kurosukey,14
kurozu,14
kurozu_(crozu),14
kururi_(pixiv2432322),14
kusaba_(kusabashiki),14
kuu_(pixiv582427),14
kuzira_kirara,14
kuzunoha,14
kyo-ra,14
kyohei,14
kzchan,14
l.green,14
l5_(nanbabodaaa),14
la_la_la_la,14
lagarto,14
lalamix,14
lama_(kusuriya),14
lamian,14
lasel,14
lastfin,14
lastlong,14
lawliert,14
ldl,14
ldld2,14
leaff00,14
lehuss,14
lenko,14
liang,14
liht098hue,14
likesac,14
limitlimlim,14
line_miyako,14
lisginka,14
liuleiwowotou,14
lizard_taro,14
llaoi_h,14
llxhh,14
loggy,14
loky,14
lonsdaleite,14
lottalove,14
lu_(nh054021),14
luai_(qq),14
lucky_small_pride,14
luclu03,14
lum10,14
maa_tc,14
maayan,14
mabius,14
macaroni_tamago,14
macrossky,14
madamu_nyuudou,14
mado_(view85),14
mafuyu_no_mo,14
magami_tobazu,14
magi12,14
magnetic,14
maguro,14
mai0124,14
makino_(katasumi),14
makino_ryuuichi,14
makkuroh_(pixiv),14
makochan,14
makochin,14
malu,14
mamemomota,14
mamesi_(suhk8583),14
manamitsu,14
maniwa,14
manohiro_yuki,14
manu-chann,14
maple_(57675110),14
mar_o,14
mare_(shiori_3021),14
marui_shiro,14
marukata,14
maruki_nobuaki,14
marusan159,14
marushin,14
maruyama_kaoru,14
mashimaro_(masimarodaaaa),14
mata_tabi,14
match_(type74tk),14
matomero,14
matsufox,14
matsumae_takumi,14
matsuri,14
matsuri_(artist),14
matsutake_umeo,14
max_kay,14
max_manster,14
mayuki_(nami1120),14
mefix,14
megatruh,14
meijou_inurou,14
meiko_(hishi),14
meka_(77111994),14
melonplus,14
melorythm,14
menka,14
menokonome,14
mensang,14
meri_(artist),14
meriibe,14
merle,14
mero,14
meromizawa,14
mesoso,14
metalridley,14
meutan131,14
mi_asupara26_k,14
midou_(midooooooooh),14
migihiza_(youtsuu_transmitter),14
mihasu_ll,14
mihayuuno,14
miimmiim3333,14
mikabe_sesuna,14
mikan_(aquacomet),14
mikazuki_shigure,14
mike,14
mike_(hinemosuk),14
mikoto_(cotot),14
mikura_(miraclemicro),14
milkgrrl,14
mimiyamakiichi,14
mimo1,14
minadori_naya,14
minagawa_emu,14
minaka_shobu,14
minase_ruruu,14
minato_hiromu,14
minazaka,14
minipoyo,14
minori_13101,14
mintchoco_(mmn2),14
mio_(yumehikou),14
mirai_(rs-729201204113-lg),14
mirto,14
miru_(miruzuya),14
mirumiru,14
miso,14
misogram,14
mitchlin,14
mitsu_(kuromitu-izumi),14
mitsui_jun,14
mitsuru_(madeinore),14
miyabi_1123,14
miyako_(mongcocoa),14
miyashita_maka,14
miyato000,14
miyatsuka_ringorou,14
miyukiruria,14
mizna,14
mizuiro_neko,14
mizukusa_aoba,14
mmff06,14
mo_(k40633),14
mo_ko,14
mochaaoi,14
mochi_suki,14
mochimochi_(papaiya777),14
mochimomomo,14
mochimura,14
mochiya,14
mochiyanagi,14
mocio,14
modantoire,14
modela_(baka_x_orange),14
moekyunmoe,14
moepush,14
mogayama,14
mogeco,14
moguraana,14
moha,14
moja4192,14
mokkouyou_bondo,14
moko_ko,14
mokoumaster,14
momiji_kinoko,14
momo_(baso4),14
momoko_(nihontou),14
momonoko_noko,14
monchi_(kashiwa2519),14
monotorosu,14
monty_oum,14
mooh,14
moritomoetomomi,14
mosha_densou,14
motakokun,14
motunabe707070,14
mouseqi,14
moyacy,14
mr_chwadee,14
mr_plagu3,14
mrlee,14
mu_fengchun,14
mugi30007073,14
mugi_dango,14
muki,14
mulemount,14
muraichi,14
muramoh,14
murasaki_pomeranian,14
murayama,14
muraziti-zu,14
murazou,14
mutospectacle,14
mutou_riu,14
muturou_k,14
myouan,14
n-master,14
nachiku,14
nagamikennzi,14
nagura,14
nahzar777,14
namaenadonai,14
nametake_(nametake),14
namiey,14
namizou,14
nanabe,14
nanae,14
nanana,14
nanashi_(otaku_rock_n_roll),14
nanatomi_yuki,14
nanatsuki,14
nanda_rone,14
nangua_mache,14
napm,14
nappy_happy,14
naritama_saty,14
nas-o,14
nashihako,14
nasuo224,14
natsu_dora,14
natsuki_koko,14
nectar-ii,14
neesawahh,14
neggu_(kojimagen),14
neikiddojeneraru,14
nekomatagi,14
nekome_(zelmeledf2),14
nekomissile,14
nekomori,14
nekur,14
nellku24,14
nemuiz,14
neon_(neonknight),14
nerv110,14
nesuke,14
neutrin,14
new_yamari,14
newmilky,14
nexeee,14
nguy_thuy_ngan,14
ni-jo,14
ni-si_(nisi_kun),14
nic01,14
nichisogawa_asaryo,14
nickniceth,14
night-moon,14
nightk,14
nijiberu,14
nijuu,14
niku_(amikoto),14
nikuhen,14
nimai-jita,14
ningmeng_zizi,14
ninomae01,14
niratoro,14
nirugiri_(nirgy),14
nishihata_ayumi,14
nisuki,14
nittama,14
niwa_mizuki,14
nizakana_takaharu,14
nnaoki,14
noah_(yakumo3903),14
noe,14
nohoho,14
nollxmai,14
noro_(notauchi),14
nosaki_viola,14
nourfeiar,14
noyama_(noyama8888),14
noyuu,14
nozomu_tamaki,14
nuana,14
nuanko,14
null_(hakugenya),14
nullhachi,14
nurutema,14
nyachooh,14
nyago,14
nyaku,14
nyarulake,14
nyath,14
odochi_(1or8),14
ogakororomi,14
oi_yameru,14
oitan,14
okaki,14
okamaru_shikhi,14
okisute,14
okitsune_(okitsune-sama),14
okowa,14
okran,14
omochi100ko,14
omone_chou,14
omotyanoneko,14
on_(snow77),14
onboro_(clunker),14
onisakiyoruka,14
onosanlove,14
ooka,14
oomuro,14
oooocha,14
ootsuka_rei,14
ootsuka_yasuo,14
op,14
orange_(moekibarasensei),14
ordures,14
orgia,14
osamu_(10051213),14
ossannoa,14
otama_(jcts),14
otnweo,14
otoka_hisagi,14
ototsu_(nitta225),14
otsuaki,14
oxoxox,14
p.k.,14
p.w.,14
pa_panahana,14
pai,14
pandamocomoco,14
pashiri_(shiripa),14
paulo_barrios,14
payano_i,14
pearl_flower,14
pedoroiya,14
pemyu,14
pencilanon,14
pepeko,14
pepo_(pepopepo),14
peppermintbee,14
petopetoo,14
petsematary,14
phantasy,14
physisyoon,14
piah,14
pibiko,14
pichoko,14
pict-pict,14
piggy_ho_ho,14
pipay,14
pira,14
pisto1star,14
pixiv_id_9188390,14
play_r,14
pocari66,14
pochio_xxx,14
pokkuri,14
pokonyan_(kuhina0110),14
poma123poma,14
pomero,14
pony_(moyasi),14
poo_(pitind),14
popopo5656,14
pota_(picopota),14
potato_house,14
poteto335,14
potoio,14
pow_(ameri),14
pring654,14
pucchomokkyuri123,14
puchopucho,14
pukkun-apple,14
punano,14
puntiki,14
pupu,14
push!_(pushmylove),14
puuyan,14
qiwiq,14
quo_(haizaraq),14
quriltai,14
r.n,14
rabbitlovesick,14
racotta,14
rai_(97417),14
raion.,14
rakisana,14
rakisutakonakona,14
rakko_(r2),14
rakuma_kanori,14
ramsus,14
ranyun,14
rate_(pixiv),14
rawder,14
ray-en,14
raya,14
raycat,14
re:ankh_(mrsz4523),14
rebyo,14
recentia,14
red_disappointment,14
regls,14
reigokoro,14
rein_rise,14
reirou_(re16ko89),14
reki_(pixiv),14
rekoku,14
rene,14
renka_(llawliet39),14
rens_(pixiv),14
renz_amami,14
repair,14
repray,14
rera_(12169432),14
res-q,14
resuta,14
riaxart,14
richa_doa,14
rickert_kai,14
rifnets_(dtiko),14
riku_(axion_channel),14
rikune,14
rimoko,14
rinen,14
rinka115,14
rinkarinne,14
rinku,14
rinne_(kouheiramia),14
rinsu,14
rinyan_suzu,14
rio30,14
rise,14
rishi_(ugati028),14
ritsu_(0015-xxxlxxxr),14
riwon_(junpei0122),14
riyuko3,14
rk925,14
roirence,14
rojiuranoneko,14
rokusho,14
ruchiteumu,14
ruga_(orage38),14
rui_(tsukihana),14
ruimado,14
rurounin,14
ruru,14
rurunankonanta,14
rw,14
rye_(yuetsuki),14
ryokka,14
ryou_(619-619),14
ryou_(pixiv247657),14
ryou_homare,14
ryousui_nao,14
ryu_ichi,14
ryusou,14
ryuutan_matsuri,14
s20,14
sa_ioio,14
sabusuka,14
sachi_(artist),14
sae_(saearito03),14
saeka,14
saeko_(artist),14
sahara,14
sahara1006,14
saitou_(sugarsa10),14
saitou_aki,14
sakaguchi_misaki,14
sakai_natsuo,14
sake_asari,14
sakeno_rarukan,14
sakondo_eri,14
sakumado,14
sakura1129,14
sakura3914,14
sakura_rio,14
sakurapanda,14
sakusyaretsuden,14
salmon_(657931354),14
salmon_(saaamon),14
samael,14
samba-temperado,14
samonegi,14
sana_(unyata),14
sanatsu_(humoh),14
saneyoshi,14
sani_(nmk_sunny),14
sankakuhead,14
sanmeosore_ryuuebi,14
sanyama_tarou,14
sapphire_yue,14
sarvuant,14
sasa90,14
satou_youko,14
satsushi,14
save_(naita_aooni),14
sawaragi,14
sayo25,14
sb_onepic,14
scarf_(artist),14
seishoku_fuoto,14
sennro,14
serie_niai,14
seshiro_(which501),14
seung_eun_kim,14
sevendayswar,14
sezaki_rie,14
sezanu,14
sg2119,14
sgt.size,14
shaian,14
shamonor,14
sheepspear,14
shiba42505719,14
shibafu_no_atama,14
shibata_kuru,14
shibe,14
shibuya_nozomi,14
shifumi,14
shiga_(nattou_mo),14
shikaku,14
shiki_(hubin),14
shikinyan,14
shima,14
shimabo,14
shimiko,14
shimin_level_1,14
shimotsuki_(ichiruki),14
shinjirou,14
shinku_p,14
shinobiya_fsaka,14
shinoda_mugi,14
shinogiri_zun,14
shiny_shinx,14
shiori_(aid19815),14
shippu_man_(artist),14
shirakaba_masara,14
shiramune,14
shirawaki,14
shiromi,14
shirosaki_(233144),14
shirosaki_rio,14
shirotsume_(nekokanromansu),14
shirou,14
shirou_(j00630),14
shitaya_tomoyuki,14
shite_kudasai,14
shizuku_(artist),14
shou_illust,14
shourin_bonzu,14
shurakui,14
shutun,14
sieru,14
silvis,14
simplecar,14
sine,14
sinnpatilove,14
siraele,14
sires_r_black,14
sizh,14
sizimi-sijimi,14
sky-sky,14
snowscapism,14
solwyvern,14
sonou_(lalala27),14
sor_(eliminate),14
sora_(sunday_sky),14
sorabo,14
soratoa,14
soratsuki,14
soumu,14
souseki556,14
souzan_kurasuke,14
spacepirate-lu,14
sss_(suzuki4866),14
stagking,14
standalone,14
starstar4,14
stephanie_lee,14
sturmjager,14
su,14
su-35_(artist),14
suehiro,14
suga,14
suga_koharu,14
sugamo,14
sugataku,14
sugikichi,14
suica_(artist),14
suika_m,14
suikaman_(kanikurimupasuta),14
suikasan,14
sujin,14
sukanchinkasu,14
suke_(pixiv12123823),14
sumeragi,14
sumii_(fumiki7),14
sumtj,14
sun_(sunsun_pd),14
sunabu,14
sunmomo,14
sunuu_(miya),14
suono,14
suraberu,14
surume_(artist),14
sushi_(artist),14
sutehiko,14
suteki2success,14
suzuchi1218,14
suzugo@erorin,14
suzuka_(nonnonsuzuki20),14
suzuki_natsume,14
suzuki_sanami,14
suzuya_wataru,14
syn_(synstyle),14
synchroman173,14
syougi116,14
syoumikigengire,14
sztxra,14
t-tom,14
tacchin_ichi-gou,14
tadaomi_(amomom),14
tagatsu,14
tahira_ureka,14
tai_(2vs),14
takahashi_mika,14
takamiyadaira,14
takanosaq,14
takashima_saki,14
takeda_sun,14
takesyun,14
takeuchi_dojio,14
takezaki_(artist),14
taki_(takimon),14
takise,14
takkayuuki,14
takuroo,14
talentlesshuman,14
tamago_(pixiv17968),14
tamaichi,14
tanaka_(artist),14
tanetanetane,14
tani_wataru,14
tanigawa_hiroshi,14
tannkobuiwa,14
tansan_otoko,14
taozi_tea,14
tarokichi,14
task_(artist),14
tasuke,14
tasuku_(pixiv90455),14
tatsuki3594,14
taxi_(owp),14
tbhoudai,14
tedain,14
teikou,14
teitokunanodesu,14
tekkotsu_(tekkotz),14
teku_(2nd_escape),14
tem+,14
temari_suzu,14
ten_(k1208),14
tentorisan_juusan,14
terumasa_(amanoy),14
teruru_(pixiv_6148103),14
tetuhei,14
tezuka_osamu,14
the_old_crane,14
thifure,14
thumpleweed,14
tia_(iris-sempi),14
tian_shi_meng_mo,14
tibet,14
time003,14
tin_tin_banchou,14
tk_(hibatidori),14
tkm_(1322323425),14
toco_(7037034),14
toco_(love-hmhm-tocotoco),14
toha,14
tokigi_akira,14
tokoname,14
tokunocin,14
tokuwotsumu,14
tommy0117,14
tomohide,14
tonari_no_koneko,14
tonko_from,14
tonoimo,14
tonton,14
topo_smarrita,14
tora_(artist),14
tora_(gatlingcat),14
tori150,14
torinone_(nontenki),14
toriumi_(trmx_x),14
toshio_ebine,14
toto_(to1010),14
tougou_kazuki,14
toyo-1040-maruthi,14
toyodaeri,14
tranquilizer_(bestcenter),14
transient,14
tsubame_fuji_(nanashi),14
tsugano_gaku,14
tsukasaki_haruko,14
tsukimizu_(ordeal),14
tsuna_(al_dente),14
tsutsunuke,14
tsuyohina,14
tuki,14
two,14
tyanotya,14
tyc001x,14
typhoon_sanctuary,14
u-jin,14
u_illustrator,14
udon_(improvisation),14
uduki_eri,14
ueda-pix,14
uhoho_(nano-pico),14
uhui,14
uk-works,14
umi_no_suzuka,14
under-siege,14
unodu,14
uranfu,14
urbandusk,14
uruu_(sweetishdrop),14
usagiho,14
usashi,14
user_fuyz3388,14
ushiwaka,14
ustumi_soudou,14
usubeni_sakurako,14
usuke_(38257259),14
uta,14
uwipi,14
uzura_kazuhisa,14
uzura_purin,14
vandana,14
vanishedstar,14
vaporotem,14
varu_(forscryd),14
vector_(artist),14
velox,14
vendobear,14
victor_(tama_e_akira),14
vince_price,14
virus76,14
visualcat,14
vizerothree,14
volternative,14
wa_bu_ki,14
wadachi,14
wadachitokakeru,14
wagashi_(goma_dango),14
wagashi_(yokotejn),14
waizu,14
waka,14
wakoku_nito,14
waniwani,14
warami,14
watanabe_minoru,14
wataori_(ippuku_shimasho),14
wave505,14
weeeeen,14
win,14
windy4th,14
wings_(tsubasawings),14
wolf025,14
worst_(am-worst),14
wrato,14
ww90055,14
x-arielle,14
xian_yu_mo_ren,14
xingjinmeijian,14
xktnjrxgvdrd3hy,14
xxkuroxx,14
y@mato,14
y_(pixiv1616946),14
yachi_kou,14
yagi_hikaru,14
yakumo_kuroo,14
yamada_3,14
yamako_(yamak0),14
yamakou_(pixiv16324),14
yamamoto_mika,14
yamamoto_nanashiki,14
yamanata,14
yamasaki_tomoya,14
yan,14
yanagifor,14
yaoku,14
yautja,14
yayoi_(pipi),14
yinan_cui,14
yongcheol,14
yoru_nagatsuki,14
yorubehakiete_tenohiragaeshi,14
yoshian,14
yoshida_(yooosida),14
yoshida_nina,14
yoshiharu_(ryoji),14
yosshy815,14
yossyzero,14
you_(roka),14
youkann00,14
youne,14
yowa_tori,14
yoxtut,14
yoyo_(harapeko),14
yuegatobu,14
yugioh_ocg_info,14
yuhki,14
yuino_(yuina0310),14
yukiduki,14
yukiguni_(ykgn),14
yukimi,14
yukimochi_kinako,14
yukiyo_(otca202),14
yukizawa_xueze,14
yume_(i_think.),14
yume_(ymym_62),14
yuuge_ningen,14
yuuki_(mnm217),14
yuuki_aoi_(aoi_town),14
yuusa-y,14
yuxuekeith,14
yuyu_haruko,14
yuyuibob,14
yuzuki_mia,14
yy888s,14
z4,14
zabudog777,14
zaki_(mr_zaki0808),14
zama_masaaki,14
zan_nenko,14
zara-im,14
zaru_no_naka_ni_aru_saikoro,14
zazazazazazawa,14
zealt,14
zededge,14
zeppeki_airin,14
zitszy,14
zofe,14
zunda_e_damame,14
zuru,14
zxanzai,14
zxu,14
zzing,14
033_(inao170),13
0p_(spiriti),13
0tacat,13
10rankai,13
10ri,13
1k,13
29hyeon,13
2_alice_2,13
2am2,13
38kb_(38shiki),13
3e,13
3mia_hadi3,13
4480yosiharu,13
5cm_housamo,13
7_(nnnnnnnk),13
85,13
96,13
9999_(artist),13
@unko,13
a-loft-on-cybertron,13
a.nori,13
a_fu_jiade_luo,13
a_s_h_e_s,13
abaishumei,13
acchan,13
aco,13
adi_a,13
adiyos,13
ae_(alter-c),13
afra,13
agnidevi,13
aheim,13
ai_(creamcaramel),13
ai_mizu,13
aikawa_daisei,13
aimitsu_(ibityuttyu),13
ak1,13
ak_oy,13
aka-bane,13
akai,13
akaitera,13
akamega,13
akashirosen,13
akatsu_masato,13
akebi_(kakuri),13
akeno_(akenosora),13
aki_(a2006p1074),13
akikaze_(pokekinokokikaku),13
akimaru,13
akimoto_(akmt_t),13
akina_rei,13
akiot,13
akira_(ku0427),13
akira_aoi,13
akita_komachi_(pixiv3139843),13
akuria,13
alchemybro,13
alloyrabbit,13
almightyx124,13
alnilam,13
aloin.g,13
alta,13
ama_(pixiv_50406250),13
amamiya_konatsu,13
amase_(siki696),13
amatelas,13
amber_(5_22_lili),13
ame_(tameste),13
ameri,13
aminosan,13
amon_(mulciber),13
amrta,13
anbee_(arary),13
ancomomomo,13
anei,13
angel_koman,13
annamakko-tan,13
anno_mana,13
antiqua_c,13
antique_(artist),13
aoi_masami,13
aosora,13
aqaqico,13
arai3648,13
arai_kei,13
arcsinus,13
aria_(pixiv470986),13
aria_r,13
ariazi,13
ariesuzu_(ariessz),13
arka,13
arkfield,13
arnat_chintanont,13
article_s,13
artistlove_knm,13
arudente,13
asahi,13
asahi_tooru,13
asamikhya,13
asato,13
asayuba,13
ashibe_ryou,13
ashima_(roro046),13
ashizuki,13
asia_(aji19081),13
asiulus,13
asskiler,13
athena-erocith,13
atsuki,13
atsuko_k,13
attokyu,13
aubergieine,13
awabuta,13
aya_(8819062),13
ayakabu,13
ayasemn,13
azhenhgu,13
azmy_(nyanbou),13
azuma_meri,13
azusa_(sukumizuya),13
bad_idea,13
bahamun,13
bajiru,13
bapio,13
barbarvsah,13
bbrangka,13
beco,13
beneceadraws,13
benetto_(benet),13
beni0012,13
benibeni,13
beniponzu,13
biburu,13
bing_bing,13
bittsu_(v1tz),13
bk3,13
bloodypepper,13
bohi_yamage,13
boku_(akamedou),13
boma,13
bononono,13
bonoramo,13
botro,13
brindiamo,13
bulge1944,13
bump_(silk0423),13
buncha_to_imon,13
buresu,13
buta_(jason13dead),13
bye,13
byoi,13
c2_jun,13
c_kago,13
cambo_copoca,13
carnivox,13
carrot_(carrotsgame),13
cecilia_(oshigoto_boshuuchuu),13
chachami_ashu,13
chagashi,13
chairlog,13
chakabo,13
chamameko,13
champ+,13
chawan_fukasu,13
chernoshka,13
cherre_(jerre-david13579),13
chetore,13
chibi_arisu,13
chicheesticks,13
chichi262,13
chickenb,13
chiiutsu_(cheewts),13
chika_umino,13
chikin,13
chikin_watanabe_raisu,13
chikuihaku,13
childlock,13
chimishiro,13
chimochimo,13
chiyono,13
choki,13
chonnbo,13
chonsuke,13
chu_qing,13
chubymi,13
chuubi_jun,13
ciel1533,13
circle_hitori,13
ckros-15,13
cleiooo,13
co_jet,13
coco0932,13
cocoaore,13
cocococco,13
coffinkun,13
comet_(artist),13
coolnova,13
cord-yoshikazu,13
crazy_kinoko,13
crim0718,13
cross_(guncross),13
cross_(togano),13
cruithne,13
csy,13
cutting_(mkjtl),13
d-ka-satellite,13
d6pvxvigzl45771,13
daaaa,13
daefny,13
dagashi,13
dahe_z,13
daimon560,13
dandelion_o2,13
dangan_(pixiv22262),13
darkeagle_an,13
darwinwu,13
deino_(deino3330),13
delica,13
despair_wing,13
dezhen,13
die_blonde_bestie,13
djheycha,13
doc.lnn,13
dokozo_no_shirou,13
dokulow,13
donrima,13
doraemon12012,13
dotechin,13
dotmaru,13
double_tens,13
douluo_dalu_xiaowu_zhuye,13
dpzkzl,13
dream_(1791923913),13
dross,13
ebiguracoro,13
ebizou,13
ebm7-5,13
ebra_hem,13
eccma417,13
eddie_holly,13
edit5,13
eimaisaki,13
ekz_(robotekz),13
elista,13
eltnage,13
em_(kmkmp),13
emanon,13
emine_mutsu,13
enekon,13
engo_(pixiv),13
enko_momoda,13
enue37,13
eren_(artist),13
erugiza,13
eruria,13
eryu,13
eskosugi,13
esuurya,13
even_(artist),13
examheart,13
excaipur_(artist),13
f-nezumi,13
fandomwarrior37,13
fangzhenyu,13
fantchi,13
feconf,13
felice_qaddaf,13
felipe_magana,13
fhara,13
final,13
firuo_(king_fish),13
flauschtraut,13
frank_(furanku),13
friedbun,13
frolaytia,13
fthgn338,13
fu,13
fuchi_(touo),13
fugo,13
fuji_warabi,13
fujii_tomoyuki,13
fujiko_(flax),13
fujikonbu,13
fujinari_yuuki,13
fukimin,13
fuku_imo,13
fukuma333,13
fukunoya,13
fumika_(moeshin),13
fumitsuki_kyou,13
fumizuki_kazuki,13
funamushi_nomore,13
funiru,13
furumun,13
fusataka_shikibu,13
fushinsya_ikue,13
fushoku,13
fuyu-nagi,13
fuyuko,13
gabriel,13
gaepeol,13
gaku_daichi,13
galerie,13
ganzyo,13
garayann,13
gasora,13
gaura_(wildxbabe),13
gavinekov,13
gem2niki,13
gen_(renoir1124),13
genny,13
gensou_ninja,13
gentleman_in_progress,13
geqian_guiyu,13
gerukazai,13
gesshi,13
ghooost,13
ginnyo,13
ginziro,13
gishi,13
gk,13
gkg666,13
glorenia,13
gnosis_(ylyk),13
gnsi,13
go_satoshi_ko,13
goma_satoshi,13
gomi,13
gonta_(kmga),13
gorohati,13
gou_hiromi,13
greatdearka,13
greenpeace,13
gs-mantis,13
gsgs,13
gudou_(gdo_514),13
gumo,13
gurena,13
guttyod,13
guwinomi,13
gyoh,13
gyokurocha,13
habara_meguru,13
hachipocchi,13
hack_waltz,13
hagiwara_kazushi,13
haguo_yuu,13
hakei,13
hakkyotyui,13
hakoudora,13
hakoya,13
haku_(tokuray),13
ham_(artist),13
hamoya,13
hana_(interstice),13
hanagosui,13
hanamiboshi,13
hanano_sumire_(artist),13
hanatani_nina,13
hanbun,13
hangdok,13
haniyama_hanio,13
hanny_(nhim),13
hanon_(heartofsword),13
hans_tseng,13
hanyapunifu,13
hari,13
haru_(toarutakii),13
haruhi_ayame,13
haruichi_(haruichithm),13
harukage,13
harvester,13
hashiguchi_takashi,13
hashiwo,13
hassaku_(kuramatengu),13
hata_hiroyuki,13
hatasan,13
hate_ani_hikae,13
hateko_tanuki,13
hatikou,13
hato_(tarenekokurabu),13
hatsuka,13
hawk_(cwmg),13
hayashinomura,13
hayden_sherman,13
hazike_akira,13
hbkhk2007,13
he_ji_(ryou),13
hei_(qijuzi),13
hekiryuu,13
helmet_(musco2),13
henyo,13
heppokokun,13
hg_(pixiv16108795),13
hi-ma,13
hibi,13
hidaka_nami,13
hidaring,13
hideono6,13
hie_(tom),13
hifumi_(art_sky_littel),13
hiichisato,13
hina_futoshi,13
hinaame,13
hinami_(ryuusei_potechi),13
hinoe_riho,13
hinoeya_kiuri,13
hinoki,13
hipporit,13
hirano_yui,13
hiro_(scarlettginger),13
hirobee,13
hirokawa_tomo,13
hirose_geronimo,13
hirose_wataru,13
hisagi_hotaru,13
hisagifuro,13
hisate,13
hisekai,13
hisohiso,13
hitachi,13
hitohautsu,13
hiwana_(nagare_hibana),13
hiyoko_(hello),13
hm_(tolosalmon),13
hoe_(dbp),13
hogeo,13
hokke_(iky9917),13
honda_yoshino,13
honenoumi,13
hoochi_gumo,13
hoooook,13
horobu,13
hoshi_(little_stars+),13
hoshi_(menma),13
hoshiko_(shu-kuri-mu),13
hoshikuzu_no_yoru,13
hoshimiya_ringo,13
hoshisaki_yume,13
hotaru_takana,13
hourinoki,13
housengo,13
htt,13
hun,13
hyakko_yuo,13
ibuki_(pixiv454256),13
ibulyn,13
ice_(iceglacier),13
ichan-desu,13
ichi_1123,13
ichigopantsu,13
ichigou_miya,13
ichikura_tokage,13
ihonhon,13
ikiteirukagiri,13
ikki3nomi,13
ikko,13
ikuno_yui,13
ikuo_(kazusiikuo),13
ikuodx,13
ikz97,13
ilabarattolo,13
illa,13
illustrator_kota,13
ilove_vocaloid,13
imoni,13
inaba31415,13
inaba_shounosuke,13
inanna123,13
incase,13
ine_(karategoukun),13
ing9,13
innocent_key,13
inono,13
inubana_jiruno,13
iny,13
ipponshimeji,13
iris_(riba),13
isago_(lop),13
isao_(bb),13
ishihara_souka,13
ishii_(isuwie),13
ishikana,13
ishikura_keiichi,13
ishinoyari,13
ishu_(ljcwer),13
itagaki_atsushi,13
itawozaki_mamoru,13
itoito_1983,13
itomagoi,13
iukawa_hamosaku,13
iwainari,13
iwato_(celler),13
izatama,13
izuko,13
izumi_(walnov),13
jajao,13
jamjamstyle,13
janelle,13
jd_(112731258),13
jean0503,13
jeje_(pixiv12541114),13
jess_limcangco,13
jianran_pan,13
jiantai,13
jimmy_xu,13
jinn_avalon,13
jinying,13
jios,13
jirafu,13
jiro,13
jitsusan,13
jjjjjjj,13
joakim_waller,13
joel_jurion,13
johannathemad,13
john_joseco,13
johnny_olm,13
joou_heika_(precare_deum),13
juesnow,13
junco,13
junejevons,13
junk_(junko-tan),13
junshi_(junbox),13
junyou_maru,13
juugatsu_porte,13
juuku,13
juuniya_gekkatsuru,13
k-san,13
k_nekoneko,13
k_ptn,13
kabyu,13
kachobi_(user_atuh5854),13
kagawa_hisashi,13
kagehino_akari,13
kagurazaka_iroha,13
kaida_bola,13
kail,13
kaimuu_(fahrenheit724),13
kairi_(strawberry_drop),13
kaiyuna,13
kajimiya_(kaji),13
kakari,13
kaki39,13
kakogawa_tarou,13
kalendar,13
kamamau,13
kami_amane_kurohime,13
kamichi_miyaki,13
kamioyuu,13
kamita,13
kamogawa_shuujin,13
kamoi_kouji,13
kamui0226,13
kamukamu_(benjomeshi_tsuushin),13
kaname,13
kanato,13
kanawo,13
kani_get,13
kanii_rate,13
kanizawa_kinu,13
kanjin_(gy0n1s0),13
kanmi,13
kano_sakurai,13
kanran,13
kantarou_01,13
kaoru_(pixiv),13
karakara,13
karasawa@,13
kari_avalon,13
karnemelk,13
karon-t,13
kasaki_takao,13
kasaran_(e_kisama),13
kashiwa_mochi,13
kasu_kazu,13
kasumi_miruchi,13
katagiri,13
katase_nano,13
katochin,13
kawama_hidesuke,13
kawao9,13
kawo-ri,13
kayasamad,13
kazami_satoru,13
kazekiri0825,13
kazuki_kiyoto,13
kazuto_mitsurugi,13
keino_(midorinoko),13
keito_(kandnext),13
keko_(corona),13
ken-sya,13
ken_(kenshjn_park),13
kenko,13
kesaharus,13
kessakudaze,13
keto_chuusa,13
kfre_(gehm8472),13
kichineji,13
kiina,13
kikichan,13
kikomauriz,13
kiku_no_ji,13
kikuma525,13
kikuno_tsumiki,13
kimura_chiruno,13
kinako_hiro,13
kinohara_hikaru,13
kinonenosiitake,13
kintsuba_(kintsuba_08),13
kinutarou,13
kiri_(foxsnake),13
kiriko,13
kirin_of_december,13
kirishima_naruse,13
kirsos,13
kisachi,13
kisaragi_(domino),13
kisaragi_n,13
kisaragi_seika,13
kisaragi_yakumo,13
kisen_shijima,13
kishiro_(michiko),13
kitakarai,13
kito0889,13
kiu,13
kiyou_sumomo,13
kjlbs,13
kmy-3_(kumayu),13
knhrpnkt,13
knightfang,13
koari,13
koenigsegg,13
kohaku_(raynart),13
kokemomomi,13
kokonoe910,13
kokuyouseki,13
komochi_shishamo,13
komorikorimo,13
konekone,13
koni,13
konosuke_dagame,13
konsuke0,13
konuko_(nukonuko210),13
koorogi,13
kore,13
koron_(pixiv2556545),13
koshinaka-zz,13
kotarou,13
kotobuki_(wk231414),13
kotobuki_hajime,13
kotobuki_jun,13
kotobuki_runa,13
kotokoto,13
kouken,13
kouno_megumi,13
kounotsuki_yuu,13
kouro_(apple2j),13
kouson33,13
kouta_decade,13
kowanayasa_mononoke,13
kozukue,13
kubo_(black-vinegar),13
kubokawa_(haifukikara),13
kuchibiru_(0023),13
kuchisuna,13
kudamono790,13
kuga_(nimonimo),13
kugatsu_takaaki,13
kugi_baketu,13
kukakooo,13
kukimoki,13
kuko_(endless-repeat),13
kulalix,13
kumano_yuzuko,13
kuon_yuu,13
kura_(harapeco1029),13
kurain_villager,13
kuriyama5422,13
kuromame,13
kuromiwa-38,13
kuropata,13
kuropenguin,13
kurorook,13
kurosuke_(yekyy),13
kurusushiki,13
kusano_(pixiv),13
kusata_murasaki,13
kusobaka,13
kuuya_(ayahata43),13
kuwanosisyamo,13
kya4,13
kyouma09,13
kyousuke_(pixiv537612),13
lancha,13
lasto,13
latealatea,13
laura_jimenez,13
lawzanid,13
leafmonarch,13
lei_yaya,13
lennard_hirao,13
leo_chuang,13
leon_(s-damianvencedor),13
lexivine,13
lie-on,13
lil,13
lilithcosa,13
limb92,13
limit_break,13
lina_gtk,13
liner125,13
linky,13
lirahalovna,13
lirix,13
littletwinghost,13
log_80000,13
lokiyoe,13
lotus_(miya1224),13
ls-lrtha,13
lukas_klaudat,13
luxuria,13
m0chigo3,13
m4carunes,13
m4k3inu,13
ma.ru,13
machin,13
madkoifish,13
maduzu,13
maeba_izumi,13
magifuro,13
magu_(syu_uhei),13
mai_(maittingu),13
mairu_dou,13
maka,13
makaiko,13
maki_(makidai2024),13
makinaru,13
makotou,13
makurakabar,13
maman,13
mameyarou,13
manabu,13
manaita,13
manananna,13
mannneri5,13
marimo_ouji,13
marinat0530,13
marneko,13
maru_take,13
marucody,13
maruo_(artist),13
masa-hiro,13
masa_takeaki,13
masaharu_(nuaa),13
masahiro_eto,13
masahiro_ito,13
masamu_(leonore69),13
masashou_(sinsyo23),13
masayoshi_toro,13
matagitii,13
matirine,13
matsumaro,13
matsumoto_aya,13
matsushiro_sasaka,13
maxeggq,13
mayo_(pixiv280176),13
mayonaka_(240082),13
mayou,13
mazikayu,13
me_(1005646017),13
mealeston,13
medio,13
mega5155214x,13
mei_(mei19132),13
meian,13
melon_atatame,13
meme_(zuwaigani4),13
memu_(do_mem),13
mercre,13
merri,13
merrybear,13
mersoleil03,13
meta_ooyake,13
metalbolic,13
meth_(artist),13
mg_(mica),13
mhk_(pixiv),13
miaodalizi,13
michael_mayne,13
migi_ma_hidari,13
migihidari_morimori,13
mihara_youzora,13
mihoshi,13
mikagelove,13
mikeseneko,13
mikipa,13
miko5kei,13
mikoko,13
milo,13
minami-nyan,13
minaminamina,13
minato_teisyoku,13
minazuki_honoo,13
minazuki_itto,13
mind849,13
minipat_(sketch_wall),13
minnu,13
minoru_(mnr_akgr),13
mintchoco_(minchothudong),13
miokurumi,13
mira_shamaliyy,13
mirage_star_602,13
miro,13
mishiki_sakana,13
mishou_maki,13
miso_ni,13
missyouone1812,13
mita_kurumi,13
mitsui,13
mitukihiro,13
mityennn,13
miwayama,13
miya_daisuke,13
miyao_gaku,13
miyo_(aenmix),13
miyui,13
miyukirei,13
mizu_denpa,13
mizukami_ryouma,13
mizuki_saeka,13
mizumisaki,13
mkd78236,13
mkpower,13
mmm_(mikito),13
mn,13
moco_(axion_channel),13
mode_(mode-n),13
modotteku,13
moe_monokatari,13
mofu_shougun,13
mogeko,13
mogito,13
moifactory,13
mokomoko_yanakku,13
mokona1107,13
momijimanjuu,13
momonga,13
momose_sumomo,13
momosiro,13
monk_(artist),13
mono_(sa),13
monta,13
montekoa,13
moochirin,13
more,13
mori_chu,13
morishige,13
morita,13
morozumi_(kaorin),13
mossan_(mossan-777),13
motoji_(hamayarawa),13
moya_44444,13
mozuku,13
mozukugumi,13
mr_blackcat,13
mrkkaochang,13
mugenmarine,13
mugi_(ko6giko),13
mugino_kirin,13
mugyaclan,13
mukai_kiyoharu,13
muku_(komainu),13
muni,13
murasaki_nyaa,13
murata,13
murayama_kei,13
muroi_(fujisan0410),13
musu_(owllwo38),13
musuka,13
muutsu_(maxwell0916),13
muzuki_hikari,13
myonmyon,13
mystic-galaxy,13
n_(no_bu),13
na_yeon,13
nagarnia,13
nagase_kei,13
nagase_kizuna,13
nagato_tamakichi,13
nagi-kaze,13
nagi_(giraf07),13
nagii_yuki,13
naju0517,13
nakamasomo,13
nakamura_hirofumi,13
nakana,13
nakid,13
nakiyu,13
naku3,13
namake_moxon,13
nameko_(pixiv605672),13
nametake_(nekoyasya12172),13
namigon,13
nana_murasaki,13
nanakorobi_yaoki,13
nanashi_(nns302655),13
naoe_marimo,13
naritika,13
nartanz,13
narumi_sato,13
nashe_taneru,13
nasu_(okurairi),13
nasubi_hi,13
nasudora,13
natsu_(pixiv466254),13
natsucha125,13
natsume,13
natsuno_hareruya,13
natui,13
natune,13
necota116,13
neena_(nina934410),13
neeta,13
neko_hunsou,13
nekokokazuma,13
nekomoto,13
nekono_matatabi,13
nekoyuu,13
nenko,13
nentan,13
neyti,13
neziiro,13
nickjr,13
nico,13
nigemakuri,13
night_hawk_yoshinori,13
niimori_hiroshi,13
niisan_alpha,13
niji,13
niji_sugi,13
niketora,13
niko_geyer,13
nikukyuu-man,13
nikukyuu_(vento-aureo-giogio),13
nikusho,13
nimu_(siroirousagi),13
nina_yuki,13
nine_(kanatei),13
ningukt,13
ninomae_gin,13
nisedaiti,13
nishiizumi_tasuku,13
nishiura_gin,13
nitro,13
niwatorisann,13
nkmt,13
no.gomensu,13
noboundary,13
nobu_yan,13
noche_chunzi,13
nod_(artist),13
nokaze_koyama,13
nolife,13
noma_(kifyz23),13
noma_taoru,13
nomaru,13
nomura_fusako,13
nootaragibe,13
nopeys,13
nora_(misato0301),13
noraneko,13
norimaki0122,13
north,13
nottytiffy,13
nozakuma3,13
nozo_(hibi_tsurezure),13
npc-dion,13
nty-in-the-house,13
nue_(zenda),13
nukomen,13
nuppunuppu,13
nurinuno,13
nuruhaschi_(honki),13
nya?,13
nyanta,13
nyanyahinaichigo,13
o'm,13
o-23,13
o_omune_(kagu8),13
ocancan_dancing_school,13
oekakinozobon,13
oginy,13
ogitouma,13
ojou_(mei_guanxi),13
okan,13
okazaki_beru,13
onigawara,13
onimaru,13
onsokuzekuu,13
ooima_yoshitoki,13
oomori_aoi,13
oomugi_genmai,13
oops,13
orange_cassis,13
orebelt,13
orin,13
orishin,13
oruta_(granmog),13
os_(kazos),13
osase_(nira33),13
oto_(ginswallow),13
otoichi,13
ougi_makoto,13
ousawa_yayoi,13
oyabun_(higashi),13
p-chan_(mitsuta52),13
p_(zzaazz),13
p_baby_blue,13
pain-lucky777,13
painame,13
panchok,13
parabora_(nipplemokuba),13
parata,13
parmesan_(zan_parmesanne),13
parnasso,13
passingpleasures,13
pastel-pastel,13
pekosuke,13
pen_(penchop),13
peperonchiino_takuma,13
pepo_(absolute1123),13
peri-bytes,13
persona92,13
pesi,13
peter_huu_nguyen,13
pi-pie,13
pikkumyy,13
pili_0,13
ping_(caoyanping198793),13
pinosan,13
pitoo,13
pixiv_id_34056188,13
pizzadev,13
platinum_disco,13
pmushroom,13
po,13
poetax,13
pokehikaxyz,13
poklala,13
pontaouka,13
pop_(lovelikepop),13
pori88,13
potatotop,13
poth,13
pralinesquire,13
prussian_blue,13
purapa,13
puzsan,13
pyojunbe,13
qbase,13
qian8102,13
qiangzi,13
qingdqing,13
qualia,13
queen_vegeta_69,13
raiden_(artist),13
raidon,13
ramu_(xxxramxxx),13
ramuniku_ooo,13
random_(ningen_modoki),13
randomblue,13
ranger_(mll0101),13
ranyui_(yupipipi),13
rapan,13
rapisu,13
rasa,13
raseruta,13
razavi,13
rdkshinku,13
re:n_ne,13
re:re:re:,13
rebasashi,13
redscythe,13
refrainbow,13
rei-en,13
reine_(artist),13
reminiscence202,13
remireiha,13
renon_(tenle),13
ressanpanda,13
revoltech,13
ribbon8holic,13
rien_(sonidori),13
rii2,13
riicha,13
riitan,13
rike_(pixiv),13
riki_(archf),13
rikku_(licloud28),13
rin_(louis_m),13
rina_(michishirube),13
rinc7600,13
rinko_(usoppachi),13
rinoarashi,13
riza23,13
ro_man,13
rog92,13
rogerwitt,13
roku_usagi,13
rokusyo,13
rokuuso,13
rone,13
roro_(shisi4656),13
roshi_(1day1lily),13
rozy,13
rrose,13
ru-wichi,13
rukah,13
rukaori,13
ruru_(lamourouge),13
ruuko_(artist),13
rya_(aptkz_11),13
ryabu,13
ryohakkai,13
ryoko_(mangowater),13
ryuutansai,13
s-ei,13
s-sullivan,13
s_black,13
sa_kuma,13
saaya_(32308),13
sabuko_(pooooo),13
sabuosandayo,13
sachi_(pixiv1644992),13
sachikan,13
sachiko,13
saezu_habaki,13
sagaradai,13
sagari24,13
sage_(artist),13
saharan,13
saigado,13
saitou_tsukasa,13
saiun_hanatsubasa,13
saka_nagiya,13
sakasa_dzuri,13
sakechazuke,13
sakenotorii,13
sakimeikun-daze,13
sakko,13
sakoku_(rh_ty_ks),13
saksak69,13
saku_(pixiv526117),13
sakura_noel,13
sakuragawa_mionoketsu,13
sakuraizumi_yuu,13
sakurajousui_neko,13
sakurako_(moutan),13
salorbt,13
sam_(new_bee),13
samika39,13
sanarii,13
sanbel780308,13
sandarumi,13
sango_(y1994318),13
sanndo,13
saraimer,13
sarasara,13
sarry23,13
sasago,13
sasaki112,13
sasaki2020,13
sasaki_sue,13
sasoribi-dekine,13
sato_miiko,13
satou_mami,13
satousu,13
sausu_(himakuma),13
savemenu,13
sawa_(sawa-house),13
saya_(sayaz),13
sayo_(mutuha),13
scamwich,13
scarlet,13
scarlet_desires,13
schuschuschultz,13
scull,13
sdhh,13
sdr1989,13
secretter,13
sedith_cd,13
seeker_(shzyu),13
sei_(6862879),13
seiko_p,13
seiryuu_zaiten,13
sekii,13
seklutz,13
semahiro,13
sengoku64,13
senni,13
sentaro,13
senyen,13
senzoku_senri,13
seon,13
seozo,13
sera_(mrvles),13
serafelis,13
serenade_(pixiv556801),13
serinavvv,13
setsuna_(pixiv),13
sevens_(treefeather),13
seya_(sseya33),13
shaku_(gekirin),13
shari,13
sharp_(renweixia),13
sheiyue,13
sheltea,13
shiba_(artist),13
shigemasa,13
shigure_rin,13
shiiku,13
shikaji_kashikai,13
shikato_miyo,13
shikiji,13
shikuma,13
shimamoto_harumi,13
shimauma_hikuuma,13
shimazaki_nekuro,13
shimizukaeru,13
shimotsuka,13
shimotsukiriya,13
shimusu,13
shinbunya,13
shinigami_a,13
shinku_(artist),13
shinkuoh,13
shino_(artist),13
shino_himegami,13
shinoda,13
shinsei_suzushi_mayuge,13
shinta_(the-mattyaman),13
shinzou,13
shio_(pixiv151189),13
shio_konbu,13
shiobana,13
shiou_tsuyukusa,13
shira_(kunseitamago),13
shirakawa_ayako,13
shiranui02,13
shiratsuki,13
shiren,13
shiriusu,13
shiro_(kiron),13
shirogane_(ankoromochi),13
shirogane_hakuba,13
shirokuma_(shiropan777),13
shiroto,13
shiroue_tomari,13
shirousagi,13
shishi,13
shishimaru_(polar_museum),13
shishoo_(vanura),13
shitub52,13
shizimi0218,13
shizuku_(asanuma),13
shizumi_tsurugi,13
sho-1,13
shou_(past),13
shou_moeboshi,13
shoufukucho,13
shuf,13
siaoyu,13
sideburn004,13
sierra_(ws),13
sigeyama,13
sigma_2018,13
silane,13
silvester,13
simadu-kazuhisa,13
simasima,13
simulex,13
sineyz,13
sing_(artist),13
siniti,13
sinzuu,13
sion_(blackhorse),13
sion_usuke,13
sionoe,13
sira_tamako,13
sirin_(sirin_8_8),13
sisqo_5003,13
skyneko,13
skyregalias,13
slinkyui,13
smarttiger,13
smdsqi,13
sng,13
snonfield,13
sochie,13
sonodainuha,13
sonouchi_(bigsummersky),13
soon_(yjwx8242),13
sora_miru,13
soraryu_saworu,13
sorato_jun,13
souffle_sable,13
soukaa_(golden_sash),13
souko_(yue),13
souma_(soumadian),13
sowki,13
spoiled_kandume,13
ss,13
sskw_mm,13
stealthmaria,13
steelgarden,13
stella,13
sten,13
stere_o,13
sterilizedgauze-qhx,13
steven_donegani,13
stixdude,13
stoner_(artist),13
str-natural,13
suama,13
suaynnai_wanzi,13
sue_(frederica--bernkastel),13
suehan,13
sugimoto_surume,13
suhu_(hitsuzimakaron),13
suimii,13
suiryuu_(starry_dorm),13
sumegari_hamao,13
sumi_hei,13
suminosumire,13
sun_(artist),13
sunago,13
sunako,13
sunakoshi_ten,13
sunsnak_sn,13
supuzawa,13
surolen,13
surphase,13
susanowokoujin,13
sushi_yuusha_toro,13
sushiko15,13
sushineta,13
sushirolled,13
suzuki_gou,13
suzuki_noritaka,13
suzuki_yasushi,13
suzuna951031,13
suzunari_ichigo_(rokkencyaya),13
suzutou,13
sw_(stevew),13
sweta_(sakerflc),13
syaruro-to,13
syoooheeei,13
syuubi_jun,13
t3run,13
ta_(shyura),13
tachikoma_(shin-a),13
tacho,13
tada,13
tadano_omake,13
taemin_park,13
taiti,13
takagi_nobuyuki,13
takahasu_kaoru,13
takami_yuuki,13
takanashi_kana,13
takano_hayato,13
takanon_(nekomaruya),13
takatsuki_satoshi,13
take_(artist),13
taketen,13
takohati,13
tal_yuji,13
tamano_nae,13
tan_(artist),13
tanaka_noel,13
tang_wutong_tongren_she,13
tanoshihana,13
tanuki_(metaltanuki),13
tanuki_lll,13
tapa_(tapa),13
taruha,13
tatenayua,13
tatsuhiko_(pasutaya),13
tatsuki_yuuta,13
tatsuya1227,13
tattsun_(denden0417),13
taturouxs,13
tayoko,13
teadial,13
tecchi_kun,13
tekkaman,13
temae_(jcb),13
ten-u,13
ten_(tentojidon),13
tenro,13
tenso,13
tensui_(yumemoyou),13
tentokki,13
teresa007,13
teru_teru,13
tetora_(ttr2011),13
tetra_(pixiv),13
tetsumi,13
the_starry_skies,13
thealagator,13
thesanaelove,13
thesdros,13
thi_fure,13
thirukin,13
thomdotartz,13
tirutiru_bee,13
titanic21,13
tk_(nerd-goods.com),13
tlkwan,13
tntn,13
todomumeru,13
tohru_adumi,13
toire_(kakka),13
tokatokato,13
tokei,13
tokeyukumikan,13
toki-o,13
tokifuyua_sora,13
tokonone,13
tomato_(madanai_the_cat),13
tomato_chip,13
tomaton,13
tomohito,13
tomoti_satoshi,13
toni_hoang_nguyen,13
tooda_riko,13
torako_19,13
torikawa,13
torutee,13
tosaka_rai,13
toufuno,13
touki_no_tsubo,13
touma_(halcyon13),13
touou,13
tovago,13
towa_(towa_no_jiyuuchou),13
toya_kento,13
toyo_(s9654431),13
trevor25527766,13
tsaoshin,13
tsugahara_ne_ne,13
tsukino,13
tsukuan,13
tsukuyo_(artist),13
tsumiki_sata,13
tsumikidou,13
tsumutsumu,13
tsuncha,13
tsurara_neko,13
tsuri_buta,13
tsutsui_taishi,13
tsuya_iruka,13
ttkkmmrr,13
tuooneo,13
twenty,13
txa118,13
tyler_anderson,13
u-zone,13
u_(kuroinu0107),13
uchida_shiki,13
ueda_hajime,13
ueda_sanagi,13
uini,13
uli,13
umesuki,13
umitsuki_kouna,13
underfruit,13
uniwhale,13
urepito_honke,13
usagi_inu,13
usagi_tada,13
user_yexh7882,13
ushijima_nozomi,13
ushio_(cow_tail00),13
utauinu,13
utsubo_kazura,13
utsushige,13
uyamuya,13
vanpiru_jun,13
verden,13
very_berry_satoco,13
vesper,13
virtues,13
vitaminlemon,13
vumiposu,13
w8ukg2,13
wahae,13
wakabaneko,13
wakai_hiroshi,13
wankoro_mochi,13
wanmixia,13
waon_(pixiv),13
wara@,13
warabimochi_(wasabi),13
waruiga,13
washuu,13
watanabe_yuuna,13
watarasera_piro,13
watari_tanikiri,13
watarizora_tsubamemaru,13
watermelon_pan,13
werq1996,13
whitecrow4444,13
whitetea9,13
who93,13
windhide,13
wsfish8,13
wys_1981,13
x-4kazu,13
xenoc,13
xiao_gu_(xg112),13
xiao_guiling,13
xiao_rui_rui,13
xingna,13
xiongmaojun115,13
xiyou_(xhs_8933014455),13
xxx_yc05,13
y_ojisan,13
yabai87913329,13
yac_(mokkori),13
yahhooooi,13
yaksa_del,13
yal_(lily910218),13
yamada_73,13
yamamoto_mamo,13
yamarisu_(ymrs),13
yamaura_tamaki,13
yanagi_ryou,13
yang_(binari),13
yangzheyy,13
yasu_rintarou,13
yasuharasora,13
yasunao,13
yatsuka,13
yell_mun,13
yer,13
yoiyami_mutsuki,13
yoku_soy,13
yoma_(lycoris109),13
yomimatigai,13
yona,13
yonakaforever,13
yoojucha,13
yorujisa_yuuto,13
yoshihara_tatsuya,13
yoshikawa_hideaki,13
yoshimura_hinoe,13
yoshino_run,13
yoshio,13
yoshitatsu_ousuke,13
yosimurarisa,13
yosiokunn,13
yotarou,13
yotsuba_yuiko,13
you_zasshoku,13
yougi_shaaru,13
youhe,13
youjo_no_mikata,13
youme,13
yt_(yt_ty),13
yuasa,13
yubari_rumoi,13
yue_ling_yu,13
yufu,13
yuhji,13
yui35,13
yuibi,13
yukiguni_samui,13
yukiji,13
yukimune1776,13
yukina_yotsuba,13
yukinoserizawa,13
yukiririn,13
yukiru_akitera,13
yukito_(chronicle),13
yules,13
yuma_(kuroba_tsuto),13
yume_koreshiki,13
yunelala,13
yuntea,13
yupo_(yupo4069),13
yuta_(hoshiuta),13
yutoriro,13
yutsuchi,13
yuu_(kyuutai_kansetsu),13
yuu_choko,13
yuuani,13
yuuki1924,13
yuuki_masami,13
yuxing_yuhang,13
yuzuhiro_(98),13
yuzuneko613,13
yy_seven,13
z67y97t87gyihy,13
zagu_(grape_garden),13
zaimoku_okiba,13
zakku_(kya--193),13
zakkuru_(zacky424),13
zekkyou,13
zergling_(cdror1004),13
zerii_(cdcdqqq),13
zeromayhem,13
zetlice,13
zha_yu_bu_dong_hua,13
zo-jo-man,13
zo_tuite,13
zucreelo,13
zyayu,13
02akst,12
1000000000,12
10000lovers,12
10439vu,12
123456_(1322881),12
1_(kawaseha),12
1c3ink3tk4n,12
20day_cc,12
4179a,12
467_(artist),12
5han,12
5p_(xkzhfnzk),12
6hakomaster,12
9-6,12
914kana,12
920-k,12
966,12
a_luo,12
aa_shirotakabu,12
aaii,12
aaron_schmit,12
aasara,12
abe_riko,12
abiyka,12
acco_(sh_in),12
adenade,12
ado002,12
aft5,12
afunai,12
ag458,12
again8120,12
agito666,12
agura_dou,12
aimota,12
aina_(cache_cache),12
aireenhp,12
airi2,12
aizawa_shin,12
akabuchi_megane,12
akadume,12
akane_(3yo4yo5yo),12
akatsuki_kouya,12
akatsuki_rokino,12
akaza_shiro,12
akinai_ari,12
akiposo2580,12
akira_(tete-akira),12
akitu_kouta,12
akizhao,12
akkasayu,12
akudato,12
akusyu,12
akutsu,12
alcmls1230,12
alian2020,12
alicia_(schrdingerscat),12
alto_(natsusansai),12
ama_(mosaicowen),12
amachi_osamu,12
amagi,12
amayuki_esuka,12
amura_(artist),12
an,12
an-bl,12
anata_(lighttuner),12
anbe,12
aneogyps,12
anko_(tkg0705),12
ann_(artist),12
anonimasu,12
anthsolo,12
anyaaki,12
ao_tamari,12
aoba_saijin,12
aoi,12
aoi_(artist),12
aoi_(pixiv2498037),12
aoi_chihiro_(ru3ds),12
aoinu_(2718zz),12
aoiro_69,12
aoiya_soujirou,12
aotsuki_ren,12
aoya_(hoshixii),12
aozarigani,12
apo_518,12
applebrown,12
araki_jeccy,12
aratama_(a-tama),12
ari_rayoko,12
arinoyu,12
arita_youko,12
ark41500,12
aroaw,12
arsenal,12
aru0607,12
aruba,12
asai_(asumithi),12
asaki_(bluemoonstone),12
asaki_shuu,12
asamoto,12
asato_(artist),12
ashermes,12
asheta7,12
ashida_(5232334),12
ashley_ann_swaby,12
asia_kendrick-horton,12
assa_2,12
assemblerones,12
ata_(egalite),12
atat_karubi,12
atn-jijifyg,12
atsuko_tsen,12
atu_(fuji_atu66),12
atyuto,12
aurora_(cynicalruins),12
avolicis,12
awesomegoats,12
aya_namihei,12
ayahono,12
ayaka,12
ayano_rena,12
ayase_aya,12
ayatori_(238676),12
ayra_(ayra_00),12
ayu_minori,12
ayuhara_hiiro,12
azihurai,12
azu_(azzz),12
azu_(bnpsikyu6935-he),12
azuki_neko,12
azukiani,12
azumax,12
azure090,12
azusa_yukimasa,12
b-parteggia,12
b_dome,12
bachi_(bachoo),12
badhand,12
baitong,12
baka_ouji_persia,12
bakuha,12
bamboo_617,12
ban_paku_(arazio),12
bass386,12
batkangaroo,12
bau_(sky_pizz),12
bazumi,12
bekio,12
benedia,12
beni_(nikaidera),12
benmaru_image,12
bertsr,12
beta_x,12
bika_bika,12
birb_b304,12
bisuko,12
bjcrk453,12
black_bitou,12
blackegg,12
blackjoe,12
blaz_b._aros,12
bloodink,12
bluerancel,12
bluetenbin,12
bnnbnn,12
boh_stick,12
bombomb25,12
bon_(artist),12
bonu_(tsunatan),12
boringmu,12
boru_(ochagashi),12
bow-wow,12
bra-cky,12
bridow,12
bright_(artist),12
bright_(long-ago),12
buffy,12
butano_(star-dust_boxxx),12
buwei_(ironypot),12
c-low,12
cafeore,12
calcio,12
caramel_(caramelmalt),12
carbonate,12
carlmary,12
carlos_(artist),12
carlyraejepsans,12
cat_helper,12
cateille,12
ccclann,12
cekonikova,12
centipede_(whale2011),12
cha_(mika),12
chaa_(ritoporu),12
chaki_(emeraldia),12
chamata_nichikuro,12
chamayy,12
chanceandluck,12
chaninin,12
chantu_irasu,12
chaotic_dragon,12
charlieinoni,12
chenge-getter,12
cheonha87,12
chi_(pixiv2035),12
chibi-oneechan,12
chichikoucha,12
chihiro_p,12
chilbok,12
chimochi,12
chinad011,12
chirao_(tirao777),12
chiriko,12
chirugekiai,12
chitose_mame,12
chiyozaka,12
choco_(moyasi),12
chococuco,12
chocolateonly,12
chocora11,12
choi_kada,12
chokotto,12
choumin_f,12
chry_(abbey_bc),12
chu_dengdeng,12
circe,12
cirima,12
cjh123456,12
coda,12
cohal,12
colin,12
coma2,12
completezero,12
confettocandy,12
consent_(oituku),12
coralus,12
coran_stone,12
coriinu,12
coro_fae,12
corocoma,12
crazyzoe,12
crown495,12
cryolite,12
cube_(alma),12
cubexcube,12
cuphea,12
cynthia2,12
cyrosaur,12
d-n,12
d-suke,12
d2k,12
daddnut,12
daddy_pomgi,12
dagitsune_yuu,12
daizu_yan,12
dameyo,12
damien666-n,12
danny_choo,12
dante0909,12
danzilla,12
dareruraito,12
darusu,12
data_(remmings_nest),12
dclaribelle,12
de.calvin,12
dearest24,12
death-the-cat,12
deden,12
deel_(de_l_alnst),12
deep_rising,12
deep_takezaki,12
dekus,12
delusion_syndrome,12
demisir,12
derrasanc,12
devilhun,12
dew_(970623),12
dinonix,12
diskmonkey,12
dlarudgml21,12
dmitry_popov,12
do10nn,12
dodomeiro,12
dohi,12
doofuf,12
dool,12
dorogumi,12
doroli,12
dosei,12
doseki89,12
dotabata,12
dousanmai,12
down_(artist),12
drive_ume,12
duntv,12
duster_(artist),12
ecchi_pantsu,12
ed69,12
ed_(chibied),12
eeotoko,12
eevee-moon,12
ef_(artist),12
efuo,12
eggplant_(dadamiao),12
eien,12
eijsvl,12
eiko,12
elc,12
eld_pld,12
element,12
elk115,12
elmab,12
emererre,12
emeruga,12
emi_(penguin908),12
emuke,12
enclosed,12
endou_(hot_handle),12
ene0,12
enfance,12
enji_(nk),12
er_(artist),12
eric_vedder,12
eris_120,12
erjiu,12
eternal_legend,12
ethan_forsythe,12
etidekailo,12
etna_(artist),12
etou,12
euphori_cat,12
eva-st-clare,12
evuu,12
f_(pixiv),12
faintxp,12
faustneo,12
fcsz3d1a,12
fermelle,12
fin,12
finale_inoue,12
fjym2,12
fl,12
flick_(artist),12
fooooota,12
forfreedo,12
fourteen,12
fox_udon,12
framboosi,12
friedric88,12
fuchi.,12
fujiori_(ayacoe727),12
fujishiroooo3,12
fuka_mizno,12
fukujaku,12
fukumimi,12
fukusa,12
fukushima_nyuugyou_inc,12
fullc8,12
funen_gomi,12
funnymanoopsy,12
funp710,12
furayu_(flayu),12
furon_(froon),12
futame,12
futami_(mg42fw190d),12
futami_kazuha,12
futomashi,12
futon_saru,12
fuuku_(cherrymixer),12
fuyu_mochi,12
fuyuneko,12
fuyunohajime,12
fuyuse_reka,12
fuzuki_ichigo,12
g11030,12
gachamukku,12
gagajya,12
gahakuna_kuroneko,12
gahon,12
gaihan_umeboshi_mitchell,12
gaju,12
gambol_edelin,12
gandoru,12
gankami,12
gaw_(enasa),12
gensei-225,12
gh,12
ghost_(gost8643),12
ghost_(mausuman34),12
gimunema,12
ginasuzumi,12
ginnan,12
giritaso,12
gkd111,12
glance1109,12
gld-sakky,12
glwkddl,12
go-on,12
gokireddo,12
goocn,12
gozou_roppu,12
grandmastag,12
grape-kun_ganbaranai,12
green_(gurin),12
grejpfrut_cvet,12
grimmy666666,12
guaizi,12
gunner_(stardustgunner),12
guozi_li,12
gura_(kmj),12
guriserin,12
gurumaruhana,12
gustav_klimt,12
gyunyu,12
h322,12
ha_kang,12
haato,12
hachino,12
hachisuzume_shijimi,12
hachiya_(hachiya0808),12
hagha,12
hagitotoro,12
haihai,12
haiiro_(frabilovelove),12
hajime_daijo,12
hako_ichiiro,12
hakusen_(white_line),12
hakusotorakugaki,12
halo0002,12
hamifr,12
hanasaki_(1470267),12
hane,12
hanerilove,12
hanetsuki_tokei,12
hannya_g,12
hantsuki_(15.8),12
hara_tsumoi,12
harapeko_(sabernoahoge),12
hare_(haaale),12
harold44,12
haru_(bellfon),12
haru_283,12
haru_kanata,12
harumaru,12
harusaki_(176biz),12
haruto_(1214_haruto),12
hasegawa,12
hasegawa_yukino,12
hashimoto_(sunehari0109),12
hashimoto_yusuke,12
hasumi_hiko,12
hatahata,12
hatena_to_kinoko,12
hato_mune,12
hatsuka_nezumi,12
hayachine,12
he,12
he92,12
hebino_(snake_nest),12
hecha,12
heibonkaeru,12
heihachi,12
hekeniko,12
hellknight10,12
hellpart,12
helping-hand,12
henachoko,12
hetareman,12
hi,12
hibana_(hibana_ztlv),12
hibarin,12
hico,12
hidaka0128,12
hidarikiki,12
hidepapa,12
hidetaka_tenjin,12
higashi_yuki,12
higejii,12
hiiragi_mina,12
hikareru2000,12
himamushi_nyuudou,12
himuro_(harusame_zensen),12
hinaie_takuya,12
hinata_neru,12
hinausa,12
hinazuka_ryou,12
hinohikari,12
hinota,12
hira_(daphne),12
hiroki-a56,12
hiromi_(artist),12
hirose_azumi,12
hiroshima_mikan,12
hirounp,12
hisame_(yumemaboroshi),12
hisano1202,12
hisano_kiji,12
hishi_(k-xaby),12
hitosashiyubi,12
hitotsubashi,12
hiya,12
hiyosuke_(ak_love),12
hizuki_m,12
hk33,12
hlulani,12
hobi_(4622j),12
hoirn,12
hokuto_(tokuho),12
holy_pledge,12
homi28,12
hone_(koppun),12
honest_(honenano),12
honeycomb_kouzou,12
honeydew_(artist),12
hontoni_wasabi,12
horace_h,12
horoyoi_kitsune,12
horsea_(ekaki01),12
hoshi_ataru,12
hoshimura_sora,12
hoshitsu,12
hosiman,12
hosoinogarou,12
hotate_(suikaneko),12
hotatehote,12
hoto_hakku,12
hououji_arashi,12
housen_natsuki,12
hskr_519,12
hu58013901,12
hummer_(sasanqua-sh),12
hunakaka_(you2662eternity),12
hunxiao_xingshuang,12
hyasumasa,12
hyouzen_katsura,12
hyuuga_(gekkazake),12
i4_kan,12
ibusuki,12
ica_ditte,12
iccan,12
ice-creamcake,12
ichi_isumi,12
ichigo_kocha,12
ichihashi,12
ichika_(rainyrainy),12
ichikawa_yoshiyuki,12
ichimatsu_(anaumemondai),12
ichirou_(hajimari),12
ico_(pixiv296601),12
igawa_(460180189),12
igyouhime,12
ikasemih,12
ikeda_sakura,12
ikublack,12
ikuichi,12
ikumi_(iq3),12
ikura,12
ikusa_(puchi),12
ikutsuki,12
ikuya,12
imadoki,12
imaiko,12
imo_cyber,12
imo_soba,12
ingaran_riel,12
ino1,12
inuinu_(project_october),12
inunekochan,12
iray,12
irotoridori,12
irving-zero,12
isanatori,12
isarobn,12
ishibashi,12
ishida_shouji,12
issun_boushi_(ilmtkimoti),12
it_man,12
ito_mijinko,12
itobek,12
itommy,12
itotani_sairen,12
itou_ikuri,12
itsuki_(nightlight),12
itsuki_yuu,12
izumi_(sa_na_ra_ra),12
izumi_chiro,12
izumi_iko,12
j.w,12
j8d,12
jackmiho,12
jakku,12
jammy21,12
jan,12
jellybear,12
jigoku_shouji,12
jiku_(0128hirosi),12
jingiruu,12
jirou_(asami0512jump),12
jito_(mesuki_nitouhei),12
jitsu_shizu,12
jitsuhara_noboru,12
jiz,12
jjjjjj,12
jkp423,12
jodesu,12
john_shiden,12
johnny_(seek_as_1990sp),12
jojinta,12
jojotaro,12
jong_hwan,12
joseartcentenoofficial,12
joshua2368,12
jotman,12
jouhei,12
joy-pix,12
joyce_hui,12
juliejulie,12
jun_(aquaqua),12
justice/ryo,12
juuya_(kisaragi18),12
jyon1008,12
jyudo_fu,12
k15,12
k22968982,12
k_do,12
kabasawa_kina,12
kabuno_(camphora),12
kadohusa_ginpo,12
kaereth,12
kafe_(bonbonrocks),12
kagamine,12
kagura_hiromu,12
kaiba-san_@kc,12
kaikodou_kana,12
kaipankun,12
kaisaki,12
kaiser2050101,12
kaito_(wumiwatari),12
kajanda,12
kakanien,12
kakaoken,12
kame_kame_(mahanome_jiro),12
kamijou_shoutarou,12
kamine,12
kamo_(shiraokamo),12
kamonan_(pixiv_id_1430057),12
kamoroosaazu,12
kamuran,12
kan_(tofslan),12
kanae_tsukasa,12
kanata_(alezan),12
kandagawa,12
kaneko_shizue,12
kanimiso,12
kanmimi,12
kano,12
kano_(pixiv271651),12
kano_ko,12
kanojjang,12
kantori_(pixiv),12
karak_nishiki,12
karasu_(chalk),12
karasumaru_emu,12
karasuneko1313,12
karee_oshou,12
kari_(cocktail_box),12
karuta410,12
karuto,12
kasano_(chinatsu),12
kasema_yukinari,12
kashitani_futaba,12
kaskia,12
kasumi_ryou,12
kasupikai,12
kata2yama,12
katsuki_natsu,12
katsuragi_(osaka8o2),12
katzueki,12
kawahagi,12
kawamura_kazuma,12
kawasaki_kana,12
kawells,12
kayabuki,12
kayla_marquez,12
kazakami_shun,12
kazaki_(akllab),12
kazamine_mayuki,12
kaze_hiki,12
kazemura,12
kazuha_(ichiwa),12
kazuhi,12
kazuki_shino,12
kazyar,12
kca,12
ke-ke,12
kei_zou,12
keible,12
kekke,12
kemeo,12
kengo619,12
kenin,12
kenpfar,12
kera_(ggg33),12
kero320,12
ketanbakar,12
kh_524,12
kiazee,12
kibin,12
kibisakura,12
kichikuouji,12
kidoriyacats,12
kifuyu,12
kigawa_rin,12
kikuseki,12
kimchii,12
kimuru,12
kin'iro_nyanko,12
kina58,12
kinako_(akatuki5),12
kinako_(mai1112),12
kinami_yuki,12
kingyo,12
kingyo_(pixiv246106),12
kinkan_(rerorero_o),12
kino_(o2ban0),12
kinoeda,12
kinohanaomise,12
kinokan,12
kinoshita_haruka,12
kinota,12
kirarin,12
kiri_(0925kiri),12
kiri_(pixiv410170),12
kiribu_mekki,12
kiriharayu,12
kiriko_works,12
kirired,12
kiririn,12
kiropin,12
kiryamu,12
kisaragi_02468,12
kisaragi_gunma,12
kishiwada_robin,12
kisuiaki,12
kit_(studio),12
kitakazepanda,12
kitsune_(ay_nagi),12
kitsune_neko_(kon_mao),12
kitsupon,12
kittyon03,12
kiwa_(a-bell-abi),12
kiwine,12
kiyoshi_hara,12
kiyoy777,12
kko,12
kkrg_inaba,12
knk,12
koba-b,12
kobiyuun,12
kochair,12
kogashi_negi,12
kohaku_rinne,12
kohane_(copinc),12
koizumi_tetsuya,12
koji45hiro,12
koke_(moromiso),12
kokko,12
kokonoo_no_ginkou,12
kokubunya,12
koll,12
koma_(pixiv),12
komatsu0416,12
kome_kako,12
komiya_yuuta,12
komoro,12
komoten_(yuigadokusontei),12
kona_(19911212),12
konakai,12
konakona,12
konami_kanata,12
kondou_mu,12
kongouseki,12
konjo,12
kooki,12
korumoran,12
kose,12
kosumo_(kosuhoshi),12
kotatsu_neneko,12
kotobuki_keisuke,12
kotomi,12
kotorimax,12
kotorippi,12
koukai,12
koyomi_roentgen,12
koyopi,12
koyori-018,12
ksaiki,12
ku-gu,12
kuase,12
kuitsuku,12
kujira,12
kuku_px,12
kumapan,12
kumio34,12
kunney,12
kuraken,12
kurakuru,12
kurasaki_shin'ya,12
kurase37,12
kurenai_iroha,12
kuritsuki,12
kuroi2214,12
kuroma_(einin),12
kuromaru-4321,12
kuromochi_(qkbhf073),12
kuromon,12
kuroneko01,12
kurootoko,12
kurosawa_rin,12
kurotani-tasuke,12
kurotora03,12
kurusu_(pixiv),12
kusa_tsuku,12
kusare_panda,12
kutsushita_(jur),12
kuwa_(katko),12
kuwazi,12
ky.,12
kyo_k,12
kyoii,12
kyoro_(r_y_o_c_ovv),12
kyou_(gary_moore),12
kyouhei,12
kyoukai,12
kyouran,12
kyrish,12
kyun_(vacaloid),12
kz_(kazuma-rising),12
l-trap,12
l_a_n_a,12
lam_nguyen,12
lanwee,12
lapis,12
lareindraws,12
layla_836829767,12
leeloo_dallas,12
leila_(lalan),12
leonard_liew,12
li_mone,12
lies_(artist),12
lili2th,12
lindypclo,12
lionel_schramm,12
lito_(24281122),12
littlewing-fordreamer,12
llttyyyuu,12
lm,12
loli_hooker,12
lost1zero,12
lrpanda00,12
lucky_clover_(luckyxclover),12
luko,12
luperce,12
lychi,12
lystick,12
m-ta,12
m._beatriz_garcia,12
m_(pixiv),12
m_september,12
maaboo_(asuka1026),12
maachin,12
machiba_riku,12
machida_natsume,12
macino,12
mada_(mk333),12
madara_(yotunoha01),12
magari_kouji,12
mage_(replica),12
magehound,12
magox2,12
mahha_warabi,12
mahoroba,12
maichaso,12
maipou_(maihana),12
makarou,12
makeinu,12
makino_bunny,12
makitoyuito,12
makkemi,12
makkusu_(pixiv),12
makoto5391,12
mal_(pixiv),12
mallory_dyer,12
manma_(manmamia),12
mannen_hitsu,12
mao_a_mi_mi,12
maon_(hikouya),12
marble_(pixiv),12
marceline2174,12
marino_yuu,12
marmoset0,12
marrons_glaces,12
marukakisuto,12
marurodo,12
marutoman_chuui,12
maryu,12
masa_(bowser),12
masato_(mk),12
masayakofu,12
mash,12
mashiro_yuuki,12
massive_kagawa,12
masuko,12
masutaauu,12
masyu1995,12
mate@juken,12
matsusaka,12
matsushitakun_(matsunosasakure),12
matuken_maisiteru,12
matuya,12
mauricio_herrera,12
mawmaoou,12
max_(744275974),12
mayumio,12
mbdtz,12
mcan,12
mdk_(m-kuri),12
mebari,12
mebuita,12
meega,12
mekabu,12
melonsoda_(shinryoku),12
memesaso,12
men_(artist),12
merkymerx,12
mesubuta,12
meteorstaar,12
mhz,12
michenjomo,12
michi_michiru,12
mid_(doa_3d),12
midori126,12
midori555,12
midoriimo_(9ne8n),12
miduki66,12
midzuchi,12
mie_(pome_no_ki),12
migime1,12
migiwa_hasu,12
mihoutao,12
mii_(makosuke),12
miika,12
mikage_(curry_berg_dish),12
mikage_natsu,12
mikan_(mikabe),12
mike_(tomatomato244),12
miki_souya,12
milkamutea051,12
milliebell,12
mimoton,12
minakami_kanami,12
minazuki_suu,12
mineji,12
minikocul,12
minmin_(neko4339),12
minorinashi,12
mirai_(kiichigo3),12
miro_(katsushikashibamata),12
mishiro_haruka,12
miso_(misosiruoisi),12
misokachu,12
mister_x_(shojinn),12
mitaonsha,12
miton39,12
mitsuba_minoru,12
miya1018,12
miya38,12
miyabi_hatsuru,12
miyamakoume,12
miyata_ryuuichi,12
miyatabi-touya,12
mizinkoex,12
mizki,12
mizu_hp,12
mizuke_no_nai_tofu,12
mizukiteiko8,12
mizuno_(artist),12
mizuya_(caxas328),12
mmimmemm,12
mmm,12
mnyang,12
mo(zu)co,12
moccoro,12
mochaabx,12
mochiki_927,12
mochikichi,12
mochiko_(komegasi),12
mochiko_(pixiv45469),12
mochizuki_nozomu,12
moeshimo_(pixiv),12
moggy-cat,12
moguro_(qianchul),12
mollo,12
momiji_shiori,12
momojiri_tarou,12
momoko_nitsuite,12
monchan19870113,12
monkeyball2011,12
monokuro69,12
monomogi,12
montebla,12
monyotarosu,12
mooseyfate13,12
moozua,12
moppu810,12
mori_181,12
morick,12
morikinoko,12
moriko_(moliko),12
morishita_hiromitsu,12
moriyama_(kuromorry),12
moru_pomu_po,12
morugoru,12
motton,12
motunikomi,12
moutiko,12
mtktc,12
mua_(tatarauramesiya),12
mudkipful,12
mugi_wata,12
muji_(majunduo),12
mukaida_kaoru,12
muku,12
mukuinu,12
muma_feifei,12
mumi1010,12
mumu_(pixiv2105321),12
murasaki_(ekyu),12
murase_shuko,12
murashige-lu,12
muroi_maki,12
museumguard,12
musha_sabu,12
mushimaro,12
musumi_renga,12
mutsuki_ayumi,12
mututu,12
muutya,12
myameco,12
myhilary,12
mymei,12
myu-kimera,12
n_ko,12
n_y,12
nack,12
nagamin_(kiwibox),12
nagasode,12
naharyou,12
nakaba_(artist),12
nakano_(p-geist),12
nakoshe,12
namae,12
namami_(ultra7-m78),12
name_(nahopa!),12
namekaho,12
namikino,12
nan_fu_dian_ci,12
nana72710193,12
nanai07,12
naname_(strange_world),12
nanami_ka_zu_sa,12
nanchang,12
nanji3,12
nanjou_satoshi,12
nankakureman,12
nann_tou,12
naoni_(boostkusaya),12
naotaka_(bh5fnkbd),12
narokichi,12
nas_(nassy58),12
nasou,12
natsu_(728),12
natsuki_(aisae),12
natsumaro,12
natsume_(1-pico),12
nattsu_(pegimin),12
natu_(artist),12
nbmtyr,12
nc4,12
necklesslee,12
nefar007,12
neko_baby,12
nekoniku_(neko_1013),12
nekotama_(pixiv34129),12
nekotama_(tsuki),12
nekoyanagi_moyo,12
nekoyasiki_luna,12
nemigi_tsukasa,12
nerizou,12
nero_(koyuki),12
nerocc,12
newpe,12
ngra201,12
nguyen_van-hai,12
nianbingzi,12
nicarali,12
nichika,12
nickelespektro,12
nickq,12
nigu,12
nikkado,12
nikoniko808,12
nimicho,12
ningu,12
nintoku,12
niqiusama,12
niranome,12
nisenensatsu,12
nishin,12
nishio_tetsuya,12
nite_(ku3456),12
nitioku,12
nitoridio,12
nn_nn,12
no-ppo,12
noa_(meing),12
nobody_studios,12
nobunaga1207,12
nochini,12
nod6125,12
noeen,12
nogaki_suzume,12
nogi_(noooog),12
nogi_toa_(sorajio),12
noir846,12
nojo,12
nokia_hiyou,12
nomahee,12
nomi,12
nomutarou,12
nonaka_hako,12
nonbiri-silver,12
nonobuki,12
noorrzz,12
norapan,12
nori_(mega_drive),12
nori_(neun_leben),12
nori_(oonori_san),12
norie,12
norio_(chiki!chiki!),12
norori,12
noto_tsugumi,12
nozarashi_satoru,12
np_(0wzsyvlnp78),12
npa_(sirokurokuma),12
nrnroooo,12
nu_seat,12
nuenya,12
numata,12
nuppebbou_(cookie),12
nurun_najwah,12
nyacha_(tya_n_ya),12
nyagoro,12
nyanyacchi,12
nyara_nico,12
nyararuto,12
nyjee,12
nyorori,12
oden100,12
oguma_(rapture),12
ohgnokuni,12
ohkaji_hiroyuki,12
ohna,12
oimu_(ununsan),12
okamoto_k_munesumi,12
okara_(cacacerulean),12
okatora,12
oktbatch,12
okuya_kahiro,12
omaru,12
omin_(risabon),12
omugi,12
omutsu_(shina94),12
oninoko,12
oniyanagi,12
onji,12
onsen_nakaya,12
oom,12
oooita,12
opa,12
oppai_kenmin,12
orange_(pixiv),12
orendi,12
ori,12
oriki_tomoko,12
orzer,12
osakilo,12
ost02,12
otsugei,12
otsutama_takashi,12
ouroridae,12
oxi_(oxidization),12
oyatsu_(hana),12
ozzzzy,12
p._(momoiro_hakushaku),12
p.rupon,12
p.s,12
p19950916,12
pagaraga,12
pallas-quartetto,12
pama,12
panda_tarou,12
pandaga,12
pandaraion_(kanikani2950),12
panko,12
pant-3,12
para,12
paran_(paran_b),12
parhart,12
partyinyourbedroom,12
pateo,12
pavelnedved11,12
pdbgat,12
peco19peco,12
pecolatte,12
peihao_wang,12
peta_(petalol),12
peter_lee,12
pettyraps,12
phil,12
philip_(n1k2-j),12
pi_(pppppchang),12
piebald,12
pierre_norano,12
pikkar,12
piku_(pikumin),12
pinyshi,12
pixcel,12
pixiv_id_6893847,12
pman_(kazumi),12
poco_(pocoyb),12
poifuru_hana,12
pokke_(pokke-chan),12
pokkuti,12
pokowachikusu,12
pole_(ppp1409),12
pompitz,12
pomuta_(tama922),12
pontako,12
popopipi77,12
poposhirat,12
poppyminty,12
pops,12
posoposo,12
potten,12
pou,12
poyamu,12
pre221b,12
preter,12
pride-kun,12
primusibi,12
prodigy_bombay,12
puchidori,12
puni_(orangeplanet),12
purutabu,12
qen-san,12
quartzbunny,12
que4,12
r_n_(kisaragiyurii),12
r_u_n_a,12
raado_(punipara),12
radjeong,12
ragai_(moins666),12
raichi274,12
raiden_(raiden_labo),12
raikkonen713,12
rakeng,12
rakuga_kitarou,12
rakupi,12
rane_(etsu),12
rass-mameki,12
ravie,12
raviollies,12
raymon,12
rcoco01,12
red-trio,12
redclow,12
rei1028,12
rei_(islaya),12
reina_(artist),12
rekcmas,12
ren-chan,12
renako,12
renge_(2798537),12
renha,12
renka_(pixiv),12
renkonan,12
renton_(guero),12
reonarudo16sei,12
reta_(honoka1230zero),12
retishia,12
retsujin,12
rettag,12
riburanomind,12
ricca55,12
rihara,12
riku_kanna,12
rin_kyoutarou,12
rinko,12
rinnagi,12
rinnette88,12
rio-sout,12
rio_(keii16),12
riq,12
riria,12
ririnya00,12
rita_(56yellow),12
rivasan,12
roas,12
rochika_gekijou,12
rojer18,12
rokka_(gipsyroad),12
rokuman_kyuu,12
rokuro,12
ronpa96pepe,12
ropiropi,12
roro_(sghona10),12
rororotsu,12
rouge_(artist),12
rozenn_grosjean,12
rubyconcream,12
ruck,12
rukana,12
rukanyo,12
run_(artist),12
ruri_tsubame,12
russell,12
ryo02055,12
ryouko_(pixiv342653),12
ryu_un,12
ryuhisho,12
ryun,12
ryuna_(itouaiyuki),12
ryuuseiken_hogan,12
s-s_(ss),12
s-udongein-i,12
s.bomb,12
s.r.,12
s.rain,12
s_sasaki_09140,12
sabtama111,12
sachirou,12
saga_inu,12
sahare,12
sai_(monochronique),12
saigo_no_shito,12
saikac,12
sailor_antei,12
saion,12
saitama_(nrh49840),12
saitamax,12
saiun_nagisa,12
saji_(mei-low),12
sakai_kouji,12
sakai_sakae,12
sakamaki_akimu,12
sakamotono,12
sakana_(skn),12
sakecho,12
sakia,12
sakimaru,12
sakimori,12
sakin,12
saku_qq,12
sakura_mochi_usa,12
sakura_rei,12
sakurage,12
sakurai_sakurako,12
sakurai_yuki_(pixiv),12
sakurako,12
sakurase_yuzuru,12
sakurazaka,12
sakutoko,12
same_no_hito,12
san_(tinami),12
san_mao_baimifan,12
sanada_haiji,12
sanpo,12
santoo_takeshi,12
sanzashi_(dandelion3373),12
sanzenhatsuka,12
saojou,12
sarukimo,12
sasaki_(sid328),12
sasaki_nakona,12
sasaki_tamaru,12
sasora,12
sato_(sa10cho),12
sato_(samanosuke_0710),12
sato_masaki_(masayakofu),12
satokichi,12
satoo,12
satoshi_(artist),12
satou_tomohiro,12
satounu,12
satsukiai,12
sawa,12
sawako68,12
sawashiro_kei,12
saxasa_kisuk,12
sayo_(pixiv2776630),12
scarfpen01,12
scarlet_0915,12
scorpdk,12
sebastian_(artist),12
sebyxtan,12
secco_(pixiv),12
secondmind,12
seed01010,12
seen,12
sei-teki,12
sei_(hanibani),12
seica,12
seirei,12
seiya_(cardigan),12
seki_(kaguudou),12
semania9ja,12
semi_kon,12
senet17,12
senkyoku_niban,12
serie,12
serizawa_katsumi,12
sesyamo,12
sethxzoe,12
seto_(setosan),12
setouchi_(blackse),12
setoumi_sora,12
sg_(satoumogumogu),12
sha-oh,12
shadow_(artist),12
shantotto-sama,12
sharmi1010,12
shibuya,12
shigatsuya,12
shigeryun,12
shiitake_kaden,12
shijou_hasekura,12
shika_lq,12
shikahisa_totani,12
shikasuga_(homojina),12
shikino_iroka,12
shikkaku,12
shima_majin,12
shimada_sara,12
shimatani_(ayumei),12
shimejix,12
shimizu_sorato,12
shimura_(yoshikatu),12
shin_(anbqqcb),12
shin_(gpz1100s),12
shina-love,12
shinashiro,12
shinkun_(natsume_so),12
shinoji_(shin_status),12
shinoshinosp,12
shinta_(nikka10),12
shio_no.9,12
shio_satou,12
shipo_aki,12
shira_(busi),12
shiraazuma,12
shirajira,12
shirokichi,12
shirokumaborder,12
shiromizakana,12
shirotaka,12
shirotsugu,12
shishimaru,12
shishou_(absolute_area),12
shitoto,12
shiyui,12
shiz,12
shizuki_mio,12
shizukuma,12
shizune,12
shoki_(tel),12
shonuff44,12
shopp,12
show-nosuke,12
shown,12
shukurimu,12
shun_ss,12
shunciwi,12
shutwig,12
siba_(joker),12
sichol-bell,12
sicon,12
sig_(sfried),12
sikijyou,12
silversnow,12
sinad_aruatjanapat,12
singing_chai,12
sinsimo,12
sion_(laterna_magica),12
siratama_anmitsu,12
skimlines,12
skyscope,12
slapmyface,12
sleeping-pig,12
small_gyaku_(cyjalway),12
smaru,12
smash_daisaku,12
smooooooch,12
smthngjay,12
sokuseki_ramen,12
soldierburger,12
solid_air,12
solomongrundy,12
somezima,12
somosimosi,12
somu_(dlektha1994),12
sonnnabakana,12
sopuu,12
sora_(sora1019),12
sorainu_(tegaki),12
soramichi_megumu,12
soraneko+,12
sosaka,12
sourenkio,12
souritu,12
soutatsu,12
spicaboy,12
spoon_1122,12
spr,12
stampede_xm,12
steffydoodles,12
stjepan_sejic,12
stkme,12
sturkey,12
sturm,12
subaru18,12
suchiimu,12
sugi222,12
suho-i47,12
suijou_ai,12
suke,12
sulfur_(1453rk),12
sume,12
sumi,12
sumitan,12
sunson,12
superkirbylover,12
supika_(piyuki0911),12
supu,12
sutemuki,12
sutinki,12
suwaru_(ght53kklvcc231),12
suzu-batsu,12
suzuka_tamuro,12
suzuki_mei,12
suzukishi,12
suzumiya_misa,12
suzuna_(tanaka38),12
suzushiro333,12
swammi,12
syei,12
synn,12
synrnmd,12
syntier13,12
syuhei210,12
t0mare,12
t_(arisu-no-neko),12
ta_gero,12
tad_s,12
tada_tsuki,12
tadano_mya,12
taiga_(natsu_hotaru),12
tairano_katsuyuki,12
taiyou89,12
taiyouno_hatake,12
tajuu,12
takafumi_(morisoba),12
takahasi_yoshiyuki,12
takamitsu-kun,12
takamizawa_usui,12
takane_(lovehatsune),12
takashima_aki,12
takatori_umi_(artist),12
takayama_shirane,12
takayanagi_katsuya,12
take_no_ko_(dodon),12
takeichi_yui,12
takeko,12
takelu,12
takeru_(at_will),12
takeshi_(ken_03_05),12
takesouko,12
takio,12
takken_(kupipo),12
takllou,12
takonegi_processor,12
takoyaki_shoujo,12
takuma_ss,12
tamaki_(tamaki_pic),12
tamazusa_mizume,12
tamine_ikuko,12
tamoritadadi,12
tanabe_mupa,12
tanaki_bouei,12
tane9,12
tanigawa_nico,12
tanisakiho,12
tanotsuku_daisuke,12
tansan_tom,12
tantan_(xrvf2288),12
tanukicho_ask,12
taotao,12
tapioka_(coconuts),12
taremayu_(kikai_tomato),12
task_utsushita,12
tatetsuki,12
tatsumin,12
tatuya3363,12
tawawa_minoru,12
tee,12
tefun,12
teketeke_(tekenotteke),12
tekijira,12
tekin,12
temp_h,12
ten_(cherry61897),12
tenten_(edp666),12
tera_(teraura),12
terai_arina,12
terasu_mc,12
teritama,12
teru_ryuuji,12
terusuzuzu,12
teruteru-deru,12
tesso_ratsuto,12
testman,12
tetsu_no_samurai,12
teyrapak,12
theskywaker,12
thyr,12
tianna,12
tiga2,12
tin078,12
tiss_coo,12
tkfkid,12
tksmk3custom,12
tmrn,12
to_nasu,12
to_siva,12
toa_(kitakaze_setsuna),12
todo,12
todoroki_suyoshi,12
todot,12
toi_(4089597),12
toketou,12
tokidome_zamao,12
tokimachi_eisei,12
tokimekiwaku,12
tokko_ripua,12
tokunaga3046,12
tomaden,12
tome_(wolf),12
tomojo,12
tomutamo,12
ton_(pixiv37657),12
tonokichi,12
torasen_(artist),12
tori/hiko,12
tori_(pippikasu),12
toridori_(csunhong1),12
torimame,12
torpedo_(gad3757),12
toryi,12
toshi_mellow-pretty,12
tosikage,12
tottome,12
toufu_(inu_no_mayuge),12
toufu_tofu,12
touko_(wisterio),12
toume_kei,12
toyomaru_(pixiv),12
tozai,12
tproject09,12
tpsn,12
trixia,12
tsujikami_ayaka,12
tsukishima_kai,12
tsukishio_kanoka,12
tsukumo_kazuita,12
tsukumoya_hajime,12
tsun_(tsutaya01),12
tsurugi_(artist),12
tsuyuki_(kagomekamome),12
tt_(poposujp),12
ttk_(dix-sept),12
turuga,12
tyco0z,12
tydk,12
u-tuki,12
u.n.k.,12
ubina,12
uchiyan-uchizum,12
uffie,12
ufufuahaha_okg,12
uiko,12
uka_(cessa),12
uki001,12
ukkii,12
uma_(uma1111),12
umedama_riko,12
umehara_b,12
umehara_emika,12
umehara_umeko,12
umekko,12
umenoume,12
unco_(f231057s),12
unko_samurai,12
uno_(union),12
urayura,12
urujika,12
usagi812,12
usaginagomu,12
usako_(26),12
user_fvsd2278,12
ushida_nakoruru,12
utako623,12
utk-utk,12
utsui,12
utsuro_ku,12
uwabaki_(shoe_rack),12
uya_(yurukah),12
uyu_(freedomasky),12
verderayo,12
veron_1411,12
vicious_kage,12
vin,12
vinutun,12
virus-ac74,12
vivicat,12
vlan,12
vol.7,12
vuls406,12
vycma,12
vyowolf,12
wagashiwagashi,12
wagi_(wagi26),12
wain08,12
wakame_(pixiv128625),12
wakkoro,12
waltre,12
wantsupanchi!!,12
watashi_no_sekai,12
weisuoxin,12
wejil,12
wiki_(juicykiwi),12
winbay01,12
winick-lim,12
wk_(low-f),12
wkn_kzh,12
wl-69,12
wongyu,12
wooju,12
woshiab,12
woxiljj,12
wriny199443,12
xanadu,12
xano,12
xiao_yinbie,12
xiao_yung_lin,12
xx_uau_xx,12
xxx-ff,12
xxx_sherry,12
xxxpechkaxxx,12
y_xin,12
yabai_(artist),12
yachi_yowa,12
yadoya,12
yae_nagi,12
yagi,12
yagiuma_(tsurupica),12
yaichi,12
yakinasu,12
yakiudon,12
yam_(nekobeya),12
yama-michi,12
yama_(sumikarasu),12
yamada_marin,12
yamada_seimei,12
yamaguchi_shinji,12
yamakeitokokoro,12
yamamoto_(kirisamemario),12
yamazaki_sakura,12
yamoka_(mocateria),12
yamucya01,12
yancy_shirosagi,12
yantou828,12
yaoyorozu-kobo,12
yaphleen,12
yas,12
yasumono,12
yatsuharu,12
yatuzura,12
yg,12
yococco,12
yoi_yuki,12
yokariko,12
yokoru,12
yolkyao,12
yomogi_(kapuchi),12
yon_(4km_105),12
yone_(qtron),12
yonekura_kengo,12
yorimichi_(aoixx),12
yoroiusagi,12
yorukage,12
yosaki_(shoki1white),12
yoshi_(qawsesea),12
yoshi_kita,12
yoshi_susuki,12
yoshikiri,12
yoshimatsu_takahiro,12
yoshiten,12
yosshii,12
yottan,12
you_(outtune),12
you_chi27,12
yousisi,12
youzan_dan,12
yu-ri_(kurione-sha),12
yu062424,12
yu_(artist),12
yubidoriru,12
yuchenghong,12
yui_(artist),12
yuina_(artist),12
yukari,12
yuki1977,12
yuki_(12cut),12
yuki_(clydtc),12
yuki_tomo,12
yukichi_(ohuton_zzz),12
yukihashi,12
yukiji_(mogari),12
yukiko013,12
yukiko_(snow_sugar),12
yukimaru_(gojo),12
yukimi_ai_risu,12
yukimura_hajime,12
yukinari000,12
yukino_(0722),12
yukino_hai,12
yukino_neko,12
yukirin_(nagatoyuki_ibukifuko),12
yukitaka_(zzzzz),12
yukku_(keiji),12
yuma_(cobhc666),12
yume_biyori,12
yumeshima_sui,12
yumeyume_2z,12
yumi_(pixiv77547),12
yunikuto(faty),12
yunluo,12
yuricyan,12
yuritoame,12
yuru_(kashima),12
yutamitan,12
yutaro5313,12
yuu_(drawr),12
yuuki_(qgbugtbhbxn5ts9),12
yuuma_(yuusaikaden),12
yuungai_yuzuko,12
yuuta_(ruin0811),12
yuuzuki_lily,12
yuyuyasds,12
yuzu_kiro,12
yuzucha_(sora-neko),12
yuzuka_(pixiv12193841),12
yuzuki_(yuzuplanet),12
yuzuki_ruri,12
yuzuma_(321353),12
ywaka,12
zamudo_akiyuki,12
zaro,12
zazagi,12
zenimaki,12
zeruzeru,12
zhangmingxigege,12
ziaaazi,12
zit_0,12
zoneflower,12
zqhzx,12
zwolf79322,12
10_(user_cwuu4848),11
10xxx05,11
1dora,11
1hayu,11
1ji45fun,11
1mm,11
2101341bbb,11
216_(artist),11
325_(im24),11
42wv,11
44sann,11
5_(1boshi),11
64vii,11
6bi,11
713,11
735308747,11
78_(tky8),11
7c_(nanasi7c),11
89_(hakkyuu),11
8kai_(8_floor3),11
=3=,11
a-m-one,11
a-o-i,11
aaru_(r-kun),11
abbb,11
abby_(serafleur),11
abe.,11
abicomiyushi,11
abiiii,11
adosan_(horaizon1211),11
adunba_rell,11
aeve,11
agahat,11
agatsu_yudume,11
ageha_(artist),11
agi,11
aichi_shiho,11
aika_nrt,11
aino-san_(miximixi39),11
aizawa_masahiro,11
ajipontarou,11
ak_(cosmio),11
akabashira_(unholywars12),11
akaino_(akaomi),11
akasaka_sakasu,11
akei,11
aki_masanari,11
aki_tsui,11
akikame_reina,11
akimo_(cb21),11
akio-bako,11
akio_(mememe),11
akira_(liarsoft),11
akira_(sakana),11
akira_(valzerica),11
akita_komachi,11
akito,11
akizuki_ryou_(artist),11
ako_(nedm),11
akono,11
akuseru_arumaa,11
alensxx,11
alexandr_elichev,11
alice_(afternoon_gleam),11
alice_(redrumalice),11
alien_(alienlolita),11
alongriver,11
alonsword,11
alpha_gamboa,11
alua,11
alucard_(artist),11
alxz,11
am_(going_nowhere),11
amakuri,11
amasaki_(amakasa_r),11
amboina,11
amder,11
ame_shoku,11
ame_usako,11
amemiya_saiga,11
amemiya_shia,11
amks_krg,11
amo9612,11
amu_(takuya0331),11
an_skill,11
anarock_1-gou,11
andonkurage,11
andorlier,11
andres_blanco,11
andy_timm,11
anmiko,11
anna_nikonova,11
anocco,11
anyi,11
ao_(time-leap),11
aobe,11
aogu,11
aoi2410,11
aoi_ship,11
aokumo_2,11
aozora-c,11
aquasnow,11
aratama,11
ariadoszz,11
arie9,11
arieko,11
ariinine,11
arm_(artist),11
arriku,11
aruhino,11
arutoria,11
asaki_leaf,11
asao_(artist),11
asato-sagamihara,11
ash_(artist),11
ashijirou,11
asia_airport,11
asita_(2010),11
asuta1102,11
atsushi,11
awaji_masaru,11
awoino,11
axi125,11
ayk-rs401i,11
ayumu8828,11
azican,11
azizdraws,11
azuki_(azki0214dai_z),11
azukiman,11
azumada,11
azumaya_kureha,11
b.bor,11
b_k,11
bad,11
badbamboo,11
baduk_dog,11
balnom,11
bandi,11
batako_(artist),11
bbubbubbobbo123,11
beaver_(artist),11
bechno_kid,11
beikeice,11
bendan-daizi,11
beni-syoga,11
benibana,11
berry-a,11
bettols,11
bevel,11
bin,11
birdmountain,11
bitou_(bitoumaturi),11
bk-love,11
blackmoon,11
blackwing_phoenix,11
blocsewtore,11
blow_wind,11
blue_plan,11
bluedoggie,11
boko,11
bonten_karasu,11
bootyan,11
borijoikun,11
boshi_(13922461099),11
bou_(artist),11
bov,11
brack-box9,11
brianchan.t.w,11
broccoli_(artist),11
brunette_(realsyaoran),11
bubba,11
bubble_man,11
bunkosu,11
bunta01,11
bururai,11
butadon,11
buts_(11067),11
byurin,11
c-nov,11
c02_lemon,11
caelilante,11
cain_(inosennto007),11
cat_(pixiv5891854),11
caviar_(lunar_sama),11
caw=zoo,11
ccc,11
celandine,11
cellshadfan,11
centon_(736023681),11
ch2o,11
cha_ichigo,11
chaang,11
chaba_(cyazuke),11
chaco,11
chancake,11
chanko_(mikky3392000),11
chatalaw,11
cheeuyu,11
cheji,11
chenniiiii,11
chenpn,11
cherenkov_radiation,11
chibigou,11
chidori_kou,11
chiharu_(pixiv),11
chikastar,11
chikuseren,11
chikuwa_(artist),11
chimu_(chimoon),11
chion_(yukina),11
chiririn,11
chobihige,11
chona,11
chrisnfy85,11
chrono_(pixiv),11
chup2m,11
chuubatsu_nagano,11
chuya_hukuaka,11
cindysuke,11
circuit58,11
clair_(v0yance),11
co2ichi_(naminaminami),11
cobyfrog,11
coco_(eccentricrouge),11
coco_(nattou),11
coop_(coupon123),11
cottage,11
coyama,11
craim,11
creamfully,11
cubedrive,11
curtch,11
cyberknight_(artist),11
cz_(mikumikumi),11
d-red,11
da-vesita,11
da_kata,11
dabingdan,11
daginin,11
daikinbakuju,11
daina_rukawa,11
dalehan,11
damascus_(dearigazu2001),11
dan,11
dan_(astsr1),11
dan_ciurckzak,11
dane2424,11
dangoyan,11
daruma,11
daruma_(lvckmbygsa),11
darun_khanchanusthiti,11
david_cardenas,11
dawy,11
ddaroll,11
ddd_(artist),11
ddd_(oid065j125bwz),11
deadman3104,11
deanna,11
dej_(shiori2525),11
demonf,11
dendoumushi,11
denimecho,11
denka_plus,11
dennis_pulido,11
deroichi,11
despair_sauce,11
devil-v,11
diglett_(artist),11
divinebuster12,11
djyui,11
dogi,11
dognong,11
dokkanohukukaityou,11
doku_denpa_(blue_killer),11
doku_donguri,11
donburi_(artist),11
dotr_art,11
doukou_manako,11
dqn_(rokomoko0),11
dr_graevling,11
dragon_(artist),11
dreamrabbit,11
dude_underscore,11
dumbdelvon,11
dungbae,11
duthcjs,11
dyda,11
dynamite-kit,11
e.k_weaver,11
e3,11
eastblue_95,11
eau,11
echizenya_tawara_no_kai_norihiko,11
eco,11
editmydear,11
eextrovrt,11
eggplant24h,11
ehlly,11
ei_(eikun),11
eiji,11
eikura_(matti),11
ekoda_(piapro),11
el_cuervo,11
elain,11
elf_k,11
elizaveta_bikuin,11
ella_kurki,11
els_(ljhlee12),11
elver-lee,11
emilio_lopez,11
emitasu-sensei,11
emuyama,11
en4xx,11
enatetsu,11
endos,11
eneo,11
enmouno,11
enokids,11
erigamine,11
erkelee,11
erufan,11
es_(esscarlet),11
espada_gcon,11
est_(kinkyuu_kaihi),11
esu_(b_r9),11
eternalspherex_(artist),11
europa_715,11
evil-dei,11
ew,11
ex,11
exca,11
extacchiman,11
extpil,11
extvia,11
eye_(sky),11
f,11
f-15jrs,11
f_yuunny,11
faaaaaaaok_(yfffaaa),11
fallen,11
fanqie_jidan,11
fari_xo,11
fe_(12141978),11
fenrir_(buzhidaoshishuei),11
fiend,11
fish_zeppelin,11
flanker_(flanker8649),11
flieger,11
fluegel,11
folala,11
foot_worship_(artist),11
free-da,11
fu_kka,11
fuchi,11
fuchuu_(asd159),11
fudegamijp,11
fuerudashiwakame,11
fugashi,11
fujidouyuu,11
fujii_chifumi,11
fujimori_(non_faciem),11
fujino_ichi,11
fujino_ko,11
fujiwara_ichi,11
fujiwara_tatsuro,11
fujiwarahima,11
fukadumeasadume,11
fukkura,11
fukuro_ooji,11
fumizuki_ayako,11
fumizuki_hajime,11
fumizuki_nana,11
funa,11
funa_(funaburo),11
furin94,11
furiousth,11
fusion-s,11
futaki_nia,11
futomaki,11
futon_suki,11
futoshi_to,11
g&k-cmdr,11
g_q,11
gachapon,11
gachiling,11
gamaruta,11
gamera-kanako,11
ganges_river,11
ganyapin,11
ganzooky,11
gara_ayuri,11
gato_del_futuro,11
gavade,11
gbff_baiyu,11
gekishinn,11
geminibluedream,11
gen@chikuwa,11
gen_(genetrix),11
gene_(pixiv),11
geniski66,11
ghost-q,11
ghouleo,11
gia_(abab0707),11
ginger_(niningasi),11
ginjuuji,11
glacierhst,11
glassworks-flower,11
gmgor,11
gobgokao,11
gohanha118,11
gomimaro,11
gonza,11
gowithoutsleep,11
grass_(atrde),11
gray_bear,11
greciiagzz,11
greened,11
gufreedom,11
guiguzi,11
gumdrop,11
gummyrise,11
gunjimakoubou,11
gunsou,11
guolu,11
guriribalove,11
gurunyanya,11
gushaaaaa,11
guts_(artist),11
gxlx_2ji,11
gyoniku_sausage_funsai_gyokurocha,11
gyuufa,11
h.l.,11
ha,11
ha_ru_(m-ca),11
hadaarennjared,11
haiteng,11
hakonoyama,11
hakuk,11
hakumensu,11
hakushinanashi,11
halilmyo,11
haloyxxxxxxx,11
halto_(citrus),11
hamazaki,11
hana's_(sora_no_kioku),11
hana_keijou,11
haniwa_(hnw),11
hano_(hanosora),11
hanybe,11
hara_kuro_jakku,11
harada,11
hari.,11
haroko_(haloco),11
haru_(calipur),11
haru_urara,11
haruharudog,11
haruka_channel,11
harukaze,11
haruzu2000,11
hashiguchi_hayato,11
hashimo_kikuri,11
hatami_(zyuden),11
hato37,11
hatou_midori,11
hatsuki,11
hazymoooooon,11
heartgear,11
heimwelt,11
hekiiro,11
helado_jpg,11
helios_(divisar),11
helpig,11
hesuke,11
hidou_ryouji,11
hifumi_(aiueonigiri),11
higuma,11
higuredachi,11
hiimdaisy,11
hiiragi_taiga,11
hikachil,11
hikaru6382,11
hikawa_hekiru,11
hikka,11
himawari_(sunlight_yellow),11
himukaze,11
himura_(him-la),11
hina_(milk_ti_leaf),11
hinafuru,11
hinasekei,11
hinata_(uzukitten),11
hindenburg,11
hinomaru,11
hinoura111,11
hira_shinki,11
hirabuki_masahiro,11
hiragana_oufu,11
hiramatsu_takuya,11
hirari,11
hiro1417,11
hiro_1209,11
hirochihiro,11
hirohito,11
hiroimu,11
hiromasa,11
hiromi,11
hisa09,11
hisaki1118,11
hisame,11
hisame-mao-kzok,11
hisano_motoki,11
histamine_c,11
hitotubosi,11
hivalu_nagare,11
hiwako_(liquid),11
hiyoko_risu,11
ho4,11
ho_den_keiji,11
hoby,11
hokhokhakumai,11
hokuma-bina,11
holstein_kurita,11
homewrecker,11
honey-hopi,11
honey92,11
hong_yu_cheng,11
honjou,11
honya1,11
hoony,11
horagai_(horagai222),11
hori_daikon,11
horonosuke,11
hory_makoto,11
hoshi_(pixiv14810),11
hoshikako_(koz),11
hoshina_(kinoko),11
hosi,11
hota_(29812),11
houen,11
houman,11
housei,11
hsiang_ning,11
huan_ying,11
huayue,11
huolou,11
hyaku_todoroki,11
hyogayome_(artist),11
hyoumamyon,11
hyuuga_aoi_(artist),11
i04,11
ia_(namaiki),11
ibarakino,11
ibo_(tototoii),11
icchigood,11
ichi-natsu,11
ichi-nose,11
ichi_(yyy1mmm6),11
ichigo_milku,11
ichigokono,11
ichijou_tatami,11
ichinomi,11
ichiya_refi,11
idzuki_kenkyu-in,11
iichiko_(398016),11
iijimatakatoshi,11
iima,11
ikagawa,11
ikkyuutensaii,11
ikuramaru,11
ilma,11
ilmizu,11
ilxodidli,11
imakixxx,11
imao_kiiru,11
imbisibol,11
imoni_(1110),11
imorimiyuki,11
imosaku,11
ina_(inarizusi1),11
inagiri_yunou,11
ine_(namichidori),11
ingenmame,11
inigoiio,11
inmir,11
ino_satsu,11
inoki-08,11
inpells,11
inubou,11
ireba_sui,11
iri,11
ishi_(petite_parfait),11
ishiguchi_juu,11
isobe_toast,11
itachi_maki,11
itanji,11
itokin0,11
itoraito,11
itsu,11
iwaki_byou,11
iwaohime,11
iwasan,11
iwasinogomaae,11
izayan,11
izumi,11
izupix,11
j4hn,11
jaaku_(ra_9rara),11
jack_(darkshero),11
jacky_(artist),11
jaga_note,11
jaime_(jai_spt),11
jam_(artist),11
jamu_(arpakassosan),11
jay27,11
jazy,11
jenigata,11
jenny_(praesepe),11
jeonpa,11
jet_(angelravishment),11
jeya,11
jian_dian_jia_zi,11
jian_jiao_doufu_rou_mantou,11
jidaart,11
jiemaowanwan,11
jigoku_meguri_1,11
jimaken,11
jimauso,11
jingshen_fensui,11
jinteitei,11
jitsudan,11
jjnmnm,11
jjooeeuumm,11
jo_mawe,11
joe_(artist),11
jojcachu,11
jophiel,11
jorongbak,11
joshirah,11
jou_(13736331),11
jukai-chan,11
jukuo,11
junkboy,11
justanotherkid,11
justasuta,11
juubaori_mashumaro,11
jya,11
k-you_(pixiv),11
kachina,11
kado_colda,11
kadokura_sion,11
kaeru_otoko,11
kagamiya_(kyouya),11
kagetora_hidari,11
kago_(htpxr),11
kagura_(c_h_r_o_e),11
kagutsuchi_(artist),11
kaho_oco,11
kaibashira,11
kaibuzetta,11
kaiso2011,11
kaito_(collect_mania),11
kaiwai,11
kaji_sakaki,11
kakoogan,11
kakusei_idenshi,11
kamaboko_tarou,11
kame_tora,11
kamitani_george,11
kamonisi,11
kamu_jin,11
kamue,11
kan_(tyonn),11
kana_tako,11
kanade_sakura,11
kanchan_(kanchan220),11
kanenari,11
kang_kang_zi,11
kanikani_(juicy),11
kanoue_hiji,11
kanro_(ameuri),11
karacoroxx,11
karasu_(artist),11
karasuma_pink,11
karasuma_tasuku,11
kareido,11
karube,11
karuga_(magusfly24),11
karuha_(kokuyouboys),11
kashipam003,11
kashiwa_(kishiro),11
kasuga_(artist),11
kasuga_rurito,11
kasugaya_(howafuwacat),11
kat_(4681526),11
kata-kori,11
katori,11
katsuko_wi_wi,11
katsuo9,11
katte_ni_kappa,11
kaw,11
kawabata_yoshihiro,11
kawabatake,11
kawada_tsuyoshi,11
kawahara_makoto,11
kawana_(spicaboy),11
kawanami_eisaku,11
kawara_purin,11
kawarage,11
kayo!!_(gotoran),11
kazuichi,11
kazumi_yoshizu,11
kazuna,11
kazuomi_(tukima),11
kazuri_(keiwa-san_yu-ki380),11
keikaj,11
keizoo,11
kelbremdusk,11
kelsea-chan,11
kemomix,11
kenji_(kenji0926),11
kento0131,11
keomi_syeon,11
ketsushi,11
keyutoke,11
khessamaya,11
ki_(pixiv239687),11
kiari,11
kida_yuu,11
kidodo2008,11
kigitsu_katsuhisa,11
kiiro_usagi,11
kika88,11
kikira,11
kilina,11
kimidori_(mb4),11
kimikahamu,11
kimmi,11
kimohiko,11
kinehansuke,11
kingbawoon,11
kiniro_yasha,11
kinka,11
kinokino,11
kinokohaman,11
kinoshita_kirin,11
kira07,11
kirara24,11
kirasaki,11
kireme,11
kiringo,11
kiritani31,11
kiru_(artist),11
kisaragi_manami,11
kisarashii,11
kisela,11
kishichi,11
kissets,11
kite-mitiko,11
kitt_betelgeuse,11
kiwwa9,11
kiyo,11
kiyo_(nbs199),11
kiyui_(honey_citron),11
kizuna_(black15),11
kjula,11
kkkrrrooo,11
knife_(artist),11
knight07,11
koa_(artist),11
kobapyon,11
kobiemon,11
kodokuningyou,11
koei18,11
kogata_nosuke,11
kohara_konomi,11
kohsaka_jun,11
koi_(k51),11
koiso_shuuhei,11
kojamerii,11
kokesakeko,11
koko-1109,11
koko_(artist),11
kokutouxxx,11
koma_(hpo414),11
komomo1214,11
komomo_riri,11
konishi_hiroshi,11
konma,11
koppeosechi,11
koro_(cookie),11
koro_(ktdfn956),11
koruku,11
koruneiyu,11
kosai,11
kose_takashi,11
kosumi_yuuchi,11
kotemari_noboru,11
kotoraya,11
kotori,11
kotowa_ruko,11
kou_(sen328),11
kou_saku_sena,11
kouga_228,11
kouno_miki,11
kouto29,11
kouyama_tomoki,11
kozou_(neko_no_kubi_ni_suzu),11
kris_anka,11
krystine_art,11
kubonouchi_eisaku,11
kudou_chika,11
kuga_asumi,11
kugukiugu,11
kujaku_renka,11
kujirana,11
kujiraya,11
kujou_negita,11
kumsmkii,11
kunami,11
kunichika,11
kuon_(break_through),11
kuraaaa,11
kurage_(kurageru),11
kurageu,11
kuramori,11
kuranoko_emaki,11
kurara_(skra1015),11
kurau,11
kuraun3,11
kureno_akashi,11
kurio19980321,11
kurisu_(22kbkr),11
kuro_no_ha,11
kuro_ya,11
kuroboshi_roki,11
kurobuta,11
kurohachimitsu,11
kuroi_ken'ichi,11
kuroinoki,11
kurokkenu,11
kuropu,11
kurosaki_(niggurath),11
kurosaki_rendou,11
kurosuke_shiro,11
kurota,11
kuroyuki_(96yuki),11
kuruhito,11
kurumission,11
kuryo_the_4191,11
kusakabe,11
kusakari,11
kusunoki_shinnnosuke,11
kusuri_(medicine),11
kutenriri,11
kuuyasatuki,11
kuzukiri_shion,11
kwsg,11
ky-nim,11
kyan_(glira),11
kyaoni,11
kyasurei,11
kyl,11
kynlv,11
kyokaz,11
kyoro1230,11
kyoro_(asdfg-hjkl),11
kyougi_sharyou,11
kyoukai33,11
kyouya_kakehi,11
kyura_(kyura9een),11
kyuubi_(artist),11
l102016695,11
l_tasuku,11
lady-steady-go,11
lambros_p,11
lapis_(13567118),11
lasts,11
leaf_(artist),11
lefty_2628,11
lein,11
lem_(user_rfam2785),11
lemoco99,11
len_togarti,11
levanshousa913,11
leyuan_zhuifang,11
liangxieyue,11
lifegoeson,11
liiko_(lodougal),11
lijunyou,11
lilyito,11
linalool,11
linsert,11
liu,11
liuyoumu,11
livioramondelli,11
lixiaoyao_ii,11
lochris,11
looyen,11
lu_(tabasa1991),11
lu_luu99,11
luckylalal,11
lugosi_ela,11
luna_1025,11
lunarcat,11
lunaticjoker,11
lunaticprince,11
luo_zi,11
m55,11
m_(milk0824),11
ma2da,11
ma_(2ql),11
maassi_(maa2sii),11
mabokku,11
mac_(dog_dog),11
machomucho,11
madara-ame,11
madenka,11
magicsquare0,11
mahenbu,11
mahmapuu,11
maimu,11
maingl,11
majin_(artist),11
makarori,11
makihara,11
makino_(pixiv),11
makura_tea,11
makushiro,11
malo_ni,11
mama_(artist),11
mamakari,11
mamekakao_(higanbana),11
mamushi,11
man-tan,11
mana_tohno,11
manahui,11
mandytsune,11
manishi_mari,11
mantake,11
manzi,11
manzyu,11
maoshenzou,11
mapuru,11
mar_(artist),11
marica,11
marimo_(pixiv_516046),11
marishiten,11
maronii,11
marshu,11
martell,11
maruku,11
maruru_(marimo811),11
masa_(geminiblog),11
masaka_magyaku,11
masamune_yukari,11
masato_ayame,11
mashiton,11
masu_(artist),11
masuraoburi,11
matcha_sou,11
matchuri,11
matsuda65,11
matsukei,11
matsurica,11
matsuriya_nao,11
mattwilson83,11
maxwindy,11
mayahe,11
mayoko,11
mayumelo,11
mayumi,11
mbby,11
mdc_honpo,11
meen,11
megami_benka,11
megrim_haruyo,11
megu_(megu-milk),11
meile,11
memento_morishiki,11
memipong,11
men'youjan,11
meno_(pixiv),11
mero_(jiantumelody),11
meroun,11
meshiya_(naruga-501-kuaru),11
mi_nu6424to2,11
miaozi-san,11
mic_ro,11
micchan,11
midori_maccha,11
midoritaitu,11
migime2450,11
migo,11
mihan,11
mihuni,11
mii0617,11
miio_(310kjk),11
miiya_(kuroi_hako),11
mikaduki,11
mikanhumi,11
mikicocha,11
mikkabouzu_(kisarisa),11
miko_(yayamiko),11
mikono_myakura,11
mikun109323,11
mikuromono,11
milycat,11
mimikuso,11
minaduki,11
minamijima_command,11
minamoto_kyuuya,11
minato_(marumira),11
minazuki_utciha,11
minchi_(lordofthemince),11
minemura,11
ming4,11
ming_(3952862),11
minorigo_flow,11
mioky,11
mipoog,11
mira_2420,11
miraclenight,11
mirai_(pixiv49666),11
miru_(roche454),11
misaki03011992,11
misasagi_tasuku,11
miso-234,11
miso_(artist),11
misoko_(misonamezizou),11
misril,11
missacula,11
mita,11
mitamura-kun_(landcell),11
mitani_kitsune,11
mitarai_eriya,11
mitou_kana,11
mitsu_(imoimou),11
mitsufuki,11
mitsuna,11
mitsutoki,11
mitto,11
miura_yasuto,11
miusa,11
mixke,11
miya_(48ne),11
miya_(miyabi_24),11
miyako_(pixiv282895),11
miyakomu,11
miyoshi_(miyomiyo_344),11
miysin,11
mizu_(kakoze_no_uta),11
mizuchaya_youkan,11
mizuno_kagari,11
mi~o,11
mkn_yu,11
mmd,11
mo_sabo,11
mochimako,11
mocomoco,11
mohikan5,11
moichobi,11
moisture,11
mojamaru_(kukuchi),11
mojiba7,11
mome,11
momiji_rou,11
momono,11
monaral-jiro,11
monety,11
mono969211,11
monosex,11
monster28,11
mor11,11
morita_baltan,11
moro_sorano,11
morokoshi,11
motako_(motamota),11
moto_(pixiv409535),11
motomiya_ryo,11
motomotosakana,11
motyaaaaaaa,11
motz3,11
mou_kankan,11
moyasan,11
moyasi06_25,11
moyuhisa,11
mr._pepe_r,11
msics,11
mu,11
mumu_(spitfire),11
mumumu_(road),11
muneyuki_puniness(artist),11
munin,11
mura_(mapisha),11
muranako,11
murasaki-san,11
muraya_kaku,11
mystical,11
mythallica,11
mzn,11
n0_image,11
n72,11
n_(ccc_7),11
n_(dai_n_honpo),11
na,11
naga_(pixiv),11
nagamori,11
nagara,11
nagare_urara,11
nagasaku_tomokatsu,11
nagasehachi_koromoko,11
nagata_shima,11
nagi117,11
nagisa_manoa,11
naitou_yasuhiro,11
naka_(dragonwalker),11
naka_(ez),11
nakada_eiji,11
nakahara_masahiko,11
nakama_tsukasa,11
nakamura_ching,11
nakano,11
nakashima_tai,11
nakatsun,11
namae_mayoichuu,11
namakon_juugo,11
namasomi,11
namikai_harukaze,11
naminori,11
namisi,11
nana-ya,11
nanairo_neru,11
nanami0314,11
nanase_akira_(ekmm4442),11
naniwadou,11
naoya_(pixiv),11
napo8593,11
napp,11
narcissus111,11
nashigo,11
nashinachipmunk,11
nasimura,11
natalia_baldina,11
natoyuka,11
natsuki_tomo,11
natsukijia,11
natsuno_suika,11
nattou-toufu,11
naya,11
nayahund,11
nayumi,11
nayuta_hilo,11
nayuu,11
nazu0925,11
nc,11
ndemotte,11
nearesven,11
nebezial,11
neg,11
neji_(nezi_hs),11
neko-mura_ikkro,11
neko_(artist),11
neko_meshi_ya,11
nekogohan,11
nekohuman221_(tsun221),11
nekokoro,11
nekopantsu,11
nekotama,11
nekotya,11
nekoyanagi,11
nelo_anjuurou,11
nemiminimimizu,11
nenemaru,11
neocity222,11
neoki,11
neranainerune,11
nes_(sigma),11
nezumi,11
nfa_(tomo),11
ni-co,11
ni_dgs,11
niaro,11
nidieu,11
nighthawk_yoshifumi,11
nigorimizu,11
nii,11
niino,11
nijita18,11
nika,11
niki_(t26gfaxt),11
niku_jill,11
nine_wangwang,11
niriru,11
nishi_(pixiv791743),11
nishidu,11
nishimiya_makoto,11
nitaka,11
niwa_zen,11
nixri,11
no28,11
no_eru,11
noa,11
noa_1042,11
nobu_(knob),11
nocturnecore,11
nodakun,11
nodoka_(artist),11
nodokuroame,11
noharaga4,11
noirioko_(hourai-sugar),11
noko6,11
non7,11
nonbei,11
norata_(artist),11
nosaki_(pixiv363792),11
note-takahashi,11
nr_fjmr,11
nukominto,11
nukotama,11
nviek5,11
nyacky,11
nyanmiso,11
nyo_(couch_tomato),11
nyunmaru,11
o-mars,11
o_(pixiv),11
oasisu_(magnichudo711),11
obinata_hemu,11
object_spring,11
oboro_(squeeze),11
odero,11
oekaki_narizumi,11
ogata_hisano,11
ogu_(oguogu),11
ogura_noriko,11
ohiam,11
ohj,11
oilaoila,11
oka_takeshi,11
okada-san,11
omari,11
omegarer,11
omishi_rei,11
onbr,11
ondo_(shinm02),11
onichan-xd,11
onion_holic,11
onk_(kkkarb),11
onsen_tengoku,11
ootokage,11
open-mail,11
oruna,11
osare_graffiti,11
osatsu,11
oshima_tomo,11
osuk2_(osugi),11
osushimanchan,11
otouto_(caster5),11
ottonttn,11
otukimi,11
ouryoku_(o-ryoku),11
oyu_cocoa,11
ozawa_reido,11
ozka,11
p-p,11
p2yong,11
p_mayuhime,11
pa_kiiro,11
paco_(pixiv),11
pandagirlz,11
pangea,11
papino,11
parashima_tenko,11
paru,11
paru-tan,11
pascahujan,11
passerby_b,11
patisurotto,11
peachcake,11
peachmaiden,11
peehs76,11
pengin_maru,11
pepe_futoshi,11
pera-o,11
petarou,11
petit_alice,11
phares,11
phzimi000,11
picky,11
picolumi,11
piisuke_(ebiko),11
pikaotaku,11
pikku,11
pikoguramyu,11
pinatti,11
pinero,11
pirorun,11
pista,11
piza_poteto,11
pleiad,11
pncnmmm,11
pny_panya,11
poa,11
pobii,11
pog,11
poketo,11
pokkora,11
poliwiloq,11
poly,11
pomo_rosso,11
pomx,11
pon_(pompokopon),11
ponton,11
popela,11
potako,11
potion_(artist),11
prossss,11
prussia_echo,11
psyche_oreca,11
puretails,11
purlchite,11
pursechan,11
putchin,11
qianbi,11
qianxiaolin,11
qsan90,11
queruru,11
r37_k53,11
ra_(pixiv),11
rab6,11
rachione,11
raimeiuta,11
rairarai,11
raisakusan,11
raite,11
rakkyou,11
raku69,11
rama_(amaru),11
rara,11
rara_(pql-amz),11
rasberry,11
rauyu_wa,11
ravee_of_titans,11
razuchi,11
rebanira,11
recaro,11
redemption13,11
redvvvred,11
refuto,11
rei_oe,11
remirya_koumakan,11
remya,11
ren_(pixiv),11
renga,11
renirevenge,11
reona,11
rex-203,11
rey0,11
ri_no_hito,11
ri_yuka-shi,11
ribahara_aki,11
rickonrk,11
rico_(pico-ba),11
rie_(ooorie),11
rihitoman,11
riikochan,11
riiu,11
riku_(odd),11
rikuta,11
rin_(emmy00),11
rin_yu_shijin,11
rio_666,11
riri_(no-name_girl),11
rita_(artist),11
rita_(myyk_rrnyam),11
ritoru,11
ritsuki_mino,11
rivu_penguin,11
riyuko_(kaioushin),11
ro_(61232ta),11
road_(artist),11
roco64,11
rokujou_mugi,11
romio,11
ron_(illro),11
roong,11
ropcandy,11
roreru,11
rou_neko_(bbaaa333),11
roukaku17,11
ru_roiroiro,11
ruby20516,11
ruchiru_(nico_seiga),11
rui_tamachi,11
ruin,11
ruisan,11
rumi_(rumigawa31),11
runatako,11
ruriho,11
ruru_(ultimatepowers.info.),11
rururu_(athletic-meet),11
rusuban,11
ryoku_(yoridori),11
ryonma,11
ryuma210,11
ryutotoranoikkiuchi,11
ryuuhei,11
s-kura,11
s2_129,11
saado_(thirdflogchorus),11
saaya_(sugisan1119),11
sabano_misoni,11
sachin_teng,11
sadoma,11
sae_(091688),11
saejinoh,11
saihia,11
sairin,11
saitou_kaoru_(nashorn),11
sakaetoun,11
sakagami_umi,11
sakana_(artist),11
sakana_kouzi,11
sakimi_tama,11
sakimiya297,11
sakimori_uta,11
sakio-k,11
sakunohi_c_moon,11
sakura_(ajrhine),11
sakura_(fein5862817),11
sakura_(k_tonpu),11
sakura_saki,11
sakura_shinobu,11
sakuranbo_remi,11
sakuraop,11
salixcbose,11
samsara_(ring),11
samurai_(kasizuki),11
sanada_(pixiv),11
sanada_(sappu),11
sangatsu_saki,11
sano_akira,11
sano_hirotoshi,11
sanriyueguyun,11
sanshoku_iruka,11
saogokushi,11
sarada_(supersarada_zin),11
sariteru,11
sasa_asako,11
sasagawa,11
sasakama_(f214),11
sasaki_yukimasa,11
sasami_(hallo),11
sasata,11
sashisaki_ryuunoshin,11
sasurai_no_kuchibuefuki,11
satakeyura,11
sato3,11
satou_tatsuya,11
sayahime,11
sayuka,11
sc69,11
scarlet_moon,11
schizos05,11
schw3iss_b,11
scofa,11
scythe-of-petals,11
seal_(pukozin),11
seasnow,11
seatollead,11
sechichi_xd,11
segawa_(azmch),11
seguchi-sama,11
sei15,11
sekiri,11
sem_(honey_sv),11
semillon,11
sendou_asasuzu,11
sendou_hachi,11
senshuu_kou,11
serge_komiko,11
seri_natsume,11
setsu-st,11
sh,11
sh291,11
sh_(sh1030f),11
shake_(nogard),11
sharurii,11
shayuheisi,11
shi_megumi,11
shibaken,11
shibataya,11
shichi_miko,11
shichikusa,11
shieo,11
shigeru_(shounen_zoom),11
shiho_(pixiv),11
shihou_masa,11
shihouakira,11
shiino_yui,11
shiizako,11
shijoh,11
shikiruru,11
shikkoku_no_notto,11
shimamura,11
shime,11
shiming_liangjing,11
shin'ya_mahiru,11
shinji_(secound2ikari),11
shinogi_a-suke,11
shinonome_taro,11
shintani,11
shio_(yuzu69),11
shion_(1994sionn),11
shiori310birthday,11
shiranami_(kominato),11
shiroki,11
shiromi-12,11
shiromisoaji,11
shirorenge_(huruhuru),11
shirotsume,11
shishou_(xxsisyou),11
shoko_(moccom),11
shoonia,11
shou_j,11
shu,11
shuma_(daitokei),11
shun_(artist),11
shundou_ryuuto,11
shunmin,11
shuntaro_(syun_gaomu),11
shuumatsu_(lulux_woodoo),11
siena0817,11
sifuri,11
sigmasmail,11
sigsig,11
siiii_6918,11
siki,11
silverpop_night,11
sinner!_(sillygirl),11
sio_1234,11
sirayuki710,11
sirokohi,11
sixbane,11
ski_(sakai_farbe),11
skr_tsunakan,11
skull_mania,11
sky341125290,11
skybuster,11
sleepy91,11
snake_(pixiv20852572),11
snake_mike,11
snow_d,11
so-ichi,11
sogno,11
sogomha,11
solail_(faya),11
solaris_(xorn),11
some_(pixiv179616),11
somiko,11
sora-mito,11
sora_kohaku,11
sorata,11
sosoa,11
soukichi,11
soumi_shizuru,11
sovacha,11
sowakoo,11
spacedawgspace,11
spc,11
srkm_ice,11
stds,11
strange_cherry,11
subjekt_zero,11
sudakoyarou,11
sudou_kira,11
sugihara_(sugihara2000),11
sugiura_rippu,11
suibotuouji,11
suikatabetaifrom,11
suiu,11
suka_k,11
sukitsukasa,11
sukreih,11
sum,11
sumakaita,11
supatoro_(pixiv2682152),11
suppy,11
suriheru,11
suruga,11
surumeider,11
surumelock,11
suteito,11
suttoko,11
suz,11
suzume_(pixiv2138484),11
suzumiya_botan,11
suzuno_kouya,11
suzuzora_niji,11
sweetcry,11
symbols,11
t-inababa,11
t@kumi,11
t_shatsu,11
taaki_(taki0123),11
tafks,11
tagada,11
tai_meshiko,11
taichi,11
taiga_isaka,11
taiga~midnight,11
tak_(takumi_fortitude),11
takacchi,11
takada_sekiyu_(kabu),11
takadono318,11
takagawa,11
takamizawa_maya,11
takamu,11
takano_kazumi,11
takano_kiriko,11
takapiko,11
takappe,11
take9999,11
take_(takemikazuchi),11
take_518,11
takehito,11
takemasa,11
takenaka_hisato,11
takitsubo,11
takizaking,11
takka9294,11
takon34,11
taku_(yakumodaisuki),11
takumibi,11
tama-chan,11
tamachan_(pixiv),11
tamachro,11
tamago_kakeouji,11
tamagona,11
tamagosho,11
tamazusa,11
tamo_(nama-yatsuhashi),11
tamuhime,11
tandemu,11
taniyamakisyou,11
tankensya,11
tanno_shii,11
tanshi_shou,11
tanuk,11
tarahukukanimesi,11
taro.y,11
tarokii,11
tarou-san_(yotaro),11
tarte,11
tasuke_(pixiv_186067),11
tat,11
tatsuko_(tat88),11
tatsumiya_motokazu,11
tatsuyuki_tanaka,11
teaco,11
teba_makoto,11
teec,11
teeta_j,11
teito_(yukitoki-tatsuhi),11
tekuteku_(yuuhodou),11
tendo,11
tengo_(metron),11
tenkei,11
tenpou_gensui,11
terada_katsuya,11
terumi,11
testa,11
tetrapod_(youhei_1985),11
tetsuya,11
tex-mex,11
thebourgyman,11
thehelmet_guy,11
thelian,11
tholia,11
tiamat,11
tian_daoling,11
tiffy_(nottytiffy),11
tiger-league,11
tihori-t,11
ting_chan,11
tio7tio8,11
tk2k_jade,11
tkgumi,11
tko_(mmtmk),11
to-hou_eiyasyou,11
tobirakaiho,11
todome,11
todoroki_(pixiv),11
togenagi_futaba,11
toine_hoko,11
tokai_kuma,11
toki_shirazu,11
tokimura_shurei,11
tokirda,11
tokisakijp,11
tom_(remisaku),11
tommy_koh,11
tomonoma,11
tonabe,11
tonpara,11
tontan,11
tonyo_(milky_crown),11
toono_aoi,11
tooya_(tsuyukusa),11
topeko,11
toramaru,11
toribemon,11
torihuhu,11
torii_takashi,11
torisute,11
toro96popo,11
tosaka-maru,11
tosaka_(artist),11
tosiki,11
tosyoen,11
totsuki,11
touge78,11
touge_takanori,11
touichi,11
touka_moru04,11
touyamanma,11
tow0,11
toya_(ecospica),11
tranquil-lizer,11
trans_nido,11
trenety,11
treslech3s,11
tristana-shen,11
tscbr,11
tsubaki_asu,11
tsuchinoto,11
tsukahara_hajime,11
tsukaze,11
tsuki_(s1ber),11
tsuki_to_kage,11
tsukino_kitsune,11
tsukushi_(toxicdoll),11
tsumi_guilty,11
tsune_(dreamers_express),11
tsurika,11
tsuto,11
tsutsumi,11
tsuyatamaa,11
tsuyu_(hitotose),11
tsuyuki_(yukitgraph),11
tumble_ao,11
turn3341,11
tusika,11
tuyuri,11
tw2ko,11
twinpon,11
twofish224,11
uc_(8rk3),11
udo_(zzinya),11
uesuto_(westriver),11
ugi_(ugi_rns),11
ugly_cat,11
uissu,11
ujikawa_(nabari),11
ukoz,11
ulrik,11
umi_no_manateii,11
umizono,11
unakia,11
unbrfjsn,11
unibouzu,11
unichiri,11
unini,11
unko_tarou,11
uprightleftdownchuchuchu,11
urako_(39g),11
uripon,11
uririri69,11
uroko_(uonomekouro),11
urufu,11
usa-neko,11
usaki1987,11
usamichan,11
usual,11
uta-k,11
utacha,11
utage,11
uumi_hinata,11
uzumi_(uzumi_yosi),11
uzupico,11
vanabananasplit,11
vblue,11
veine,11
ver.5,11
vinoker,11
virusotaku,11
vu_(oyavon),11
w2398510474,11
w_w_w_wloveless,11
waa_(963_yz),11
wahrheit,11
waiz009,11
wakagashira,11
wakana_0125,11
wankosukii,11
wara_inu,11
warumono_tomii,11
wasami_(a27678193a),11
wasanbon_(atwazooka),11
washi_2005,11
watage_(lucky_yyg),11
watanabe_mayumi,11
watarabe_keiichi,11
wayjilam,11
weast,11
wedtaro,11
weiv,11
wenu_(kirikirimai),11
whenever96,11
whiteghost,11
wing_(wingho),11
winston_chan,11
wintersteam,11
wittsu,11
woah_maaan,11
wochi,11
woodenmanatees,11
wujojin,11
x-r5xxxlove,11
x20285,11
xenokurisu,11
xi,11
xiezhuyu,11
xinya,11
xion81314,11
xixi,11
xuan_(pixiv31113827),11
xue_feng,11
xusphere,11
y3,11
y_chan6262,11
y_z_n,11
yabuki_mao,11
yae_(pixiv143441),11
yagami_(artist),11
yagi_gojou,11
yagio,11
yagni,11
yaichi_(reverie),11
yaka_(pixiv),11
yakibird,11
yakizakana10967,11
yakubeni,11
yalicuo,11
yamabuki_merou,11
yamada_m,11
yamai_chuu,11
yamakaji,11
yamakita_higashi,11
yamamoto_chavez,11
yamato5240,11
yamazaki_kana,11
yami_(yamitukiyoru),11
yaminoagito,11
yamsgarden,11
yamu1620,11
yanagi_hirohiko,11
yanagi_kawa,11
yanaki_(yngaailg),11
yane_ura,11
yanushi,11
yashano_akira,11
yashima_roi,11
yassu,11
yasumoli,11
yasushi_shin_izumi,11
yatarato-subaru,11
yatsushima_tetsuya,11
yayilu,11
yayoi_and_nagi,11
yazuki_mitsuka,11
ycums,11
yeh,11
yesyooduck,11
yeti,11
ygg,11
yinhuzhishang,11
ykkiyo,11
yn_red,11
yoi,11
yoita,11
yonoka,11
yonrayume,11
yoou_(artist),11
yorisuke,11
yorita_(kick_knock),11
yorudo_kaoru,11
yoshimura_hitomi,11
yottsuu,11
youji-kun,11
youko_(930921),11
youshu_ohepe,11
yshigure,11
yshua,11
yu,11
yu_kiti24,11
yudoufu,11
yuer_(user_ecrv4275),11
yuetoko,11
yugusa_yuube,11
yui_(rogusouku),11
yuimaru,11
yuizaki_hizumi,11
yukako,11
yukanii_(yukani_0721),11
yuki62326,11
yuki_(127),11
yuki_(rebruno),11
yuki_hiyoko_(bluishsky),11
yukiho_(artist),11
yukikan,11
yukimura,11
yukino_(pixiv),11
yume_mizuumi,11
yumegi_atsuki,11
yumemi,11
yumitosi,11
yunca,11
yunomoto_chihiro,11
yurinko,11
yurusuke,11
yusa1019,11
yuta_(ricochetsmain),11
yuu_(yes_but_so_what),11
yuukari,11
yuuki_(gatama),11
yuuki_(kkurcc),11
yuuki_chitose,11
yuuma2aqua,11
yuuna_(upper-soul),11
yuuto,11
yuuumm55,11
yuuuuuuuuuuuuka,11
yuuya_(tnkb),11
yuyu_(piko01),11
yuzu_izumi,11
zack_(haiuinndo),11
zakang,11
zenkaku,11
zerion,11
zeshiki,11
zhou_siwei,11
zielgigas,11
zilhouette,11
zohar0330,11
zombeing,11
zootan,11
zubi_(skylinezb),11
zuho,11
zumo,11
zunko,11
zuoweisaib,11
0-jirow,10
050411285aura,10
09x,10
0m3o0y5,10
1006,10
100momom,10
1101simotuki,10
1nagaosa,10
1o_(ichio),10
1zu3,10
244_(bo-z),10
2754,10
344_(prismlink),10
362_(mimuni),10
3nami73,10
41_(chvinyau),10
44,10
5spra,10
7201980305,10
756zl,10
8mit,10
96@jikankure,10
9735aoitora,10
9go,10
a-gatha,10
a-i-red,10
aa_nin,10
aaa_(september_breeze),10
aaru_(youmorigu),10
abbdda,10
abeja,10
achiba,10
achillesanger,10
acm,10
adultonly,10
advent-lezard,10
afterbrnr,10
afushiru_wa_kugi,10
agepoyo,10
agnesgd,10
aguhari,10
agus_sw,10
ahiru777,10
ahiru_pyaan,10
ai_(boredom),10
aibi12634761,10
aicky,10
aidama_(td1143),10
aikawa_sakuko,10
aikawa_taro,10
aiki_(merimerisan),10
aikoi_(arararaaren),10
ailm,10
aimigogo,10
ainya02,10
airfly_(oranrei),10
aisawa_(ais0511),10
aiu,10
aiueo,10
aji_tama,10
ajiki_kei,10
aka_(artist),10
akai_kamoshi,10
akai_shinju,10
akamomosiro,10
akanako,10
akane_haru,10
akanex829,10
akarin_(sakuraakarin),10
akasha_(dream),10
akatsuki_tomato,10
akekure,10
akihikohex,10
akino_kosuma,10
akipi,10
akira_irodori,10
akito1179,10
akitsukisaya,10
akiyoshi_yoshiaki,10
akkc,10
akuasu,10
al-34,10
alexa_mahone,10
aliesta,10
allhailjotman,10
alpha_(katz332),10
altoris_(scee),10
alucard454,10
always0722,10
am_(blackant),10
amadukijou,10
amaga_sakuramaru,10
amakan!,10
amano,10
amano_shiro,10
amanokobako,10
amanomoon,10
amaru_keiichi,10
amasa-hikae,10
amase_tatsuki,10
amashoku,10
amazarash1,10
amber_graygamma,10
amefu_luna,10
amekoi,10
amemachi_hanabi,10
ametant,10
amiru9,10
an_(angular-angler),10
anbiento,10
anbo,10
andoryu,10
aneten,10
anju_(mocomocousagi),10
annria2002,10
annyuiusagi,10
anonymous_soup,10
anor,10
antenna2669,10
anzu_(pixiv),10
ao_(korindou),10
ao_madou_ko,10
aoba_kino,10
aoi_koto_madoka,10
aoi_kurora,10
aoi_mimi,10
aoi_the_wild,10
aokiri_(dolce),10
aomi,10
aomi_riru,10
aona_masao,10
aozoraichi,10
aph_hero,10
appei_(555),10
applemerry63,10
appleruby,10
arabahama,10
araimon,10
araka101,10
araki_maki,10
aralez,10
araragi_shion,10
arasuka,10
areeeee_k,10
arinotowatari,10
artist_black,10
artur_zuma,10
aru_(abyssinia),10
aruchi,10
aruto,10
asacom,10
asae_(apricot),10
asagi_jun,10
asaka_yumetsuki,10
asakaya,10
asakura_itaru,10
asato_(anjam),10
ascendancy,10
asching,10
asebi_hikaru,10
asechiruk,10
ashida,10
ashiong,10
asigaru,10
ask_yourself,10
assf_krsya,10
asu,10
asuka_tsubasa,10
asyura-1010,10
ataraxa,10
atari_(ariq323),10
athisu,10
atlas_kei,10
atorot,10
atsumu,10
atto_(eroban),10
autumn_willey,10
axouel2009,10
aya7721,10
ayaka0415,10
ayame310,10
ayinusu00,10
ayukazu,10
azalea_(thenewhorde),10
azu_(warehouse86),10
azuma_ren,10
azura_(azuart0),10
azusa_nigou_(eida2009),10
b.m.,10
babouo,10
bachikori-ken,10
bakatesu59,10
bakemonogatari1,10
bananannu,10
banbuu_(artist),10
bandage_player,10
bannou_negi,10
barako,10
bb_(artist),10
bbbbunny,10
bbmbbf,10
been_dead_long,10
beepaint,10
bekamin,10
bengal,10
benika,10
benika_(benikaone),10
benjamin,10
beruko_(rladustns50),10
beudyek,10
black_cat_ronaldinho,10
blackdeeno,10
blackmaro1,10
blake,10
blaze_wu,10
blue_pepe,10
bluepalettes,10
blunt-katana,10
bmw_(man24),10
bobfosse,10
bobhit,10
bonjour,10
bonyama,10
boring_(brtgm),10
boy30422,10
brain-m,10
brazen,10
bread_sakana,10
bryan_song,10
bsan,10
budda,10
buki56,10
bun_(hiyokomame),10
bunuojiang,10
buri,10
buririantsaitou,10
buzhangyezideshu,10
byte,10
c-r-y-s,10
c.jam-packed,10
caballo,10
cacao,10
camo_405,10
campbell_gichou,10
cana,10
canary4,10
candle0213,10
candytang442494812,10
cannotescape,10
caoth,10
capo1_1,10
carine,10
carotene_gabriel,10
cauli,10
celi,10
cf-x_(oceanus_com),10
cha_niao_(strxscs),10
chad_walker,10
chakai_sakako,10
chako_444,10
chakoiking,10
cham_(haruiro_kurepasu),10
chaou,10
charles_(gu599),10
charlie_bowater,10
cheeeeezi,10
cheese_(chisi64726930),10
cherri_cherri,10
cherrose,10
chi-iz,10
chie_(mizzkoko),10
chiericyan,10
chikotsu,10
chikuwa_(tikuwa),10
chikuwa_emil,10
chimu,10
chinako_(pixiv),10
chink,10
chino_(kapuriko1023),10
chio_kitsune,10
chiruda,10
chiseko1000yeah,10
chitangbujiayan,10
chiva,10
chiyo_koharu,10
chlfl05,10
cho_bi,10
chobi,10
chobisuke,10
choi_eun_suk,10
choker_(pixiv),10
choma,10
chongjiu_yi_kuang_yan,10
choro,10
chou_haijin_chiyo,10
choukou_koukyou_no_inagi,10
chrone,10
chul-e_(suse09),10
cilq,10
cinnabeep,10
circumflex_(artist),10
cityofsodom,10
ckb-fue-txt,10
ckotnha,10
clamp8903,10
clara_v,10
clean_x,10
climacool,10
clr,10
coccofyze,10
coco_(pixiv1133712),10
coco_(pixiv_224636),10
cocoan_cafe,10
coconoco,10
coffee_beans_(5offee8eans),10
coffeefox33,10
coftof,10
cogdis,10
cola_(pixiv810305),10
coldenic,10
coldfront,10
copepe,10
coracola,10
cotoooh,10
cowinsky,10
creamy_mamiwo,10
creep,10
cresce,10
crnksg,10
crr_w9kd,10
crusader_kevin,10
cryart,10
csiguli,10
cubisticking,10
cuntrymamu,10
cure_erebos,10
cursedweeboo,10
cyoru,10
cyp_tw,10
d.m.sea,10
d10c2,10
da,10
daffduff,10
daffobird,10
dafne,10
dagasi_xzx,10
daidai_ningen,10
daigouzi,10
daijou_kiyosu,10
daiki_(daikingairkgk),10
daikichi_maru,10
dama,10
damow_(myway83522),10
dangomushidara,10
darehound,10
darkdux,10
darren,10
dashio,10
datee,10
daya,10
dear,10
deathklovc,10
degrees_celsius,10
deko,10
dekucha_kawaii,10
delico,10
den_(itokiitoki),10
dew,10
dogear,10
doku_imouto_ko,10
dolldagga,10
domonekoteki,10
dongfangzhong111,10
donguri_kaijin,10
dontokoi,10
doom_x_wolf,10
dozy_(d_mendozer),10
dr.chopper_(dalryu00),10
drachenriese,10
drew108,10
dri_(drinker-dor),10
drinkdrink,10
drogo_doggo,10
dudlesnoodles,10
dyudyu,10
dzhang13,10
e-kichi,10
ebi_typer,10
eburi_a,10
echoes_(artist),10
ecirtaeb,10
eco_(petticoat),10
edward_tsang,10
eel_(artist),10
egoist,10
ei_todo,10
eji_gakuki,10
ekia_tomomaya,10
ekureeru,10
el_hechicero,10
elaizy,10
elizax9x,10
eltonel,10
emiri_(kuri0904),10
emita,10
emonana,10
emonyu,10
emu_(tentai-kansoku),10
en-da,10
endori_upa,10
enjin-san_(ekon),10
enu_(oji143),10
er34skyline,10
erdan_oo,10
erian,10
erinerin99,10
eris_(straying_platoon),10
ermuzibu,10
erobouzu,10
erodan,10
erotatsu,10
es_(glasscastle),10
esse,10
ettamu,10
etude,10
evalet,10
ezu,10
facu10mag,10
fakon,10
falchion,10
fanhoax,10
faust134,10
feather_quilt,10
feille,10
fenikkusu_takahashi,10
ferrel_(rocher_71),10
fetransistor,10
fiesta_(fiesta303),10
finfia,10
fkfkfkfkrhdm,10
fleda,10
flowerzz,10
flukelack,10
fokker,10
for_the_flandre,10
foreverchaos,10
fortune,10
foxbird,10
fredek666,10
fripside,10
fubuki_(artist),10
fujiaki_subaru,10
fujimiya_kikyou,10
fujimo_nao,10
fujipo,10
fujishiro_kei,10
fujiya_mahiro,10
fukumaru_(ns1),10
fupe_(sealno108),10
fupoo,10
futaba_utane,10
futami_jun,10
futoshi_(fishhouse),10
futoshi_nuki,10
fuuchisou,10
fuurai_mamuru,10
fuutarou_(pikeish),10
fuyu,10
fuyu_(pixiv44308),10
fuyu_no_kiatsuhaichi,10
fuyuki_jun,10
g_ken,10
ga015,10
gachimatsu,10
gai,10
gakkun,10
gamachi,10
gamathx,10
gamma_ray_burst,10
ganagoa,10
ganmo,10
gaoohohaha,10
garickson,10
gatsukyo_saki,10
gattame,10
gekikara_poteto,10
gengoru,10
genii,10
gensai3110,10
gessekai,10
gesusuzume,10
gevurah-studios,10
gia_(aya),10
giep4869,10
gigaslash,10
gin-jou,10
gina_chacon,10
gisarme,10
gisu,10
gj_(minoru),10
gjred,10
go_(uzo-muzo),10
godyuurei,10
gokotan,10
goldengear870,10
gomibox2021,10
gomisuke,10
gotou_kenji,10
goumoto,10
grok,10
gu-akira,10
gu-chi,10
guaili_luanshen,10
gugab_(k_kkuba_),10
guglielmo,10
gugu_(monkey),10
gui,10
gunpom,10
gunpura,10
gunshou,10
gusari,10
gyicarus,10
gyokuro_omega,10
ha_to_mi,10
hacco,10
hachi_(orange),10
hachidori_tou,10
hachimitsu_(127032),10
haco_(artist),10
hahe,10
haikei,10
hairu_(690n),10
hakkaq,10
hakokon,10
hakui,10
hakumugi,10
hakurou,10
hakutakuanta,10
hakuyou_no_isseki,10
hamachi-kuchiba,10
hanad,10
hanaichi_(honey_honey),10
hanamutsuki,10
hanasuke,10
hanazawa_(seavolt),10
hanten,10
hara_(yakiburi),10
harachi_mei,10
harak,10
haranonaka,10
harapeko,10
hard,10
harii_(pixiv),10
hart,10
haru_(hall),10
haru_(noppopo),10
haru_mari,10
haru_no_pan_matsuri,10
haruame0204,10
haruhi0816,10
haruka_(silk_jasmine),10
harukawa,10
harumachi_(natutaka),10
harumai,10
haruno_nanakusa,10
hasemi_shiruku,10
hashidate_kana,10
hataka_nohito,10
hati,10
hauto-san,10
hawk_(artist),10
hayakawa,10
hayake_(chenran),10
hayashi_isao,10
hayashi_tetsuya,10
hayate_(higan_sakura),10
hazama_(perdition),10
hazuki_(azana),10
hazuki_megumi,10
hazuki_ryuusei,10
hazuki_tooya,10
hazy_vanity,10
hechima_(32),10
heinzlike,10
hekoheko,10
hekyu,10
heli,10
henreki_san,10
her_bst,10
hex2go,10
heze,10
hibaarborvitae,10
hibakari,10
hibi_(grangcat),10
hideyoshiao1,10
hiiragi_mashiro,10
hikami_shou,10
hikaru0716,10
hikaru49831115,10
hikora,10
hill_(artist),10
himawarino-tane,10
hime_mia,10
himmelxxx,10
himokawa_udon,10
himukai_yuji,10
hinako-saeki,10
hinakomochiut,10
hinamori,10
hinata_naomi,10
hindao,10
hinomoto_souya,10
hio_(hiomemo),10
hirary,10
hiro_(menomae),10
hironakata,10
hirotan_insitao,10
hiruma_(hirumamiyu),10
hiryoou,10
hisagi,10
hisato,10
hishiki,10
hisuri_rii,10
hitomi_aki,10
hiver_toko,10
hiyakim,10
hiyanagi,10
hiyoshi_(skick),10
hizumi,10
hkt26as,10
hmr,10
hodo_(fujitaka),10
hoge_kinoko,10
hohoemidebu,10
hoimin_(anchangdeath),10
hoippu,10
hokahoka-gohan,10
hokoro,10
homura_bi,10
hone,10
honey_brush,10
hope_yakisoba,10
horikawakyo,10
horiki_masaharu,10
hoshina_mako,10
hoshizono_yan,10
hosho,10
hosimihohosi,10
hosino_hikaru,10
hosogoe_yuuji,10
hou37707274,10
houjyoh,10
houtinti,10
howaso,10
howoji,10
hsuante,10
htangt,10
htkehey,10
huayne,10
hude-pen,10
huge_0330,10
humi_(jun-shu),10
huna,10
hushimi-nanodesu,10
husk57,10
hutoshi_akira,10
hyakkimaru,10
hyamato,10
hyougo_kikusuimaru,10
hysd,10
i.chi,10
ibushigin,10
icanfry,10
icercck,10
ichi_(ringogogo777),10
ichi_et,10
ichigo_(strawberry),10
ichii,10
ichiishi_sayuri,10
ichijo_(cyxxx123),10
ichika_5259,10
ichika_asatsuki,10
ichiromi,10
ichiru,10
ichitaro_(ybj/web),10
idoke_kaeru,10
ika_sen,10
ikamera,10
ikanomaru,10
ikatoon_tanoshii,10
ikawa_kanoya,10
ikuyanyan,10
ikyuu,10
im_vess,10
imai_kami,10
imanaka_koutarou,10
imis,10
imomusya,10
inaba-usagi,10
inaba_(akane-jika),10
ing_(artist),10
ino.,10
inpamas,10
inst,10
intrinsical,10
inu1tou,10
inu_neko,10
inukai_(g_a),10
inuki,10
inuko_(redconstellation),10
inukoro,10
iracco,10
iriomote,10
iriomote_umineko,10
iroha_mgn,10
irukawa_oruka,10
isaka,10
isayasa,10
isf,10
ishiguro_masakazu,10
ishikiyo_uyori,10
isomoto_tsuyoshi,10
isumi_sayaka,10
itigesou,10
itokatsu,10
itou_keiichirou,10
itsuki_(platinum1228),10
ituyakitori,10
iwamoto_maguro,10
iwanosuke,10
iwasumi_tatsuhiko,10
ixtian,10
izayoi_mirura,10
izk,10
izumi518,10
izumi_(hsls),10
izumi_beru,10
izura_mari,10
j-fujita,10
jack_blaze,10
jackasss,10
jackie012,10
jade_(zbbc),10
jaku_711,10
jakuroi,10
jamie_hewlett,10
jango-joe,10
jdjd0tmt,10
jean1620y,10
jeanne_virak,10
jeannette11,10
jennifer_stolzer_(jameson9101322),10
jenny7437435,10
jetstormsifuentes,10
jii_baa,10
jin_(pixiv_1398739),10
jinglus4122,10
jinnai_tsukasa,10
jinta,10
jiruta,10
jitama_(bou),10
jitan777,10
jiyuuto_(cocyco),10
jl,10
jofree,10
jogie_(artist),10
johnrokk,10
joliseed,10
jon_(artist),10
jonathan,10
jond.dm,10
jose_(tkd-yk),10
jouban_minato,10
joyz2008,10
jrss,10
jt_dong-agyoku,10
juan_romero,10
juemid_luna,10
jukai,10
julia_lichty,10
jun,10
jun_(666),10
junnkinn,10
juumonji,10
k-ko,10
k-kun,10
k.i.i,10
k.u.n.e.,10
k27d,10
k_(obm0607),10
k_(umumumu),10
ka-t,10
ka022k2,10
kaceuth,10
kaen_(k-artworks),10
kagami_takahiro,10
kagerou,10
kagetsu_suzu,10
kagura_una,10
kagurinne,10
kaili,10
kainou,10
kairan-momochi,10
kairi_(mglg),10
kairos+,10
kaiteki_(gk428425),10
kaiten_nekohige,10
kaji_aoi,10
kakao_(watagashi),10
kakidama_jiru,10
kakikukeko,10
kakoi,10
kakuka,10
kakutasu_1700,10
kale,10
kamachiri,10
kameko,10
kamikanomi,10
kamiya_suzume,10
kamiyamana,10
kams,10
kan_ppang,10
kanasaki_takaomi,10
kanata_(kanata_onion),10
kanene_nono,10
kangda-nim,10
kanikamaboko,10
kanji_(bekoji),10
kanjyu0919,10
kanna_(grapejery),10
kannovaku,10
kanro_(dear27),10
kapu_(tetete8901),10
karaage_(torikkk),10
karakuri_neko_(tkfm),10
karasuma,10
karrincorrin,10
kasagland,10
kashiwagi_nagomu,10
kasoke_no_tsubasa,10
kasu-pan,10
katarokku,10
katekari_yuusuke,10
kath_lobo,10
katie_de_sousa,10
katoma,10
katou_hiromasa,10
katou_kaiou,10
katsuko_(naruto),10
katsuo,10
katsuto,10
katsuya_terada,10
katwu,10
kawa_raya,10
kawamura_kou,10
kayasaki_sakura,10
kazahi_tsubame,10
kazamine,10
kaze_(kazesan),10
kazutano,10
kazutoshi-miike,10
kb,10
keetydraws,10
kegani,10
kei_shu,10
keinyan,10
keisuke,10
keisuke_(pixiv42454),10
keke-san,10
ken_(tanosimou),10
kenhou,10
kenji_(artist),10
kero_(pukukero),10
keta_(psychetangle),10
keyta,10
kh,10
khaki,10
khaliqa_bell,10
khester824,10
kibi_(kibi.ibik),10
kibougou,10
kichiemo,10
kick-to-rip,10
kiiroink,10
kikki,10
kiku_(kztk5528),10
kim_dong-hoon,10
kimbbq,10
kimu_(honki12040129),10
kin-iro_no_puu,10
kinakogm,10
kinayuu,10
kinggainer,10
kino_hinata,10
kino_kagura,10
kinokobakudan,10
kinomukumama,10
kinosaki_yuki,10
kinugawamiyabi,10
kinuko,10
kionaisiteru,10
kiramoti,10
kiriga_yuki,10
kirishima_juukougyou,10
kiritaku,10
kiriya_naoki,10
kironxx,10
kisa_limy,10
kisaragi_mizuka,10
kisarazu_tetsuya,10
kishiki0318,10
kisuu,10
kitajima,10
kitaka_(deeper50),10
kitasumaki,10
kitaziman,10
kito_shinohara,10
kiwamete_bureibuna_mato,10
kiyopon,10
kiyotaka,10
kiyune,10
kizuchi_(oufupuu),10
kizunanoyami,10
kk,10
kkr,10
kkupiii,10
klemme,10
km_(nijie104352),10
kmcho_902,10
ko-ki,10
ko-u,10
koala_(kaikatsu),10
kobayashi_niki,10
kochou_(totenkreuz),10
kofboy,10
kogaken,10
kogaran,10
kohaku_(ambermoe),10
kohana_(ayako),10
koibumi,10
koitsu_tera_auau,10
kojou,10
kokage_no_shita,10
kokehito,10
kokeshi_1101,10
koko_(bemaec),10
kokuha,10
kokuneko_(graycat06),10
kokyuu_(youxiangzhou),10
komakinyan,10
komakura,10
komekei,10
komito,10
komo_egg,10
konagona,10
konarofu,10
konayuki,10
konbukonnukko,10
konfuji,10
konno,10
konoe_kishi,10
konokono,10
konomoto_(knmtzzz),10
konoooc,10
konosaki_usetsu,10
konton_nabe,10
koog,10
kopaen_(komaeda_p),10
korita,10
koroneko_(ky-tora),10
koronepan,10
kosagi_midori,10
koshino_nose,10
kotamaru-mu,10
kotcate,10
koto_mutsu,10
kotoma,10
kotons,10
koume-i,10
kounaien,10
kourin_(pixiv),10
kouun,10
koyomi,10
koyomino,10
koyuki,10
koyuki_(lh),10
koziraizu,10
kreuz961,10
kris_yang,10
ksuga,10
ktsn,10
kubota_heaven,10
kucarail,10
kudara,10
kudo_kunugi,10
kuga_(rinkane),10
kuji,10
kujimaru,10
kujou_kiyo,10
kukan,10
kuma_teikoku_(artist),10
kumahubuki,10
kumakichi.,10
kumatsugawa,10
kumo02,10
kunihara,10
kuoting,10
kurage_jin,10
kurai_(artist),10
kuraiaku,10
kuraimu_(nico),10
kurano_(doughnut22),10
kurara,10
kurara_hashimoto,10
kurasamerukia,10
kurayami_joe,10
kurebi,10
kurenai_yoshiko,10
kurikinton,10
kuro-kinoko-obake,10
kuroazi,10
kurobuta_(meregear),10
kurobuta_(pachiko),10
kurogane_(scrapsteel),10
kuroguro,10
kurohachi,10
kuroi_kazuhiro,10
kuroi_ohagi,10
kurokii,10
kuromine,10
kuron,10
kuroneko0202,10
kuroneko_(kuroi-neko),10
kurono_alice,10
kurosaki_kanae,10
kurose_(cha_no_yu),10
kurosiro_neko,10
kuroteru_(just-shiny),10
kuroto0101,10
kurowasagi,10
kuroyume_(96061617),10
kurripu,10
kurukuru_(korekita),10
kusaco,10
kusakabe_chizuko,10
kusanagi_ryuuichi,10
kusanagi_shion_(elda),10
kusang0u,10
kusunoki_kotori,10
kutty-sark,10
kuuru,10
kuzuki_(ray),10
kuzutetsu_no_viper,10
kwsr,10
kyoko,10
kyouwa,10
kyunta,10
kyuuri_ryou,10
l-wing,10
laila_litta,10
lalan_fengchu,10
lamp9229,10
langewong,10
lao_yang_hua_pu,10
lapis429,10
laura_sava,10
leafy_(kitsuneya),10
lee27,10
left,10
legendpoon,10
leghorn,10
lethe_wakako,10
lezt,10
lia_oh,10
lifemeat,10
lim-r,10
linghetuen,10
lion_(enkifield),10
lirico,10
lirura,10
little_nine,10
littlemute,10
liu_shuang_fei,10
ll.ee.,10
loc6,10
lokijuhyd,10
looofa,10
lotpe,10
lotusmartus,10
louistrations,10
lr.,10
lucia_(artist),10
luckyfive,10
lumlum_0_1,10
m-minato,10
m-samuel,10
m_(tokui1213),10
m_0506,10
m_yin,10
mabong1989,10
machiyo,10
madangel,10
madare-rin,10
madiblitz,10
madocca,10
magehikari,10
maguro_(p-erc),10
magushi,10
mahiruno,10
mai_(ma1920),10
makaroni,10
maki666,10
maki_takao,10
makino_sora,10
makinon_tm,10
makiri_akira,10
makita_moyushi,10
mako_(ikuji-san),10
makot,10
makoto_774,10
makusu,10
mame_siva,10
mamedenkyuu_(kana),10
mammona,10
manda_(artist),10
mandara3a,10
mano_(shampoohatter),10
mantos_no.7,10
mao_wan,10
mao_yuzi,10
maokyu,10
mappy_(manhole_opener),10
marichi,10
mark_brooks,10
mark_henry_bustamante,10
maru-chan_niko,10
maru_(artist),10
maruki,10
marunos,10
masa0321,10
masagomi,10
masashi_izumi,10
masayan_(minor-ms),10
mascot_(4chan),10
mashimi,10
master-kouhei,10
matataki,10
matchazi,10
mato_(illustrator),10
matsubara_tatsu,10
matsumoto_achi,10
matsuoka_(ajagaga),10
matsuri_(powq),10
matsuzawa_hajime,10
matsuzono,10
maya_(artist),10
maya_(many_pictures),10
maya_kaoruko,10
mayuma_yumeko,10
mayuzuki_jun,10
mb999,10
mebin,10
meggut_2521,10
megumuxxx,10
mei_(artist),10
meido_yomi,10
meineko,10
meiya1230,10
melkcoffee,10
melody,10
melsocoon,10
melsy,10
meme_(artist),10
menokurage,10
menome,10
meri-h-shino,10
meroo_(zest),10
metalbrush,10
mibu_hajime,10
micho_n,10
mick,10
mico_(paleshelter),10
midorigawa,10
midou_tsukasa,10
midoya_(icecandy),10
miduna,10
miharu_(ttt),10
mihirahira,10
miisa,10
mijinkotail029,10
mikael_wang,10
mikagami_jun,10
mike_vd,10
mikihisa415,10
mikuriya_wata,10
mil_(siratamamil),10
mild_kal,10
milk1110,10
mimosa211,10
mimura_aki,10
min_(westsign2170),10
minakaya,10
minamimori_machi,10
minari,10
minase_masaru,10
minatsu_(popsta),10
mincelot,10
ming07312438,10
minma,10
minmin_nemui,10
minoru_(pulse20),10
mion_orz,10
miro_(seiya1005),10
misaka76,10
miso_dengaku_(donadonaton),10
misumi_(msm952),10
mitamano,10
mitarashi,10
mitiruni,10
mitsu_(komainumilk),10
mitsu_(mitu_328),10
mitsu_(mitu_ll),10
mitsubamushi_coreless,10
mitsui_tomosumi,10
mitsukimi,10
mitsuwo,10
mituna_(mituna2525),10
miu_(umaru_katia_no_hito),10
miya0309,10
miya8111,10
miyadevil,10
miyai_nekomaru,10
miyakami,10
miyamoto_rizu,10
miyano_(homura-mk),10
mizoreya,10
mizuki_(hmndk),10
mizuki_(lv43),10
mizuki_matsuri,10
mizushima_(barairo),10
mk_kiu,10
mm_(miryii),10
mmcxcircus,10
mnjs,10
mo-no,10
mo003112,10
moca,10
mochi_(pixiv),10
mochi_(shipir),10
mochi_sakura,10
mochico_bb,10
mochidan,10
mochikko_(cocoa0101),10
mochio_(gootarara),10
mochizuki_akari,10
mochizuki_nana,10
moe_m,10
mogawa,10
mogi_yasunobu,10
mogmogura,10
mojimojiable,10
moke,10
mokkouyou_bond,10
mokokosan,10
mokuzou,10
momen_(6p6),10
momijioroshi,10
momo_at_ten,10
momochi_(orrizonte),10
momoto,10
momozi_(mkingnight),10
monaca,10
mongcocoa,10
monmonga,10
monoiri_b,10
moodycat,10
moondrop,10
mootan,10
mora_ll,10
moralgear,10
morano041001,10
mori_keiji,10
morihama_karute,10
morimement,10
morino_hukurou,10
morino_mao,10
morosuke,10
mosan,10
moshio962,10
motachin,10
mouru,10
mowahu,10
moxhum,10
moyakami,10
moyoriaki,10
mr._yvk,10
mr0308,10
mr123goku123,10
mr_tangsuyuk,10
msin,10
mubi_alice,10
mugimaro35,10
mugishirako,10
muguru,10
muite,10
muku0615,10
mum_(pixiv1182764),10
mun,10
mura_chidori,10
murasaki_orange,10
muraya,10
musasabing,10
musekininero,10
mushiro_(nijie728995),10
musimaro,10
mutou_shino,10
mutsuki_(mutumutu),10
mutsuki_hiiro,10
muya_(77muya),10
my_(mylilla811),10
my_09,10
mya_(mmyaaym),10
myau,10
myco,10
mycomputer,10
mystery,10
myun_(moukin_no_ana),10
myuratch,10
myuukichi,10
n_23,10
na_(801039),10
nabu,10
nabunabu,10
nac_tf,10
naga_(naga54321),10
nagyi,10
naitou_satoshi,10
nakaharaka,10
nakakore,10
nakatanbo,10
nakayoko,10
nakazono310,10
nakii,10
nakuko_(hinonononono),10
nama_(f14a),10
nama_gusa,10
namako_nowata,10
namamizu000,10
name_john,10
nameless_neet,10
namu,10
nana27,10
nanagami_ginji,10
nanairo_fuusen,10
nanakamado1,10
nanamatsu_kenji,10
nanasato,10
nanatoki,10
nanaya_(shohei77),10
nangokushirokuma,10
nanoka_rio,10
nantiao_diudiu,10
nao_(moji),10
nao_ri,10
naoki_noritaka,10
naokichi,10
naono,10
naoyuki,10
nappa_(mukudoku6996),10
narumero,10
narumi_(artist),10
narutocuhh,10
nashiko_(tinyrelation),10
nasu800,10
nasutaka,10
natalliel,10
natane_tsuyu,10
natsu_no_ocha,10
natsuichi-sama,10
natsuko_(summer_525528),10
natsuru08,10
nayalette,10
nechio,10
neginuta,10
negiusagi,10
negoro_shuujirou,10
negoto,10
neko_tofu,10
nekoha,10
nekokichi,10
nekoko_(himekasama),10
nekoko_(mono96),10
nekomushi,10
nekonyan_(nekoworld),10
nekopan_mashiro,10
nekozawa,10
nekumun,10
nekuraneko,10
nell_p,10
nene_(narcisse),10
neo_kabocha,10
neprbq,10
nerigomu,10
newtop,10
nezuki,10
ni_no_se,10
niangsansansan,10
nicci,10
night_(pixiv),10
nigtouab,10
nihonbashi_yowoko,10
niimaru,10
niji2468,10
nijuumaru,10
nikerabi,10
niko,10
nikutarou,10
nine,10
nirin,10
nirohi,10
nise_(navy),10
nisemon,10
nisemono,10
nishi_kita,10
nishiki_(soroneko),10
nishinishi_(nagareboshi),10
nishioka_shinobu,10
nishisaki,10
nishiya_yasushi,10
nisikiryouma,10
nissanote,10
nivel,10
niwatori,10
nj42u6,10
nkmr,10
nnbn,10
nnickykunn,10
nnn,10
no.6490,10
nobu10,10
nobuyo_(syosyosyon),10
noica,10
nokaku,10
nom,10
nomi_mochigome,10
nomikata,10
nomiko_524,10
nomuo,10
nona-pe,10
nononono,10
norakuro_nero,10
noriheita,10
norihiro_(tsu-mukimuki),10
norio_(459factory),10
norita_(noritttta),10
noro,10
noroshi,10
noshio,10
nossan_(mr._riding),10
notya,10
nou_(suparna),10
nox_(pepperoni),10
null_no,10
numa0228,10
nunvora,10
nuts_takahashi,10
nyan_co3,10
nyaroro,10
nyo,10
nyoroge,10
ocha,10
ochakan,10
ochi,10
ocohc,10
odoru,10
oe-eo,10
og,10
oga_(o-g-a),10
ogawa_akane,10
ogawa_shizuka,10
ogura_anko,10
ogura_sakiru,10
oh_1234,10
ohayohayo,10
ohina,10
ojigi,10
okada_(okada_zari),10
okarie,10
okayu,10
okha,10
okino_ryuuto,10
okiron,10
okitanation,10
okmr,10
oknmt,10
okome_oisii,10
okotanukunuku,10
okusuri_nometane,10
old_walker_(artist),10
ole1942,10
olsa_(oftintys),10
ominome,10
omu_(omu929),10
oniiiiku,10
onirizu,10
only_haruka,10
ono,10
onoda_masahito,10
onumi,10
oohigashi_yurie,10
ookanehira,10
oonyuudou,10
oosugi_michiko,10
ooyama_(o-yama),10
opocom,10
oppao,10
orenji_iro,10
orion,10
orion-m,10
oryuu_aya,10
os_(ososos),10
osafune_kairi,10
osamu_(pixiv12554),10
oseenkoris,10
oshare_kyoushitsu,10
oswald_musashi,10
otakumi,10
otama,10
otarou_(otamax),10
otogi_yuugi,10
otoharu,10
ototoi,10
otzer,10
ouma_toki-ichi,10
ounen,10
outlawlaw,10
owota,10
oyadi,10
oystermiao,10
p!_(flaschenstrahlinge),10
pablo_dobarro,10
paguningen,10
paigeling,10
pamafff,10
pani_(aperitif),10
panta_(entanim),10
pappappao,10
paranopoda,10
pastelbelly,10
pasukumeru,10
pau,10
pee_(pixiv4293),10
peepa,10
peka_(kokoropika),10
peke_(pixiv1607147),10
penator,10
penny_is_unko,10
penponmoe,10
pia_(piapb),10
picoheads,10
picohebi,10
pikopikopiko,10
pikoring,10
pinnappleorange,10
pirumjuice,10
pitui1996,10
pixiv_id_17106334,10
pixiv_id_181399,10
piyopiyo_(kagotori),10
piyopiyomen,10
planeta_tsuji,10
pn2_maru,10
pocchin,10
polaris100705,10
polyaaaa,10
ponkotu-px,10
pop721119,10
portcat_(deronenene),10
poruneko,10
poshino_pikari,10
potsunen,10
poyan_noken,10
ppsp0305,10
prema_jatukanyaprateep,10
prophet5,10
puchikya,10
puff,10
punya,10
puring_0207,10
q_kikuchi,10
qaq,10
qianshan,10
qianying,10
qp_db,10
qq3099wind,10
qqwew00123,10
r-wade,10
r_birdy,10
ra_n,10
rabbyxxx,10
radge,10
ragyuo,10
rai_mugi,10
raikoh,10
raikou_(artist),10
rained,10
rainx0z,10
raisuta,10
raka,10
raku_(rairaku345),10
rakucat,10
rakugaki_(pixiv),10
rakutori,10
rama,10
ramgu,10
ramototu,10
ran_s200,10
rancherranta,10
ranirani,10
raptor_(artist),10
rasein,10
raxa9501,10
ray090611,10
rayca01,10
razico,10
rebelizm,10
rebi,10
redbear07,10
redby623,10
redpencil,10
redplus,10
redpostit,10
regigigass,10
rei_crux,10
reito,10
reko_(torinegi),10
remon_(t_drop),10
ren_lowol,10
renatech,10
renzu,10
resupuburika,10
reze,10
rf400rv,10
ri,10
ria_(akl14),10
rian_(usamin228),10
riato_(riato1985),10
ribehachi,10
rico_(remilia),10
riino_(konamonndaisuki),10
riisu_(aquamilk),10
riko233,10
riko_(rikooh),10
riku-69,10
rim74,10
rin_(cuddlecore),10
rin_kaki,10
rinako_(rococo),10
rindon_(pixiv338875),10
rinereeto,10
ringo_apple,10
ringo_ringogoo,10
rinji,10
rinko_(41r),10
rinnsei53,10
rino-ichigo,10
rintarou,10
rio_(mintboo),10
rionsan,10
ripu,10
rirumu,10
rishu_(stilla_stella),10
risu_kurosaki,10
risumai,10
ritalem,10
rivelta,10
ro53,10
rodeorodeo,10
rofta_55,10
rokamo,10
rokumu_hitomu,10
rol_00,10
romamu,10
romumu,10
ronti,10
roresu,10
roro_(qualitynine),10
rosuroid,10
rothe,10
rottenskull_rs,10
rouge16,10
roxq,10
rsoujou,10
ru-ne,10
ru-ru-tia,10
rubbish_selecting_squad,10
rubianeko,10
rui_(hershe),10
ruina,10
ruirui69,10
rumple_(artist),10
runathito,10
runliya,10
ruq237,10
ruriko_(yaoihyper),10
rurukomameme,10
rururu,10
ruu,10
ryou_eno,10
ryouma_(888),10
ryoumoto_hatsumi,10
ryoutya,10
ryu-ka,10
ryuc4883,10
ryuryo,10
ryuu_(pikagomi),10
ryuushiro,10
s-no,10
s.n.x,10
s@s,10
s_ibane2,10
s_kite,10
saburoo,10
sachi_(pixiv),10
sada_a,10
sada_akane,10
sagami_inumaru,10
sail_mio,10
sailorclef,10
sakai_kasumi,10
saki_(pixiv303252),10
saki_oka,10
sakinoji,10
sakota,10
sakurai,10
sakurai_toma,10
sakuramoti0511,10
sakurashio_(coolmoon),10
sakuyamelody,10
salyut,10
samanda,10
sametamisosiru,10
samimitan,10
sammi_hisame,10
samtx,10
samuhara,10
samuraiguchi,10
sang_youmu,10
sangurose,10
sanku,10
sardonyx,10
sasa_(sasarasido),10
sasaae_(artist),10
sasajqazwsx,10
sasara_housara,10
sasasaki,10
sasasasasa,10
sasatsuyu,10
sato_(options),10
satoharu,10
satomo,10
satou_shouyu,10
savatario,10
sawa-piyo,10
sawawa,10
saya_(artist),10
sayaka_(artist),10
sayaka_katou,10
saz,10
sbc,10
scarlet_sky,10
scarlethy,10
sccm,10
scenik8,10
scottmohechi,10
scrb,10
sd_dja,10
segawa_hajime,10
seguchi_takahiro,10
seiji1209,10
sein_(tgf19911119),10
seirei_(mimi_toka),10
seiyu_jelly,10
sekiji_miko,10
select_(dragon62),10
semokan,10
sen_(alshy379),10
senda_satoru,10
senmitu3/1000,10
sennoyume,10
senri_(ho_ru03_15),10
sentaku_(flashmechanism),10
senzure,10
seputok0904,10
serakoutarou,10
seraph_(sera_phiel),10
serika_sakamoto,10
serlex,10
seseasl,10
setispaghetti,10
seymour_(sai_lu_er),10
sgz,10
sha_(euiorn),10
shadlow,10
shake_(sakana),10
sham00,10
sharpie-nosharepie,10
shawa,10
sheepfold,10
shichiku,10
shidena,10
shigeruoomi,10
shigetoshisss,10
shigushiro,10
shiikeru,10
shima_(h8222-9902m),10
shima_s,10
shimizu,10
shimohigashi_kanna,10
shimon_mosado,10
shina,10
shinashi_(elside),10
shingetsu_mk,10
shinigami_(pixiv4727902),10
shinki_(user_srrn2727),10
shino_(blackalice),10
shino_masanori,10
shinonome_ryuu,10
shinso_(yoshitsuna),10
shinyashiki,10
shio_(babbi13),10
shio_(cl2ga),10
shioaji,10
shion_(pixiv),10
shion_(tafu),10
shiopy,10
shippo_danshaku,10
shiraishi_asuka,10
shirasaki_(19295604),10
shiratama0426,10
shirayuki_usami,10
shiroinu,10
shironekojr,10
shishiko_(dlion0000),10
shisui_suzuka,10
shitappa_13-gou,10
shitara_(kaimetsu_joutai),10
shito_(ash_shito),10
shiva_(johan-s),10
shiwasuda,10
shiworiita,10
shiyoko_(syokorate),10
shiyunoa,10
shizufa,10
sho-chan,10
shokaki,10
shonyou,10
shoutarou,10
show_(artist),10
shuang9705,10
shuffler,10
shye,10
si,10
sickly_prince,10
silver_vine,10
simon_(artist),10
sio_(rough),10
siosiok_02,10
siwi,10
sknana,10
skyness,10
skyraft,10
slp,10
sm,10
sn,10
sn2562,10
snyp,10
sobyoukyou,10
soemy_yuka,10
soffsoff,10
soidesu_(pixiv),10
solsticerose,10
sombernight,10
sone_(sazikiri0302),10
sonikkusupin,10
sonnyaws,10
sonoruru3131,10
sopra,10
sora-amaori,10
sora_(garakuta_waltz),10
sorachi_satoko,10
soramimi_(sea7sky7),10
soranosuke,10
soso_(sosoming),10
sossoism,10
soudou,10
soukaikei_non,10
soumatou_(mayoibashi),10
soysauce_(pixiv47673),10
spike_(fluffyspiky),10
spot_(artist),10
squid_(pixiv_27814354),10
ssalbaram,10
stachz,10
star_samurai,10
starcat,10
stdl,10
steamed_egg,10
steel_joe,10
subako,10
suesan,10
sugar_(sugar17),10
suginodai,10
sui-sakura,10
sui_(gyujji),10
suirerien,10
suisetsu_mizuna,10
sukimax,10
sumemako,10
sumi_(private-road),10
sumire_l.a.,10
suna_(sngm025),10
suna_(transports),10
sunny_(mnbvjkuy),10
supandaman,10
suta102,10
suteinu_(stain),10
sutenuko,10
suto_(iamsuto),10
suzu007,10
suzu_danna,10
suzuayatenn,10
suzuki_kyoutarou,10
suzuki_nigou,10
suzuki_yuuhane,10
suzumaru_(abyss_iris),10
suzuneko_(artist),10
suzuya_(appon65122),10
syam_i,10
syatimaru36,10
syensyenbui,10
sylvia,10
syncaidia,10
syuutu,10
ta_(gar),10
ta_ki,10
tabi_(artist),10
tabomi,10
tachibana-san,10
tachibana_(artist),10
tachibana_nijou,10
tachibana_satsuki_(artist),10
tacoco,10
tadashi-kun,10
taepro,10
tajima_naoto,10
tak,10
takaaaa,10
takahashi_riku,10
takahashi_rodemu,10
takaichi_(as121),10
takana_x123,10
takano_akihisa,10
takano_kei,10
takashina_yuka,10
takasugi_yasu,10
takasuna_akira,10
takaya_lee,10
take23,10
takemura_makoto_(hakushikei),10
taketake09190920,10
takeya23,10
takeyoshi_(albizia),10
takiteru,10
talk,10
tamagoro,10
tamaki_iori,10
tamakko,10
tamiko_(paseri),10
tamu_shigeki,10
tana_(garyuh-chitai),10
tanaka_(pixiv),10
tanba_anko,10
tanbonota,10
tanikawa,10
tantan021,10
tapimakura,10
tarao,10
taruto_(taruto827),10
tasaki_satoshi,10
taskohna,10
tasukuoona,10
tat_rous,10
tataru,10
tato_t06,10
tatoon,10
tatukiyuu,10
tawashi_(tawashisan),10
tea.x,10
tear_tear0320,10
teario,10
tegaki_(panyorikome),10
temo,10
tenka,10
tenperu_tapio,10
tenten_(artist),10
terawamu,10
teriyaki2,10
tetora(kari),10
tetsu_(fatqueen),10
tetsukuzu_(yajirushi_shita),10
tetsuo_(tetuo1129),10
tetsuro_ito,10
tetto,10
thanatos-ta,10
the_x_(jene),10
thec,10
thecooleralexico,10
theuncannyken,10
thorupanda,10
tie_baihe,10
timeo,10
tin_lamp,10
tinu_futami,10
tisha_(kimagurenukosan),10
toai,10
toashi_(a1358449),10
tobihira,10
tog,10
togima,10
tohochang,10
toki_(toki-master),10
tokikyo,10
tokimoon,10
tokiruki_akiru,10
tokiwa_(mukoku),10
tokiyanagi,10
tokka,10
toko_yoshi,10
tokoro_(1969),10
tokusatsushima,10
tom@tog,10
tomekami,10
tometo_pot,10
tominaga,10
tommy_(microstoria),10
tomneko_(superhornet),10
tomo10,10
tomo_(pixiv),10
tomo_(tomobeya),10
tomonotomono,10
tomoyan_(nyakkoya),10
tomtomtoy,10
tomygrave,10
tonton_(hamuni123),10
tooyamada,10
tori-kei,10
torminal,10
tory-chen,10
totoka,10
totora,10
tou,10
toubi,10
toufu_yarou,10
touka_(orange_october),10
touyakakasi,10
towa_(10_wa),10
towakarasu,10
towashibuki,10
towelnyan,10
toyo,10
toyomaru,10
tr0yka,10
traineralli,10
traloidbas,10
traplus,10
trbrchdm,10
trend_kill,10
triuni,10
trough_shell,10
troyd,10
tsubame_fuji,10
tsuga_kyousuke,10
tsuki_(xxsn3288),10
tsukimi_(pixiv),10
tsukioka_shien,10
tsukiyo-b,10
tsukune_imoko,10
tsukuru_(seki_sabato),10
tsumumamire,10
tsunoda_magu,10
tsurugi_1953,10
tsutomu_(pixiv321187),10
tsutsumi_(trmacd),10
tsuyuki_(oudan_chitsujo_xxx),10
tsuzuki_(matchbox),10
tubomizaki,10
tung,10
txoxsxhxi,10
tyanbaku,10
type6,10
u.sa,10
u_iii,10
u_lon,10
u_zuki_noko,10
ube,10
uchiyama_(uuchiyamaa),10
udajo,10
uehara_(ueharahaue),10
ueno,10
ueshiba_riichi,10
ugchoco,10
uguisu_(ryu),10
uhyoko,10
uirou,10
ujou_kazuki,10
ukihashi_kei,10
uma_(i-boh),10
uma_(umagaobanana),10
ume_itoguchi_retto,10
umeboshi_jin,10
umeda_yoshio,10
umeko_(0516),10
umemaro,10
umi111,10
umi_kemushi,10
unfortunate_hero,10
unidama_(ukidama),10
uningarrow,10
uninhabitedisland429,10
uniuni,10
untan_(nanathy),10
uooper,10
uran,10
urashima_kyousuke,10
urban_knight,10
uroko,10
uruchi_kome,10
urusai-baka,10
uryu,10
usagi_me,10
usagiya-shiina,10
usamax,10
usurai,10
utahiro_(shima),10
utsugame,10
uutan,10
uwan_(akanome),10
uya,10
uzura_no_tamago,10
vats9_9,10
ventunesimo,10
venuscho,10
venuspunk,10
verdun_(berudan),10
viscogone,10
wa,10
wacolor,10
wad,10
wagaeshi,10
waiaaaaaaa,10
waka_(sagi),10
wakato_sakurai,10
wal---dg7sdr-0128,10
wan-taka,10
wan89,10
wangdajiu1,10
wannyaa,10
wantake,10
warldou,10
wasshoiziboziki,10
watariri_rafu,10
watase,10
wea,10
weed_(astarone),10
weifugu,10
wendy_(artist),10
white_moon,10
whiteawing,10
wiiw,10
winora,10
winterseoya,10
with++,10
wokashiya,10
wolfsea,10
woodrice,10
wt,10
wusie2,10
wuyin,10
wwwwondefulwater,10
x_hako,10
xe_(execut3r),10
xeqj,10
xiaobang,10
xiaohen236,10
xiaozhan,10
xilin,10
xision_wu,10
xx_of_the_dead,10
xx_soul,10
xxcrisp,10
xxkrm,10
xxxka66,10
xyz_(kamikazejap),10
y_k14,10
ya,10
ya-ya,10
yabu1306,10
yadori_(frousol),10
yagisu,10
yakiimotoodorita14,10
yamabuki_kanon,10
yamada_(sharekoube),10
yamaiwa_shuuhai,10
yamamoto_canponi,10
yamanashi_mashiro,10
yamashita_kurowo,10
yamashita_toshinari,10
yamatakabou,10
yamauri,10
yami_shigeru,10
yamio,10
yamkom,10
yamo_(rephact),10
yan_fei_toketsu,10
yanagi_takashi,10
yanagisawa_masahide,10
yanase_aki,10
yancon,10
yange,10
yanomasashi,10
yao_yasan,10
yappe,10
yas_(bejes),10
yassy_(yasikoz2008),10
yasuda_shouko,10
yasuki_(yaski),10
yasumi_(user_spny5748),10
yasutomo,10
yatsuashi_matomo,10
yatufusa1,10
yau5531,10
yaua,10
yawakon,10
yayayoruyoru,10
yazuishou_ray,10
ydkw,10
yel,10
yen_(ibukinari),10
yeonie,10
yi_huizi,10
yin2000,10
yixinhe,10
yk-kz,10
ym_(snovee),10
ynoki,10
yocchan_rengou,10
yodori-san,10
yoichi,10
yoisy,10
yomomirin,10
yomugi,10
yoneda_mitsuyoshi,10
yonyon_(wedding83),10
yoo_(1009980455),10
yoriko_(shiyo),10
yoru_ha,10
yoshijima_ataru,10
yoshimi_(yasinatongren),10
yoshimo_(yoshimo1516),10
yoshimura_kentaro,10
yoshino35,10
yoshino_keiko,10
yoshiyasu98,10
yosiaki,10
yosui,10
you_(akagi-1945),10
you_xi_feng,10
youei_maiko,10
youken,10
youki,10
youshi,10
youzixiaoming,10
yowamidori,10
yoyo_(frost_xxs),10
yrsknish,10
yu_(kongxiang),10
yu_(y-z),10
yu_no123,10
yuasa_shion,10
yucca,10
yue_(lililala),10
yue_(pixiv),10
yue_shu_ya,10
yuejue812,10
yufukiri,10
yui_(marine-drive),10
yui_(ntm-21),10
yui_u86,10
yuib3_(yuibitch),10
yuina0099,10
yukaio,10
yukari_(y_u_k_ari),10
yuki_(snowybugloss),10
yuki_tsuki_(rinlen),10
yukiaoi,10
yukichi_(yu-ame),10
yukihanaok,10
yukikaseni,10
yukimaru_setsugekka,10
yukinon_(tsuki_koubou),10
yukishiro365,10
yukke_(pixiv171919),10
yumekaki787,10
yumekoi_(cc123159),10
yumemiya12,10
yumeneko_(likequana),10
yumeno_naka,10
yumigon,10
yuna_(artist),10
yuniko,10
yuno_(1215991),10
yuraui,10
yurihi_koi,10
yusoson,10
yutokamizu,10
yuu2,10
yuu_(mol),10
yuudai_(oromizu),10
yuugyou_you,10
yuuki_(kanranseki),10
yuuki_hide,10
yuukichi_(yu_kiti27),10
yuushin,10
yuxia_(please6),10
yuyu_fate,10
yuzi_0116,10
yuzibushijiang,10
yuzu_(yuzu_nooto),10
yuzu_tanuki,10
yuzumikoto,10
yuzupon_(applemilk),10
yuzuru_saeki,10
z_(3753428),10
zabzarock,10
zak_(system-a99),10
zakouji_shousa,10
zakuron,10
zanatemx,10
zatsuni,10
zeke_69,10
zen_and_retro,10
zero_jager,10
zerobarto,10
zeta,10
zfmen,10
zhengzheng,10
zhi_yu_(siro800102),10
zkakq,10
zo_ku_naga,10
zonbaio,10
zxc00016,10
